strata_var,strata_level,cycle_yrs,n_yrs.,survweight.,model_covars,exposure,outcome,n_total_raw,n_total_weighted,model_df,model_type,exp_level,beta,se,pval,low95CI,up95CI,fstat,f_pval,n_exp_raw,n_exp_weighted
None,none,1999-2020,21.2,WTMEC.COMBN,age+gender,educ_level,bmi,58079,221307363.257301,163,gaussian (identity),College graduate or above (Intercept),26.3963819334927,0.168395664157722,2.075516833851e-174,26.0663264317435,26.7264374352418,60.9728914325765,5.35240483223697e-31,11829,60366273.0216165
None,none,1999-2020,21.2,WTMEC.COMBN,age+gender,educ_level,bmi,58079,221307363.257301,163,gaussian (identity),Some college or AA degree,1.60846263958663,0.116168157885843,5.31541397080414e-29,1.38077305013038,1.83615222904288,60.9728914325765,5.35240483223697e-31,16411,67808991.2042524
None,none,1999-2020,21.2,WTMEC.COMBN,age+gender,educ_level,bmi,58079,221307363.257301,163,gaussian (identity),HS graduate or GED,1.45259166406874,0.110637080513338,4.79060367038649e-27,1.2357429862626,1.66944034187488,60.9728914325765,5.35240483223697e-31,13872,54365078.1112247
None,none,1999-2020,21.2,WTMEC.COMBN,age+gender,educ_level,bmi,58079,221307363.257301,163,gaussian (identity),9-11th grade,1.19940739158217,0.13289974393204,6.08175842000499e-16,0.938923893475367,1.45989088968897,60.9728914325765,5.35240483223697e-31,9435,26027663.3639206
None,none,1999-2020,21.2,WTMEC.COMBN,age+gender,educ_level,bmi,58079,221307363.257301,163,gaussian (identity),Less than 9th grade,0.770194816605029,0.146069888834438,4.38485859884498e-07,0.483897834489531,1.05649179872053,60.9728914325765,5.35240483223697e-31,6532,12739357.5562864
None,none,1999-2020,21.2,WTMEC.COMBN,age+gender,educ_level,waist,55976,214368080.78904,163,gaussian (identity),College graduate or above (Intercept),83.0006052373904,0.414221136495535,4.55949531979135e-191,82.1887318098592,83.8124786649217,59.7975406142784,1.34109938520574e-30,11470,58815185.1124752
None,none,1999-2020,21.2,WTMEC.COMBN,age+gender,educ_level,waist,55976,214368080.78904,163,gaussian (identity),Some college or AA degree,3.68791430128572,0.283349181021813,9.81251222546913e-27,3.13254990648296,4.24327869608847,59.7975406142784,1.34109938520574e-30,15859,65856704.4037599
None,none,1999-2020,21.2,WTMEC.COMBN,age+gender,educ_level,waist,55976,214368080.78904,163,gaussian (identity),HS graduate or GED,3.3355810985182,0.281397817087582,1.48476063206781e-23,2.78404137702654,3.88712082000987,59.7975406142784,1.34109938520574e-30,13379,52597880.7350686
None,none,1999-2020,21.2,WTMEC.COMBN,age+gender,educ_level,waist,55976,214368080.78904,163,gaussian (identity),9-11th grade,2.58155341486797,0.31092755465081,4.41951386168915e-14,1.97213540775239,3.19097142198356,59.7975406142784,1.34109938520574e-30,9078,25057737.3284399
None,none,1999-2020,21.2,WTMEC.COMBN,age+gender,educ_level,waist,55976,214368080.78904,163,gaussian (identity),Less than 9th grade,0.969550297138649,0.348336678277459,0.0060406698787177,0.286810407714829,1.65229018656247,59.7975406142784,1.34109938520574e-30,6190,12040573.209296
None,none,2017-2020,3.2,WTMEC.COMBN,age+gender,educ_level,whr,8027,229369982.607007,25,gaussian (identity),College graduate or above (Intercept),0.801614014806839,0.00470632466947837,1.01871621099531e-31,0.792389618454662,0.810838411159017,30.0261945771968,5.62745014729203e-08,1990,72934828.930217
None,none,2017-2020,3.2,WTMEC.COMBN,age+gender,educ_level,whr,8027,229369982.607007,25,gaussian (identity),Some college or AA degree,0.0173826733334073,0.00257876258694729,1.9310448128462e-06,0.0123282986629906,0.0224370480038239,30.0261945771968,5.62745014729203e-08,2619,69952679.804268
None,none,2017-2020,3.2,WTMEC.COMBN,age+gender,educ_level,whr,8027,229369982.607007,25,gaussian (identity),HS graduate or GED,0.0242813736443251,0.00279998587384312,4.95704052162564e-08,0.0187934013315926,0.0297693459570576,30.0261945771968,5.62745014729203e-08,1956,62264474.436523
None,none,2017-2020,3.2,WTMEC.COMBN,age+gender,educ_level,whr,8027,229369982.607007,25,gaussian (identity),9-11th grade,0.0261855547841334,0.00362409458112107,7.34884112672315e-07,0.0190823294051361,0.0332887801631307,30.0261945771968,5.62745014729203e-08,877,16272260.57451
None,none,2017-2020,3.2,WTMEC.COMBN,age+gender,educ_level,whr,8027,229369982.607007,25,gaussian (identity),Less than 9th grade,0.0290339607431069,0.00361949467192582,1.61027013970232e-07,0.0219397511861323,0.0361281703000815,30.0261945771968,5.62745014729203e-08,585,7945738.861489
None,none,1999-2020,21.2,WTMEC.COMBN,age+gender,educ_level,wt,58288,221883822.712599,163,gaussian (identity),College graduate or above (Intercept),73.3440449444251,0.509272184013538,1.13451078211769e-168,72.3458714637586,74.3422184250917,129.197898201648,1.33560329639512e-48,11854,60456005.8985049
None,none,1999-2020,21.2,WTMEC.COMBN,age+gender,educ_level,wt,58288,221883822.712599,163,gaussian (identity),Some college or AA degree,3.53547643885079,0.356402916700683,2.61144063872574e-18,2.83692672211745,4.23402615558413,129.197898201648,1.33560329639512e-48,16457,67941518.0505518
None,none,1999-2020,21.2,WTMEC.COMBN,age+gender,educ_level,wt,58288,221883822.712599,163,gaussian (identity),HS graduate or GED,1.98351323896252,0.346099449675183,4.96430228890711e-08,1.30515831759916,2.66186816032588,129.197898201648,1.33560329639512e-48,13917,54493454.63709
None,none,1999-2020,21.2,WTMEC.COMBN,age+gender,educ_level,wt,58288,221883822.712599,163,gaussian (identity),9-11th grade,0.0925654248341459,0.390108935397117,0.812748172368497,-0.672048088544204,0.857178938212496,129.197898201648,1.33560329639512e-48,9474,26129463.8539084
None,none,1999-2020,21.2,WTMEC.COMBN,age+gender,educ_level,wt,58288,221883822.712599,163,gaussian (identity),Less than 9th grade,-4.99179707915817,0.415676145945573,5.58308011456842e-24,-5.80652232521149,-4.17707183310484,129.197898201648,1.33560329639512e-48,6586,12863380.2725439
None,none,1999-2020,21.2,WTMEC.COMBN,age+gender,educ_level,sbp_mean,55994,213882154.527911,163,gaussian (identity),College graduate or above (Intercept),95.9805005540855,0.336217359158451,3.91603200727592e-215,95.3215145301349,96.639486578036,113.345381323,3.03062035260323e-45,11407,58365608.2592621
None,none,1999-2020,21.2,WTMEC.COMBN,age+gender,educ_level,sbp_mean,55994,213882154.527911,163,gaussian (identity),Some college or AA degree,3.22326200807436,0.219537035272695,2.87755923663624e-31,2.79296941893988,3.65355459720884,113.345381323,3.03062035260323e-45,15834,65678198.6137875
None,none,1999-2020,21.2,WTMEC.COMBN,age+gender,educ_level,sbp_mean,55994,213882154.527911,163,gaussian (identity),HS graduate or GED,4.07706933212484,0.254136311761385,6.57608922689919e-35,3.57896216107253,4.57517650317716,113.345381323,3.03062035260323e-45,13391,52566787.0669688
None,none,1999-2020,21.2,WTMEC.COMBN,age+gender,educ_level,sbp_mean,55994,213882154.527911,163,gaussian (identity),9-11th grade,5.24188661885316,0.305144518195859,6.87015414417717e-38,4.64380336318927,5.83996987451704,113.345381323,3.03062035260323e-45,9105,25156932.7907703
None,none,1999-2020,21.2,WTMEC.COMBN,age+gender,educ_level,sbp_mean,55994,213882154.527911,163,gaussian (identity),Less than 9th grade,5.29378183408859,0.341453582314845,1.78874642697103e-33,4.62453281275149,5.96303085542569,113.345381323,3.03062035260323e-45,6257,12114627.7971219
None,none,1999-2020,21.2,WTMEC.COMBN,age+gender,educ_level,dbp_mean,55994,213882154.527911,163,gaussian (identity),College graduate or above (Intercept),69.2002397880952,0.275549870518432,2.0499016150546e-206,68.6601620418791,69.7403175343113,36.6360702166829,1.29902908482066e-21,11407,58365608.2592621
None,none,1999-2020,21.2,WTMEC.COMBN,age+gender,educ_level,dbp_mean,55994,213882154.527911,163,gaussian (identity),Some college or AA degree,0.0753758921259463,0.167153297961301,0.652655910358123,-0.252244571878203,0.402996356130095,36.6360702166829,1.29902908482066e-21,15834,65678198.6137875
None,none,1999-2020,21.2,WTMEC.COMBN,age+gender,educ_level,dbp_mean,55994,213882154.527911,163,gaussian (identity),HS graduate or GED,-0.350000317626156,0.205864997631631,0.0910838201191811,-0.753495712984152,0.0534950777318404,36.6360702166829,1.29902908482066e-21,13391,52566787.0669688
None,none,1999-2020,21.2,WTMEC.COMBN,age+gender,educ_level,dbp_mean,55994,213882154.527911,163,gaussian (identity),9-11th grade,-1.57172891731577,0.212604459341428,8.06224428558441e-12,-1.98843365762497,-1.15502417700657,36.6360702166829,1.29902908482066e-21,9105,25156932.7907703
None,none,1999-2020,21.2,WTMEC.COMBN,age+gender,educ_level,dbp_mean,55994,213882154.527911,163,gaussian (identity),Less than 9th grade,-2.60510508926387,0.270960677447944,1.7031743875298e-17,-3.13618801706184,-2.0740221614659,36.6360702166829,1.29902908482066e-21,6257,12114627.7971219
None,none,1999-2020,21.2,WTMEC.COMBN,age+gender,inc_to_pov,bmi,53030,205195852.142392,163,gaussian (identity),inc_to_pov,-0.212489600840049,0.0288905265926573,9.35948037022822e-12,-0.269115032961657,-0.15586416871844,,,53030,205195852.142392
None,none,1999-2020,21.2,WTMEC.COMBN,age+gender,inc_to_pov,waist,51267,199311239.457486,163,gaussian (identity),inc_to_pov,-0.461665523134089,0.070017321808809,5.93758269278454e-10,-0.598899473879354,-0.324431572388823,,,51267,199311239.457486
None,none,2017-2020,3.2,WTMEC.COMBN,age+gender,inc_to_pov,whr,7295,210258597.363259,25,gaussian (identity),inc_to_pov,-0.00523702597463952,0.000702697875412907,1.8749690943371e-07,-0.00661431381044882,-0.00385973813883022,,,7295,210258597.363259
None,none,1999-2020,21.2,WTMEC.COMBN,age+gender,inc_to_pov,wt,53222,205752065.848683,163,gaussian (identity),inc_to_pov,0.29416432659013,0.0876610927163175,0.00098883137169028,0.122348584866148,0.465980068314112,,,53222,205752065.848683
None,none,1999-2020,21.2,WTMEC.COMBN,age+gender,inc_to_pov,sbp_mean,51270,198831351.296247,163,gaussian (identity),inc_to_pov,-0.906377096127621,0.0638601066261732,4.07538073249322e-30,-1.03154290511492,-0.781211287140322,,,51270,198831351.296247
None,none,1999-2020,21.2,WTMEC.COMBN,age+gender,inc_to_pov,dbp_mean,51270,198831351.296247,163,gaussian (identity),inc_to_pov,0.477176787490439,0.0519504254754517,2.04723459127707e-16,0.375353953558554,0.578999621422324,,,51270,198831351.296247
None,none,1999-2020,21.2,WTMEC.COMBN,age+gender,inc_to_pov_level,bmi,53030,205195852.142392,163,gaussian (identity),High income (Intercept),26.9498510010577,0.18013922082852,5.64929909317162e-173,26.5967781282338,27.3029238738816,25.0273999208832,3.55132151389579e-10,13363,74129729.8147886
None,none,1999-2020,21.2,WTMEC.COMBN,age+gender,inc_to_pov_level,bmi,53030,205195852.142392,163,gaussian (identity),Middle income,0.726701331710895,0.111884231821504,1.01178144795897e-09,0.507408237340747,0.945994426081042,25.0273999208832,3.55132151389579e-10,28109,101163623.586826
None,none,1999-2020,21.2,WTMEC.COMBN,age+gender,inc_to_pov_level,bmi,53030,205195852.142392,163,gaussian (identity),Low income,0.803944185680472,0.131228676461697,6.80063117150611e-09,0.546735979815547,1.0611523915454,25.0273999208832,3.55132151389579e-10,11558,29902498.7407781
None,none,1999-2020,21.2,WTMEC.COMBN,age+gender,inc_to_pov_level,waist,51267,199311239.457486,163,gaussian (identity),High income (Intercept),84.3670607851465,0.42928732536769,1.03780763465413e-191,83.5256576274259,85.2084639428672,20.7439009441193,9.8873296291495e-09,13013,72495453.2269036
None,none,1999-2020,21.2,WTMEC.COMBN,age+gender,inc_to_pov_level,waist,51267,199311239.457486,163,gaussian (identity),Middle income,1.54725386518616,0.276568580680099,9.45766288898378e-08,1.00517944705317,2.08932828331916,20.7439009441193,9.8873296291495e-09,27142,98040201.0393796
None,none,1999-2020,21.2,WTMEC.COMBN,age+gender,inc_to_pov_level,waist,51267,199311239.457486,163,gaussian (identity),Low income,1.86966656817301,0.319402666669126,2.66908072288162e-08,1.24363734150153,2.4956957948445,20.7439009441193,9.8873296291495e-09,11112,28775585.1912032
None,none,2017-2020,3.2,WTMEC.COMBN,age+gender,inc_to_pov_level,whr,7295,210258597.363259,25,gaussian (identity),High income (Intercept),0.802190972651115,0.00587564072946008,1.88096261556473e-32,0.790674716821373,0.813707228480857,26.1151469895137,2.01395345847758e-06,1965,83630629.841739
None,none,2017-2020,3.2,WTMEC.COMBN,age+gender,inc_to_pov_level,whr,7295,210258597.363259,25,gaussian (identity),Middle income,0.0133666512252698,0.00344267151794418,0.000859811441616478,0.00661901505009922,0.0201142874004404,26.1151469895137,2.01395345847758e-06,3889,99656394.050191
None,none,2017-2020,3.2,WTMEC.COMBN,age+gender,inc_to_pov_level,whr,7295,210258597.363259,25,gaussian (identity),Low income,0.022293167675315,0.00309996218020385,4.34936901703308e-07,0.0162172418021155,0.0283690935485146,26.1151469895137,2.01395345847758e-06,1441,26971573.471329
None,none,1999-2020,21.2,WTMEC.COMBN,age+gender,inc_to_pov_level,wt,53222,205752065.848683,163,gaussian (identity),High income (Intercept),75.8097810715249,0.531890658194346,1.18456894303615e-169,74.7672753814639,76.8522867615858,11.0440280282095,3.22724362376007e-05,13383,74194267.4934453
None,none,1999-2020,21.2,WTMEC.COMBN,age+gender,inc_to_pov_level,wt,53222,205752065.848683,163,gaussian (identity),Middle income,-0.110789548415392,0.340698400584047,0.745469579284088,-0.778558413560123,0.556979316729339,11.0440280282095,3.22724362376007e-05,28229,101535474.326335
None,none,1999-2020,21.2,WTMEC.COMBN,age+gender,inc_to_pov_level,wt,53222,205752065.848683,163,gaussian (identity),Low income,-1.60563000772435,0.3976204773911,8.36105466060138e-05,-2.38496614341091,-0.826293872037793,11.0440280282095,3.22724362376007e-05,11610,30022324.0289025
None,none,1999-2020,21.2,WTMEC.COMBN,age+gender,inc_to_pov_level,sbp_mean,51270,198831351.296247,163,gaussian (identity),High income (Intercept),96.7003870790302,0.328732077521701,1.75164319070555e-219,96.0560722070877,97.3447019509727,88.7630963235208,1.29739151805699e-26,12939,71940171.8903326
None,none,1999-2020,21.2,WTMEC.COMBN,age+gender,inc_to_pov_level,sbp_mean,51270,198831351.296247,163,gaussian (identity),Middle income,2.58963032200206,0.220329787940401,2.36663061283602e-23,2.15778393763888,3.02147670636525,88.7630963235208,1.29739151805699e-26,27215,98194680.589435
None,none,1999-2020,21.2,WTMEC.COMBN,age+gender,inc_to_pov_level,sbp_mean,51270,198831351.296247,163,gaussian (identity),Low income,3.66493923465305,0.305643674030264,5.25578221946226e-24,3.06587763355373,4.26400083575236,88.7630963235208,1.29739151805699e-26,11116,28696498.8164795
None,none,1999-2020,21.2,WTMEC.COMBN,age+gender,inc_to_pov_level,dbp_mean,51270,198831351.296247,163,gaussian (identity),High income (Intercept),70.0086160370074,0.273455795370143,6.52320413370401e-210,69.472642678082,70.5445893959329,36.3927768848576,9.69851830352344e-14,12939,71940171.8903326
None,none,1999-2020,21.2,WTMEC.COMBN,age+gender,inc_to_pov_level,dbp_mean,51270,198831351.296247,163,gaussian (identity),Middle income,-1.38926401958229,0.185942234065951,4.97120430119719e-12,-1.75371079835155,-1.02481724081302,36.3927768848576,9.69851830352344e-14,27215,98194680.589435
None,none,1999-2020,21.2,WTMEC.COMBN,age+gender,inc_to_pov_level,dbp_mean,51270,198831351.296247,163,gaussian (identity),Low income,-1.77167691864546,0.244100466072379,1.63902538568199e-11,-2.25011383214732,-1.2932400051436,36.3927768848576,9.69851830352344e-14,11116,28696498.8164795
None,none,1999-2020,21.2,WTMEC.COMBN,age+gender,employ_status,bmi,58535,222516068.32557,163,gaussian (identity),Full-time employed (Intercept),27.9524653518432,0.156060559253898,2.15909104434652e-184,27.6465866557056,28.2583440479808,55.6200507276889,1.35234767684584e-24,26527,118948095.591316
None,none,1999-2020,21.2,WTMEC.COMBN,age+gender,employ_status,bmi,58535,222516068.32557,163,gaussian (identity),Part-time employed,-1.20151602680584,0.118906535971683,7.90700681330155e-19,-1.43457283731034,-0.968459216301342,55.6200507276889,1.35234767684584e-24,6005,23214750.2643394
None,none,1999-2020,21.2,WTMEC.COMBN,age+gender,employ_status,bmi,58535,222516068.32557,163,gaussian (identity),Student,-2.44620491987089,0.266379291533396,2.24832505305129e-16,-2.96830833127635,-1.92410150846543,55.6200507276889,1.35234767684584e-24,1723,4790917.95794278
None,none,1999-2020,21.2,WTMEC.COMBN,age+gender,employ_status,bmi,58535,222516068.32557,163,gaussian (identity),Unemployed,-0.272069211402948,0.0886528514263592,0.00252896015868134,-0.445828800198612,-0.0983096226072835,55.6200507276889,1.35234767684584e-24,24280,75562304.5119714
None,none,1999-2020,21.2,WTMEC.COMBN,age+gender,employ_status,waist,56404,215510108.996449,163,gaussian (identity),Full-time employed (Intercept),86.5403489006587,0.371899684644971,2.77476443785919e-202,85.8114255187546,87.2692722825629,46.3221024269784,1.55424516256065e-21,25836,116243926.006173
None,none,1999-2020,21.2,WTMEC.COMBN,age+gender,employ_status,waist,56404,215510108.996449,163,gaussian (identity),Part-time employed,-2.40869412555557,0.280153762356688,7.52605212321268e-15,-2.95779549977468,-1.85959275133647,46.3221024269784,1.55424516256065e-21,5858,22663672.4900075
None,none,1999-2020,21.2,WTMEC.COMBN,age+gender,employ_status,waist,56404,215510108.996449,163,gaussian (identity),Student,-5.72045635558236,0.633970429967995,5.90836580088223e-16,-6.96303839831963,-4.47787431284509,46.3221024269784,1.55424516256065e-21,1676,4635376.70602542
None,none,1999-2020,21.2,WTMEC.COMBN,age+gender,employ_status,waist,56404,215510108.996449,163,gaussian (identity),Unemployed,-0.109671998293625,0.209931330987077,0.602110735963531,-0.521137407028295,0.301793410441045,46.3221024269784,1.55424516256065e-21,23034,71967133.7942432
None,none,2017-2020,3.2,WTMEC.COMBN,age+gender,employ_status,whr,8428,236385869.797011,25,gaussian (identity),Full-time employed (Intercept),0.81444248830658,0.00469240671084103,2.91240519975255e-33,0.805245371153331,0.823639605459828,2.80591212343232,0.0660067220499458,3979,127507131.252643
None,none,2017-2020,3.2,WTMEC.COMBN,age+gender,employ_status,whr,8428,236385869.797011,25,gaussian (identity),Part-time employed,-0.00433061406377145,0.00349617886613674,0.229809136418715,-0.0111831246413995,0.00252189651385656,2.80591212343232,0.0660067220499458,899,26616644.833278
None,none,2017-2020,3.2,WTMEC.COMBN,age+gender,employ_status,whr,8428,236385869.797011,25,gaussian (identity),Student,-0.0234568163760007,0.010336970367456,0.034473062453966,-0.0437172782962144,-0.00319635445578692,2.80591212343232,0.0660067220499458,172,3541797.944534
None,none,2017-2020,3.2,WTMEC.COMBN,age+gender,employ_status,whr,8428,236385869.797011,25,gaussian (identity),Unemployed,0.00371112209479876,0.00265612597522785,0.177665223625755,-0.00149488481664782,0.00891712900624535,2.80591212343232,0.0660067220499458,3378,78720295.766556
None,none,1999-2020,21.2,WTMEC.COMBN,age+gender,employ_status,wt,58748,223108499.862327,163,gaussian (identity),Full-time employed (Intercept),76.3404131610968,0.474025303060259,3.8921687603985e-177,75.4113235670987,77.2695027550949,71.2584964759544,3.36420840810368e-29,26550,119042443.437923
None,none,1999-2020,21.2,WTMEC.COMBN,age+gender,employ_status,wt,58748,223108499.862327,163,gaussian (identity),Part-time employed,-3.6321713410058,0.35414959422678,3.09172606969023e-19,-4.32630454569029,-2.93803813632131,71.2584964759544,3.36420840810368e-29,6012,23232133.8815242
None,none,1999-2020,21.2,WTMEC.COMBN,age+gender,employ_status,wt,58748,223108499.862327,163,gaussian (identity),Student,-7.31128350114376,0.770137101602011,3.40383500573266e-17,-8.8207522202837,-5.80181478200382,71.2584964759544,3.36420840810368e-29,1724,4791531.78860259
None,none,1999-2020,21.2,WTMEC.COMBN,age+gender,employ_status,wt,58748,223108499.862327,163,gaussian (identity),Unemployed,-2.1138634612757,0.27178728645958,8.96443571082824e-13,-2.64656654273648,-1.58116037981492,71.2584964759544,3.36420840810368e-29,24462,76042390.7542775
None,none,1999-2020,21.2,WTMEC.COMBN,age+gender,employ_status,sbp_mean,56410,214995803.012116,163,gaussian (identity),Full-time employed (Intercept),98.9396272487679,0.287199515917058,3.75833633396667e-229,98.3767161975704,99.5025382999653,13.4104369091168,7.66680819294639e-08,25404,114508913.979264
None,none,1999-2020,21.2,WTMEC.COMBN,age+gender,employ_status,sbp_mean,56410,214995803.012116,163,gaussian (identity),Part-time employed,-0.181453795728598,0.303655344415121,0.550985716763244,-0.776618270782235,0.413710679325038,13.4104369091168,7.66680819294639e-08,5788,22388390.3731815
None,none,1999-2020,21.2,WTMEC.COMBN,age+gender,employ_status,sbp_mean,56410,214995803.012116,163,gaussian (identity),Student,1.18434064865677,0.393742975882871,0.00306182838830414,0.412604415926347,1.9560768813872,13.4104369091168,7.66680819294639e-08,1657,4596474.99883184
None,none,1999-2020,21.2,WTMEC.COMBN,age+gender,employ_status,sbp_mean,56410,214995803.012116,163,gaussian (identity),Unemployed,1.05038847412288,0.228902853282362,9.03416563968546e-06,0.601738881689448,1.49903806655631,13.4104369091168,7.66680819294639e-08,23561,73502023.6608381
None,none,1999-2020,21.2,WTMEC.COMBN,age+gender,employ_status,dbp_mean,56410,214995803.012116,163,gaussian (identity),Full-time employed (Intercept),69.3244871786221,0.241966411752481,1.59764555001838e-216,68.8502330115873,69.798741345657,146.597745747231,1.92319455656138e-45,25404,114508913.979264
None,none,1999-2020,21.2,WTMEC.COMBN,age+gender,employ_status,dbp_mean,56410,214995803.012116,163,gaussian (identity),Part-time employed,-2.28805230938661,0.225788968638497,6.61117268345497e-19,-2.73059868791807,-1.84550593085516,146.597745747231,1.92319455656138e-45,5788,22388390.3731815
None,none,1999-2020,21.2,WTMEC.COMBN,age+gender,employ_status,dbp_mean,56410,214995803.012116,163,gaussian (identity),Student,-4.17919721321389,0.416070498691772,1.14839479747931e-18,-4.99469539064977,-3.36369903577802,146.597745747231,1.92319455656138e-45,1657,4596474.99883184
None,none,1999-2020,21.2,WTMEC.COMBN,age+gender,employ_status,dbp_mean,56410,214995803.012116,163,gaussian (identity),Unemployed,-3.31422679051639,0.171237413833993,1.53270148477908e-43,-3.64985212163101,-2.97860145940176,146.597745747231,1.92319455656138e-45,23561,73502023.6608381
None,none,1999-2020,21.2,WTSAF.COMBN,age+gender,educ_level,fg,27319,225116935.146029,163,gaussian (identity),College graduate or above (Intercept),79.993071018709,0.597812954714766,1.0646154577084e-163,78.8213576274681,81.16478440995,44.2587466449237,7.76079388518063e-25,5598,61473702.5222051
None,none,1999-2020,21.2,WTSAF.COMBN,age+gender,educ_level,fg,27319,225116935.146029,163,gaussian (identity),Some college or AA degree,3.76851544569192,0.489687725007316,1.46422183332557e-12,2.80872750467758,4.72830338670626,44.2587466449237,7.76079388518063e-25,7660,68797813.0405336
None,none,1999-2020,21.2,WTSAF.COMBN,age+gender,educ_level,fg,27319,225116935.146029,163,gaussian (identity),HS graduate or GED,5.13096939228054,0.555654668233724,1.72172463966927e-16,4.04188624254244,6.22005254201864,44.2587466449237,7.76079388518063e-25,6468,55024122.7552213
None,none,1999-2020,21.2,WTSAF.COMBN,age+gender,educ_level,fg,27319,225116935.146029,163,gaussian (identity),9-11th grade,6.89875526020832,0.693048861158346,2.11372485614692e-18,5.54037949233796,8.25713102807867,44.2587466449237,7.76079388518063e-25,4435,26442366.3033236
None,none,1999-2020,21.2,WTSAF.COMBN,age+gender,educ_level,fg,27319,225116935.146029,163,gaussian (identity),Less than 9th grade,9.07752355373449,1.08587817054195,3.16753818128906e-14,6.94920233947227,11.2058447679967,44.2587466449237,7.76079388518063e-25,3158,13378930.5247452
None,none,1999-2020,21.2,WTSAF.COMBN,age+gender,educ_level,fi,26780,221053953.691591,163,gaussian (identity),College graduate or above (Intercept),8.88310579286209,0.368688100459701,1.29651367856238e-54,8.16047711596108,9.6057344697631,29.7907874878602,1.94578506321374e-18,5499,60378444.6575992
None,none,1999-2020,21.2,WTSAF.COMBN,age+gender,educ_level,fi,26780,221053953.691591,163,gaussian (identity),Some college or AA degree,2.22630916345134,0.294996405472366,3.3974527856362e-12,1.6481162087255,2.80450211817717,29.7907874878602,1.94578506321374e-18,7516,67694086.3138157
None,none,1999-2020,21.2,WTSAF.COMBN,age+gender,educ_level,fi,26780,221053953.691591,163,gaussian (identity),HS graduate or GED,2.64507963384336,0.371948550860447,3.82089227279244e-11,1.91606047415688,3.37409879352984,29.7907874878602,1.94578506321374e-18,6331,53981951.2045776
None,none,1999-2020,21.2,WTSAF.COMBN,age+gender,educ_level,fi,26780,221053953.691591,163,gaussian (identity),9-11th grade,2.74883320853472,0.320716907028917,9.12498781724683e-15,2.12022807075804,3.37743834631139,29.7907874878602,1.94578506321374e-18,4344,25890166.0449299
None,none,1999-2020,21.2,WTSAF.COMBN,age+gender,educ_level,fi,26780,221053953.691591,163,gaussian (identity),Less than 9th grade,2.26801690034789,0.360920932876341,3.10931875462058e-09,1.56061187191027,2.97542192878552,29.7907874878602,1.94578506321374e-18,3090,13109305.4706688
None,none,1999-2020,21.2,WTSAF.COMBN,age+gender,educ_level,tg,26837,222818379.838346,163,gaussian (identity),College graduate or above (Intercept),79.1735484730129,2.53452836345586,2.89737702197098e-69,74.2058728806395,84.1412240653864,16.1421110498578,4.30244562800382e-11,5509,60874651.1016882
None,none,1999-2020,21.2,WTSAF.COMBN,age+gender,educ_level,tg,26837,222818379.838346,163,gaussian (identity),Some college or AA degree,13.9661318958743,2.49034206622344,9.00358592963353e-08,9.08506144607632,18.8472023456722,16.1421110498578,4.30244562800382e-11,7525,68194787.7669899
None,none,1999-2020,21.2,WTSAF.COMBN,age+gender,educ_level,tg,26837,222818379.838346,163,gaussian (identity),HS graduate or GED,15.2504536790355,2.86089032512946,3.35104612494496e-07,9.64310864178173,20.8577987162892,16.1421110498578,4.30244562800382e-11,6341,54386324.9544177
None,none,1999-2020,21.2,WTSAF.COMBN,age+gender,educ_level,tg,26837,222818379.838346,163,gaussian (identity),9-11th grade,18.2120181698702,2.85775527829721,1.96549552172176e-09,12.6108178244077,23.8132185153327,16.1421110498578,4.30244562800382e-11,4365,26170767.6409604
None,none,1999-2020,21.2,WTSAF.COMBN,age+gender,educ_level,tg,26837,222818379.838346,163,gaussian (identity),Less than 9th grade,27.4492098975869,4.66068890913883,2.2783516112962e-08,18.3142596356748,36.584160159499,16.1421110498578,4.30244562800382e-11,3097,13191848.3742895
None,none,1999-2020,21.2,WTMEC.COMBN,age+gender,educ_level,tc,55442,212785015.099835,163,gaussian (identity),College graduate or above (Intercept),180.065076857392,0.92970186217426,9.27810819319587e-189,178.24286120753,181.887292507253,1.84857542691453,0.122234098740746,11337,58205734.8295031
None,none,1999-2020,21.2,WTMEC.COMBN,age+gender,educ_level,tc,55442,212785015.099835,163,gaussian (identity),Some college or AA degree,-0.463239727755387,0.7294593912689,0.52632331273691,-1.89298013464243,0.966500679131657,1.84857542691453,0.122234098740746,15684,65402152.831375
None,none,1999-2020,21.2,WTMEC.COMBN,age+gender,educ_level,tc,55442,212785015.099835,163,gaussian (identity),HS graduate or GED,-1.32331607383754,0.727183657115127,0.0706969592130821,-2.74859604178319,0.101963894108105,1.84857542691453,0.122234098740746,13180,52034230.844678
None,none,1999-2020,21.2,WTMEC.COMBN,age+gender,educ_level,tc,55442,212785015.099835,163,gaussian (identity),9-11th grade,-1.64888279143044,0.814663767871634,0.0446654347064738,-3.24562377645884,-0.0521418064020345,1.84857542691453,0.122234098740746,8960,24856739.587847
None,none,1999-2020,21.2,WTMEC.COMBN,age+gender,educ_level,tc,55442,212785015.099835,163,gaussian (identity),Less than 9th grade,-1.89469928393039,0.936655799193084,0.0447873856361831,-3.73054465034883,-0.0588539175119451,1.84857542691453,0.122234098740746,6281,12286157.0064319
None,none,1999-2020,21.2,WTMEC.COMBN,age+gender,educ_level,hdl,55440,212777796.681375,163,gaussian (identity),College graduate or above (Intercept),58.0486544035256,0.350661255070508,4.16771240752777e-178,57.3613583435874,58.7359504634638,128.355762060671,1.97647825629459e-48,11337,58205734.8295031
None,none,1999-2020,21.2,WTMEC.COMBN,age+gender,educ_level,hdl,55440,212777796.681375,163,gaussian (identity),Some college or AA degree,-3.66614500606802,0.256859922467737,3.6801234316287e-30,-4.16959045410478,-3.16269955803125,128.355762060671,1.97647825629459e-48,15684,65402152.831375
None,none,1999-2020,21.2,WTMEC.COMBN,age+gender,educ_level,hdl,55440,212777796.681375,163,gaussian (identity),HS graduate or GED,-4.78965248280576,0.280421977588871,1.23734356641331e-37,-5.33927955887995,-4.24002540673157,128.355762060671,1.97647825629459e-48,13179,52028880.1522866
None,none,1999-2020,21.2,WTMEC.COMBN,age+gender,educ_level,hdl,55440,212777796.681375,163,gaussian (identity),9-11th grade,-5.42479947253854,0.332016112468788,1.08423474063236e-35,-6.07555105297736,-4.77404789209971,128.355762060671,1.97647825629459e-48,8959,24854871.8617789
None,none,1999-2020,21.2,WTMEC.COMBN,age+gender,educ_level,hdl,55440,212777796.681375,163,gaussian (identity),Less than 9th grade,-7.23552648788638,0.355380469175361,6.64860378791997e-46,-7.93207220747009,-6.53898076830268,128.355762060671,1.97647825629459e-48,6281,12286157.0064319
None,none,1999-2020,21.2,WTSAF.COMBN,age+gender,educ_level,ldl_friedewald,26325,218657401.266878,163,gaussian (identity),College graduate or above (Intercept),103.636777133928,1.0744068635228,1.18131230476071e-141,101.530939681424,105.742614586433,0.878089235796189,0.478538729658769,5446,60151475.9617982
None,none,1999-2020,21.2,WTSAF.COMBN,age+gender,educ_level,ldl_friedewald,26325,218657401.266878,163,gaussian (identity),Some college or AA degree,0.942272340024937,0.962703085199753,0.329195616062913,-0.944625706966579,2.82917038701645,0.878089235796189,0.478538729658769,7383,66672336.3595521
None,none,1999-2020,21.2,WTSAF.COMBN,age+gender,educ_level,ldl_friedewald,26325,218657401.266878,163,gaussian (identity),HS graduate or GED,1.69633156201394,0.917647931584404,0.0664016416282924,-0.102258383891497,3.49492150791937,0.878089235796189,0.478538729658769,6214,53376331.0635135
None,none,1999-2020,21.2,WTSAF.COMBN,age+gender,educ_level,ldl_friedewald,26325,218657401.266878,163,gaussian (identity),9-11th grade,0.759384575146065,1.03690323932445,0.46504187273076,-1.27294577392985,2.79171492422198,0.878089235796189,0.478538729658769,4271,25635192.4278134
None,none,1999-2020,21.2,WTSAF.COMBN,age+gender,educ_level,ldl_friedewald,26325,218657401.266878,163,gaussian (identity),Less than 9th grade,1.01983740762729,1.11539974215645,0.361948382723654,-1.16634608699935,3.20602090225394,0.878089235796189,0.478538729658769,3011,12822065.4542004
None,none,1999-2020,21.2,WTMEC.COMBN,age+gender,educ_level,glu,55287,212254347.675697,163,gaussian (identity),College graduate or above (Intercept),73.226633690759,0.467418159817442,2.27054481264943e-174,72.3104940975168,74.1427732840012,63.404621536733,8.27330060171594e-32,11305,58078693.9638177
None,none,1999-2020,21.2,WTMEC.COMBN,age+gender,educ_level,glu,55287,212254347.675697,163,gaussian (identity),Some college or AA degree,3.52566840382936,0.416421395422218,1.68912530653567e-14,2.70948246880181,4.34185433885691,63.404621536733,8.27330060171594e-32,15639,65284604.881768
None,none,1999-2020,21.2,WTMEC.COMBN,age+gender,educ_level,glu,55287,212254347.675697,163,gaussian (identity),HS graduate or GED,3.76517770663654,0.434982030722534,5.51326703198155e-15,2.91261292642038,4.61774248685271,63.404621536733,8.27330060171594e-32,13140,51857319.9751204
None,none,1999-2020,21.2,WTMEC.COMBN,age+gender,educ_level,glu,55287,212254347.675697,163,gaussian (identity),9-11th grade,6.7759674584434,0.546035299734334,4.47067370308088e-25,5.70573827096411,7.8461966459227,63.404621536733,8.27330060171594e-32,8935,24773072.4435077
None,none,1999-2020,21.2,WTMEC.COMBN,age+gender,educ_level,glu,55287,212254347.675697,163,gaussian (identity),Less than 9th grade,10.0951385058205,0.816091592071759,5.72725758939882e-25,8.4955989853599,11.6946780262812,63.404621536733,8.27330060171594e-32,6268,12260656.4114835
None,none,1999-2020,21.2,WTSAF.COMBN,age+gender,educ_level,tgglu,26749,222234577.068086,163,gaussian (identity),College graduate or above (Intercept),1.09192301159813,0.0265778091490415,6.6326606353406e-86,1.03983050566601,1.14401551753025,7.65691209265164,1.16049217366451e-05,5493,60742869.4104849
None,none,1999-2020,21.2,WTSAF.COMBN,age+gender,educ_level,tgglu,26749,222234577.068086,163,gaussian (identity),Some college or AA degree,0.104541629972819,0.0245504636167052,3.53574570986291e-05,0.0564227212840768,0.152660538661561,7.65691209265164,1.16049217366451e-05,7504,68060902.5166593
None,none,1999-2020,21.2,WTSAF.COMBN,age+gender,educ_level,tgglu,26749,222234577.068086,163,gaussian (identity),HS graduate or GED,0.123395569660033,0.0310745599952985,0.000108741780966783,0.0624894320692484,0.184301707250819,7.65691209265164,1.16049217366451e-05,6318,54207091.1622185
None,none,1999-2020,21.2,WTSAF.COMBN,age+gender,educ_level,tgglu,26749,222234577.068086,163,gaussian (identity),9-11th grade,0.117638983028109,0.0282094195227127,5.01842067314163e-05,0.0623485207635916,0.172929445292625,7.65691209265164,1.16049217366451e-05,4351,26096506.2121517
None,none,1999-2020,21.2,WTSAF.COMBN,age+gender,educ_level,tgglu,26749,222234577.068086,163,gaussian (identity),Less than 9th grade,0.165253651671363,0.0365606298951534,1.21110733230276e-05,0.0935948170768627,0.236912486265864,7.65691209265164,1.16049217366451e-05,3083,13127207.766572
None,none,2005-2016,12,WTSAF.COMBN,age+gender,educ_level,ogtt_2hg,11584,188655880.01386,94,gaussian (identity),College graduate or above (Intercept),66.9726052889457,1.7903999272936,8.19958005899126e-56,63.4634214314503,70.4817891464412,29.0429328880803,2.15277072555362e-15,2647,54929771.8185711
None,none,2005-2016,12,WTSAF.COMBN,age+gender,educ_level,ogtt_2hg,11584,188655880.01386,94,gaussian (identity),Some college or AA degree,6.56178097463371,1.42183092765365,1.32966136583934e-05,3.77499235643255,9.34856959283487,29.0429328880803,2.15277072555362e-15,3337,58185494.9085211
None,none,2005-2016,12,WTSAF.COMBN,age+gender,educ_level,ogtt_2hg,11584,188655880.01386,94,gaussian (identity),HS graduate or GED,10.5023789821786,1.51819682353836,7.05679748968609e-10,7.5267132080434,13.4780447563138,29.0429328880803,2.15277072555362e-15,2727,43392262.3737051
None,none,2005-2016,12,WTSAF.COMBN,age+gender,educ_level,ogtt_2hg,11584,188655880.01386,94,gaussian (identity),9-11th grade,11.0491193256548,1.97311885422943,2.40902658557091e-07,7.18180637136514,14.9164322799445,29.0429328880803,2.15277072555362e-15,1773,21976206.1225274
None,none,2005-2016,12,WTSAF.COMBN,age+gender,educ_level,ogtt_2hg,11584,188655880.01386,94,gaussian (identity),Less than 9th grade,19.4214682420301,2.24927603065052,2.31946626915116e-13,15.0128872219551,23.8300492621051,29.0429328880803,2.15277072555362e-15,1100,10172144.7905349
None,none,1999-2020,21.2,WTMEC.COMBN,age+gender,educ_level,hba1c,56156,215092038.464005,163,gaussian (identity),College graduate or above (Intercept),4.66293304378513,0.0123724321703077,4.78577997590827e-234,4.63868307673133,4.68718301083894,117.969488183917,2.93837295462078e-46,11454,58799519.9654822
None,none,1999-2020,21.2,WTMEC.COMBN,age+gender,educ_level,hba1c,56156,215092038.464005,163,gaussian (identity),Some college or AA degree,0.140062160169755,0.0110896085892445,1.11252921841762e-25,0.118326527334836,0.161797793004675,117.969488183917,2.93837295462078e-46,15858,65946618.3916505
None,none,1999-2020,21.2,WTMEC.COMBN,age+gender,educ_level,hba1c,56156,215092038.464005,163,gaussian (identity),HS graduate or GED,0.16561868517503,0.0129756486440209,4.78817863178798e-26,0.140186413832749,0.191050956517311,117.969488183917,2.93837295462078e-46,13360,52697768.7460589
None,none,1999-2020,21.2,WTMEC.COMBN,age+gender,educ_level,hba1c,56156,215092038.464005,163,gaussian (identity),9-11th grade,0.257903849085032,0.0137336281681534,5.48603633841393e-42,0.230985937875452,0.284821760294613,117.969488183917,2.93837295462078e-46,9091,25160259.0601385
None,none,1999-2020,21.2,WTMEC.COMBN,age+gender,educ_level,hba1c,56156,215092038.464005,163,gaussian (identity),Less than 9th grade,0.370728850484173,0.024476048285631,1.61681146280456e-32,0.322755795844337,0.41870190512401,117.969488183917,2.93837295462078e-46,6393,12487872.3006747
None,none,1999-2020,21.2,WTMEC.COMBN,age+gender,educ_level,uacr,57747,220006190.354061,163,gaussian (identity),College graduate or above (Intercept),-23.1363933759845,3.84141521472965,1.17159214374935e-08,-30.6655671968546,-15.6072195551144,13.5940521897116,1.53968397132478e-09,11744,60051468.8230821
None,none,1999-2020,21.2,WTMEC.COMBN,age+gender,educ_level,uacr,57747,220006190.354061,163,gaussian (identity),Some college or AA degree,12.6347944557139,3.51515236001535,0.000434829594742801,5.7450958300838,19.524493081344,13.5940521897116,1.53968397132478e-09,16320,67592973.1822628
None,none,1999-2020,21.2,WTMEC.COMBN,age+gender,educ_level,uacr,57747,220006190.354061,163,gaussian (identity),HS graduate or GED,13.5686095478404,3.88726430304158,0.000625982504150028,5.94957151387885,21.1876475818019,13.5940521897116,1.53968397132478e-09,13774,53857334.817862
None,none,1999-2020,21.2,WTMEC.COMBN,age+gender,educ_level,uacr,57747,220006190.354061,163,gaussian (identity),9-11th grade,26.1941192955604,4.48433196252635,2.89212405603419e-08,17.4048286490088,34.9834099421121,13.5940521897116,1.53968397132478e-09,9349,25743234.214047
None,none,1999-2020,21.2,WTMEC.COMBN,age+gender,educ_level,uacr,57747,220006190.354061,163,gaussian (identity),Less than 9th grade,34.3990333194669,5.37860080926564,1.74725805502734e-09,23.8569757333063,44.9410909056276,13.5940521897116,1.53968397132478e-09,6560,12761179.3168069
None,none,1999-2020,21.2,WTMEC.COMBN,age+gender,educ_level,egfr,55286,212266164.59283,163,gaussian (identity),College graduate or above (Intercept),134.51710800543,0.45078123111179,3.76971016291459e-218,133.633576792451,135.400639218409,46.488842960686,1.00252791852093e-25,11305,58078693.9638177
None,none,1999-2020,21.2,WTMEC.COMBN,age+gender,educ_level,egfr,55286,212266164.59283,163,gaussian (identity),Some college or AA degree,-0.467755261761207,0.309753259063992,0.133030468691121,-1.07487164952663,0.139361126004217,46.488842960686,1.00252791852093e-25,15640,65289285.2297037
None,none,1999-2020,21.2,WTMEC.COMBN,age+gender,educ_level,egfr,55286,212266164.59283,163,gaussian (identity),HS graduate or GED,0.31663836911315,0.338641131193476,0.351210659301661,-0.347098248026063,0.980374986252363,46.488842960686,1.00252791852093e-25,13140,51864889.28465
None,none,1999-2020,21.2,WTMEC.COMBN,age+gender,educ_level,egfr,55286,212266164.59283,163,gaussian (identity),9-11th grade,1.19764781930969,0.362103843434095,0.00116714839010089,0.487924286178864,1.90737135244052,46.488842960686,1.00252791852093e-25,8933,24772639.7031748
None,none,1999-2020,21.2,WTMEC.COMBN,age+gender,educ_level,egfr,55286,212266164.59283,163,gaussian (identity),Less than 9th grade,4.79751439341095,0.443796224758805,1.03939018835179e-20,3.92767379288369,5.6673549939382,46.488842960686,1.00252791852093e-25,6268,12260656.4114835
None,none,1999-2016,14,WTMEC.COMBN,age+gender,educ_level,crp,36836,207200254.679095,106,gaussian (identity),College graduate or above (Intercept),2.71006084884043,0.167515216983299,1.12311617137361e-29,2.38173102355316,3.03839067412769,27.7464102692265,1.67318814064963e-15,6812,52991227.9081161
None,none,1999-2016,14,WTMEC.COMBN,age+gender,educ_level,crp,36836,207200254.679095,106,gaussian (identity),Some college or AA degree,0.837231364828738,0.129310907705349,3.57982830901464e-09,0.583781985726254,1.09068074393122,27.7464102692265,1.67318814064963e-15,9821,62635821.2412863
None,none,1999-2016,14,WTMEC.COMBN,age+gender,educ_level,crp,36836,207200254.679095,106,gaussian (identity),HS graduate or GED,0.89269887293651,0.123398882045076,9.66412945312731e-11,0.650837064128162,1.13456068174486,27.7464102692265,1.67318814064963e-15,8893,51397935.4019657
None,none,1999-2016,14,WTMEC.COMBN,age+gender,educ_level,crp,36836,207200254.679095,106,gaussian (identity),9-11th grade,1.55265599484454,0.178808482364783,7.53638254771088e-14,1.20219136940956,1.90312062027951,27.7464102692265,1.67318814064963e-15,6506,26612764.7149438
None,none,1999-2016,14,WTMEC.COMBN,age+gender,educ_level,crp,36836,207200254.679095,106,gaussian (identity),Less than 9th grade,1.25809456834234,0.177647343064715,2.01347702029731e-10,0.909905775935494,1.60628336074918,27.7464102692265,1.67318814064963e-15,4804,13562505.4127827
None,none,1999-2020,21.2,WTMEC.COMBN,age+gender,educ_level,creatinine,55286,212266164.59283,163,gaussian (identity),College graduate or above (Intercept),0.611243846099414,0.00578632143800362,9.32456707125566e-148,0.599902656080927,0.622585036117901,10.8926875941228,8.06607138920095e-08,11305,58078693.9638177
None,none,1999-2020,21.2,WTMEC.COMBN,age+gender,educ_level,creatinine,55286,212266164.59283,163,gaussian (identity),Some college or AA degree,0.0153355047328729,0.00468199256134907,0.00129832175707111,0.00615879931262872,0.0245122101531171,10.8926875941228,8.06607138920095e-08,15640,65289285.2297037
None,none,1999-2020,21.2,WTMEC.COMBN,age+gender,educ_level,creatinine,55286,212266164.59283,163,gaussian (identity),HS graduate or GED,0.00830932884708515,0.00516816683085626,0.109890277270201,-0.00182027814139312,0.0184389358355634,10.8926875941228,8.06607138920095e-08,13140,51864889.28465
None,none,1999-2020,21.2,WTMEC.COMBN,age+gender,educ_level,creatinine,55286,212266164.59283,163,gaussian (identity),9-11th grade,0.00290915132213025,0.0058190902444012,0.617822693481453,-0.0084962655568961,0.0143145682011566,10.8926875941228,8.06607138920095e-08,8933,24772639.7031748
None,none,1999-2020,21.2,WTMEC.COMBN,age+gender,educ_level,creatinine,55286,212266164.59283,163,gaussian (identity),Less than 9th grade,-0.0304270122596029,0.00760852312755394,9.76605695231246e-05,-0.0453397175896086,-0.0155143069295972,10.8926875941228,8.06607138920095e-08,6268,12260656.4114835
None,none,1999-2020,21.2,WTSAF.COMBN,age+gender,inc_to_pov,fg,24963,210306748.985998,163,gaussian (identity),inc_to_pov,-1.49655662940168,0.145863452137974,2.69660990346172e-19,-1.78244899559211,-1.21066426321125,,,24963,210306748.985998
None,none,1999-2020,21.2,WTSAF.COMBN,age+gender,inc_to_pov,fi,24477,206659380.047708,163,gaussian (identity),inc_to_pov,-0.666268973250973,0.0852015604895979,6.69982978463221e-13,-0.833264031810585,-0.499273914691361,,,24477,206659380.047708
None,none,1999-2020,21.2,WTSAF.COMBN,age+gender,inc_to_pov,tg,24537,208286310.910011,163,gaussian (identity),inc_to_pov,-2.82376730302477,0.584357783527693,3.13995077413413e-06,-3.96910855873905,-1.67842604731049,,,24537,208286310.910011
None,none,1999-2020,21.2,WTMEC.COMBN,age+gender,inc_to_pov,tc,50794,197864205.523256,163,gaussian (identity),inc_to_pov,1.20449227355322,0.177109513652321,1.96275132973874e-10,0.85735762679467,1.55162692031177,,,50794,197864205.523256
None,none,1999-2020,21.2,WTMEC.COMBN,age+gender,inc_to_pov,hdl,50792,197856987.104797,163,gaussian (identity),inc_to_pov,1.16112054084807,0.0663994735602281,5.80056366345626e-39,1.03097757267002,1.29126350902612,,,50792,197856987.104797
None,none,1999-2020,21.2,WTSAF.COMBN,age+gender,inc_to_pov,ldl_friedewald,24063,204355686.179764,163,gaussian (identity),inc_to_pov,0.491339206601213,0.227645669812624,0.0323914887443573,0.0451536937684705,0.937524719433956,,,24063,204355686.179764
None,none,1999-2020,21.2,WTMEC.COMBN,age+gender,inc_to_pov,glu,50649,197375551.154683,163,gaussian (identity),inc_to_pov,-1.55053346034715,0.109731116156708,6.06160859285943e-30,-1.7656064480143,-1.33546047268,,,50649,197375551.154683
None,none,1999-2020,21.2,WTSAF.COMBN,age+gender,inc_to_pov,tgglu,24458,207759251.112998,163,gaussian (identity),inc_to_pov,-0.0177532900657964,0.00609054899032471,0.00406857020370938,-0.0296907660868329,-0.00581581404476,,,24458,207759251.112998
None,none,2005-2016,12,WTSAF.COMBN,age+gender,inc_to_pov,ogtt_2hg,10712,178005632.927724,94,gaussian (identity),inc_to_pov,-2.73434098333281,0.372269292076271,8.49665325755608e-11,-3.46398879580231,-2.00469317086332,,,10712,178005632.927724
None,none,1999-2020,21.2,WTMEC.COMBN,age+gender,inc_to_pov,hba1c,51423,199935001.98828,163,gaussian (identity),inc_to_pov,-0.0584833310886752,0.00333973391251778,5.00514465489884e-39,-0.0650292095572101,-0.0519374526201404,,,51423,199935001.98828
None,none,1999-2020,21.2,WTMEC.COMBN,age+gender,inc_to_pov,uacr,52775,204149048.988624,163,gaussian (identity),inc_to_pov,-8.89557919952624,0.849825869966661,7.35928447187427e-20,-10.5612379046609,-7.22992049439158,,,52775,204149048.988624
None,none,1999-2020,21.2,WTMEC.COMBN,age+gender,inc_to_pov,egfr,50647,197375925.519507,163,gaussian (identity),inc_to_pov,-0.269776443560133,0.0846146083409889,0.00172175731780936,-0.435621075908471,-0.103931811211795,,,50647,197375925.519507
None,none,1999-2016,14,WTMEC.COMBN,age+gender,inc_to_pov,crp,33783,193044908.889305,106,gaussian (identity),inc_to_pov,-0.311850675537638,0.0284608916971512,5.53290795578681e-19,-0.367634023264055,-0.256067327811222,,,33783,193044908.889305
None,none,1999-2020,21.2,WTMEC.COMBN,age+gender,inc_to_pov,creatinine,50647,197375925.519507,163,gaussian (identity),inc_to_pov,-0.00294595265946084,0.00135126903039259,0.0307083475620514,-0.00559443995903031,-0.000297465359891359,,,50647,197375925.519507
None,none,1999-2020,21.2,WTSAF.COMBN,age+gender,inc_to_pov_level,fg,24963,210306748.985998,163,gaussian (identity),High income (Intercept),79.9409872216121,0.637336183307955,6.61992181323802e-161,78.6918083023285,81.1901661408957,46.8983188693879,9.78934324902243e-17,6281,74960017.0318041
None,none,1999-2020,21.2,WTSAF.COMBN,age+gender,inc_to_pov_level,fg,24963,210306748.985998,163,gaussian (identity),Middle income,3.75824625011609,0.492053949361581,1.94093116181729e-12,2.79382050936739,4.72267199086479,46.8983188693879,9.78934324902243e-17,13293,105092428.838255
None,none,1999-2020,21.2,WTSAF.COMBN,age+gender,inc_to_pov_level,fg,24963,210306748.985998,163,gaussian (identity),Low income,6.57300479657017,0.743136223538996,1.66246599761176e-15,5.11645779843374,8.0295517947066,46.8983188693879,9.78934324902243e-17,5389,30254303.1159383
None,none,1999-2020,21.2,WTSAF.COMBN,age+gender,inc_to_pov_level,fi,24477,206659380.047708,163,gaussian (identity),High income (Intercept),9.18007548963157,0.395602079541867,6.39568382191593e-53,8.40469541372951,9.95545556553363,26.2536209154141,1.4051240163624e-10,6188,73945152.8211719
None,none,1999-2020,21.2,WTSAF.COMBN,age+gender,inc_to_pov_level,fi,24477,206659380.047708,163,gaussian (identity),Middle income,1.66896035230645,0.251590281063593,4.87021641859996e-10,1.17584340142181,2.16207730319109,26.2536209154141,1.4051240163624e-10,13036,103243571.287897
None,none,1999-2020,21.2,WTSAF.COMBN,age+gender,inc_to_pov_level,fi,24477,206659380.047708,163,gaussian (identity),Low income,2.81819424729807,0.456920357493288,5.50505858459114e-09,1.92263034661122,3.71375814798491,26.2536209154141,1.4051240163624e-10,5253,29470655.9386394
None,none,1999-2020,21.2,WTSAF.COMBN,age+gender,inc_to_pov_level,tg,24537,208286310.910011,163,gaussian (identity),High income (Intercept),82.7974377234448,2.53992920639348,2.68665969997385e-72,77.8191764789136,87.775698967976,10.2160073172936,6.69925767044019e-05,6207,74407796.9380162
None,none,1999-2020,21.2,WTSAF.COMBN,age+gender,inc_to_pov_level,tg,24537,208286310.910011,163,gaussian (identity),Middle income,8.51329524188603,2.05172393230521,5.41717998485828e-05,4.49191633456782,12.5346741492042,10.2160073172936,6.69925767044019e-05,13064,104071614.914761
None,none,1999-2020,21.2,WTSAF.COMBN,age+gender,inc_to_pov_level,tg,24537,208286310.910011,163,gaussian (identity),Low income,9.44618540073002,2.73171005321088,0.000698467259934081,4.09203369643671,14.8003371050233,10.2160073172936,6.69925767044019e-05,5266,29806899.0572343
None,none,1999-2020,21.2,WTMEC.COMBN,age+gender,inc_to_pov_level,tc,50794,197864205.523256,163,gaussian (identity),High income (Intercept),181.62954437678,0.985629145180641,2.76152487666049e-187,179.697711252226,183.561377501334,21.713609157547,4.59931610443651e-09,12840,71817811.7929925
None,none,1999-2020,21.2,WTMEC.COMBN,age+gender,inc_to_pov_level,tc,50794,197864205.523256,163,gaussian (identity),Middle income,-3.12988930538313,0.660107484201955,4.68353685555046e-06,-4.42369997441896,-1.8360786363473,21.713609157547,4.59931610443651e-09,26975,97565628.4441921
None,none,1999-2020,21.2,WTMEC.COMBN,age+gender,inc_to_pov_level,tc,50794,197864205.523256,163,gaussian (identity),Low income,-5.18622568077839,0.798588088675551,1.01643660924573e-09,-6.75145833458247,-3.62099302697431,21.713609157547,4.59931610443651e-09,10979,28480765.2860715
None,none,1999-2020,21.2,WTMEC.COMBN,age+gender,inc_to_pov_level,hdl,50792,197856987.104797,163,gaussian (identity),High income (Intercept),57.6017598270696,0.374758578803423,7.91943092625424e-175,56.8672330126149,58.3362866415243,131.435405507766,2.03846328790118e-34,12839,71815386.8756317
None,none,1999-2020,21.2,WTMEC.COMBN,age+gender,inc_to_pov_level,hdl,50792,197856987.104797,163,gaussian (identity),Middle income,-3.21982693812681,0.255249678922317,1.00700125936219e-25,-3.72011630881455,-2.71953756743906,131.435405507766,2.03846328790118e-34,26974,97560834.9430935
None,none,1999-2020,21.2,WTMEC.COMBN,age+gender,inc_to_pov_level,hdl,50792,197856987.104797,163,gaussian (identity),Low income,-4.89893333546245,0.310248835712386,2.19405508952352e-34,-5.50702105345873,-4.29084561746618,131.435405507766,2.03846328790118e-34,10979,28480765.2860715
None,none,1999-2020,21.2,WTSAF.COMBN,age+gender,inc_to_pov_level,ldl_friedewald,24063,204355686.179764,163,gaussian (identity),High income (Intercept),105.194402625519,1.1818505709016,1.48062157146754e-137,102.877975506552,107.510829744486,2.7495524458958,0.0669992627517528,6104,73218030.1415115
None,none,1999-2020,21.2,WTSAF.COMBN,age+gender,inc_to_pov_level,ldl_friedewald,24063,204355686.179764,163,gaussian (identity),Middle income,-1.34593881516796,0.84097779350408,0.111484930834242,-2.99425529043595,0.302377660100038,2.7495524458958,0.0669992627517528,12801,101905873.523276
None,none,1999-2020,21.2,WTSAF.COMBN,age+gender,inc_to_pov_level,ldl_friedewald,24063,204355686.179764,163,gaussian (identity),Low income,-2.58314181651747,1.1054109957408,0.0206959047392813,-4.74974736816944,-0.416536264865492,2.7495524458958,0.0669992627517528,5158,29231782.5149763
None,none,1999-2020,21.2,WTMEC.COMBN,age+gender,inc_to_pov_level,glu,50649,197375551.154683,163,gaussian (identity),High income (Intercept),72.7310572883646,0.496568923194864,1.60524270392074e-171,71.7577821989027,73.7043323778265,83.1056067186331,1.96749297590966e-25,12811,71699243.0136381
None,none,1999-2020,21.2,WTMEC.COMBN,age+gender,inc_to_pov_level,glu,50649,197375551.154683,163,gaussian (identity),Middle income,3.39277875987359,0.420191826775275,1.58011331172317e-13,2.56920277939405,4.21635474035313,83.1056067186331,1.96749297590966e-25,26883,97243110.2297993
None,none,1999-2020,21.2,WTMEC.COMBN,age+gender,inc_to_pov_level,glu,50649,197375551.154683,163,gaussian (identity),Low income,7.20117980341062,0.583925608535592,6.0274519440901e-25,6.05668561068086,8.34567399614038,83.1056067186331,1.96749297590966e-25,10955,28433197.9112455
None,none,1999-2020,21.2,WTSAF.COMBN,age+gender,inc_to_pov_level,tgglu,24458,207759251.112998,163,gaussian (identity),High income (Intercept),1.1260324005018,0.0267404782201068,3.87684570002458e-88,1.07362106319039,1.17844373781321,3.97525301697495,0.020670266347817,6197,74298768.4581016
None,none,1999-2020,21.2,WTSAF.COMBN,age+gender,inc_to_pov_level,tgglu,24458,207759251.112998,163,gaussian (identity),Middle income,0.0587868359607213,0.0209747988775442,0.00569780686304992,0.0176762301607347,0.099897441760708,3.97525301697495,0.020670266347817,13013,103731389.824264
None,none,1999-2020,21.2,WTSAF.COMBN,age+gender,inc_to_pov_level,tgglu,24458,207759251.112998,163,gaussian (identity),Low income,0.043431479542531,0.0282391637262838,0.126039353296718,-0.0119172813609852,0.0987802404460472,3.97525301697495,0.020670266347817,5248,29729092.8306319
None,none,2005-2016,12,WTSAF.COMBN,age+gender,inc_to_pov_level,ogtt_2hg,10712,178005632.927724,94,gaussian (identity),High income (Intercept),66.7392433987327,1.89932810208808,2.42171917549974e-54,63.0165603186401,70.4619264788253,21.080237078633,3.09985557131352e-08,2756,63715459.4385068
None,none,2005-2016,12,WTSAF.COMBN,age+gender,inc_to_pov_level,ogtt_2hg,10712,178005632.927724,94,gaussian (identity),Middle income,7.03402335119387,1.28081203015701,3.65018800234688e-07,4.52363177208613,9.54441493030161,21.080237078633,3.09985557131352e-08,5637,88568963.7409699
None,none,2005-2016,12,WTSAF.COMBN,age+gender,inc_to_pov_level,ogtt_2hg,10712,178005632.927724,94,gaussian (identity),Low income,9.8935683767727,1.73161233459319,1.41472218693749e-07,6.49960820097005,13.2875285525754,21.080237078633,3.09985557131352e-08,2319,25721209.7482475
None,none,1999-2020,21.2,WTMEC.COMBN,age+gender,inc_to_pov_level,hba1c,51423,199935001.98828,163,gaussian (identity),High income (Intercept),4.64794342874416,0.0141367396836886,3.73472533401238e-227,4.62023541896413,4.67565143852418,137.646405118774,2.02932465948695e-35,12969,72463048.088016
None,none,1999-2020,21.2,WTMEC.COMBN,age+gender,inc_to_pov_level,hba1c,51423,199935001.98828,163,gaussian (identity),Middle income,0.13385601189178,0.0121134568824121,2.01366904575819e-21,0.110113636402252,0.157598387381307,137.646405118774,2.02932465948695e-35,27282,98522746.4239725
None,none,1999-2020,21.2,WTMEC.COMBN,age+gender,inc_to_pov_level,hba1c,51423,199935001.98828,163,gaussian (identity),Low income,0.266687483636269,0.0168609453466515,1.86257168919738e-34,0.233640030756832,0.299734936515706,137.646405118774,2.02932465948695e-35,11172,28949207.4762911
None,none,1999-2020,21.2,WTMEC.COMBN,age+gender,inc_to_pov_level,uacr,52775,204149048.988624,163,gaussian (identity),High income (Intercept),-31.8836649970498,3.43219514303655,1.13031112158366e-16,-38.6107674774014,-25.1565625166981,50.1855651734211,1.27145625997535e-17,13292,73842041.6185234
None,none,1999-2020,21.2,WTMEC.COMBN,age+gender,inc_to_pov_level,uacr,52775,204149048.988624,163,gaussian (identity),Middle income,19.4038798122189,2.76628205252385,6.26586065644007e-11,13.9819669892722,24.8257926351657,50.1855651734211,1.27145625997535e-17,27966,100558081.099426
None,none,1999-2020,21.2,WTMEC.COMBN,age+gender,inc_to_pov_level,uacr,52775,204149048.988624,163,gaussian (identity),Low income,41.0366760046898,4.91111529355168,3.044871528098e-14,31.4108900293286,50.6624619800511,50.1855651734211,1.27145625997535e-17,11517,29748926.2706747
None,none,1999-2020,21.2,WTMEC.COMBN,age+gender,inc_to_pov_level,egfr,50647,197375925.519507,163,gaussian (identity),High income (Intercept),133.762486475797,0.413178616789983,4.34883752976961e-226,132.952656386889,134.572316564706,5.24640459186383,0.00621648371982076,12811,71699243.0136381
None,none,1999-2020,21.2,WTMEC.COMBN,age+gender,inc_to_pov_level,egfr,50647,197375925.519507,163,gaussian (identity),Middle income,0.674305031154278,0.252146017933152,0.00827194130489317,0.1800988360053,1.16851122630326,5.24640459186383,0.00621648371982076,26880,97239205.1840576
None,none,1999-2020,21.2,WTMEC.COMBN,age+gender,inc_to_pov_level,egfr,50647,197375925.519507,163,gaussian (identity),Low income,1.26628339015918,0.407753531681934,0.00224968003418805,0.467086468062587,2.06548031225577,5.24640459186383,0.00621648371982076,10956,28437477.3218111
None,none,1999-2016,14,WTMEC.COMBN,age+gender,inc_to_pov_level,crp,33783,193044908.889305,106,gaussian (identity),High income (Intercept),2.87895638393788,0.194208234761523,3.40725860093424e-27,2.4983082438053,3.25960452407047,52.6171505992254,1.99097162224236e-16,8472,69525565.1298088
None,none,1999-2016,14,WTMEC.COMBN,age+gender,inc_to_pov_level,crp,33783,193044908.889305,106,gaussian (identity),Middle income,0.538553333322108,0.103397336336945,9.93584796660523e-07,0.335894554101696,0.741212112542519,52.6171505992254,1.99097162224236e-16,18155,96452851.4349035
None,none,1999-2016,14,WTMEC.COMBN,age+gender,inc_to_pov_level,crp,33783,193044908.889305,106,gaussian (identity),Low income,1.55716774353275,0.156666559466577,1.10919886053109e-16,1.25010128697826,1.86423420008724,52.6171505992254,1.99097162224236e-16,7156,27066492.3245923
None,none,1999-2020,21.2,WTMEC.COMBN,age+gender,inc_to_pov_level,creatinine,50647,197375925.519507,163,gaussian (identity),High income (Intercept),0.615885593388032,0.00575143640194258,4.10258950347732e-150,0.604612778040225,0.627158408735839,1.42044632167253,0.244655117422711,12811,71699243.0136381
None,none,1999-2020,21.2,WTMEC.COMBN,age+gender,inc_to_pov_level,creatinine,50647,197375925.519507,163,gaussian (identity),Middle income,0.00605350002277483,0.00390380347397085,0.122969624601149,-0.00159795478620803,0.0137049548317577,1.42044632167253,0.244655117422711,26880,97239205.1840576
None,none,1999-2020,21.2,WTMEC.COMBN,age+gender,inc_to_pov_level,creatinine,50647,197375925.519507,163,gaussian (identity),Low income,0.00937811216942245,0.00670601575393004,0.16392161383243,-0.00376567870828044,0.0225219030471253,1.42044632167253,0.244655117422711,10956,28437477.3218111
None,none,1999-2020,21.2,WTSAF.COMBN,age+gender,employ_status,fg,27511,226337588.270537,163,gaussian (identity),Full-time employed (Intercept),84.3167861178827,0.524366249723185,4.96580648669672e-177,83.2890282684252,85.3445439673401,10.261624458867,3.27587749004532e-06,12366,120862132.992203
None,none,1999-2020,21.2,WTSAF.COMBN,age+gender,employ_status,fg,27511,226337588.270537,163,gaussian (identity),Part-time employed,-1.0915265163062,0.683900539524375,0.112480070520394,-2.43197157377397,0.248918541161577,10.261624458867,3.27587749004532e-06,2843,24567425.933678
None,none,1999-2020,21.2,WTSAF.COMBN,age+gender,employ_status,fg,27511,226337588.270537,163,gaussian (identity),Student,-2.27531521764261,0.701166726074089,0.00143349267671697,-3.64960200074782,-0.901028434537391,10.261624458867,3.27587749004532e-06,778,4889563.95002144
None,none,1999-2020,21.2,WTSAF.COMBN,age+gender,employ_status,fg,27511,226337588.270537,163,gaussian (identity),Unemployed,1.64161569744964,0.563207829527905,0.00407688137119241,0.537728351574947,2.74550304332433,10.261624458867,3.27587749004532e-06,11524,76018465.3946346
None,none,1999-2020,21.2,WTSAF.COMBN,age+gender,employ_status,fi,26965,222225758.626833,163,gaussian (identity),Full-time employed (Intercept),10.9060759729455,0.33355229994707,3.19506785237242e-72,10.2523134650493,11.5598384808418,20.3813192702799,3.23046852445029e-11,12174,119066496.040297
None,none,1999-2020,21.2,WTSAF.COMBN,age+gender,employ_status,fi,26965,222225758.626833,163,gaussian (identity),Part-time employed,0.183410913197874,0.474620354100478,0.699692890461751,-0.746844980839063,1.11366680723481,20.3813192702799,3.23046852445029e-11,2785,24051412.4752683
None,none,1999-2020,21.2,WTSAF.COMBN,age+gender,employ_status,fi,26965,222225758.626833,163,gaussian (identity),Student,0.254507675253931,0.826080832757423,0.758419241169397,-1.36461075695062,1.87362610745848,20.3813192702799,3.23046852445029e-11,751,4744141.40774178
None,none,1999-2020,21.2,WTSAF.COMBN,age+gender,employ_status,fi,26965,222225758.626833,163,gaussian (identity),Unemployed,1.80867762090978,0.237650161399379,2.3170483849873e-12,1.342883304567,2.27447193725256,20.3813192702799,3.23046852445029e-11,11255,74363708.7035261
None,none,1999-2020,21.2,WTSAF.COMBN,age+gender,employ_status,tg,27025,224019807.540013,163,gaussian (identity),Full-time employed (Intercept),92.5758115280983,2.33707823842455,5.86762233222362e-84,87.9951381807861,97.1564848754104,7.86082530295767,6.37258501757198e-05,12186,119763813.705608
None,none,1999-2020,21.2,WTSAF.COMBN,age+gender,employ_status,tg,27025,224019807.540013,163,gaussian (identity),Part-time employed,-4.70083113283345,2.95292017025586,0.113399996047213,-10.4885546665349,1.08689240086804,7.86082530295767,6.37258501757198e-05,2796,24410132.4087832
None,none,1999-2020,21.2,WTSAF.COMBN,age+gender,employ_status,tg,27025,224019807.540013,163,gaussian (identity),Student,-12.8181218100911,4.59928188532196,0.00597266706711028,-21.8327143053221,-3.80352931486003,7.86082530295767,6.37258501757198e-05,764,4824937.28978741
None,none,1999-2020,21.2,WTSAF.COMBN,age+gender,employ_status,tg,27025,224019807.540013,163,gaussian (identity),Unemployed,6.10194832601702,2.1178036069801,0.0045116619076491,1.95105325633603,10.252843395698,7.86082530295767,6.37258501757198e-05,11279,75020924.1358349
None,none,1999-2020,21.2,WTMEC.COMBN,age+gender,employ_status,tc,55864,213901734.896739,163,gaussian (identity),Full-time employed (Intercept),179.961622124756,0.78186390646966,1.55096713361012e-201,178.429168868075,181.494075381437,80.8931795300181,9.31386501275548e-32,25281,114475869.885712
None,none,1999-2020,21.2,WTMEC.COMBN,age+gender,employ_status,tc,55864,213901734.896739,163,gaussian (identity),Part-time employed,-4.76128093098406,0.808264771484683,2.242352528524e-08,-6.34547988309404,-3.17708197887408,80.8931795300181,9.31386501275548e-32,5718,22298153.7152205
None,none,1999-2020,21.2,WTMEC.COMBN,age+gender,employ_status,tc,55864,213901734.896739,163,gaussian (identity),Student,-11.6426851936498,1.33776305153709,4.02300597409253e-15,-14.2647007746625,-9.02066961263709,80.8931795300181,9.31386501275548e-32,1589,4394483.83822654
None,none,1999-2020,21.2,WTMEC.COMBN,age+gender,employ_status,tc,55864,213901734.896739,163,gaussian (identity),Unemployed,-7.30502459258334,0.551749277343831,2.13737629383948e-27,-8.38645317617725,-6.22359600898943,80.8931795300181,9.31386501275548e-32,23276,72733227.45758
None,none,1999-2020,21.2,WTMEC.COMBN,age+gender,employ_status,hdl,55862,213894516.478279,163,gaussian (identity),Full-time employed (Intercept),54.2517809842756,0.317386185285598,3.35316212764412e-181,53.6297040611159,54.8738579074354,31.1361335884545,7.19039123958302e-16,25281,114477266.263384
None,none,1999-2020,21.2,WTMEC.COMBN,age+gender,employ_status,hdl,55862,213894516.478279,163,gaussian (identity),Part-time employed,1.36816387845349,0.287162740106189,4.26057089221451e-06,0.80532490784536,1.93100284906162,31.1361335884545,7.19039123958302e-16,5718,22298153.7152205
None,none,1999-2020,21.2,WTMEC.COMBN,age+gender,employ_status,hdl,55862,213894516.478279,163,gaussian (identity),Student,1.14628904286731,0.544177353158728,0.0367442680820736,0.0797014306761998,2.21287665505841,31.1361335884545,7.19039123958302e-16,1589,4394483.83822654
None,none,1999-2020,21.2,WTMEC.COMBN,age+gender,employ_status,hdl,55862,213894516.478279,163,gaussian (identity),Unemployed,-1.38997600770312,0.211000400543938,6.30617207127067e-10,-1.80353679276924,-0.976415222637006,31.1361335884545,7.19039123958302e-16,23274,72724612.6614486
None,none,1999-2020,21.2,WTSAF.COMBN,age+gender,employ_status,ldl_friedewald,26512,219855733.847885,163,gaussian (identity),Full-time employed (Intercept),105.077353376218,0.902395448262297,4.51956280529496e-155,103.308658297624,106.846048454813,36.3555598801804,6.36342847557816e-18,11944,117460820.561641
None,none,1999-2020,21.2,WTSAF.COMBN,age+gender,employ_status,ldl_friedewald,26512,219855733.847885,163,gaussian (identity),Part-time employed,-4.87006742202802,1.05090533990574,7.45364293566916e-06,-6.92984188824327,-2.81029295581276,36.3555598801804,6.36342847557816e-18,2761,24091269.6804612
None,none,1999-2020,21.2,WTSAF.COMBN,age+gender,employ_status,ldl_friedewald,26512,219855733.847885,163,gaussian (identity),Student,-7.71602550426966,2.28917789801922,0.000942654393784705,-12.2028141843873,-3.22923682415198,36.3555598801804,6.36342847557816e-18,760,4771932.43544779
None,none,1999-2020,21.2,WTSAF.COMBN,age+gender,employ_status,ldl_friedewald,26512,219855733.847885,163,gaussian (identity),Unemployed,-6.77627017453913,0.684158544761423,2.72654661859538e-18,-8.11722092227152,-5.43531942680674,36.3555598801804,6.36342847557816e-18,11047,73531711.170335
None,none,1999-2020,21.2,WTMEC.COMBN,age+gender,employ_status,glu,55708,213367235.544179,163,gaussian (identity),Full-time employed (Intercept),77.0574968944013,0.412178391296284,2.5630837030964e-187,76.2496272474606,77.865366541342,35.0201234796048,2.07764240156093e-17,25224,114236508.906435
None,none,1999-2020,21.2,WTMEC.COMBN,age+gender,employ_status,glu,55708,213367235.544179,163,gaussian (identity),Part-time employed,-0.987907420414658,0.460415495381523,0.0334252408622087,-1.89032179136244,-0.085493049466874,35.0201234796048,2.07764240156093e-17,5705,22241251.075829
None,none,1999-2020,21.2,WTMEC.COMBN,age+gender,employ_status,glu,55708,213367235.544179,163,gaussian (identity),Student,-1.19680716289334,0.513835728697835,0.0211166606459289,-2.2039251911411,-0.189689134645585,35.0201234796048,2.07764240156093e-17,1583,4379842.00879201
None,none,1999-2020,21.2,WTMEC.COMBN,age+gender,employ_status,glu,55708,213367235.544179,163,gaussian (identity),Unemployed,2.86748204039074,0.387112986888308,7.27565991980623e-12,2.10874058608965,3.62622349469182,35.0201234796048,2.07764240156093e-17,23196,72509633.5531227
None,none,1999-2020,21.2,WTSAF.COMBN,age+gender,employ_status,tgglu,26937,223436004.769754,163,gaussian (identity),Full-time employed (Intercept),1.18897891848262,0.024111971019913,7.32204964382281e-98,1.14171945528359,1.23623838168165,4.7011688204455,0.00358379097768879,12153,119516317.134118
None,none,1999-2020,21.2,WTSAF.COMBN,age+gender,employ_status,tgglu,26937,223436004.769754,163,gaussian (identity),Part-time employed,-0.0342398059173148,0.0317204566141881,0.282044015635102,-0.0964119008811234,0.0279322890464938,4.7011688204455,0.00358379097768879,2792,24353371.7636751
None,none,1999-2020,21.2,WTSAF.COMBN,age+gender,employ_status,tgglu,26937,223436004.769754,163,gaussian (identity),Student,-0.108461607877331,0.0538819004954801,0.0458180684899436,-0.214070132848472,-0.00285308290619035,4.7011688204455,0.00358379097768879,760,4805086.47818363
None,none,1999-2020,21.2,WTSAF.COMBN,age+gender,employ_status,tgglu,26937,223436004.769754,163,gaussian (identity),Unemployed,0.0520550532266647,0.0203632909022245,0.0115213443206681,0.0121430030583046,0.0919671033950248,4.7011688204455,0.00358379097768879,11232,74761229.3937775
None,none,2005-2016,12,WTSAF.COMBN,age+gender,employ_status,ogtt_2hg,11586,188629355.583648,94,gaussian (identity),Full-time employed (Intercept),73.7156974298533,1.51433078683931,6.25101911927296e-66,70.7476090876483,76.6837857720584,8.78333535470172,3.65624090559142e-05,5551,103092575.515878
None,none,2005-2016,12,WTSAF.COMBN,age+gender,employ_status,ogtt_2hg,11586,188629355.583648,94,gaussian (identity),Part-time employed,0.902380457115198,1.66831253491696,0.589931799984897,-2.36751211132205,4.17227302555245,8.78333535470172,3.65624090559142e-05,1281,21119203.9668254
None,none,2005-2016,12,WTSAF.COMBN,age+gender,employ_status,ogtt_2hg,11586,188629355.583648,94,gaussian (identity),Student,3.2932104268517,2.20005520172141,0.137963544308508,-1.01889776852227,7.60531862222567,8.78333535470172,3.65624090559142e-05,376,4447841.43238723
None,none,2005-2016,12,WTSAF.COMBN,age+gender,employ_status,ogtt_2hg,11586,188629355.583648,94,gaussian (identity),Unemployed,6.30856522285542,1.34476719914253,9.76280942077786e-06,3.67282151253606,8.94430893317479,8.78333535470172,3.65624090559142e-05,4378,59969734.6685577
None,none,1999-2020,21.2,WTMEC.COMBN,age+gender,employ_status,hba1c,56588,216232197.290238,163,gaussian (identity),Full-time employed (Intercept),4.80880017553609,0.0114339379177861,7.91644295857232e-243,4.78638965721723,4.83121069385495,20.5965751438543,2.56971493724181e-11,25506,115334175.02458
None,none,1999-2020,21.2,WTMEC.COMBN,age+gender,employ_status,hba1c,56588,216232197.290238,163,gaussian (identity),Part-time employed,-0.0430499173553878,0.0136617404449249,0.00194596849791522,-0.0698269286274406,-0.0162729060833351,20.5965751438543,2.56971493724181e-11,5780,22517495.8463044
None,none,1999-2020,21.2,WTMEC.COMBN,age+gender,employ_status,hba1c,56588,216232197.290238,163,gaussian (identity),Student,-0.0226087456183308,0.0160947414282412,0.162064870550605,-0.0541544388176835,0.00893694758102181,20.5965751438543,2.56971493724181e-11,1614,4454639.44795009
None,none,1999-2020,21.2,WTMEC.COMBN,age+gender,employ_status,hba1c,56588,216232197.290238,163,gaussian (identity),Unemployed,0.0542061179013402,0.011788680270855,8.68388835547774e-06,0.0311003045704644,0.0773119312322159,20.5965751438543,2.56971493724181e-11,23688,73925886.9714041
None,none,1999-2020,21.2,WTMEC.COMBN,age+gender,employ_status,uacr,58194,221206496.056371,163,gaussian (identity),Full-time employed (Intercept),-9.78418954564111,2.97951232574082,0.00126106962842749,-15.6240337040931,-3.94434538718911,23.2052198086834,1.68674838574329e-12,26363,118209471.749881
None,none,1999-2020,21.2,WTMEC.COMBN,age+gender,employ_status,uacr,58194,221206496.056371,163,gaussian (identity),Part-time employed,4.68203361134157,3.27703951163462,0.155053259290298,-1.74096383146228,11.1050310541454,23.2052198086834,1.68674838574329e-12,5978,23111423.611377
None,none,1999-2020,21.2,WTMEC.COMBN,age+gender,employ_status,uacr,58194,221206496.056371,163,gaussian (identity),Student,10.3531432319902,3.59919785682352,0.00457661687652428,3.29871543261609,17.4075710313643,23.2052198086834,1.68674838574329e-12,1697,4726308.62268062
None,none,1999-2020,21.2,WTMEC.COMBN,age+gender,employ_status,uacr,58194,221206496.056371,163,gaussian (identity),Unemployed,31.6486021891376,4.2324757634491,4.90844407594186e-12,23.3529496927773,39.9442546854978,23.2052198086834,1.68674838574329e-12,24156,75159292.0724321
None,none,1999-2020,21.2,WTMEC.COMBN,age+gender,employ_status,egfr,55707,213379052.461311,163,gaussian (identity),Full-time employed (Intercept),134.695010333396,0.372957521180109,2.18373680344622e-232,133.964013591883,135.426007074909,3.44042718983576,0.0183165924743671,25226,114255439.926796
None,none,1999-2020,21.2,WTMEC.COMBN,age+gender,employ_status,egfr,55707,213379052.461311,163,gaussian (identity),Part-time employed,-0.134041873606396,0.315710919908888,0.671726612118923,-0.752835276627817,0.484751529415024,3.44042718983576,0.0183165924743671,5705,22241251.075829
None,none,1999-2020,21.2,WTMEC.COMBN,age+gender,employ_status,egfr,55707,213379052.461311,163,gaussian (identity),Student,-1.39841397292964,0.734868292244484,0.0588665004566364,-2.83875582572883,0.0419278798695504,3.44042718983576,0.0183165924743671,1583,4379842.00879201
None,none,1999-2020,21.2,WTMEC.COMBN,age+gender,employ_status,egfr,55707,213379052.461311,163,gaussian (identity),Unemployed,-0.77491840059405,0.253420904526699,0.00261898779772351,-1.27162337346638,-0.27821342772172,3.44042718983576,0.0183165924743671,23193,72502519.4498944
None,none,1999-2016,14,WTMEC.COMBN,age+gender,employ_status,crp,36871,207347360.772984,106,gaussian (identity),Full-time employed (Intercept),3.73141451112335,0.158584351737863,8.79985656906908e-43,3.42058918171714,4.04223984052956,48.2561277669579,1.95865020383296e-19,16710,112920628.117872
None,none,1999-2016,14,WTMEC.COMBN,age+gender,employ_status,crp,36871,207347360.772984,106,gaussian (identity),Part-time employed,-0.128729795719477,0.160379207576675,0.424056655930538,-0.44307304256976,0.185613451130807,48.2561277669579,1.95865020383296e-19,3731,20871305.004036
None,none,1999-2016,14,WTMEC.COMBN,age+gender,employ_status,crp,36871,207347360.772984,106,gaussian (identity),Student,-0.882427696513294,0.244876202560166,0.000489176750667112,-1.36238505353122,-0.402470339495367,48.2561277669579,1.95865020383296e-19,998,4035288.45399942
None,none,1999-2016,14,WTMEC.COMBN,age+gender,employ_status,crp,36871,207347360.772984,106,gaussian (identity),Unemployed,1.24618424798447,0.112649029330279,4.14451326227306e-19,1.02539215049713,1.46697634547182,48.2561277669579,1.95865020383296e-19,15432,69520139.197076
None,none,1999-2020,21.2,WTMEC.COMBN,age+gender,employ_status,creatinine,55707,213379052.461311,163,gaussian (identity),Full-time employed (Intercept),0.619767207174234,0.00513129637505822,1.48701243736723e-157,0.60970986627912,0.629824548069348,39.1252777462234,5.77466454089987e-19,25226,114255439.926796
None,none,1999-2020,21.2,WTMEC.COMBN,age+gender,employ_status,creatinine,55707,213379052.461311,163,gaussian (identity),Part-time employed,0.0122374206213325,0.00428868061473887,0.00490483219063227,0.00383160661644436,0.0206432346262207,39.1252777462234,5.77466454089987e-19,5705,22241251.075829
None,none,1999-2020,21.2,WTMEC.COMBN,age+gender,employ_status,creatinine,55707,213379052.461311,163,gaussian (identity),Student,0.0377310279633977,0.00683521547352184,1.36150318628831e-07,0.0243340056352949,0.0511280502915005,39.1252777462234,5.77466454089987e-19,1583,4379842.00879201
None,none,1999-2020,21.2,WTMEC.COMBN,age+gender,employ_status,creatinine,55707,213379052.461311,163,gaussian (identity),Unemployed,0.0482505580281385,0.00487637457664604,2.89599584038129e-18,0.0386928638579122,0.0578082521983647,39.1252777462234,5.77466454089987e-19,23193,72502519.4498944
None,none,2001-2016,16,WTMEC.COMBN,age+gender,educ_level,vitd,42291,210968174.412348,124,gaussian (identity),College graduate or above (Intercept),64.0032556611751,0.935455282299744,8.36411029955413e-97,62.1697633078676,65.8367480144826,64.3136889781694,9.40347260728823e-29,8623,57369154.0960151
None,none,2001-2016,16,WTMEC.COMBN,age+gender,educ_level,vitd,42291,210968174.412348,124,gaussian (identity),Some college or AA degree,-4.10323034458426,0.529661895490614,3.61856959052447e-12,-5.14136765974587,-3.06509302942266,64.3136889781694,9.40347260728823e-29,11901,65649864.8466322
None,none,2001-2016,16,WTMEC.COMBN,age+gender,educ_level,vitd,42291,210968174.412348,124,gaussian (identity),HS graduate or GED,-5.19863857660012,0.611452993051592,6.69256450924511e-14,-6.39708644298124,-4.000190710219,64.3136889781694,9.40347260728823e-29,10038,50063582.0099016
None,none,2001-2016,16,WTMEC.COMBN,age+gender,educ_level,vitd,42291,210968174.412348,124,gaussian (identity),9-11th grade,-9.40041644489533,0.795110025617032,9.38603827574551e-22,-10.9588320951047,-7.84200079468595,64.3136889781694,9.40347260728823e-29,6918,25203636.4215279
None,none,2001-2016,16,WTMEC.COMBN,age+gender,educ_level,vitd,42291,210968174.412348,124,gaussian (identity),Less than 9th grade,-12.4023268683863,0.802449150310128,3.91782180879784e-30,-13.9751272029941,-10.8295265337784,64.3136889781694,9.40347260728823e-29,4811,12681937.0382711
None,none,2001-2006,6,WTMEC.COMBN,age+gender,educ_level,b_carot,15128,204095238.873357,45,gaussian (identity),College graduate or above (Intercept),16.7543995772972,0.928568495160399,1.57840219567392e-20,14.9344053267828,18.5743938278116,55.9159216674146,1.23904434095876e-15,2660,49877207.0340913
None,none,2001-2006,6,WTMEC.COMBN,age+gender,educ_level,b_carot,15128,204095238.873357,45,gaussian (identity),Some college or AA degree,-7.31001647435069,0.715789151766089,1.40585522736691e-12,-8.71296321181222,-5.90706973688915,55.9159216674146,1.23904434095876e-15,4065,62395856.8517647
None,none,2001-2006,6,WTMEC.COMBN,age+gender,educ_level,b_carot,15128,204095238.873357,45,gaussian (identity),HS graduate or GED,-9.13468234347337,0.633556242923962,3.24500800010253e-17,-10.3764525796043,-7.89291210734241,55.9159216674146,1.23904434095876e-15,3775,53119842.3683908
None,none,2001-2006,6,WTMEC.COMBN,age+gender,educ_level,b_carot,15128,204095238.873357,45,gaussian (identity),9-11th grade,-10.4149447086834,0.815138731150509,1.61664725983988e-15,-12.0126166217384,-8.81727279562844,55.9159216674146,1.23904434095876e-15,2700,25275982.1971775
None,none,2001-2006,6,WTMEC.COMBN,age+gender,educ_level,b_carot,15128,204095238.873357,45,gaussian (identity),Less than 9th grade,-8.1160709658493,0.853731218698194,1.05129879371251e-11,-9.78938415449776,-6.44275777720084,55.9159216674146,1.23904434095876e-15,1928,13426350.421933
None,none,1999-2006,8,WTMEC.COMBN,age+gender,educ_level,g_tocoph,19084,193265313.974431,59,gaussian (identity),College graduate or above (Intercept),199.578453324032,5.18008007025472,1.94294748340769e-40,189.425496386333,209.731410261731,58.8127018516811,7.31186467611754e-19,3255,46034369.490322
None,none,1999-2006,8,WTMEC.COMBN,age+gender,educ_level,g_tocoph,19084,193265313.974431,59,gaussian (identity),Some college or AA degree,39.0027430700776,3.86071312366992,5.88350700278487e-14,31.4357453476846,46.5697407924707,58.8127018516811,7.31186467611754e-19,4964,57997003.6569508
None,none,1999-2006,8,WTMEC.COMBN,age+gender,educ_level,g_tocoph,19084,193265313.974431,59,gaussian (identity),HS graduate or GED,50.7177630319939,3.90869772109695,4.39104597649185e-18,43.0567154986439,58.378810565344,58.8127018516811,7.31186467611754e-19,4721,50326210.4848981
None,none,1999-2006,8,WTMEC.COMBN,age+gender,educ_level,g_tocoph,19084,193265313.974431,59,gaussian (identity),9-11th grade,57.8625356485141,4.45111523180272,4.07471994316127e-18,49.1383497941807,66.5867215028474,58.8127018516811,7.31186467611754e-19,3598,25940264.0977486
None,none,1999-2006,8,WTMEC.COMBN,age+gender,educ_level,g_tocoph,19084,193265313.974431,59,gaussian (identity),Less than 9th grade,45.3005824482207,5.35784755590367,2.11375116421635e-11,34.7992012386495,55.8019636577919,58.8127018516811,7.31186467611754e-19,2546,12967466.244511
None,none,2001-2006,6,WTMEC.COMBN,age+gender,educ_level,t_lycop,15121,204024773.688017,45,gaussian (identity),College graduate or above (Intercept),29.2731013330134,0.410979846469619,6.49880130603154e-43,28.4675808339329,30.0786218320939,74.2239512162812,1.0609571717573e-17,2658,49852972.3451553
None,none,2001-2006,6,WTMEC.COMBN,age+gender,educ_level,t_lycop,15121,204024773.688017,45,gaussian (identity),Some college or AA degree,-0.774458490845007,0.338054263724227,0.0274552344475267,-1.43704484774449,-0.111872133945523,74.2239512162812,1.0609571717573e-17,4064,62367928.9022153
None,none,2001-2006,6,WTMEC.COMBN,age+gender,educ_level,t_lycop,15121,204024773.688017,45,gaussian (identity),HS graduate or GED,-1.42038433944529,0.362068313902874,0.000344531800019319,-2.13003823469492,-0.710730444195652,74.2239512162812,1.0609571717573e-17,3775,53119842.3683908
None,none,2001-2006,6,WTMEC.COMBN,age+gender,educ_level,t_lycop,15121,204024773.688017,45,gaussian (identity),9-11th grade,-3.51673409048924,0.447013887275829,1.42498597102294e-09,-4.39288130954986,-2.64058687142861,74.2239512162812,1.0609571717573e-17,2700,25275982.1971775
None,none,2001-2006,6,WTMEC.COMBN,age+gender,educ_level,t_lycop,15121,204024773.688017,45,gaussian (identity),Less than 9th grade,-5.45762634572793,0.387673552892476,7.11306731568391e-17,-6.21746650939719,-4.69778618205868,74.2239512162812,1.0609571717573e-17,1924,13408047.8750784
None,none,2011-2020,9.2,WTMEC.COMBN,age+gender,educ_level,manganese,18957,178554716.008674,72,gaussian (identity),College graduate or above (Intercept),11.3404167682641,0.132223395049426,2.04255472508448e-69,11.0812589139672,11.599574622561,7.93465066022519,2.76407454602945e-05,4613,55447495.0647179
None,none,2011-2020,9.2,WTMEC.COMBN,age+gender,educ_level,manganese,18957,178554716.008674,72,gaussian (identity),Some college or AA degree,-0.062907896446909,0.102067455238183,0.539792535764408,-0.262960108713747,0.137144315819929,7.93465066022519,2.76407454602945e-05,5887,55739078.6052586
None,none,2011-2020,9.2,WTMEC.COMBN,age+gender,educ_level,manganese,18957,178554716.008674,72,gaussian (identity),HS graduate or GED,0.156023595512239,0.118414050477914,0.192189676290196,-0.076067943424473,0.388115134448951,7.93465066022519,2.76407454602945e-05,4379,42703398.2152017
None,none,2011-2020,9.2,WTMEC.COMBN,age+gender,educ_level,manganese,18957,178554716.008674,72,gaussian (identity),9-11th grade,0.345173532224393,0.148956961769777,0.02360036262927,0.0532178871556309,0.637129177293156,7.93465066022519,2.76407454602945e-05,2404,16127585.5993227
None,none,2011-2020,9.2,WTMEC.COMBN,age+gender,educ_level,manganese,18957,178554716.008674,72,gaussian (identity),Less than 9th grade,0.706552217460977,0.147205259311374,9.47005034704977e-06,0.418029909210684,0.995074525711271,7.93465066022519,2.76407454602945e-05,1674,8537158.52417313
None,none,2011-2020,9.2,WTMEC.COMBN,age+gender,educ_level,selenium,18957,178554716.008674,72,gaussian (identity),College graduate or above (Intercept),191.306654241107,1.09032846834182,7.75946949216286e-90,189.169610443157,193.443698039057,6.17254364371535,0.000278467105605994,4613,55447495.0647179
None,none,2011-2020,9.2,WTMEC.COMBN,age+gender,educ_level,selenium,18957,178554716.008674,72,gaussian (identity),Some college or AA degree,-1.38392171081273,0.764141618072576,0.0746794011931557,-2.88163928223498,0.113795860609514,6.17254364371535,0.000278467105605994,5887,55739078.6052586
None,none,2011-2020,9.2,WTMEC.COMBN,age+gender,educ_level,selenium,18957,178554716.008674,72,gaussian (identity),HS graduate or GED,-4.08473205715717,0.952271744838833,5.97721583656162e-05,-5.95118467704129,-2.21827943727306,6.17254364371535,0.000278467105605994,4379,42703398.2152017
None,none,2011-2020,9.2,WTMEC.COMBN,age+gender,educ_level,selenium,18957,178554716.008674,72,gaussian (identity),9-11th grade,-4.4893773564576,1.31260725650054,0.00107764910504422,-7.06208757919866,-1.91666713371655,6.17254364371535,0.000278467105605994,2404,16127585.5993227
None,none,2011-2020,9.2,WTMEC.COMBN,age+gender,educ_level,selenium,18957,178554716.008674,72,gaussian (identity),Less than 9th grade,-5.06798575192785,1.22221453627717,9.83961381149023e-05,-7.4635262430311,-2.6724452608246,6.17254364371535,0.000278467105605994,1674,8537158.52417313
None,none,1999-2020,21.2,WTMEC.COMBN,age+gender,educ_level,mercury,43774,168252298.523489,163,gaussian (identity),College graduate or above (Intercept),1.69886398193851,0.0673920819037837,4.55262878992907e-57,1.5667755014071,1.83095246246993,64.9043380868854,2.67297523103192e-32,9061,46642737.4810047
None,none,1999-2020,21.2,WTMEC.COMBN,age+gender,educ_level,mercury,43774,168252298.523489,163,gaussian (identity),Some college or AA degree,-0.738472480039383,0.0571420654558814,1.75138280640055e-26,-0.850470928332911,-0.626474031745855,64.9043380868854,2.67297523103192e-32,12682,52125946.6730875
None,none,1999-2020,21.2,WTMEC.COMBN,age+gender,educ_level,mercury,43774,168252298.523489,163,gaussian (identity),HS graduate or GED,-0.938277190080603,0.0593980080978651,2.96577938615694e-34,-1.05469728595242,-0.821857094208787,64.9043380868854,2.67297523103192e-32,10476,41364070.2100224
None,none,1999-2020,21.2,WTMEC.COMBN,age+gender,educ_level,mercury,43774,168252298.523489,163,gaussian (identity),9-11th grade,-0.962437195198588,0.069234626658507,3.76362910556166e-29,-1.09813706344926,-0.826737326947914,64.9043380868854,2.67297523103192e-32,6896,18780363.497058
None,none,1999-2020,21.2,WTMEC.COMBN,age+gender,educ_level,mercury,43774,168252298.523489,163,gaussian (identity),Less than 9th grade,-0.769854073073771,0.0866460658247201,1.40731291037322e-15,-0.939680362090223,-0.60002778405732,64.9043380868854,2.67297523103192e-32,4659,9339180.66231655
None,none,1999-2020,21.2,WTMEC.COMBN,age+gender,educ_level,lead,50661,193585739.368514,163,gaussian (identity),College graduate or above (Intercept),0.0732351534735737,0.0310986707837393,0.0197629551967414,0.0122817587374448,0.134188548209703,111.666837279643,7.19405699666913e-45,10172,52425821.1137072
None,none,1999-2020,21.2,WTMEC.COMBN,age+gender,educ_level,lead,50661,193585739.368514,163,gaussian (identity),Some college or AA degree,0.15771074598216,0.0215635665183672,1.25132701514631e-11,0.11544615560616,0.19997533635816,111.666837279643,7.19405699666913e-45,14181,58765870.1220577
None,none,1999-2020,21.2,WTMEC.COMBN,age+gender,educ_level,lead,50661,193585739.368514,163,gaussian (identity),HS graduate or GED,0.305074394956826,0.0300809079380862,6.63860853495818e-19,0.246115815398177,0.364032974515475,111.666837279643,7.19405699666913e-45,12107,48077306.7128382
None,none,1999-2020,21.2,WTMEC.COMBN,age+gender,educ_level,lead,50661,193585739.368514,163,gaussian (identity),9-11th grade,0.62683278363014,0.0305409880269162,2.6501628227876e-46,0.566972447097384,0.686693120162896,111.666837279643,7.19405699666913e-45,8292,22822097.0481435
None,none,1999-2020,21.2,WTMEC.COMBN,age+gender,educ_level,lead,50661,193585739.368514,163,gaussian (identity),Less than 9th grade,0.749359162154136,0.0574072213109683,7.72675070937393e-27,0.636841008384639,0.861877315923634,111.666837279643,7.19405699666913e-45,5909,11494644.3717675
None,none,1999-2020,21.2,WTMEC.COMBN,age+gender,educ_level,cadmium,50661,193585739.368514,163,gaussian (identity),College graduate or above (Intercept),0.285212340027671,0.0118093406274771,9.64608190148816e-55,0.262066032397816,0.308358647657527,283.016658243082,1.16473494440246e-70,10172,52425821.1137072
None,none,1999-2020,21.2,WTMEC.COMBN,age+gender,educ_level,cadmium,50661,193585739.368514,163,gaussian (identity),Some college or AA degree,0.144782805222753,0.00837898404874967,3.75761479763353e-38,0.128359996487204,0.161205613958303,283.016658243082,1.16473494440246e-70,14181,58765870.1220577
None,none,1999-2020,21.2,WTMEC.COMBN,age+gender,educ_level,cadmium,50661,193585739.368514,163,gaussian (identity),HS graduate or GED,0.216643548512435,0.00876815223608675,5.65470282626632e-56,0.199457970129705,0.233829126895165,283.016658243082,1.16473494440246e-70,12107,48077306.7128382
None,none,1999-2020,21.2,WTMEC.COMBN,age+gender,educ_level,cadmium,50661,193585739.368514,163,gaussian (identity),9-11th grade,0.329008733444914,0.0126068862755357,5.5957763845558e-59,0.304299236344864,0.353718230544964,283.016658243082,1.16473494440246e-70,8292,22822097.0481435
None,none,1999-2020,21.2,WTMEC.COMBN,age+gender,educ_level,cadmium,50661,193585739.368514,163,gaussian (identity),Less than 9th grade,0.177447201128817,0.0134590113914034,3.39057433162483e-27,0.151067538801666,0.203826863455968,283.016658243082,1.16473494440246e-70,5909,11494644.3717675
None,none,1999-2004,6,WTMEC.COMBN,age+gender,educ_level,hcb,4472,59656174.65637,44,gaussian (identity),College graduate or above (Intercept),0.0886815847684413,0.0062215611864375,7.87087126240497e-17,0.0764873248430238,0.100875844693859,4.06648114535955,0.0076847846188534,716,13521706.725433
None,none,1999-2004,6,WTMEC.COMBN,age+gender,educ_level,hcb,4472,59656174.65637,44,gaussian (identity),Some college or AA degree,0.0131913625747787,0.00541825283067442,0.0197142567611787,0.0025715870266568,0.0238111381229005,4.06648114535955,0.0076847846188534,1184,18648809.1075708
None,none,1999-2004,6,WTMEC.COMBN,age+gender,educ_level,hcb,4472,59656174.65637,44,gaussian (identity),HS graduate or GED,0.0141735134788639,0.0066209294750924,0.0387749371248494,0.00119649170768281,0.027150535250045,4.06648114535955,0.0076847846188534,1045,14868773.0250521
None,none,1999-2004,6,WTMEC.COMBN,age+gender,educ_level,hcb,4472,59656174.65637,44,gaussian (identity),9-11th grade,0.0208999252185171,0.00575765620147119,0.000832127239889284,0.00961491906363359,0.0321849313734007,4.06648114535955,0.0076847846188534,898,8626577.84867478
None,none,1999-2004,6,WTMEC.COMBN,age+gender,educ_level,hcb,4472,59656174.65637,44,gaussian (identity),Less than 9th grade,0.0273032892766364,0.00820338257288738,0.0019493117970052,0.0112246594337772,0.0433819191194957,4.06648114535955,0.0076847846188534,629,3990307.94963933
None,none,1999-2004,6,WTMEC.COMBN,age+gender,educ_level,hcb_adj,4472,59656174.65637,44,gaussian (identity),College graduate or above (Intercept),18.9004576443518,1.23096797760812,7.01581564741342e-18,16.4877604082399,21.3131548804637,3.40610434748665,0.0178168274196428,716,13521706.725433
None,none,1999-2004,6,WTMEC.COMBN,age+gender,educ_level,hcb_adj,4472,59656174.65637,44,gaussian (identity),Some college or AA degree,1.66687074305808,0.970737483623674,0.0940990048857773,-0.235774724844326,3.56951621096048,3.40610434748665,0.0178168274196428,1184,18648809.1075708
None,none,1999-2004,6,WTMEC.COMBN,age+gender,educ_level,hcb_adj,4472,59656174.65637,44,gaussian (identity),HS graduate or GED,1.57943229239303,1.18001389514549,0.188691703248805,-0.733394942092128,3.89225952687819,3.40610434748665,0.0178168274196428,1045,14868773.0250521
None,none,1999-2004,6,WTMEC.COMBN,age+gender,educ_level,hcb_adj,4472,59656174.65637,44,gaussian (identity),9-11th grade,3.47912579570863,1.13252400516748,0.00391872340471466,1.25937874558036,5.69887284583689,3.40610434748665,0.0178168274196428,898,8626577.84867478
None,none,1999-2004,6,WTMEC.COMBN,age+gender,educ_level,hcb_adj,4472,59656174.65637,44,gaussian (identity),Less than 9th grade,4.54714800187426,1.34137724866646,0.00164219640753061,1.918048594488,7.17624740926052,3.40610434748665,0.0178168274196428,629,3990307.94963933
None,none,1999-2004,6,WTMEC.COMBN,age+gender,educ_level,hepox,4302,55833143.2665795,44,gaussian (identity),College graduate or above (Intercept),-0.0159319680106514,0.0067012155879612,0.0225680154907611,-0.0290663505630554,-0.00279758545824746,2.56092378567947,0.0540079755782861,666,12436369.6915657
None,none,1999-2004,6,WTMEC.COMBN,age+gender,educ_level,hepox,4302,55833143.2665795,44,gaussian (identity),Some college or AA degree,0.00453772311887911,0.00379807756475293,0.239591737277512,-0.00290650890803663,0.0119819551457949,2.56092378567947,0.0540079755782861,1134,17343509.5903048
None,none,1999-2004,6,WTMEC.COMBN,age+gender,educ_level,hepox,4302,55833143.2665795,44,gaussian (identity),HS graduate or GED,0.00701044751811288,0.00443659117103766,0.12236324402493,-0.00168527117712094,0.0157061662133467,2.56092378567947,0.0540079755782861,1024,14402651.8328229
None,none,1999-2004,6,WTMEC.COMBN,age+gender,educ_level,hepox,4302,55833143.2665795,44,gaussian (identity),9-11th grade,0.0106798847290296,0.00529244947680816,0.0506977452824567,0.000306683754485637,0.0210530857035736,2.56092378567947,0.0540079755782861,864,7932654.64280711
None,none,1999-2004,6,WTMEC.COMBN,age+gender,educ_level,hepox,4302,55833143.2665795,44,gaussian (identity),Less than 9th grade,0.0275944055356684,0.0149180084633581,0.0721399192755926,-0.0016448910525136,0.0568337021238503,2.56092378567947,0.0540079755782861,614,3717957.509079
None,none,1999-2004,6,WTSPO.COMBN,age+gender,educ_level,pcb180,4578,191623715.905807,44,gaussian (identity),College graduate or above (Intercept),-0.175339127288148,0.0112074922725037,3.78269125419719e-18,-0.197305812142255,-0.153372442434041,1.82574518106217,0.143983025067699,765,45395386.1228957
None,none,1999-2004,6,WTSPO.COMBN,age+gender,educ_level,pcb180,4578,191623715.905807,44,gaussian (identity),Some college or AA degree,0.0136605259999875,0.00720352900757527,0.0655335308385769,-0.000458390854860007,0.0277794428548351,1.82574518106217,0.143983025067699,1199,58158247.3937677
None,none,1999-2004,6,WTSPO.COMBN,age+gender,educ_level,pcb180,4578,191623715.905807,44,gaussian (identity),HS graduate or GED,0.0081961341627366,0.00834916077708784,0.332470756860401,-0.00816822096035557,0.0245604892858288,1.82574518106217,0.143983025067699,1059,47182403.4837882
None,none,1999-2004,6,WTSPO.COMBN,age+gender,educ_level,pcb180,4578,191623715.905807,44,gaussian (identity),9-11th grade,0.0307774991369683,0.0133121842687285,0.0262941528076414,0.00468561797026046,0.0568693803036761,1.82574518106217,0.143983025067699,923,27981061.0876623
None,none,1999-2004,6,WTSPO.COMBN,age+gender,educ_level,pcb180,4578,191623715.905807,44,gaussian (identity),Less than 9th grade,0.014105122354552,0.015131139852606,0.357122783137248,-0.0155519117565559,0.0437621564656598,1.82574518106217,0.143983025067699,632,12906617.8176933
None,none,1999-2004,6,WTSPO.COMBN,age+gender,educ_level,pcbdiox,4078,174535772.393315,44,gaussian (identity),College graduate or above (Intercept),-9.67068658763911,1.59908775905435,4.89767820981668e-07,-12.8048985953856,-6.53647457989259,6.57581818826274,0.000400457374451875,706,42049582.7453486
None,none,1999-2004,6,WTSPO.COMBN,age+gender,educ_level,pcbdiox,4078,174535772.393315,44,gaussian (identity),Some college or AA degree,4.74938655360773,1.32313321798748,0.000934277744798034,2.15604544635227,7.34272766086319,6.57581818826274,0.000400457374451875,1049,52252421.2025232
None,none,1999-2004,6,WTSPO.COMBN,age+gender,educ_level,pcbdiox,4078,174535772.393315,44,gaussian (identity),HS graduate or GED,5.6355411533717,1.8031491447284,0.00339530490870267,2.10136882970404,9.16971347703936,6.57581818826274,0.000400457374451875,939,43274705.4365618
None,none,1999-2004,6,WTSPO.COMBN,age+gender,educ_level,pcbdiox,4078,174535772.393315,44,gaussian (identity),9-11th grade,8.20255813805205,2.47116657992359,0.00199847022522622,3.3590716414018,13.0460446347023,6.57581818826274,0.000400457374451875,790,24783331.9133371
None,none,1999-2004,6,WTSPO.COMBN,age+gender,educ_level,pcbdiox,4078,174535772.393315,44,gaussian (identity),Less than 9th grade,7.48570570440632,2.73306140276337,0.00933186817090779,2.12890535499011,12.8425060538225,6.57581818826274,0.000400457374451875,594,12175731.0955447
None,none,2003-2016,14,WTSEPH.COMBN,age+gender,educ_level,u_bpa,12742,223242897.006561,109,gaussian (identity),College graduate or above (Intercept),3.86475800747598,0.676171389302147,1.07119494960089e-07,2.53946208444377,5.19005393050819,1.45184853254102,0.222377946152006,2636,61127622.1216216
None,none,2003-2016,14,WTSEPH.COMBN,age+gender,educ_level,u_bpa,12742,223242897.006561,109,gaussian (identity),Some college or AA degree,1.0556235018206,0.514080325102878,0.0425655585223411,0.0480260646189625,2.06322093902225,1.45184853254102,0.222377946152006,3609,69561897.698597
None,none,2003-2016,14,WTSEPH.COMBN,age+gender,educ_level,u_bpa,12742,223242897.006561,109,gaussian (identity),HS graduate or GED,0.643040326769076,0.40496781530926,0.115378610079724,-0.150696591237073,1.43677724477523,1.45184853254102,0.222377946152006,3031,52396576.9688454
None,none,2003-2016,14,WTSEPH.COMBN,age+gender,educ_level,u_bpa,12742,223242897.006561,109,gaussian (identity),9-11th grade,0.628080115916545,0.385266114767594,0.106103036355666,-0.12704146902794,1.38320170086103,1.45184853254102,0.222377946152006,2106,27136509.1088143
None,none,2003-2016,14,WTSEPH.COMBN,age+gender,educ_level,u_bpa,12742,223242897.006561,109,gaussian (identity),Less than 9th grade,0.19991312018702,0.369402010129469,0.589551846555871,-0.524114819666739,0.923941060040779,1.45184853254102,0.222377946152006,1360,13020291.1086822
None,none,2001-2016,16,WTMEC.COMBN,age+gender,inc_to_pov,vitd,39124,198005444.003719,124,gaussian (identity),inc_to_pov,2.87400716981328,0.142065105191276,1.23515777208048e-40,2.59555956363838,3.15245477598818,,,39124,198005444.003719
None,none,2001-2006,6,WTMEC.COMBN,age+gender,inc_to_pov,b_carot,14293,194061194.845689,45,gaussian (identity),inc_to_pov,1.69314583570604,0.147727939191434,1.64124504056566e-14,1.40359907489083,1.98269259652125,,,14293,194061194.845689
None,none,1999-2006,8,WTMEC.COMBN,age+gender,inc_to_pov,g_tocoph,17723,181536564.282411,59,gaussian (identity),inc_to_pov,-9.81973845234255,0.886488999214159,9.85832952933047e-16,-11.5572568908023,-8.0822200138828,,,17723,181536564.282411
None,none,2001-2006,6,WTMEC.COMBN,age+gender,inc_to_pov,t_lycop,14286,193990729.660349,45,gaussian (identity),inc_to_pov,0.971672382973349,0.0754570113572783,3.55655205530294e-16,0.823776640713084,1.11956812523361,,,14286,193990729.660349
None,none,2011-2020,9.2,WTMEC.COMBN,age+gender,inc_to_pov,manganese,17251,164908105.697619,72,gaussian (identity),inc_to_pov,-0.131388023159997,0.025048493306213,1.62643651840252e-06,-0.180483070040174,-0.0822929762798194,,,17251,164908105.697619
None,none,2011-2020,9.2,WTMEC.COMBN,age+gender,inc_to_pov,selenium,17251,164908105.697619,72,gaussian (identity),inc_to_pov,0.822555787836079,0.233171769613348,0.000750497735704103,0.365539119393918,1.27957245627824,,,17251,164908105.697619
None,none,1999-2020,21.2,WTMEC.COMBN,age+gender,inc_to_pov,mercury,40236,156815659.122007,163,gaussian (identity),inc_to_pov,0.215744362507132,0.0133734472795942,2.24148829563219e-35,0.189532405839128,0.241956319175137,,,40236,156815659.122007
None,none,1999-2020,21.2,WTMEC.COMBN,age+gender,inc_to_pov,lead,46410,179922868.160283,163,gaussian (identity),inc_to_pov,-0.103193534622335,0.00740926316551716,2.18281950814505e-29,-0.117715690426748,-0.088671378817921,,,46410,179922868.160283
None,none,1999-2020,21.2,WTMEC.COMBN,age+gender,inc_to_pov,cadmium,46410,179922868.160283,163,gaussian (identity),inc_to_pov,-0.0552488288404066,0.002537894415702,1.06823472260763e-49,-0.0602231018951825,-0.0502745557856306,,,46410,179922868.160283
None,none,1999-2004,6,WTMEC.COMBN,age+gender,inc_to_pov,hcb,4082,55126219.0762552,44,gaussian (identity),inc_to_pov,-0.00430791181758816,0.001775794838435,0.0197566146663339,-0.00778846970092077,-0.000827353934255563,,,4082,55126219.0762552
None,none,1999-2004,6,WTMEC.COMBN,age+gender,inc_to_pov,hcb_adj,4082,55126219.0762552,44,gaussian (identity),inc_to_pov,-0.572566865387352,0.297453654260546,0.0611999317982341,-1.15557602773802,0.0104422969633182,,,4082,55126219.0762552
None,none,1999-2004,6,WTMEC.COMBN,age+gender,inc_to_pov,hepox,3943,51868723.7014203,44,gaussian (identity),inc_to_pov,-0.003587693761343,0.000984309551281375,0.000745736405079065,-0.0055169404818545,-0.0016584470408315,,,3943,51868723.7014203
None,none,1999-2004,6,WTSPO.COMBN,age+gender,inc_to_pov,pcb180,4191,177866621.596512,44,gaussian (identity),inc_to_pov,-0.00419105960806395,0.00189677814046733,0.0327782452021926,-0.00790874476337991,-0.000473374452747992,,,4191,177866621.596512
None,none,1999-2004,6,WTSPO.COMBN,age+gender,inc_to_pov,pcbdiox,3732,162164905.163342,44,gaussian (identity),inc_to_pov,-1.53271064849664,0.386264696666649,0.000284783943934429,-2.28978945396327,-0.775631843030009,,,3732,162164905.163342
None,none,2003-2016,14,WTSEPH.COMBN,age+gender,inc_to_pov,u_bpa,11698,208291564.688501,109,gaussian (identity),inc_to_pov,-0.243998398575592,0.0775140667171627,0.00213670130460391,-0.395925969341231,-0.0920708278099527,,,11698,208291564.688501
None,none,2001-2016,16,WTMEC.COMBN,age+gender,inc_to_pov_level,vitd,39124,198005444.003719,124,gaussian (identity),High income (Intercept),67.0784133384798,0.94068906473241,4.29622809148771e-100,65.2346627716043,68.9221639053554,178.897958538225,9.9158216881922e-37,9843,71128077.9344371
None,none,2001-2016,16,WTMEC.COMBN,age+gender,inc_to_pov_level,vitd,39124,198005444.003719,124,gaussian (identity),Middle income,-7.19634940350821,0.531977183328571,6.81416875506075e-26,-8.23902468283221,-6.15367412418421,178.897958538225,9.9158216881922e-37,20724,98066547.2551949
None,none,2001-2016,16,WTMEC.COMBN,age+gender,inc_to_pov_level,vitd,39124,198005444.003719,124,gaussian (identity),Low income,-12.2782056116762,0.649194580701445,8.40596610075803e-38,-13.550626989851,-11.0057842335014,178.897958538225,9.9158216881922e-37,8557,28810818.8140871
None,none,2001-2006,6,WTMEC.COMBN,age+gender,inc_to_pov_level,b_carot,14293,194061194.845689,45,gaussian (identity),High income (Intercept),14.045277549596,0.832495052774363,4.69459207505771e-20,12.4135872461583,15.6769678530338,51.0116732835219,7.52015651368008e-12,3768,69910998.6217036
None,none,2001-2006,6,WTMEC.COMBN,age+gender,inc_to_pov_level,b_carot,14293,194061194.845689,45,gaussian (identity),Middle income,-4.8697868799268,0.516093342443107,7.84165985687674e-12,-5.88132983111529,-3.85824392873831,51.0116732835219,7.52015651368008e-12,7702,99064929.4764714
None,none,2001-2006,6,WTMEC.COMBN,age+gender,inc_to_pov_level,b_carot,14293,194061194.845689,45,gaussian (identity),Low income,-6.50724320879008,0.746837296860554,7.11057371517037e-11,-7.97104431063677,-5.0434421069434,51.0116732835219,7.52015651368008e-12,2823,25085266.7475136
None,none,1999-2006,8,WTMEC.COMBN,age+gender,inc_to_pov_level,g_tocoph,17723,181536564.282411,59,gaussian (identity),High income (Intercept),213.709326098516,4.52887630517145,3.48853573334213e-46,204.83272854038,222.585923656652,50.0332533004425,4.17569603775658e-13,4599,64314440.2703424
None,none,1999-2006,8,WTMEC.COMBN,age+gender,inc_to_pov_level,g_tocoph,17723,181536564.282411,59,gaussian (identity),Middle income,24.9990898432073,3.22965421134809,2.31241624682477e-10,18.668967588965,31.3292120974495,50.0332533004425,4.17569603775658e-13,9553,92590595.4230258
None,none,1999-2006,8,WTMEC.COMBN,age+gender,inc_to_pov_level,g_tocoph,17723,181536564.282411,59,gaussian (identity),Low income,40.9276821092851,4.68390679237475,5.5624873613226e-12,31.7472247962306,50.1081394223397,50.0332533004425,4.17569603775658e-13,3571,24631528.5890432
None,none,2001-2006,6,WTMEC.COMBN,age+gender,inc_to_pov_level,t_lycop,14286,193990729.660349,45,gaussian (identity),High income (Intercept),30.3141341456722,0.424631584963615,1.21995319142834e-44,29.4818562391436,31.1464120522009,53.4260422117911,3.80720537465486e-12,3767,69889087.6461356
None,none,2001-2006,6,WTMEC.COMBN,age+gender,inc_to_pov_level,t_lycop,14286,193990729.660349,45,gaussian (identity),Middle income,-1.91381887260368,0.291894972328483,6.99466220421822e-08,-2.4859330183675,-1.34170472683985,53.4260422117911,3.80720537465486e-12,7697,99017919.7201127
None,none,2001-2006,6,WTMEC.COMBN,age+gender,inc_to_pov_level,t_lycop,14286,193990729.660349,45,gaussian (identity),Low income,-4.04425715552418,0.394656251693297,7.12373547873757e-13,-4.81778340884304,-3.27073090220532,53.4260422117911,3.80720537465486e-12,2822,25083722.2941003
None,none,2011-2020,9.2,WTMEC.COMBN,age+gender,inc_to_pov_level,manganese,17251,164908105.697619,72,gaussian (identity),High income (Intercept),11.0563484496202,0.127191271276164,1.97922415772707e-71,10.8070535579189,11.3056433413215,17.2687444247788,8.61572845588524e-07,4381,61246296.2444886
None,none,2011-2020,9.2,WTMEC.COMBN,age+gender,inc_to_pov_level,manganese,17251,164908105.697619,72,gaussian (identity),Middle income,0.392072474177577,0.0719026122341536,7.46676090582289e-07,0.251143354198636,0.533001594156518,17.2687444247788,8.61572845588524e-07,9003,79264354.8716677
None,none,2011-2020,9.2,WTMEC.COMBN,age+gender,inc_to_pov_level,manganese,17251,164908105.697619,72,gaussian (identity),Low income,0.551317756500155,0.125733788527608,4.13027109672875e-05,0.304879530986044,0.797755982014267,17.2687444247788,8.61572845588524e-07,3867,24397454.5814623
None,none,2011-2020,9.2,WTMEC.COMBN,age+gender,inc_to_pov_level,selenium,17251,164908105.697619,72,gaussian (identity),High income (Intercept),191.622965337069,1.12901644847226,4.28804066646668e-91,189.410093098063,193.835837576075,6.10488728089458,0.00364397155220324,4381,61246296.2444886
None,none,2011-2020,9.2,WTMEC.COMBN,age+gender,inc_to_pov_level,selenium,17251,164908105.697619,72,gaussian (identity),Middle income,-1.79425676329601,0.814983692601613,0.0310910401025783,-3.39162480079517,-0.19688872579685,6.10488728089458,0.00364397155220324,9003,79264354.8716677
None,none,2011-2020,9.2,WTMEC.COMBN,age+gender,inc_to_pov_level,selenium,17251,164908105.697619,72,gaussian (identity),Low income,-3.9263097029567,1.13439697115372,0.000933950824881266,-6.14972776641799,-1.70289163949541,6.10488728089458,0.00364397155220324,3867,24397454.5814623
None,none,1999-2020,21.2,WTMEC.COMBN,age+gender,inc_to_pov_level,mercury,40236,156815659.122007,163,gaussian (identity),High income (Intercept),1.58490072473449,0.0629120198448057,2.18188761836666e-57,1.46159316583867,1.70820828363031,118.517024565977,3.09981344378064e-32,10080,56836395.1246855
None,none,1999-2020,21.2,WTMEC.COMBN,age+gender,inc_to_pov_level,mercury,40236,156815659.122007,163,gaussian (identity),Middle income,-0.684313166134893,0.0459692868706703,6.02125780847367e-32,-0.774412968401406,-0.594213363868379,118.517024565977,3.09981344378064e-32,21250,77114722.0905714
None,none,1999-2020,21.2,WTMEC.COMBN,age+gender,inc_to_pov_level,mercury,40236,156815659.122007,163,gaussian (identity),Low income,-0.83217714827865,0.0585379941403862,4.02386792201411e-30,-0.946911616793807,-0.717442679763494,118.517024565977,3.09981344378064e-32,8906,22864541.9067505
None,none,1999-2020,21.2,WTMEC.COMBN,age+gender,inc_to_pov_level,lead,46410,179922868.160283,163,gaussian (identity),High income (Intercept),0.0290742943883318,0.0318249088592488,0.362325862351208,-0.0333025269757957,0.0914511157524594,76.9401216596713,4.25117711392954e-24,11761,65335402.6657864
None,none,1999-2020,21.2,WTMEC.COMBN,age+gender,inc_to_pov_level,lead,46410,179922868.160283,163,gaussian (identity),Middle income,0.204461077560446,0.0244243959660867,2.78246661607428e-14,0.156589261466916,0.252332893653975,76.9401216596713,4.25117711392954e-24,24642,88771228.5670687
None,none,1999-2020,21.2,WTMEC.COMBN,age+gender,inc_to_pov_level,lead,46410,179922868.160283,163,gaussian (identity),Low income,0.467643330647797,0.0394294214251736,1.20280272863295e-23,0.390361664654457,0.544924996641138,76.9401216596713,4.25117711392954e-24,10007,25816236.9274277
None,none,1999-2020,21.2,WTMEC.COMBN,age+gender,inc_to_pov_level,cadmium,46410,179922868.160283,163,gaussian (identity),High income (Intercept),0.301426431524656,0.0121547377678638,1.60765236460523e-56,0.277603145499643,0.325249717549669,204.194975782009,1.19531119579598e-44,11761,65335402.6657864
None,none,1999-2020,21.2,WTMEC.COMBN,age+gender,inc_to_pov_level,cadmium,46410,179922868.160283,163,gaussian (identity),Middle income,0.118126423838098,0.00830911776739472,4.01212617654264e-30,0.101840553014005,0.134412294662192,204.194975782009,1.19531119579598e-44,24642,88771228.5670687
None,none,1999-2020,21.2,WTMEC.COMBN,age+gender,inc_to_pov_level,cadmium,46410,179922868.160283,163,gaussian (identity),Low income,0.254213193986421,0.0150013932282772,1.86579071438942e-37,0.224810463258998,0.283615924713845,204.194975782009,1.19531119579598e-44,10007,25816236.9274277
None,none,1999-2004,6,WTMEC.COMBN,age+gender,inc_to_pov_level,hcb,4082,55126219.0762552,44,gaussian (identity),High income (Intercept),0.092817821700867,0.00655900077079264,3.65916328206188e-17,0.0799621801901135,0.105673463211621,2.51074989648503,0.0939292072577291,1024,19054502.2193807
None,none,1999-2004,6,WTMEC.COMBN,age+gender,inc_to_pov_level,hcb,4082,55126219.0762552,44,gaussian (identity),Middle income,0.00925720551616855,0.00540886942344515,0.0947363246742616,-0.00134417855378395,0.019858589586121,2.51074989648503,0.0939292072577291,2235,28088832.826917
None,none,1999-2004,6,WTMEC.COMBN,age+gender,inc_to_pov_level,hcb,4082,55126219.0762552,44,gaussian (identity),Low income,0.0188602483809421,0.00882510774434584,0.038755286618665,0.00156303720202429,0.03615745955986,2.51074989648503,0.0939292072577291,823,7982884.02995752
None,none,1999-2004,6,WTMEC.COMBN,age+gender,inc_to_pov_level,hcb_adj,4082,55126219.0762552,44,gaussian (identity),High income (Intercept),19.4233355603887,1.13088288773685,4.62264069293972e-20,17.2068051004245,21.6398660203529,1.64985801598732,0.204879668646004,1024,19054502.2193807
None,none,1999-2004,6,WTMEC.COMBN,age+gender,inc_to_pov_level,hcb_adj,4082,55126219.0762552,44,gaussian (identity),Middle income,1.61888143559899,0.916462348820283,0.0849518871428295,-0.17738476808876,3.41514763928675,1.64985801598732,0.204879668646004,2235,28088832.826917
None,none,1999-2004,6,WTMEC.COMBN,age+gender,inc_to_pov_level,hcb_adj,4082,55126219.0762552,44,gaussian (identity),Low income,2.05507897430169,1.39141906286286,0.1475151764019,-0.67210238890952,4.7822603375129,1.64985801598732,0.204879668646004,823,7982884.02995752
None,none,1999-2004,6,WTMEC.COMBN,age+gender,inc_to_pov_level,hepox,3943,51868723.7014203,44,gaussian (identity),High income (Intercept),-0.0189980385146932,0.0062079924206559,0.00393852427077811,-0.0311657036591787,-0.00683037337020763,6.58189537661288,0.00337972237214368,975,17948571.8824213
None,none,1999-2004,6,WTMEC.COMBN,age+gender,inc_to_pov_level,hepox,3943,51868723.7014203,44,gaussian (identity),Middle income,0.00757111241558291,0.00298947665449572,0.015349531270665,0.00171173817277131,0.0134304866583945,6.58189537661288,0.00337972237214368,2149,26225228.645211
None,none,1999-2004,6,WTMEC.COMBN,age+gender,inc_to_pov_level,hepox,3943,51868723.7014203,44,gaussian (identity),Low income,0.0186147156081967,0.0055416286848198,0.00172757863879432,0.00775312338594992,0.0294763078304436,6.58189537661288,0.00337972237214368,819,7694923.17378802
None,none,1999-2004,6,WTSPO.COMBN,age+gender,inc_to_pov_level,pcb180,4191,177866621.596512,44,gaussian (identity),High income (Intercept),-0.169694566509933,0.0101333485081927,1.12752954700823e-19,-0.18955592958599,-0.149833203433875,1.43774326240509,0.249470158412632,1048,62164361.7994627
None,none,1999-2004,6,WTSPO.COMBN,age+gender,inc_to_pov_level,pcb180,4191,177866621.596512,44,gaussian (identity),Middle income,0.000392660513379378,0.00734987819711907,0.957659948330673,-0.014013100752974,0.0147984217797328,1.43774326240509,0.249470158412632,2299,91330221.3151345
None,none,1999-2004,6,WTSPO.COMBN,age+gender,inc_to_pov_level,pcb180,4191,177866621.596512,44,gaussian (identity),Low income,0.0181063372571606,0.010757996918646,0.100154467522165,-0.00297933670338567,0.0391920112177068,1.43774326240509,0.249470158412632,844,24372038.481915
None,none,1999-2004,6,WTSPO.COMBN,age+gender,inc_to_pov_level,pcbdiox,3732,162164905.163342,44,gaussian (identity),High income (Intercept),-9.37163293938355,1.90929074684779,1.58447756951283e-05,-13.1138428032052,-5.62942307556188,8.7030742912566,0.000727832780882478,951,57358525.2146345
None,none,1999-2004,6,WTSPO.COMBN,age+gender,inc_to_pov_level,pcbdiox,3732,162164905.163342,44,gaussian (identity),Middle income,4.07310980971518,1.02755893142994,0.00029643488891547,2.05909430411249,6.08712531531786,8.7030742912566,0.000727832780882478,2052,83015127.81712
None,none,1999-2004,6,WTSPO.COMBN,age+gender,inc_to_pov_level,pcbdiox,3732,162164905.163342,44,gaussian (identity),Low income,5.35380823469525,1.90513038942119,0.00762719759284034,1.61975267142971,9.08786379796078,8.7030742912566,0.000727832780882478,729,21791252.1315878
None,none,2003-2016,14,WTSEPH.COMBN,age+gender,inc_to_pov_level,u_bpa,11698,208291564.688501,109,gaussian (identity),High income (Intercept),3.87632820234507,0.487042922825921,2.15331130572211e-12,2.92172407360626,4.83093233108387,6.00464257039555,0.00339524472158984,2963,75725196.7549531
None,none,2003-2016,14,WTSEPH.COMBN,age+gender,inc_to_pov_level,u_bpa,11698,208291564.688501,109,gaussian (identity),Middle income,0.746536796533764,0.362828560340022,0.0421111914135208,0.0353928182673215,1.45768077480021,6.00464257039555,0.00339524472158984,6106,102029220.03378
None,none,2003-2016,14,WTSEPH.COMBN,age+gender,inc_to_pov_level,u_bpa,11698,208291564.688501,109,gaussian (identity),Low income,1.2048120870038,0.446149420991108,0.00807337735664491,0.330359221861226,2.07926495214637,6.00464257039555,0.00339524472158984,2629,30537147.8997676
None,none,2001-2016,16,WTMEC.COMBN,age+gender,employ_status,vitd,42315,211055992.452332,124,gaussian (identity),Full-time employed (Intercept),58.9174276240412,0.859851563301069,1.79573052597985e-97,57.2321185599711,60.6027366881113,15.1666678924363,2.0213128748736e-08,18968,112052268.159979
None,none,2001-2016,16,WTMEC.COMBN,age+gender,employ_status,vitd,42315,211055992.452332,124,gaussian (identity),Part-time employed,3.85596572785119,0.594444809072734,2.09747285362537e-09,2.69085390206863,5.02107755363375,15.1666678924363,2.0213128748736e-08,4348,22022577.7757138
None,none,2001-2016,16,WTMEC.COMBN,age+gender,employ_status,vitd,42315,211055992.452332,124,gaussian (identity),Student,1.11458864121334,1.24309030160421,0.37172814638283,-1.32186834993092,3.5510456323576,15.1666678924363,2.0213128748736e-08,1274,4592754.73767174
None,none,2001-2016,16,WTMEC.COMBN,age+gender,employ_status,vitd,42315,211055992.452332,124,gaussian (identity),Unemployed,-0.699265181335156,0.438209858436339,0.113201169716643,-1.55815650387038,0.159626141200068,15.1666678924363,2.0213128748736e-08,17725,72388391.7789681
None,none,2001-2006,6,WTMEC.COMBN,age+gender,employ_status,b_carot,15144,204302556.790516,45,gaussian (identity),Full-time employed (Intercept),9.55219497116271,0.704913995857977,1.5471053445512e-16,8.17056353928108,10.9338264030443,8.61646172883364,0.000156067361864819,6863,112778389.216125
None,none,2001-2006,6,WTMEC.COMBN,age+gender,employ_status,b_carot,15144,204302556.790516,45,gaussian (identity),Part-time employed,0.855601332081552,0.783118271774125,0.28112510751686,-0.679310480595733,2.39051314475884,8.61646172883364,0.000156067361864819,1532,20337955.0219698
None,none,2001-2006,6,WTMEC.COMBN,age+gender,employ_status,b_carot,15144,204302556.790516,45,gaussian (identity),Student,0.975288092900604,1.15900218911791,0.405076620467935,-1.2963561977705,3.24693238357171,8.61646172883364,0.000156067361864819,446,3556977.55283406
None,none,2001-2006,6,WTMEC.COMBN,age+gender,employ_status,b_carot,15144,204302556.790516,45,gaussian (identity),Unemployed,-2.31188726583435,0.493504029866342,3.21568511703168e-05,-3.27915516437238,-1.34461936729632,8.61646172883364,0.000156067361864819,6303,67629234.999587
None,none,1999-2006,8,WTMEC.COMBN,age+gender,employ_status,g_tocoph,19111,193490731.165943,59,gaussian (identity),Full-time employed (Intercept),241.393796010532,4.23920901621179,6.67298910120055e-50,233.084946338757,249.702645682308,13.8847160104861,7.92380470352585e-07,8695,107117592.30882
None,none,1999-2006,8,WTMEC.COMBN,age+gender,employ_status,g_tocoph,19111,193490731.165943,59,gaussian (identity),Part-time employed,-14.307994615878,4.35133772239426,0.00177764473145415,-22.8366165517708,-5.77937267998531,13.8847160104861,7.92380470352585e-07,1913,19030090.9014221
None,none,1999-2006,8,WTMEC.COMBN,age+gender,employ_status,g_tocoph,19111,193490731.165943,59,gaussian (identity),Student,-30.9617091209141,5.4203329788069,4.914919509183e-07,-41.5855617593756,-20.3378564824526,13.8847160104861,7.92380470352585e-07,575,3639556.57613804
None,none,1999-2006,8,WTMEC.COMBN,age+gender,employ_status,g_tocoph,19111,193490731.165943,59,gaussian (identity),Unemployed,-0.75860841160686,3.3159166623653,0.819905770442012,-7.25780506984284,5.74058824662912,13.8847160104861,7.92380470352585e-07,7928,63703491.379563
None,none,2001-2006,6,WTMEC.COMBN,age+gender,employ_status,t_lycop,15137,204232091.605176,45,gaussian (identity),Full-time employed (Intercept),28.2820890916186,0.396527704950457,8.77946250136063e-44,27.5048947899157,29.0592833933215,33.8628068424159,4.60840329193809e-11,6860,112724940.271965
None,none,2001-2006,6,WTMEC.COMBN,age+gender,employ_status,t_lycop,15137,204232091.605176,45,gaussian (identity),Part-time employed,-1.12003413862978,0.382520714726164,0.00560549786462463,-1.86977473949307,-0.370293537766503,33.8628068424159,4.60840329193809e-11,1532,20337955.0219698
None,none,2001-2006,6,WTMEC.COMBN,age+gender,employ_status,t_lycop,15137,204232091.605176,45,gaussian (identity),Student,-2.16451750715474,0.881453596701093,0.0185051389487142,-3.89216655668889,-0.436868457620601,33.8628068424159,4.60840329193809e-11,446,3556977.55283406
None,none,2001-2006,6,WTMEC.COMBN,age+gender,employ_status,t_lycop,15137,204232091.605176,45,gaussian (identity),Unemployed,-2.64758949296852,0.267014068366483,2.4650771463568e-12,-3.17093706696683,-2.12424191897022,33.8628068424159,4.60840329193809e-11,6299,67612218.7584077
None,none,2011-2020,9.2,WTMEC.COMBN,age+gender,employ_status,manganese,19344,180887400.777831,72,gaussian (identity),Full-time employed (Intercept),11.4063101399057,0.103001323657849,1.30138821281417e-77,11.2044275455364,11.6081927342751,6.96112026216248,0.000379605028101303,8735,94422166.9217587
None,none,2011-2020,9.2,WTMEC.COMBN,age+gender,employ_status,manganese,19344,180887400.777831,72,gaussian (identity),Part-time employed,0.110836910864498,0.123980780956948,0.374530276620246,-0.13216541981112,0.353839241540116,6.96112026216248,0.000379605028101303,2017,19661860.415209
None,none,2011-2020,9.2,WTMEC.COMBN,age+gender,employ_status,manganese,19344,180887400.777831,72,gaussian (identity),Student,-0.0252984790034038,0.202366568223349,0.900887493104733,-0.421936952721168,0.37133999471436,6.96112026216248,0.000379605028101303,584,3979035.85084457
None,none,2011-2020,9.2,WTMEC.COMBN,age+gender,employ_status,manganese,19344,180887400.777831,72,gaussian (identity),Unemployed,0.33453461856587,0.0849952003601932,0.000199651163801735,0.167944025859891,0.501125211271848,6.96112026216248,0.000379605028101303,8008,62824337.5900183
None,none,2011-2020,9.2,WTMEC.COMBN,age+gender,employ_status,selenium,19344,180887400.777831,72,gaussian (identity),Full-time employed (Intercept),188.900331155667,0.96810112711524,4.83810624289236e-94,187.002852946521,190.797809364813,1.4614292635993,0.232954514799758,8735,94422166.9217587
None,none,2011-2020,9.2,WTMEC.COMBN,age+gender,employ_status,selenium,19344,180887400.777831,72,gaussian (identity),Part-time employed,1.29839831467534,1.21323444417164,0.288371507987929,-1.07954119590108,3.67633782525176,1.4614292635993,0.232954514799758,2017,19661860.415209
None,none,2011-2020,9.2,WTMEC.COMBN,age+gender,employ_status,selenium,19344,180887400.777831,72,gaussian (identity),Student,0.466440704755125,1.6020243739902,0.771830666353296,-2.67352706826567,3.60640847777592,1.4614292635993,0.232954514799758,584,3979035.85084457
None,none,2011-2020,9.2,WTMEC.COMBN,age+gender,employ_status,selenium,19344,180887400.777831,72,gaussian (identity),Unemployed,-1.01744697830536,0.788525101013495,0.20137619700275,-2.56295617629181,0.528062219681088,1.4614292635993,0.232954514799758,8008,62824337.5900183
None,none,1999-2020,21.2,WTMEC.COMBN,age+gender,employ_status,mercury,44192,169358628.66681,163,gaussian (identity),Full-time employed (Intercept),1.01249447335783,0.0539699378390617,4.79114060615158e-42,0.906713395193268,1.11827555152239,48.8163397296216,2.20579487267539e-22,19918,90363120.8491249
None,none,1999-2020,21.2,WTMEC.COMBN,age+gender,employ_status,mercury,44192,169358628.66681,163,gaussian (identity),Part-time employed,-0.0523780319462967,0.0506971611455547,0.303110109169812,-0.151744467791584,0.0469884038989904,48.8163397296216,2.20579487267539e-22,4626,18077769.4756962
None,none,1999-2020,21.2,WTMEC.COMBN,age+gender,employ_status,mercury,44192,169358628.66681,163,gaussian (identity),Student,0.0113828002683703,0.0812107053775687,0.888709102390017,-0.147790182271664,0.170555782808405,48.8163397296216,2.20579487267539e-22,1364,3816494.42429368
None,none,1999-2020,21.2,WTMEC.COMBN,age+gender,employ_status,mercury,44192,169358628.66681,163,gaussian (identity),Unemployed,-0.386307341830807,0.0321350438554027,4.72615585815814e-24,-0.449292027787397,-0.323322655874218,48.8163397296216,2.20579487267539e-22,18284,57101243.9176948
None,none,1999-2020,21.2,WTMEC.COMBN,age+gender,employ_status,lead,51093,194731340.443682,163,gaussian (identity),Full-time employed (Intercept),0.308757329411665,0.0290394142642328,2.9613816190116e-20,0.251840077453769,0.365674581369561,24.6112032740207,4.03210559419282e-13,22999,104452047.439111
None,none,1999-2020,21.2,WTMEC.COMBN,age+gender,employ_status,lead,51093,194731340.443682,163,gaussian (identity),Part-time employed,-0.0426438729465773,0.0317165623717066,0.180704111226186,-0.104808335195122,0.0195205893019676,24.6112032740207,4.03210559419282e-13,5163,19931831.7752432
None,none,1999-2020,21.2,WTMEC.COMBN,age+gender,employ_status,lead,51093,194731340.443682,163,gaussian (identity),Student,-0.120242697323152,0.0375875558689179,0.00166659724932888,-0.193914306826231,-0.0465710878200726,24.6112032740207,4.03210559419282e-13,1487,4140528.24712141
None,none,1999-2020,21.2,WTMEC.COMBN,age+gender,employ_status,lead,51093,194731340.443682,163,gaussian (identity),Unemployed,0.131111224125532,0.0200518643041361,8.16211102725628e-10,0.0918095700894251,0.170412878161639,24.6112032740207,4.03210559419282e-13,21444,66206932.9822063
None,none,1999-2020,21.2,WTMEC.COMBN,age+gender,employ_status,cadmium,51093,194731340.443682,163,gaussian (identity),Full-time employed (Intercept),0.454585927778476,0.0127458331632719,1.77330782835678e-77,0.429604094778463,0.479567760778489,57.5648195686844,3.3411284520564e-25,22999,104452047.439111
None,none,1999-2020,21.2,WTMEC.COMBN,age+gender,employ_status,cadmium,51093,194731340.443682,163,gaussian (identity),Part-time employed,-0.0102916919178919,0.00965654154279124,0.288151680500798,-0.0292185133417627,0.00863512950597893,57.5648195686844,3.3411284520564e-25,5163,19931831.7752432
None,none,1999-2020,21.2,WTMEC.COMBN,age+gender,employ_status,cadmium,51093,194731340.443682,163,gaussian (identity),Student,-0.0858444978788188,0.0190151104439096,1.23413878698312e-05,-0.123114114348882,-0.048574881408756,57.5648195686844,3.3411284520564e-25,1487,4140528.24712141
None,none,1999-2020,21.2,WTMEC.COMBN,age+gender,employ_status,cadmium,51093,194731340.443682,163,gaussian (identity),Unemployed,0.112759548335383,0.00986984796533934,2.04478203968627e-22,0.0934146463233176,0.132104450347448,57.5648195686844,3.3411284520564e-25,21444,66206932.9822063
None,none,1999-2004,6,WTMEC.COMBN,age+gender,employ_status,hcb,4476,59715905.5834453,44,gaussian (identity),Full-time employed (Intercept),0.0966490119798807,0.00564669605082848,9.86258784000187e-20,0.0855814877202569,0.107716536239505,2.37670131254343,0.0846685215218254,1990,32521912.0146056
None,none,1999-2004,6,WTMEC.COMBN,age+gender,employ_status,hcb,4476,59715905.5834453,44,gaussian (identity),Part-time employed,0.0019200871554533,0.00716617610564718,0.790159513844182,-0.0121256180116152,0.0159657923225218,2.37670131254343,0.0846685215218254,462,6145294.08190488
None,none,1999-2004,6,WTMEC.COMBN,age+gender,employ_status,hcb,4476,59715905.5834453,44,gaussian (identity),Student,0.0287476544843148,0.0194496665100244,0.147424723715701,-0.00937369187533314,0.0668690008439626,2.37670131254343,0.0846685215218254,140,1312584.24472282
None,none,1999-2004,6,WTMEC.COMBN,age+gender,employ_status,hcb,4476,59715905.5834453,44,gaussian (identity),Unemployed,-0.00662726504530018,0.00425427482773809,0.127361960591013,-0.0149656437076668,0.00171111361706647,2.37670131254343,0.0846685215218254,1884,19736115.242212
None,none,1999-2004,6,WTMEC.COMBN,age+gender,employ_status,hcb_adj,4476,59715905.5834453,44,gaussian (identity),Full-time employed (Intercept),19.7889283936665,1.158814457333,1.06739664406064e-19,17.5176520572938,22.0602047300392,1.62264554709791,0.199726201252885,1990,32521912.0146056
None,none,1999-2004,6,WTMEC.COMBN,age+gender,employ_status,hcb_adj,4476,59715905.5834453,44,gaussian (identity),Part-time employed,0.531065659109855,1.20861411042475,0.662796521902484,-1.83781799732265,2.89994931554236,1.62264554709791,0.199726201252885,462,6145294.08190488
None,none,1999-2004,6,WTMEC.COMBN,age+gender,employ_status,hcb_adj,4476,59715905.5834453,44,gaussian (identity),Student,4.88728004558433,2.8902166353088,0.0988198109861982,-0.777544559620918,10.5521046507896,1.62264554709791,0.199726201252885,140,1312584.24472282
None,none,1999-2004,6,WTMEC.COMBN,age+gender,employ_status,hcb_adj,4476,59715905.5834453,44,gaussian (identity),Unemployed,-0.639425568060102,0.751413093879454,0.399984042039642,-2.11219523206383,0.833344095943628,1.62264554709791,0.199726201252885,1884,19736115.242212
None,none,1999-2004,6,WTMEC.COMBN,age+gender,employ_status,hepox,4306,55892874.1936548,44,gaussian (identity),Full-time employed (Intercept),-0.011313902285219,0.00519980304853482,0.0356899392614588,-0.0215055162603473,-0.00112228831009075,1.26749791135823,0.298883654784248,1904,30383896.0344412
None,none,1999-2004,6,WTMEC.COMBN,age+gender,employ_status,hepox,4306,55892874.1936548,44,gaussian (identity),Part-time employed,0.00250076855059788,0.0028697211562442,0.388851043800014,-0.00312388491564077,0.00812542201683652,1.26749791135823,0.298883654784248,447,5831043.63305154
None,none,1999-2004,6,WTMEC.COMBN,age+gender,employ_status,hepox,4306,55892874.1936548,44,gaussian (identity),Student,0.00375443861689978,0.0030199319230927,0.221209026356995,-0.00216462795236191,0.00967350518616146,1.26749791135823,0.298883654784248,136,1146726.36084031
None,none,1999-2004,6,WTMEC.COMBN,age+gender,employ_status,hepox,4306,55892874.1936548,44,gaussian (identity),Unemployed,0.00854681246789283,0.0045073634555311,0.0653611617880047,-0.000287619904948125,0.0173812448407338,1.26749791135823,0.298883654784248,1819,18531208.1653217
None,none,1999-2004,6,WTSPO.COMBN,age+gender,employ_status,pcb180,4585,191880765.057909,44,gaussian (identity),Full-time employed (Intercept),-0.167351257985904,0.00917204494746451,1.06829233572892e-20,-0.185328466082934,-0.149374049888873,3.76035569775539,0.0182992676410702,2050,105453124.590073
None,none,1999-2004,6,WTSPO.COMBN,age+gender,employ_status,pcb180,4585,191880765.057909,44,gaussian (identity),Part-time employed,0.011766731987512,0.00987369520544229,0.240570713522703,-0.00758571061515493,0.0311191745901788,3.76035569775539,0.0182992676410702,461,18392779.3834978
None,none,1999-2004,6,WTSPO.COMBN,age+gender,employ_status,pcb180,4585,191880765.057909,44,gaussian (identity),Student,0.0306425960038173,0.00991132274652527,0.00366618129219464,0.0112164034206277,0.0500687885870068,3.76035569775539,0.0182992676410702,140,4056498.49179243
None,none,1999-2004,6,WTSPO.COMBN,age+gender,employ_status,pcb180,4585,191880765.057909,44,gaussian (identity),Unemployed,0.00371692012015634,0.00671599518017828,0.583119281994105,-0.0094464304329931,0.0168802706733058,3.76035569775539,0.0182992676410702,1934,63978362.5925456
None,none,1999-2004,6,WTSPO.COMBN,age+gender,employ_status,pcbdiox,4084,174725682.754722,44,gaussian (identity),Full-time employed (Intercept),-5.00339274385092,1.59090368798239,0.0031732072072946,-8.1215639722964,-1.88522151540544,3.94592118055157,0.0149915887143882,1834,96659343.4169468
None,none,1999-2004,6,WTSPO.COMBN,age+gender,employ_status,pcbdiox,4084,174725682.754722,44,gaussian (identity),Part-time employed,-0.748880547566631,1.45663960919292,0.610072485402845,-3.60389418158475,2.10613308645149,3.94592118055157,0.0149915887143882,384,16209487.4303528
None,none,1999-2004,6,WTSPO.COMBN,age+gender,employ_status,pcbdiox,4084,174725682.754722,44,gaussian (identity),Student,3.96024258228746,1.71749597259777,0.0265245023235265,0.593950475995827,7.3265346885791,3.94592118055157,0.0149915887143882,118,3711913.0588744
None,none,1999-2004,6,WTSPO.COMBN,age+gender,employ_status,pcbdiox,4084,174725682.754722,44,gaussian (identity),Unemployed,4.01330952493732,1.37980256280352,0.00596516998967737,1.30889650184243,6.71772254803221,3.94592118055157,0.0149915887143882,1748,58144938.848548
None,none,2003-2016,14,WTSEPH.COMBN,age+gender,employ_status,u_bpa,12752,223400446.126765,109,gaussian (identity),Full-time employed (Intercept),4.64984874004994,0.507249493308102,4.87824191791679e-15,3.65563973316606,5.64405774693382,5.2703711514002,0.00200679289076942,5728,118083857.467751
None,none,2003-2016,14,WTSEPH.COMBN,age+gender,employ_status,u_bpa,12752,223400446.126765,109,gaussian (identity),Part-time employed,0.406120912513769,0.423764520704408,0.340101601136154,-0.424457548066871,1.23669937309441,5.2703711514002,0.00200679289076942,1318,23764310.622229
None,none,2003-2016,14,WTSEPH.COMBN,age+gender,employ_status,u_bpa,12752,223400446.126765,109,gaussian (identity),Student,-1.06229357646477,0.408435368456606,0.0106521996635755,-1.86282689863972,-0.261760254289824,5.2703711514002,0.00200679289076942,409,5178587.7020074
None,none,2003-2016,14,WTSEPH.COMBN,age+gender,employ_status,u_bpa,12752,223400446.126765,109,gaussian (identity),Unemployed,0.684534614300225,0.434907053501313,0.118529597053732,-0.167883210562348,1.5369524391628,5.2703711514002,0.00200679289076942,5297,76373690.3347774
None,none,1999-2016,12,WTMEC.COMBN,age+gender,educ_level,testosterone,17125,118895806.7947,91,gaussian (identity),College graduate or above (Intercept),71.5360256036969,5.00333470653608,2.48045027596517e-24,61.7294895788862,81.3425616285076,2.38940580650213,0.0571651336596266,4043,35743732.0599495
None,none,1999-2016,12,WTMEC.COMBN,age+gender,educ_level,testosterone,17125,118895806.7947,91,gaussian (identity),Some college or AA degree,-2.21293074998615,3.58096888890712,0.538247489025193,-9.23162977224411,4.8057682722718,2.38940580650213,0.0571651336596266,5124,38423472.1687757
None,none,1999-2016,12,WTMEC.COMBN,age+gender,educ_level,testosterone,17125,118895806.7947,91,gaussian (identity),HS graduate or GED,4.68369513194835,4.64919942697357,0.316592389429865,-4.42873574491985,13.7961260088166,2.38940580650213,0.0571651336596266,3833,25527354.1759743
None,none,1999-2016,12,WTMEC.COMBN,age+gender,educ_level,testosterone,17125,118895806.7947,91,gaussian (identity),9-11th grade,6.44088718321741,5.51002103338132,0.245695372965785,-4.35875404220999,17.2405284086448,2.38940580650213,0.0571651336596266,2470,12795835.0582905
None,none,1999-2016,12,WTMEC.COMBN,age+gender,educ_level,testosterone,17125,118895806.7947,91,gaussian (identity),Less than 9th grade,10.822477216885,6.10366681733928,0.0797925070810098,-1.14070974509999,22.78566417887,2.38940580650213,0.0571651336596266,1655,6405413.33170967
None,none,1999-2020,13.2,WTMEC.COMBN,age+gender,educ_level,estradiol,18566,121612055.812,99,gaussian (identity),College graduate or above (Intercept),268.466152219227,29.8072689509833,2.58310961793831e-14,210.0439050753,326.888399363154,1.37414418004105,0.248922170671761,4416,37222291.3624104
None,none,1999-2020,13.2,WTMEC.COMBN,age+gender,educ_level,estradiol,18566,121612055.812,99,gaussian (identity),Some college or AA degree,-14.7867932386672,15.8455761065428,0.353142920055097,-45.8441224074912,16.2705359301568,1.37414418004105,0.248922170671761,5717,38536518.7392561
None,none,1999-2020,13.2,WTMEC.COMBN,age+gender,educ_level,estradiol,18566,121612055.812,99,gaussian (identity),HS graduate or GED,-19.1518894330725,13.8127914851373,0.168899142685659,-46.2249607439415,7.92118187779659,1.37414418004105,0.248922170671761,4298,28906940.7276066
None,none,1999-2020,13.2,WTMEC.COMBN,age+gender,educ_level,estradiol,18566,121612055.812,99,gaussian (identity),9-11th grade,-10.1862841499645,16.3684712769996,0.535260036345257,-42.2684878528838,21.8959195529547,1.37414418004105,0.248922170671761,2439,11255964.3099268
None,none,1999-2020,13.2,WTMEC.COMBN,age+gender,educ_level,estradiol,18566,121612055.812,99,gaussian (identity),Less than 9th grade,22.0753087746536,31.3907852273447,0.483661966784159,-39.450630270942,83.6012478202492,1.37414418004105,0.248922170671761,1696,5690340.6727997
None,none,2009-2016,8,WTMEC.COMBN,age+gender,educ_level,hpv_oral,18515,192196514.245234,63,quasibinomial (logit),College graduate or above (Intercept),-4.40363745399217,0.17267638159531,7.36695599595853e-33,-4.74208316191897,-4.06519174606536,9.21084202176358,8.2206812632693e-06,4315,58411136.8844595
None,none,2009-2016,8,WTMEC.COMBN,age+gender,educ_level,hpv_oral,18515,192196514.245234,63,quasibinomial (logit),Some college or AA degree,0.507999494333983,0.121446283717271,0.000100415011870254,0.269964778248132,0.746034210419835,9.21084202176358,8.2206812632693e-06,5670,62590600.8032582
None,none,2009-2016,8,WTMEC.COMBN,age+gender,educ_level,hpv_oral,18515,192196514.245234,63,quasibinomial (logit),HS graduate or GED,0.661639812810784,0.11294705301023,2.45479208055321e-07,0.440263588910734,0.883016036710835,9.21084202176358,8.2206812632693e-06,4189,40936341.3360003
None,none,2009-2016,8,WTMEC.COMBN,age+gender,educ_level,hpv_oral,18515,192196514.245234,63,quasibinomial (logit),9-11th grade,0.670126244419404,0.141817663102427,1.54524009429993e-05,0.392163624738647,0.94808886410016,9.21084202176358,8.2206812632693e-06,2772,21257717.0898025
None,none,2009-2016,8,WTMEC.COMBN,age+gender,educ_level,hpv_oral,18515,192196514.245234,63,quasibinomial (logit),Less than 9th grade,0.553835113625882,0.156573788118204,0.000811691005922353,0.246950488914202,0.860719738337562,9.21084202176358,8.2206812632693e-06,1569,9000718.131713
None,none,1999-2016,12,WTMEC.COMBN,age+gender,inc_to_pov,testosterone,15671,110866468.397945,91,gaussian (identity),inc_to_pov,-1.13760327900381,0.980091001299091,0.248898166998751,-3.05858164155003,0.783375083542404,,,15671,110866468.397945
None,none,1999-2020,13.2,WTMEC.COMBN,age+gender,inc_to_pov,estradiol,16945,112563967.032673,99,gaussian (identity),inc_to_pov,-1.87607856671432,3.35255160876095,0.577057523073135,-8.44707971988578,4.69492258645714,,,16945,112563967.032673
None,none,2009-2016,8,WTMEC.COMBN,age+gender,inc_to_pov,hpv_oral,16952,179396727.184409,63,quasibinomial (logit),inc_to_pov,-0.135426286356025,0.0256576381332698,1.89388971609419e-06,-0.185715257097234,-0.0851373156148166,,,16952,179396727.184409
None,none,1999-2016,12,WTMEC.COMBN,age+gender,inc_to_pov_level,testosterone,15671,110866468.397945,91,gaussian (identity),High income (Intercept),69.2650850019649,5.22880379193276,1.42720387155612e-22,59.0166295697767,79.5135404341531,2.35621720371223,0.100799842771124,3857,39378574.3874945
None,none,1999-2016,12,WTMEC.COMBN,age+gender,inc_to_pov_level,testosterone,15671,110866468.397945,91,gaussian (identity),Middle income,-0.238853593399782,3.61752702420888,0.947508010951339,-7.3292065608492,6.85149937404963,2.35621720371223,0.100799842771124,8169,54059983.7082062
None,none,1999-2016,12,WTMEC.COMBN,age+gender,inc_to_pov_level,testosterone,15671,110866468.397945,91,gaussian (identity),Low income,6.75660815186012,4.28385636205347,0.118373016998535,-1.63975031776468,15.1529666214849,2.35621720371223,0.100799842771124,3645,17427910.3022445
None,none,1999-2020,13.2,WTMEC.COMBN,age+gender,inc_to_pov_level,estradiol,16945,112563967.032673,99,gaussian (identity),High income (Intercept),232.93493865145,23.408248836743,2.10259348253637e-16,187.054770931433,278.815106371466,0.859850896301539,0.426492287194779,4311,42027999.9543279
None,none,1999-2020,13.2,WTMEC.COMBN,age+gender,inc_to_pov_level,estradiol,16945,112563967.032673,99,gaussian (identity),Middle income,13.5835017873452,10.3834636503854,0.193966664508724,-6.76808696741024,33.9350905421007,0.859850896301539,0.426492287194779,9020,54804599.1914751
None,none,1999-2020,13.2,WTMEC.COMBN,age+gender,inc_to_pov_level,estradiol,16945,112563967.032673,99,gaussian (identity),Low income,5.21209921940801,18.1342927447742,0.774419264862474,-30.3311145603494,40.7553129991654,0.859850896301539,0.426492287194779,3614,15731367.8868701
None,none,2009-2016,8,WTMEC.COMBN,age+gender,inc_to_pov_level,hpv_oral,16952,179396727.184409,63,quasibinomial (logit),High income (Intercept),-4.37554771110062,0.171472122140924,1.43966060191129e-33,-4.71163307049683,-4.03946235170441,17.4476090378273,1.1146841671421e-06,4187,64787848.7782385
None,none,2009-2016,8,WTMEC.COMBN,age+gender,inc_to_pov_level,hpv_oral,16952,179396727.184409,63,quasibinomial (logit),Middle income,0.328379029084038,0.0962727859698477,0.00117417368038971,0.139684368583137,0.51707368958494,17.4476090378273,1.1146841671421e-06,8568,85047552.7436183
None,none,2009-2016,8,WTMEC.COMBN,age+gender,inc_to_pov_level,hpv_oral,16952,179396727.184409,63,quasibinomial (logit),Low income,0.60458692194589,0.103247099914698,2.24160763381419e-07,0.402222606113082,0.806951237778698,17.4476090378273,1.1146841671421e-06,4197,29561325.662552
None,none,1999-2016,12,WTMEC.COMBN,age+gender,employ_status,testosterone,17119,118858269.45286,91,gaussian (identity),Full-time employed (Intercept),70.383083827904,4.07972273462591,1.15444233944662e-29,62.3868272680372,78.3793403877708,3.28155024725235,0.0247075936603094,7805,62081577.0422006
None,none,1999-2016,12,WTMEC.COMBN,age+gender,employ_status,testosterone,17119,118858269.45286,91,gaussian (identity),Part-time employed,9.54266959808845,3.93820970534185,0.0174861042962251,1.82377857561842,17.2615606205585,3.28155024725235,0.0247075936603094,1813,12962317.5770225
None,none,1999-2016,12,WTMEC.COMBN,age+gender,employ_status,testosterone,17119,118858269.45286,91,gaussian (identity),Student,8.11876044443009,7.14585603342552,0.259050179612663,-5.88711738108394,22.1246382699441,3.28155024725235,0.0247075936603094,569,2835468.84292986
None,none,1999-2016,12,WTMEC.COMBN,age+gender,employ_status,testosterone,17119,118858269.45286,91,gaussian (identity),Unemployed,8.04875541680243,3.09619779019284,0.0109841605388698,1.98020774802447,14.1173030855804,3.28155024725235,0.0247075936603094,6932,40978905.9907073
None,none,1999-2020,13.2,WTMEC.COMBN,age+gender,employ_status,estradiol,18873,122879240.234623,99,gaussian (identity),Full-time employed (Intercept),253.695303811706,27.0310954074202,3.72758975656422e-15,200.714356813162,306.67625081025,13.0221481114956,3.48422905660887e-07,8837,65794704.2596474
None,none,1999-2020,13.2,WTMEC.COMBN,age+gender,employ_status,estradiol,18873,122879240.234623,99,gaussian (identity),Part-time employed,45.1256403921802,24.7317060289036,0.0712369422321157,-3.34850342447086,93.5997842088312,13.0221481114956,3.48422905660887e-07,2003,13327224.4752984
None,none,1999-2020,13.2,WTMEC.COMBN,age+gender,employ_status,estradiol,18873,122879240.234623,99,gaussian (identity),Student,-76.5355745893552,12.3698111958646,1.58262559759747e-08,-100.78040453325,-52.2907446454605,13.0221481114956,3.48422905660887e-07,435,1973592.49350045
None,none,1999-2020,13.2,WTMEC.COMBN,age+gender,employ_status,estradiol,18873,122879240.234623,99,gaussian (identity),Unemployed,39.8832300105208,15.1726134676085,0.0100140897720163,10.1449076140081,69.6215524070335,13.0221481114956,3.48422905660887e-07,7598,41783719.0061768
None,none,2009-2016,8,WTMEC.COMBN,age+gender,employ_status,hpv_oral,18511,192175084.964568,63,quasibinomial (logit),Full-time employed (Intercept),-3.80731990654075,0.159172632109288,9.87047096082961e-32,-4.11929826547496,-3.49534154760655,7.8311828717175,0.000178999591542943,9472,110178484.091799
None,none,2009-2016,8,WTMEC.COMBN,age+gender,employ_status,hpv_oral,18511,192175084.964568,63,quasibinomial (logit),Part-time employed,-0.210455775189897,0.157700860660155,0.187247415323687,-0.5195494620838,0.0986379117040058,7.8311828717175,0.000178999591542943,2173,22680152.0211213
None,none,2009-2016,8,WTMEC.COMBN,age+gender,employ_status,hpv_oral,18511,192175084.964568,63,quasibinomial (logit),Student,-0.80905515798828,0.260211681521926,0.00290613896101121,-1.31907005377126,-0.299040262205305,7.8311828717175,0.000178999591542943,741,5584054.47085675
None,none,2009-2016,8,WTMEC.COMBN,age+gender,employ_status,hpv_oral,18511,192175084.964568,63,quasibinomial (logit),Unemployed,0.252610430990735,0.106660056738564,0.0212197824368724,0.0435567197831507,0.46166414219832,7.8311828717175,0.000178999591542943,6125,53732394.3807905
None,none,1999-2020,21.2,WTMEC.COMBN,age+gender,educ_level,smoke_current,44739,165503814.648218,163,quasibinomial (logit),College graduate or above (Intercept),-1.86846264617661,0.0781968291551157,3.6217421515134e-54,-2.02172843132063,-1.71519686103258,358.577387913458,7.8747006280779e-78,9677,46455541.3166443
None,none,1999-2020,21.2,WTMEC.COMBN,age+gender,educ_level,smoke_current,44739,165503814.648218,163,quasibinomial (logit),Some college or AA degree,1.14935011096609,0.053340257578738,9.3292244478604e-49,1.04480320611176,1.25389701582042,358.577387913458,7.8747006280779e-78,12551,49928869.9579298
None,none,1999-2020,21.2,WTMEC.COMBN,age+gender,educ_level,smoke_current,44739,165503814.648218,163,quasibinomial (logit),HS graduate or GED,1.53881988064202,0.0490635366510906,1.68076766376965e-69,1.44265534880588,1.63498441247816,358.577387913458,7.8747006280779e-78,10463,40132736.9024655
None,none,1999-2020,21.2,WTMEC.COMBN,age+gender,educ_level,smoke_current,44739,165503814.648218,163,quasibinomial (logit),9-11th grade,1.93795024257247,0.0586439319673065,1.34560772838987e-72,1.82300813591655,2.05289234922839,358.577387913458,7.8747006280779e-78,6846,19180413.8623285
None,none,1999-2020,21.2,WTMEC.COMBN,age+gender,educ_level,smoke_current,44739,165503814.648218,163,quasibinomial (logit),Less than 9th grade,1.11727535455913,0.0729204146737211,5.48055982531515e-33,0.97435134179864,1.26019936731963,358.577387913458,7.8747006280779e-78,5202,9806252.60885019
None,none,1999-2020,21.2,WTMEC.COMBN,age+gender,educ_level,smoke_ever,59190,219765351.777663,163,quasibinomial (logit),College graduate or above (Intercept),-1.63247961715103,0.0624066229771942,4.14758469906009e-59,-1.75479659818633,-1.51016263611573,226.755720443574,3.93052641128914e-64,12638,61061729.3811075
None,none,1999-2020,21.2,WTMEC.COMBN,age+gender,educ_level,smoke_ever,59190,219765351.777663,163,quasibinomial (logit),Some college or AA degree,0.679659661323019,0.0373904726051916,1.83831063520746e-40,0.606374335016844,0.752944987629195,226.755720443574,3.93052641128914e-64,16692,67298641.867677
None,none,1999-2020,21.2,WTMEC.COMBN,age+gender,educ_level,smoke_ever,59190,219765351.777663,163,quasibinomial (logit),HS graduate or GED,0.861111056684613,0.0364797327888837,1.61979735635695e-53,0.789610780418401,0.932611332950825,226.755720443574,3.93052641128914e-64,13879,53504615.6715116
None,none,1999-2020,21.2,WTMEC.COMBN,age+gender,educ_level,smoke_ever,59190,219765351.777663,163,quasibinomial (logit),9-11th grade,1.12919879248618,0.045176896815559,1.32885913315494e-56,1.04065207472769,1.21774551024468,226.755720443574,3.93052641128914e-64,8907,24898133.0607645
None,none,1999-2020,21.2,WTMEC.COMBN,age+gender,educ_level,smoke_ever,59190,219765351.777663,163,quasibinomial (logit),Less than 9th grade,0.431659182487364,0.0543038497666156,3.44329254998343e-13,0.325223636944798,0.538094728029931,226.755720443574,3.93052641128914e-64,7074,13002231.7966024
None,none,1999-2020,21.2,WTMEC.COMBN,age+gender,educ_level,alch_drink_curr,43127,176423259.475133,163,quasibinomial (logit),College graduate or above (Intercept),2.53326544103851,0.120411774855531,1.52596416730074e-47,2.29725836232167,2.76927251975535,114.419044372466,1.75198633520296e-45,9995,52401610.8086816
None,none,1999-2020,21.2,WTMEC.COMBN,age+gender,educ_level,alch_drink_curr,43127,176423259.475133,163,quasibinomial (logit),Some college or AA degree,-0.183335627659924,0.0595282956941592,0.00244596092456758,-0.300011087220476,-0.0666601680993721,114.419044372466,1.75198633520296e-45,12789,55373133.1259694
None,none,1999-2020,21.2,WTMEC.COMBN,age+gender,educ_level,alch_drink_curr,43127,176423259.475133,163,quasibinomial (logit),HS graduate or GED,-0.561231216815308,0.0714714259646111,5.98920310784573e-13,-0.701315211705946,-0.42114722192467,114.419044372466,1.75198633520296e-45,10028,41982737.502885
None,none,1999-2020,21.2,WTMEC.COMBN,age+gender,educ_level,alch_drink_curr,43127,176423259.475133,163,quasibinomial (logit),9-11th grade,-0.814673693213436,0.0800071574966597,5.16018606767616e-19,-0.971487721906889,-0.657859664519983,114.419044372466,1.75198633520296e-45,6050,18303493.3029451
None,none,1999-2020,21.2,WTMEC.COMBN,age+gender,educ_level,alch_drink_curr,43127,176423259.475133,163,quasibinomial (logit),Less than 9th grade,-1.44635609569377,0.0867633431462423,1.45918106112475e-36,-1.61641224826041,-1.27629994312714,114.419044372466,1.75198633520296e-45,4265,8362284.73465223
None,none,1999-2020,21.2,WTMEC.COMBN,age+gender,educ_level,alch_drink_daily,43127,176423259.475133,163,quasibinomial (logit),College graduate or above (Intercept),-5.18910148911833,0.118959275747493,1.15755054326406e-89,-5.42226166958342,-4.95594130865325,7.29833641445812,2.04197783429169e-05,9995,52401610.8086816
None,none,1999-2020,21.2,WTMEC.COMBN,age+gender,educ_level,alch_drink_daily,43127,176423259.475133,163,quasibinomial (logit),Some college or AA degree,-0.297034890306164,0.0783718128726901,0.000214266807452533,-0.450643643536636,-0.143426137075691,7.29833641445812,2.04197783429169e-05,12789,55373133.1259694
None,none,1999-2020,21.2,WTMEC.COMBN,age+gender,educ_level,alch_drink_daily,43127,176423259.475133,163,quasibinomial (logit),HS graduate or GED,-0.19138759420277,0.0887884425670239,0.0326425631318682,-0.365412941634137,-0.0173622467714029,7.29833641445812,2.04197783429169e-05,10028,41982737.502885
None,none,1999-2020,21.2,WTMEC.COMBN,age+gender,educ_level,alch_drink_daily,43127,176423259.475133,163,quasibinomial (logit),9-11th grade,-0.244437600168062,0.0972809075667551,0.0129905869620521,-0.435108178998902,-0.0537670213372215,7.29833641445812,2.04197783429169e-05,6050,18303493.3029451
None,none,1999-2020,21.2,WTMEC.COMBN,age+gender,educ_level,alch_drink_daily,43127,176423259.475133,163,quasibinomial (logit),Less than 9th grade,-0.594852901190861,0.122564138609473,2.90479688729298e-06,-0.835078612865427,-0.354627189516294,7.29833641445812,2.04197783429169e-05,4265,8362284.73465223
None,none,1999-2020,21.2,WTMEC.COMBN,age+gender,educ_level,alch_drink_weekly,43127,176423259.475133,163,quasibinomial (logit),College graduate or above (Intercept),-0.509119493533957,0.0663745902445073,1.69078550898484e-12,-0.639213690413191,-0.379025296654723,84.4346761981738,4.04314793487114e-38,9995,52401610.8086816
None,none,1999-2020,21.2,WTMEC.COMBN,age+gender,educ_level,alch_drink_weekly,43127,176423259.475133,163,quasibinomial (logit),Some college or AA degree,-0.443294147913639,0.044984103101266,3.90592732630705e-18,-0.53146298999212,-0.355125305835157,84.4346761981738,4.04314793487114e-38,12789,55373133.1259694
None,none,1999-2020,21.2,WTMEC.COMBN,age+gender,educ_level,alch_drink_weekly,43127,176423259.475133,163,quasibinomial (logit),HS graduate or GED,-0.640785438170936,0.0478293108804036,8.87873903749699e-28,-0.734530887496527,-0.547039988845345,84.4346761981738,4.04314793487114e-38,10028,41982737.502885
None,none,1999-2020,21.2,WTMEC.COMBN,age+gender,educ_level,alch_drink_weekly,43127,176423259.475133,163,quasibinomial (logit),9-11th grade,-0.723695706769313,0.0555960420361168,9.71437678713631e-27,-0.832663949160102,-0.614727464378524,84.4346761981738,4.04314793487114e-38,6050,18303493.3029451
None,none,1999-2020,21.2,WTMEC.COMBN,age+gender,educ_level,alch_drink_weekly,43127,176423259.475133,163,quasibinomial (logit),Less than 9th grade,-1.13136049150696,0.0661920175883736,1.15188016640882e-37,-1.26109684598017,-1.00162413703374,84.4346761981738,4.04314793487114e-38,4265,8362284.73465223
None,none,1999-2020,21.2,WTMEC.COMBN,age+gender,educ_level,pa_total_mets_wk,62241,224290920.807327,163,gaussian (identity),College graduate or above (Intercept),3629.23621617437,86.4434351902039,2.92920535976422e-87,3459.80708320157,3798.66534914716,45.0266064795617,3.81308195617561e-25,12623,60980090.9799193
None,none,1999-2020,21.2,WTMEC.COMBN,age+gender,educ_level,pa_total_mets_wk,62241,224290920.807327,163,gaussian (identity),Some college or AA degree,930.457974241949,76.358057796753,1.83434323672483e-24,780.796180960313,1080.11976752359,45.0266064795617,3.81308195617561e-25,17395,68565630.1943505
None,none,1999-2020,21.2,WTMEC.COMBN,age+gender,educ_level,pa_total_mets_wk,62241,224290920.807327,163,gaussian (identity),HS graduate or GED,1017.58147954486,105.706247031298,1.58097532771813e-17,810.397235363518,1224.76572372621,45.0266064795617,3.81308195617561e-25,14864,55135026.9798153
None,none,1999-2020,21.2,WTMEC.COMBN,age+gender,educ_level,pa_total_mets_wk,62241,224290920.807327,163,gaussian (identity),9-11th grade,565.066276286461,119.524697356952,5.01846172274776e-06,330.797869466836,799.334683106087,45.0266064795617,3.81308195617561e-25,10162,26494006.154023
None,none,1999-2020,21.2,WTMEC.COMBN,age+gender,educ_level,pa_total_mets_wk,62241,224290920.807327,163,gaussian (identity),Less than 9th grade,207.742930951146,129.417483948639,0.110456022673852,-45.9153375881876,461.401199490479,45.0266064795617,3.81308195617561e-25,7197,13116166.4992187
None,none,1999-2020,21.2,WTMEC.COMBN,age+gender,educ_level,pa_meets_guidelines,62241,224290920.807327,163,quasibinomial (logit),College graduate or above (Intercept),1.478803297874,0.0434075973402209,2.01894236894454e-74,1.39372440708717,1.56388218866084,171.822720527205,2.88904724004964e-56,12623,60980090.9799193
None,none,1999-2020,21.2,WTMEC.COMBN,age+gender,educ_level,pa_meets_guidelines,62241,224290920.807327,163,quasibinomial (logit),Some college or AA degree,-0.401852184899952,0.0358907995040223,9.2486214667205e-22,-0.472198151927835,-0.331506217872068,171.822720527205,2.88904724004964e-56,17395,68565630.1943505
None,none,1999-2020,21.2,WTMEC.COMBN,age+gender,educ_level,pa_meets_guidelines,62241,224290920.807327,163,quasibinomial (logit),HS graduate or GED,-0.635054651726391,0.0372523879324674,1.50641677326951e-37,-0.708069332074027,-0.562039971378755,171.822720527205,2.88904724004964e-56,14864,55135026.9798153
None,none,1999-2020,21.2,WTMEC.COMBN,age+gender,educ_level,pa_meets_guidelines,62241,224290920.807327,163,quasibinomial (logit),9-11th grade,-0.974333527538356,0.0476551800008249,4.11762606565608e-46,-1.06773768033997,-0.88092937473674,171.822720527205,2.88904724004964e-56,10162,26494006.154023
None,none,1999-2020,21.2,WTMEC.COMBN,age+gender,educ_level,pa_meets_guidelines,62241,224290920.807327,163,quasibinomial (logit),Less than 9th grade,-1.27950975934432,0.0530691371269705,1.19164705929185e-54,-1.38352526811318,-1.17549425057546,171.822720527205,2.88904724004964e-56,7197,13116166.4992187
None,none,1999-2020,21.2,WTMEC.COMBN,age+gender,educ_level,genhealth_low_vs_other,62405,224828603.119564,163,quasibinomial (logit),College graduate or above (Intercept),-3.40563007669254,0.0570482797049864,7.86996921311365e-110,-3.51744470491432,-3.29381544847077,523.667585502303,1.1909199909886e-89,12636,61036857.6693168
None,none,1999-2020,21.2,WTMEC.COMBN,age+gender,educ_level,genhealth_low_vs_other,62405,224828603.119564,163,quasibinomial (logit),Some college or AA degree,0.83000936065235,0.0473493994808346,8.45841253640602e-39,0.737204537669914,0.922814183634786,523.667585502303,1.1909199909886e-89,17444,68759760.4499402
None,none,1999-2020,21.2,WTMEC.COMBN,age+gender,educ_level,genhealth_low_vs_other,62405,224828603.119564,163,quasibinomial (logit),HS graduate or GED,1.25151683688734,0.0514956326386536,4.43010977000814e-55,1.15058539691558,1.3524482768591,523.667585502303,1.1909199909886e-89,14912,55299680.5837644
None,none,1999-2020,21.2,WTMEC.COMBN,age+gender,educ_level,genhealth_low_vs_other,62405,224828603.119564,163,quasibinomial (logit),9-11th grade,1.77309576581133,0.0545618775934773,1.33827993608199e-71,1.66615448572812,1.88003704589455,523.667585502303,1.1909199909886e-89,10201,26596372.8778453
None,none,1999-2020,21.2,WTMEC.COMBN,age+gender,educ_level,genhealth_low_vs_other,62405,224828603.119564,163,quasibinomial (logit),Less than 9th grade,2.43559059406504,0.056030031195627,1.91715870029709e-89,2.32577173292161,2.54540945520847,523.667585502303,1.1909199909886e-89,7212,13135931.538697
None,none,1999-2020,21.2,WTMEC.COMBN,age+gender,educ_level,restaur_freq_gt2,62413,224894738.427211,163,quasibinomial (logit),College graduate or above (Intercept),0.935153008406152,0.0474544898185078,2.66527711052273e-44,0.842142208361877,1.02816380845043,206.750329962983,1.79421816524909e-61,12638,61069118.6258325
None,none,1999-2020,21.2,WTMEC.COMBN,age+gender,educ_level,restaur_freq_gt2,62413,224894738.427211,163,quasibinomial (logit),Some college or AA degree,-0.207547563908315,0.0327787835560184,2.43069205776014e-09,-0.271793979678111,-0.143301148138519,206.750329962983,1.79421816524909e-61,17446,68763685.0433519
None,none,1999-2020,21.2,WTMEC.COMBN,age+gender,educ_level,restaur_freq_gt2,62413,224894738.427211,163,quasibinomial (logit),HS graduate or GED,-0.500121394443109,0.0391861533166591,4.82150652855324e-26,-0.576926254943761,-0.423316533942458,206.750329962983,1.79421816524909e-61,14912,55309645.6691589
None,none,1999-2020,21.2,WTMEC.COMBN,age+gender,educ_level,restaur_freq_gt2,62413,224894738.427211,163,quasibinomial (logit),9-11th grade,-0.81660845864911,0.0450024326628464,2.21165372610738e-40,-0.904813226668289,-0.728403690629931,206.750329962983,1.79421816524909e-61,10200,26600600.5011078
None,none,1999-2020,21.2,WTMEC.COMBN,age+gender,educ_level,restaur_freq_gt2,62413,224894738.427211,163,quasibinomial (logit),Less than 9th grade,-1.38466114228325,0.0536711200105286,2.42626668659335e-58,-1.48985653750389,-1.27946574706262,206.750329962983,1.79421816524909e-61,7217,13151688.5877599
None,none,1999-2020,21.2,WTMEC.COMBN,age+gender,educ_level,hc_drvisit,62385,224834949.453048,163,quasibinomial (logit),College graduate or above (Intercept),1.16391938312672,0.0589164356472167,2.01598080393164e-44,1.04844316925818,1.27939559699527,90.3562332202193,1.05038141374954e-39,12640,61073044.3915092
None,none,1999-2020,21.2,WTMEC.COMBN,age+gender,educ_level,hc_drvisit,62385,224834949.453048,163,quasibinomial (logit),Some college or AA degree,-0.219671470312913,0.0450823079927617,2.66907842702028e-06,-0.308032793978726,-0.1313101466471,90.3562332202193,1.05038141374954e-39,17449,68772234.9449116
None,none,1999-2020,21.2,WTMEC.COMBN,age+gender,educ_level,hc_drvisit,62385,224834949.453048,163,quasibinomial (logit),HS graduate or GED,-0.396982968129533,0.0472345789435636,2.43388556239294e-14,-0.489562742858918,-0.304403193400149,90.3562332202193,1.05038141374954e-39,14906,55285339.2231349
None,none,1999-2020,21.2,WTMEC.COMBN,age+gender,educ_level,hc_drvisit,62385,224834949.453048,163,quasibinomial (logit),9-11th grade,-0.732366841497382,0.051202565216878,3.0443585217579e-30,-0.832723869322463,-0.632009813672301,90.3562332202193,1.05038141374954e-39,10190,26574875.2263249
None,none,1999-2020,21.2,WTMEC.COMBN,age+gender,educ_level,hc_drvisit,62385,224834949.453048,163,quasibinomial (logit),Less than 9th grade,-1.02231227152269,0.0589266759812921,2.47981966377311e-38,-1.13780855644602,-0.906815986599359,90.3562332202193,1.05038141374954e-39,7200,13129455.6671677
None,none,1999-2020,21.2,WTMEC.COMBN,age+gender,educ_level,hc_hospadmit,62428,224927655.842571,163,quasibinomial (logit),College graduate or above (Intercept),-3.1007299509358,0.0657042446698963,1.19111620882856e-94,-3.22951027048879,-2.9719496313828,29.8468575768899,1.82755157746221e-18,12641,61071787.6121354
None,none,1999-2020,21.2,WTMEC.COMBN,age+gender,educ_level,hc_hospadmit,62428,224927655.842571,163,quasibinomial (logit),Some college or AA degree,0.282172453283248,0.0480948639096593,2.54695433574342e-08,0.187906520020316,0.37643838654618,29.8468575768899,1.82755157746221e-18,17449,68781505.560411
None,none,1999-2020,21.2,WTMEC.COMBN,age+gender,educ_level,hc_hospadmit,62428,224927655.842571,163,quasibinomial (logit),HS graduate or GED,0.406554809030752,0.0507113790153356,2.32584899375757e-13,0.307160506160695,0.50594911190081,29.8468575768899,1.82755157746221e-18,14919,55324676.8992099
None,none,1999-2020,21.2,WTMEC.COMBN,age+gender,educ_level,hc_hospadmit,62428,224927655.842571,163,quasibinomial (logit),9-11th grade,0.588029234746152,0.0582706037318048,9.06796447037479e-19,0.473818851431815,0.70223961806049,29.8468575768899,1.82755157746221e-18,10202,26600458.3115065
None,none,1999-2020,21.2,WTMEC.COMBN,age+gender,educ_level,hc_hospadmit,62428,224927655.842571,163,quasibinomial (logit),Less than 9th grade,0.511596740294122,0.066563794526077,1.54922942278209e-12,0.381131703023011,0.642061777565233,29.8468575768899,1.82755157746221e-18,7217,13149227.4593082
None,none,1999-2020,21.2,WTMEC.COMBN,age+gender,educ_level,insur_any,62084,224066928.564846,163,quasibinomial (logit),College graduate or above (Intercept),1.02137965645074,0.071013772395288,1.85390307518082e-30,0.882192662555973,1.1605666503455,390.221338975557,1.95151933151255e-80,12596,60934500.9388647
None,none,1999-2020,21.2,WTMEC.COMBN,age+gender,educ_level,insur_any,62084,224066928.564846,163,quasibinomial (logit),Some college or AA degree,-0.965643302028252,0.0639531329036769,2.16682837310634e-32,-1.09099144251946,-0.840295161537046,390.221338975557,1.95151933151255e-80,17384,68557635.8872739
None,none,1999-2020,21.2,WTMEC.COMBN,age+gender,educ_level,insur_any,62084,224066928.564846,163,quasibinomial (logit),HS graduate or GED,-1.36483310721533,0.0610597317167304,1.20275866154609e-50,-1.48451018138012,-1.24515603305053,390.221338975557,1.95151933151255e-80,14820,55051448.9904685
None,none,1999-2020,21.2,WTMEC.COMBN,age+gender,educ_level,insur_any,62084,224066928.564846,163,quasibinomial (logit),9-11th grade,-1.85195139076251,0.0667114094018918,1.91143747018057e-62,-1.98270575319022,-1.7211970283348,390.221338975557,1.95151933151255e-80,10123,26461472.6164237
None,none,1999-2020,21.2,WTMEC.COMBN,age+gender,educ_level,insur_any,62084,224066928.564846,163,quasibinomial (logit),Less than 9th grade,-2.58806350571314,0.0697613483542509,1.3562587224712e-79,-2.72479574848748,-2.45133126293881,390.221338975557,1.95151933151255e-80,7161,13061870.1318151
None,none,1999-2020,21.2,WTMEC.COMBN,age+gender,educ_level,uninsur_lastyr,48973,184773812.660202,163,quasibinomial (logit),College graduate or above (Intercept),-1.33496856470568,0.0933244037991652,3.02013992158314e-30,-1.51788439615205,-1.15205273325932,33.6778192498607,2.8211968601217e-20,11613,57181827.5125519
None,none,1999-2020,21.2,WTMEC.COMBN,age+gender,educ_level,uninsur_lastyr,48973,184773812.660202,163,quasibinomial (logit),Some college or AA degree,0.47409332561372,0.072372589023327,7.76617539065643e-10,0.332243051127999,0.615943600099441,33.6778192498607,2.8211968601217e-20,14276,57589990.3245142
None,none,1999-2020,21.2,WTMEC.COMBN,age+gender,educ_level,uninsur_lastyr,48973,184773812.660202,163,quasibinomial (logit),HS graduate or GED,0.567936897466551,0.0719241835693618,4.65935721758256e-13,0.426965497670602,0.7089082972625,33.6778192498607,2.8211968601217e-20,11415,43473361.7233094
None,none,1999-2020,21.2,WTMEC.COMBN,age+gender,educ_level,uninsur_lastyr,48973,184773812.660202,163,quasibinomial (logit),9-11th grade,0.621387360586091,0.0854417258710144,1.57176303509653e-11,0.453921577878903,0.78885314329328,33.6778192498607,2.8211968601217e-20,6986,18342620.885106
None,none,1999-2020,21.2,WTMEC.COMBN,age+gender,educ_level,uninsur_lastyr,48973,184773812.660202,163,quasibinomial (logit),Less than 9th grade,1.13040309009693,0.102203534324691,2.172603401901e-21,0.930084162820531,1.33072201737332,33.6778192498607,2.8211968601217e-20,4683,8186012.21472074
None,none,1999-2020,21.2,WTMEC.COMBN,age+gender,educ_level,govtmeal_any,20267,55364511.9621616,163,quasibinomial (logit),College graduate or above (Intercept),-10.1623333978595,0.617715131281266,5.47807240614912e-36,-11.3730550551708,-8.95161174054827,23.2922419630073,3.95650904464818e-15,3710,13909738.3401361
None,none,1999-2020,21.2,WTMEC.COMBN,age+gender,educ_level,govtmeal_any,20267,55364511.9621616,163,quasibinomial (logit),Some college or AA degree,0.700838420407073,0.188202204862212,0.00027307649303505,0.331962098877137,1.06971474193701,23.2922419630073,3.95650904464818e-15,4782,14779872.5907918
None,none,1999-2020,21.2,WTMEC.COMBN,age+gender,educ_level,govtmeal_any,20267,55364511.9621616,163,quasibinomial (logit),HS graduate or GED,0.749932168602128,0.16659854947977,1.30858876635961e-05,0.423399011621779,1.07646532558248,23.2922419630073,3.95650904464818e-15,4824,14724422.8743166
None,none,1999-2020,21.2,WTMEC.COMBN,age+gender,educ_level,govtmeal_any,20267,55364511.9621616,163,quasibinomial (logit),9-11th grade,1.17754995674164,0.187939395383462,3.41734143419265e-09,0.809188741790053,1.54591117169323,23.2922419630073,3.95650904464818e-15,3074,6517581.03493608
None,none,1999-2020,21.2,WTMEC.COMBN,age+gender,educ_level,govtmeal_any,20267,55364511.9621616,163,quasibinomial (logit),Less than 9th grade,1.48058548306104,0.170955688969052,5.36157980441236e-15,1.1455123326817,1.81565863344038,23.2922419630073,3.95650904464818e-15,3877,5432897.12198096
None,none,2003-2020,17.2,WTMEC.COMBN,age+gender,educ_level,foodinsecure,49596,224432468.332769,134,quasibinomial (logit),College graduate or above (Intercept),-2.11687831968296,0.0894228500895042,1.35268376433018e-48,-2.29214710585839,-1.94160953350753,285.931680797572,8.86796490632939e-63,10477,62969055.7193066
None,none,2003-2020,17.2,WTMEC.COMBN,age+gender,educ_level,foodinsecure,49596,224432468.332769,134,quasibinomial (logit),Some college or AA degree,1.36994490985354,0.0816175667242963,3.87827089503801e-34,1.20997447907392,1.52991534063316,285.931680797572,8.86796490632939e-63,14417,69839703.8332845
None,none,2003-2020,17.2,WTMEC.COMBN,age+gender,educ_level,foodinsecure,49596,224432468.332769,134,quasibinomial (logit),HS graduate or GED,1.65545447423911,0.0827798704070322,3.3359765022349e-41,1.49320592824132,1.81770302023689,285.931680797572,8.86796490632939e-63,11833,54438906.8387534
None,none,2003-2020,17.2,WTMEC.COMBN,age+gender,educ_level,foodinsecure,49596,224432468.332769,134,quasibinomial (logit),9-11th grade,2.16056550906845,0.0763694820859234,6.40051437577683e-57,2.01088132418004,2.31024969395686,285.931680797572,8.86796490632939e-63,7625,24791064.5668696
None,none,2003-2020,17.2,WTMEC.COMBN,age+gender,educ_level,foodinsecure,49596,224432468.332769,134,quasibinomial (logit),Less than 9th grade,2.72718650793154,0.0907498950646866,7.68947101715352e-60,2.54931671360475,2.90505630225832,285.931680797572,8.86796490632939e-63,5244,12393737.3745546
None,none,1999-2020,21.2,WTMEC.COMBN,age+gender,inc_to_pov,smoke_current,40557,153503883.294568,163,quasibinomial (logit),inc_to_pov,-0.280017044794747,0.0122028044208724,1.78326551827497e-52,-0.303934541459657,-0.256099548129837,,,40557,153503883.294568
None,none,1999-2020,21.2,WTMEC.COMBN,age+gender,inc_to_pov,smoke_ever,53701,203805138.131126,163,quasibinomial (logit),inc_to_pov,-0.136702399978077,0.00820385480088668,8.60949404337777e-37,-0.152781955387815,-0.120622844568339,,,53701,203805138.131126
None,none,1999-2020,21.2,WTMEC.COMBN,age+gender,inc_to_pov,alch_drink_curr,39631,164621211.154695,163,quasibinomial (logit),inc_to_pov,0.308628162819912,0.0141069323130461,5.89149934150892e-50,0.280978575486342,0.336277750153482,,,39631,164621211.154695
None,none,1999-2020,21.2,WTMEC.COMBN,age+gender,inc_to_pov,alch_drink_daily,39631,164621211.154695,163,quasibinomial (logit),inc_to_pov,0.131971842954174,0.0207605590550885,2.05587435010321e-09,0.0912811472062002,0.172662538702147,,,39631,164621211.154695
None,none,1999-2020,21.2,WTMEC.COMBN,age+gender,inc_to_pov,alch_drink_weekly,39631,164621211.154695,163,quasibinomial (logit),inc_to_pov,0.220179670943569,0.0101925480924446,2.69178674717973e-49,0.200202276682378,0.24015706520476,,,39631,164621211.154695
None,none,1999-2020,21.2,WTMEC.COMBN,age+gender,inc_to_pov,pa_total_mets_wk,56468,207993005.656795,163,gaussian (identity),inc_to_pov,-112.197649757316,20.7101794678654,2.18246319590732e-07,-152.789601514332,-71.6056980002993,,,56468,207993005.656795
None,none,1999-2020,21.2,WTMEC.COMBN,age+gender,inc_to_pov,pa_meets_guidelines,56468,207993005.656795,163,quasibinomial (logit),inc_to_pov,0.175911205581395,0.00878468665813018,1.92391311405158e-45,0.15869321973146,0.19312919143133,,,56468,207993005.656795
None,none,1999-2020,21.2,WTMEC.COMBN,age+gender,inc_to_pov,genhealth_low_vs_other,56596,208443011.350796,163,quasibinomial (logit),inc_to_pov,-0.450593301168933,0.0105567228766314,2.40593779172187e-89,-0.47128447800713,-0.429902124330735,,,56596,208443011.350796
None,none,1999-2020,21.2,WTMEC.COMBN,age+gender,inc_to_pov,restaur_freq_gt2,56609,208499236.032812,163,quasibinomial (logit),inc_to_pov,0.258509981401902,0.01028161479086,1.8696789958337e-57,0.238358016411816,0.278661946391987,,,56609,208499236.032812
None,none,1999-2020,21.2,WTMEC.COMBN,age+gender,inc_to_pov,hc_drvisit,56585,208447257.083036,163,quasibinomial (logit),inc_to_pov,0.183036453843213,0.0109721563770005,7.67900371272045e-37,0.161531027344292,0.204541880342134,,,56585,208447257.083036
None,none,1999-2020,21.2,WTMEC.COMBN,age+gender,inc_to_pov,hc_hospadmit,56616,208516727.017846,163,quasibinomial (logit),inc_to_pov,-0.17708195757816,0.0141828506356224,2.07227432671398e-25,-0.20488034482398,-0.14928357033234,,,56616,208516727.017846
None,none,1999-2020,21.2,WTMEC.COMBN,age+gender,inc_to_pov,insur_any,56549,208345730.92336,163,quasibinomial (logit),inc_to_pov,0.558646094956145,0.0139352040036524,2.33326155819318e-85,0.531333095108987,0.585959094803304,,,56549,208345730.92336
None,none,1999-2020,21.2,WTMEC.COMBN,age+gender,inc_to_pov,uninsur_lastyr,44861,172862436.738105,163,quasibinomial (logit),inc_to_pov,-0.310781911927453,0.018492134366456,3.59612285255937e-37,-0.347026495285707,-0.274537328569199,,,44861,172862436.738105
None,none,1999-2020,21.2,WTMEC.COMBN,age+gender,inc_to_pov,govtmeal_any,17931,50191449.3458242,163,quasibinomial (logit),inc_to_pov,-0.650783277875847,0.0556932221439295,3.36634233408048e-23,-0.759941993277949,-0.541624562473746,,,17931,50191449.3458242
None,none,2003-2020,17.2,WTMEC.COMBN,age+gender,inc_to_pov,foodinsecure,46324,212579487.74906,134,quasibinomial (logit),inc_to_pov,-0.840134092382961,0.0227441615666347,3.94272668420562e-71,-0.884712649053565,-0.795555535712357,,,46324,212579487.74906
None,none,1999-2020,21.2,WTMEC.COMBN,age+gender,inc_to_pov_level,smoke_current,40557,153503883.294568,163,quasibinomial (logit),High income (Intercept),-1.52469973003154,0.0787552123389893,1.14842157770952e-43,-1.67905994621596,-1.37033951384712,226.984725697601,2.56852804341568e-47,10046,53601313.0634718
None,none,1999-2020,21.2,WTMEC.COMBN,age+gender,inc_to_pov_level,smoke_current,40557,153503883.294568,163,quasibinomial (logit),Middle income,0.736069311653983,0.0491561672820368,3.48069465044199e-32,0.639723223781191,0.832415399526776,226.984725697601,2.56852804341568e-47,21340,75595793.7737865
None,none,1999-2020,21.2,WTMEC.COMBN,age+gender,inc_to_pov_level,smoke_current,40557,153503883.294568,163,quasibinomial (logit),Low income,1.23630210930554,0.0584633563253872,4.57031162618867e-48,1.12171393090778,1.3508902877033,226.984725697601,2.56852804341568e-47,9171,24306776.4573095
None,none,1999-2020,21.2,WTMEC.COMBN,age+gender,inc_to_pov_level,smoke_ever,53701,203805138.131126,163,quasibinomial (logit),High income (Intercept),-1.37054908225804,0.059280181217079,1.00649034834288e-52,-1.48673823744352,-1.25435992707257,121.110327335719,1.1017941111123e-32,13848,73911657.8052354
None,none,1999-2020,21.2,WTMEC.COMBN,age+gender,inc_to_pov_level,smoke_ever,53701,203805138.131126,163,quasibinomial (logit),Middle income,0.350200891894782,0.0310505307057135,4.77357704315298e-22,0.289341851711583,0.41105993207798,121.110327335719,1.1017941111123e-32,28610,100786806.242257
None,none,1999-2020,21.2,WTMEC.COMBN,age+gender,inc_to_pov_level,smoke_ever,53701,203805138.131126,163,quasibinomial (logit),Low income,0.606798298657219,0.0410425336372913,1.13687807227119e-31,0.526354932728128,0.68724166458631,121.110327335719,1.1017941111123e-32,11243,29106674.083634
None,none,1999-2020,21.2,WTMEC.COMBN,age+gender,inc_to_pov_level,alch_drink_curr,39631,164621211.154695,163,quasibinomial (logit),High income (Intercept),3.02106838380078,0.109457517963893,1.591535774497e-62,2.80653164859155,3.23560511901001,197.734136035944,7.46231783720242e-44,11039,63526454.9604076
None,none,1999-2020,21.2,WTMEC.COMBN,age+gender,inc_to_pov_level,alch_drink_curr,39631,164621211.154695,163,quasibinomial (logit),Middle income,-0.828946561116382,0.0486768217182279,1.12448847254085e-37,-0.924353131684109,-0.733539990548655,197.734136035944,7.46231783720242e-44,20706,79072414.6850257
None,none,1999-2020,21.2,WTMEC.COMBN,age+gender,inc_to_pov_level,alch_drink_curr,39631,164621211.154695,163,quasibinomial (logit),Low income,-1.33241805918721,0.0727233420544261,4.95846995924487e-41,-1.47495580961389,-1.18988030876054,197.734136035944,7.46231783720242e-44,7886,22022341.5092622
None,none,1999-2020,21.2,WTMEC.COMBN,age+gender,inc_to_pov_level,alch_drink_daily,39631,164621211.154695,163,quasibinomial (logit),High income (Intercept),-5.18713414216491,0.111671456281102,2.09525877328852e-94,-5.40601019647587,-4.96825808785395,21.967202270911,3.76959509054196e-09,11039,63526454.9604076
None,none,1999-2020,21.2,WTMEC.COMBN,age+gender,inc_to_pov_level,alch_drink_daily,39631,164621211.154695,163,quasibinomial (logit),Middle income,-0.389245153943377,0.0613636590765932,2.23375120305272e-09,-0.5095179257335,-0.268972382153255,21.967202270911,3.76959509054196e-09,20706,79072414.6850257
None,none,1999-2020,21.2,WTMEC.COMBN,age+gender,inc_to_pov_level,alch_drink_daily,39631,164621211.154695,163,quasibinomial (logit),Low income,-0.501709541189166,0.0942718651497648,3.44213217055297e-07,-0.686482396882705,-0.316936685495627,21.967202270911,3.76959509054196e-09,7886,22022341.5092622
None,none,1999-2020,21.2,WTMEC.COMBN,age+gender,inc_to_pov_level,alch_drink_weekly,39631,164621211.154695,163,quasibinomial (logit),High income (Intercept),-0.41102178037232,0.0662465132789888,4.56556943208493e-09,-0.540864946399138,-0.281178614345502,210.051761298978,2.3547941691943e-45,11039,63526454.9604076
None,none,1999-2020,21.2,WTMEC.COMBN,age+gender,inc_to_pov_level,alch_drink_weekly,39631,164621211.154695,163,quasibinomial (logit),Middle income,-0.592669135953735,0.038110322723967,9.61292724624629e-34,-0.667365368492711,-0.51797290341476,210.051761298978,2.3547941691943e-45,20706,79072414.6850257
None,none,1999-2020,21.2,WTMEC.COMBN,age+gender,inc_to_pov_level,alch_drink_weekly,39631,164621211.154695,163,quasibinomial (logit),Low income,-0.932537182642085,0.0486264194806292,3.30358521590681e-43,-1.02784496482412,-0.837229400460052,210.051761298978,2.3547941691943e-45,7886,22022341.5092622
None,none,1999-2020,21.2,WTMEC.COMBN,age+gender,inc_to_pov_level,pa_total_mets_wk,56468,207993005.656795,163,gaussian (identity),High income (Intercept),3995.68577913397,100.060418763726,8.69100651892411e-85,3799.56735835706,4191.80419991087,19.4449848650165,2.78856459282568e-08,14197,74702171.0943355
None,none,1999-2020,21.2,WTMEC.COMBN,age+gender,inc_to_pov_level,pa_total_mets_wk,56468,207993005.656795,163,gaussian (identity),Middle income,405.022811302926,74.8686218732418,2.279932001633e-07,258.280312431372,551.76531017448,19.4449848650165,2.78856459282568e-08,29928,102752803.130378
None,none,1999-2020,21.2,WTMEC.COMBN,age+gender,inc_to_pov_level,pa_total_mets_wk,56468,207993005.656795,163,gaussian (identity),Low income,495.087475480056,103.60490267163,3.98730040983229e-06,292.021866243661,698.153084716451,19.4449848650165,2.78856459282568e-08,12343,30538031.4320809
None,none,1999-2020,21.2,WTMEC.COMBN,age+gender,inc_to_pov_level,pa_meets_guidelines,56468,207993005.656795,163,quasibinomial (logit),High income (Intercept),1.46302035013313,0.0500009942534401,6.75147017057807e-66,1.36501840139639,1.56102229886987,135.729396586994,4.10686544034561e-35,14197,74702171.0943355
None,none,1999-2020,21.2,WTMEC.COMBN,age+gender,inc_to_pov_level,pa_meets_guidelines,56468,207993005.656795,163,quasibinomial (logit),Middle income,-0.464301408628498,0.0361069850006238,2.1341676753871e-26,-0.53507109922972,-0.393531718027275,135.729396586994,4.10686544034561e-35,29928,102752803.130378
None,none,1999-2020,21.2,WTMEC.COMBN,age+gender,inc_to_pov_level,pa_meets_guidelines,56468,207993005.656795,163,quasibinomial (logit),Low income,-0.6800035523967,0.0436692401190744,8.47860126218638e-34,-0.765595263030086,-0.594411841763314,135.729396586994,4.10686544034561e-35,12343,30538031.4320809
None,none,1999-2020,21.2,WTMEC.COMBN,age+gender,inc_to_pov_level,genhealth_low_vs_other,56596,208443011.350796,163,quasibinomial (logit),High income (Intercept),-3.62894394691633,0.0607527260047165,7.89933732029747e-111,-3.74801928988557,-3.50986860394709,758.71997745548,4.70137780067486e-82,14221,74853176.3195156
None,none,1999-2020,21.2,WTMEC.COMBN,age+gender,inc_to_pov_level,genhealth_low_vs_other,56596,208443011.350796,163,quasibinomial (logit),Middle income,1.03792038284545,0.0463042321499217,4.37865897227138e-51,0.947164087831602,1.1286766778593,758.71997745548,4.70137780067486e-82,29998,102979152.064687
None,none,1999-2020,21.2,WTMEC.COMBN,age+gender,inc_to_pov_level,genhealth_low_vs_other,56596,208443011.350796,163,quasibinomial (logit),Low income,1.88608501958759,0.0489639416362813,1.56625968706943e-82,1.79011569398048,1.9820543451947,758.71997745548,4.70137780067486e-82,12377,30610682.9665928
None,none,1999-2020,21.2,WTMEC.COMBN,age+gender,inc_to_pov_level,restaur_freq_gt2,56609,208499236.032812,163,quasibinomial (logit),High income (Intercept),1.27122668352354,0.0520821207523647,1.19300811958978e-55,1.16914572684891,1.37330764019818,264.946863630617,2.38764126087387e-51,14222,74877062.7256646
None,none,1999-2020,21.2,WTMEC.COMBN,age+gender,inc_to_pov_level,restaur_freq_gt2,56609,208499236.032812,163,quasibinomial (logit),Middle income,-0.613205506357319,0.0346540490226543,2.05413776698932e-39,-0.681127442441722,-0.545283570272917,264.946863630617,2.38764126087387e-51,30008,102999393.224413
None,none,1999-2020,21.2,WTMEC.COMBN,age+gender,inc_to_pov_level,restaur_freq_gt2,56609,208499236.032812,163,quasibinomial (logit),Low income,-1.12283610441457,0.0505212739649039,1.22557623973927e-50,-1.22185780138578,-1.02381440744336,264.946863630617,2.38764126087387e-51,12379,30622780.0827344
None,none,1999-2020,21.2,WTMEC.COMBN,age+gender,inc_to_pov_level,hc_drvisit,56585,208447257.083036,163,quasibinomial (logit),High income (Intercept),1.4339629745527,0.0637241356668568,2.7324926243476e-51,1.30906366864567,1.55886228045974,120.878303392898,1.20797088628965e-32,14225,74872877.6712312
None,none,1999-2020,21.2,WTMEC.COMBN,age+gender,inc_to_pov_level,hc_drvisit,56585,208447257.083036,163,quasibinomial (logit),Middle income,-0.567592868867607,0.0437035704875612,9.46273191114562e-27,-0.653251867023227,-0.481933870711987,120.878303392898,1.20797088628965e-32,29999,102988954.786955
None,none,1999-2020,21.2,WTMEC.COMBN,age+gender,inc_to_pov_level,hc_drvisit,56585,208447257.083036,163,quasibinomial (logit),Low income,-0.729902050997844,0.0501783229093636,5.06053741404359e-31,-0.828251563900196,-0.631552538095491,120.878303392898,1.20797088628965e-32,12361,30585424.6248504
None,none,1999-2020,21.2,WTMEC.COMBN,age+gender,inc_to_pov_level,hc_hospadmit,56616,208516727.017846,163,quasibinomial (logit),High income (Intercept),-3.20915727029491,0.0776107823753245,5.52057978247775e-87,-3.36127440375054,-3.05704013683927,84.7782773089833,8.7209861605646e-26,14224,74878609.3976651
None,none,1999-2020,21.2,WTMEC.COMBN,age+gender,inc_to_pov_level,hc_hospadmit,56616,208516727.017846,163,quasibinomial (logit),Middle income,0.341959576949969,0.0536360309886562,1.88904748364555e-09,0.236832956212203,0.447086197687735,84.7782773089833,8.7209861605646e-26,30013,103014867.488302
None,none,1999-2020,21.2,WTMEC.COMBN,age+gender,inc_to_pov_level,hc_hospadmit,56616,208516727.017846,163,quasibinomial (logit),Low income,0.773907546070443,0.0613104264487885,9.55044457372255e-26,0.653739110230817,0.894075981910068,84.7782773089833,8.7209861605646e-26,12379,30623250.1318786
None,none,1999-2020,21.2,WTMEC.COMBN,age+gender,inc_to_pov_level,insur_any,56549,208345730.92336,163,quasibinomial (logit),High income (Intercept),1.77924001492152,0.0812205369456396,6.94653706097074e-50,1.62004776250807,1.93843226733498,543.222642210838,8.56567316619997e-72,14220,74866121.4502443
None,none,1999-2020,21.2,WTMEC.COMBN,age+gender,inc_to_pov_level,insur_any,56549,208345730.92336,163,quasibinomial (logit),Middle income,-1.68278214676692,0.0652624277121633,1.11495594875394e-58,-1.81069650508276,-1.55486778845108,543.222642210838,8.56567316619997e-72,29979,102901481.708568
None,none,1999-2020,21.2,WTMEC.COMBN,age+gender,inc_to_pov_level,insur_any,56549,208345730.92336,163,quasibinomial (logit),Low income,-2.34062465591888,0.071014799255899,5.82777100594239e-73,-2.47981366246044,-2.20143564937732,543.222642210838,8.56567316619997e-72,12350,30578127.7645482
None,none,1999-2020,21.2,WTMEC.COMBN,age+gender,inc_to_pov_level,uninsur_lastyr,44861,172862436.738105,163,quasibinomial (logit),High income (Intercept),-1.81340906893007,0.0918113943335604,1.20563024692117e-44,-1.99335940182385,-1.63345873603629,104.78397716808,9.39559732552509e-30,13448,71423315.2248912
None,none,1999-2020,21.2,WTMEC.COMBN,age+gender,inc_to_pov_level,uninsur_lastyr,44861,172862436.738105,163,quasibinomial (logit),Middle income,0.887344285518577,0.076754102270896,8.00782357433039e-23,0.736906245067621,1.03778232596953,104.78397716808,9.39559732552509e-30,23443,81852422.9489993
None,none,1999-2020,21.2,WTMEC.COMBN,age+gender,inc_to_pov_level,uninsur_lastyr,44861,172862436.738105,163,quasibinomial (logit),Low income,1.26593876436188,0.0892222863040927,4.78153181191607e-30,1.09106308320586,1.4408144455179,104.78397716808,9.39559732552509e-30,7970,19586698.5642142
None,none,1999-2020,21.2,WTMEC.COMBN,age+gender,inc_to_pov_level,govtmeal_any,17931,50191449.3458242,163,quasibinomial (logit),High income (Intercept),-11.3471459659837,0.650087461187561,8.66576897756609e-39,-12.6213173899113,-10.0729745420561,69.1270295899114,2.49696106284878e-22,4180,16873911.8089842
None,none,1999-2020,21.2,WTMEC.COMBN,age+gender,inc_to_pov_level,govtmeal_any,17931,50191449.3458242,163,quasibinomial (logit),Middle income,1.63218091733562,0.270303644340851,1.06129822493416e-08,1.10238577442755,2.16197606024369,69.1270295899114,2.49696106284878e-22,10564,28088217.7873107
None,none,1999-2020,21.2,WTMEC.COMBN,age+gender,inc_to_pov_level,govtmeal_any,17931,50191449.3458242,163,quasibinomial (logit),Low income,2.62513755128291,0.279918884796208,6.58474476036963e-17,2.07649653708234,3.17377856548348,69.1270295899114,2.49696106284878e-22,3187,5229319.7495293
None,none,2003-2020,17.2,WTMEC.COMBN,age+gender,inc_to_pov_level,foodinsecure,46324,212579487.74906,134,quasibinomial (logit),High income (Intercept),-3.60013033293395,0.152266925313017,6.45849406798413e-49,-3.89857350654747,-3.30168715932044,504.807152152777,5.21260638847859e-62,11580,76878384.6834622
None,none,2003-2020,17.2,WTMEC.COMBN,age+gender,inc_to_pov_level,foodinsecure,46324,212579487.74906,134,quasibinomial (logit),Middle income,2.57360236674016,0.135000555356757,1.80490812634875e-39,2.30900127824092,2.83820345523941,504.807152152777,5.21260638847859e-62,24443,104586811.502946
None,none,2003-2020,17.2,WTMEC.COMBN,age+gender,inc_to_pov_level,foodinsecure,46324,212579487.74906,134,quasibinomial (logit),Low income,3.7561595950023,0.136740727829207,5.58741247930218e-56,3.48814776845705,4.02417142154754,504.807152152777,5.21260638847859e-62,10301,31114291.5626518
None,none,1999-2020,21.2,WTMEC.COMBN,age+gender,employ_status,smoke_current,45239,166681053.60775,163,quasibinomial (logit),Full-time employed (Intercept),-0.672560997321721,0.06111674250317,2.8752984822783e-21,-0.792349812627935,-0.552772182015508,98.5145540916927,5.40464874623111e-36,21665,92085246.9719168
None,none,1999-2020,21.2,WTMEC.COMBN,age+gender,employ_status,smoke_current,45239,166681053.60775,163,quasibinomial (logit),Part-time employed,-0.0841319238031631,0.0451298921103958,0.0641464731572736,-0.172586512339539,0.00432266473321263,98.5145540916927,5.40464874623111e-36,4401,17185644.0672897
None,none,1999-2020,21.2,WTMEC.COMBN,age+gender,employ_status,smoke_current,45239,166681053.60775,163,quasibinomial (logit),Student,-0.763669901030806,0.105716030095102,2.01967072846752e-11,-0.970873320017206,-0.556466482044406,98.5145540916927,5.40464874623111e-36,1009,3345327.83352147
None,none,1999-2020,21.2,WTMEC.COMBN,age+gender,employ_status,smoke_current,45239,166681053.60775,163,quasibinomial (logit),Unemployed,0.479202896223176,0.0404091961180148,1.32070091513147e-23,0.400000871831867,0.558404920614485,98.5145540916927,5.40464874623111e-36,18164,54064834.7350219
None,none,1999-2020,21.2,WTMEC.COMBN,age+gender,employ_status,smoke_ever,59719,221013969.696966,163,quasibinomial (logit),Full-time employed (Intercept),-0.952327009051284,0.0516681623290525,3.27655101900614e-41,-1.05359660721623,-0.851057410886341,57.5116120057736,3.47027732484746e-25,27195,118615266.037236
None,none,1999-2020,21.2,WTMEC.COMBN,age+gender,employ_status,smoke_ever,59719,221013969.696966,163,quasibinomial (logit),Part-time employed,-0.0151418477814221,0.0405964723218735,0.709660014616124,-0.0947109335322941,0.06442723796945,57.5116120057736,3.47027732484746e-25,5532,22012361.5161333
None,none,1999-2020,21.2,WTMEC.COMBN,age+gender,employ_status,smoke_ever,59719,221013969.696966,163,quasibinomial (logit),Student,-0.685857379161738,0.0978786138440629,6.63156710966724e-11,-0.877699462296101,-0.494015296027374,57.5116120057736,3.47027732484746e-25,1088,3645536.92636628
None,none,1999-2020,21.2,WTMEC.COMBN,age+gender,employ_status,smoke_ever,59719,221013969.696966,163,quasibinomial (logit),Unemployed,0.297278093379171,0.0311120708466476,2.33562782669611e-17,0.236298434519742,0.358257752238601,57.5116120057736,3.47027732484746e-25,25904,76740805.2172302
None,none,1999-2020,21.2,WTMEC.COMBN,age+gender,employ_status,alch_drink_curr,43544,177556573.118782,163,quasibinomial (logit),Full-time employed (Intercept),2.2658163813445,0.0902634360789522,5.16167996933524e-57,2.08890004662975,2.44273271605925,135.066224381679,2.11115888970324e-43,21089,99271857.7897859
None,none,1999-2020,21.2,WTMEC.COMBN,age+gender,employ_status,alch_drink_curr,43544,177556573.118782,163,quasibinomial (logit),Part-time employed,-0.380137119338308,0.0540992756790237,5.96472264515451e-11,-0.486171699669194,-0.274102539007421,135.066224381679,2.11115888970324e-43,4335,18434427.2179973
None,none,1999-2020,21.2,WTMEC.COMBN,age+gender,employ_status,alch_drink_curr,43544,177556573.118782,163,quasibinomial (logit),Student,-1.25239005968415,0.110374084085381,3.34003768631447e-22,-1.4687232644915,-1.03605685487681,135.066224381679,2.11115888970324e-43,1014,3466064.49776802
None,none,1999-2020,21.2,WTMEC.COMBN,age+gender,employ_status,alch_drink_curr,43544,177556573.118782,163,quasibinomial (logit),Unemployed,-0.767645287407284,0.0416906570869932,3.65699167271069e-41,-0.84935897529779,-0.685931599516777,135.066224381679,2.11115888970324e-43,17106,56384223.6132311
None,none,1999-2020,21.2,WTMEC.COMBN,age+gender,employ_status,alch_drink_daily,43544,177556573.118782,163,quasibinomial (logit),Full-time employed (Intercept),-5.41979182298117,0.102329652243277,1.73214678509087e-102,-5.62035794137799,-5.21922570458435,2.84489759599311,0.0395140970681162,21089,99271857.7897859
None,none,1999-2020,21.2,WTMEC.COMBN,age+gender,employ_status,alch_drink_daily,43544,177556573.118782,163,quasibinomial (logit),Part-time employed,-0.146392588259914,0.109619313111109,0.183645399424142,-0.361246441957687,0.0684612654378587,2.84489759599311,0.0395140970681162,4335,18434427.2179973
None,none,1999-2020,21.2,WTMEC.COMBN,age+gender,employ_status,alch_drink_daily,43544,177556573.118782,163,quasibinomial (logit),Student,-0.373181139958586,0.365427370665083,0.308712086486966,-1.08941878646215,0.343056506544976,2.84489759599311,0.0395140970681162,1014,3466064.49776802
None,none,1999-2020,21.2,WTMEC.COMBN,age+gender,employ_status,alch_drink_daily,43544,177556573.118782,163,quasibinomial (logit),Unemployed,-0.201816898904226,0.0726287694039285,0.00611885457220906,-0.344169286935926,-0.0594645108725265,2.84489759599311,0.0395140970681162,17106,56384223.6132311
None,none,1999-2020,21.2,WTMEC.COMBN,age+gender,employ_status,alch_drink_weekly,43544,177556573.118782,163,quasibinomial (logit),Full-time employed (Intercept),-0.93491828303694,0.0579834942714933,3.35808770372245e-35,-1.04856593180907,-0.821270634264813,46.5823165783697,1.26496271806441e-21,21089,99271857.7897859
None,none,1999-2020,21.2,WTMEC.COMBN,age+gender,employ_status,alch_drink_weekly,43544,177556573.118782,163,quasibinomial (logit),Part-time employed,-0.175841004175634,0.0474016800748652,0.000287044262141726,-0.26874829712237,-0.0829337112288986,46.5823165783697,1.26496271806441e-21,4335,18434427.2179973
None,none,1999-2020,21.2,WTMEC.COMBN,age+gender,employ_status,alch_drink_weekly,43544,177556573.118782,163,quasibinomial (logit),Student,-0.451464093937836,0.113164925112531,0.000101074486017407,-0.673267347158397,-0.229660840717276,46.5823165783697,1.26496271806441e-21,1014,3466064.49776802
None,none,1999-2020,21.2,WTMEC.COMBN,age+gender,employ_status,alch_drink_weekly,43544,177556573.118782,163,quasibinomial (logit),Unemployed,-0.425332298876854,0.0366083415981745,6.02281756742956e-23,-0.497084648409276,-0.353579949344432,46.5823165783697,1.26496271806441e-21,17106,56384223.6132311
None,none,1999-2020,21.2,WTMEC.COMBN,age+gender,employ_status,pa_total_mets_wk,62777,225548936.871738,163,gaussian (identity),Full-time employed (Intercept),4453.42082600804,98.9240375730793,5.01633357161413e-92,4259.52971236481,4647.31193965128,54.3460093935366,3.4256489349862e-24,28036,119717478.099867
None,none,1999-2020,21.2,WTMEC.COMBN,age+gender,employ_status,pa_total_mets_wk,62777,225548936.871738,163,gaussian (identity),Part-time employed,-376.864113168205,85.6606776122919,1.98710129222372e-05,-544.759041288297,-208.969185048113,54.3460093935366,3.4256489349862e-24,6307,23399303.5899868
None,none,1999-2020,21.2,WTMEC.COMBN,age+gender,employ_status,pa_total_mets_wk,62777,225548936.871738,163,gaussian (identity),Student,-1171.44740686838,177.390833668455,5.78836492013873e-10,-1519.13344085855,-823.761372878212,54.3460093935366,3.4256489349862e-24,1799,4824583.69636904
None,none,1999-2020,21.2,WTMEC.COMBN,age+gender,employ_status,pa_total_mets_wk,62777,225548936.871738,163,gaussian (identity),Unemployed,-718.611410097734,65.8715513161674,5.22769076168164e-21,-847.719650677422,-589.503169518046,54.3460093935366,3.4256489349862e-24,26635,77607571.4855158
None,none,1999-2020,21.2,WTMEC.COMBN,age+gender,employ_status,pa_meets_guidelines,62777,225548936.871738,163,quasibinomial (logit),Full-time employed (Intercept),0.947064678392131,0.0405028488404971,3.5928986778394e-53,0.867679094664756,1.0264502621195,75.5205064534627,2.35462709932148e-30,28036,119717478.099867
None,none,1999-2020,21.2,WTMEC.COMBN,age+gender,employ_status,pa_meets_guidelines,62777,225548936.871738,163,quasibinomial (logit),Part-time employed,0.0974784190046111,0.0372438799959419,0.0097238128629599,0.0244804142125651,0.170476423796657,75.5205064534627,2.35462709932148e-30,6307,23399303.5899868
None,none,1999-2020,21.2,WTMEC.COMBN,age+gender,employ_status,pa_meets_guidelines,62777,225548936.871738,163,quasibinomial (logit),Student,0.35528997556166,0.0923376698013777,0.00017265632562079,0.174308142750959,0.53627180837236,75.5205064534627,2.35462709932148e-30,1799,4824583.69636904
None,none,1999-2020,21.2,WTMEC.COMBN,age+gender,employ_status,pa_meets_guidelines,62777,225548936.871738,163,quasibinomial (logit),Unemployed,-0.341457842731351,0.0283990847450269,4.66153079560762e-24,-0.397120048831604,-0.285795636631098,75.5205064534627,2.35462709932148e-30,26635,77607571.4855158
None,none,1999-2020,21.2,WTMEC.COMBN,age+gender,employ_status,genhealth_low_vs_other,62946,226089754.013599,163,quasibinomial (logit),Full-time employed (Intercept),-2.35561029221184,0.0457212001052723,1.07335813133455e-100,-2.44522384441817,-2.26599674000551,295.420841321337,1.50011683021963e-64,28103,119968204.481227
None,none,1999-2020,21.2,WTMEC.COMBN,age+gender,employ_status,genhealth_low_vs_other,62946,226089754.013599,163,quasibinomial (logit),Part-time employed,0.145035276384752,0.0528056721662181,0.00672127356090195,0.0415361589389644,0.24853439383054,295.420841321337,1.50011683021963e-64,6318,23413784.7571366
None,none,1999-2020,21.2,WTMEC.COMBN,age+gender,employ_status,genhealth_low_vs_other,62946,226089754.013599,163,quasibinomial (logit),Student,-0.197121519436346,0.133148077428335,0.14073959885276,-0.458091751195884,0.0638487123231913,295.420841321337,1.50011683021963e-64,1800,4831724.97068842
None,none,1999-2020,21.2,WTMEC.COMBN,age+gender,employ_status,genhealth_low_vs_other,62946,226089754.013599,163,quasibinomial (logit),Unemployed,1.10890059495296,0.0391738213931528,9.12215108366698e-64,1.03211990502238,1.18568128488353,295.420841321337,1.50011683021963e-64,26725,77876039.8045475
None,none,1999-2020,21.2,WTMEC.COMBN,age+gender,employ_status,restaur_freq_gt2,62954,226155689.219946,163,quasibinomial (logit),Full-time employed (Intercept),0.606680124206504,0.0422394192498478,1.83098451180149e-30,0.523890862476802,0.689469385936206,263.557548474516,2.92428060956177e-61,28105,119999412.915048
None,none,1999-2020,21.2,WTMEC.COMBN,age+gender,employ_status,restaur_freq_gt2,62954,226155689.219946,163,quasibinomial (logit),Part-time employed,-0.20794718473199,0.0414025184874447,1.36385500435861e-06,-0.289096120967381,-0.126798248496598,263.557548474516,2.92428060956177e-61,6320,23432317.8552115
None,none,1999-2020,21.2,WTMEC.COMBN,age+gender,employ_status,restaur_freq_gt2,62954,226155689.219946,163,quasibinomial (logit),Student,-0.279346739491936,0.11086985493127,0.0127424445611405,-0.496651655157226,-0.0620418238266467,263.557548474516,2.92428060956177e-61,1801,4836746.06991785
None,none,1999-2020,21.2,WTMEC.COMBN,age+gender,employ_status,restaur_freq_gt2,62954,226155689.219946,163,quasibinomial (logit),Unemployed,-0.836389642966721,0.0304886050070688,5.63902602560681e-62,-0.896147308780576,-0.776631977152867,263.557548474516,2.92428060956177e-61,26728,77887212.3797688
None,none,1999-2020,21.2,WTMEC.COMBN,age+gender,employ_status,hc_drvisit,62921,226080185.513295,163,quasibinomial (logit),Full-time employed (Intercept),0.76676706310655,0.0465148438040878,3.72418329456253e-36,0.675597969250538,0.857936156962562,38.2876976874564,1.18412418072114e-18,28109,120006891.382518
None,none,1999-2020,21.2,WTMEC.COMBN,age+gender,employ_status,hc_drvisit,62921,226080185.513295,163,quasibinomial (logit),Part-time employed,0.189578412946962,0.0552897049267086,0.000773265032413957,0.0812105912906129,0.297946234603311,38.2876976874564,1.18412418072114e-18,6317,23424096.1254219
None,none,1999-2020,21.2,WTMEC.COMBN,age+gender,employ_status,hc_drvisit,62921,226080185.513295,163,quasibinomial (logit),Student,0.621952409970442,0.0909564336907885,1.65926484611546e-10,0.443677799936497,0.800227020004388,38.2876976874564,1.18412418072114e-18,1798,4827744.0605673
None,none,1999-2020,21.2,WTMEC.COMBN,age+gender,employ_status,hc_drvisit,62921,226080185.513295,163,quasibinomial (logit),Unemployed,0.281626547430883,0.0356871904970136,4.66739170649929e-13,0.211679654056736,0.35157344080503,38.2876976874564,1.18412418072114e-18,26697,77821453.9447884
None,none,1999-2020,21.2,WTMEC.COMBN,age+gender,employ_status,hc_hospadmit,62966,226183522.79887,163,quasibinomial (logit),Full-time employed (Intercept),-2.78344553647323,0.0603301477115005,1.36446526833056e-93,-2.90169262598777,-2.66519844695869,224.006815814184,1.1066249606157e-56,28114,120026789.41084
None,none,1999-2020,21.2,WTMEC.COMBN,age+gender,employ_status,hc_hospadmit,62966,226183522.79887,163,quasibinomial (logit),Part-time employed,0.293310269944519,0.072655110863661,8.41775856432586e-05,0.150906252651744,0.435714287237295,224.006815814184,1.1066249606157e-56,6322,23440052.2259918
None,none,1999-2020,21.2,WTMEC.COMBN,age+gender,employ_status,hc_hospadmit,62966,226183522.79887,163,quasibinomial (logit),Student,-0.127860509825352,0.152514034893647,0.403099293124003,-0.426788018216901,0.171066998566197,224.006815814184,1.1066249606157e-56,1800,4834061.19170012
None,none,1999-2020,21.2,WTMEC.COMBN,age+gender,employ_status,hc_hospadmit,62966,226183522.79887,163,quasibinomial (logit),Unemployed,1.09077476702716,0.0455255566573174,1.77235885077889e-54,1.00154467597882,1.18000485807551,224.006815814184,1.1066249606157e-56,26730,77882619.9703377
None,none,1999-2020,21.2,WTMEC.COMBN,age+gender,employ_status,insur_any,62611,225305318.471911,163,quasibinomial (logit),Full-time employed (Intercept),0.0130045196030481,0.0533288428521983,0.807659259160923,-0.0915200123872606,0.117529051593357,107.880398340439,4.75394545178337e-38,27964,119550714.625683
None,none,1999-2020,21.2,WTMEC.COMBN,age+gender,employ_status,insur_any,62611,225305318.471911,163,quasibinomial (logit),Part-time employed,-0.208114547423738,0.0524822423869217,0.000110780403564887,-0.310979742502104,-0.105249352345371,107.880398340439,4.75394545178337e-38,6277,23308541.5167615
None,none,1999-2020,21.2,WTMEC.COMBN,age+gender,employ_status,insur_any,62611,225305318.471911,163,quasibinomial (logit),Student,0.592269475325943,0.100454585724105,2.18579123505235e-08,0.395378487306698,0.789160463345188,107.880398340439,4.75394545178337e-38,1788,4817000.43658353
None,none,1999-2020,21.2,WTMEC.COMBN,age+gender,employ_status,insur_any,62611,225305318.471911,163,quasibinomial (logit),Unemployed,-0.485338978699896,0.0341462369869755,4.66596080691299e-30,-0.552265603194368,-0.418412354205424,107.880398340439,4.75394545178337e-38,26582,77629061.8928828
None,none,1999-2020,21.2,WTMEC.COMBN,age+gender,employ_status,uninsur_lastyr,49400,185800987.728838,163,quasibinomial (logit),Full-time employed (Intercept),-0.844494735060404,0.0757213549664109,1.13339447326613e-21,-0.992908590794569,-0.696080879326238,16.1973902220076,3.14438588677314e-09,21295,98033506.0250895
None,none,1999-2020,21.2,WTMEC.COMBN,age+gender,employ_status,uninsur_lastyr,49400,185800987.728838,163,quasibinomial (logit),Part-time employed,-0.0858984141111946,0.0824152279531523,0.298881509687656,-0.247432260899373,0.075635432676984,16.1973902220076,3.14438588677314e-09,4677,18488788.9675218
None,none,1999-2020,21.2,WTMEC.COMBN,age+gender,employ_status,uninsur_lastyr,49400,185800987.728838,163,quasibinomial (logit),Student,-0.843841722922424,0.161756341528413,5.64171497421865e-07,-1.16088415231811,-0.526799293526735,16.1973902220076,3.14438588677314e-09,1377,3835923.08543376
None,none,1999-2020,21.2,WTMEC.COMBN,age+gender,employ_status,uninsur_lastyr,49400,185800987.728838,163,quasibinomial (logit),Unemployed,0.187710812140706,0.0595984819089848,0.00195563326200565,0.0708977875990959,0.304523836682316,16.1973902220076,3.14438588677314e-09,22051,65442769.650793
None,none,1999-2020,21.2,WTMEC.COMBN,age+gender,employ_status,govtmeal_any,20325,55445097.5559061,163,quasibinomial (logit),Full-time employed (Intercept),-10.4232079736198,0.754637120330263,5.79863544902562e-29,-11.9022967294671,-8.94411921777246,272.013138103575,3.64566960428436e-62,3174,9945585.82391738
None,none,1999-2020,21.2,WTMEC.COMBN,age+gender,employ_status,govtmeal_any,20325,55445097.5559061,163,quasibinomial (logit),Part-time employed,1.12130699586398,0.48580748943049,0.0222886584596602,0.169124316580217,2.07348967514774,272.013138103575,3.64566960428436e-62,1494,4967323.85497227
None,none,1999-2020,21.2,WTMEC.COMBN,age+gender,employ_status,govtmeal_any,20325,55445097.5559061,163,quasibinomial (logit),Student,-8.25401923227884,0.536666488349931,3.25921204768103e-33,-9.3058855494447,-7.20215291511298,272.013138103575,3.64566960428436e-62,14,24287.5912918679
None,none,1999-2020,21.2,WTMEC.COMBN,age+gender,employ_status,govtmeal_any,20325,55445097.5559061,163,quasibinomial (logit),Unemployed,1.88625629645796,0.404504489414066,6.58798684581106e-06,1.09342749720639,2.67908509570953,272.013138103575,3.64566960428436e-62,15643,40507900.2857246
None,none,2003-2020,17.2,WTMEC.COMBN,age+gender,employ_status,foodinsecure,50053,225771655.141135,134,quasibinomial (logit),Full-time employed (Intercept),-0.799890480773253,0.0586355700107182,8.73557976566947e-27,-0.914816197994261,-0.684964763552245,205.997736319233,5.28911468430383e-49,22328,119170585.754321
None,none,2003-2020,17.2,WTMEC.COMBN,age+gender,employ_status,foodinsecure,50053,225771655.141135,134,quasibinomial (logit),Part-time employed,0.203515679352606,0.0642567684934495,0.00192128213818292,0.0775724131054446,0.329458945599767,205.997736319233,5.28911468430383e-49,5080,23745207.1188015
None,none,2003-2020,17.2,WTMEC.COMBN,age+gender,employ_status,foodinsecure,50053,225771655.141135,134,quasibinomial (logit),Student,-0.238604198875619,0.0969763561965173,0.0151994685425891,-0.428677857020793,-0.0485305407304452,205.997736319233,5.28911468430383e-49,1454,4863773.74165413
None,none,2003-2020,17.2,WTMEC.COMBN,age+gender,employ_status,foodinsecure,50053,225771655.141135,134,quasibinomial (logit),Unemployed,0.895616601559611,0.0405498346428256,1.15708476742433e-45,0.816138925659673,0.975094277459549,205.997736319233,5.28911468430383e-49,21191,77992088.5263581
None,none,1999-2020,21.2,WTMEC.COMBN,age+gender,educ_level,diabetes,62454,224980993.117031,163,quasibinomial (logit),College graduate or above (Intercept),-5.01317502739318,0.0715617735667414,2.40882261108585e-120,-5.15343610358399,-4.87291395120237,53.2206977015315,2.81541637563403e-28,12643,61076992.8132769
None,none,1999-2020,21.2,WTMEC.COMBN,age+gender,educ_level,diabetes,62454,224980993.117031,163,quasibinomial (logit),Some college or AA degree,0.435804179896339,0.0539126892327582,1.58349596718571e-13,0.330135309000133,0.541473050792545,53.2206977015315,2.81541637563403e-28,17458,68800582.0424379
None,none,1999-2020,21.2,WTMEC.COMBN,age+gender,educ_level,diabetes,62454,224980993.117031,163,quasibinomial (logit),HS graduate or GED,0.455242691609257,0.0578336879323324,5.36977337046667e-13,0.341888663261885,0.568596719956628,53.2206977015315,2.81541637563403e-28,14923,55331322.5818383
None,none,1999-2020,21.2,WTMEC.COMBN,age+gender,educ_level,diabetes,62454,224980993.117031,163,quasibinomial (logit),9-11th grade,0.657455570812846,0.054969969301268,7.58321019317424e-24,0.54971443098236,0.765196710643331,53.2206977015315,2.81541637563403e-28,10206,26612560.6364836
None,none,1999-2020,21.2,WTMEC.COMBN,age+gender,educ_level,diabetes,62454,224980993.117031,163,quasibinomial (logit),Less than 9th grade,0.841808613027551,0.0626498946906967,6.93249312339046e-28,0.719014819433785,0.964602406621316,53.2206977015315,2.81541637563403e-28,7224,13159535.042994
None,none,1999-2020,21.2,WTMEC.COMBN,age+gender,educ_level,diabetes_undx,62454,224980993.117031,163,quasibinomial (logit),College graduate or above (Intercept),-7.8449961097867,0.267708889461481,1.53134732040641e-65,-8.3697055331312,-7.3202866864422,0.849372442578503,0.495959406715257,12643,61076992.8132769
None,none,1999-2020,21.2,WTMEC.COMBN,age+gender,educ_level,diabetes_undx,62454,224980993.117031,163,quasibinomial (logit),Some college or AA degree,0.122008955011721,0.227398959279717,0.592343887746873,-0.323693005176526,0.567710915199967,0.849372442578503,0.495959406715257,17458,68800582.0424379
None,none,1999-2020,21.2,WTMEC.COMBN,age+gender,educ_level,diabetes_undx,62454,224980993.117031,163,quasibinomial (logit),HS graduate or GED,-0.165560373810777,0.208895600689984,0.429235559474372,-0.574995751163145,0.243875003541591,0.849372442578503,0.495959406715257,14923,55331322.5818383
None,none,1999-2020,21.2,WTMEC.COMBN,age+gender,educ_level,diabetes_undx,62454,224980993.117031,163,quasibinomial (logit),9-11th grade,-0.215879153050183,0.250010325214026,0.389190290582838,-0.705899390469674,0.274141084369308,0.849372442578503,0.495959406715257,10206,26612560.6364836
None,none,1999-2020,21.2,WTMEC.COMBN,age+gender,educ_level,diabetes_undx,62454,224980993.117031,163,quasibinomial (logit),Less than 9th grade,-0.0769413474346666,0.269202853560072,0.775399033547164,-0.604578940412407,0.450696245543074,0.849372442578503,0.495959406715257,7224,13159535.042994
None,none,1999-2020,21.2,WTMEC.COMBN,age+gender,educ_level,htn,62454,224980993.117031,163,quasibinomial (logit),College graduate or above (Intercept),-3.44100785498505,0.0538473000430111,2.73177203415297e-114,-3.54654856306935,-3.33546714690074,54.0861947996964,1.36405237870726e-28,12643,61076992.8132769
None,none,1999-2020,21.2,WTMEC.COMBN,age+gender,educ_level,htn,62454,224980993.117031,163,quasibinomial (logit),Some college or AA degree,0.397172672147082,0.0377740776472433,6.57442894686438e-20,0.323135479958485,0.471209864335679,54.0861947996964,1.36405237870726e-28,17458,68800582.0424379
None,none,1999-2020,21.2,WTMEC.COMBN,age+gender,educ_level,htn,62454,224980993.117031,163,quasibinomial (logit),HS graduate or GED,0.448376233993718,0.0393719016357837,2.77544074363339e-22,0.371207306787582,0.525545161199855,54.0861947996964,1.36405237870726e-28,14923,55331322.5818383
None,none,1999-2020,21.2,WTMEC.COMBN,age+gender,educ_level,htn,62454,224980993.117031,163,quasibinomial (logit),9-11th grade,0.479012142813613,0.0407648598374355,2.84025544208238e-23,0.39911301753224,0.558911268094987,54.0861947996964,1.36405237870726e-28,10206,26612560.6364836
None,none,1999-2020,21.2,WTMEC.COMBN,age+gender,educ_level,htn,62454,224980993.117031,163,quasibinomial (logit),Less than 9th grade,0.217677529043983,0.0483023239483606,1.28090053669845e-05,0.123004974105196,0.312350083982769,54.0861947996964,1.36405237870726e-28,7224,13159535.042994
None,none,1999-2020,21.2,WTMEC.COMBN,age+gender,educ_level,htn_undx,55994,213882154.527911,163,quasibinomial (logit),College graduate or above (Intercept),-3.06097825932081,0.052999968297064,1.13356845923259e-107,-3.16485819718305,-2.95709832145856,30.1855500634903,1.25275438104066e-18,11407,58365608.2592621
None,none,1999-2020,21.2,WTMEC.COMBN,age+gender,educ_level,htn_undx,55994,213882154.527911,163,quasibinomial (logit),Some college or AA degree,0.290851738823701,0.0362717853338717,2.30387700637784e-13,0.219759039569312,0.36194443807809,30.1855500634903,1.25275438104066e-18,15834,65678198.6137875
None,none,1999-2020,21.2,WTMEC.COMBN,age+gender,educ_level,htn_undx,55994,213882154.527911,163,quasibinomial (logit),HS graduate or GED,0.37424790757561,0.0421516491067857,1.46257727895907e-15,0.29163067532631,0.456865139824909,30.1855500634903,1.25275438104066e-18,13391,52566787.0669688
None,none,1999-2020,21.2,WTMEC.COMBN,age+gender,educ_level,htn_undx,55994,213882154.527911,163,quasibinomial (logit),9-11th grade,0.411875115248567,0.0429396875638218,1.95292932712898e-17,0.327713327623476,0.496036902873657,30.1855500634903,1.25275438104066e-18,9105,25156932.7907703
None,none,1999-2020,21.2,WTMEC.COMBN,age+gender,educ_level,htn_undx,55994,213882154.527911,163,quasibinomial (logit),Less than 9th grade,0.29655238895697,0.0458637760048885,1.21106357722631e-09,0.206659387987389,0.386445389926552,30.1855500634903,1.25275438104066e-18,6257,12114627.7971219
None,none,1999-2020,21.2,WTMEC.COMBN,age+gender,educ_level,htn_stg1,62454,224980993.117031,163,quasibinomial (logit),College graduate or above (Intercept),-3.06034792818912,0.0523515444772205,1.84328985466166e-108,-3.16295695536447,-2.95773890101377,26.9277337759097,5.10828979601646e-17,12643,61076992.8132769
None,none,1999-2020,21.2,WTMEC.COMBN,age+gender,educ_level,htn_stg1,62454,224980993.117031,163,quasibinomial (logit),Some college or AA degree,0.281161733352496,0.0366271859900413,1.63500689481047e-12,0.209372448812015,0.352951017892977,26.9277337759097,5.10828979601646e-17,17458,68800582.0424379
None,none,1999-2020,21.2,WTMEC.COMBN,age+gender,educ_level,htn_stg1,62454,224980993.117031,163,quasibinomial (logit),HS graduate or GED,0.351171328989884,0.0411623419758396,1.15266290472082e-14,0.270493138717239,0.43184951926253,26.9277337759097,5.10828979601646e-17,14923,55331322.5818383
None,none,1999-2020,21.2,WTMEC.COMBN,age+gender,educ_level,htn_stg1,62454,224980993.117031,163,quasibinomial (logit),9-11th grade,0.378549478992893,0.0418630790369144,5.46898028649383e-16,0.296497844080541,0.460601113905245,26.9277337759097,5.10828979601646e-17,10206,26612560.6364836
None,none,1999-2020,21.2,WTMEC.COMBN,age+gender,educ_level,htn_stg1,62454,224980993.117031,163,quasibinomial (logit),Less than 9th grade,0.21464953574834,0.0459488553694242,6.38486036579933e-06,0.124589779224269,0.304709292272412,26.9277337759097,5.10828979601646e-17,7224,13159535.042994
None,none,1999-2020,21.2,WTMEC.COMBN,age+gender,educ_level,obese,62454,224980993.117031,163,quasibinomial (logit),College graduate or above (Intercept),-0.852605444019476,0.0469688483058647,2.12628778040931e-40,-0.944664386698971,-0.760546501339982,36.1244392744918,2.19362012146448e-21,12643,61076992.8132769
None,none,1999-2020,21.2,WTMEC.COMBN,age+gender,educ_level,obese,62454,224980993.117031,163,quasibinomial (logit),Some college or AA degree,0.346625000908453,0.0371166830582496,9.12794052793317e-17,0.273876302114284,0.419373699702622,36.1244392744918,2.19362012146448e-21,17458,68800582.0424379
None,none,1999-2020,21.2,WTMEC.COMBN,age+gender,educ_level,obese,62454,224980993.117031,163,quasibinomial (logit),HS graduate or GED,0.257746850938422,0.0351780541315247,1.16310456864144e-11,0.188797864840634,0.32669583703621,36.1244392744918,2.19362012146448e-21,14923,55331322.5818383
None,none,1999-2020,21.2,WTMEC.COMBN,age+gender,educ_level,obese,62454,224980993.117031,163,quasibinomial (logit),9-11th grade,0.154863727702357,0.0380188032857455,7.33301796578134e-05,0.0803468732622955,0.229380582142418,36.1244392744918,2.19362012146448e-21,10206,26612560.6364836
None,none,1999-2020,21.2,WTMEC.COMBN,age+gender,educ_level,obese,62454,224980993.117031,163,quasibinomial (logit),Less than 9th grade,-0.00894506956586081,0.0503355220436325,0.859180681537614,-0.10760269277138,0.0897125536396589,36.1244392744918,2.19362012146448e-21,7224,13159535.042994
None,none,1999-2020,21.2,WTMEC.COMBN,age+gender,educ_level,obese_abd,62454,224980993.117031,163,quasibinomial (logit),College graduate or above (Intercept),-0.99771221894214,0.0515957514712523,2.19483563392067e-43,-1.09883989182579,-0.896584546058485,45.8015007860023,1.8732643743522e-25,12643,61076992.8132769
None,none,1999-2020,21.2,WTMEC.COMBN,age+gender,educ_level,obese_abd,62454,224980993.117031,163,quasibinomial (logit),Some college or AA degree,0.421794239409631,0.0371768910411832,3.62771041736308e-22,0.348927532968912,0.49466094585035,45.8015007860023,1.8732643743522e-25,17458,68800582.0424379
None,none,1999-2020,21.2,WTMEC.COMBN,age+gender,educ_level,obese_abd,62454,224980993.117031,163,quasibinomial (logit),HS graduate or GED,0.386645777728439,0.0344293663919275,7.49091791962572e-22,0.319164219600262,0.454127335856617,45.8015007860023,1.8732643743522e-25,14923,55331322.5818383
None,none,1999-2020,21.2,WTMEC.COMBN,age+gender,educ_level,obese_abd,62454,224980993.117031,163,quasibinomial (logit),9-11th grade,0.290040222664251,0.0411522573434434,5.40524018791305e-11,0.209381798271102,0.3706986470574,45.8015007860023,1.8732643743522e-25,10206,26612560.6364836
None,none,1999-2020,21.2,WTMEC.COMBN,age+gender,educ_level,obese_abd,62454,224980993.117031,163,quasibinomial (logit),Less than 9th grade,0.10528398133547,0.0478113531259069,0.0291185485323535,0.0115737292086923,0.198994233462247,45.8015007860023,1.8732643743522e-25,7224,13159535.042994
None,none,1999-2020,21.2,WTMEC.COMBN,age+gender,educ_level,cvd,62454,224980993.117031,163,quasibinomial (logit),College graduate or above (Intercept),-7.72796656691888,0.112389245715061,4.09534627601195e-119,-7.9482494885204,-7.50768364531736,26.5963434299999,7.52182464711427e-17,12643,61076992.8132769
None,none,1999-2020,21.2,WTMEC.COMBN,age+gender,educ_level,cvd,62454,224980993.117031,163,quasibinomial (logit),Some college or AA degree,0.486509705748602,0.0718204134373343,2.37627598387693e-10,0.345741695411426,0.627277716085777,26.5963434299999,7.52182464711427e-17,17458,68800582.0424379
None,none,1999-2020,21.2,WTMEC.COMBN,age+gender,educ_level,cvd,62454,224980993.117031,163,quasibinomial (logit),HS graduate or GED,0.507351221638425,0.0758230199138796,3.69407844197237e-10,0.358738102607221,0.655964340669629,26.5963434299999,7.52182464711427e-17,14923,55331322.5818383
None,none,1999-2020,21.2,WTMEC.COMBN,age+gender,educ_level,cvd,62454,224980993.117031,163,quasibinomial (logit),9-11th grade,0.757811437649899,0.0752012476583926,9.90195418939468e-19,0.610416992239449,0.905205883060348,26.5963434299999,7.52182464711427e-17,10206,26612560.6364836
None,none,1999-2020,21.2,WTMEC.COMBN,age+gender,educ_level,cvd,62454,224980993.117031,163,quasibinomial (logit),Less than 9th grade,0.554752209982789,0.0788960206292172,5.91558964592933e-11,0.400116009549523,0.709388410416054,26.5963434299999,7.52182464711427e-17,7224,13159535.042994
None,none,1999-2020,21.2,WTMEC.COMBN,age+gender,educ_level,ascvd,62454,224980993.117031,163,quasibinomial (logit),College graduate or above (Intercept),-7.29368981980891,0.0994030303056168,2.07326603809213e-123,-7.48851975920792,-7.0988598804099,36.5930594326156,1.3573441107608e-21,12643,61076992.8132769
None,none,1999-2020,21.2,WTMEC.COMBN,age+gender,educ_level,ascvd,62454,224980993.117031,163,quasibinomial (logit),Some college or AA degree,0.469222396049055,0.0616907634363355,2.43383354049572e-12,0.348308499713837,0.590136292384272,36.5930594326156,1.3573441107608e-21,17458,68800582.0424379
None,none,1999-2020,21.2,WTMEC.COMBN,age+gender,educ_level,ascvd,62454,224980993.117031,163,quasibinomial (logit),HS graduate or GED,0.570831192386776,0.0602942380390726,4.17497682234584e-17,0.452654485830194,0.689007898943358,36.5930594326156,1.3573441107608e-21,14923,55331322.5818383
None,none,1999-2020,21.2,WTMEC.COMBN,age+gender,educ_level,ascvd,62454,224980993.117031,163,quasibinomial (logit),9-11th grade,0.812817927145195,0.0707844124470315,1.52973918420956e-22,0.674080478749013,0.951555375541377,36.5930594326156,1.3573441107608e-21,10206,26612560.6364836
None,none,1999-2020,21.2,WTMEC.COMBN,age+gender,educ_level,ascvd,62454,224980993.117031,163,quasibinomial (logit),Less than 9th grade,0.623939573474489,0.0776895149342133,2.14320489886279e-13,0.471668124203431,0.776211022745547,36.5930594326156,1.3573441107608e-21,7224,13159535.042994
None,none,1999-2020,21.2,WTMEC.COMBN,age+gender,educ_level,chf,58441,218143603.269243,163,quasibinomial (logit),College graduate or above (Intercept),-8.72035428856862,0.15950146944255,4.14350242793283e-104,-9.03297716867601,-8.40773140846122,29.9619241448351,1.60718100660421e-18,12634,61053744.4856048
None,none,1999-2020,21.2,WTMEC.COMBN,age+gender,educ_level,chf,58441,218143603.269243,163,quasibinomial (logit),Some college or AA degree,0.833611697890956,0.115568711273218,2.18408114852942e-11,0.60709702379545,1.06012637198646,29.9619241448351,1.60718100660421e-18,16530,66951721.8807032
None,none,1999-2020,21.2,WTMEC.COMBN,age+gender,educ_level,chf,58441,218143603.269243,163,quasibinomial (logit),HS graduate or GED,0.856782994648067,0.11849769100991,1.98569383816427e-11,0.624527520268644,1.08903846902749,29.9619241448351,1.60718100660421e-18,13593,52854485.6719737
None,none,1999-2020,21.2,WTMEC.COMBN,age+gender,educ_level,chf,58441,218143603.269243,163,quasibinomial (logit),9-11th grade,1.22213221494278,0.127139086502983,1.72168730472606e-17,0.972939605396933,1.47132482448863,29.9619241448351,1.60718100660421e-18,8669,24354749.2235555
None,none,1999-2020,21.2,WTMEC.COMBN,age+gender,educ_level,chf,58441,218143603.269243,163,quasibinomial (logit),Less than 9th grade,1.16044186207972,0.114333046384058,6.32325098364743e-19,0.936349091166967,1.38453463299247,29.9619241448351,1.60718100660421e-18,7015,12928902.0074057
None,none,1999-2020,21.2,WTMEC.COMBN,age+gender,educ_level,mdd,62454,224980993.117031,163,quasibinomial (logit),College graduate or above (Intercept),-3.05604727584505,0.10476872391696,2.82395867902167e-65,-3.26139397472229,-2.85070057696781,26.2179470931307,1.17272964885453e-16,12643,61076992.8132769
None,none,1999-2020,21.2,WTMEC.COMBN,age+gender,educ_level,mdd,62454,224980993.117031,163,quasibinomial (logit),Some college or AA degree,0.712750518983398,0.107178200011083,4.59497663098606e-10,0.502681246961674,0.922819791005121,26.2179470931307,1.17272964885453e-16,17458,68800582.0424379
None,none,1999-2020,21.2,WTMEC.COMBN,age+gender,educ_level,mdd,62454,224980993.117031,163,quasibinomial (logit),HS graduate or GED,0.810516789614617,0.105843994576371,1.81742711998799e-12,0.60306256024493,1.01797101898431,26.2179470931307,1.17272964885453e-16,14923,55331322.5818383
None,none,1999-2020,21.2,WTMEC.COMBN,age+gender,educ_level,mdd,62454,224980993.117031,163,quasibinomial (logit),9-11th grade,1.01848220889514,0.100885270218897,8.84126541275162e-19,0.820747079266101,1.21621733852418,26.2179470931307,1.17272964885453e-16,10206,26612560.6364836
None,none,1999-2020,21.2,WTMEC.COMBN,age+gender,educ_level,mdd,62454,224980993.117031,163,quasibinomial (logit),Less than 9th grade,0.999960522978231,0.118713287749149,2.17893546700873e-14,0.767282478989899,1.23263856696656,26.2179470931307,1.17272964885453e-16,7224,13159535.042994
None,none,1999-2020,21.2,WTMEC.COMBN,age+gender,educ_level,ckd,62454,224980993.117031,163,quasibinomial (logit),College graduate or above (Intercept),-6.29650309894825,0.140454504497266,2.17575276017626e-91,-6.57179392776289,-6.02121227013361,14.7414239388117,3.01860782971189e-10,12643,61076992.8132769
None,none,1999-2020,21.2,WTMEC.COMBN,age+gender,educ_level,ckd,62454,224980993.117031,163,quasibinomial (logit),Some college or AA degree,0.304231403954926,0.090221959964574,0.000939574238067923,0.127396362424361,0.481066445485491,14.7414239388117,3.01860782971189e-10,17458,68800582.0424379
None,none,1999-2020,21.2,WTMEC.COMBN,age+gender,educ_level,ckd,62454,224980993.117031,163,quasibinomial (logit),HS graduate or GED,0.338913898883652,0.0838016879881409,8.20813169635895e-05,0.174662590426896,0.503165207340408,14.7414239388117,3.01860782971189e-10,14923,55331322.5818383
None,none,1999-2020,21.2,WTMEC.COMBN,age+gender,educ_level,ckd,62454,224980993.117031,163,quasibinomial (logit),9-11th grade,0.633951407590931,0.0958195039197877,5.50223411974712e-10,0.446145179908147,0.821757635273715,14.7414239388117,3.01860782971189e-10,10206,26612560.6364836
None,none,1999-2020,21.2,WTMEC.COMBN,age+gender,educ_level,ckd,62454,224980993.117031,163,quasibinomial (logit),Less than 9th grade,0.632800846363268,0.0988418305496807,1.6882132834467e-09,0.439070858485894,0.826530834240642,14.7414239388117,3.01860782971189e-10,7224,13159535.042994
None,none,1999-2020,21.2,WTMEC.COMBN,age+gender,educ_level,ckd_gfr_gte3,55336,212342929.536914,163,quasibinomial (logit),College graduate or above (Intercept),-9.30392718299651,0.187051687114025,5.18095203523674e-98,-9.67054848974,-8.93730587625302,9.45025105477147,7.17149275961811e-07,11310,58094306.6046581
None,none,1999-2020,21.2,WTMEC.COMBN,age+gender,educ_level,ckd_gfr_gte3,55336,212342929.536914,163,quasibinomial (logit),Some college or AA degree,0.258792211436316,0.0729544606242096,0.000513407506981074,0.115801468612866,0.401782954259767,9.45025105477147,7.17149275961811e-07,15649,65298858.7674034
None,none,1999-2020,21.2,WTMEC.COMBN,age+gender,educ_level,ckd_gfr_gte3,55336,212342929.536914,163,quasibinomial (logit),HS graduate or GED,0.345129756191874,0.0734514340549315,5.68147705910759e-06,0.201164945444209,0.48909456693954,9.45025105477147,7.17149275961811e-07,13152,51884466.9242883
None,none,1999-2020,21.2,WTMEC.COMBN,age+gender,educ_level,ckd_gfr_gte3,55336,212342929.536914,163,quasibinomial (logit),9-11th grade,0.502914947301173,0.082917031802255,9.46609970079237e-09,0.340397564968753,0.665432329633593,9.45025105477147,7.17149275961811e-07,8941,24787031.3632731
None,none,1999-2020,21.2,WTMEC.COMBN,age+gender,educ_level,ckd_gfr_gte3,55336,212342929.536914,163,quasibinomial (logit),Less than 9th grade,0.359583848651048,0.0866338415914014,5.42121958750908e-05,0.189781519131901,0.529386178170195,9.45025105477147,7.17149275961811e-07,6284,12278265.877291
None,none,1999-2020,21.2,WTMEC.COMBN,age+gender,educ_level,ckd_any,58629,222740932.66907,163,quasibinomial (logit),College graduate or above (Intercept),-3.25187034228518,0.0588637609957745,8.77412729147543e-105,-3.36724331383689,-3.13649737073346,22.9313218629348,6.17297746867719e-15,11876,60560628.2807378
None,none,1999-2020,21.2,WTMEC.COMBN,age+gender,educ_level,ckd_any,58629,222740932.66907,163,quasibinomial (logit),Some college or AA degree,0.141614353162816,0.039485527891527,0.000447162359909718,0.0642227184954237,0.219005987830209,22.9313218629348,6.17297746867719e-15,16511,68205613.6236735
None,none,1999-2020,21.2,WTMEC.COMBN,age+gender,educ_level,ckd_any,58629,222740932.66907,163,quasibinomial (logit),HS graduate or GED,0.0730735256848945,0.042079546943709,0.0844269359952821,-0.00940238632477514,0.155549437694564,22.9313218629348,6.17297746867719e-15,14007,54735049.7765383
None,none,1999-2020,21.2,WTMEC.COMBN,age+gender,educ_level,ckd_any,58629,222740932.66907,163,quasibinomial (logit),9-11th grade,0.0656679532740706,0.0459920165690744,0.155332085439186,-0.0244763992013151,0.155812305749456,22.9313218629348,6.17297746867719e-15,9545,26242992.2576014
None,none,1999-2020,21.2,WTMEC.COMBN,age+gender,educ_level,ckd_any,58629,222740932.66907,163,quasibinomial (logit),Less than 9th grade,-0.268393716865125,0.054075883125383,1.78770867248737e-06,-0.374382447790875,-0.162404985939374,22.9313218629348,6.17297746867719e-15,6690,12996648.7305195
None,none,1999-2020,21.2,WTMEC.COMBN,age+gender,educ_level,copd,62454,224980993.117031,163,quasibinomial (logit),College graduate or above (Intercept),-26.8695488129866,0.042666833172266,4.99261749741962e-269,-26.9531758060043,-26.785921819969,14.8934358873665,2.43807210164854e-10,12643,61076992.8132769
None,none,1999-2020,21.2,WTMEC.COMBN,age+gender,educ_level,copd,62454,224980993.117031,163,quasibinomial (logit),Some college or AA degree,0.0944788169485873,0.0314638987813481,0.00311396043319799,0.032809575337145,0.156148058560029,14.8934358873665,2.43807210164854e-10,17458,68800582.0424379
None,none,1999-2020,21.2,WTMEC.COMBN,age+gender,educ_level,copd,62454,224980993.117031,163,quasibinomial (logit),HS graduate or GED,0.112858567459067,0.0386573005244989,0.00402238746027235,0.0370902584310495,0.188626876487085,14.8934358873665,2.43807210164854e-10,14923,55331322.5818383
None,none,1999-2020,21.2,WTMEC.COMBN,age+gender,educ_level,copd,62454,224980993.117031,163,quasibinomial (logit),9-11th grade,0.245596196148808,0.0454033397588646,2.31974730784997e-07,0.156605650221433,0.334586742076182,14.8934358873665,2.43807210164854e-10,10206,26612560.6364836
None,none,1999-2020,21.2,WTMEC.COMBN,age+gender,educ_level,copd,62454,224980993.117031,163,quasibinomial (logit),Less than 9th grade,0.338380286255264,0.0495202498350205,1.72999771245563e-10,0.241320596578624,0.435439975931905,14.8934358873665,2.43807210164854e-10,7224,13159535.042994
None,none,1999-2020,21.2,WTMEC.COMBN,age+gender,educ_level,copd_pft,62454,224980993.117031,163,quasibinomial (logit),College graduate or above (Intercept),-5.49044962831819,0.140132985609676,5.90144134146995e-83,-5.76511028011315,-5.21578897652322,7.37370503279004,1.81289818111975e-05,12643,61076992.8132769
None,none,1999-2020,21.2,WTMEC.COMBN,age+gender,educ_level,copd_pft,62454,224980993.117031,163,quasibinomial (logit),Some college or AA degree,0.0791101954204323,0.116290088852973,0.497327093298901,-0.148818378731395,0.30703876957226,7.37370503279004,1.81289818111975e-05,17458,68800582.0424379
None,none,1999-2020,21.2,WTMEC.COMBN,age+gender,educ_level,copd_pft,62454,224980993.117031,163,quasibinomial (logit),HS graduate or GED,0.0757911456737666,0.112111194207859,0.500012745879497,-0.143946794973638,0.295529086321171,7.37370503279004,1.81289818111975e-05,14923,55331322.5818383
None,none,1999-2020,21.2,WTMEC.COMBN,age+gender,educ_level,copd_pft,62454,224980993.117031,163,quasibinomial (logit),9-11th grade,0.257112948522056,0.125550896586322,0.0422380501528138,0.0110331912128655,0.503192705831246,7.37370503279004,1.81289818111975e-05,10206,26612560.6364836
None,none,1999-2020,21.2,WTMEC.COMBN,age+gender,educ_level,copd_pft,62454,224980993.117031,163,quasibinomial (logit),Less than 9th grade,-0.428828950494344,0.163992777941769,0.00979439655721093,-0.750254795260211,-0.107403105728477,7.37370503279004,1.81289818111975e-05,7224,13159535.042994
None,none,2007-2012,6,WTMEC.COMBN,age+gender,educ_level,pft_lt07,14183,187402663.69695,49,quasibinomial (logit),College graduate or above (Intercept),-5.34909739163338,0.155609699781367,6.56796269273992e-33,-5.65409240320486,-5.0441023800619,9.4899958433832,1.36876294224036e-05,3031,53446098.892617
None,none,2007-2012,6,WTMEC.COMBN,age+gender,educ_level,pft_lt07,14183,187402663.69695,49,quasibinomial (logit),Some college or AA degree,0.202325793150879,0.116773778031329,0.0903291519797543,-0.0265508117905253,0.431202398092283,9.4899958433832,1.36876294224036e-05,4153,58635137.375634
None,none,2007-2012,6,WTMEC.COMBN,age+gender,educ_level,pft_lt07,14183,187402663.69695,49,quasibinomial (logit),HS graduate or GED,0.269740065353889,0.0945469864053578,0.00663429696699451,0.0844279719993877,0.45505215870839,9.4899958433832,1.36876294224036e-05,3287,42675184.644951
None,none,2007-2012,6,WTMEC.COMBN,age+gender,educ_level,pft_lt07,14183,187402663.69695,49,quasibinomial (logit),9-11th grade,0.374484779817887,0.0954035619983372,0.000308122392686366,0.187493798301146,0.561475761334628,9.4899958433832,1.36876294224036e-05,2371,23275305.0939567
None,none,2007-2012,6,WTMEC.COMBN,age+gender,educ_level,pft_lt07,14183,187402663.69695,49,quasibinomial (logit),Less than 9th grade,-0.235710895794693,0.149326578728369,0.121781669058264,-0.528390990102297,0.0569691985129107,9.4899958433832,1.36876294224036e-05,1341,9370937.68979133
None,none,1999-2020,21.2,WTMEC.COMBN,age+gender,educ_level,fib4,55064,211377861.751929,163,gaussian (identity),College graduate or above (Intercept),-0.293309605367042,0.0146400038451914,4.14223653243161e-45,-0.322004012903617,-0.264615197830466,3.49515108894719,0.00916483013008837,11263,57865425.3244322
None,none,1999-2020,21.2,WTMEC.COMBN,age+gender,educ_level,fib4,55064,211377861.751929,163,gaussian (identity),Some college or AA degree,-0.00669491634372624,0.0115141681913141,0.561770884986703,-0.0292626859987018,0.0158728533112493,3.49515108894719,0.00916483013008837,15572,64969963.0464957
None,none,1999-2020,21.2,WTMEC.COMBN,age+gender,educ_level,fib4,55064,211377861.751929,163,gaussian (identity),HS graduate or GED,-0.0220836505734719,0.00928653869447759,0.01860845132742,-0.040285266414648,-0.00388203473229587,3.49515108894719,0.00916483013008837,13095,51684265.1326798
None,none,1999-2020,21.2,WTMEC.COMBN,age+gender,educ_level,fib4,55064,211377861.751929,163,gaussian (identity),9-11th grade,0.00351804771477307,0.0120970847200675,0.771574478508188,-0.0201922383365592,0.0272283337661054,3.49515108894719,0.00916483013008837,8886,24632307.6022974
None,none,1999-2020,21.2,WTMEC.COMBN,age+gender,educ_level,fib4,55064,211377861.751929,163,gaussian (identity),Less than 9th grade,0.0256128800876485,0.016163620272294,0.115069346815483,-0.00606781564604771,0.0572935758213447,3.49515108894719,0.00916483013008837,6248,12225900.6460242
None,none,1999-2020,21.2,WTMEC.COMBN,age+gender,educ_level,fib4_mod_vs_low,53155,206093300.518487,163,quasibinomial (logit),College graduate or above (Intercept),-5.32874799983019,0.0682722229602132,1.64273599121056e-127,-5.4625615568322,-5.19493444282817,5.14796213597828,0.000635077929709246,10915,56631176.50496
None,none,1999-2020,21.2,WTMEC.COMBN,age+gender,educ_level,fib4_mod_vs_low,53155,206093300.518487,163,quasibinomial (logit),Some college or AA degree,-0.105567557065267,0.0523160148851513,0.0453066745408472,-0.208106946240164,-0.00302816789037028,5.14796213597828,0.000635077929709246,15120,63596120.9227025
None,none,1999-2020,21.2,WTMEC.COMBN,age+gender,educ_level,fib4_mod_vs_low,53155,206093300.518487,163,quasibinomial (logit),HS graduate or GED,-0.176306590264811,0.0537814686673696,0.00128641803433334,-0.281718268852856,-0.0708949116767669,5.14796213597828,0.000635077929709246,12658,50332994.350444
None,none,1999-2020,21.2,WTMEC.COMBN,age+gender,educ_level,fib4_mod_vs_low,53155,206093300.518487,163,quasibinomial (logit),9-11th grade,-0.241332065140039,0.0703690565005187,0.000772554592180315,-0.379255415881056,-0.103408714399023,5.14796213597828,0.000635077929709246,8575,23951706.7981543
None,none,1999-2020,21.2,WTMEC.COMBN,age+gender,educ_level,fib4_mod_vs_low,53155,206093300.518487,163,quasibinomial (logit),Less than 9th grade,-0.268117082854892,0.0672596604359829,0.000102553145025476,-0.399946017309418,-0.136288148400365,5.14796213597828,0.000635077929709246,5887,11581301.9422263
None,none,1999-2020,21.2,WTMEC.COMBN,age+gender,educ_level,fib4_high_vs_low,47069,182432956.84726,163,quasibinomial (logit),College graduate or above (Intercept),-10.2270596548881,0.217905898624744,2.66878984919072e-94,-10.6541552161926,-9.79996409358361,1.54714424097499,0.191216965895415,9479,49207888.4015465
None,none,1999-2020,21.2,WTMEC.COMBN,age+gender,educ_level,fib4_high_vs_low,47069,182432956.84726,163,quasibinomial (logit),Some college or AA degree,0.0586224724004401,0.102515417710057,0.568247827337334,-0.142307746311272,0.259552691112152,1.54714424097499,0.191216965895415,13498,56734244.9079072
None,none,1999-2020,21.2,WTMEC.COMBN,age+gender,educ_level,fib4_high_vs_low,47069,182432956.84726,163,quasibinomial (logit),HS graduate or GED,0.0377186421149762,0.114412926659375,0.742087878042484,-0.186530694137398,0.26196797836735,1.54714424097499,0.191216965895415,11222,44689059.6235211
None,none,1999-2020,21.2,WTMEC.COMBN,age+gender,educ_level,fib4_high_vs_low,47069,182432956.84726,163,quasibinomial (logit),9-11th grade,0.111772564784499,0.123295391068769,0.366037781451331,-0.129886401710289,0.353431531279287,1.54714424097499,0.191216965895415,7813,21625420.7791433
None,none,1999-2020,21.2,WTMEC.COMBN,age+gender,educ_level,fib4_high_vs_low,47069,182432956.84726,163,quasibinomial (logit),Less than 9th grade,0.236987136388741,0.109731314896774,0.0323133000788896,0.0219137591910645,0.452060513586418,1.54714424097499,0.191216965895415,5057,10176343.1351423
None,none,1999-2020,21.2,WTMEC.COMBN,age+gender,educ_level,nfs,54128,208497050.849702,163,gaussian (identity),College graduate or above (Intercept),-4.88568356830044,0.0254084571073735,2.87201835751844e-188,-4.93548414423089,-4.83588299236999,13.7232349445824,1.27966258123688e-09,11131,57334888.219935
None,none,1999-2020,21.2,WTMEC.COMBN,age+gender,educ_level,nfs,54128,208497050.849702,163,gaussian (identity),Some college or AA degree,0.138601816189769,0.020105693684295,1.24898115171407e-10,0.0991946565685511,0.178008975810987,13.7232349445824,1.27966258123688e-09,15362,64178462.763589
None,none,1999-2020,21.2,WTMEC.COMBN,age+gender,educ_level,nfs,54128,208497050.849702,163,gaussian (identity),HS graduate or GED,0.103989497428601,0.0207482882633652,1.43849090697228e-06,0.0633228524324053,0.144656142424797,13.7232349445824,1.27966258123688e-09,12867,50914236.4400936
None,none,1999-2020,21.2,WTMEC.COMBN,age+gender,educ_level,nfs,54128,208497050.849702,163,gaussian (identity),9-11th grade,0.124261492886892,0.0245385410151052,1.13880902253744e-06,0.0761659524972853,0.172357033276498,13.7232349445824,1.27966258123688e-09,8701,24176435.8048375
None,none,1999-2020,21.2,WTMEC.COMBN,age+gender,educ_level,nfs,54128,208497050.849702,163,gaussian (identity),Less than 9th grade,0.155051876043829,0.0307153402092712,1.22340019053731e-06,0.0948498092336571,0.215253942854,13.7232349445824,1.27966258123688e-09,6067,11893027.621247
None,none,1999-2020,21.2,WTMEC.COMBN,age+gender,educ_level,nfs_mod_vs_low,50998,199714348.099355,163,quasibinomial (logit),College graduate or above (Intercept),-5.65141451663249,0.0728230572559039,3.95479861734426e-127,-5.79414770885406,-5.50868132441091,7.8437426859752,8.65444100047253e-06,10690,55778277.3483545
None,none,1999-2020,21.2,WTMEC.COMBN,age+gender,educ_level,nfs_mod_vs_low,50998,199714348.099355,163,quasibinomial (logit),Some college or AA degree,0.237599190042204,0.0466780575898477,1.01152510792522e-06,0.146110197166102,0.329088182918305,7.8437426859752,8.65444100047253e-06,14528,61471995.4651178
None,none,1999-2020,21.2,WTMEC.COMBN,age+gender,educ_level,nfs_mod_vs_low,50998,199714348.099355,163,quasibinomial (logit),HS graduate or GED,0.160161881435048,0.0508514485051806,0.00195769949524826,0.0604930423648945,0.259830720505202,7.8437426859752,8.65444100047253e-06,12118,48593788.2519509
None,none,1999-2020,21.2,WTMEC.COMBN,age+gender,educ_level,nfs_mod_vs_low,50998,199714348.099355,163,quasibinomial (logit),9-11th grade,0.263053835344185,0.0609167456846008,2.77658980644796e-05,0.143657013802367,0.382450656886002,7.8437426859752,8.65444100047253e-06,8174,22952811.5312972
None,none,1999-2020,21.2,WTMEC.COMBN,age+gender,educ_level,nfs_mod_vs_low,50998,199714348.099355,163,quasibinomial (logit),Less than 9th grade,0.267888852342871,0.0655390854468851,6.94128219564349e-05,0.139432244866976,0.396345459818766,7.8437426859752,8.65444100047253e-06,5488,10917475.502635
None,none,1999-2020,21.2,WTMEC.COMBN,age+gender,educ_level,nfs_high_vs_low,38110,154872623.483625,163,quasibinomial (logit),College graduate or above (Intercept),-10.6716261127481,0.182108089199166,1.27765007701708e-108,-11.0285579675785,-10.3146942579177,16.1368209800795,4.33385895093208e-11,7991,43398200.3377663
None,none,1999-2020,21.2,WTMEC.COMBN,age+gender,educ_level,nfs_high_vs_low,38110,154872623.483625,163,quasibinomial (logit),Some college or AA degree,0.677470939011934,0.0900903174906385,3.95471501770512e-12,0.500893916730283,0.854047961293586,16.1368209800795,4.33385895093208e-11,11062,48276868.4891451
None,none,1999-2020,21.2,WTMEC.COMBN,age+gender,educ_level,nfs_high_vs_low,38110,154872623.483625,163,quasibinomial (logit),HS graduate or GED,0.476122961376409,0.103657289260666,8.90296698771067e-06,0.272954674425502,0.679291248327315,16.1368209800795,4.33385895093208e-11,9101,37460398.8664946
None,none,1999-2020,21.2,WTMEC.COMBN,age+gender,educ_level,nfs_high_vs_low,38110,154872623.483625,163,quasibinomial (logit),9-11th grade,0.712969817412132,0.125565699199548,6.4227653841986e-08,0.466861046981019,0.959078587843246,16.1368209800795,4.33385895093208e-11,6353,17964239.6675478
None,none,1999-2020,21.2,WTMEC.COMBN,age+gender,educ_level,nfs_high_vs_low,38110,154872623.483625,163,quasibinomial (logit),Less than 9th grade,0.75622265304268,0.120508659819367,3.25175885271021e-09,0.52002567979672,0.99241962628864,16.1368209800795,4.33385895093208e-11,3603,7772916.12267097
None,none,2017-2020,3.2,WTMEC.COMBN,age+gender,educ_level,liver_cap_any,7697,219920056.593839,25,quasibinomial (logit),College graduate or above (Intercept),-1.10927994939211,0.161446100146285,1.48503648167082e-06,-1.42571430567883,-0.792845593105393,5.36550570384737,0.00459382084281862,1911,69978523.347633
None,none,2017-2020,3.2,WTMEC.COMBN,age+gender,educ_level,liver_cap_any,7697,219920056.593839,25,quasibinomial (logit),Some college or AA degree,0.341302909690838,0.0793294381303349,0.000384315849565115,0.185817210955382,0.496788608426295,5.36550570384737,0.00459382084281862,2494,66728293.375707
None,none,2017-2020,3.2,WTMEC.COMBN,age+gender,educ_level,liver_cap_any,7697,219920056.593839,25,quasibinomial (logit),HS graduate or GED,0.323232676799326,0.0960832992241056,0.00325851856745592,0.134909410320079,0.511555943278573,5.36550570384737,0.00459382084281862,1866,59283504.111525
None,none,2017-2020,3.2,WTMEC.COMBN,age+gender,educ_level,liver_cap_any,7697,219920056.593839,25,quasibinomial (logit),9-11th grade,0.263680303968977,0.126892022109286,0.0515070115399627,0.0149719406347772,0.512388667303178,5.36550570384737,0.00459382084281862,839,15860474.103439
None,none,2017-2020,3.2,WTMEC.COMBN,age+gender,educ_level,liver_cap_any,7697,219920056.593839,25,quasibinomial (logit),Less than 9th grade,0.352665711956021,0.143394714823309,0.0236774749776742,0.0716120709023355,0.633719353009706,5.36550570384737,0.00459382084281862,587,8069261.655535
None,none,2017-2020,3.2,WTMEC.COMBN,age+gender,educ_level,liver_cap_mod_sev,7697,219920056.593839,25,quasibinomial (logit),College graduate or above (Intercept),-1.56318499050668,0.137361683034373,6.3122572450242e-10,-1.83241388925405,-1.2939560917593,7.202246284454,0.00104829263616498,1911,69978523.347633
None,none,2017-2020,3.2,WTMEC.COMBN,age+gender,educ_level,liver_cap_mod_sev,7697,219920056.593839,25,quasibinomial (logit),Some college or AA degree,0.34454215455232,0.0909176319133336,0.00123880959704245,0.166343596002186,0.522740713102454,7.202246284454,0.00104829263616498,2494,66728293.375707
None,none,2017-2020,3.2,WTMEC.COMBN,age+gender,educ_level,liver_cap_mod_sev,7697,219920056.593839,25,quasibinomial (logit),HS graduate or GED,0.322824332692581,0.0823662014294549,0.000921123154254414,0.16138657789085,0.484262087494313,7.202246284454,0.00104829263616498,1866,59283504.111525
None,none,2017-2020,3.2,WTMEC.COMBN,age+gender,educ_level,liver_cap_mod_sev,7697,219920056.593839,25,quasibinomial (logit),9-11th grade,0.211406742101997,0.10541202310541,0.0593608997238483,0.00479917681539346,0.418014307388601,7.202246284454,0.00104829263616498,839,15860474.103439
None,none,2017-2020,3.2,WTMEC.COMBN,age+gender,educ_level,liver_cap_mod_sev,7697,219920056.593839,25,quasibinomial (logit),Less than 9th grade,0.300487481648134,0.128869676242543,0.0308740506175506,0.0479029162127497,0.553072047083519,7.202246284454,0.00104829263616498,587,8069261.655535
None,none,1999-2020,21.2,WTMEC.COMBN,age+gender,inc_to_pov,diabetes,56637,208555160.070052,163,quasibinomial (logit),inc_to_pov,-0.154611267000937,0.0114459921683358,3.11947828108826e-28,-0.177045411650875,-0.132177122350999,,,56637,208555160.070052
None,none,1999-2020,21.2,WTMEC.COMBN,age+gender,inc_to_pov,diabetes_undx,56637,208555160.070052,163,quasibinomial (logit),inc_to_pov,0.0157076288886474,0.0478315765188987,0.743042748450105,-0.078042261088394,0.109457518865689,,,56637,208555160.070052
None,none,1999-2020,21.2,WTMEC.COMBN,age+gender,inc_to_pov,htn,56637,208555160.070052,163,quasibinomial (logit),inc_to_pov,-0.0702680648367006,0.00925778247692401,2.48793318349765e-12,-0.0884133184914716,-0.0521228111819295,,,56637,208555160.070052
None,none,1999-2020,21.2,WTMEC.COMBN,age+gender,inc_to_pov,htn_undx,51270,198831351.296247,163,quasibinomial (logit),inc_to_pov,-0.0524176240823014,0.00880414976672071,1.60633152858855e-08,-0.069673757625074,-0.0351614905395288,,,51270,198831351.296247
None,none,1999-2020,21.2,WTMEC.COMBN,age+gender,inc_to_pov,htn_stg1,56637,208555160.070052,163,quasibinomial (logit),inc_to_pov,-0.0398205712770803,0.00883031878169955,1.25062827151602e-05,-0.0571279960892115,-0.0225131464649492,,,56637,208555160.070052
None,none,1999-2020,21.2,WTMEC.COMBN,age+gender,inc_to_pov,obese,56637,208555160.070052,163,quasibinomial (logit),inc_to_pov,-0.0126534948485588,0.00845952752326498,0.136683838813476,-0.0292341687941582,0.00392717909704057,,,56637,208555160.070052
None,none,1999-2020,21.2,WTMEC.COMBN,age+gender,inc_to_pov,obese_abd,56637,208555160.070052,163,quasibinomial (logit),inc_to_pov,-0.0272640926893965,0.00888688371444474,0.00253218121122453,-0.0446823847697082,-0.00984580060908481,,,56637,208555160.070052
None,none,1999-2020,21.2,WTMEC.COMBN,age+gender,inc_to_pov,cvd,56637,208555160.070052,163,quasibinomial (logit),inc_to_pov,-0.175776403308003,0.0182602074263335,1.37617135318759e-17,-0.211566409863617,-0.139986396752389,,,56637,208555160.070052
None,none,1999-2020,21.2,WTMEC.COMBN,age+gender,inc_to_pov,ascvd,56637,208555160.070052,163,quasibinomial (logit),inc_to_pov,-0.200737375477048,0.0150101058052194,7.32136966836278e-28,-0.230157182855278,-0.171317568098818,,,56637,208555160.070052
None,none,1999-2020,21.2,WTMEC.COMBN,age+gender,inc_to_pov,chf,52663,201394902.545035,163,quasibinomial (logit),inc_to_pov,-0.313417605123237,0.0235833639283896,1.24582056565306e-27,-0.359640998422881,-0.267194211823593,,,52663,201394902.545035
None,none,1999-2020,21.2,WTMEC.COMBN,age+gender,inc_to_pov,mdd,56637,208555160.070052,163,quasibinomial (logit),inc_to_pov,-0.312942736845367,0.0195062023564107,3.88262950963163e-35,-0.351174893463932,-0.274710580226802,,,56637,208555160.070052
None,none,1999-2020,21.2,WTMEC.COMBN,age+gender,inc_to_pov,ckd,56637,208555160.070052,163,quasibinomial (logit),inc_to_pov,-0.201989315063119,0.0192242909039257,5.74654985330233e-20,-0.239668925234813,-0.164309704891425,,,56637,208555160.070052
None,none,1999-2020,21.2,WTMEC.COMBN,age+gender,inc_to_pov,ckd_gfr_gte3,50685,197424209.941426,163,quasibinomial (logit),inc_to_pov,-0.116738847546753,0.0167564496080842,7.98710876930416e-11,-0.149581488778598,-0.0838962063149084,,,50685,197424209.941426
None,none,1999-2020,21.2,WTMEC.COMBN,age+gender,inc_to_pov,ckd_any,53553,206615247.681035,163,quasibinomial (logit),inc_to_pov,-0.0174019032297126,0.010577801926412,0.101905321251634,-0.0381343950054801,0.00333058854605496,,,53553,206615247.681035
None,none,1999-2020,21.2,WTMEC.COMBN,age+gender,inc_to_pov,copd,56637,208555160.070052,163,quasibinomial (logit),inc_to_pov,-0.0772868058597147,0.00968958671375569,2.71802989259639e-13,-0.0962783958186758,-0.0582952159007535,,,56637,208555160.070052
None,none,1999-2020,21.2,WTMEC.COMBN,age+gender,inc_to_pov,copd_pft,56637,208555160.070052,163,quasibinomial (logit),inc_to_pov,0.0302799247741346,0.0276955848860554,0.275900022962478,-0.024003421602534,0.0845632711508032,,,56637,208555160.070052
None,none,2007-2012,6,WTMEC.COMBN,age+gender,inc_to_pov,pft_lt07,12977,174771581.237809,49,quasibinomial (logit),inc_to_pov,-0.0372439353633407,0.0242710327589318,0.131756302534295,-0.0848151595708469,0.0103272888441655,,,12977,174771581.237809
None,none,1999-2020,21.2,WTMEC.COMBN,age+gender,inc_to_pov,fib4,50454,196597404.797447,163,gaussian (identity),inc_to_pov,-0.0164051204426943,0.00235947705727388,8.61714948975942e-11,-0.0210296954749511,-0.0117805454104375,,,50454,196597404.797447
None,none,1999-2020,21.2,WTMEC.COMBN,age+gender,inc_to_pov,fib4_mod_vs_low,48734,191760346.737105,163,quasibinomial (logit),inc_to_pov,0.0684698043758726,0.0138249812941118,1.84468846871543e-06,0.0413728410394134,0.0955667677123317,,,48734,191760346.737105
None,none,1999-2020,21.2,WTMEC.COMBN,age+gender,inc_to_pov,fib4_high_vs_low,43208,169846866.190051,163,quasibinomial (logit),inc_to_pov,-0.134068699965041,0.0267956650777822,1.47017418940585e-06,-0.186588203517495,-0.0815491964125883,,,43208,169846866.190051
None,none,1999-2020,21.2,WTMEC.COMBN,age+gender,inc_to_pov,nfs,49606,193914782.842474,163,gaussian (identity),inc_to_pov,-0.0548769915389806,0.0051408309747796,2.00401192896119e-20,-0.0649530202495487,-0.0448009628284126,,,49606,193914782.842474
None,none,1999-2020,21.2,WTMEC.COMBN,age+gender,inc_to_pov,nfs_mod_vs_low,46804,185942965.71292,163,quasibinomial (logit),inc_to_pov,-0.0996016967774108,0.0111000251907923,7.40708301412952e-16,-0.121357746151364,-0.0778456474034579,,,46804,185942965.71292
None,none,1999-2020,21.2,WTMEC.COMBN,age+gender,inc_to_pov,nfs_high_vs_low,35107,144550826.566204,163,quasibinomial (logit),inc_to_pov,-0.227419682825414,0.0237580795790218,1.9174825558152e-17,-0.273985518800297,-0.180853846850531,,,35107,144550826.566204
None,none,2017-2020,3.2,WTMEC.COMBN,age+gender,inc_to_pov,liver_cap_any,6979,201509143.764399,25,quasibinomial (logit),inc_to_pov,-0.0509100192728972,0.0286108263285543,0.0889951944356015,-0.106987238876864,0.00516720033106922,,,6979,201509143.764399
None,none,2017-2020,3.2,WTMEC.COMBN,age+gender,inc_to_pov,liver_cap_mod_sev,6979,201509143.764399,25,quasibinomial (logit),inc_to_pov,-0.0556152822897991,0.0241925307702352,0.0313841185850601,-0.10303264259946,-0.00819792198013815,,,6979,201509143.764399
None,none,1999-2020,21.2,WTMEC.COMBN,age+gender,inc_to_pov_level,diabetes,56637,208555160.070052,163,quasibinomial (logit),High income (Intercept),-5.01488936175624,0.0707998086410476,3.58642864779214e-122,-5.15365698669269,-4.87612173681979,82.8537605154056,2.22551082576903e-25,14227,74884606.5944645
None,none,1999-2020,21.2,WTMEC.COMBN,age+gender,inc_to_pov_level,diabetes,56637,208555160.070052,163,quasibinomial (logit),Middle income,0.357396935643424,0.0502293516204642,3.60517090096309e-11,0.258947406467315,0.455846464819534,82.8537605154056,2.22551082576903e-25,30021,103031702.475711
None,none,1999-2020,21.2,WTMEC.COMBN,age+gender,inc_to_pov_level,diabetes,56637,208555160.070052,163,quasibinomial (logit),Low income,0.717713694001165,0.055882025769365,2.3571731565195e-26,0.608184923493209,0.82724246450912,82.8537605154056,2.22551082576903e-25,12389,30638850.9998763
None,none,1999-2020,21.2,WTMEC.COMBN,age+gender,inc_to_pov_level,diabetes_undx,56637,208555160.070052,163,quasibinomial (logit),High income (Intercept),-7.75461129088339,0.245491166916583,2.06036466794927e-70,-8.23577397803989,-7.27344860372688,0.242088858122309,0.785275233187407,14227,74884606.5944645
None,none,1999-2020,21.2,WTMEC.COMBN,age+gender,inc_to_pov_level,diabetes_undx,56637,208555160.070052,163,quasibinomial (logit),Middle income,-0.0332124376850515,0.190650917093632,0.861925574778483,-0.406888235188571,0.340463359818468,0.242088858122309,0.785275233187407,30021,103031702.475711
None,none,1999-2020,21.2,WTMEC.COMBN,age+gender,inc_to_pov_level,diabetes_undx,56637,208555160.070052,163,quasibinomial (logit),Low income,-0.171417234615586,0.251601500197197,0.49666992639403,-0.664556175002092,0.321721705770919,0.242088858122309,0.785275233187407,12389,30638850.9998763
None,none,1999-2020,21.2,WTMEC.COMBN,age+gender,inc_to_pov_level,htn,56637,208555160.070052,163,quasibinomial (logit),High income (Intercept),-3.31850075498722,0.055789645351593,1.49827582464666e-110,-3.42784845987634,-3.20915305009809,26.2964774266518,1.36058509750265e-10,14227,74884606.5944645
None,none,1999-2020,21.2,WTMEC.COMBN,age+gender,inc_to_pov_level,htn,56637,208555160.070052,163,quasibinomial (logit),Middle income,0.213457972689748,0.0352149553630797,9.4386139129099e-09,0.144436660178112,0.282479285201384,26.2964774266518,1.36058509750265e-10,30021,103031702.475711
None,none,1999-2020,21.2,WTMEC.COMBN,age+gender,inc_to_pov_level,htn,56637,208555160.070052,163,quasibinomial (logit),Low income,0.293378972739322,0.0416835515285181,5.501132076368e-11,0.211679211743426,0.375078733735217,26.2964774266518,1.36058509750265e-10,12389,30638850.9998763
None,none,1999-2020,21.2,WTMEC.COMBN,age+gender,inc_to_pov_level,htn_undx,51270,198831351.296247,163,quasibinomial (logit),High income (Intercept),-2.9583148790544,0.0514046830841297,2.27020409733135e-108,-3.05906805789929,-2.8575617002095,18.4009178564722,6.48095536963357e-08,12939,71940171.8903326
None,none,1999-2020,21.2,WTMEC.COMBN,age+gender,inc_to_pov_level,htn_undx,51270,198831351.296247,163,quasibinomial (logit),Middle income,0.168250023816442,0.0321266624049918,5.10376666873612e-07,0.105281765502658,0.231218282130226,18.4009178564722,6.48095536963357e-08,27215,98194680.589435
None,none,1999-2020,21.2,WTMEC.COMBN,age+gender,inc_to_pov_level,htn_undx,51270,198831351.296247,163,quasibinomial (logit),Low income,0.231992391023577,0.0406718405405132,5.56428011570196e-08,0.152275583564171,0.311709198482983,18.4009178564722,6.48095536963357e-08,11116,28696498.8164795
None,none,1999-2020,21.2,WTMEC.COMBN,age+gender,inc_to_pov_level,htn_stg1,56637,208555160.070052,163,quasibinomial (logit),High income (Intercept),-2.94105465932868,0.0508461198295302,1.05092317284384e-108,-3.04071305419456,-2.8413962644628,11.775872272915,1.70170928269848e-05,14227,74884606.5944645
None,none,1999-2020,21.2,WTMEC.COMBN,age+gender,inc_to_pov_level,htn_stg1,56637,208555160.070052,163,quasibinomial (logit),Middle income,0.142905723381831,0.0320083392531091,1.51332136812663e-05,0.0801693784457373,0.205642068317925,11.775872272915,1.70170928269848e-05,30021,103031702.475711
None,none,1999-2020,21.2,WTMEC.COMBN,age+gender,inc_to_pov_level,htn_stg1,56637,208555160.070052,163,quasibinomial (logit),Low income,0.176014745219546,0.0403796302299818,2.33707405960192e-05,0.0968706699687815,0.25515882047031,11.775872272915,1.70170928269848e-05,12389,30638850.9998763
None,none,1999-2020,21.2,WTMEC.COMBN,age+gender,inc_to_pov_level,obese,56637,208555160.070052,163,quasibinomial (logit),High income (Intercept),-0.679233230471575,0.0496231906109317,1.12383786694799e-28,-0.776494684069001,-0.581971776874149,2.32655833201166,0.100946456388811,14227,74884606.5944645
None,none,1999-2020,21.2,WTMEC.COMBN,age+gender,inc_to_pov_level,obese,56637,208555160.070052,163,quasibinomial (logit),Middle income,0.0719726385127396,0.0337149418093461,0.0343146463591197,0.00589135256642122,0.138053924459058,2.32655833201166,0.100946456388811,30021,103031702.475711
None,none,1999-2020,21.2,WTMEC.COMBN,age+gender,inc_to_pov_level,obese,56637,208555160.070052,163,quasibinomial (logit),Low income,0.0432904716478663,0.0405305235338201,0.287096373778627,-0.036149354478421,0.122730297774154,2.32655833201166,0.100946456388811,12389,30638850.9998763
None,none,1999-2020,21.2,WTMEC.COMBN,age+gender,inc_to_pov_level,obese_abd,56637,208555160.070052,163,quasibinomial (logit),High income (Intercept),-0.783686935073159,0.0520899424598523,2.23837990242001e-32,-0.88578322229447,-0.681590647851849,6.70442138379441,0.00160172593055822,14227,74884606.5944645
None,none,1999-2020,21.2,WTMEC.COMBN,age+gender,inc_to_pov_level,obese_abd,56637,208555160.070052,163,quasibinomial (logit),Middle income,0.134529494209951,0.0367596412086403,0.000343107826628775,0.0624805974410163,0.206578390978886,6.70442138379441,0.00160172593055822,30021,103031702.475711
None,none,1999-2020,21.2,WTMEC.COMBN,age+gender,inc_to_pov_level,obese_abd,56637,208555160.070052,163,quasibinomial (logit),Low income,0.0901787315120895,0.0387802417119156,0.0213153951533334,0.0141694577567349,0.166188005267444,6.70442138379441,0.00160172593055822,12389,30638850.9998763
None,none,1999-2020,21.2,WTMEC.COMBN,age+gender,inc_to_pov_level,cvd,56637,208555160.070052,163,quasibinomial (logit),High income (Intercept),-7.65295228707406,0.112041515829817,9.64301900556914e-120,-7.8725536581005,-7.43335091604762,45.3022382008708,2.68848731450225e-16,14227,74884606.5944645
None,none,1999-2020,21.2,WTMEC.COMBN,age+gender,inc_to_pov_level,cvd,56637,208555160.070052,163,quasibinomial (logit),Middle income,0.368613701487604,0.0687441744373459,2.8526661892868e-07,0.233875119590406,0.503352283384802,45.3022382008708,2.68848731450225e-16,30021,103031702.475711
None,none,1999-2020,21.2,WTMEC.COMBN,age+gender,inc_to_pov_level,cvd,56637,208555160.070052,163,quasibinomial (logit),Low income,0.785902419882099,0.08286005704309,3.43400362938046e-17,0.623496708077643,0.948308131686555,45.3022382008708,2.68848731450225e-16,12389,30638850.9998763
None,none,1999-2020,21.2,WTMEC.COMBN,age+gender,inc_to_pov_level,ascvd,56637,208555160.070052,163,quasibinomial (logit),High income (Intercept),-7.26335918623182,0.100806395607312,2.57206623053696e-123,-7.46093972162215,-7.06577865084149,79.921416307721,9.47822494176869e-25,14227,74884606.5944645
None,none,1999-2020,21.2,WTMEC.COMBN,age+gender,inc_to_pov_level,ascvd,56637,208555160.070052,163,quasibinomial (logit),Middle income,0.444991071679497,0.0576691461634955,1.2422333738017e-12,0.331959545199046,0.558022598159948,79.921416307721,9.47822494176869e-25,30021,103031702.475711
None,none,1999-2020,21.2,WTMEC.COMBN,age+gender,inc_to_pov_level,ascvd,56637,208555160.070052,163,quasibinomial (logit),Low income,0.896775562421788,0.0711554765606263,1.08236735779574e-25,0.75731082836296,1.03624029648062,79.921416307721,9.47822494176869e-25,12389,30638850.9998763
None,none,1999-2020,21.2,WTMEC.COMBN,age+gender,inc_to_pov_level,chf,52663,201394902.545035,163,quasibinomial (logit),High income (Intercept),-8.71815744453677,0.157049109419247,5.33983829875066e-106,-9.0259736989985,-8.41034119007505,70.0894995429303,1.49468110413721e-22,13699,73333344.4564781
None,none,1999-2020,21.2,WTMEC.COMBN,age+gender,inc_to_pov_level,chf,52663,201394902.545035,163,quasibinomial (logit),Middle income,0.88175055670541,0.10503702687776,2.42288467951618e-14,0.675877984025002,1.08762312938582,70.0894995429303,1.49468110413721e-22,28116,99590649.9701441
None,none,1999-2020,21.2,WTMEC.COMBN,age+gender,inc_to_pov_level,chf,52663,201394902.545035,163,quasibinomial (logit),Low income,1.37870045816737,0.116535496799531,1.4502831780173e-23,1.15029088444029,1.60711003189446,70.0894995429303,1.49468110413721e-22,10848,28470908.1184132
None,none,1999-2020,21.2,WTMEC.COMBN,age+gender,inc_to_pov_level,mdd,56637,208555160.070052,163,quasibinomial (logit),High income (Intercept),-3.18283175994745,0.101644930784613,6.83074693557631e-70,-3.38205582428529,-2.98360769560961,143.377790925105,2.55785876953739e-36,14227,74884606.5944645
None,none,1999-2020,21.2,WTMEC.COMBN,age+gender,inc_to_pov_level,mdd,56637,208555160.070052,163,quasibinomial (logit),Middle income,0.678732329064328,0.0799801034909867,1.41033391916465e-14,0.521971326221994,0.835493331906662,143.377790925105,2.55785876953739e-36,30021,103031702.475711
None,none,1999-2020,21.2,WTMEC.COMBN,age+gender,inc_to_pov_level,mdd,56637,208555160.070052,163,quasibinomial (logit),Low income,1.32396528840954,0.0864398667304899,4.12521362080036e-33,1.15454314961778,1.4933874272013,143.377790925105,2.55785876953739e-36,12389,30638850.9998763
None,none,1999-2020,21.2,WTMEC.COMBN,age+gender,inc_to_pov_level,ckd,56637,208555160.070052,163,quasibinomial (logit),High income (Intercept),-6.45506450198493,0.142012912101445,5.1720715625456e-93,-6.73340980970377,-6.1767191942661,44.4706657796325,4.57437231092902e-16,14227,74884606.5944645
None,none,1999-2020,21.2,WTMEC.COMBN,age+gender,inc_to_pov_level,ckd,56637,208555160.070052,163,quasibinomial (logit),Middle income,0.479891992984723,0.0729857933837737,6.63871778641625e-10,0.336839837952526,0.622944148016919,44.4706657796325,4.57437231092902e-16,30021,103031702.475711
None,none,1999-2020,21.2,WTMEC.COMBN,age+gender,inc_to_pov_level,ckd,56637,208555160.070052,163,quasibinomial (logit),Low income,0.856560772850856,0.090964069742232,5.2123671451436e-17,0.678271196156081,1.03485034954563,44.4706657796325,4.57437231092902e-16,12389,30638850.9998763
None,none,1999-2020,21.2,WTMEC.COMBN,age+gender,inc_to_pov_level,ckd_gfr_gte3,50685,197424209.941426,163,quasibinomial (logit),High income (Intercept),-9.26515268066868,0.186816724061419,1.22426231746963e-98,-9.63131345982906,-8.8989919015083,20.7325947459671,9.97638864598441e-09,12815,71700258.5345743
None,none,1999-2020,21.2,WTMEC.COMBN,age+gender,inc_to_pov_level,ckd_gfr_gte3,50685,197424209.941426,163,quasibinomial (logit),Middle income,0.243789246640757,0.0594304798559761,6.520428103274e-05,0.127305506123043,0.36027298715847,20.7325947459671,9.97638864598441e-09,26904,97274866.2981036
None,none,1999-2020,21.2,WTMEC.COMBN,age+gender,inc_to_pov_level,ckd_gfr_gte3,50685,197424209.941426,163,quasibinomial (logit),Low income,0.520667451799252,0.0818903320510322,2.06818310972446e-09,0.360162400979229,0.681172502619275,20.7325947459671,9.97638864598441e-09,10966,28449085.1087476
None,none,1999-2020,21.2,WTMEC.COMBN,age+gender,inc_to_pov_level,ckd_any,53553,206615247.681035,163,quasibinomial (logit),High income (Intercept),-3.21301880612217,0.0592472151903448,1.81967132119609e-104,-3.32914334789525,-3.0968942643491,1.46573599509787,0.23401080878044,13416,74377740.8457045
None,none,1999-2020,21.2,WTMEC.COMBN,age+gender,inc_to_pov_level,ckd_any,53553,206615247.681035,163,quasibinomial (logit),Middle income,0.0532128642797782,0.0327921540631252,0.10662788391815,-0.0110597576839471,0.117485486243504,1.46573599509787,0.23401080878044,28412,101961768.876515
None,none,1999-2020,21.2,WTMEC.COMBN,age+gender,inc_to_pov_level,ckd_any,53553,206615247.681035,163,quasibinomial (logit),Low income,0.0729145602247007,0.0522772990485749,0.165032126798927,-0.0295489459105061,0.175378066359908,1.46573599509787,0.23401080878044,11725,30275737.9588151
None,none,1999-2020,21.2,WTMEC.COMBN,age+gender,inc_to_pov_level,copd,56637,208555160.070052,163,quasibinomial (logit),High income (Intercept),-26.9494742280713,0.0400504633778603,1.43445022293022e-276,-27.0279731362919,-26.8709753198507,29.6961286780102,1.10080658387558e-11,14227,74884606.5944645
None,none,1999-2020,21.2,WTMEC.COMBN,age+gender,inc_to_pov_level,copd,56637,208555160.070052,163,quasibinomial (logit),Middle income,0.18390145332949,0.0306985373481139,1.34932286633859e-08,0.123732320127187,0.244070586531793,29.6961286780102,1.10080658387558e-11,30021,103031702.475711
None,none,1999-2020,21.2,WTMEC.COMBN,age+gender,inc_to_pov_level,copd,56637,208555160.070052,163,quasibinomial (logit),Low income,0.326763423883183,0.0425178189572528,1.4818537968528e-12,0.243428498726968,0.410098349039398,29.6961286780102,1.10080658387558e-11,12389,30638850.9998763
None,none,1999-2020,21.2,WTMEC.COMBN,age+gender,inc_to_pov_level,copd_pft,56637,208555160.070052,163,quasibinomial (logit),High income (Intercept),-5.35974205158038,0.126438923603199,1.47088031991219e-88,-5.60756234184265,-5.11192176131811,0.889979085163585,0.412699965121521,14227,74884606.5944645
None,none,1999-2020,21.2,WTMEC.COMBN,age+gender,inc_to_pov_level,copd_pft,56637,208555160.070052,163,quasibinomial (logit),Middle income,-0.120997172558205,0.0991797928506118,0.224279612469298,-0.315389566545404,0.0733952214289946,0.889979085163585,0.412699965121521,30021,103031702.475711
None,none,1999-2020,21.2,WTMEC.COMBN,age+gender,inc_to_pov_level,copd_pft,56637,208555160.070052,163,quasibinomial (logit),Low income,-0.0188556133908145,0.130435263379929,0.885242009012548,-0.274508729615476,0.236797502833847,0.889979085163585,0.412699965121521,12389,30638850.9998763
None,none,2007-2012,6,WTMEC.COMBN,age+gender,inc_to_pov_level,pft_lt07,12977,174771581.237809,49,quasibinomial (logit),High income (Intercept),-5.23973111613291,0.144514037010789,5.96143793276111e-35,-5.52297862867406,-4.95648360359176,2.24608533992905,0.117546652429846,3381,65793653.3037217
None,none,2007-2012,6,WTMEC.COMBN,age+gender,inc_to_pov_level,pft_lt07,12977,174771581.237809,49,quasibinomial (logit),Middle income,0.078010386233504,0.101036520281628,0.444090822940208,-0.120021193518487,0.276041965985495,2.24608533992905,0.117546652429846,6630,82304597.4257247
None,none,2007-2012,6,WTMEC.COMBN,age+gender,inc_to_pov_level,pft_lt07,12977,174771581.237809,49,quasibinomial (logit),Low income,0.259458122612195,0.122423765132396,0.0396123036608677,0.0195075429527,0.499408702271691,2.24608533992905,0.117546652429846,2966,26673330.5083627
None,none,1999-2020,21.2,WTMEC.COMBN,age+gender,inc_to_pov_level,fib4,50454,196597404.797447,163,gaussian (identity),High income (Intercept),-0.329359286793359,0.0137925906771627,1.84790069120316e-54,-0.356392764520598,-0.30232580906612,21.1810297181397,6.99598162043222e-09,12756,71403428.5827867
None,none,1999-2020,21.2,WTMEC.COMBN,age+gender,inc_to_pov_level,fib4,50454,196597404.797447,163,gaussian (identity),Middle income,0.0255570554903993,0.00881060971783809,0.00425084797311173,0.00828826044343662,0.0428258505373619,21.1810297181397,6.99598162043222e-09,26790,96886234.1213067
None,none,1999-2020,21.2,WTMEC.COMBN,age+gender,inc_to_pov_level,fib4,50454,196597404.797447,163,gaussian (identity),Low income,0.0659433660274835,0.0103717004522712,2.06922812967355e-09,0.0456148331410319,0.086271898913935,21.1810297181397,6.99598162043222e-09,10908,28307742.0933533
None,none,1999-2020,21.2,WTMEC.COMBN,age+gender,inc_to_pov_level,fib4_mod_vs_low,48734,191760346.737105,163,quasibinomial (logit),High income (Intercept),-5.32601901709067,0.0725990837800032,1.59461906637725e-124,-5.46831322129948,-5.18372481288186,17.11339886176,1.85659227510537e-07,12404,70039285.225694
None,none,1999-2020,21.2,WTMEC.COMBN,age+gender,inc_to_pov_level,fib4_mod_vs_low,48734,191760346.737105,163,quasibinomial (logit),Middle income,-0.271161650772574,0.0464603297761951,2.90626795987551e-08,-0.362223897133916,-0.180099404411231,17.11339886176,1.85659227510537e-07,25765,94140031.6014082
None,none,1999-2020,21.2,WTMEC.COMBN,age+gender,inc_to_pov_level,fib4_mod_vs_low,48734,191760346.737105,163,quasibinomial (logit),Low income,-0.158049185106264,0.0591355839135089,0.00830990188522383,-0.273954929576741,-0.0421434406357866,17.11339886176,1.85659227510537e-07,10565,27581029.9100032
None,none,1999-2020,21.2,WTMEC.COMBN,age+gender,inc_to_pov_level,fib4_high_vs_low,43208,169846866.190051,163,quasibinomial (logit),High income (Intercept),-10.3221301984385,0.22681223822641,4.31875038303764e-93,-10.7666821853623,-9.87757821151473,16.3530124711368,3.47959177508347e-07,10705,60199549.6366332
None,none,1999-2020,21.2,WTMEC.COMBN,age+gender,inc_to_pov_level,fib4_high_vs_low,43208,169846866.190051,163,quasibinomial (logit),Middle income,0.114782101048451,0.0858664557669353,0.1832133654218,-0.0535161522547419,0.283080354351644,16.3530124711368,3.47959177508347e-07,22879,84240905.8005436
None,none,1999-2020,21.2,WTMEC.COMBN,age+gender,inc_to_pov_level,fib4_high_vs_low,43208,169846866.190051,163,quasibinomial (logit),Low income,0.589569431075748,0.113595345036061,6.33682251022341e-07,0.366922554805068,0.812216307346428,16.3530124711368,3.47959177508347e-07,9624,25406410.752874
None,none,1999-2020,21.2,WTMEC.COMBN,age+gender,inc_to_pov_level,nfs,49606,193914782.842474,163,gaussian (identity),High income (Intercept),-4.91620108663297,0.0246908034547935,1.3130517876414e-192,-4.96459506140436,-4.86780711186157,45.2014187922286,2.86688881099049e-16,12625,70809469.371412
None,none,1999-2020,21.2,WTMEC.COMBN,age+gender,inc_to_pov_level,nfs,49606,193914782.842474,163,gaussian (identity),Middle income,0.133795700601197,0.0176977056250934,3.01660915077448e-12,0.099108197576014,0.16848320362638,45.2014187922286,2.86688881099049e-16,26315,95395944.9937437
None,none,1999-2020,21.2,WTMEC.COMBN,age+gender,inc_to_pov_level,nfs,49606,193914782.842474,163,gaussian (identity),Low income,0.23402837145657,0.0258282949123605,4.52622110203205e-16,0.183404913428343,0.284651829484796,45.2014187922286,2.86688881099049e-16,10666,27709368.4773185
None,none,1999-2020,21.2,WTMEC.COMBN,age+gender,inc_to_pov_level,nfs_mod_vs_low,46804,185942965.71292,163,quasibinomial (logit),High income (Intercept),-5.71515570247418,0.0756194358381743,1.60259525319889e-126,-5.863369796717,-5.56694160823135,37.8611308254669,3.56456085278946e-14,12144,68853870.8250735
None,none,1999-2020,21.2,WTMEC.COMBN,age+gender,inc_to_pov_level,nfs_mod_vs_low,46804,185942965.71292,163,quasibinomial (logit),Middle income,0.258544658031931,0.0352281548428307,1.04333260483262e-11,0.189497474539982,0.327591841523879,37.8611308254669,3.56456085278946e-14,24603,90591685.6744129
None,none,1999-2020,21.2,WTMEC.COMBN,age+gender,inc_to_pov_level,nfs_mod_vs_low,46804,185942965.71292,163,quasibinomial (logit),Low income,0.437386093228175,0.0560381148944481,7.47291975787608e-13,0.327551388035057,0.547220798421293,37.8611308254669,3.56456085278946e-14,10057,26497409.2134333
None,none,1999-2020,21.2,WTMEC.COMBN,age+gender,inc_to_pov_level,nfs_high_vs_low,35107,144550826.566204,163,quasibinomial (logit),High income (Intercept),-10.6089422004683,0.17645715208195,2.9400688592006e-111,-10.954798218549,-10.2630861823877,44.306957562039,5.08106961833441e-16,9064,53266537.6441057
None,none,1999-2020,21.2,WTMEC.COMBN,age+gender,inc_to_pov_level,nfs_high_vs_low,35107,144550826.566204,163,quasibinomial (logit),Middle income,0.596502998778916,0.0870310272857479,1.49782513464725e-10,0.42592218529885,0.767083812258982,44.306957562039,5.08106961833441e-16,18106,69574963.1579618
None,none,1999-2020,21.2,WTMEC.COMBN,age+gender,inc_to_pov_level,nfs_high_vs_low,35107,144550826.566204,163,quasibinomial (logit),Low income,0.989417463254716,0.106196744685174,9.57434653454462e-17,0.781271843671775,1.19756308283766,44.306957562039,5.08106961833441e-16,7937,21709325.7641369
None,none,2017-2020,3.2,WTMEC.COMBN,age+gender,inc_to_pov_level,liver_cap_any,6979,201509143.764399,25,quasibinomial (logit),High income (Intercept),-1.05402837498704,0.190060377786342,1.6723524861067e-05,-1.42654671544827,-0.681510034525807,1.12444071791962,0.343621980375063,1902,80972073.317471
None,none,2017-2020,3.2,WTMEC.COMBN,age+gender,inc_to_pov_level,liver_cap_any,6979,201509143.764399,25,quasibinomial (logit),Middle income,0.155610667054589,0.10439143778274,0.15092292743737,-0.048996550999581,0.360217885108759,1.12444071791962,0.343621980375063,3698,94293129.573186
None,none,2017-2020,3.2,WTMEC.COMBN,age+gender,inc_to_pov_level,liver_cap_any,6979,201509143.764399,25,quasibinomial (logit),Low income,0.14335785418712,0.129302810921784,0.280096623167998,-0.110075655219577,0.396791363593817,1.12444071791962,0.343621980375063,1379,26243940.873742
None,none,2017-2020,3.2,WTMEC.COMBN,age+gender,inc_to_pov_level,liver_cap_mod_sev,6979,201509143.764399,25,quasibinomial (logit),High income (Intercept),-1.51912890038074,0.160996513203223,5.3034633743006e-09,-1.83468206625906,-1.20357573450243,2.04908746925463,0.153836752325371,1902,80972073.317471
None,none,2017-2020,3.2,WTMEC.COMBN,age+gender,inc_to_pov_level,liver_cap_mod_sev,6979,201509143.764399,25,quasibinomial (logit),Middle income,0.166783778438662,0.0977312068888578,0.102650891228245,-0.0247693870634997,0.358336943940823,2.04908746925463,0.153836752325371,3698,94293129.573186
None,none,2017-2020,3.2,WTMEC.COMBN,age+gender,inc_to_pov_level,liver_cap_mod_sev,6979,201509143.764399,25,quasibinomial (logit),Low income,0.235084815648161,0.117547736333262,0.0586105147273546,0.00469125243496657,0.465478378861355,2.04908746925463,0.153836752325371,1379,26243940.873742
None,none,1999-2020,21.2,WTMEC.COMBN,age+gender,employ_status,diabetes,62995,226242205.604575,163,quasibinomial (logit),Full-time employed (Intercept),-4.53666914749927,0.0574445288744566,6.91365346063745e-129,-4.6492604240932,-4.42407787090533,26.6810000211282,5.12920894504319e-14,28119,120038819.108686
None,none,1999-2020,21.2,WTMEC.COMBN,age+gender,employ_status,diabetes,62995,226242205.604575,163,quasibinomial (logit),Part-time employed,-0.0667229474195645,0.0704894408917259,0.345305085143676,-0.204882251567347,0.0714363567282183,26.6810000211282,5.12920894504319e-14,6324,23443073.7774258
None,none,1999-2020,21.2,WTMEC.COMBN,age+gender,employ_status,diabetes,62995,226242205.604575,163,quasibinomial (logit),Student,-0.631032376065922,0.294097656407729,0.0334277434683925,-1.20746378262507,-0.0546009695067735,26.6810000211282,5.12920894504319e-14,1801,4836746.06991785
None,none,1999-2020,21.2,WTMEC.COMBN,age+gender,employ_status,diabetes,62995,226242205.604575,163,quasibinomial (logit),Unemployed,0.303659669548142,0.0437865742192676,9.82035768552897e-11,0.217837984078378,0.389481355017906,26.6810000211282,5.12920894504319e-14,26751,77923566.6485459
None,none,1999-2020,21.2,WTMEC.COMBN,age+gender,employ_status,diabetes_undx,62995,226242205.604575,163,quasibinomial (logit),Full-time employed (Intercept),-7.96224824515358,0.26160972056465,5.64875569344791e-68,-8.4750032974603,-7.44949319284687,2.6366273873349,0.0516438641004649,28119,120038819.108686
None,none,1999-2020,21.2,WTMEC.COMBN,age+gender,employ_status,diabetes_undx,62995,226242205.604575,163,quasibinomial (logit),Part-time employed,-0.68330533656466,0.304193995912412,0.0260720444214883,-1.27952556855299,-0.087085104576332,2.6366273873349,0.0516438641004649,6324,23443073.7774258
None,none,1999-2020,21.2,WTMEC.COMBN,age+gender,employ_status,diabetes_undx,62995,226242205.604575,163,quasibinomial (logit),Student,0.313177193761851,0.549595971620445,0.569601194666008,-0.764030910614222,1.39038529813792,2.6366273873349,0.0516438641004649,1801,4836746.06991785
None,none,1999-2020,21.2,WTMEC.COMBN,age+gender,employ_status,diabetes_undx,62995,226242205.604575,163,quasibinomial (logit),Unemployed,-0.368732556787263,0.196767340198166,0.0627834606563749,-0.754396543575667,0.0169314300011415,2.6366273873349,0.0516438641004649,26751,77923566.6485459
None,none,1999-2020,21.2,WTMEC.COMBN,age+gender,employ_status,htn,62995,226242205.604575,163,quasibinomial (logit),Full-time employed (Intercept),-3.05471585460524,0.0441845366048856,5.17994846554642e-120,-3.14131754635082,-2.96811416285967,11.1235630204035,1.15384094177711e-06,28119,120038819.108686
None,none,1999-2020,21.2,WTMEC.COMBN,age+gender,employ_status,htn,62995,226242205.604575,163,quasibinomial (logit),Part-time employed,-0.156463764630106,0.0481104167452893,0.00140018935486204,-0.250760181450873,-0.0621673478093392,11.1235630204035,1.15384094177711e-06,6324,23443073.7774258
None,none,1999-2020,21.2,WTMEC.COMBN,age+gender,employ_status,htn,62995,226242205.604575,163,quasibinomial (logit),Student,-0.246152645895387,0.09695411622562,0.0120881852260827,-0.436182713697602,-0.0561225780931718,11.1235630204035,1.15384094177711e-06,1801,4836746.06991785
None,none,1999-2020,21.2,WTMEC.COMBN,age+gender,employ_status,htn,62995,226242205.604575,163,quasibinomial (logit),Unemployed,0.0980192794136942,0.029458588810309,0.00109062612197363,0.0402804453454886,0.1557581134819,11.1235630204035,1.15384094177711e-06,26751,77923566.6485459
None,none,1999-2020,21.2,WTMEC.COMBN,age+gender,employ_status,htn_undx,56410,214995803.012116,163,quasibinomial (logit),Full-time employed (Intercept),-2.76428543396994,0.0430902291609635,4.71082244111622e-115,-2.84874228312543,-2.67982858481445,9.52700478246762,8.04651464902725e-06,25404,114508913.979264
None,none,1999-2020,21.2,WTMEC.COMBN,age+gender,employ_status,htn_undx,56410,214995803.012116,163,quasibinomial (logit),Part-time employed,-0.226145228768033,0.0495603417174757,1.00710202565779e-05,-0.323283498534285,-0.12900695900178,9.52700478246762,8.04651464902725e-06,5788,22388390.3731815
None,none,1999-2020,21.2,WTMEC.COMBN,age+gender,employ_status,htn_undx,56410,214995803.012116,163,quasibinomial (logit),Student,-0.336086894835767,0.107552949911324,0.00211719771860655,-0.546890676661963,-0.125283113009571,9.52700478246762,8.04651464902725e-06,1657,4596474.99883184
None,none,1999-2020,21.2,WTMEC.COMBN,age+gender,employ_status,htn_undx,56410,214995803.012116,163,quasibinomial (logit),Unemployed,-0.0735110526659312,0.0312248724812183,0.019790069241461,-0.134711802729119,-0.0123103026027432,9.52700478246762,8.04651464902725e-06,23561,73502023.6608381
None,none,1999-2020,21.2,WTMEC.COMBN,age+gender,employ_status,htn_stg1,62995,226242205.604575,163,quasibinomial (logit),Full-time employed (Intercept),-2.78348499853766,0.0430311956378729,1.33296281411002e-115,-2.86782614198789,-2.69914385508743,10.0468153116445,4.25662779991737e-06,28119,120038819.108686
None,none,1999-2020,21.2,WTMEC.COMBN,age+gender,employ_status,htn_stg1,62995,226242205.604575,163,quasibinomial (logit),Part-time employed,-0.213610705744041,0.0492866919777489,2.59565673539569e-05,-0.310212622020428,-0.117008789467653,10.0468153116445,4.25662779991737e-06,6324,23443073.7774258
None,none,1999-2020,21.2,WTMEC.COMBN,age+gender,employ_status,htn_stg1,62995,226242205.604575,163,quasibinomial (logit),Student,-0.347722051507346,0.105698093169253,0.00123641748494087,-0.554890314119082,-0.140553788895609,10.0468153116445,4.25662779991737e-06,1801,4836746.06991785
None,none,1999-2020,21.2,WTMEC.COMBN,age+gender,employ_status,htn_stg1,62995,226242205.604575,163,quasibinomial (logit),Unemployed,-0.100043094121006,0.0307359804143226,0.00138761183143719,-0.160285615733078,-0.0398005725089332,10.0468153116445,4.25662779991737e-06,26751,77923566.6485459
None,none,1999-2020,21.2,WTMEC.COMBN,age+gender,employ_status,obese,62995,226242205.604575,163,quasibinomial (logit),Full-time employed (Intercept),-0.533703923159972,0.0402113213113332,1.73855110242878e-27,-0.612518112930185,-0.454889733389759,38.9367069283539,6.78416604957e-19,28119,120038819.108686
None,none,1999-2020,21.2,WTMEC.COMBN,age+gender,employ_status,obese,62995,226242205.604575,163,quasibinomial (logit),Part-time employed,-0.305853790060682,0.0363830920012168,2.33122999816285e-14,-0.377164650383067,-0.234542929738297,38.9367069283539,6.78416604957e-19,6324,23443073.7774258
None,none,1999-2020,21.2,WTMEC.COMBN,age+gender,employ_status,obese,62995,226242205.604575,163,quasibinomial (logit),Student,-0.613522445246466,0.0838964561851402,1.23246726686349e-11,-0.777959499369341,-0.449085391123591,38.9367069283539,6.78416604957e-19,1801,4836746.06991785
None,none,1999-2020,21.2,WTMEC.COMBN,age+gender,employ_status,obese,62995,226242205.604575,163,quasibinomial (logit),Unemployed,-0.100123951119251,0.0251322923909489,0.00010324681317571,-0.149383244205511,-0.0508646580329909,38.9367069283539,6.78416604957e-19,26751,77923566.6485459
None,none,1999-2020,21.2,WTMEC.COMBN,age+gender,employ_status,obese_abd,62995,226242205.604575,163,quasibinomial (logit),Full-time employed (Intercept),-0.600022623416529,0.0404720305812701,1.0184483394842e-31,-0.679347803355819,-0.52069744347724,36.478203496795,5.71315733013296e-18,28119,120038819.108686
None,none,1999-2020,21.2,WTMEC.COMBN,age+gender,employ_status,obese_abd,62995,226242205.604575,163,quasibinomial (logit),Part-time employed,-0.259811120224598,0.0323146568474061,1.9814423902036e-13,-0.323147847645514,-0.196474392803682,36.478203496795,5.71315733013296e-18,6324,23443073.7774258
None,none,1999-2020,21.2,WTMEC.COMBN,age+gender,employ_status,obese_abd,62995,226242205.604575,163,quasibinomial (logit),Student,-0.619214528324252,0.0855778592477538,1.89099408351399e-11,-0.786947132449849,-0.451481924198654,36.478203496795,5.71315733013296e-18,1801,4836746.06991785
None,none,1999-2020,21.2,WTMEC.COMBN,age+gender,employ_status,obese_abd,62995,226242205.604575,163,quasibinomial (logit),Unemployed,-0.070695090806695,0.0260658082243792,0.00742494600080401,-0.121784074926478,-0.0196061066869118,36.478203496795,5.71315733013296e-18,26751,77923566.6485459
None,none,1999-2020,21.2,WTMEC.COMBN,age+gender,employ_status,cvd,62995,226242205.604575,163,quasibinomial (logit),Full-time employed (Intercept),-7.08090480153396,0.103196096209678,1.64136323063074e-119,-7.28316915010493,-6.87864045296299,35.9405004079576,9.17477210088667e-18,28119,120038819.108686
None,none,1999-2020,21.2,WTMEC.COMBN,age+gender,employ_status,cvd,62995,226242205.604575,163,quasibinomial (logit),Part-time employed,0.398672506908417,0.106197676638236,0.000244074988218299,0.190525060697474,0.606819953119359,35.9405004079576,9.17477210088667e-18,6324,23443073.7774258
None,none,1999-2020,21.2,WTMEC.COMBN,age+gender,employ_status,cvd,62995,226242205.604575,163,quasibinomial (logit),Student,0.0462934577056387,0.468672719315695,0.921441598756314,-0.872305072153123,0.9648919875644,35.9405004079576,9.17477210088667e-18,1801,4836746.06991785
None,none,1999-2020,21.2,WTMEC.COMBN,age+gender,employ_status,cvd,62995,226242205.604575,163,quasibinomial (logit),Unemployed,0.777520735904267,0.0755938307989577,2.57428353455162e-19,0.62935682753831,0.925684644270224,35.9405004079576,9.17477210088667e-18,26751,77923566.6485459
None,none,1999-2020,21.2,WTMEC.COMBN,age+gender,employ_status,ascvd,62995,226242205.604575,163,quasibinomial (logit),Full-time employed (Intercept),-6.61609355661113,0.0926013226121366,3.36504367637988e-122,-6.79759214893092,-6.43459496429134,75.3856480477221,2.55787758847426e-30,28119,120038819.108686
None,none,1999-2020,21.2,WTMEC.COMBN,age+gender,employ_status,ascvd,62995,226242205.604575,163,quasibinomial (logit),Part-time employed,0.441422438805168,0.0972174225279757,1.10675112433506e-05,0.250876290650335,0.63196858696,75.3856480477221,2.55787758847426e-30,6324,23443073.7774258
None,none,1999-2020,21.2,WTMEC.COMBN,age+gender,employ_status,ascvd,62995,226242205.604575,163,quasibinomial (logit),Student,-0.111806589620435,0.408608804751907,0.784728295949214,-0.912679846934172,0.689066667693302,75.3856480477221,2.55787758847426e-30,1801,4836746.06991785
None,none,1999-2020,21.2,WTMEC.COMBN,age+gender,employ_status,ascvd,62995,226242205.604575,163,quasibinomial (logit),Unemployed,0.958048182480641,0.0656587143564554,4.38977251757254e-31,0.829357102341988,1.08673926261929,75.3856480477221,2.55787758847426e-30,26751,77923566.6485459
None,none,1999-2020,21.2,WTMEC.COMBN,age+gender,employ_status,chf,58512,218282706.789213,163,quasibinomial (logit),Full-time employed (Intercept),-7.72418883170313,0.138747007150102,9.79745941900491e-106,-7.99613296571733,-7.45224469768893,35.4834645421852,1.37535323527136e-17,26972,118019145.676641
None,none,1999-2020,21.2,WTMEC.COMBN,age+gender,employ_status,chf,58512,218282706.789213,163,quasibinomial (logit),Part-time employed,0.423810442188585,0.195820188987036,0.0319442962560306,0.0400028717739935,0.807618012603176,35.4834645421852,1.37535323527136e-17,5237,21249399.9709785
None,none,1999-2020,21.2,WTMEC.COMBN,age+gender,employ_status,chf,58512,218282706.789213,163,quasibinomial (logit),Student,-0.818872177612397,0.709754493850512,0.250349009338311,-2.2099909855594,0.572246630334607,35.4834645421852,1.37535323527136e-17,804,3079657.31114862
None,none,1999-2020,21.2,WTMEC.COMBN,age+gender,employ_status,chf,58512,218282706.789213,163,quasibinomial (logit),Unemployed,1.2381800035275,0.132617954703091,8.86733559264038e-17,0.978248812309441,1.49811119474556,35.4834645421852,1.37535323527136e-17,25499,75934503.8304446
None,none,1999-2020,21.2,WTMEC.COMBN,age+gender,employ_status,mdd,62995,226242205.604575,163,quasibinomial (logit),Full-time employed (Intercept),-2.44298228211663,0.0720033834576151,1.90996604622557e-74,-2.58410891369356,-2.30185565053971,136.697356994025,1.06764096651526e-43,28119,120038819.108686
None,none,1999-2020,21.2,WTMEC.COMBN,age+gender,employ_status,mdd,62995,226242205.604575,163,quasibinomial (logit),Part-time employed,0.153254023753365,0.104433119370489,0.144231978333915,-0.0514348902127937,0.357942937719524,136.697356994025,1.06764096651526e-43,6324,23443073.7774258
None,none,1999-2020,21.2,WTMEC.COMBN,age+gender,employ_status,mdd,62995,226242205.604575,163,quasibinomial (logit),Student,0.0883530583008281,0.151927793044055,0.56170102355469,-0.20942541606552,0.386131532667176,136.697356994025,1.06764096651526e-43,1801,4836746.06991785
None,none,1999-2020,21.2,WTMEC.COMBN,age+gender,employ_status,mdd,62995,226242205.604575,163,quasibinomial (logit),Unemployed,1.11468634123368,0.0629648392234432,2.42554355318064e-39,0.991275256355727,1.23809742611163,136.697356994025,1.06764096651526e-43,26751,77923566.6485459
None,none,1999-2020,21.2,WTMEC.COMBN,age+gender,employ_status,ckd,62995,226242205.604575,163,quasibinomial (logit),Full-time employed (Intercept),-5.8389707564763,0.113087192583273,7.77926729616839e-101,-6.06062165393952,-5.61731985901309,65.2324551099772,1.69421691493672e-27,28119,120038819.108686
None,none,1999-2020,21.2,WTMEC.COMBN,age+gender,employ_status,ckd,62995,226242205.604575,163,quasibinomial (logit),Part-time employed,0.30317928776192,0.0982722764789416,0.00240290145834923,0.110565625863194,0.495792949660645,65.2324551099772,1.69421691493672e-27,6324,23443073.7774258
None,none,1999-2020,21.2,WTMEC.COMBN,age+gender,employ_status,ckd,62995,226242205.604575,163,quasibinomial (logit),Student,-0.316969050823756,0.421248162150908,0.452898802777086,-1.14261544863954,0.508677346992024,65.2324551099772,1.69421691493672e-27,1801,4836746.06991785
None,none,1999-2020,21.2,WTMEC.COMBN,age+gender,employ_status,ckd,62995,226242205.604575,163,quasibinomial (logit),Unemployed,0.929487433363422,0.0667667942147301,2.91886356652213e-29,0.798624516702551,1.06035035002429,65.2324551099772,1.69421691493672e-27,26751,77923566.6485459
None,none,1999-2020,21.2,WTMEC.COMBN,age+gender,employ_status,ckd_gfr_gte3,55758,213455817.405395,163,quasibinomial (logit),Full-time employed (Intercept),-8.82651528130739,0.177306343395093,1.78757223618087e-98,-9.17403571436177,-8.47899484825301,19.7728298588229,6.19012185109957e-11,25228,114259817.030629
None,none,1999-2020,21.2,WTMEC.COMBN,age+gender,employ_status,ckd_gfr_gte3,55758,213455817.405395,163,quasibinomial (logit),Part-time employed,0.269570151996679,0.0971122127928211,0.0061707902773242,0.0792302149227493,0.459910089070608,19.7728298588229,6.19012185109957e-11,5705,22241251.075829
None,none,1999-2020,21.2,WTMEC.COMBN,age+gender,employ_status,ckd_gfr_gte3,55758,213455817.405395,163,quasibinomial (logit),Student,-0.868468606269083,0.72582909105378,0.233286277715858,-2.29109362473449,0.554156412196326,19.7728298588229,6.19012185109957e-11,1583,4379842.00879201
None,none,1999-2020,21.2,WTMEC.COMBN,age+gender,employ_status,ckd_gfr_gte3,55758,213455817.405395,163,quasibinomial (logit),Unemployed,0.575669871503916,0.077070460642629,5.13877694264349e-12,0.424611768644363,0.726727974363469,19.7728298588229,6.19012185109957e-11,23242,72574907.2901455
None,none,1999-2020,21.2,WTMEC.COMBN,age+gender,employ_status,ckd_any,59095,223971502.031168,163,quasibinomial (logit),Full-time employed (Intercept),-3.17454371531179,0.0486093964977602,3.10281562924166e-116,-3.2698181324474,-3.07926929817618,14.0763365899214,3.53560728093376e-08,26541,118999007.80078
None,none,1999-2020,21.2,WTMEC.COMBN,age+gender,employ_status,ckd_any,59095,223971502.031168,163,quasibinomial (logit),Part-time employed,0.00544842211680288,0.042169874388908,0.897362327139235,-0.0772045316854567,0.0881013759190625,14.0763365899214,3.53560728093376e-08,6024,23259222.905017
None,none,1999-2020,21.2,WTMEC.COMBN,age+gender,employ_status,ckd_any,59095,223971502.031168,163,quasibinomial (logit),Student,0.390458955580974,0.107357457590152,0.000372910247165094,0.180038338704276,0.600879572457672,14.0763365899214,3.53560728093376e-08,1710,4755796.0499373
None,none,1999-2020,21.2,WTMEC.COMBN,age+gender,employ_status,ckd_any,59095,223971502.031168,163,quasibinomial (logit),Unemployed,0.176013666582358,0.0286326414482565,6.18020835806008e-09,0.119893689343775,0.232133643820941,14.0763365899214,3.53560728093376e-08,24820,76957475.2754343
None,none,1999-2020,21.2,WTMEC.COMBN,age+gender,employ_status,copd,62995,226242205.604575,163,quasibinomial (logit),Full-time employed (Intercept),-26.7780371920134,0.0288132079186473,3.2811927424786e-297,-26.8345110795339,-26.7215633044928,19.0265591725977,1.3840461021376e-10,28119,120038819.108686
None,none,1999-2020,21.2,WTMEC.COMBN,age+gender,employ_status,copd,62995,226242205.604575,163,quasibinomial (logit),Part-time employed,0.0584714123150773,0.0243154986373333,0.0173425220512329,0.0108130349859041,0.10612978964425,19.0265591725977,1.3840461021376e-10,6324,23443073.7774258
None,none,1999-2020,21.2,WTMEC.COMBN,age+gender,employ_status,copd,62995,226242205.604575,163,quasibinomial (logit),Student,0.163471595163007,0.0664008677456093,0.0148953085998933,0.0333258943816126,0.293617295944401,19.0265591725977,1.3840461021376e-10,1801,4836746.06991785
None,none,1999-2020,21.2,WTMEC.COMBN,age+gender,employ_status,copd,62995,226242205.604575,163,quasibinomial (logit),Unemployed,0.144538442947989,0.0194181097715989,5.94280747119417e-12,0.106478947795655,0.182597938100323,19.0265591725977,1.3840461021376e-10,26751,77923566.6485459
None,none,1999-2020,21.2,WTMEC.COMBN,age+gender,employ_status,copd_pft,62995,226242205.604575,163,quasibinomial (logit),Full-time employed (Intercept),-5.47329388349282,0.102807005912984,7.9907197931158e-103,-5.67479561508227,-5.27179215190337,1.92659805084305,0.127459966431735,28119,120038819.108686
None,none,1999-2020,21.2,WTMEC.COMBN,age+gender,employ_status,copd_pft,62995,226242205.604575,163,quasibinomial (logit),Part-time employed,0.106065743129146,0.101116912170153,0.295806806061945,-0.0921234047243536,0.304254890982645,1.92659805084305,0.127459966431735,6324,23443073.7774258
None,none,1999-2020,21.2,WTMEC.COMBN,age+gender,employ_status,copd_pft,62995,226242205.604575,163,quasibinomial (logit),Student,0.0430743483860802,0.372798914742064,0.90816136359015,-0.687611524508366,0.773760221280526,1.92659805084305,0.127459966431735,1801,4836746.06991785
None,none,1999-2020,21.2,WTMEC.COMBN,age+gender,employ_status,copd_pft,62995,226242205.604575,163,quasibinomial (logit),Unemployed,-0.134204391220212,0.0946058011060136,0.157995643714907,-0.319631761387999,0.0512229789475744,1.92659805084305,0.127459966431735,26751,77923566.6485459
None,none,2007-2012,6,WTMEC.COMBN,age+gender,employ_status,pft_lt07,14190,187509882.376109,49,quasibinomial (logit),Full-time employed (Intercept),-5.14601881195521,0.136956026261441,4.48417784992635e-35,-5.41445262342763,-4.87758500048278,0.692540544998874,0.561515177687536,6889,104704825.513874
None,none,2007-2012,6,WTMEC.COMBN,age+gender,employ_status,pft_lt07,14190,187509882.376109,49,quasibinomial (logit),Part-time employed,0.140113708880896,0.122526974947268,0.259000730054271,-0.10003916201575,0.380266579777542,0.692540544998874,0.561515177687536,1535,20800562.474203
None,none,2007-2012,6,WTMEC.COMBN,age+gender,employ_status,pft_lt07,14190,187509882.376109,49,quasibinomial (logit),Student,0.0701095180112155,0.407970546181135,0.864343845547057,-0.729512752503809,0.86973178852624,0.692540544998874,0.561515177687536,557,6087081.794494
None,none,2007-2012,6,WTMEC.COMBN,age+gender,employ_status,pft_lt07,14190,187509882.376109,49,quasibinomial (logit),Unemployed,0.121635996664305,0.0900773865539929,0.18380885057262,-0.0549156809815213,0.298187674310131,0.692540544998874,0.561515177687536,5209,55917412.5935387
None,none,1999-2020,21.2,WTMEC.COMBN,age+gender,employ_status,fib4,55481,212476513.458018,163,gaussian (identity),Full-time employed (Intercept),-0.307370457309163,0.0110282084129401,7.05303069108362e-63,-0.328985745798526,-0.2857551688198,73.0702971438111,1.0743853232661e-29,25130,113806068.766139
None,none,1999-2020,21.2,WTMEC.COMBN,age+gender,employ_status,fib4,55481,212476513.458018,163,gaussian (identity),Part-time employed,0.0611973804004862,0.00898750973856909,1.93678097535695e-10,0.0435818613128907,0.0788128994880816,73.0702971438111,1.0743853232661e-29,5686,22118175.7438601
None,none,1999-2020,21.2,WTMEC.COMBN,age+gender,employ_status,fib4,55481,212476513.458018,163,gaussian (identity),Student,0.109004937245683,0.00882517480541324,5.85769544459118e-25,0.0917075946270733,0.126302279864293,73.0702971438111,1.0743853232661e-29,1581,4373031.28903361
None,none,1999-2020,21.2,WTMEC.COMBN,age+gender,employ_status,fib4,55481,212476513.458018,163,gaussian (identity),Unemployed,0.105852547237203,0.00979435216559682,9.89506231632418e-21,0.086655616992633,0.125049477481772,73.0702971438111,1.0743853232661e-29,23084,72179237.6589851
None,none,1999-2020,21.2,WTMEC.COMBN,age+gender,employ_status,fib4_mod_vs_low,53568,207177328.621591,163,quasibinomial (logit),Full-time employed (Intercept),-5.56832393511248,0.0689675145356879,2.29441109330937e-130,-5.70350026360243,-5.43314760662253,26.5789461890499,5.67117642769405e-14,24902,113023218.811539
None,none,1999-2020,21.2,WTMEC.COMBN,age+gender,employ_status,fib4_mod_vs_low,53568,207177328.621591,163,quasibinomial (logit),Part-time employed,-0.156762647469849,0.0791048856531045,0.04924690995646,-0.311808223349934,-0.00171707158976406,26.5789461890499,5.67117642769405e-14,5570,21752192.2672
None,none,1999-2020,21.2,WTMEC.COMBN,age+gender,employ_status,fib4_mod_vs_low,53568,207177328.621591,163,quasibinomial (logit),Student,-1.27982577387394,0.337491507747911,0.000212166277220441,-1.94130912905985,-0.618342418688035,26.5789461890499,5.67117642769405e-14,1580,4370664.62604484
None,none,1999-2020,21.2,WTMEC.COMBN,age+gender,employ_status,fib4_mod_vs_low,53568,207177328.621591,163,quasibinomial (logit),Unemployed,-0.432126628818419,0.0527696297255543,8.34133079813093e-14,-0.535555103080505,-0.328698154556332,26.5789461890499,5.67117642769405e-14,21516,68031252.9168062
None,none,1999-2020,21.2,WTMEC.COMBN,age+gender,employ_status,fib4_high_vs_low,47474,183514937.103959,163,quasibinomial (logit),Full-time employed (Intercept),-9.90505478252049,0.202161551533244,1.8947079191161e-97,-10.3012914235256,-9.50881814151533,7.95383504709527,5.67107467703334e-05,22227,100857188.105867
None,none,1999-2020,21.2,WTMEC.COMBN,age+gender,employ_status,fib4_high_vs_low,47474,183514937.103959,163,quasibinomial (logit),Part-time employed,0.325801653956218,0.177271124774679,0.0679593398352017,-0.0216497506021532,0.673253058514588,7.95383504709527,5.67107467703334e-05,5067,19559218.2568841
None,none,1999-2020,21.2,WTMEC.COMBN,age+gender,employ_status,fib4_high_vs_low,47474,183514937.103959,163,quasibinomial (logit),Student,-0.822392550478524,0.969204743265277,0.397430440594133,-2.72203384727847,1.07724874632142,7.95383504709527,5.67107467703334e-05,1566,4333114.32025959
None,none,1999-2020,21.2,WTMEC.COMBN,age+gender,employ_status,fib4_high_vs_low,47474,183514937.103959,163,quasibinomial (logit),Unemployed,0.614426486255939,0.137402659197631,1.47499509696868e-05,0.345117274228582,0.883735698283296,7.95383504709527,5.67107467703334e-05,18614,58765416.4209475
None,none,1999-2020,21.2,WTMEC.COMBN,age+gender,employ_status,nfs,54524,209549155.160312,163,gaussian (identity),Full-time employed (Intercept),-4.76883553077968,0.0214785253429434,4.51113683387709e-199,-4.81093344045185,-4.72673762110751,27.35862187324,2.64099630560866e-14,24922,112960283.364187
None,none,1999-2020,21.2,WTMEC.COMBN,age+gender,employ_status,nfs,54524,209549155.160312,163,gaussian (identity),Part-time employed,0.0342395019456465,0.0204743945734295,0.0964426173176831,-0.00589031141827523,0.0743693153095683,27.35862187324,2.64099630560866e-14,5633,21944755.2752535
None,none,1999-2020,21.2,WTMEC.COMBN,age+gender,employ_status,nfs,54524,209549155.160312,163,gaussian (identity),Student,-0.016499917366497,0.0424072608900921,0.697739085324607,-0.0996181487110776,0.0666183139780835,27.35862187324,2.64099630560866e-14,1572,4353850.13426722
None,none,1999-2020,21.2,WTMEC.COMBN,age+gender,employ_status,nfs,54524,209549155.160312,163,gaussian (identity),Unemployed,0.150654742322615,0.0170242614298192,1.67861576213501e-15,0.117287189920169,0.18402229472506,27.35862187324,2.64099630560866e-14,22397,70290266.386604
None,none,1999-2020,21.2,WTMEC.COMBN,age+gender,employ_status,nfs_mod_vs_low,51387,200747658.986604,163,quasibinomial (logit),Full-time employed (Intercept),-5.41039882321204,0.0659226466403747,1.83046490098991e-131,-5.53960721062717,-5.2811904357969,14.2812082247426,2.790272474678e-08,24475,111240127.938141
None,none,1999-2020,21.2,WTMEC.COMBN,age+gender,employ_status,nfs_mod_vs_low,51387,200747658.986604,163,quasibinomial (logit),Part-time employed,0.0111664479688283,0.0582657918087202,0.848265012269781,-0.103034503976263,0.12536739991392,14.2812082247426,2.790272474678e-08,5437,21262173.7596518
None,none,1999-2020,21.2,WTMEC.COMBN,age+gender,employ_status,nfs_mod_vs_low,51387,200747658.986604,163,quasibinomial (logit),Student,-0.479921796248238,0.172178890084565,0.005966338975454,-0.817392420813985,-0.142451171682491,14.2812082247426,2.790272474678e-08,1568,4345217.25212288
None,none,1999-2020,21.2,WTMEC.COMBN,age+gender,employ_status,nfs_mod_vs_low,51387,200747658.986604,163,quasibinomial (logit),Unemployed,0.209167778416137,0.0378804960197199,1.35059223153172e-07,0.134922006217486,0.283413550614788,14.2812082247426,2.790272474678e-08,19907,63900140.0366887
None,none,1999-2020,21.2,WTMEC.COMBN,age+gender,employ_status,nfs_high_vs_low,38477,155882447.892254,163,quasibinomial (logit),Full-time employed (Intercept),-9.87034792586566,0.158257323002209,3.4143208416346e-113,-10.18053227895,-9.56016357278133,21.4143726260123,1.08348363816634e-11,19784,92135784.4323231
None,none,1999-2020,21.2,WTMEC.COMBN,age+gender,employ_status,nfs_high_vs_low,38477,155882447.892254,163,quasibinomial (logit),Part-time employed,0.376626276277994,0.135005658289354,0.00592502728973856,0.112015186030861,0.641237366525127,21.4143726260123,1.08348363816634e-11,4393,17279686.1257909
None,none,1999-2020,21.2,WTMEC.COMBN,age+gender,employ_status,nfs_high_vs_low,38477,155882447.892254,163,quasibinomial (logit),Student,-0.321457352356087,0.642574946056874,0.617585006115077,-1.58090424662756,0.937989541915387,21.4143726260123,1.08348363816634e-11,1516,4223314.00851201
None,none,1999-2020,21.2,WTMEC.COMBN,age+gender,employ_status,nfs_high_vs_low,38477,155882447.892254,163,quasibinomial (logit),Unemployed,0.705407184583402,0.0939670227851347,4.16053597119276e-12,0.521231819924538,0.889582549242267,21.4143726260123,1.08348363816634e-11,12784,42243663.3256275
None,none,2017-2020,3.2,WTMEC.COMBN,age+gender,employ_status,liver_cap_any,8094,226921811.833684,25,quasibinomial (logit),Full-time employed (Intercept),-0.933030601766597,0.141083825763678,1.93018214215171e-06,-1.20955490026341,-0.656506303269788,2.53616482541376,0.085747185473319,3867,123450978.231898
None,none,2017-2020,3.2,WTMEC.COMBN,age+gender,employ_status,liver_cap_any,8094,226921811.833684,25,quasibinomial (logit),Part-time employed,-0.200074822880577,0.119105813245345,0.108549284325045,-0.433522216841452,0.0333725710802986,2.53616482541376,0.085747185473319,861,25126417.634809
None,none,2017-2020,3.2,WTMEC.COMBN,age+gender,employ_status,liver_cap_any,8094,226921811.833684,25,quasibinomial (logit),Student,-0.477437277181741,0.27820734924543,0.101590568990299,-1.02272368170278,0.0678491273393021,2.53616482541376,0.085747185473319,168,3476633.303386
None,none,2017-2020,3.2,WTMEC.COMBN,age+gender,employ_status,liver_cap_any,8094,226921811.833684,25,quasibinomial (logit),Unemployed,-0.198101227943944,0.0946667770613277,0.0493404347355092,-0.383648110984146,-0.0125543449037412,2.53616482541376,0.085747185473319,3198,74867782.663591
None,none,2017-2020,3.2,WTMEC.COMBN,age+gender,employ_status,liver_cap_mod_sev,8094,226921811.833684,25,quasibinomial (logit),Full-time employed (Intercept),-1.37109540390265,0.136269187710935,2.85275565249284e-09,-1.63818301181608,-1.10400779598922,1.995259145552,0.147145913217828,3867,123450978.231898
None,none,2017-2020,3.2,WTMEC.COMBN,age+gender,employ_status,liver_cap_mod_sev,8094,226921811.833684,25,quasibinomial (logit),Part-time employed,-0.179157606185133,0.108219590887021,0.113430679989388,-0.391268004323695,0.0329527919534292,1.995259145552,0.147145913217828,861,25126417.634809
None,none,2017-2020,3.2,WTMEC.COMBN,age+gender,employ_status,liver_cap_mod_sev,8094,226921811.833684,25,quasibinomial (logit),Student,-0.598064710093468,0.299673599512215,0.0597645833336301,-1.18542496513741,-0.0107044550495263,1.995259145552,0.147145913217828,168,3476633.303386
None,none,2017-2020,3.2,WTMEC.COMBN,age+gender,employ_status,liver_cap_mod_sev,8094,226921811.833684,25,quasibinomial (logit),Unemployed,-0.075296604707241,0.0922191964840107,0.423835656963882,-0.256046229815902,0.10545302040142,1.995259145552,0.147145913217828,3198,74867782.663591
None,none,2005-2020,15.2,WTDR.COMBN,age+gender,educ_level,hei2015_total,35027,232054131.199827,119,gaussian (identity),College graduate or above (Intercept),49.8225378413813,0.433563152729047,6.9808243815293e-119,48.9727540620324,50.6723216207302,138.108216401838,1.49254499042979e-42,8012,69018861.0054116
None,none,2005-2020,15.2,WTDR.COMBN,age+gender,educ_level,hei2015_total,35027,232054131.199827,119,gaussian (identity),Some college or AA degree,-5.07521730771737,0.35812829661383,8.03237290870878e-27,-5.77714876908048,-4.37328584635427,138.108216401838,1.49254499042979e-42,10568,72807950.6362096
None,none,2005-2020,15.2,WTDR.COMBN,age+gender,educ_level,hei2015_total,35027,232054131.199827,119,gaussian (identity),HS graduate or GED,-7.44454040094662,0.375785883582766,1.475560401444e-38,-8.18108073276884,-6.7080000691244,138.108216401838,1.49254499042979e-42,8279,55262505.7142246
None,none,2005-2020,15.2,WTDR.COMBN,age+gender,educ_level,hei2015_total,35027,232054131.199827,119,gaussian (identity),9-11th grade,-7.83955789820698,0.358000461681966,1.82091986484444e-42,-8.54123880310364,-7.13787699331033,138.108216401838,1.49254499042979e-42,5077,24273857.3126432
None,none,2005-2020,15.2,WTDR.COMBN,age+gender,educ_level,hei2015_total,35027,232054131.199827,119,gaussian (identity),Less than 9th grade,-5.41686922659979,0.44412391601302,2.40796451623369e-22,-6.28735210198531,-4.54638635121428,138.108216401838,1.49254499042979e-42,3091,10690956.531338
None,none,2005-2020,15.2,WTDR.COMBN,age+gender,educ_level,ahei_total,34990,231808219.408551,119,gaussian (identity),College graduate or above (Intercept),43.6586034984854,0.357386165449744,7.35450190801428e-122,42.9581266142039,44.3590803827669,287.909460735281,2.86814647224005e-58,8005,68960097.9191022
None,none,2005-2020,15.2,WTDR.COMBN,age+gender,educ_level,ahei_total,34990,231808219.408551,119,gaussian (identity),Some college or AA degree,-4.85278566095042,0.28147674322412,2.02152694457212e-33,-5.4044800776697,-4.30109124423115,287.909460735281,2.86814647224005e-58,10559,72769653.0603813
None,none,2005-2020,15.2,WTDR.COMBN,age+gender,educ_level,ahei_total,34990,231808219.408551,119,gaussian (identity),HS graduate or GED,-7.35670615920333,0.250440441594932,9.96160823706032e-55,-7.84756942472939,-6.86584289367726,287.909460735281,2.86814647224005e-58,8265,55161187.6534815
None,none,2005-2020,15.2,WTDR.COMBN,age+gender,educ_level,ahei_total,34990,231808219.408551,119,gaussian (identity),9-11th grade,-7.99323850382554,0.28188299413123,3.34938983892223e-53,-8.54572917232275,-7.44074783532832,287.909460735281,2.86814647224005e-58,5072,24236226.104825
None,none,2005-2020,15.2,WTDR.COMBN,age+gender,educ_level,ahei_total,34990,231808219.408551,119,gaussian (identity),Less than 9th grade,-6.64943929558538,0.370660349560372,7.45962607625862e-35,-7.37593358072371,-5.92294501044705,287.909460735281,2.86814647224005e-58,3089,10681054.6707612
None,none,2005-2020,15.2,WTDR.COMBN,age+gender,educ_level,dii_total,34990,231808219.408551,119,gaussian (identity),College graduate or above (Intercept),2.22057205484671,0.0739964081783188,1.17026411645022e-55,2.0755390948172,2.36560501487621,181.649540684207,3.06871930371615e-48,8005,68960097.9191022
None,none,2005-2020,15.2,WTDR.COMBN,age+gender,educ_level,dii_total,34990,231808219.408551,119,gaussian (identity),Some college or AA degree,0.758131942580223,0.0478246349804533,1.69872732608199e-30,0.664395658018534,0.851868227141911,181.649540684207,3.06871930371615e-48,10559,72769653.0603813
None,none,2005-2020,15.2,WTDR.COMBN,age+gender,educ_level,dii_total,34990,231808219.408551,119,gaussian (identity),HS graduate or GED,1.20222857792911,0.0476350758501286,2.93846310843544e-48,1.10886382926286,1.29559332659536,181.649540684207,3.06871930371615e-48,8265,55161187.6534815
None,none,2005-2020,15.2,WTDR.COMBN,age+gender,educ_level,dii_total,34990,231808219.408551,119,gaussian (identity),9-11th grade,1.45369673378506,0.0690277772995164,6.34801276951035e-41,1.318402290278,1.58899117729211,181.649540684207,3.06871930371615e-48,5072,24236226.104825
None,none,2005-2020,15.2,WTDR.COMBN,age+gender,educ_level,dii_total,34990,231808219.408551,119,gaussian (identity),Less than 9th grade,1.44427153510439,0.0873882187617001,6.24678483482384e-32,1.27299062633145,1.61555244387732,181.649540684207,3.06871930371615e-48,3089,10681054.6707612
None,none,1999-2020,21.2,WTMEC.COMBN,age+gender,educ_level,dietsuppl_any,62454,224980993.117031,163,quasibinomial (logit),College graduate or above (Intercept),-1.88216617264871,0.0696366399109083,6.17438913718375e-61,-2.01865398687409,-1.74567835842333,113.517618670024,2.77484975501808e-45,12643,61076992.8132769
None,none,1999-2020,21.2,WTMEC.COMBN,age+gender,educ_level,dietsuppl_any,62454,224980993.117031,163,quasibinomial (logit),Some college or AA degree,-0.350083171886115,0.046860703297174,5.21247011695142e-12,-0.441930150348576,-0.258236193423654,113.517618670024,2.77484975501808e-45,17458,68800582.0424379
None,none,1999-2020,21.2,WTMEC.COMBN,age+gender,educ_level,dietsuppl_any,62454,224980993.117031,163,quasibinomial (logit),HS graduate or GED,-0.653649524200516,0.0510186923190067,3.53505961210703e-26,-0.753646161145769,-0.553652887255263,113.517618670024,2.77484975501808e-45,14923,55331322.5818383
None,none,1999-2020,21.2,WTMEC.COMBN,age+gender,educ_level,dietsuppl_any,62454,224980993.117031,163,quasibinomial (logit),9-11th grade,-0.993261817616175,0.0654944604148184,1.43781076006533e-32,-1.12163096002922,-0.864892675203131,113.517618670024,2.77484975501808e-45,10206,26612560.6364836
None,none,1999-2020,21.2,WTMEC.COMBN,age+gender,educ_level,dietsuppl_any,62454,224980993.117031,163,quasibinomial (logit),Less than 9th grade,-1.41733414130641,0.0736554487823654,3.7716954113273e-43,-1.56169882091984,-1.27296946169297,113.517618670024,2.77484975501808e-45,7224,13159535.042994
None,none,2007-2020,13.2,WTMEC.COMBN,age+gender,educ_level,dietsuppl_num,35065,218365055.785095,104,gaussian (identity),College graduate or above (Intercept),-0.0812139342049594,0.0497264826179862,0.105633128469372,-0.178677840136212,0.0162499717262936,142.019470728958,7.05831072649196e-40,7881,64272682.8755729
None,none,2007-2020,13.2,WTMEC.COMBN,age+gender,educ_level,dietsuppl_num,35065,218365055.785095,104,gaussian (identity),Some college or AA degree,-0.345597088852169,0.053628989967806,4.36853745146804e-09,-0.450709909189068,-0.240484268515269,142.019470728958,7.05831072649196e-40,10489,68154086.7292673
None,none,2007-2020,13.2,WTMEC.COMBN,age+gender,educ_level,dietsuppl_num,35065,218365055.785095,104,gaussian (identity),HS graduate or GED,-0.592354075469199,0.0516745759027823,8.38790199962522e-20,-0.693636244238653,-0.491071906699746,142.019470728958,7.05831072649196e-40,8245,51999674.6091815
None,none,2007-2020,13.2,WTMEC.COMBN,age+gender,educ_level,dietsuppl_num,35065,218365055.785095,104,gaussian (identity),9-11th grade,-0.835456668192132,0.0543506980955859,7.36335478990205e-28,-0.941984036459481,-0.728929299924784,142.019470728958,7.05831072649196e-40,5145,23270517.0702342
None,none,2007-2020,13.2,WTMEC.COMBN,age+gender,educ_level,dietsuppl_num,35065,218365055.785095,104,gaussian (identity),Less than 9th grade,-1.22956376992794,0.0633181984126789,2.30314924506432e-35,-1.35366743881679,-1.10546010103909,142.019470728958,7.05831072649196e-40,3305,10668094.5008389
None,none,1999-2020,21.2,WTMEC.COMBN,age+gender,educ_level,addsalt_prep_often,61494,222076394.282251,163,quasibinomial (logit),College graduate or above (Intercept),0.683982624971366,0.0491460370797471,3.39937157806079e-29,0.587656392295062,0.780308857647671,9.39559855769587,7.79801624714678e-07,12502,60530785.9342279
None,none,1999-2020,21.2,WTMEC.COMBN,age+gender,educ_level,addsalt_prep_often,61494,222076394.282251,163,quasibinomial (logit),Some college or AA degree,-0.0907243561002028,0.0429897336153437,0.0364112108932576,-0.174984233986276,-0.00646447821412922,9.39559855769587,7.79801624714678e-07,17250,68016729.8224095
None,none,1999-2020,21.2,WTMEC.COMBN,age+gender,educ_level,addsalt_prep_often,61494,222076394.282251,163,quasibinomial (logit),HS graduate or GED,-0.191061822710961,0.0520994142930134,0.000335158973039382,-0.293176674725267,-0.0889469706966546,9.39559855769587,7.79801624714678e-07,14686,54553340.6748739
None,none,1999-2020,21.2,WTMEC.COMBN,age+gender,educ_level,addsalt_prep_often,61494,222076394.282251,163,quasibinomial (logit),9-11th grade,-0.300755128453762,0.0529379930779763,6.32358689929618e-08,-0.404513594886596,-0.196996662020928,9.39559855769587,7.79801624714678e-07,10058,26243385.1349674
None,none,1999-2020,21.2,WTMEC.COMBN,age+gender,educ_level,addsalt_prep_often,61494,222076394.282251,163,quasibinomial (logit),Less than 9th grade,-0.251803914010629,0.0625778397868478,8.87941590443724e-05,-0.37445647999285,-0.129151348028407,9.39559855769587,7.79801624714678e-07,6998,12732152.7157726
None,none,1999-2020,21.2,WTMEC.COMBN,age+gender,educ_level,addsalt_table_often,62399,224834627.025144,163,quasibinomial (logit),College graduate or above (Intercept),-0.741704362432946,0.0415002784003205,1.1087123560568e-39,-0.823044908097574,-0.660363816768318,21.6770329086599,2.95232039124288e-14,12638,61049464.3689167
None,none,1999-2020,21.2,WTMEC.COMBN,age+gender,educ_level,addsalt_table_often,62399,224834627.025144,163,quasibinomial (logit),Some college or AA degree,0.0978358828622613,0.0358469760819003,0.00707225454352375,0.0275758097417366,0.168095955982786,21.6770329086599,2.95232039124288e-14,17449,68774465.9993704
None,none,1999-2020,21.2,WTMEC.COMBN,age+gender,educ_level,addsalt_table_often,62399,224834627.025144,163,quasibinomial (logit),HS graduate or GED,0.138245136778069,0.042937414809947,0.00155965757849714,0.0540878037505726,0.222402469805565,21.6770329086599,2.95232039124288e-14,14916,55291745.5209795
None,none,1999-2020,21.2,WTMEC.COMBN,age+gender,educ_level,addsalt_table_often,62399,224834627.025144,163,quasibinomial (logit),9-11th grade,0.0261385723329288,0.0441867975675421,0.555004694865224,-0.0604675508994538,0.112744695565311,21.6770329086599,2.95232039124288e-14,10200,26600476.6395503
None,none,1999-2020,21.2,WTMEC.COMBN,age+gender,educ_level,addsalt_table_often,62399,224834627.025144,163,quasibinomial (logit),Less than 9th grade,-0.259221527647292,0.047204441103012,1.57247831614448e-07,-0.351742232209196,-0.166700823085389,21.6770329086599,2.95232039124288e-14,7196,13118474.4963272
None,none,2005-2020,15.2,WTDR.COMBN,age+gender,inc_to_pov,hei2015_total,32381,217442487.959981,119,gaussian (identity),inc_to_pov,1.22880842453188,0.0810331899792053,2.69815004969029e-29,1.06998337217264,1.38763347689112,,,32381,217442487.959981
None,none,2005-2020,15.2,WTDR.COMBN,age+gender,inc_to_pov,ahei_total,32348,217226583.528797,119,gaussian (identity),inc_to_pov,1.30568567791015,0.0682707944501698,1.15165018469505e-37,1.17187492078781,1.43949643503248,,,32348,217226583.528797
None,none,2005-2020,15.2,WTDR.COMBN,age+gender,inc_to_pov,dii_total,32348,217226583.528797,119,gaussian (identity),inc_to_pov,-0.230304260464113,0.0146973235647339,2.0718583428354e-30,-0.259111014650991,-0.201497506277235,,,32348,217226583.528797
None,none,1999-2020,21.2,WTMEC.COMBN,age+gender,inc_to_pov,dietsuppl_any,56637,208555160.070052,163,quasibinomial (logit),inc_to_pov,0.168625656451331,0.0134226911993488,1.26879670881715e-25,0.142317181700607,0.194934131202054,,,56637,208555160.070052
None,none,2007-2020,13.2,WTMEC.COMBN,age+gender,inc_to_pov,dietsuppl_num,32091,202979448.291745,104,gaussian (identity),inc_to_pov,0.168458605733308,0.0129536376154625,2.64401035300825e-23,0.143069476007002,0.193847735459615,,,32091,202979448.291745
None,none,1999-2020,21.2,WTMEC.COMBN,age+gender,inc_to_pov,addsalt_prep_often,55793,205943196.01038,163,quasibinomial (logit),inc_to_pov,0.0463032616484819,0.0130155440514719,0.000492811647615858,0.020792795307597,0.0718137279893669,,,55793,205943196.01038
None,none,1999-2020,21.2,WTMEC.COMBN,age+gender,inc_to_pov,addsalt_table_often,56587,208421964.032425,163,quasibinomial (logit),inc_to_pov,0.0191954005700799,0.00996577842460111,0.0558608161592124,-0.000337525142138268,0.0387283262822981,,,56587,208421964.032425
None,none,2005-2020,15.2,WTDR.COMBN,age+gender,inc_to_pov_level,hei2015_total,32381,217442487.959981,119,gaussian (identity),High income (Intercept),48.1280909694531,0.477563221081018,4.95124260166612e-114,47.1920670561343,49.0641148827719,100.918743418271,4.92066310663315e-26,8334,80140622.7916189
None,none,2005-2020,15.2,WTDR.COMBN,age+gender,inc_to_pov_level,hei2015_total,32381,217442487.959981,119,gaussian (identity),Middle income,-3.45155499411728,0.314828625341573,1.39991241402247e-19,-4.06861909978676,-2.8344908884478,100.918743418271,4.92066310663315e-26,17185,106074830.055652
None,none,2005-2020,15.2,WTDR.COMBN,age+gender,inc_to_pov_level,hei2015_total,32381,217442487.959981,119,gaussian (identity),Low income,-5.03249485329081,0.355502082135265,5.93151521667064e-27,-5.72927893427593,-4.33571077230569,100.918743418271,4.92066310663315e-26,6862,31227035.1127093
None,none,2005-2020,15.2,WTDR.COMBN,age+gender,inc_to_pov_level,ahei_total,32348,217226583.528797,119,gaussian (identity),High income (Intercept),42.2094551904834,0.400432042736603,2.98219143393792e-116,41.4246083867196,42.9943019942471,161.148743508879,4.42027589253793e-34,8327,80108001.1815433
None,none,2005-2020,15.2,WTDR.COMBN,age+gender,inc_to_pov_level,ahei_total,32348,217226583.528797,119,gaussian (identity),Middle income,-3.62629369446552,0.272050518170224,4.46262327447231e-25,-4.15951271007916,-3.09307467885188,161.148743508879,4.42027589253793e-34,17168,105975911.221283
None,none,2005-2020,15.2,WTDR.COMBN,age+gender,inc_to_pov_level,ahei_total,32348,217226583.528797,119,gaussian (identity),Low income,-5.35999109676015,0.300870199014004,7.32356534134729e-35,-5.9496966868276,-4.77028550669271,161.148743508879,4.42027589253793e-34,6853,31142671.1259713
None,none,2005-2020,15.2,WTDR.COMBN,age+gender,inc_to_pov_level,dii_total,32348,217226583.528797,119,gaussian (identity),High income (Intercept),2.44233140045981,0.0817048428212003,4.72337100674292e-56,2.28218990853026,2.60247289238936,105.648582448837,9.06485894400216e-27,8327,80108001.1815433
None,none,2005-2020,15.2,WTDR.COMBN,age+gender,inc_to_pov_level,dii_total,32348,217226583.528797,119,gaussian (identity),Middle income,0.607829486024644,0.0515241063189355,1.56313282496446e-21,0.50684223763953,0.708816734409757,105.648582448837,9.06485894400216e-27,17168,105975911.221283
None,none,2005-2020,15.2,WTDR.COMBN,age+gender,inc_to_pov_level,dii_total,32348,217226583.528797,119,gaussian (identity),Low income,0.964382934168947,0.0694438224654755,2.39996302515816e-26,0.828273042136615,1.10049282620128,105.648582448837,9.06485894400216e-27,6853,31142671.1259713
None,none,1999-2020,21.2,WTMEC.COMBN,age+gender,inc_to_pov_level,dietsuppl_any,56637,208555160.070052,163,quasibinomial (logit),High income (Intercept),-1.85470843658882,0.0662794300824413,2.58264283214597e-63,-1.9846161195504,-1.72480075362724,76.8894135410268,4.36216731954299e-24,14227,74884606.5944645
None,none,1999-2020,21.2,WTMEC.COMBN,age+gender,inc_to_pov_level,dietsuppl_any,56637,208555160.070052,163,quasibinomial (logit),Middle income,-0.385050654683499,0.0442588316318604,3.95924900248639e-15,-0.471797964681946,-0.298303344685053,76.8894135410268,4.36216731954299e-24,30021,103031702.475711
None,none,1999-2020,21.2,WTMEC.COMBN,age+gender,inc_to_pov_level,dietsuppl_any,56637,208555160.070052,163,quasibinomial (logit),Low income,-0.761146982174197,0.0623489798598287,1.32779904758895e-24,-0.883350982699461,-0.638942981648933,76.8894135410268,4.36216731954299e-24,12389,30638850.9998763
None,none,2007-2020,13.2,WTMEC.COMBN,age+gender,inc_to_pov_level,dietsuppl_num,32091,202979448.291745,104,gaussian (identity),High income (Intercept),-0.0302895101985687,0.0525180290444867,0.565407765259714,-0.133224847125763,0.0726458267286251,120.208748077467,2.50845518826237e-27,8041,74659797.2765685
None,none,2007-2020,13.2,WTMEC.COMBN,age+gender,inc_to_pov_level,dietsuppl_num,32091,202979448.291745,104,gaussian (identity),Middle income,-0.401193781532173,0.0564512733892949,1.78607430963257e-10,-0.511838277375191,-0.290549285689155,120.208748077467,2.50845518826237e-27,16892,98394823.5990478
None,none,2007-2020,13.2,WTMEC.COMBN,age+gender,inc_to_pov_level,dietsuppl_num,32091,202979448.291745,104,gaussian (identity),Low income,-0.757958916664181,0.0540422506900996,2.35193118667167e-25,-0.863881728016776,-0.652036105311586,120.208748077467,2.50845518826237e-27,7158,29924827.4161289
None,none,1999-2020,21.2,WTMEC.COMBN,age+gender,inc_to_pov_level,addsalt_prep_often,55793,205943196.01038,163,quasibinomial (logit),High income (Intercept),0.681654166789554,0.0513460012169596,1.52274438137689e-27,0.581016004404314,0.782292329174795,4.98852155154766,0.00792079439325257,14080,74234547.1606694
None,none,1999-2020,21.2,WTMEC.COMBN,age+gender,inc_to_pov_level,addsalt_prep_often,55793,205943196.01038,163,quasibinomial (logit),Middle income,-0.0915631826378541,0.039937530802682,0.0231784105580267,-0.169840743011111,-0.0132856222645973,4.98852155154766,0.00792079439325257,29535,101547023.057552
None,none,1999-2020,21.2,WTMEC.COMBN,age+gender,inc_to_pov_level,addsalt_prep_often,55793,205943196.01038,163,quasibinomial (logit),Low income,-0.18028173438771,0.0571005563589115,0.00190578635664652,-0.292198824851176,-0.0683646439242434,4.98852155154766,0.00792079439325257,12178,30161625.7921588
None,none,1999-2020,21.2,WTMEC.COMBN,age+gender,inc_to_pov_level,addsalt_table_often,56587,208421964.032425,163,quasibinomial (logit),High income (Intercept),-0.620349839725192,0.0434143797339075,2.54233033294988e-30,-0.705442024003651,-0.535257655446733,1.64892216810245,0.195527406199867,14222,74856635.9789483
None,none,1999-2020,21.2,WTMEC.COMBN,age+gender,inc_to_pov_level,addsalt_table_often,56587,208421964.032425,163,quasibinomial (logit),Middle income,-0.0511542498278733,0.0364034075193133,0.161911150490291,-0.122504928565727,0.0201964289099807,1.64892216810245,0.195527406199867,30000,102990741.796561
None,none,1999-2020,21.2,WTMEC.COMBN,age+gender,inc_to_pov_level,addsalt_table_often,56587,208421964.032425,163,quasibinomial (logit),Low income,-0.0775987185778721,0.0436107642066213,0.07709314686263,-0.16307581642285,0.00787837926710563,1.64892216810245,0.195527406199867,12365,30574586.2569152
None,none,2005-2020,15.2,WTDR.COMBN,age+gender,employ_status,hei2015_total,35362,233642011.808295,119,gaussian (identity),Full-time employed (Intercept),44.8533698571774,0.415615889931593,1.26861923512163e-116,44.0387627129114,45.6679770014433,22.8307389953049,1.20000805482646e-11,15728,116933113.860281
None,none,2005-2020,15.2,WTDR.COMBN,age+gender,employ_status,hei2015_total,35362,233642011.808295,119,gaussian (identity),Part-time employed,-0.348872404740202,0.352253457447775,0.324075334115617,-1.03928918133784,0.341544371857437,22.8307389953049,1.20000805482646e-11,3765,27045082.9485542
None,none,2005-2020,15.2,WTDR.COMBN,age+gender,employ_status,hei2015_total,35362,233642011.808295,119,gaussian (identity),Student,0.407766290246301,0.557521282797567,0.466040834988545,-0.684975424036931,1.50050800452953,22.8307389953049,1.20000805482646e-11,1017,5382736.56479429
None,none,2005-2020,15.2,WTDR.COMBN,age+gender,employ_status,hei2015_total,35362,233642011.808295,119,gaussian (identity),Unemployed,-2.0496711548202,0.26076483157721,2.35938684583912e-12,-2.56077022471153,-1.53857208492887,22.8307389953049,1.20000805482646e-11,14852,84281078.4346652
None,none,2005-2020,15.2,WTDR.COMBN,age+gender,employ_status,ahei_total,35325,233396100.017019,119,gaussian (identity),Full-time employed (Intercept),38.8396885141945,0.370642445553425,3.51641232737155e-115,38.1132293209098,39.5661477074792,46.5378629026469,1.02891463506585e-19,15714,116802022.025184
None,none,2005-2020,15.2,WTDR.COMBN,age+gender,employ_status,ahei_total,35325,233396100.017019,119,gaussian (identity),Part-time employed,-0.32231684384236,0.286728969339822,0.263324965060091,-0.88430562374841,0.23967193606369,46.5378629026469,1.02891463506585e-19,3760,27019769.3471018
None,none,2005-2020,15.2,WTDR.COMBN,age+gender,employ_status,ahei_total,35325,233396100.017019,119,gaussian (identity),Student,-0.619243719608741,0.459441539949325,0.180389149515972,-1.51974913790942,0.281261698691937,46.5378629026469,1.02891463506585e-19,1017,5382736.56479429
None,none,2005-2020,15.2,WTDR.COMBN,age+gender,employ_status,ahei_total,35325,233396100.017019,119,gaussian (identity),Unemployed,-2.58426216461655,0.227897954237718,2.05771113095011e-20,-3.03094215492248,-2.13758217431062,46.5378629026469,1.02891463506585e-19,14834,84191572.079939
None,none,2005-2020,15.2,WTDR.COMBN,age+gender,employ_status,dii_total,35325,233396100.017019,119,gaussian (identity),Full-time employed (Intercept),3.00492618690303,0.0752637102003419,7.56148633987306e-69,2.85740931491036,3.1524430588957,43.8714852397389,6.3105682549913e-19,15714,116802022.025184
None,none,2005-2020,15.2,WTDR.COMBN,age+gender,employ_status,dii_total,35325,233396100.017019,119,gaussian (identity),Part-time employed,0.0888350817484492,0.0599926773936829,0.141427656343293,-0.0287505659431693,0.206420729440068,43.8714852397389,6.3105682549913e-19,3760,27019769.3471018
None,none,2005-2020,15.2,WTDR.COMBN,age+gender,employ_status,dii_total,35325,233396100.017019,119,gaussian (identity),Student,0.22251481263462,0.125363298266653,0.0785734280793989,-0.0231972519680199,0.46822687723726,43.8714852397389,6.3105682549913e-19,1017,5382736.56479429
None,none,2005-2020,15.2,WTDR.COMBN,age+gender,employ_status,dii_total,35325,233396100.017019,119,gaussian (identity),Unemployed,0.50098054645786,0.0456580769556871,1.48015487826153e-19,0.411490715624713,0.590470377291007,43.8714852397389,6.3105682549913e-19,14834,84191572.079939
None,none,1999-2020,21.2,WTMEC.COMBN,age+gender,employ_status,dietsuppl_any,62995,226242205.604575,163,quasibinomial (logit),Full-time employed (Intercept),-2.27420924705199,0.0583247477559288,5.62958843852747e-83,-2.38852575265361,-2.15989274145037,11.206631222199,1.04410066707489e-06,28119,120038819.108686
None,none,1999-2020,21.2,WTMEC.COMBN,age+gender,employ_status,dietsuppl_any,62995,226242205.604575,163,quasibinomial (logit),Part-time employed,0.132745433265122,0.0420978817057001,0.0019326863237709,0.0502335851219501,0.215257281408295,11.206631222199,1.04410066707489e-06,6324,23443073.7774258
None,none,1999-2020,21.2,WTMEC.COMBN,age+gender,employ_status,dietsuppl_any,62995,226242205.604575,163,quasibinomial (logit),Student,0.200051039905707,0.0942509092291973,0.0353512793482086,0.0153192578164802,0.384782821994934,11.206631222199,1.04410066707489e-06,1801,4836746.06991785
None,none,1999-2020,21.2,WTMEC.COMBN,age+gender,employ_status,dietsuppl_any,62995,226242205.604575,163,quasibinomial (logit),Unemployed,-0.157598459735125,0.0397427476040647,0.000110764893015156,-0.235494245039092,-0.0797026744311585,11.206631222199,1.04410066707489e-06,26751,77923566.6485459
None,none,2007-2020,13.2,WTMEC.COMBN,age+gender,employ_status,dietsuppl_num,35466,220073362.235452,104,gaussian (identity),Full-time employed (Intercept),-0.505699576963951,0.0462172346242358,9.76275722243983e-19,-0.596285356827453,-0.415113797100449,11.1846451454615,2.1998167307521e-06,15934,114918726.349501
None,none,2007-2020,13.2,WTMEC.COMBN,age+gender,employ_status,dietsuppl_num,35466,220073362.235452,104,gaussian (identity),Part-time employed,0.162617134642827,0.0448909582666775,0.000462457499449933,0.0746308564401393,0.250603412845515,11.1846451454615,2.1998167307521e-06,3704,23746758.6537571
None,none,2007-2020,13.2,WTMEC.COMBN,age+gender,employ_status,dietsuppl_num,35466,220073362.235452,104,gaussian (identity),Student,0.224728274813443,0.0499841448540387,1.8841463127886e-05,0.126759350899527,0.322697198727359,11.1846451454615,2.1998167307521e-06,1016,4952602.49197476
None,none,2007-2020,13.2,WTMEC.COMBN,age+gender,employ_status,dietsuppl_num,35466,220073362.235452,104,gaussian (identity),Unemployed,-0.042220387916617,0.0459194417759723,0.360097863929882,-0.132222493797523,0.0477817179642888,11.1846451454615,2.1998167307521e-06,14812,76455274.7402194
None,none,1999-2020,21.2,WTMEC.COMBN,age+gender,employ_status,addsalt_prep_often,62023,223314057.989312,163,quasibinomial (logit),Full-time employed (Intercept),0.561764761720761,0.0417618637756432,5.61648447387352e-28,0.4799115087205,0.643618014721021,3.72619427800488,0.0126538541728521,27809,118806503.407525
None,none,1999-2020,21.2,WTMEC.COMBN,age+gender,employ_status,addsalt_prep_often,62023,223314057.989312,163,quasibinomial (logit),Part-time employed,0.0353108478043987,0.0418212718066043,0.399763052551105,-0.0466588449365457,0.117280540545343,3.72619427800488,0.0126538541728521,6265,23288860.1519296
None,none,1999-2020,21.2,WTMEC.COMBN,age+gender,employ_status,addsalt_prep_often,62023,223314057.989312,163,quasibinomial (logit),Student,-0.0190982122055098,0.0888104295714946,0.830009790340449,-0.193166654165639,0.15497022975462,3.72619427800488,0.0126538541728521,1777,4787757.81423266
None,none,1999-2020,21.2,WTMEC.COMBN,age+gender,employ_status,addsalt_prep_often,62023,223314057.989312,163,quasibinomial (logit),Unemployed,-0.0889704310994943,0.0296350874870153,0.0031165850372191,-0.147055202574044,-0.0308856596249443,3.72619427800488,0.0126538541728521,26172,76430936.6156247
None,none,1999-2020,21.2,WTMEC.COMBN,age+gender,employ_status,addsalt_table_often,62938,226092096.864258,163,quasibinomial (logit),Full-time employed (Intercept),-0.660006963352551,0.0372221957616445,2.05049229396721e-39,-0.732962467045374,-0.587051459659727,1.07382893976891,0.361929916268257,28106,120001446.274163
None,none,1999-2020,21.2,WTMEC.COMBN,age+gender,employ_status,addsalt_table_often,62938,226092096.864258,163,quasibinomial (logit),Part-time employed,-0.0144836093773708,0.0427846611908455,0.735418223815348,-0.0983415453114279,0.0693743265566864,1.07382893976891,0.361929916268257,6322,23439701.8419817
None,none,1999-2020,21.2,WTMEC.COMBN,age+gender,employ_status,addsalt_table_often,62938,226092096.864258,163,quasibinomial (logit),Student,-0.0724037293126157,0.0875174572106476,0.409311307988926,-0.243937945445485,0.0991304868202536,1.07382893976891,0.361929916268257,1800,4831352.21948908
None,none,1999-2020,21.2,WTMEC.COMBN,age+gender,employ_status,addsalt_table_often,62938,226092096.864258,163,quasibinomial (logit),Unemployed,-0.0454042137767958,0.0284306662544302,0.112260346388802,-0.101128319635479,0.0103198920818874,1.07382893976891,0.361929916268257,26710,77819596.528624
None,none,2013-2014,2,WTMEC.COMBN,age+gender,educ_level,taste_mouth_quinine_glms,3113,129382158.384702,15,gaussian (identity),College graduate or above (Intercept),61.1029823919434,2.25419486483972,6.13197426864146e-10,56.6847604568576,65.5212043270293,9.17077941497034,0.00308472932529833,844,42919250.444194
None,none,2013-2014,2,WTMEC.COMBN,age+gender,educ_level,taste_mouth_quinine_glms,3113,129382158.384702,15,gaussian (identity),Some college or AA degree,4.28933570549458,1.58422989646497,0.0240951042633579,1.18424510842324,7.39442630256592,9.17077941497034,0.00308472932529833,917,40215127.924752
None,none,2013-2014,2,WTMEC.COMBN,age+gender,educ_level,taste_mouth_quinine_glms,3113,129382158.384702,15,gaussian (identity),HS graduate or GED,5.6380188622658,1.72441403424748,0.00969003506287256,2.25816735514073,9.01787036939086,9.17077941497034,0.00308472932529833,711,28234681.68382
None,none,2013-2014,2,WTMEC.COMBN,age+gender,educ_level,taste_mouth_quinine_glms,3113,129382158.384702,15,gaussian (identity),9-11th grade,7.72855286116079,1.67911724196943,0.0012854891712421,4.4374830669007,11.0196226554209,9.17077941497034,0.00308472932529833,414,12996030.160213
None,none,2013-2014,2,WTMEC.COMBN,age+gender,educ_level,taste_mouth_quinine_glms,3113,129382158.384702,15,gaussian (identity),Less than 9th grade,6.20430188336993,1.91901430433838,0.0102720626284637,2.44303384686672,9.96556991987315,9.17077941497034,0.00308472932529833,227,5017068.171723
None,none,2013-2014,2,WTMEC.COMBN,age+gender,educ_level,taste_mouth_nacl_1M_glms,3216,132557140.667607,15,gaussian (identity),College graduate or above (Intercept),53.2849211241808,2.1277091920292,1.23972553684518e-09,49.1146111078036,57.4552311405581,8.73901540162414,0.00364117810467117,864,43617579.344721
None,none,2013-2014,2,WTMEC.COMBN,age+gender,educ_level,taste_mouth_nacl_1M_glms,3216,132557140.667607,15,gaussian (identity),Some college or AA degree,2.92254657922042,1.17039889896313,0.0340260315169848,0.62856473725269,5.21652842118815,8.73901540162414,0.00364117810467117,947,41032588.775465
None,none,2013-2014,2,WTMEC.COMBN,age+gender,educ_level,taste_mouth_nacl_1M_glms,3216,132557140.667607,15,gaussian (identity),HS graduate or GED,3.70398019299187,1.18829657646912,0.0123773432837216,1.3749189031124,6.03304148287134,8.73901540162414,0.00364117810467117,736,29133013.967031
None,none,2013-2014,2,WTMEC.COMBN,age+gender,educ_level,taste_mouth_nacl_1M_glms,3216,132557140.667607,15,gaussian (identity),9-11th grade,6.65034978949109,1.65539169501137,0.00302996013436708,3.4057820672688,9.89491751171338,8.73901540162414,0.00364117810467117,428,13341683.826065
None,none,2013-2014,2,WTMEC.COMBN,age+gender,educ_level,taste_mouth_nacl_1M_glms,3216,132557140.667607,15,gaussian (identity),Less than 9th grade,5.59405686836252,1.38770167462475,0.00296775939353976,2.87416158609801,8.31395215062704,8.73901540162414,0.00364117810467117,241,5432274.754325
None,none,2013-2014,2,WTMEC.COMBN,age+gender,educ_level,taste_mouth_nacl_320mM_glms,3217,132549730.390495,15,gaussian (identity),College graduate or above (Intercept),34.1148018688077,2.32065246361983,1.34388833016342e-07,29.5663230401128,38.6632806975026,15.1653137987087,0.000492576063426515,866,43672170.224608
None,none,2013-2014,2,WTMEC.COMBN,age+gender,educ_level,taste_mouth_nacl_320mM_glms,3217,132549730.390495,15,gaussian (identity),Some college or AA degree,0.997789895811655,1.01417472027357,0.350899853445505,-0.989992555924534,2.98557234754784,15.1653137987087,0.000492576063426515,947,41037986.261715
None,none,2013-2014,2,WTMEC.COMBN,age+gender,educ_level,taste_mouth_nacl_320mM_glms,3217,132549730.390495,15,gaussian (identity),HS graduate or GED,3.3794233400534,1.29152111120071,0.0279653890481973,0.848041962100018,5.91080471800678,15.1653137987087,0.000492576063426515,735,29065615.323782
None,none,2013-2014,2,WTMEC.COMBN,age+gender,educ_level,taste_mouth_nacl_320mM_glms,3217,132549730.390495,15,gaussian (identity),9-11th grade,7.18148332485347,0.948812429430567,3.43600230893567e-05,5.32181096316956,9.04115568653738,15.1653137987087,0.000492576063426515,428,13341683.826065
None,none,2013-2014,2,WTMEC.COMBN,age+gender,educ_level,taste_mouth_nacl_320mM_glms,3217,132549730.390495,15,gaussian (identity),Less than 9th grade,4.79569220975405,1.53864483241763,0.01238176808297,1.7799483382155,7.8114360812926,15.1653137987087,0.000492576063426515,241,5432274.754325
None,none,2013-2014,2,WTMEC.COMBN,age+gender,educ_level,smell_pst_total,3516,140497093.142155,15,gaussian (identity),College graduate or above (Intercept),7.45996826210217,0.14183237211683,1.63096867611809e-12,7.18197681275318,7.73795971145115,14.1604188044721,0.000638955779300436,912,45244491.713396
None,none,2013-2014,2,WTMEC.COMBN,age+gender,educ_level,smell_pst_total,3516,140497093.142155,15,gaussian (identity),Some college or AA degree,-0.057051946741589,0.0633950865164827,0.39159420810114,-0.181306316313895,0.0672024228307171,14.1604188044721,0.000638955779300436,1000,42885208.421804
None,none,2013-2014,2,WTMEC.COMBN,age+gender,educ_level,smell_pst_total,3516,140497093.142155,15,gaussian (identity),HS graduate or GED,-0.128345571007718,0.0600099100666251,0.0611464509946351,-0.245964994738303,-0.0107261472771327,14.1604188044721,0.000638955779300436,791,30773169.333803
None,none,2013-2014,2,WTMEC.COMBN,age+gender,educ_level,smell_pst_total,3516,140497093.142155,15,gaussian (identity),9-11th grade,-0.328907406199202,0.124178026565058,0.026533702585797,-0.572296338266715,-0.0855184741316885,14.1604188044721,0.000638955779300436,476,14362203.179319
None,none,2013-2014,2,WTMEC.COMBN,age+gender,educ_level,smell_pst_total,3516,140497093.142155,15,gaussian (identity),Less than 9th grade,-0.716540147970291,0.10400989798615,7.15302262028635e-05,-0.920399548023145,-0.512680747917437,14.1604188044721,0.000638955779300436,337,7232020.493833
None,none,2013-2014,2,WTMEC.COMBN,age+gender,educ_level,smell_dysfun_any,3507,140289638.616884,15,quasibinomial (logit),College graduate or above (Intercept),-3.37502721763978,0.306924882875962,1.61455014903443e-06,-3.97659998807667,-2.7734544472029,15.5469615472658,0.000447926993201881,909,45141807.878528
None,none,2013-2014,2,WTMEC.COMBN,age+gender,educ_level,smell_dysfun_any,3507,140289638.616884,15,quasibinomial (logit),Some college or AA degree,0.127368532579977,0.111937144195479,0.284563597096895,-0.0920282700431619,0.346765335203116,15.5469615472658,0.000447926993201881,998,42825962.967619
None,none,2013-2014,2,WTMEC.COMBN,age+gender,educ_level,smell_dysfun_any,3507,140289638.616884,15,quasibinomial (logit),HS graduate or GED,0.296292598371681,0.112970468208006,0.0276860947601184,0.0748704806839886,0.517714716059374,15.5469615472658,0.000447926993201881,791,30773169.333803
None,none,2013-2014,2,WTMEC.COMBN,age+gender,educ_level,smell_dysfun_any,3507,140289638.616884,15,quasibinomial (logit),9-11th grade,0.588881498903903,0.197276568836811,0.0153233530364102,0.202219423983755,0.975543573824052,15.5469615472658,0.000447926993201881,474,14339958.918666
None,none,2013-2014,2,WTMEC.COMBN,age+gender,educ_level,smell_dysfun_any,3507,140289638.616884,15,quasibinomial (logit),Less than 9th grade,1.22437473297741,0.185367397914885,9.86918338491516e-05,0.861054633064234,1.58769483289058,15.5469615472658,0.000447926993201881,335,7208739.518268
None,none,2013-2014,2,WTMEC.COMBN,age+gender,educ_level,smell_dysfun_severe,3516,140497093.142155,15,quasibinomial (logit),College graduate or above (Intercept),-8.74227299309811,0.68010929295742,4.27755028139798e-07,-10.0752872072947,-7.40925877890157,12.229210723655,0.00110350892378512,912,45244491.713396
None,none,2013-2014,2,WTMEC.COMBN,age+gender,educ_level,smell_dysfun_severe,3516,140497093.142155,15,quasibinomial (logit),Some college or AA degree,0.14018371758712,0.202200115200373,0.505622620282383,-0.256128508205611,0.536495943379851,12.229210723655,0.00110350892378512,1000,42885208.421804
None,none,2013-2014,2,WTMEC.COMBN,age+gender,educ_level,smell_dysfun_severe,3516,140497093.142155,15,quasibinomial (logit),HS graduate or GED,0.307520664363804,0.261563866715374,0.269877874992017,-0.20514451439833,0.820185843125937,12.229210723655,0.00110350892378512,791,30773169.333803
None,none,2013-2014,2,WTMEC.COMBN,age+gender,educ_level,smell_dysfun_severe,3516,140497093.142155,15,quasibinomial (logit),9-11th grade,0.747706263024437,0.234000168984803,0.0109129024594238,0.289065931814223,1.20634659423465,12.229210723655,0.00110350892378512,476,14362203.179319
None,none,2013-2014,2,WTMEC.COMBN,age+gender,educ_level,smell_dysfun_severe,3516,140497093.142155,15,quasibinomial (logit),Less than 9th grade,1.14199251866678,0.23573118661478,0.000915329091439244,0.679959392901812,1.60402564443175,12.229210723655,0.00110350892378512,337,7232020.493833
None,none,2011-2014,4,WTMEC.COMBN,age+gender,educ_level,tastechange_sweet_worse,7388,144156219.180123,32,quasibinomial (logit),College graduate or above (Intercept),-4.13668224230908,0.408503504935108,1.63098282721983e-10,-4.93734911198189,-3.33601537263627,2.05821605336352,0.115469611791063,1812,45055173.252252
None,none,2011-2014,4,WTMEC.COMBN,age+gender,educ_level,tastechange_sweet_worse,7388,144156219.180123,32,quasibinomial (logit),Some college or AA degree,0.312176318326495,0.20251073483112,0.135272235988647,-0.0847447219425009,0.70909735859549,2.05821605336352,0.115469611791063,2008,43077510.913659
None,none,2011-2014,4,WTMEC.COMBN,age+gender,educ_level,tastechange_sweet_worse,7388,144156219.180123,32,quasibinomial (logit),HS graduate or GED,-0.30720183810971,0.294663243484025,0.306753212411888,-0.884741795338399,0.270338119118979,2.05821605336352,0.115469611791063,1654,31270086.0633315
None,none,2011-2014,4,WTMEC.COMBN,age+gender,educ_level,tastechange_sweet_worse,7388,144156219.180123,32,quasibinomial (logit),9-11th grade,0.483181020023126,0.203956149393755,0.025544795945101,0.0834269672113666,0.882935072834886,2.05821605336352,0.115469611791063,1067,15846065.956635
None,none,2011-2014,4,WTMEC.COMBN,age+gender,educ_level,tastechange_sweet_worse,7388,144156219.180123,32,quasibinomial (logit),Less than 9th grade,-0.0044063302146002,0.269835043041047,0.987096015649007,-0.533283014575052,0.524470354145851,2.05821605336352,0.115469611791063,847,8907382.9942455
None,none,2011-2014,4,WTMEC.COMBN,age+gender,educ_level,tastechange_salt_worse,7380,143983516.354921,32,quasibinomial (logit),College graduate or above (Intercept),-4.02785616344382,0.409091163918077,2.92681272221967e-10,-4.82967484472325,-3.22603748216439,3.24358352639486,0.0276098538387678,1809,44936433.3088555
None,none,2011-2014,4,WTMEC.COMBN,age+gender,educ_level,tastechange_salt_worse,7380,143983516.354921,32,quasibinomial (logit),Some college or AA degree,0.540334787701232,0.230217157369008,0.0268138962745598,0.0891091592579761,0.991560416144487,3.24358352639486,0.0276098538387678,2005,43037779.2433195
None,none,2011-2014,4,WTMEC.COMBN,age+gender,educ_level,tastechange_salt_worse,7380,143983516.354921,32,quasibinomial (logit),HS graduate or GED,0.354301117421297,0.23251923801571,0.139643322013248,-0.101436589089495,0.810038823932088,3.24358352639486,0.0276098538387678,1654,31267696.239176
None,none,2011-2014,4,WTMEC.COMBN,age+gender,educ_level,tastechange_salt_worse,7380,143983516.354921,32,quasibinomial (logit),9-11th grade,0.864734142124932,0.243274867621159,0.00147630869042671,0.387915401587461,1.3415528826624,3.24358352639486,0.0276098538387678,1066,15850479.754887
None,none,2011-2014,4,WTMEC.COMBN,age+gender,educ_level,tastechange_salt_worse,7380,143983516.354921,32,quasibinomial (logit),Less than 9th grade,0.602931283219825,0.290937669834814,0.0482835322410103,0.0326934503435899,1.17316911609606,3.24358352639486,0.0276098538387678,846,8891127.808683
None,none,2011-2014,4,WTMEC.COMBN,age+gender,educ_level,tastechange_bitter_worse,7360,143685481.894074,32,quasibinomial (logit),College graduate or above (Intercept),-4.11242401463141,0.458461531358798,1.93788168847784e-09,-5.01100861609465,-3.21383941316816,1.66285705531247,0.188802453051955,1810,45039775.7439455
None,none,2011-2014,4,WTMEC.COMBN,age+gender,educ_level,tastechange_bitter_worse,7360,143685481.894074,32,quasibinomial (logit),Some college or AA degree,0.294290521983554,0.228354282044722,0.208836319437286,-0.153283870824101,0.741864914791209,1.66285705531247,0.188802453051955,1999,42815904.179107
None,none,2011-2014,4,WTMEC.COMBN,age+gender,educ_level,tastechange_bitter_worse,7360,143685481.894074,32,quasibinomial (logit),HS graduate or GED,0.0258725357067326,0.23615808205327,0.913602723750831,-0.436997305117677,0.488742376531143,1.66285705531247,0.188802453051955,1650,31233371.4544575
None,none,2011-2014,4,WTMEC.COMBN,age+gender,educ_level,tastechange_bitter_worse,7360,143685481.894074,32,quasibinomial (logit),9-11th grade,0.61681257068763,0.239893983655779,0.0162062593510623,0.146620362722304,1.08700477865296,1.66285705531247,0.188802453051955,1059,15739863.4070565
None,none,2011-2014,4,WTMEC.COMBN,age+gender,educ_level,tastechange_bitter_worse,7360,143685481.894074,32,quasibinomial (logit),Less than 9th grade,0.157135790953285,0.235596312520511,0.510667288447704,-0.304632981586916,0.618904563493486,1.66285705531247,0.188802453051955,842,8856567.1095075
None,none,2011-2014,4,WTMEC.COMBN,age+gender,educ_level,tastechange_sour_worse,7378,144020971.157786,32,quasibinomial (logit),College graduate or above (Intercept),-4.01793258799304,0.409656397484012,3.16918457593759e-10,-4.82085912706171,-3.21500604892438,1.74979834087309,0.169429534705975,1808,44939693.07839
None,none,2011-2014,4,WTMEC.COMBN,age+gender,educ_level,tastechange_sour_worse,7378,144020971.157786,32,quasibinomial (logit),Some college or AA degree,0.28860123810706,0.259230825291343,0.27576745672372,-0.219491179463973,0.796693655678093,1.74979834087309,0.169429534705975,2007,43130022.104827
None,none,2011-2014,4,WTMEC.COMBN,age+gender,educ_level,tastechange_sour_worse,7378,144020971.157786,32,quasibinomial (logit),HS graduate or GED,0.254893909548526,0.225967066757435,0.269616210004765,-0.188001541296047,0.697789360393099,1.74979834087309,0.169429534705975,1652,31249174.991659
None,none,2011-2014,4,WTMEC.COMBN,age+gender,educ_level,tastechange_sour_worse,7378,144020971.157786,32,quasibinomial (logit),9-11th grade,0.543186417508086,0.250558314173524,0.0395045065637557,0.0520921217279793,1.03428071328819,1.74979834087309,0.169429534705975,1066,15843138.170153
None,none,2011-2014,4,WTMEC.COMBN,age+gender,educ_level,tastechange_sour_worse,7378,144020971.157786,32,quasibinomial (logit),Less than 9th grade,0.478038695591173,0.272471397948224,0.0911331610055712,-0.0560052443873474,1.01208263556969,1.74979834087309,0.169429534705975,845,8858942.8127565
None,none,2013-2014,2,WTMEC.COMBN,age+gender,inc_to_pov,taste_mouth_quinine_glms,2875,121618451.676459,15,gaussian (identity),inc_to_pov,-2.07387250547625,0.482814111691009,0.00104033790458128,-3.02018816439063,-1.12755684656188,,,2875,121618451.676459
None,none,2013-2014,2,WTMEC.COMBN,age+gender,inc_to_pov,taste_mouth_nacl_1M_glms,2974,124717911.286537,15,gaussian (identity),inc_to_pov,-1.30219819299334,0.253769024810054,0.000248506109084131,-1.79958548162104,-0.804810904365631,,,2974,124717911.286537
None,none,2013-2014,2,WTMEC.COMBN,age+gender,inc_to_pov,taste_mouth_nacl_320mM_glms,2974,124678633.996802,15,gaussian (identity),inc_to_pov,-1.26663577090541,0.314731038774802,0.00168576533676532,-1.88350860690402,-0.649762934906794,,,2974,124678633.996802
None,none,2013-2014,2,WTMEC.COMBN,age+gender,inc_to_pov,smell_pst_total,3240,131879167.410835,15,gaussian (identity),inc_to_pov,0.0800393765016274,0.0199169151564965,0.00170354760432664,0.0410022227948942,0.119076530208361,,,3240,131879167.410835
None,none,2013-2014,2,WTMEC.COMBN,age+gender,inc_to_pov,smell_dysfun_any,3231,131671712.885564,15,quasibinomial (logit),inc_to_pov,-0.158461938585187,0.034621722847058,0.000635779204330682,-0.226320515365421,-0.0906033618049533,,,3231,131671712.885564
None,none,2013-2014,2,WTMEC.COMBN,age+gender,inc_to_pov,smell_dysfun_severe,3240,131879167.410835,15,quasibinomial (logit),inc_to_pov,-0.253817550628021,0.0725830023953716,0.00440673476062713,-0.39608023532295,-0.111554865933093,,,3240,131879167.410835
None,none,2011-2014,4,WTMEC.COMBN,age+gender,inc_to_pov,tastechange_sweet_worse,6728,134638241.409156,32,quasibinomial (logit),inc_to_pov,-0.0323049782523676,0.0601730266931607,0.59545404307295,-0.150244110570963,0.0856341540662274,,,6728,134638241.409156
None,none,2011-2014,4,WTMEC.COMBN,age+gender,inc_to_pov,tastechange_salt_worse,6722,134523614.797953,32,quasibinomial (logit),inc_to_pov,-0.172268091790087,0.0525517087804326,0.00271624150681778,-0.275269440999735,-0.0692667425804393,,,6722,134523614.797953
None,none,2011-2014,4,WTMEC.COMBN,age+gender,inc_to_pov,tastechange_bitter_worse,6703,134197709.024704,32,quasibinomial (logit),inc_to_pov,-0.113689861343898,0.0497708205148203,0.0298613209432172,-0.211240669552945,-0.0161390531348497,,,6703,134197709.024704
None,none,2011-2014,4,WTMEC.COMBN,age+gender,inc_to_pov,tastechange_sour_worse,6720,134560235.195659,32,quasibinomial (logit),inc_to_pov,-0.13046838917042,0.0594355418639535,0.0363094372853625,-0.246962051223769,-0.013974727117071,,,6720,134560235.195659
None,none,2013-2014,2,WTMEC.COMBN,age+gender,inc_to_pov_level,taste_mouth_quinine_glms,2875,121618451.676459,15,gaussian (identity),High income (Intercept),61.0060722500082,2.91636954823557,3.29961165019227e-10,55.2899879354665,66.7221565645499,7.60909830925826,0.00842062408797782,862,49518405.966861
None,none,2013-2014,2,WTMEC.COMBN,age+gender,inc_to_pov_level,taste_mouth_quinine_glms,2875,121618451.676459,15,gaussian (identity),Middle income,5.63180966407523,1.65016631175997,0.0057957357521239,2.3974836930257,8.86613563512477,7.60909830925826,0.00842062408797782,1506,58517422.998043
None,none,2013-2014,2,WTMEC.COMBN,age+gender,inc_to_pov_level,taste_mouth_quinine_glms,2875,121618451.676459,15,gaussian (identity),Low income,8.48771808172251,2.18900518532858,0.00257473493889443,4.1972679184785,12.7781682449665,7.60909830925826,0.00842062408797782,507,13582622.711555
None,none,2013-2014,2,WTMEC.COMBN,age+gender,inc_to_pov_level,taste_mouth_nacl_1M_glms,2974,124717911.286537,15,gaussian (identity),High income (Intercept),53.9433996256645,2.36679796929772,1.31005883593621e-10,49.304475605841,58.582323645488,13.3384927583559,0.00114614866583391,881,50295358.263496
None,none,2013-2014,2,WTMEC.COMBN,age+gender,inc_to_pov_level,taste_mouth_nacl_1M_glms,2974,124717911.286537,15,gaussian (identity),Middle income,4.20906381545392,0.968765082538735,0.00116548856970417,2.310284253678,6.10784337722984,13.3384927583559,0.00114614866583391,1558,60221464.443002
None,none,2013-2014,2,WTMEC.COMBN,age+gender,inc_to_pov_level,taste_mouth_nacl_1M_glms,2974,124717911.286537,15,gaussian (identity),Low income,5.13035407234727,1.29125309319975,0.00218424630941113,2.59949800967576,7.66121013501878,13.3384927583559,0.00114614866583391,535,14201088.580039
None,none,2013-2014,2,WTMEC.COMBN,age+gender,inc_to_pov_level,taste_mouth_nacl_320mM_glms,2974,124678633.996802,15,gaussian (identity),High income (Intercept),34.2860679225079,2.30603219118522,1.25074861770509e-08,29.7662448277849,38.805891017231,9.24425078135401,0.00441133350273063,881,50317012.301398
None,none,2013-2014,2,WTMEC.COMBN,age+gender,inc_to_pov_level,taste_mouth_nacl_320mM_glms,2974,124678633.996802,15,gaussian (identity),Middle income,3.31042702397005,0.770508079686616,0.00126350354295136,1.80023118778428,4.82062286015582,9.24425078135401,0.00441133350273063,1558,60160533.115365
None,none,2013-2014,2,WTMEC.COMBN,age+gender,inc_to_pov_level,taste_mouth_nacl_320mM_glms,2974,124678633.996802,15,gaussian (identity),Low income,5.1123950203119,1.59765992453374,0.00845577418461665,1.98098156822578,8.24380847239802,9.24425078135401,0.00441133350273063,535,14201088.580039
None,none,2013-2014,2,WTMEC.COMBN,age+gender,inc_to_pov_level,smell_pst_total,3240,131879167.410835,15,gaussian (identity),High income (Intercept),7.4635951925804,0.139368815243203,1.18576480527965e-14,7.19043231470372,7.73675807045708,5.70823901063779,0.0199314632367824,920,51971194.066833
None,none,2013-2014,2,WTMEC.COMBN,age+gender,inc_to_pov_level,smell_pst_total,3240,131879167.410835,15,gaussian (identity),Middle income,-0.214726374303087,0.0635526824796003,0.0061565533588467,-0.339289631963104,-0.0901631166430706,5.70823901063779,0.0199314632367824,1700,63857735.795052
None,none,2013-2014,2,WTMEC.COMBN,age+gender,inc_to_pov_level,smell_pst_total,3240,131879167.410835,15,gaussian (identity),Low income,-0.272699516479644,0.0967224847859336,0.0166855267332506,-0.462275586660074,-0.0831234462992145,5.70823901063779,0.0199314632367824,620,16050237.54895
None,none,2013-2014,2,WTMEC.COMBN,age+gender,inc_to_pov_level,smell_dysfun_any,3231,131671712.885564,15,quasibinomial (logit),High income (Intercept),-3.31345602833274,0.316472512830293,4.66339776530952e-07,-3.93374215348011,-2.69316990318536,7.03128434772145,0.0107899411617217,917,51878047.678066
None,none,2013-2014,2,WTMEC.COMBN,age+gender,inc_to_pov_level,smell_dysfun_any,3231,131671712.885564,15,quasibinomial (logit),Middle income,0.442697366671725,0.122538163353675,0.00407801176033724,0.202522566498522,0.682872166844927,7.03128434772145,0.0107899411617217,1694,63743427.658548
None,none,2013-2014,2,WTMEC.COMBN,age+gender,inc_to_pov_level,smell_dysfun_any,3231,131671712.885564,15,quasibinomial (logit),Low income,0.628893393223727,0.183796013712458,0.00570615421409107,0.26865320634731,0.989133580100144,7.03128434772145,0.0107899411617217,620,16050237.54895
None,none,2013-2014,2,WTMEC.COMBN,age+gender,inc_to_pov_level,smell_dysfun_severe,3240,131879167.410835,15,quasibinomial (logit),High income (Intercept),-9.03766769411112,0.729528004354754,8.37928041857366e-08,-10.4675425826464,-7.6077928055758,3.97631398954846,0.050173899983945,920,51971194.066833
None,none,2013-2014,2,WTMEC.COMBN,age+gender,inc_to_pov_level,smell_dysfun_severe,3240,131879167.410835,15,quasibinomial (logit),Middle income,0.556219527988464,0.26792725169687,0.0621249337542754,0.0310821146625995,1.08135694131433,3.97631398954846,0.050173899983945,1700,63857735.795052
None,none,2013-2014,2,WTMEC.COMBN,age+gender,inc_to_pov_level,smell_dysfun_severe,3240,131879167.410835,15,quasibinomial (logit),Low income,0.934663860418853,0.33158659394559,0.0167046095826744,0.284754136285497,1.58457358455221,3.97631398954846,0.050173899983945,620,16050237.54895
None,none,2011-2014,4,WTMEC.COMBN,age+gender,inc_to_pov_level,tastechange_sweet_worse,6728,134638241.409156,32,quasibinomial (logit),High income (Intercept),-4.03493018144064,0.433363722361066,4.54542857255713e-10,-4.88432307726833,-3.18553728561295,1.59973605930126,0.219862415335834,1837,52510432.3924465
None,none,2011-2014,4,WTMEC.COMBN,age+gender,inc_to_pov_level,tastechange_sweet_worse,6728,134638241.409156,32,quasibinomial (logit),Middle income,-0.0518008266899814,0.209432767875362,0.80645080463099,-0.46228905172569,0.358687398345727,1.59973605930126,0.219862415335834,3470,64674269.24496
None,none,2011-2014,4,WTMEC.COMBN,age+gender,inc_to_pov_level,tastechange_sweet_worse,6728,134638241.409156,32,quasibinomial (logit),Low income,0.312873019781509,0.25291818126291,0.226342710391899,-0.182846615493794,0.808592655056812,1.59973605930126,0.219862415335834,1421,17453539.771749
None,none,2011-2014,4,WTMEC.COMBN,age+gender,inc_to_pov_level,tastechange_salt_worse,6722,134523614.797953,32,quasibinomial (logit),High income (Intercept),-4.04674285468449,0.390735795495807,4.41475613057587e-11,-4.81258501385627,-3.28090069551271,4.69609111568032,0.0174293454003344,1834,52461887.2139425
None,none,2011-2014,4,WTMEC.COMBN,age+gender,inc_to_pov_level,tastechange_salt_worse,6722,134523614.797953,32,quasibinomial (logit),Middle income,0.407127180033051,0.192840075803022,0.0438105412004718,0.0291606314591285,0.785093728606973,4.69609111568032,0.0174293454003344,3468,64616994.624855
None,none,2011-2014,4,WTMEC.COMBN,age+gender,inc_to_pov_level,tastechange_salt_worse,6722,134523614.797953,32,quasibinomial (logit),Low income,0.761110578548093,0.251766467071708,0.00530518767073249,0.267648303087544,1.25457285400864,4.69609111568032,0.0174293454003344,1420,17444732.9591555
None,none,2011-2014,4,WTMEC.COMBN,age+gender,inc_to_pov_level,tastechange_bitter_worse,6703,134197709.024704,32,quasibinomial (logit),High income (Intercept),-4.08856339642229,0.466983128321997,1.66163224791542e-09,-5.00385032793341,-3.17327646491118,3.70445431394059,0.0373797904679339,1833,52341859.273684
None,none,2011-2014,4,WTMEC.COMBN,age+gender,inc_to_pov_level,tastechange_bitter_worse,6703,134197709.024704,32,quasibinomial (logit),Middle income,0.220866697634208,0.20462284760723,0.289627030356676,-0.180194083675963,0.621927478944379,3.70445431394059,0.0373797904679339,3458,64508020.370793
None,none,2011-2014,4,WTMEC.COMBN,age+gender,inc_to_pov_level,tastechange_bitter_worse,6703,134197709.024704,32,quasibinomial (logit),Low income,0.65983108886226,0.246653643910648,0.012334126685378,0.17638994679739,1.14327223092713,3.70445431394059,0.0373797904679339,1412,17347829.380227
None,none,2011-2014,4,WTMEC.COMBN,age+gender,inc_to_pov_level,tastechange_sour_worse,6720,134560235.195659,32,quasibinomial (logit),High income (Intercept),-4.01960877770101,0.405073098984672,1.14082347179612e-10,-4.81355205171097,-3.22566550369105,6.30929051050042,0.00547099064979651,1836,52487237.116892
None,none,2011-2014,4,WTMEC.COMBN,age+gender,inc_to_pov_level,tastechange_sour_worse,6720,134560235.195659,32,quasibinomial (logit),Middle income,-0.00382357267646575,0.187419409311007,0.983868051052276,-0.37116561492604,0.363518469573108,6.30929051050042,0.00547099064979651,3468,64676470.1572395
None,none,2011-2014,4,WTMEC.COMBN,age+gender,inc_to_pov_level,tastechange_sour_worse,6720,134560235.195659,32,quasibinomial (logit),Low income,0.749798358687369,0.249921681867939,0.00561554694507617,0.259951862226208,1.23964485514853,6.30929051050042,0.00547099064979651,1416,17396527.921527
None,none,2013-2014,2,WTMEC.COMBN,age+gender,employ_status,taste_mouth_quinine_glms,3111,129339094.988871,15,gaussian (identity),Full-time employed (Intercept),66.5907277610012,2.40216088008913,8.65458865836975e-11,61.8824924360265,71.2989630859758,5.14274045088244,0.020860987965911,1295,60372143.458393
None,none,2013-2014,2,WTMEC.COMBN,age+gender,employ_status,taste_mouth_quinine_glms,3111,129339094.988871,15,gaussian (identity),Part-time employed,2.56448310171671,2.27594610755616,0.286148938127116,-1.89637126909337,7.02533747252678,5.14274045088244,0.020860987965911,284,12847733.282804
None,none,2013-2014,2,WTMEC.COMBN,age+gender,employ_status,taste_mouth_quinine_glms,3111,129339094.988871,15,gaussian (identity),Student,5.15821779162516,6.48746028371611,0.445013572124632,-7.5572043644584,17.8736399477087,5.14274045088244,0.020860987965911,10,218430.289444
None,none,2013-2014,2,WTMEC.COMBN,age+gender,employ_status,taste_mouth_quinine_glms,3111,129339094.988871,15,gaussian (identity),Unemployed,3.765084120757,1.17270713557404,0.00932268051154218,1.46657813503189,6.06359010648212,5.14274045088244,0.020860987965911,1522,55900787.95823
None,none,2013-2014,2,WTMEC.COMBN,age+gender,employ_status,taste_mouth_nacl_1M_glms,3214,132514077.271776,15,gaussian (identity),Full-time employed (Intercept),57.0938975500068,2.10154581572255,1.0563364242998e-10,52.9748677511906,61.212927348823,2.6719592012326,0.10430528878397,1323,61203452.432477
None,none,2013-2014,2,WTMEC.COMBN,age+gender,employ_status,taste_mouth_nacl_1M_glms,3214,132514077.271776,15,gaussian (identity),Part-time employed,4.62109484324193,2.23033217671502,0.0650726971578375,0.249643776880498,8.99254590960337,2.6719592012326,0.10430528878397,291,13047043.470853
None,none,2013-2014,2,WTMEC.COMBN,age+gender,employ_status,taste_mouth_nacl_1M_glms,3214,132514077.271776,15,gaussian (identity),Student,6.17248052210954,3.9719421581328,0.151230573918221,-1.61252610783075,13.9574871520498,2.6719592012326,0.10430528878397,11,242533.395511
None,none,2013-2014,2,WTMEC.COMBN,age+gender,employ_status,taste_mouth_nacl_1M_glms,3214,132514077.271776,15,gaussian (identity),Unemployed,2.83985749876908,1.36390927215464,0.063967064020165,0.166595325345984,5.51311967219217,2.6719592012326,0.10430528878397,1589,58021047.972935
None,none,2013-2014,2,WTMEC.COMBN,age+gender,employ_status,taste_mouth_nacl_320mM_glms,3215,132506666.994664,15,gaussian (identity),Full-time employed (Intercept),37.4269366263049,2.28264500977888,1.48227299928139e-08,32.9529524071383,41.9009208454715,1.90135802900549,0.193351160529422,1323,61207975.831669
None,none,2013-2014,2,WTMEC.COMBN,age+gender,employ_status,taste_mouth_nacl_320mM_glms,3215,132506666.994664,15,gaussian (identity),Part-time employed,2.79905830745369,1.67710006868985,0.126079125769217,-0.488057827178424,6.0861744420858,1.90135802900549,0.193351160529422,292,13069767.338117
None,none,2013-2014,2,WTMEC.COMBN,age+gender,employ_status,taste_mouth_nacl_320mM_glms,3215,132506666.994664,15,gaussian (identity),Student,2.93113122947467,4.50701091391197,0.530123761725542,-5.90261016179278,11.7648726207421,1.90135802900549,0.193351160529422,11,242533.395511
None,none,2013-2014,2,WTMEC.COMBN,age+gender,employ_status,taste_mouth_nacl_320mM_glms,3215,132506666.994664,15,gaussian (identity),Unemployed,2.61140131089654,1.21921366055687,0.0578519597227381,0.221742536205075,5.00106008558801,1.90135802900549,0.193351160529422,1589,57986390.429367
None,none,2013-2014,2,WTMEC.COMBN,age+gender,employ_status,smell_pst_total,3515,140503541.514983,15,gaussian (identity),Full-time employed (Intercept),7.27354704737708,0.150018136560025,3.36221796344525e-13,6.97951149971944,7.56758259503473,7.63436271727257,0.00606343794932815,1396,63192184.547565
None,none,2013-2014,2,WTMEC.COMBN,age+gender,employ_status,smell_pst_total,3515,140503541.514983,15,gaussian (identity),Part-time employed,0.198982862887032,0.0714467582582159,0.0192828152689236,0.0589472167009291,0.339018509073135,7.63436271727257,0.00606343794932815,310,13599197.658361
None,none,2013-2014,2,WTMEC.COMBN,age+gender,employ_status,smell_pst_total,3515,140503541.514983,15,gaussian (identity),Student,0.0814530875274226,0.225007452450133,0.724883401878547,-0.359561519274839,0.522467694329684,7.63436271727257,0.00606343794932815,11,242533.395511
None,none,2013-2014,2,WTMEC.COMBN,age+gender,employ_status,smell_pst_total,3515,140503541.514983,15,gaussian (identity),Unemployed,-0.117702066463523,0.0720064875447171,0.133178522783883,-0.258834782051169,0.0234306491241221,7.63436271727257,0.00606343794932815,1798,63469625.913546
None,none,2013-2014,2,WTMEC.COMBN,age+gender,employ_status,smell_dysfun_any,3506,140296086.989712,15,quasibinomial (logit),Full-time employed (Intercept),-2.96244573739666,0.312369589741468,2.57810484133341e-06,-3.57469013328993,-2.35020134150338,4.31584846791532,0.0339117792524381,1396,63192184.547565
None,none,2013-2014,2,WTMEC.COMBN,age+gender,employ_status,smell_dysfun_any,3506,140296086.989712,15,quasibinomial (logit),Part-time employed,-0.342792744598662,0.147881325516667,0.0429168225388974,-0.63264014261133,-0.0529453465859943,4.31584846791532,0.0339117792524381,310,13599197.658361
None,none,2013-2014,2,WTMEC.COMBN,age+gender,employ_status,smell_dysfun_any,3506,140296086.989712,15,quasibinomial (logit),Student,-0.103529438775328,0.713075895818963,0.88744780007768,-1.50115819458049,1.29409931702984,4.31584846791532,0.0339117792524381,11,242533.395511
None,none,2013-2014,2,WTMEC.COMBN,age+gender,employ_status,smell_dysfun_any,3506,140296086.989712,15,quasibinomial (logit),Unemployed,0.207684819920539,0.141054123467984,0.171680288080301,-0.0687812620767096,0.484150901917788,4.31584846791532,0.0339117792524381,1789,63262171.388275
None,none,2013-2014,2,WTMEC.COMBN,age+gender,employ_status,smell_dysfun_severe,3515,140503541.514983,15,quasibinomial (logit),Full-time employed (Intercept),-8.10041274532755,0.663853949332518,2.49639230394242e-07,-9.40156648601929,-6.79925900463582,222.632955739363,1.87924143401322e-09,1396,63192184.547565
None,none,2013-2014,2,WTMEC.COMBN,age+gender,employ_status,smell_dysfun_severe,3515,140503541.514983,15,quasibinomial (logit),Part-time employed,-0.842849162120858,0.547892943421107,0.154982642375709,-1.91671933122623,0.231021006984512,222.632955739363,1.87924143401322e-09,310,13599197.658361
None,none,2013-2014,2,WTMEC.COMBN,age+gender,employ_status,smell_dysfun_severe,3515,140503541.514983,15,quasibinomial (logit),Student,-11.1115758170511,0.473925801873442,4.51396918182235e-10,-12.0404703887231,-10.1826812453792,222.632955739363,1.87924143401322e-09,11,242533.395511
None,none,2013-2014,2,WTMEC.COMBN,age+gender,employ_status,smell_dysfun_severe,3515,140503541.514983,15,quasibinomial (logit),Unemployed,0.315954270062121,0.317884627952291,0.343699381478791,-0.30709960072437,0.939008140848611,222.632955739363,1.87924143401322e-09,1798,63469625.913546
None,none,2011-2014,4,WTMEC.COMBN,age+gender,employ_status,tastechange_sweet_worse,7391,144185845.482221,32,quasibinomial (logit),Full-time employed (Intercept),-3.71306992841374,0.410592532936819,1.17326802421839e-09,-4.5178312929699,-2.90830856385757,1324.98855384479,2.09289802363417e-29,2850,65419482.0853075
None,none,2011-2014,4,WTMEC.COMBN,age+gender,employ_status,tastechange_sweet_worse,7391,144185845.482221,32,quasibinomial (logit),Part-time employed,0.211806255753666,0.392116713579985,0.593513801987696,-0.556742502863104,0.980355014370436,1324.98855384479,2.09289802363417e-29,599,13705206.490269
None,none,2011-2014,4,WTMEC.COMBN,age+gender,employ_status,tastechange_sweet_worse,7391,144185845.482221,32,quasibinomial (logit),Student,-11.9305105347023,0.23855347013775,3.71440253606996e-28,-12.3980753361723,-11.4629457332324,1324.98855384479,2.09289802363417e-29,31,341704.9157785
None,none,2011-2014,4,WTMEC.COMBN,age+gender,employ_status,tastechange_sweet_worse,7391,144185845.482221,32,quasibinomial (logit),Unemployed,0.489344242856644,0.229550779903998,0.0422786447822498,0.0394247142448085,0.939263771468479,1324.98855384479,2.09289802363417e-29,3911,64719451.990866
None,none,2011-2014,4,WTMEC.COMBN,age+gender,employ_status,tastechange_salt_worse,7383,144013142.657019,32,quasibinomial (logit),Full-time employed (Intercept),-3.3411968631779,0.373777859118695,1.48739352095275e-09,-4.07380146705054,-2.60859225930525,4.08097398480724,0.0163709137174658,2849,65412243.2256825
None,none,2011-2014,4,WTMEC.COMBN,age+gender,employ_status,tastechange_salt_worse,7383,144013142.657019,32,quasibinomial (logit),Part-time employed,-0.0259848687895596,0.347041925890292,0.940865942542604,-0.706187043534532,0.654217305955413,4.08097398480724,0.0163709137174658,596,13577917.9855825
None,none,2011-2014,4,WTMEC.COMBN,age+gender,employ_status,tastechange_salt_worse,7383,144013142.657019,32,quasibinomial (logit),Student,-0.309345036534125,1.02028505701191,0.764065391939113,-2.30910374827747,1.69041367520922,4.08097398480724,0.0163709137174658,31,341704.9157785
None,none,2011-2014,4,WTMEC.COMBN,age+gender,employ_status,tastechange_salt_worse,7383,144013142.657019,32,quasibinomial (logit),Unemployed,0.540178593593007,0.204206106403589,0.0134407474608073,0.139934625041972,0.940422562144042,4.08097398480724,0.0163709137174658,3907,64681276.5299755
None,none,2011-2014,4,WTMEC.COMBN,age+gender,employ_status,tastechange_bitter_worse,7363,143715108.196172,32,quasibinomial (logit),Full-time employed (Intercept),-3.58258855461162,0.457067724596854,1.98975822887852e-08,-4.47844129482146,-2.68673581440179,5.32707103232591,0.00515418941463748,2837,65190710.4413715
None,none,2011-2014,4,WTMEC.COMBN,age+gender,employ_status,tastechange_bitter_worse,7363,143715108.196172,32,quasibinomial (logit),Part-time employed,0.339579995649092,0.311640644371443,0.285496379105571,-0.271235667318936,0.95039565861712,5.32707103232591,0.00515418941463748,598,13693898.6945085
None,none,2011-2014,4,WTMEC.COMBN,age+gender,employ_status,tastechange_bitter_worse,7363,143715108.196172,32,quasibinomial (logit),Student,0.0188141121341155,0.992755501834487,0.985019227767812,-1.92698667146148,1.96461489572971,5.32707103232591,0.00515418941463748,31,341704.9157785
None,none,2011-2014,4,WTMEC.COMBN,age+gender,employ_status,tastechange_bitter_worse,7363,143715108.196172,32,quasibinomial (logit),Unemployed,0.654094024212364,0.168265710850603,0.000595906510919242,0.324293230945182,0.983894817479546,5.32707103232591,0.00515418941463748,3897,64488794.1445135
None,none,2011-2014,4,WTMEC.COMBN,age+gender,employ_status,tastechange_sour_worse,7381,144050597.459884,32,quasibinomial (logit),Full-time employed (Intercept),-3.48243366561874,0.367229619409387,4.37941013580141e-10,-4.20220371966114,-2.76266361157634,3.58698568693547,0.0265364268109678,2847,65385680.1527455
None,none,2011-2014,4,WTMEC.COMBN,age+gender,employ_status,tastechange_sour_worse,7381,144050597.459884,32,quasibinomial (logit),Part-time employed,0.337103684478742,0.332362011726838,0.319458943451323,-0.314325858505861,0.988533227463345,3.58698568693547,0.0265364268109678,596,13625644.8050285
None,none,2011-2014,4,WTMEC.COMBN,age+gender,employ_status,tastechange_sour_worse,7381,144050597.459884,32,quasibinomial (logit),Student,-0.037029969720864,1.0193913081842,0.971290004409114,-2.0350369337619,1.96097699432017,3.58698568693547,0.0265364268109678,31,341704.9157785
None,none,2011-2014,4,WTMEC.COMBN,age+gender,employ_status,tastechange_sour_worse,7381,144050597.459884,32,quasibinomial (logit),Unemployed,0.682563991893074,0.222381193607006,0.00484416970801966,0.246696852423342,1.11843113136281,3.58698568693547,0.0265364268109678,3907,64697567.586331
