strata_var,strata_level,cycle_yrs,n_yrs.,survweight.,model_covars,exposure,outcome,n_total_raw,n_total_weighted,model_df,model_type,exp_level,beta,se,pval,low95CI,up95CI,fstat,f_pval,n_exp_raw,n_exp_weighted,auc,auc_se
gender,Male,1999-2020,21.2,WTMEC.COMBN,age,prevent_cvd_10yr_base,cvd,17898,71992993.2573361,163,quasibinomial (logit),prevent_cvd_10yr_base,5.3992968107245,0.484471040566483,9.64535523372413e-22,4.44973357121419,6.34886005023481,,,17898,71992993.2573361,0.7802,0.0051
gender,Female,1999-2020,21.2,WTMEC.COMBN,age,prevent_cvd_10yr_base,cvd,18407,75903241.4879496,163,quasibinomial (logit),prevent_cvd_10yr_base,7.60684481389529,0.467378144704237,7.76360833670142e-36,6.69078365027499,8.5229059775156,,,18407,75903241.4879496,0.7675,0.0071
gender,Male,1999-2020,21.2,WTMEC.COMBN,age,prevent_cvd_10yr_hba1c,cvd,17879,71933080.3504848,163,quasibinomial (logit),prevent_cvd_10yr_hba1c,5.0768814506851,0.447120787675389,2.54558898185335e-22,4.20052470684133,5.95323819452886,,,17879,71933080.3504848,0.7791,0.0051
gender,Female,1999-2020,21.2,WTMEC.COMBN,age,prevent_cvd_10yr_hba1c,cvd,18371,75770101.3986707,163,quasibinomial (logit),prevent_cvd_10yr_hba1c,7.35208766660234,0.464822983707395,1.33127707158664e-34,6.44103461853585,8.26314071466883,,,18371,75770101.3986707,0.7665,0.007
gender,Male,1999-2020,21.2,WTMEC.COMBN,age,prevent_cvd_10yr_uacr,cvd,17743,71507023.0190576,163,quasibinomial (logit),prevent_cvd_10yr_uacr,4.48412767469227,0.37894013228047,1.20968049547294e-23,3.74140501542255,5.22685033396199,,,17743,71507023.0190576,0.7816,0.0051
gender,Female,1999-2020,21.2,WTMEC.COMBN,age,prevent_cvd_10yr_uacr,cvd,18260,75440451.316162,163,quasibinomial (logit),prevent_cvd_10yr_uacr,6.27401908165477,0.426467062408412,1.35099610953358e-31,5.43814363933428,7.10989452397526,,,18260,75440451.316162,0.7625,0.0072
gender,Male,1999-2020,21.2,WTMEC.COMBN,age,prevent_cvd_10yr_full,cvd,17724,71447110.1122064,163,quasibinomial (logit),prevent_cvd_10yr_full,4.16652368501814,0.373065669819765,8.30402100730894e-22,3.4353149721714,4.89773239786488,,,17724,71447110.1122064,0.7794,0.0052
gender,Female,1999-2020,21.2,WTMEC.COMBN,age,prevent_cvd_10yr_full,cvd,18226,75312031.7729714,163,quasibinomial (logit),prevent_cvd_10yr_full,6.18634613992504,0.427802660793823,6.58188235838056e-31,5.34785292476915,7.02483935508093,,,18226,75312031.7729714,0.7618,0.0072
gender,Male,1999-2020,21.2,WTMEC.COMBN,age,prevent_cvd_30yr_base,cvd,17898,71992993.2573361,163,quasibinomial (logit),prevent_cvd_30yr_base,5.45887526113689,0.412210398224849,1.50317516015041e-27,4.65094288061619,6.26680764165759,,,17898,71992993.2573361,0.7834,0.0051
gender,Female,1999-2020,21.2,WTMEC.COMBN,age,prevent_cvd_30yr_base,cvd,18407,75903241.4879496,163,quasibinomial (logit),prevent_cvd_30yr_base,5.4441932701781,0.358849083798988,7.50719147548757e-33,4.74084906593209,6.14753747442412,,,18407,75903241.4879496,0.7659,0.007
gender,Male,1999-2020,21.2,WTMEC.COMBN,age,prevent_cvd_30yr_hba1c,cvd,17879,71933080.3504848,163,quasibinomial (logit),prevent_cvd_30yr_hba1c,5.62148552090922,0.402895599681472,1.64410146165583e-29,4.83181014553353,6.4111608962849,,,17879,71933080.3504848,0.7834,0.0051
gender,Female,1999-2020,21.2,WTMEC.COMBN,age,prevent_cvd_30yr_hba1c,cvd,18371,75770101.3986707,163,quasibinomial (logit),prevent_cvd_30yr_hba1c,5.56779231837653,0.357283326007475,5.69104026985623e-34,4.86751699940188,6.26806763735118,,,18371,75770101.3986707,0.7655,0.007
gender,Male,1999-2020,21.2,WTMEC.COMBN,age,prevent_cvd_30yr_uacr,cvd,17743,71507023.0190576,163,quasibinomial (logit),prevent_cvd_30yr_uacr,5.49661973435852,0.369644436432996,4.98143608933783e-32,4.77211663894985,6.22112282976719,,,17743,71507023.0190576,0.7874,0.0051
gender,Female,1999-2020,21.2,WTMEC.COMBN,age,prevent_cvd_30yr_uacr,cvd,18260,75440451.316162,163,quasibinomial (logit),prevent_cvd_30yr_uacr,5.36756062760212,0.330896416284578,1.08578698002395e-35,4.71900365168435,6.01611760351989,,,18260,75440451.316162,0.7659,0.0071
gender,Male,1999-2020,21.2,WTMEC.COMBN,age,prevent_cvd_30yr_full,cvd,17724,71447110.1122064,163,quasibinomial (logit),prevent_cvd_30yr_full,5.55867969468393,0.370373620435546,2.08792502531341e-32,4.83274739863026,6.2846119907376,,,17724,71447110.1122064,0.786,0.0051
gender,Female,1999-2020,21.2,WTMEC.COMBN,age,prevent_cvd_30yr_full,cvd,18226,75312031.7729714,163,quasibinomial (logit),prevent_cvd_30yr_full,5.51460499311015,0.329823847176068,5.04313773720909e-37,4.86815025264506,6.16105973357524,,,18226,75312031.7729714,0.767,0.0071
gender,Male,1999-2020,21.2,WTMEC.COMBN,age,prevent_ascvd_10yr_base,cvd,17898,71992993.2573361,163,quasibinomial (logit),prevent_ascvd_10yr_base,5.89825309687515,0.799941773819781,8.27714917555116e-12,4.33036722018838,7.46613897356192,,,17898,71992993.2573361,0.7719,0.0051
gender,Female,1999-2020,21.2,WTMEC.COMBN,age,prevent_ascvd_10yr_base,cvd,18407,75903241.4879496,163,quasibinomial (logit),prevent_ascvd_10yr_base,11.2461354706471,0.780724811045801,9.37826906933134e-31,9.71591484099733,12.7763561002969,,,18407,75903241.4879496,0.7599,0.0071
gender,Male,1999-2020,21.2,WTMEC.COMBN,age,prevent_ascvd_10yr_hba1c,cvd,17879,71933080.3504848,163,quasibinomial (logit),prevent_ascvd_10yr_hba1c,5.61516787970649,0.767248339760564,1.12479849219961e-11,4.11136113377578,7.1189746256372,,,17879,71933080.3504848,0.771,0.0051
gender,Female,1999-2020,21.2,WTMEC.COMBN,age,prevent_ascvd_10yr_hba1c,cvd,18371,75770101.3986707,163,quasibinomial (logit),prevent_ascvd_10yr_hba1c,10.3152455796546,0.732935521404588,7.62183784498973e-30,8.87869195770158,11.7517992016076,,,18371,75770101.3986707,0.7577,0.0072
gender,Male,1999-2020,21.2,WTMEC.COMBN,age,prevent_ascvd_10yr_uacr,cvd,17743,71507023.0190576,163,quasibinomial (logit),prevent_ascvd_10yr_uacr,5.52923139853213,0.627148777423006,1.83710449863515e-15,4.30001979478304,6.75844300228122,,,17743,71507023.0190576,0.7746,0.0052
gender,Female,1999-2020,21.2,WTMEC.COMBN,age,prevent_ascvd_10yr_uacr,cvd,18260,75440451.316162,163,quasibinomial (logit),prevent_ascvd_10yr_uacr,9.30664672426013,0.744215479709782,1.66289848900902e-25,7.84798438402896,10.7653090644913,,,18260,75440451.316162,0.7559,0.0073
gender,Male,1999-2020,21.2,WTMEC.COMBN,age,prevent_ascvd_10yr_full,cvd,17724,71447110.1122064,163,quasibinomial (logit),prevent_ascvd_10yr_full,5.16746730149622,0.658215251129411,5.4754459447667e-13,3.87736540928257,6.45756919370986,,,17724,71447110.1122064,0.7724,0.0052
gender,Female,1999-2020,21.2,WTMEC.COMBN,age,prevent_ascvd_10yr_full,cvd,18226,75312031.7729714,163,quasibinomial (logit),prevent_ascvd_10yr_full,9.01452822639589,0.731588522666471,5.36308311248073e-25,7.58061472196961,10.4484417308222,,,18226,75312031.7729714,0.7546,0.0073
gender,Male,1999-2020,21.2,WTMEC.COMBN,age,prevent_ascvd_30yr_base,cvd,17898,71992993.2573361,163,quasibinomial (logit),prevent_ascvd_30yr_base,4.91457481942404,0.542377671781827,4.18405741417048e-16,3.85151458273166,5.97763505611642,,,17898,71992993.2573361,0.7695,0.0051
gender,Female,1999-2020,21.2,WTMEC.COMBN,age,prevent_ascvd_30yr_base,cvd,18407,75903241.4879496,163,quasibinomial (logit),prevent_ascvd_30yr_base,6.53497764432555,0.505277411309194,1.08186802465e-26,5.54463391815953,7.52532137049157,,,18407,75903241.4879496,0.7554,0.0071
gender,Male,1999-2020,21.2,WTMEC.COMBN,age,prevent_ascvd_30yr_hba1c,cvd,17879,71933080.3504848,163,quasibinomial (logit),prevent_ascvd_30yr_hba1c,5.19076761972114,0.569006725176604,2.88199705189708e-16,4.075514438375,6.30602080106729,,,17879,71933080.3504848,0.7688,0.0051
gender,Female,1999-2020,21.2,WTMEC.COMBN,age,prevent_ascvd_30yr_hba1c,cvd,18371,75770101.3986707,163,quasibinomial (logit),prevent_ascvd_30yr_hba1c,6.66369289514077,0.50232426012187,1.2999899078295e-27,5.67913734530191,7.64824844497963,,,18371,75770101.3986707,0.7542,0.0071
gender,Male,1999-2020,21.2,WTMEC.COMBN,age,prevent_ascvd_30yr_uacr,cvd,17743,71507023.0190576,163,quasibinomial (logit),prevent_ascvd_30yr_uacr,5.27446615667116,0.520178156792713,5.41237175661782e-19,4.25491696935745,6.29401534398488,,,17743,71507023.0190576,0.7727,0.0051
gender,Female,1999-2020,21.2,WTMEC.COMBN,age,prevent_ascvd_30yr_uacr,cvd,18260,75440451.316162,163,quasibinomial (logit),prevent_ascvd_30yr_uacr,6.5447683800286,0.487435335397503,4.65422885473925e-28,5.5893951226495,7.50014163740771,,,18260,75440451.316162,0.7557,0.0072
gender,Male,1999-2020,21.2,WTMEC.COMBN,age,prevent_ascvd_30yr_full,cvd,17724,71447110.1122064,163,quasibinomial (logit),prevent_ascvd_30yr_full,5.45876822490759,0.571116689217085,2.00089996769251e-17,4.3393795140421,6.57815693577308,,,17724,71447110.1122064,0.7706,0.0052
gender,Female,1999-2020,21.2,WTMEC.COMBN,age,prevent_ascvd_30yr_full,cvd,18226,75312031.7729714,163,quasibinomial (logit),prevent_ascvd_30yr_full,6.88105571116282,0.497542999048383,3.58223952399454e-29,5.90587143302799,7.85623998929765,,,18226,75312031.7729714,0.7566,0.0072
gender,Male,1999-2020,21.2,WTMEC.COMBN,age,prevent_hf_10yr_base,cvd,17898,71992993.2573361,163,quasibinomial (logit),prevent_hf_10yr_base,6.51571764727408,0.433854298076093,1.96185744654889e-32,5.66536322304494,7.36607207150322,,,17898,71992993.2573361,0.7914,0.005
gender,Female,1999-2020,21.2,WTMEC.COMBN,age,prevent_hf_10yr_base,cvd,18407,75903241.4879496,163,quasibinomial (logit),prevent_hf_10yr_base,8.04232016752088,0.532595732903098,1.17219056484931e-32,6.99843253103081,9.08620780401095,,,18407,75903241.4879496,0.767,0.0071
gender,Male,1999-2020,21.2,WTMEC.COMBN,age,prevent_hf_10yr_hba1c,cvd,17879,71933080.3504848,163,quasibinomial (logit),prevent_hf_10yr_hba1c,5.93616337376252,0.391562589291577,8.04694104309541e-33,5.16870069875102,6.70362604877401,,,17879,71933080.3504848,0.7895,0.0051
gender,Female,1999-2020,21.2,WTMEC.COMBN,age,prevent_hf_10yr_hba1c,cvd,18371,75770101.3986707,163,quasibinomial (logit),prevent_hf_10yr_hba1c,6.9607016532188,0.449375195937793,1.02301004421371e-33,6.07992626918073,7.84147703725688,,,18371,75770101.3986707,0.765,0.0071
gender,Male,1999-2020,21.2,WTMEC.COMBN,age,prevent_hf_10yr_uacr,cvd,17743,71507023.0190576,163,quasibinomial (logit),prevent_hf_10yr_uacr,5.23183170701845,0.369082942799904,4.00933728816961e-30,4.50842913913064,5.95523427490626,,,17743,71507023.0190576,0.7889,0.0051
gender,Female,1999-2020,21.2,WTMEC.COMBN,age,prevent_hf_10yr_uacr,cvd,18260,75440451.316162,163,quasibinomial (logit),prevent_hf_10yr_uacr,6.28015605672165,0.456480074382077,5.67082770531677e-29,5.38545511093278,7.17485700251052,,,18260,75440451.316162,0.7598,0.0073
gender,Male,1999-2020,21.2,WTMEC.COMBN,age,prevent_hf_10yr_full,cvd,17724,71447110.1122064,163,quasibinomial (logit),prevent_hf_10yr_full,4.81797945587635,0.341519972401249,6.16006054530231e-30,4.1486003099699,5.4873586017828,,,17724,71447110.1122064,0.7864,0.0052
gender,Female,1999-2020,21.2,WTMEC.COMBN,age,prevent_hf_10yr_full,cvd,18226,75312031.7729714,163,quasibinomial (logit),prevent_hf_10yr_full,5.75288162232918,0.40754300781586,5.83502178157971e-30,4.95409732701009,6.55166591764826,,,18226,75312031.7729714,0.7586,0.0073
gender,Male,1999-2020,21.2,WTMEC.COMBN,age,prevent_hf_30yr_base,cvd,17898,71992993.2573361,163,quasibinomial (logit),prevent_hf_30yr_base,5.72315237585823,0.308259108083748,7.34650282843381e-42,5.11896452401409,6.32734022770238,,,17898,71992993.2573361,0.7952,0.005
gender,Female,1999-2020,21.2,WTMEC.COMBN,age,prevent_hf_30yr_base,cvd,18407,75903241.4879496,163,quasibinomial (logit),prevent_hf_30yr_base,5.37192252577526,0.355817430720139,1.19313321550577e-32,4.67452036156379,6.06932468998674,,,18407,75903241.4879496,0.7637,0.0069
gender,Male,1999-2020,21.2,WTMEC.COMBN,age,prevent_hf_30yr_hba1c,cvd,17879,71933080.3504848,163,quasibinomial (logit),prevent_hf_30yr_hba1c,5.63661660847924,0.297878431499126,8.94524132226053e-43,5.05277488274095,6.22045833421752,,,17879,71933080.3504848,0.794,0.005
gender,Female,1999-2020,21.2,WTMEC.COMBN,age,prevent_hf_30yr_hba1c,cvd,18371,75770101.3986707,163,quasibinomial (logit),prevent_hf_30yr_hba1c,5.07525601855708,0.319262735861517,8.10604024398414e-35,4.44950105626851,5.70101098084566,,,18371,75770101.3986707,0.7633,0.007
gender,Male,1999-2020,21.2,WTMEC.COMBN,age,prevent_hf_30yr_uacr,cvd,17743,71507023.0190576,163,quasibinomial (logit),prevent_hf_30yr_uacr,5.63087652851193,0.290463748889681,5.93035871008022e-44,5.06156758068815,6.2001854763357,,,17743,71507023.0190576,0.7967,0.0051
gender,Female,1999-2020,21.2,WTMEC.COMBN,age,prevent_hf_30yr_uacr,cvd,18260,75440451.316162,163,quasibinomial (logit),prevent_hf_30yr_uacr,5.25746016942517,0.323061193717354,7.84480457733365e-36,4.62426022973915,5.89066010911118,,,18260,75440451.316162,0.7638,0.0071
gender,Male,1999-2020,21.2,WTMEC.COMBN,age,prevent_hf_30yr_full,cvd,17724,71447110.1122064,163,quasibinomial (logit),prevent_hf_30yr_full,5.54334990870127,0.288766752857856,1.79047854614526e-43,4.97736707309988,6.10933274430267,,,17724,71447110.1122064,0.7947,0.0051
gender,Female,1999-2020,21.2,WTMEC.COMBN,age,prevent_hf_30yr_full,cvd,18226,75312031.7729714,163,quasibinomial (logit),prevent_hf_30yr_full,5.06161847234994,0.301011456048398,2.80891413441154e-37,4.47163601849508,5.6516009262048,,,18226,75312031.7729714,0.7642,0.0071
gender,Male,1999-2020,21.2,WTMEC.COMBN,age,prevent_chd_10yr_base,cvd,17898,71992993.2573361,163,quasibinomial (logit),prevent_chd_10yr_base,6.84999580434612,1.04968638962771,8.38318646703795e-10,4.79261048067581,8.90738112801642,,,17898,71992993.2573361,0.7702,0.0051
gender,Female,1999-2020,21.2,WTMEC.COMBN,age,prevent_chd_10yr_base,cvd,18407,75903241.4879496,163,quasibinomial (logit),prevent_chd_10yr_base,15.7419297566031,1.17193822981967,4.49569943339308e-28,13.4449308261565,18.0389286870496,,,18407,75903241.4879496,0.7564,0.0072
gender,Male,1999-2020,21.2,WTMEC.COMBN,age,prevent_chd_10yr_hba1c,cvd,17879,71933080.3504848,163,quasibinomial (logit),prevent_chd_10yr_hba1c,6.74789382924133,0.971259164919233,8.72311047350647e-11,4.84422586599963,8.65156179248302,,,17879,71933080.3504848,0.7698,0.0051
gender,Female,1999-2020,21.2,WTMEC.COMBN,age,prevent_chd_10yr_hba1c,cvd,18371,75770101.3986707,163,quasibinomial (logit),prevent_chd_10yr_hba1c,11.765036937783,0.919958986085586,2.72541631178374e-26,9.96191732505526,13.5681565505108,,,18371,75770101.3986707,0.7521,0.0072
gender,Male,1999-2020,21.2,WTMEC.COMBN,age,prevent_chd_10yr_uacr,cvd,17743,71507023.0190576,163,quasibinomial (logit),prevent_chd_10yr_uacr,6.82640087944781,0.858419159519317,3.04380332150605e-13,5.14389932678995,8.50890243210568,,,17743,71507023.0190576,0.7728,0.0052
gender,Female,1999-2020,21.2,WTMEC.COMBN,age,prevent_chd_10yr_uacr,cvd,18260,75440451.316162,163,quasibinomial (logit),prevent_chd_10yr_uacr,12.7580864825772,1.1878476585516,1.2440618635445e-20,10.4299050718161,15.0862678933383,,,18260,75440451.316162,0.7523,0.0073
gender,Male,1999-2020,21.2,WTMEC.COMBN,age,prevent_chd_10yr_full,cvd,17724,71447110.1122064,163,quasibinomial (logit),prevent_chd_10yr_full,6.0800949896033,0.83173489512078,1.17914195711464e-11,4.44989459516657,7.71029538404003,,,17724,71447110.1122064,0.7708,0.0052
gender,Female,1999-2020,21.2,WTMEC.COMBN,age,prevent_chd_10yr_full,cvd,18226,75312031.7729714,163,quasibinomial (logit),prevent_chd_10yr_full,10.7263089875274,0.97792221949194,2.94586940174658e-21,8.80958143732315,12.6430365377316,,,18226,75312031.7729714,0.7497,0.0074
gender,Male,1999-2020,21.2,WTMEC.COMBN,age,prevent_chd_30yr_base,cvd,17898,71992993.2573361,163,quasibinomial (logit),prevent_chd_30yr_base,5.18994998977761,0.628870954427298,5.26385521019359e-14,3.9573629191001,6.42253706045511,,,17898,71992993.2573361,0.7678,0.0051
gender,Female,1999-2020,21.2,WTMEC.COMBN,age,prevent_chd_30yr_base,cvd,18407,75903241.4879496,163,quasibinomial (logit),prevent_chd_30yr_base,8.41271309800719,0.680035340028456,3.91930373421744e-25,7.07984383155141,9.74558236446296,,,18407,75903241.4879496,0.7528,0.0072
gender,Male,1999-2020,21.2,WTMEC.COMBN,age,prevent_chd_30yr_hba1c,cvd,17879,71933080.3504848,163,quasibinomial (logit),prevent_chd_30yr_hba1c,5.61812856919493,0.640077723826338,2.32560887671016e-15,4.36357623049531,6.87268090789456,,,17879,71933080.3504848,0.7679,0.0051
gender,Female,1999-2020,21.2,WTMEC.COMBN,age,prevent_chd_30yr_hba1c,cvd,18371,75770101.3986707,163,quasibinomial (logit),prevent_chd_30yr_hba1c,7.6975423460139,0.588593852679206,4.30647677136231e-27,6.54389839476266,8.85118629726514,,,18371,75770101.3986707,0.7517,0.0072
gender,Male,1999-2020,21.2,WTMEC.COMBN,age,prevent_chd_30yr_uacr,cvd,17743,71507023.0190576,163,quasibinomial (logit),prevent_chd_30yr_uacr,5.72910425988701,0.624467302924536,2.10138655219976e-16,4.50514834615492,6.9530601736191,,,17743,71507023.0190576,0.7704,0.0052
gender,Female,1999-2020,21.2,WTMEC.COMBN,age,prevent_chd_30yr_uacr,cvd,18260,75440451.316162,163,quasibinomial (logit),prevent_chd_30yr_uacr,8.43736142241433,0.701339859250775,3.44496329802124e-24,7.06273529828281,9.81198754654585,,,18260,75440451.316162,0.7532,0.0072
gender,Male,1999-2020,21.2,WTMEC.COMBN,age,prevent_chd_30yr_full,cvd,17724,71447110.1122064,163,quasibinomial (logit),prevent_chd_30yr_full,5.70477109979663,0.63064462647429,4.58932432042966e-16,4.46870763190702,6.94083456768624,,,17724,71447110.1122064,0.769,0.0052
gender,Female,1999-2020,21.2,WTMEC.COMBN,age,prevent_chd_30yr_full,cvd,18226,75312031.7729714,163,quasibinomial (logit),prevent_chd_30yr_full,8.11521205969753,0.644854379685392,1.00267505124884e-25,6.85129747551416,9.3791266438809,,,18226,75312031.7729714,0.7538,0.0073
gender,Male,1999-2020,21.2,WTMEC.COMBN,age,prevent_stroke_10yr_base,cvd,17898,71992993.2573361,163,quasibinomial (logit),prevent_stroke_10yr_base,11.5880570800654,1.58019771248715,1.03593899913325e-11,8.49086956359063,14.6852445965403,,,17898,71992993.2573361,0.7714,0.0051
gender,Female,1999-2020,21.2,WTMEC.COMBN,age,prevent_stroke_10yr_base,cvd,18407,75903241.4879496,163,quasibinomial (logit),prevent_stroke_10yr_base,20.7222846811664,1.49587787743799,3.09816943873558e-29,17.790364041388,23.6542053209449,,,18407,75903241.4879496,0.7602,0.0072
gender,Male,1999-2020,21.2,WTMEC.COMBN,age,prevent_stroke_10yr_hba1c,cvd,17879,71933080.3504848,163,quasibinomial (logit),prevent_stroke_10yr_hba1c,10.5718073481488,1.64149907309027,1.3134531314957e-09,7.35446916489183,13.7891455314057,,,17879,71933080.3504848,0.7698,0.0051
gender,Female,1999-2020,21.2,WTMEC.COMBN,age,prevent_stroke_10yr_hba1c,cvd,18371,75770101.3986707,163,quasibinomial (logit),prevent_stroke_10yr_hba1c,22.121699039515,1.68926776868747,3.8495835431998e-27,18.8107342128876,25.4326638661425,,,18371,75770101.3986707,0.7588,0.0071
gender,Male,1999-2020,21.2,WTMEC.COMBN,age,prevent_stroke_10yr_uacr,cvd,17743,71507023.0190576,163,quasibinomial (logit),prevent_stroke_10yr_uacr,9.85691902321695,1.13234583777682,3.59137672570988e-15,7.63752118117438,12.0763168652595,,,17743,71507023.0190576,0.7738,0.0052
gender,Female,1999-2020,21.2,WTMEC.COMBN,age,prevent_stroke_10yr_uacr,cvd,18260,75440451.316162,163,quasibinomial (logit),prevent_stroke_10yr_uacr,16.2536771813203,1.39847779620824,4.6361239657116e-23,13.5126607007521,18.9946936618884,,,18260,75440451.316162,0.755,0.0073
gender,Male,1999-2020,21.2,WTMEC.COMBN,age,prevent_stroke_10yr_full,cvd,17724,71447110.1122064,163,quasibinomial (logit),prevent_stroke_10yr_full,10.2398618896502,1.30690919267661,5.98883795718171e-13,7.67831987200406,12.8014039072964,,,17724,71447110.1122064,0.7728,0.0052
gender,Female,1999-2020,21.2,WTMEC.COMBN,age,prevent_stroke_10yr_full,cvd,18226,75312031.7729714,163,quasibinomial (logit),prevent_stroke_10yr_full,17.218678159049,1.53410332900637,5.8359575277177e-22,14.2118356341965,20.2255206839015,,,18226,75312031.7729714,0.7542,0.0073
gender,Male,1999-2020,21.2,WTMEC.COMBN,age,prevent_stroke_30yr_base,cvd,17898,71992993.2573361,163,quasibinomial (logit),prevent_stroke_30yr_base,9.41524635885172,0.965954157212539,6.22392919014062e-18,7.52197621071515,11.3085165069883,,,17898,71992993.2573361,0.7698,0.0051
gender,Female,1999-2020,21.2,WTMEC.COMBN,age,prevent_stroke_30yr_base,cvd,18407,75903241.4879496,163,quasibinomial (logit),prevent_stroke_30yr_base,10.8708629270406,0.822837563256494,1.8374510174127e-27,9.2581013030579,12.4836245510234,,,18407,75903241.4879496,0.7544,0.0071
gender,Male,1999-2020,21.2,WTMEC.COMBN,age,prevent_stroke_30yr_hba1c,cvd,17879,71933080.3504848,163,quasibinomial (logit),prevent_stroke_30yr_hba1c,9.54792752997704,1.07194831028936,1.06374522511541e-15,7.44690884180989,11.6489462181442,,,17879,71933080.3504848,0.7674,0.0051
gender,Female,1999-2020,21.2,WTMEC.COMBN,age,prevent_stroke_30yr_hba1c,cvd,18371,75770101.3986707,163,quasibinomial (logit),prevent_stroke_30yr_hba1c,12.0200929961988,0.958568636727696,1.33578997326771e-25,10.1412984682125,13.898887524185,,,18371,75770101.3986707,0.7509,0.0071
gender,Male,1999-2020,21.2,WTMEC.COMBN,age,prevent_stroke_30yr_uacr,cvd,17743,71507023.0190576,163,quasibinomial (logit),prevent_stroke_30yr_uacr,9.81253052473175,0.875110365179049,6.25903525547126e-22,8.09731420898082,11.5277468404827,,,17743,71507023.0190576,0.7735,0.0051
gender,Female,1999-2020,21.2,WTMEC.COMBN,age,prevent_stroke_30yr_uacr,cvd,18260,75440451.316162,163,quasibinomial (logit),prevent_stroke_30yr_uacr,10.587761134999,0.800062782544515,1.5946841691295e-27,9.01963808121178,12.1558841887863,,,18260,75440451.316162,0.7545,0.0072
gender,Male,1999-2020,21.2,WTMEC.COMBN,age,prevent_stroke_30yr_full,cvd,17724,71447110.1122064,163,quasibinomial (logit),prevent_stroke_30yr_full,11.1081953781775,1.02816770342002,8.33906732364759e-21,9.09298667947429,13.1234040768808,,,17724,71447110.1122064,0.7723,0.0051
gender,Female,1999-2020,21.2,WTMEC.COMBN,age,prevent_stroke_30yr_full,cvd,18226,75312031.7729714,163,quasibinomial (logit),prevent_stroke_30yr_full,11.9048734846122,0.902587263057507,2.11022002553182e-27,10.1358024490195,13.6739445202049,,,18226,75312031.7729714,0.755,0.0072
gender,Male,1999-2020,21.2,WTMEC.COMBN,age,prevent_cvd_10yr_base,ascvd,17898,71992993.2573361,163,quasibinomial (logit),prevent_cvd_10yr_base,5.85922079027822,0.465008880799061,9.07242738977197e-26,4.94780338391206,6.77063819664438,,,17898,71992993.2573361,0.785,0.0046
gender,Female,1999-2020,21.2,WTMEC.COMBN,age,prevent_cvd_10yr_base,ascvd,18407,75903241.4879496,163,quasibinomial (logit),prevent_cvd_10yr_base,7.55372362826352,0.416500622421686,9.49402625284315e-41,6.73738240831701,8.37006484821002,,,18407,75903241.4879496,0.765,0.006
gender,Male,1999-2020,21.2,WTMEC.COMBN,age,prevent_cvd_10yr_hba1c,ascvd,17879,71933080.3504848,163,quasibinomial (logit),prevent_cvd_10yr_hba1c,5.64789658261748,0.428231837395503,2.12160869409995e-27,4.8085621813223,6.48723098391267,,,17879,71933080.3504848,0.7848,0.0046
gender,Female,1999-2020,21.2,WTMEC.COMBN,age,prevent_cvd_10yr_hba1c,ascvd,18371,75770101.3986707,163,quasibinomial (logit),prevent_cvd_10yr_hba1c,7.30581092830922,0.428638010651111,6.93731584098458e-38,6.46568042743304,8.14594142918539,,,18371,75770101.3986707,0.763,0.006
gender,Male,1999-2020,21.2,WTMEC.COMBN,age,prevent_cvd_10yr_uacr,ascvd,17743,71507023.0190576,163,quasibinomial (logit),prevent_cvd_10yr_uacr,4.86390162085526,0.369275259564512,2.37045382023728e-27,4.14012211210882,5.5876811296017,,,17743,71507023.0190576,0.7858,0.0047
gender,Female,1999-2020,21.2,WTMEC.COMBN,age,prevent_cvd_10yr_uacr,ascvd,18260,75440451.316162,163,quasibinomial (logit),prevent_cvd_10yr_uacr,6.5389298008255,0.397626493659663,2.73219110208959e-36,5.75958187325256,7.31827772839844,,,18260,75440451.316162,0.761,0.0061
gender,Male,1999-2020,21.2,WTMEC.COMBN,age,prevent_cvd_10yr_full,ascvd,17724,71447110.1122064,163,quasibinomial (logit),prevent_cvd_10yr_full,4.63341176087787,0.362703796727121,2.98032985899318e-26,3.92251231929271,5.34431120246303,,,17724,71447110.1122064,0.7841,0.0047
gender,Female,1999-2020,21.2,WTMEC.COMBN,age,prevent_cvd_10yr_full,ascvd,18226,75312031.7729714,163,quasibinomial (logit),prevent_cvd_10yr_full,6.39514919075686,0.406219952947543,2.10814368444537e-34,5.59895808297968,7.19134029853404,,,18226,75312031.7729714,0.7589,0.0061
gender,Male,1999-2020,21.2,WTMEC.COMBN,age,prevent_cvd_30yr_base,ascvd,17898,71992993.2573361,163,quasibinomial (logit),prevent_cvd_30yr_base,5.484707820567,0.380061164945672,7.93748140687286e-31,4.73978793727349,6.22962770386052,,,17898,71992993.2573361,0.7867,0.0046
gender,Female,1999-2020,21.2,WTMEC.COMBN,age,prevent_cvd_30yr_base,ascvd,18407,75903241.4879496,163,quasibinomial (logit),prevent_cvd_30yr_base,5.19022143866781,0.286264001257498,9.79806595079309e-41,4.62914399620311,5.7512988811325,,,18407,75903241.4879496,0.7626,0.0059
gender,Male,1999-2020,21.2,WTMEC.COMBN,age,prevent_cvd_30yr_hba1c,ascvd,17879,71933080.3504848,163,quasibinomial (logit),prevent_cvd_30yr_hba1c,5.7102766319202,0.365987090705689,5.06422887388768e-34,4.99294193413705,6.42761132970335,,,17879,71933080.3504848,0.7874,0.0046
gender,Female,1999-2020,21.2,WTMEC.COMBN,age,prevent_cvd_30yr_hba1c,ascvd,18371,75770101.3986707,163,quasibinomial (logit),prevent_cvd_30yr_hba1c,5.28861738173424,0.297101192452289,7.09693992710272e-40,4.70629904452776,5.87093571894073,,,18371,75770101.3986707,0.7612,0.0059
gender,Male,1999-2020,21.2,WTMEC.COMBN,age,prevent_cvd_30yr_uacr,ascvd,17743,71507023.0190576,163,quasibinomial (logit),prevent_cvd_30yr_uacr,5.55930792632435,0.343383129528627,1.31889767533559e-35,4.88627699244824,6.23233886020046,,,17743,71507023.0190576,0.7903,0.0047
gender,Female,1999-2020,21.2,WTMEC.COMBN,age,prevent_cvd_30yr_uacr,ascvd,18260,75440451.316162,163,quasibinomial (logit),prevent_cvd_30yr_uacr,5.26416194457872,0.28033031358705,2.09164170546631e-42,4.7147145299481,5.81360935920934,,,18260,75440451.316162,0.7627,0.0061
gender,Male,1999-2020,21.2,WTMEC.COMBN,age,prevent_cvd_30yr_full,ascvd,17724,71447110.1122064,163,quasibinomial (logit),prevent_cvd_30yr_full,5.66588081689346,0.338131567679248,4.0299008507066e-37,5.00314294424214,6.32861868954479,,,17724,71447110.1122064,0.7894,0.0047
gender,Female,1999-2020,21.2,WTMEC.COMBN,age,prevent_cvd_30yr_full,ascvd,18226,75312031.7729714,163,quasibinomial (logit),prevent_cvd_30yr_full,5.36528093299907,0.287317586373968,3.88368695198875e-42,4.80213846370609,5.92842340229205,,,18226,75312031.7729714,0.7624,0.0061
gender,Male,1999-2020,21.2,WTMEC.COMBN,age,prevent_ascvd_10yr_base,ascvd,17898,71992993.2573361,163,quasibinomial (logit),prevent_ascvd_10yr_base,6.63457400598753,0.756628529037913,2.44982977265878e-15,5.15158208907322,8.11756592290184,,,17898,71992993.2573361,0.7764,0.0047
gender,Female,1999-2020,21.2,WTMEC.COMBN,age,prevent_ascvd_10yr_base,ascvd,18407,75903241.4879496,163,quasibinomial (logit),prevent_ascvd_10yr_base,11.4247896715446,0.704992743343055,1.19665813804228e-35,10.0430038945922,12.806575448497,,,18407,75903241.4879496,0.7579,0.006
gender,Male,1999-2020,21.2,WTMEC.COMBN,age,prevent_ascvd_10yr_hba1c,ascvd,17879,71933080.3504848,163,quasibinomial (logit),prevent_ascvd_10yr_hba1c,6.55850370238357,0.721246465971175,3.44230588679624e-16,5.14486062908007,7.97214677568707,,,17879,71933080.3504848,0.7763,0.0047
gender,Female,1999-2020,21.2,WTMEC.COMBN,age,prevent_ascvd_10yr_hba1c,ascvd,18371,75770101.3986707,163,quasibinomial (logit),prevent_ascvd_10yr_hba1c,10.5643387936543,0.707280082272008,3.27744352201144e-32,9.17806983240114,11.9506077549074,,,18371,75770101.3986707,0.7549,0.006
gender,Male,1999-2020,21.2,WTMEC.COMBN,age,prevent_ascvd_10yr_uacr,ascvd,17743,71507023.0190576,163,quasibinomial (logit),prevent_ascvd_10yr_uacr,6.1379916947546,0.606097616580697,5.8577859333648e-19,4.95004036625643,7.32594302325277,,,17743,71507023.0190576,0.7784,0.0047
gender,Female,1999-2020,21.2,WTMEC.COMBN,age,prevent_ascvd_10yr_uacr,ascvd,18260,75440451.316162,163,quasibinomial (logit),prevent_ascvd_10yr_uacr,9.95212275169659,0.714535783754821,1.92215929231631e-29,8.55163261553714,11.352612887856,,,18260,75440451.316162,0.7546,0.0062
gender,Male,1999-2020,21.2,WTMEC.COMBN,age,prevent_ascvd_10yr_full,ascvd,17724,71447110.1122064,163,quasibinomial (logit),prevent_ascvd_10yr_full,5.97264787654283,0.627033364634498,2.44910674486528e-17,4.74366248185921,7.20163327122644,,,17724,71447110.1122064,0.7769,0.0048
gender,Female,1999-2020,21.2,WTMEC.COMBN,age,prevent_ascvd_10yr_full,ascvd,18226,75312031.7729714,163,quasibinomial (logit),prevent_ascvd_10yr_full,9.6055346303602,0.735699293052306,4.93995954064444e-27,8.16356401597768,11.0475052447427,,,18226,75312031.7729714,0.7521,0.0062
gender,Male,1999-2020,21.2,WTMEC.COMBN,age,prevent_ascvd_30yr_base,ascvd,17898,71992993.2573361,163,quasibinomial (logit),prevent_ascvd_30yr_base,4.99526327316538,0.496597380527342,8.95913873680649e-19,4.02193240733179,5.96859413899897,,,17898,71992993.2573361,0.7729,0.0047
gender,Female,1999-2020,21.2,WTMEC.COMBN,age,prevent_ascvd_30yr_base,ascvd,18407,75903241.4879496,163,quasibinomial (logit),prevent_ascvd_30yr_base,6.38809567949231,0.404780831940969,1.65857934797865e-34,5.59472524888801,7.18146611009661,,,18407,75903241.4879496,0.7526,0.006
gender,Male,1999-2020,21.2,WTMEC.COMBN,age,prevent_ascvd_30yr_hba1c,ascvd,17879,71933080.3504848,163,quasibinomial (logit),prevent_ascvd_30yr_hba1c,5.34317082752949,0.513520213003736,1.02798620422735e-19,4.33667121004216,6.34967044501681,,,17879,71933080.3504848,0.7728,0.0047
gender,Female,1999-2020,21.2,WTMEC.COMBN,age,prevent_ascvd_30yr_hba1c,ascvd,18371,75770101.3986707,163,quasibinomial (logit),prevent_ascvd_30yr_hba1c,6.51024801595364,0.423379133433789,2.07119794648959e-33,5.68042491442341,7.34007111748387,,,18371,75770101.3986707,0.7507,0.006
gender,Male,1999-2020,21.2,WTMEC.COMBN,age,prevent_ascvd_30yr_uacr,ascvd,17743,71507023.0190576,163,quasibinomial (logit),prevent_ascvd_30yr_uacr,5.38081929117606,0.480971288186193,7.35826908371266e-22,4.43811556633112,6.32352301602099,,,17743,71507023.0190576,0.7757,0.0047
gender,Female,1999-2020,21.2,WTMEC.COMBN,age,prevent_ascvd_30yr_uacr,ascvd,18260,75440451.316162,163,quasibinomial (logit),prevent_ascvd_30yr_uacr,6.59219442810896,0.413593439684565,6.2443890208959e-35,5.78155128632722,7.40283756989071,,,18260,75440451.316162,0.7529,0.0061
gender,Male,1999-2020,21.2,WTMEC.COMBN,age,prevent_ascvd_30yr_full,ascvd,17724,71447110.1122064,163,quasibinomial (logit),prevent_ascvd_30yr_full,5.62615336007661,0.519831725870631,7.38890059453826e-21,4.60728317737017,6.64502354278305,,,17724,71447110.1122064,0.774,0.0047
gender,Female,1999-2020,21.2,WTMEC.COMBN,age,prevent_ascvd_30yr_full,ascvd,18226,75312031.7729714,163,quasibinomial (logit),prevent_ascvd_30yr_full,6.8841349224349,0.439559563487113,3.5049481387603e-34,6.02259817800016,7.74567166686964,,,18226,75312031.7729714,0.7526,0.0062
gender,Male,1999-2020,21.2,WTMEC.COMBN,age,prevent_hf_10yr_base,ascvd,17898,71992993.2573361,163,quasibinomial (logit),prevent_hf_10yr_base,6.90516812075963,0.426050999735048,1.18317982327107e-35,6.07010816127893,7.74022808024032,,,17898,71992993.2573361,0.7951,0.0046
gender,Female,1999-2020,21.2,WTMEC.COMBN,age,prevent_hf_10yr_base,ascvd,18407,75903241.4879496,163,quasibinomial (logit),prevent_hf_10yr_base,8.32338954207479,0.482547226273896,1.99637554893909e-38,7.37759697857795,9.26918210557163,,,18407,75903241.4879496,0.7663,0.006
gender,Male,1999-2020,21.2,WTMEC.COMBN,age,prevent_hf_10yr_hba1c,ascvd,17879,71933080.3504848,163,quasibinomial (logit),prevent_hf_10yr_hba1c,6.45043032938394,0.385679949138707,4.89154878002517e-37,5.69449762907208,7.20636302969581,,,17879,71933080.3504848,0.7942,0.0046
gender,Female,1999-2020,21.2,WTMEC.COMBN,age,prevent_hf_10yr_hba1c,ascvd,18371,75770101.3986707,163,quasibinomial (logit),prevent_hf_10yr_hba1c,7.17483186502296,0.420960420166987,6.94941988212065e-38,6.34974944149566,7.99991428855025,,,18371,75770101.3986707,0.7631,0.006
gender,Male,1999-2020,21.2,WTMEC.COMBN,age,prevent_hf_10yr_uacr,ascvd,17743,71507023.0190576,163,quasibinomial (logit),prevent_hf_10yr_uacr,5.60452158065041,0.375050242402178,3.13989659081372e-32,4.86942310554214,6.33962005575868,,,17743,71507023.0190576,0.7922,0.0047
gender,Female,1999-2020,21.2,WTMEC.COMBN,age,prevent_hf_10yr_uacr,ascvd,18260,75440451.316162,163,quasibinomial (logit),prevent_hf_10yr_uacr,6.86999723273702,0.444150285944086,1.17372231441489e-33,5.99946267228661,7.74053179318743,,,18260,75440451.316162,0.7604,0.0062
gender,Male,1999-2020,21.2,WTMEC.COMBN,age,prevent_hf_10yr_full,ascvd,17724,71447110.1122064,163,quasibinomial (logit),prevent_hf_10yr_full,5.29128693663547,0.349951928132256,1.03518951337155e-32,4.60538115749625,5.97719271577469,,,17724,71447110.1122064,0.7905,0.0047
gender,Female,1999-2020,21.2,WTMEC.COMBN,age,prevent_hf_10yr_full,ascvd,18226,75312031.7729714,163,quasibinomial (logit),prevent_hf_10yr_full,6.17104571476853,0.400930124739666,1.88633777119521e-33,5.38522267027879,6.95686875925828,,,18226,75312031.7729714,0.7575,0.0062
gender,Male,1999-2020,21.2,WTMEC.COMBN,age,prevent_hf_30yr_base,ascvd,17898,71992993.2573361,163,quasibinomial (logit),prevent_hf_30yr_base,5.74063839633028,0.28745950238314,2.00712174073003e-45,5.17721777165932,6.30405902100123,,,17898,71992993.2573361,0.7975,0.0046
gender,Female,1999-2020,21.2,WTMEC.COMBN,age,prevent_hf_30yr_base,ascvd,18407,75903241.4879496,163,quasibinomial (logit),prevent_hf_30yr_base,5.30916429805585,0.298777474804947,8.5575650350789e-40,4.72356044743815,5.89476814867354,,,18407,75903241.4879496,0.7627,0.0059
gender,Male,1999-2020,21.2,WTMEC.COMBN,age,prevent_hf_30yr_hba1c,ascvd,17879,71933080.3504848,163,quasibinomial (logit),prevent_hf_30yr_hba1c,5.71896178611329,0.274114842530584,1.2328727187831e-47,5.18169669475334,6.25622687747323,,,17879,71933080.3504848,0.7972,0.0046
gender,Female,1999-2020,21.2,WTMEC.COMBN,age,prevent_hf_30yr_hba1c,ascvd,18371,75770101.3986707,163,quasibinomial (logit),prevent_hf_30yr_hba1c,4.98454197051242,0.279008637367884,4.81677581901166e-40,4.43768504127136,5.53139889975347,,,18371,75770101.3986707,0.7612,0.0059
gender,Male,1999-2020,21.2,WTMEC.COMBN,age,prevent_hf_30yr_uacr,ascvd,17743,71507023.0190576,163,quasibinomial (logit),prevent_hf_30yr_uacr,5.69943655923914,0.273222537643911,1.25624374377244e-47,5.16392038545708,6.23495273302121,,,17743,71507023.0190576,0.7992,0.0046
gender,Female,1999-2020,21.2,WTMEC.COMBN,age,prevent_hf_30yr_uacr,ascvd,18260,75440451.316162,163,quasibinomial (logit),prevent_hf_30yr_uacr,5.36561027286585,0.285255868702256,1.73798386945305e-42,4.80650877020943,5.92471177552227,,,18260,75440451.316162,0.7635,0.006
gender,Male,1999-2020,21.2,WTMEC.COMBN,age,prevent_hf_30yr_full,ascvd,17724,71447110.1122064,163,quasibinomial (logit),prevent_hf_30yr_full,5.6738094032487,0.266692635072095,1.22163253295279e-48,5.15109183850739,6.19652696799,,,17724,71447110.1122064,0.7977,0.0046
gender,Female,1999-2020,21.2,WTMEC.COMBN,age,prevent_hf_30yr_full,ascvd,18226,75312031.7729714,163,quasibinomial (logit),prevent_hf_30yr_full,5.11759358485238,0.273483241561017,3.08487107131889e-42,4.58156643139279,5.65362073831198,,,18226,75312031.7729714,0.7625,0.006
gender,Male,1999-2020,21.2,WTMEC.COMBN,age,prevent_chd_10yr_base,ascvd,17898,71992993.2573361,163,quasibinomial (logit),prevent_chd_10yr_base,7.71155609662822,0.999785630537737,1.20638173402632e-12,5.75197626077426,9.67113593248219,,,17898,71992993.2573361,0.774,0.0047
gender,Female,1999-2020,21.2,WTMEC.COMBN,age,prevent_chd_10yr_base,ascvd,18407,75903241.4879496,163,quasibinomial (logit),prevent_chd_10yr_base,16.1883508245778,1.1309188983068,1.66145156096878e-30,13.9717497838965,18.4049518652591,,,18407,75903241.4879496,0.7545,0.0061
gender,Male,1999-2020,21.2,WTMEC.COMBN,age,prevent_chd_10yr_hba1c,ascvd,17879,71933080.3504848,163,quasibinomial (logit),prevent_chd_10yr_hba1c,7.84592648935867,0.922581892543879,1.18930849634619e-14,6.03766597997267,9.65418699874467,,,17879,71933080.3504848,0.7744,0.0047
gender,Female,1999-2020,21.2,WTMEC.COMBN,age,prevent_chd_10yr_hba1c,ascvd,18371,75770101.3986707,163,quasibinomial (logit),prevent_chd_10yr_hba1c,12.3332767919768,0.975766927870081,7.05785123337051e-26,10.4207736133514,14.2457799706022,,,18371,75770101.3986707,0.7494,0.0061
gender,Male,1999-2020,21.2,WTMEC.COMBN,age,prevent_chd_10yr_uacr,ascvd,17743,71507023.0190576,163,quasibinomial (logit),prevent_chd_10yr_uacr,7.59648282150563,0.848000774706679,7.81397317443334e-16,5.93440130308054,9.25856433993072,,,17743,71507023.0190576,0.7761,0.0048
gender,Female,1999-2020,21.2,WTMEC.COMBN,age,prevent_chd_10yr_uacr,ascvd,18260,75440451.316162,163,quasibinomial (logit),prevent_chd_10yr_uacr,13.9636593217897,1.22767424499395,2.24943601085807e-22,11.5574178016016,16.3699008419779,,,18260,75440451.316162,0.7512,0.0062
gender,Male,1999-2020,21.2,WTMEC.COMBN,age,prevent_chd_10yr_full,ascvd,17724,71447110.1122064,163,quasibinomial (logit),prevent_chd_10yr_full,7.06207333073796,0.811176679257476,3.56786379702472e-15,5.47216703939331,8.65197962208261,,,17724,71447110.1122064,0.7746,0.0048
gender,Female,1999-2020,21.2,WTMEC.COMBN,age,prevent_chd_10yr_full,ascvd,18226,75312031.7729714,163,quasibinomial (logit),prevent_chd_10yr_full,11.6707322007062,1.09230133851506,1.7707796306211e-20,9.52982157721669,13.8116428241957,,,18226,75312031.7729714,0.7469,0.0063
gender,Male,1999-2020,21.2,WTMEC.COMBN,age,prevent_chd_30yr_base,ascvd,17898,71992993.2573361,163,quasibinomial (logit),prevent_chd_30yr_base,5.22813227459047,0.580586513559487,5.88550857414612e-16,4.09018270801387,6.36608184116706,,,17898,71992993.2573361,0.7706,0.0047
gender,Female,1999-2020,21.2,WTMEC.COMBN,age,prevent_chd_30yr_base,ascvd,18407,75903241.4879496,163,quasibinomial (logit),prevent_chd_30yr_base,8.33143266689503,0.578955647856711,1.02649685362602e-30,7.19667959709588,9.46618573669418,,,18407,75903241.4879496,0.7503,0.0061
gender,Male,1999-2020,21.2,WTMEC.COMBN,age,prevent_chd_30yr_hba1c,ascvd,17879,71933080.3504848,163,quasibinomial (logit),prevent_chd_30yr_hba1c,5.74468794250108,0.583352484279244,3.33535960489366e-18,4.60131707331376,6.8880588116884,,,17879,71933080.3504848,0.7712,0.0047
gender,Female,1999-2020,21.2,WTMEC.COMBN,age,prevent_chd_30yr_hba1c,ascvd,18371,75770101.3986707,163,quasibinomial (logit),prevent_chd_30yr_hba1c,7.66157923898364,0.549312117317198,1.69843269059327e-29,6.58492748904193,8.73823098892535,,,18371,75770101.3986707,0.748,0.0061
gender,Male,1999-2020,21.2,WTMEC.COMBN,age,prevent_chd_30yr_uacr,ascvd,17743,71507023.0190576,163,quasibinomial (logit),prevent_chd_30yr_uacr,5.79262512155323,0.585694012074848,2.5619988351294e-18,4.64466485788653,6.94058538521993,,,17743,71507023.0190576,0.7726,0.0048
gender,Female,1999-2020,21.2,WTMEC.COMBN,age,prevent_chd_30yr_uacr,ascvd,18260,75440451.316162,163,quasibinomial (logit),prevent_chd_30yr_uacr,8.65881694494804,0.631188624955503,7.29029309897635e-29,7.42168724003526,9.89594664986083,,,18260,75440451.316162,0.7507,0.0062
gender,Male,1999-2020,21.2,WTMEC.COMBN,age,prevent_chd_30yr_full,ascvd,17724,71447110.1122064,163,quasibinomial (logit),prevent_chd_30yr_full,5.86086234250589,0.582406803180579,8.72773652069361e-19,4.71934500827196,7.00237967673983,,,17724,71447110.1122064,0.7717,0.0048
gender,Female,1999-2020,21.2,WTMEC.COMBN,age,prevent_chd_30yr_full,ascvd,18226,75312031.7729714,163,quasibinomial (logit),prevent_chd_30yr_full,8.28464577489755,0.627327223345965,1.89905957212205e-27,7.05508441713945,9.51420713265563,,,18226,75312031.7729714,0.7495,0.0062
gender,Male,1999-2020,21.2,WTMEC.COMBN,age,prevent_stroke_10yr_base,ascvd,17898,71992993.2573361,163,quasibinomial (logit),prevent_stroke_10yr_base,13.4667133597348,1.48477650045213,3.96895516811702e-16,10.5565514188486,16.3768753006209,,,17898,71992993.2573361,0.7768,0.0047
gender,Female,1999-2020,21.2,WTMEC.COMBN,age,prevent_stroke_10yr_base,ascvd,18407,75903241.4879496,163,quasibinomial (logit),prevent_stroke_10yr_base,21.2882974179788,1.29103611249424,2.07859610312176e-36,18.7578666374901,23.8187281984675,,,18407,75903241.4879496,0.7584,0.006
gender,Male,1999-2020,21.2,WTMEC.COMBN,age,prevent_stroke_10yr_hba1c,ascvd,17879,71933080.3504848,163,quasibinomial (logit),prevent_stroke_10yr_hba1c,13.0952472936787,1.52750899483388,7.903371169566e-15,10.1013296638043,16.0891649235531,,,17879,71933080.3504848,0.7761,0.0047
gender,Female,1999-2020,21.2,WTMEC.COMBN,age,prevent_stroke_10yr_hba1c,ascvd,18371,75770101.3986707,163,quasibinomial (logit),prevent_stroke_10yr_hba1c,22.8202869628045,1.50126595240226,6.242091564364e-33,19.8778056960961,25.7627682295129,,,18371,75770101.3986707,0.7567,0.006
gender,Male,1999-2020,21.2,WTMEC.COMBN,age,prevent_stroke_10yr_uacr,ascvd,17743,71507023.0190576,163,quasibinomial (logit),prevent_stroke_10yr_uacr,11.2974719166785,1.08649790354167,1.0736550112303e-19,9.16793602573681,13.4270078076202,,,17743,71507023.0190576,0.7784,0.0048
gender,Female,1999-2020,21.2,WTMEC.COMBN,age,prevent_stroke_10yr_uacr,ascvd,18260,75440451.316162,163,quasibinomial (logit),prevent_stroke_10yr_uacr,17.7146845545695,1.30294803706794,1.58820646551998e-28,15.1609064019164,20.2684627072227,,,18260,75440451.316162,0.7542,0.0062
gender,Male,1999-2020,21.2,WTMEC.COMBN,age,prevent_stroke_10yr_full,ascvd,17724,71447110.1122064,163,quasibinomial (logit),prevent_stroke_10yr_full,12.2198544001802,1.23129815516044,2.07167400090951e-18,9.80651001606575,14.6331987842947,,,17724,71447110.1122064,0.7783,0.0047
gender,Female,1999-2020,21.2,WTMEC.COMBN,age,prevent_stroke_10yr_full,ascvd,18226,75312031.7729714,163,quasibinomial (logit),prevent_stroke_10yr_full,18.6409255498452,1.45418911744803,2.24876750166074e-26,15.790714879647,21.4911362200433,,,18226,75312031.7729714,0.7527,0.0062
gender,Male,1999-2020,21.2,WTMEC.COMBN,age,prevent_stroke_30yr_base,ascvd,17898,71992993.2573361,163,quasibinomial (logit),prevent_stroke_30yr_base,9.82994099219966,0.898456816816984,3.50690031821806e-21,8.06896563123837,11.590916353161,,,17898,71992993.2573361,0.7741,0.0047
gender,Female,1999-2020,21.2,WTMEC.COMBN,age,prevent_stroke_30yr_base,ascvd,18407,75903241.4879496,163,quasibinomial (logit),prevent_stroke_30yr_base,10.7150461146243,0.670394818806751,4.74192622325986e-35,9.40107226976311,12.0290199594856,,,18407,75903241.4879496,0.752,0.006
gender,Male,1999-2020,21.2,WTMEC.COMBN,age,prevent_stroke_30yr_hba1c,ascvd,17879,71933080.3504848,163,quasibinomial (logit),prevent_stroke_30yr_hba1c,10.1748572238418,0.978869849831447,1.09796214327169e-19,8.25627231817215,12.0934421295114,,,17879,71933080.3504848,0.7724,0.0047
gender,Female,1999-2020,21.2,WTMEC.COMBN,age,prevent_stroke_30yr_hba1c,ascvd,18371,75770101.3986707,163,quasibinomial (logit),prevent_stroke_30yr_hba1c,11.8213584316971,0.794840773210642,4.90080540943095e-32,10.2634705162042,13.3792463471899,,,18371,75770101.3986707,0.7487,0.006
gender,Male,1999-2020,21.2,WTMEC.COMBN,age,prevent_stroke_30yr_uacr,ascvd,17743,71507023.0190576,163,quasibinomial (logit),prevent_stroke_30yr_uacr,10.2896658822303,0.818406726801021,1.08086070070606e-25,8.68558869770033,11.8937430667603,,,17743,71507023.0190576,0.7776,0.0047
gender,Female,1999-2020,21.2,WTMEC.COMBN,age,prevent_stroke_30yr_uacr,ascvd,18260,75440451.316162,163,quasibinomial (logit),prevent_stroke_30yr_uacr,10.8087852369978,0.694412627296924,6.38029852076974e-34,9.44773648749587,12.1698339864998,,,18260,75440451.316162,0.752,0.0061
gender,Male,1999-2020,21.2,WTMEC.COMBN,age,prevent_stroke_30yr_full,ascvd,17724,71447110.1122064,163,quasibinomial (logit),prevent_stroke_30yr_full,11.7685868295567,0.952176591850255,4.21311318321355e-25,9.90232070953022,13.6348529495832,,,17724,71447110.1122064,0.7772,0.0047
gender,Female,1999-2020,21.2,WTMEC.COMBN,age,prevent_stroke_30yr_full,ascvd,18226,75312031.7729714,163,quasibinomial (logit),prevent_stroke_30yr_full,12.0365925323798,0.79592934789448,1.01811692006838e-32,10.4765710105067,13.596614054253,,,18226,75312031.7729714,0.7518,0.0061
gender,Male,1999-2020,21.2,WTMEC.COMBN,age,prevent_cvd_10yr_base,chf,17841,71880730.7715036,163,quasibinomial (logit),prevent_cvd_10yr_base,7.82770971886093,0.613815374647999,3.43170128997226e-26,6.62463158455085,9.030787853171,,,17841,71880730.7715036,0.7833,0.0078
gender,Female,1999-2020,21.2,WTMEC.COMBN,age,prevent_cvd_10yr_base,chf,18364,75799194.7279538,163,quasibinomial (logit),prevent_cvd_10yr_base,8.69349262418995,0.577214039860562,1.49839171449973e-32,7.56215310606325,9.82483214231666,,,18364,75799194.7279538,0.7846,0.0102
gender,Male,1999-2020,21.2,WTMEC.COMBN,age,prevent_cvd_10yr_hba1c,chf,17822,71820817.8646524,163,quasibinomial (logit),prevent_cvd_10yr_hba1c,7.33018872465648,0.549377501588441,7.95898572186205e-28,6.25340882154313,8.40696862776983,,,17822,71820817.8646524,0.7809,0.0078
gender,Female,1999-2020,21.2,WTMEC.COMBN,age,prevent_cvd_10yr_hba1c,chf,18328,75666054.638675,163,quasibinomial (logit),prevent_cvd_10yr_hba1c,8.4494048725659,0.542340324935403,5.84079186113577e-34,7.38641783569251,9.51239190943929,,,18328,75666054.638675,0.7824,0.0101
gender,Male,1999-2020,21.2,WTMEC.COMBN,age,prevent_cvd_10yr_uacr,chf,17687,71395675.3015187,163,quasibinomial (logit),prevent_cvd_10yr_uacr,6.52493357597691,0.469835335203491,2.48414232701902e-29,5.60405631897807,7.44581083297575,,,17687,71395675.3015187,0.7889,0.008
gender,Female,1999-2020,21.2,WTMEC.COMBN,age,prevent_cvd_10yr_uacr,chf,18217,75336404.5561663,163,quasibinomial (logit),prevent_cvd_10yr_uacr,7.15439930145393,0.483807367311143,8.36431749241914e-32,6.20613686152409,8.10266174138377,,,18217,75336404.5561663,0.7753,0.0107
gender,Male,1999-2020,21.2,WTMEC.COMBN,age,prevent_cvd_10yr_full,chf,17668,71335762.3946675,163,quasibinomial (logit),prevent_cvd_10yr_full,6.28214235188018,0.458820345551598,8.61881038168079e-29,5.38285447459905,7.18143022916132,,,17668,71335762.3946675,0.7856,0.0081
gender,Female,1999-2020,21.2,WTMEC.COMBN,age,prevent_cvd_10yr_full,chf,18183,75207985.0129757,163,quasibinomial (logit),prevent_cvd_10yr_full,7.2227488482507,0.473087114951552,4.11301306474536e-33,6.29549810294566,8.14999959355574,,,18183,75207985.0129757,0.7753,0.0107
gender,Male,1999-2020,21.2,WTMEC.COMBN,age,prevent_cvd_30yr_base,chf,17841,71880730.7715036,163,quasibinomial (logit),prevent_cvd_30yr_base,6.18642985739352,0.604814163615658,3.10432807633915e-19,5.00099409670683,7.37186561808021,,,17841,71880730.7715036,0.7752,0.0078
gender,Female,1999-2020,21.2,WTMEC.COMBN,age,prevent_cvd_30yr_base,chf,18364,75799194.7279538,163,quasibinomial (logit),prevent_cvd_30yr_base,5.96440787859171,0.427238871783397,1.56619075219819e-29,5.12701968989625,6.80179606728716,,,18364,75799194.7279538,0.776,0.0101
gender,Male,1999-2020,21.2,WTMEC.COMBN,age,prevent_cvd_30yr_hba1c,chf,17822,71820817.8646524,163,quasibinomial (logit),prevent_cvd_30yr_hba1c,6.30107506588551,0.594286905161301,2.96466365413495e-20,5.13627273176936,7.46587740000165,,,17822,71820817.8646524,0.7742,0.0078
gender,Female,1999-2020,21.2,WTMEC.COMBN,age,prevent_cvd_30yr_hba1c,chf,18328,75666054.638675,163,quasibinomial (logit),prevent_cvd_30yr_hba1c,6.13916805899133,0.432221946157681,3.3465692185304e-30,5.29201304452228,6.98632307346039,,,18328,75666054.638675,0.7729,0.01
gender,Male,1999-2020,21.2,WTMEC.COMBN,age,prevent_cvd_30yr_uacr,chf,17687,71395675.3015187,163,quasibinomial (logit),prevent_cvd_30yr_uacr,6.53910785137823,0.52770665983876,3.43719956817069e-25,5.50480279809426,7.5734129046622,,,17687,71395675.3015187,0.7873,0.008
gender,Female,1999-2020,21.2,WTMEC.COMBN,age,prevent_cvd_30yr_uacr,chf,18217,75336404.5561663,163,quasibinomial (logit),prevent_cvd_30yr_uacr,6.00771046968528,0.42184169199095,2.63265773679183e-30,5.18090075338301,6.83452018598754,,,18217,75336404.5561663,0.7759,0.0105
gender,Male,1999-2020,21.2,WTMEC.COMBN,age,prevent_cvd_30yr_full,chf,17668,71335762.3946675,163,quasibinomial (logit),prevent_cvd_30yr_full,6.6540116866319,0.529704869535365,1.15998592864467e-25,5.61579014234258,7.69223323092121,,,17668,71335762.3946675,0.786,0.008
gender,Female,1999-2020,21.2,WTMEC.COMBN,age,prevent_cvd_30yr_full,chf,18183,75207985.0129757,163,quasibinomial (logit),prevent_cvd_30yr_full,6.19166095235762,0.420965775059585,1.38014188047135e-31,5.36656803324083,7.01675387147441,,,18183,75207985.0129757,0.7764,0.0104
gender,Male,1999-2020,21.2,WTMEC.COMBN,age,prevent_ascvd_10yr_base,chf,17841,71880730.7715036,163,quasibinomial (logit),prevent_ascvd_10yr_base,9.2454689653359,1.03382756925562,8.56425036222915e-16,7.21916692959489,11.2717710010769,,,17841,71880730.7715036,0.7669,0.0079
gender,Female,1999-2020,21.2,WTMEC.COMBN,age,prevent_ascvd_10yr_base,chf,18364,75799194.7279538,163,quasibinomial (logit),prevent_ascvd_10yr_base,11.856823617605,0.907071844123971,4.48340022739328e-27,10.078962803122,13.634684432088,,,18364,75799194.7279538,0.7685,0.0105
gender,Male,1999-2020,21.2,WTMEC.COMBN,age,prevent_ascvd_10yr_hba1c,chf,17822,71820817.8646524,163,quasibinomial (logit),prevent_ascvd_10yr_hba1c,8.87363273112883,0.942155956724361,4.72287868108698e-17,7.02700705594908,10.7202584063086,,,17822,71820817.8646524,0.765,0.0079
gender,Female,1999-2020,21.2,WTMEC.COMBN,age,prevent_ascvd_10yr_hba1c,chf,18328,75666054.638675,163,quasibinomial (logit),prevent_ascvd_10yr_hba1c,10.9598825455495,0.783927210921249,1.37615389511402e-29,9.42338521214387,12.4963798789552,,,18328,75666054.638675,0.7643,0.0105
gender,Male,1999-2020,21.2,WTMEC.COMBN,age,prevent_ascvd_10yr_uacr,chf,17687,71395675.3015187,163,quasibinomial (logit),prevent_ascvd_10yr_uacr,8.52973202232676,0.809548407518263,4.50110424231299e-20,6.94301714359096,10.1164469010626,,,17687,71395675.3015187,0.7747,0.0081
gender,Female,1999-2020,21.2,WTMEC.COMBN,age,prevent_ascvd_10yr_uacr,chf,18217,75336404.5561663,163,quasibinomial (logit),prevent_ascvd_10yr_uacr,9.87116002399605,0.799186720645758,4.43840327095751e-25,8.30475405153037,11.4375659964617,,,18217,75336404.5561663,0.7614,0.011
gender,Male,1999-2020,21.2,WTMEC.COMBN,age,prevent_ascvd_10yr_full,chf,17668,71335762.3946675,163,quasibinomial (logit),prevent_ascvd_10yr_full,8.43162733300407,0.823383374387068,2.88742013953561e-19,6.81779591920542,10.0454587468027,,,17668,71335762.3946675,0.7711,0.0082
gender,Female,1999-2020,21.2,WTMEC.COMBN,age,prevent_ascvd_10yr_full,chf,18183,75207985.0129757,163,quasibinomial (logit),prevent_ascvd_10yr_full,9.85810639791715,0.765142160239246,1.48297625770106e-26,8.35842776384823,11.3577850319861,,,18183,75207985.0129757,0.7611,0.011
gender,Male,1999-2020,21.2,WTMEC.COMBN,age,prevent_ascvd_30yr_base,chf,17841,71880730.7715036,163,quasibinomial (logit),prevent_ascvd_30yr_base,5.49158404413151,0.777767459515963,4.69679357096091e-11,3.96715982348023,7.0160082647828,,,17841,71880730.7715036,0.7526,0.0079
gender,Female,1999-2020,21.2,WTMEC.COMBN,age,prevent_ascvd_30yr_base,chf,18364,75799194.7279538,163,quasibinomial (logit),prevent_ascvd_30yr_base,6.36255527579571,0.541166756853429,1.96619113457237e-23,5.30186843236299,7.42324211922843,,,18364,75799194.7279538,0.7552,0.0104
gender,Male,1999-2020,21.2,WTMEC.COMBN,age,prevent_ascvd_30yr_hba1c,chf,17822,71820817.8646524,163,quasibinomial (logit),prevent_ascvd_30yr_hba1c,5.69737930284351,0.813056167763355,6.2927367534446e-11,4.10378921402733,7.29096939165968,,,17822,71820817.8646524,0.7508,0.0079
gender,Female,1999-2020,21.2,WTMEC.COMBN,age,prevent_ascvd_30yr_hba1c,chf,18328,75666054.638675,163,quasibinomial (logit),prevent_ascvd_30yr_hba1c,6.53467500783681,0.547516663699273,6.32295063359985e-24,5.46154234698623,7.60780766868738,,,18328,75666054.638675,0.7519,0.0104
gender,Male,1999-2020,21.2,WTMEC.COMBN,age,prevent_ascvd_30yr_uacr,chf,17687,71395675.3015187,163,quasibinomial (logit),prevent_ascvd_30yr_uacr,6.2666782434138,0.730616767286069,7.70322414487045e-15,4.83466937953311,7.6986871072945,,,17687,71395675.3015187,0.7614,0.0081
gender,Female,1999-2020,21.2,WTMEC.COMBN,age,prevent_ascvd_30yr_uacr,chf,18217,75336404.5561663,163,quasibinomial (logit),prevent_ascvd_30yr_uacr,6.59907775572858,0.556331485791387,1.0091897182274e-23,5.50866804357746,7.6894874678797,,,18217,75336404.5561663,0.7567,0.0108
gender,Male,1999-2020,21.2,WTMEC.COMBN,age,prevent_ascvd_30yr_full,chf,17668,71335762.3946675,163,quasibinomial (logit),prevent_ascvd_30yr_full,6.57817270505294,0.798215493684316,5.63895673838806e-14,5.01367033743168,8.1426750726742,,,17668,71335762.3946675,0.7579,0.0081
gender,Female,1999-2020,21.2,WTMEC.COMBN,age,prevent_ascvd_30yr_full,chf,18183,75207985.0129757,163,quasibinomial (logit),prevent_ascvd_30yr_full,6.98770437674769,0.568177718593214,6.22721380142776e-25,5.87407604830499,8.10133270519039,,,18183,75207985.0129757,0.7568,0.0108
gender,Male,1999-2020,21.2,WTMEC.COMBN,age,prevent_hf_10yr_base,chf,17841,71880730.7715036,163,quasibinomial (logit),prevent_hf_10yr_base,8.89982067923873,0.55556279481399,3.78658883659914e-35,7.81091760140331,9.98872375707415,,,17841,71880730.7715036,0.806,0.0076
gender,Female,1999-2020,21.2,WTMEC.COMBN,age,prevent_hf_10yr_base,chf,18364,75799194.7279538,163,quasibinomial (logit),prevent_hf_10yr_base,10.6546848580244,0.554031946560969,1.4628957677846e-43,9.56878224276488,11.7405874732839,,,18364,75799194.7279538,0.8013,0.01
gender,Male,1999-2020,21.2,WTMEC.COMBN,age,prevent_hf_10yr_hba1c,chf,17822,71820817.8646524,163,quasibinomial (logit),prevent_hf_10yr_hba1c,8.0999323696222,0.503615413758728,2.54539161000715e-35,7.11284615865509,9.08701858058931,,,17822,71820817.8646524,0.8011,0.0077
gender,Female,1999-2020,21.2,WTMEC.COMBN,age,prevent_hf_10yr_hba1c,chf,18328,75666054.638675,163,quasibinomial (logit),prevent_hf_10yr_hba1c,9.0449594171473,0.457505835949028,6.36785346762097e-45,8.14824797868721,9.94167085560739,,,18328,75666054.638675,0.7963,0.0101
gender,Male,1999-2020,21.2,WTMEC.COMBN,age,prevent_hf_10yr_uacr,chf,17687,71395675.3015187,163,quasibinomial (logit),prevent_hf_10yr_uacr,7.18610331039575,0.463197747320989,8.78526455181156e-34,6.27823572564661,8.09397089514489,,,17687,71395675.3015187,0.8039,0.008
gender,Female,1999-2020,21.2,WTMEC.COMBN,age,prevent_hf_10yr_uacr,chf,18217,75336404.5561663,163,quasibinomial (logit),prevent_hf_10yr_uacr,8.05579406675402,0.496254117985365,1.00860279445502e-35,7.08313599550271,9.02845213800534,,,18217,75336404.5561663,0.7867,0.0108
gender,Male,1999-2020,21.2,WTMEC.COMBN,age,prevent_hf_10yr_full,chf,17668,71335762.3946675,163,quasibinomial (logit),prevent_hf_10yr_full,6.74904892188617,0.450573479182195,2.51328677985684e-32,5.86592490268907,7.63217294108328,,,17668,71335762.3946675,0.7988,0.0081
gender,Female,1999-2020,21.2,WTMEC.COMBN,age,prevent_hf_10yr_full,chf,18183,75207985.0129757,163,quasibinomial (logit),prevent_hf_10yr_full,7.40469847912145,0.443445650709177,5.76284138943173e-37,6.53554500373146,8.27385195451143,,,18183,75207985.0129757,0.7841,0.0108
gender,Male,1999-2020,21.2,WTMEC.COMBN,age,prevent_hf_30yr_base,chf,17841,71880730.7715036,163,quasibinomial (logit),prevent_hf_30yr_base,7.00806299748866,0.463767661214998,1.09457091411315e-32,6.09907838150726,7.91704761347005,,,17841,71880730.7715036,0.8047,0.0076
gender,Female,1999-2020,21.2,WTMEC.COMBN,age,prevent_hf_30yr_base,chf,18364,75799194.7279538,163,quasibinomial (logit),prevent_hf_30yr_base,7.07109681349815,0.372597404635321,6.4610935163824e-43,6.34080590041293,7.80138772658338,,,18364,75799194.7279538,0.7952,0.01
gender,Male,1999-2020,21.2,WTMEC.COMBN,age,prevent_hf_30yr_hba1c,chf,17822,71820817.8646524,163,quasibinomial (logit),prevent_hf_30yr_hba1c,6.83873800668158,0.439305092505688,6.30872016385552e-34,5.97770002537043,7.69977598799273,,,17822,71820817.8646524,0.8004,0.0077
gender,Female,1999-2020,21.2,WTMEC.COMBN,age,prevent_hf_30yr_hba1c,chf,18328,75666054.638675,163,quasibinomial (logit),prevent_hf_30yr_hba1c,6.62212052113287,0.333245460728499,3.54412264353168e-45,5.96895941810501,7.27528162416073,,,18328,75666054.638675,0.7933,0.01
gender,Male,1999-2020,21.2,WTMEC.COMBN,age,prevent_hf_30yr_uacr,chf,17687,71395675.3015187,163,quasibinomial (logit),prevent_hf_30yr_uacr,7.00989391388766,0.416884010110493,2.8156963387724e-37,6.1928012540711,7.82698657370423,,,17687,71395675.3015187,0.8105,0.0078
gender,Female,1999-2020,21.2,WTMEC.COMBN,age,prevent_hf_30yr_uacr,chf,18217,75336404.5561663,163,quasibinomial (logit),prevent_hf_30yr_uacr,6.9093468566557,0.373129666281308,9.81020914878782e-42,6.17801271074434,7.64068100256706,,,18217,75336404.5561663,0.7952,0.0104
gender,Male,1999-2020,21.2,WTMEC.COMBN,age,prevent_hf_30yr_full,chf,17668,71335762.3946675,163,quasibinomial (logit),prevent_hf_30yr_full,6.9011242945279,0.412332576688883,4.54559670812186e-37,6.09295244421769,7.70929614483811,,,17668,71335762.3946675,0.8064,0.0079
gender,Female,1999-2020,21.2,WTMEC.COMBN,age,prevent_hf_30yr_full,chf,18183,75207985.0129757,163,quasibinomial (logit),prevent_hf_30yr_full,6.54575023796515,0.342550264002062,2.99382466017003e-43,5.87435172052111,7.21714875540919,,,18183,75207985.0129757,0.7943,0.0104
gender,Male,1999-2020,21.2,WTMEC.COMBN,age,prevent_chd_10yr_base,chf,17841,71880730.7715036,163,quasibinomial (logit),prevent_chd_10yr_base,10.7683496981586,1.31555986431971,7.82116194454468e-14,8.18985236409197,13.3468470322252,,,17841,71880730.7715036,0.7621,0.008
gender,Female,1999-2020,21.2,WTMEC.COMBN,age,prevent_chd_10yr_base,chf,18364,75799194.7279538,163,quasibinomial (logit),prevent_chd_10yr_base,16.5315977610395,1.39299485446197,9.71985704857516e-24,13.8013278462941,19.261867675785,,,18364,75799194.7279538,0.7626,0.0107
gender,Male,1999-2020,21.2,WTMEC.COMBN,age,prevent_chd_10yr_hba1c,chf,17822,71820817.8646524,163,quasibinomial (logit),prevent_chd_10yr_hba1c,10.3743258028658,1.15424024379154,6.52012011020626e-16,8.11201492503434,12.6366366806972,,,17822,71820817.8646524,0.7611,0.008
gender,Female,1999-2020,21.2,WTMEC.COMBN,age,prevent_chd_10yr_hba1c,chf,18328,75666054.638675,163,quasibinomial (logit),prevent_chd_10yr_hba1c,12.4593618631415,0.979097043189953,4.08197479643944e-26,10.5403316584892,14.3783920677938,,,18328,75666054.638675,0.7555,0.0108
gender,Male,1999-2020,21.2,WTMEC.COMBN,age,prevent_chd_10yr_uacr,chf,17687,71395675.3015187,163,quasibinomial (logit),prevent_chd_10yr_uacr,10.5004137054825,1.12185570625521,6.7644200864511e-17,8.30157652122232,12.6992508897428,,,17687,71395675.3015187,0.7692,0.0082
gender,Female,1999-2020,21.2,WTMEC.COMBN,age,prevent_chd_10yr_uacr,chf,18217,75336404.5561663,163,quasibinomial (logit),prevent_chd_10yr_uacr,13.4291542601423,1.30530391351297,2.13890923099092e-19,10.8707585896569,15.9875499306277,,,18217,75336404.5561663,0.7555,0.0113
gender,Male,1999-2020,21.2,WTMEC.COMBN,age,prevent_chd_10yr_full,chf,17668,71335762.3946675,163,quasibinomial (logit),prevent_chd_10yr_full,9.77149908068053,1.05670141977563,1.34789900645426e-16,7.7003642979203,11.8426338634408,,,17668,71335762.3946675,0.7659,0.0083
gender,Female,1999-2020,21.2,WTMEC.COMBN,age,prevent_chd_10yr_full,chf,18183,75207985.0129757,163,quasibinomial (logit),prevent_chd_10yr_full,11.6714457009689,1.03137694322939,3.24538230733974e-22,9.64994689223927,13.6929445096985,,,18183,75207985.0129757,0.7529,0.0113
gender,Male,1999-2020,21.2,WTMEC.COMBN,age,prevent_chd_30yr_base,chf,17841,71880730.7715036,163,quasibinomial (logit),prevent_chd_30yr_base,5.74818231809459,0.849374115196567,2.31201902449099e-10,4.08340905230932,7.41295558387987,,,17841,71880730.7715036,0.7499,0.008
gender,Female,1999-2020,21.2,WTMEC.COMBN,age,prevent_chd_30yr_base,chf,18364,75799194.7279538,163,quasibinomial (logit),prevent_chd_30yr_base,8.03925533327719,0.763842958739701,4.84360351740517e-20,6.54212313414738,9.536387532407,,,18364,75799194.7279538,0.7506,0.0106
gender,Male,1999-2020,21.2,WTMEC.COMBN,age,prevent_chd_30yr_hba1c,chf,17822,71820817.8646524,163,quasibinomial (logit),prevent_chd_30yr_hba1c,6.21535140175999,0.854980727877706,1.47853680841065e-11,4.53958917511968,7.89111362840029,,,17822,71820817.8646524,0.7499,0.008
gender,Female,1999-2020,21.2,WTMEC.COMBN,age,prevent_chd_30yr_hba1c,chf,18328,75666054.638675,163,quasibinomial (logit),prevent_chd_30yr_hba1c,7.55278810603114,0.647107318033034,3.3891759459292e-23,6.28445776268639,8.82111844937588,,,18328,75666054.638675,0.7482,0.0106
gender,Male,1999-2020,21.2,WTMEC.COMBN,age,prevent_chd_30yr_uacr,chf,17687,71395675.3015187,163,quasibinomial (logit),prevent_chd_30yr_uacr,6.6936252179388,0.83096636470566,1.67348067910551e-13,5.0649311431157,8.32231929276189,,,17687,71395675.3015187,0.7557,0.0082
gender,Female,1999-2020,21.2,WTMEC.COMBN,age,prevent_chd_30yr_uacr,chf,18217,75336404.5561663,163,quasibinomial (logit),prevent_chd_30yr_uacr,8.30876132887875,0.821670597415439,6.43427612270553e-19,6.69828695794449,9.91923569981302,,,18217,75336404.5561663,0.752,0.011
gender,Male,1999-2020,21.2,WTMEC.COMBN,age,prevent_chd_30yr_full,chf,17668,71335762.3946675,163,quasibinomial (logit),prevent_chd_30yr_full,6.94790889820753,0.832005805670706,2.95437707998225e-14,5.31717751909295,8.57864027732212,,,17668,71335762.3946675,0.7549,0.0082
gender,Female,1999-2020,21.2,WTMEC.COMBN,age,prevent_chd_30yr_full,chf,18183,75207985.0129757,163,quasibinomial (logit),prevent_chd_30yr_full,8.08939698928196,0.726006124716814,9.79322177675848e-22,6.666424984837,9.51236899372692,,,18183,75207985.0129757,0.7512,0.011
gender,Male,1999-2020,21.2,WTMEC.COMBN,age,prevent_stroke_10yr_base,chf,17841,71880730.7715036,163,quasibinomial (logit),prevent_stroke_10yr_base,18.6815709987854,1.99129769670881,5.92020483513609e-17,14.7786275132361,22.5845144843346,,,17841,71880730.7715036,0.7688,0.0078
gender,Female,1999-2020,21.2,WTMEC.COMBN,age,prevent_stroke_10yr_base,chf,18364,75799194.7279538,163,quasibinomial (logit),prevent_stroke_10yr_base,21.368798178005,1.73297227301012,5.06804760032808e-25,17.9721725229052,24.7654238331049,,,18364,75799194.7279538,0.7705,0.0104
gender,Male,1999-2020,21.2,WTMEC.COMBN,age,prevent_stroke_10yr_hba1c,chf,17822,71820817.8646524,163,quasibinomial (logit),prevent_stroke_10yr_hba1c,18.1854140348604,1.97858761881635,1.89774365135162e-16,14.3073823019803,22.0634457677404,,,17822,71820817.8646524,0.7654,0.0078
gender,Female,1999-2020,21.2,WTMEC.COMBN,age,prevent_stroke_10yr_hba1c,chf,18328,75666054.638675,163,quasibinomial (logit),prevent_stroke_10yr_hba1c,23.155937883175,1.82805829614652,5.92594149131665e-26,19.5729436227278,26.7389321436221,,,18328,75666054.638675,0.7678,0.0103
gender,Male,1999-2020,21.2,WTMEC.COMBN,age,prevent_stroke_10yr_uacr,chf,17687,71395675.3015187,163,quasibinomial (logit),prevent_stroke_10yr_uacr,15.2221593314722,1.43185586408454,2.4803125624862e-20,12.4157218378665,18.0285968250779,,,17687,71395675.3015187,0.7748,0.0081
gender,Female,1999-2020,21.2,WTMEC.COMBN,age,prevent_stroke_10yr_uacr,chf,18217,75336404.5561663,163,quasibinomial (logit),prevent_stroke_10yr_uacr,16.7143310577999,1.46473922231613,1.77747314900811e-22,13.8434421820603,19.5852199335395,,,18217,75336404.5561663,0.7616,0.011
gender,Male,1999-2020,21.2,WTMEC.COMBN,age,prevent_stroke_10yr_full,chf,17668,71335762.3946675,163,quasibinomial (logit),prevent_stroke_10yr_full,16.4533061756039,1.58538495574759,1.21682468098385e-19,13.3459516623386,19.5606606888692,,,17668,71335762.3946675,0.773,0.0081
gender,Female,1999-2020,21.2,WTMEC.COMBN,age,prevent_stroke_10yr_full,chf,18183,75207985.0129757,163,quasibinomial (logit),prevent_stroke_10yr_full,18.4389246189061,1.55710666069919,1.14628996378349e-23,15.3869955639357,21.4908536738765,,,18183,75207985.0129757,0.7621,0.011
gender,Male,1999-2020,21.2,WTMEC.COMBN,age,prevent_stroke_30yr_base,chf,17841,71880730.7715036,163,quasibinomial (logit),prevent_stroke_30yr_base,10.5340204887456,1.39058765343712,2.64896868862434e-12,7.80846868800882,13.2595722894823,,,17841,71880730.7715036,0.754,0.0078
gender,Female,1999-2020,21.2,WTMEC.COMBN,age,prevent_stroke_30yr_base,chf,18364,75799194.7279538,163,quasibinomial (logit),prevent_stroke_30yr_base,10.4120524216068,0.836677069181888,2.45112095768317e-25,8.77216536601027,12.0519394772033,,,18364,75799194.7279538,0.7559,0.0104
gender,Male,1999-2020,21.2,WTMEC.COMBN,age,prevent_stroke_30yr_hba1c,chf,17822,71820817.8646524,163,quasibinomial (logit),prevent_stroke_30yr_hba1c,10.3906642576938,1.56228170893983,4.31609815783966e-10,7.32859210817175,13.4527364072159,,,17822,71820817.8646524,0.7487,0.0078
gender,Female,1999-2020,21.2,WTMEC.COMBN,age,prevent_stroke_30yr_hba1c,chf,18328,75666054.638675,163,quasibinomial (logit),prevent_stroke_30yr_hba1c,11.3376812779711,0.987851905703091,1.16853644537359e-22,9.40149154279304,13.2738710131492,,,18328,75666054.638675,0.7493,0.0103
gender,Male,1999-2020,21.2,WTMEC.COMBN,age,prevent_stroke_30yr_uacr,chf,17687,71395675.3015187,163,quasibinomial (logit),prevent_stroke_30yr_uacr,11.6916655796076,1.22550014416598,2.2319835169492e-17,9.28968529704232,14.0936458621729,,,17687,71395675.3015187,0.7652,0.008
gender,Female,1999-2020,21.2,WTMEC.COMBN,age,prevent_stroke_30yr_uacr,chf,18217,75336404.5561663,163,quasibinomial (logit),prevent_stroke_30yr_uacr,10.4255449921657,0.869297601422926,4.36955146915907e-24,8.72172169337681,12.1293682909547,,,18217,75336404.5561663,0.757,0.0108
gender,Male,1999-2020,21.2,WTMEC.COMBN,age,prevent_stroke_30yr_full,chf,17668,71335762.3946675,163,quasibinomial (logit),prevent_stroke_30yr_full,12.7689851741637,1.44983765407185,1.94258546432294e-15,9.92730337218285,15.6106669761445,,,17668,71335762.3946675,0.7599,0.008
gender,Female,1999-2020,21.2,WTMEC.COMBN,age,prevent_stroke_30yr_full,chf,18183,75207985.0129757,163,quasibinomial (logit),prevent_stroke_30yr_full,11.7166087423426,0.975080434381896,3.77399999270469e-24,9.80545109095412,13.6277663937312,,,18183,75207985.0129757,0.7564,0.0107
gender,Male,1999-2020,21.2,WTMEC.COMBN,age,prevent_cvd_10yr_base,htn,17898,71992993.2573361,163,quasibinomial (logit),prevent_cvd_10yr_base,15.232910582533,0.609226662367878,2.55096268966587e-57,14.038826324292,16.4269948407741,,,17898,71992993.2573361,0.7682,0.0036
gender,Female,1999-2020,21.2,WTMEC.COMBN,age,prevent_cvd_10yr_base,htn,18407,75903241.4879496,163,quasibinomial (logit),prevent_cvd_10yr_base,18.2826628337015,0.717534234471776,2.24973475126487e-58,16.8762957341368,19.6890299332662,,,18407,75903241.4879496,0.8316,0.003
gender,Male,1999-2020,21.2,WTMEC.COMBN,age,prevent_cvd_10yr_hba1c,htn,17879,71933080.3504848,163,quasibinomial (logit),prevent_cvd_10yr_hba1c,14.8365212495928,0.632498911253719,8.23116181996203e-54,13.5968233835355,16.0762191156501,,,17879,71933080.3504848,0.7671,0.0036
gender,Female,1999-2020,21.2,WTMEC.COMBN,age,prevent_cvd_10yr_hba1c,htn,18371,75770101.3986707,163,quasibinomial (logit),prevent_cvd_10yr_hba1c,19.1056361772424,0.796154916607568,4.73094753915857e-55,17.5451725406916,20.6660998137933,,,18371,75770101.3986707,0.8327,0.003
gender,Male,1999-2020,21.2,WTMEC.COMBN,age,prevent_cvd_10yr_uacr,htn,17743,71507023.0190576,163,quasibinomial (logit),prevent_cvd_10yr_uacr,14.2562125201488,0.678615227367506,5.46217390274068e-48,12.9261266745084,15.5862983657891,,,17743,71507023.0190576,0.7637,0.0037
gender,Female,1999-2020,21.2,WTMEC.COMBN,age,prevent_cvd_10yr_uacr,htn,18260,75440451.316162,163,quasibinomial (logit),prevent_cvd_10yr_uacr,19.1088120464048,0.827056527741102,5.40655203189284e-53,17.4877812520322,20.7298428407773,,,18260,75440451.316162,0.8298,0.003
gender,Male,1999-2020,21.2,WTMEC.COMBN,age,prevent_cvd_10yr_full,htn,17724,71447110.1122064,163,quasibinomial (logit),prevent_cvd_10yr_full,13.4970522977036,0.686354036712516,1.17141501159987e-44,12.1517983857471,14.8423062096601,,,17724,71447110.1122064,0.7603,0.0037
gender,Female,1999-2020,21.2,WTMEC.COMBN,age,prevent_cvd_10yr_full,htn,18226,75312031.7729714,163,quasibinomial (logit),prevent_cvd_10yr_full,20.0192112535466,0.946681847400484,2.50244675923486e-48,18.1637148326417,21.8747076744516,,,18226,75312031.7729714,0.8304,0.003
gender,Male,1999-2020,21.2,WTMEC.COMBN,age,prevent_cvd_30yr_base,htn,17898,71992993.2573361,163,quasibinomial (logit),prevent_cvd_30yr_base,11.4322327718091,0.382211360413367,1.22832727521245e-67,10.6830985053989,12.1813670382193,,,17898,71992993.2573361,0.7735,0.0036
gender,Female,1999-2020,21.2,WTMEC.COMBN,age,prevent_cvd_30yr_base,htn,18407,75903241.4879496,163,quasibinomial (logit),prevent_cvd_30yr_base,11.6882335705739,0.374538211869678,3.60283823922489e-70,10.9541386753093,12.4223284658384,,,18407,75903241.4879496,0.8368,0.003
gender,Male,1999-2020,21.2,WTMEC.COMBN,age,prevent_cvd_30yr_hba1c,htn,17879,71933080.3504848,163,quasibinomial (logit),prevent_cvd_30yr_hba1c,11.9338013392192,0.39468869594271,2.79721660854081e-68,11.1602114951715,12.7073911832669,,,17879,71933080.3504848,0.7735,0.0036
gender,Female,1999-2020,21.2,WTMEC.COMBN,age,prevent_cvd_30yr_hba1c,htn,18371,75770101.3986707,163,quasibinomial (logit),prevent_cvd_30yr_hba1c,12.4542496583077,0.397095190557202,1.80425341347875e-70,11.6759430848156,13.2325562317998,,,18371,75770101.3986707,0.8389,0.003
gender,Male,1999-2020,21.2,WTMEC.COMBN,age,prevent_cvd_30yr_uacr,htn,17743,71507023.0190576,163,quasibinomial (logit),prevent_cvd_30yr_uacr,12.5433862987098,0.418313004957676,8.72810281365588e-68,11.7234928089927,13.3632797884268,,,17743,71507023.0190576,0.7778,0.0035
gender,Female,1999-2020,21.2,WTMEC.COMBN,age,prevent_cvd_30yr_uacr,htn,18260,75440451.316162,163,quasibinomial (logit),prevent_cvd_30yr_uacr,12.6461364354601,0.417559617499348,2.23194517269439e-68,11.8277195851614,13.4645532857589,,,18260,75440451.316162,0.8385,0.003
gender,Male,1999-2020,21.2,WTMEC.COMBN,age,prevent_cvd_30yr_full,htn,17724,71447110.1122064,163,quasibinomial (logit),prevent_cvd_30yr_full,12.6665016962345,0.437208865925713,9.40185228602347e-66,11.8095723190201,13.5234310734489,,,17724,71447110.1122064,0.7705,0.0036
gender,Female,1999-2020,21.2,WTMEC.COMBN,age,prevent_cvd_30yr_full,htn,18226,75312031.7729714,163,quasibinomial (logit),prevent_cvd_30yr_full,13.2134343880577,0.444222393343515,2.62139894488373e-67,12.3427584971044,14.084110279011,,,18226,75312031.7729714,0.8374,0.003
gender,Male,1999-2020,21.2,WTMEC.COMBN,age,prevent_ascvd_10yr_base,htn,17898,71992993.2573361,163,quasibinomial (logit),prevent_ascvd_10yr_base,24.3054096714579,1.08479867654256,2.37035962968637e-51,22.1792042654345,26.4316150774813,,,17898,71992993.2573361,0.7607,0.0036
gender,Female,1999-2020,21.2,WTMEC.COMBN,age,prevent_ascvd_10yr_base,htn,18407,75903241.4879496,163,quasibinomial (logit),prevent_ascvd_10yr_base,33.2585068877139,1.31988873671425,9.44035025338594e-58,30.671524963754,35.8454888116738,,,18407,75903241.4879496,0.8319,0.003
gender,Male,1999-2020,21.2,WTMEC.COMBN,age,prevent_ascvd_10yr_hba1c,htn,17879,71933080.3504848,163,quasibinomial (logit),prevent_ascvd_10yr_hba1c,24.5275665729137,1.16777811678327,5.59220942195438e-48,22.2387214640185,26.8164116818089,,,17879,71933080.3504848,0.7608,0.0037
gender,Female,1999-2020,21.2,WTMEC.COMBN,age,prevent_ascvd_10yr_hba1c,htn,18371,75770101.3986707,163,quasibinomial (logit),prevent_ascvd_10yr_hba1c,35.1138663016584,1.51524650732208,3.73336085615413e-53,32.1439831473072,38.0837494560097,,,18371,75770101.3986707,0.8331,0.003
gender,Male,1999-2020,21.2,WTMEC.COMBN,age,prevent_ascvd_10yr_uacr,htn,17743,71507023.0190576,163,quasibinomial (logit),prevent_ascvd_10yr_uacr,23.8847990567194,1.24516502296775,1.95021503839527e-43,21.4442756117026,26.3253225017362,,,17743,71507023.0190576,0.76,0.0037
gender,Female,1999-2020,21.2,WTMEC.COMBN,age,prevent_ascvd_10yr_uacr,htn,18260,75440451.316162,163,quasibinomial (logit),prevent_ascvd_10yr_uacr,35.7418805927455,1.54773807122526,5.75442297687664e-53,32.708313973144,38.7754472123471,,,18260,75440451.316162,0.8315,0.003
gender,Male,1999-2020,21.2,WTMEC.COMBN,age,prevent_ascvd_10yr_full,htn,17724,71447110.1122064,163,quasibinomial (logit),prevent_ascvd_10yr_full,24.8116489385168,1.33925964321339,9.29399976231874e-42,22.1867000378186,27.4365978392151,,,17724,71447110.1122064,0.759,0.0037
gender,Female,1999-2020,21.2,WTMEC.COMBN,age,prevent_ascvd_10yr_full,htn,18226,75312031.7729714,163,quasibinomial (logit),prevent_ascvd_10yr_full,38.6606648096238,1.84150855355121,5.90272650402127e-48,35.0513080446634,42.2700215745842,,,18226,75312031.7729714,0.8339,0.003
gender,Male,1999-2020,21.2,WTMEC.COMBN,age,prevent_ascvd_30yr_base,htn,17898,71992993.2573361,163,quasibinomial (logit),prevent_ascvd_30yr_base,14.5253129385426,0.509091447590342,7.39221488358431e-65,13.5274937012655,15.5231321758196,,,17898,71992993.2573361,0.76,0.0036
gender,Female,1999-2020,21.2,WTMEC.COMBN,age,prevent_ascvd_30yr_base,htn,18407,75903241.4879496,163,quasibinomial (logit),prevent_ascvd_30yr_base,17.9802273140834,0.604907891176739,2.88875910178485e-67,16.794607847377,19.1658467807898,,,18407,75903241.4879496,0.8341,0.003
gender,Male,1999-2020,21.2,WTMEC.COMBN,age,prevent_ascvd_30yr_hba1c,htn,17879,71933080.3504848,163,quasibinomial (logit),prevent_ascvd_30yr_hba1c,15.869174154254,0.546950822327094,7.70659583249875e-66,14.7971505424929,16.9411977660151,,,17879,71933080.3504848,0.7615,0.0036
gender,Female,1999-2020,21.2,WTMEC.COMBN,age,prevent_ascvd_30yr_hba1c,htn,18371,75770101.3986707,163,quasibinomial (logit),prevent_ascvd_30yr_hba1c,19.7995920702623,0.663445022129372,1.66958560467165e-67,18.4992398268887,21.0999443136358,,,18371,75770101.3986707,0.8371,0.003
gender,Male,1999-2020,21.2,WTMEC.COMBN,age,prevent_ascvd_30yr_uacr,htn,17743,71507023.0190576,163,quasibinomial (logit),prevent_ascvd_30yr_uacr,15.943723281919,0.555184882194596,3.07987506715642e-65,14.8555609128176,17.0318856510205,,,17743,71507023.0190576,0.765,0.0036
gender,Female,1999-2020,21.2,WTMEC.COMBN,age,prevent_ascvd_30yr_uacr,htn,18260,75440451.316162,163,quasibinomial (logit),prevent_ascvd_30yr_uacr,19.9427566371627,0.689623701514564,1.20410467787118e-65,18.5910941821941,21.2944190921312,,,18260,75440451.316162,0.8367,0.003
gender,Male,1999-2020,21.2,WTMEC.COMBN,age,prevent_ascvd_30yr_full,htn,17724,71447110.1122064,163,quasibinomial (logit),prevent_ascvd_30yr_full,16.976941517522,0.587074144528275,1.20654744456468e-65,15.8262761942466,18.1276068407975,,,17724,71447110.1122064,0.7605,0.0036
gender,Female,1999-2020,21.2,WTMEC.COMBN,age,prevent_ascvd_30yr_full,htn,18226,75312031.7729714,163,quasibinomial (logit),prevent_ascvd_30yr_full,22.0186072302673,0.767281369433801,3.39836423250393e-65,20.5147357461771,23.5224787143576,,,18226,75312031.7729714,0.8386,0.003
gender,Male,1999-2020,21.2,WTMEC.COMBN,age,prevent_hf_10yr_base,htn,17898,71992993.2573361,163,quasibinomial (logit),prevent_hf_10yr_base,13.8157176708025,0.640472255338488,2.33974109420549e-49,12.560392050339,15.0710432912659,,,17898,71992993.2573361,0.7611,0.0037
gender,Female,1999-2020,21.2,WTMEC.COMBN,age,prevent_hf_10yr_base,htn,18407,75903241.4879496,163,quasibinomial (logit),prevent_hf_10yr_base,20.714512415192,0.986369281875852,5.68267038208318e-48,18.7812286227153,22.6477962076686,,,18407,75903241.4879496,0.8324,0.003
gender,Male,1999-2020,21.2,WTMEC.COMBN,age,prevent_hf_10yr_hba1c,htn,17879,71933080.3504848,163,quasibinomial (logit),prevent_hf_10yr_hba1c,12.5744377753142,0.61151491882458,6.76850127897505e-47,11.3758685344181,13.7730070162104,,,17879,71933080.3504848,0.7575,0.0037
gender,Female,1999-2020,21.2,WTMEC.COMBN,age,prevent_hf_10yr_hba1c,htn,18371,75770101.3986707,163,quasibinomial (logit),prevent_hf_10yr_hba1c,19.1755552291133,1.02924460600107,5.0086469443419e-42,17.1582358013513,21.1928746568754,,,18371,75770101.3986707,0.8288,0.003
gender,Male,1999-2020,21.2,WTMEC.COMBN,age,prevent_hf_10yr_uacr,htn,17743,71507023.0190576,163,quasibinomial (logit),prevent_hf_10yr_uacr,13.1974389082132,0.770843187135132,4.35128780834551e-38,11.6865862614283,14.7082915549981,,,17743,71507023.0190576,0.7519,0.0037
gender,Female,1999-2020,21.2,WTMEC.COMBN,age,prevent_hf_10yr_uacr,htn,18260,75440451.316162,163,quasibinomial (logit),prevent_hf_10yr_uacr,21.507690107705,1.08007322062007,2.78850123133736e-45,19.3907465952897,23.6246336201203,,,18260,75440451.316162,0.8262,0.003
gender,Male,1999-2020,21.2,WTMEC.COMBN,age,prevent_hf_10yr_full,htn,17724,71447110.1122064,163,quasibinomial (logit),prevent_hf_10yr_full,11.6839475230942,0.710669470106767,2.8028052082123e-36,10.2910353616849,13.0768596845034,,,17724,71447110.1122064,0.7423,0.0038
gender,Female,1999-2020,21.2,WTMEC.COMBN,age,prevent_hf_10yr_full,htn,18226,75312031.7729714,163,quasibinomial (logit),prevent_hf_10yr_full,20.1633362143269,1.1620650570109,1.07190258159773e-38,17.8856887025855,22.4409837260683,,,18226,75312031.7729714,0.8238,0.0031
gender,Male,1999-2020,21.2,WTMEC.COMBN,age,prevent_hf_30yr_base,htn,17898,71992993.2573361,163,quasibinomial (logit),prevent_hf_30yr_base,12.4481653775664,0.547953751482868,4.35101734530414e-52,11.37417602466,13.5221547304728,,,17898,71992993.2573361,0.7792,0.0036
gender,Female,1999-2020,21.2,WTMEC.COMBN,age,prevent_hf_30yr_base,htn,18407,75903241.4879496,163,quasibinomial (logit),prevent_hf_30yr_base,14.357291736006,0.59451233713358,2.1288999296304e-55,13.1920475552242,15.5225359167879,,,18407,75903241.4879496,0.8423,0.003
gender,Male,1999-2020,21.2,WTMEC.COMBN,age,prevent_hf_30yr_hba1c,htn,17879,71933080.3504848,163,quasibinomial (logit),prevent_hf_30yr_hba1c,12.1713111161488,0.521676483162659,1.60921123538506e-53,11.14882520915,13.1937970231476,,,17879,71933080.3504848,0.7753,0.0036
gender,Female,1999-2020,21.2,WTMEC.COMBN,age,prevent_hf_30yr_hba1c,htn,18371,75770101.3986707,163,quasibinomial (logit),prevent_hf_30yr_hba1c,13.7826455136927,0.586045611888183,5.95006534268053e-54,12.6339961143918,14.9312949129935,,,18371,75770101.3986707,0.84,0.003
gender,Male,1999-2020,21.2,WTMEC.COMBN,age,prevent_hf_30yr_uacr,htn,17743,71507023.0190576,163,quasibinomial (logit),prevent_hf_30yr_uacr,13.1995068751032,0.588213836059626,1.96386036052343e-51,12.0466077564263,14.3524059937801,,,17743,71507023.0190576,0.7785,0.0036
gender,Female,1999-2020,21.2,WTMEC.COMBN,age,prevent_hf_30yr_uacr,htn,18260,75440451.316162,163,quasibinomial (logit),prevent_hf_30yr_uacr,15.3893914237697,0.620661458505532,7.45289851261543e-57,14.1728949650989,16.6058878824406,,,18260,75440451.316162,0.8424,0.0029
gender,Male,1999-2020,21.2,WTMEC.COMBN,age,prevent_hf_30yr_full,htn,17724,71447110.1122064,163,quasibinomial (logit),prevent_hf_30yr_full,12.7686124204225,0.594499634594372,3.92996649104267e-49,11.6033931366175,13.9338317042275,,,17724,71447110.1122064,0.7703,0.0037
gender,Female,1999-2020,21.2,WTMEC.COMBN,age,prevent_hf_30yr_full,htn,18226,75312031.7729714,163,quasibinomial (logit),prevent_hf_30yr_full,14.9856499850936,0.632829123803358,2.51584542378761e-54,13.745304902439,16.2259950677482,,,18226,75312031.7729714,0.8395,0.003
gender,Male,1999-2020,21.2,WTMEC.COMBN,age,prevent_chd_10yr_base,htn,17898,71992993.2573361,163,quasibinomial (logit),prevent_chd_10yr_base,25.5325357511399,1.37836298076268,9.43737924437197e-42,22.8309443088451,28.2341271934348,,,17898,71992993.2573361,0.7356,0.0038
gender,Female,1999-2020,21.2,WTMEC.COMBN,age,prevent_chd_10yr_base,htn,18407,75903241.4879496,163,quasibinomial (logit),prevent_chd_10yr_base,44.1430861156679,2.0640412587563,6.53349133212132e-49,40.0975652485055,48.1886069828302,,,18407,75903241.4879496,0.8139,0.0031
gender,Male,1999-2020,21.2,WTMEC.COMBN,age,prevent_chd_10yr_hba1c,htn,17879,71933080.3504848,163,quasibinomial (logit),prevent_chd_10yr_hba1c,25.1549995590118,1.50087287056032,3.93694851807295e-37,22.2132887327136,28.0967103853101,,,17879,71933080.3504848,0.7334,0.0038
gender,Female,1999-2020,21.2,WTMEC.COMBN,age,prevent_chd_10yr_hba1c,htn,18371,75770101.3986707,163,quasibinomial (logit),prevent_chd_10yr_hba1c,41.8994423376593,2.40887598675419,8.28528571110674e-39,37.1780454036211,46.6208392716975,,,18371,75770101.3986707,0.8106,0.0032
gender,Male,1999-2020,21.2,WTMEC.COMBN,age,prevent_chd_10yr_uacr,htn,17743,71507023.0190576,163,quasibinomial (logit),prevent_chd_10yr_uacr,26.3826817651686,1.68747216980049,4.1472143953011e-34,23.0752363123596,29.6901272179775,,,17743,71507023.0190576,0.7367,0.0038
gender,Female,1999-2020,21.2,WTMEC.COMBN,age,prevent_chd_10yr_uacr,htn,18260,75440451.316162,163,quasibinomial (logit),prevent_chd_10yr_uacr,48.2594891838721,2.46786973371208,2.21419391329577e-44,43.4224645057965,53.0965138619478,,,18260,75440451.316162,0.8138,0.0031
gender,Male,1999-2020,21.2,WTMEC.COMBN,age,prevent_chd_10yr_full,htn,17724,71447110.1122064,163,quasibinomial (logit),prevent_chd_10yr_full,24.2764466927338,1.7504868203065,2.80818265025885e-29,20.8454925249331,27.7074008605346,,,17724,71447110.1122064,0.7282,0.0039
gender,Female,1999-2020,21.2,WTMEC.COMBN,age,prevent_chd_10yr_full,htn,18226,75312031.7729714,163,quasibinomial (logit),prevent_chd_10yr_full,49.053822559773,2.99566757268159,4.20540403846051e-36,43.1823141173171,54.9253310022289,,,18226,75312031.7729714,0.8139,0.0031
gender,Male,1999-2020,21.2,WTMEC.COMBN,age,prevent_chd_30yr_base,htn,17898,71992993.2573361,163,quasibinomial (logit),prevent_chd_30yr_base,13.4374318436922,0.581589568328676,5.40474536900956e-53,12.297516289768,14.5773473976164,,,17898,71992993.2573361,0.7308,0.0038
gender,Female,1999-2020,21.2,WTMEC.COMBN,age,prevent_chd_30yr_base,htn,18407,75903241.4879496,163,quasibinomial (logit),prevent_chd_30yr_base,21.6283341200332,0.870684925249368,5.89717307102652e-57,19.9217916665444,23.3348765735219,,,18407,75903241.4879496,0.8147,0.0031
gender,Male,1999-2020,21.2,WTMEC.COMBN,age,prevent_chd_30yr_hba1c,htn,17879,71933080.3504848,163,quasibinomial (logit),prevent_chd_30yr_hba1c,14.5311880269853,0.650709392680499,3.55245690118778e-51,13.2557976173315,15.806578436639,,,17879,71933080.3504848,0.7307,0.0038
gender,Female,1999-2020,21.2,WTMEC.COMBN,age,prevent_chd_30yr_hba1c,htn,18371,75770101.3986707,163,quasibinomial (logit),prevent_chd_30yr_hba1c,22.5880655073467,0.996690462210243,5.84413279110096e-52,20.6345522014146,24.5415788132788,,,18371,75770101.3986707,0.8143,0.0031
gender,Male,1999-2020,21.2,WTMEC.COMBN,age,prevent_chd_30yr_uacr,htn,17743,71507023.0190576,163,quasibinomial (logit),prevent_chd_30yr_uacr,14.999647711015,0.653075506019912,1.12798849041814e-52,13.7196197192159,16.279675702814,,,17743,71507023.0190576,0.7348,0.0038
gender,Female,1999-2020,21.2,WTMEC.COMBN,age,prevent_chd_30yr_uacr,htn,18260,75440451.316162,163,quasibinomial (logit),prevent_chd_30yr_uacr,24.2507630908985,1.01272739582837,6.19789275798499e-55,22.2658173950749,26.2357087867221,,,18260,75440451.316162,0.8169,0.0031
gender,Male,1999-2020,21.2,WTMEC.COMBN,age,prevent_chd_30yr_full,htn,17724,71447110.1122064,163,quasibinomial (logit),prevent_chd_30yr_full,14.8730481664254,0.708565573476727,6.02548503489574e-48,13.484259642411,16.2618366904397,,,17724,71447110.1122064,0.7267,0.0039
gender,Female,1999-2020,21.2,WTMEC.COMBN,age,prevent_chd_30yr_full,htn,18226,75312031.7729714,163,quasibinomial (logit),prevent_chd_30yr_full,26.7072622031033,1.18698456356412,1.41581133076826e-51,24.3807724585176,29.033751947689,,,18226,75312031.7729714,0.8188,0.0031
gender,Male,1999-2020,21.2,WTMEC.COMBN,age,prevent_stroke_10yr_base,htn,17898,71992993.2573361,163,quasibinomial (logit),prevent_stroke_10yr_base,67.7689166646785,2.77193731011433,4.48820273691766e-56,62.3359195368544,73.2019137925025,,,17898,71992993.2573361,0.7844,0.0035
gender,Female,1999-2020,21.2,WTMEC.COMBN,age,prevent_stroke_10yr_base,htn,18407,75903241.4879496,163,quasibinomial (logit),prevent_stroke_10yr_base,76.6641842441102,2.87967993505784,7.40797493124188e-61,71.0200115713968,82.3083569168236,,,18407,75903241.4879496,0.8475,0.0028
gender,Male,1999-2020,21.2,WTMEC.COMBN,age,prevent_stroke_10yr_hba1c,htn,17879,71933080.3504848,163,quasibinomial (logit),prevent_stroke_10yr_hba1c,70.9640455158328,2.87263981259267,1.19631882797007e-56,65.3336714831511,76.5944195485144,,,17879,71933080.3504848,0.7854,0.0035
gender,Female,1999-2020,21.2,WTMEC.COMBN,age,prevent_stroke_10yr_hba1c,htn,18371,75770101.3986707,163,quasibinomial (logit),prevent_stroke_10yr_hba1c,90.48032049516,3.24913820666659,1.91439909945305e-63,84.1120096100935,96.8486313802266,,,18371,75770101.3986707,0.8532,0.0028
gender,Male,1999-2020,21.2,WTMEC.COMBN,age,prevent_stroke_10yr_uacr,htn,17743,71507023.0190576,163,quasibinomial (logit),prevent_stroke_10yr_uacr,61.7093855948328,3.07424581102112,1.11146803604761e-45,55.6838638052314,67.7349073844342,,,17743,71507023.0190576,0.7782,0.0035
gender,Female,1999-2020,21.2,WTMEC.COMBN,age,prevent_stroke_10yr_uacr,htn,18260,75440451.316162,163,quasibinomial (logit),prevent_stroke_10yr_uacr,81.1391555733529,3.24912774266111,2.99205112116705e-57,74.7708651977371,87.5074459489686,,,18260,75440451.316162,0.8461,0.0028
gender,Male,1999-2020,21.2,WTMEC.COMBN,age,prevent_stroke_10yr_full,htn,17724,71447110.1122064,163,quasibinomial (logit),prevent_stroke_10yr_full,72.3434036046473,3.3000312927996,3.3553447361881e-50,65.8753422707601,78.8114649385345,,,17724,71447110.1122064,0.7857,0.0035
gender,Female,1999-2020,21.2,WTMEC.COMBN,age,prevent_stroke_10yr_full,htn,18226,75312031.7729714,163,quasibinomial (logit),prevent_stroke_10yr_full,90.9451835023798,3.79675123083981,5.96046347845523e-55,83.5035510899338,98.3868159148258,,,18226,75312031.7729714,0.8502,0.0028
gender,Male,1999-2020,21.2,WTMEC.COMBN,age,prevent_stroke_30yr_base,htn,17898,71992993.2573361,163,quasibinomial (logit),prevent_stroke_30yr_base,44.9443661451444,1.57185751361816,5.53669707307661e-65,41.8635254184528,48.025206871836,,,17898,71992993.2573361,0.795,0.0033
gender,Female,1999-2020,21.2,WTMEC.COMBN,age,prevent_stroke_30yr_base,htn,18407,75903241.4879496,163,quasibinomial (logit),prevent_stroke_30yr_base,41.6726586862613,1.36602069879278,8.23584022552965e-69,38.9952581166274,44.3500592558951,,,18407,75903241.4879496,0.8519,0.0028
gender,Male,1999-2020,21.2,WTMEC.COMBN,age,prevent_stroke_30yr_hba1c,htn,17879,71933080.3504848,163,quasibinomial (logit),prevent_stroke_30yr_hba1c,49.7020222246464,1.51449531709132,3.26152786086388e-73,46.7336114031474,52.6704330461453,,,17879,71933080.3504848,0.7969,0.0033
gender,Female,1999-2020,21.2,WTMEC.COMBN,age,prevent_stroke_30yr_hba1c,htn,18371,75770101.3986707,163,quasibinomial (logit),prevent_stroke_30yr_hba1c,50.0294982098219,1.42865727857259,3.38140045241548e-77,47.2293299438196,52.8296664758242,,,18371,75770101.3986707,0.8603,0.0027
gender,Male,1999-2020,21.2,WTMEC.COMBN,age,prevent_stroke_30yr_uacr,htn,17743,71507023.0190576,163,quasibinomial (logit),prevent_stroke_30yr_uacr,49.3327233207131,1.77703206903655,2.89488442321068e-63,45.8497404654014,52.8157061760247,,,17743,71507023.0190576,0.8008,0.0033
gender,Female,1999-2020,21.2,WTMEC.COMBN,age,prevent_stroke_30yr_uacr,htn,18260,75440451.316162,163,quasibinomial (logit),prevent_stroke_30yr_uacr,46.3720973822336,1.51986933219622,8.08977809037083e-69,43.393153491129,49.3510412733382,,,18260,75440451.316162,0.855,0.0028
gender,Male,1999-2020,21.2,WTMEC.COMBN,age,prevent_stroke_30yr_full,htn,17724,71447110.1122064,163,quasibinomial (logit),prevent_stroke_30yr_full,55.7305354670585,1.68479058212929,1.07278203573118e-73,52.4283459260851,59.0327250080319,,,17724,71447110.1122064,0.8029,0.0033
gender,Female,1999-2020,21.2,WTMEC.COMBN,age,prevent_stroke_30yr_full,htn,18226,75312031.7729714,163,quasibinomial (logit),prevent_stroke_30yr_full,52.3418270662276,1.5948984826714,3.25132204106466e-73,49.2158260401917,55.4678280922635,,,18226,75312031.7729714,0.8587,0.0027
gender,Male,1999-2020,21.2,WTMEC.COMBN,age,prevent_cvd_10yr_base,diabetes,17898,71992993.2573361,163,quasibinomial (logit),prevent_cvd_10yr_base,37.8334627140246,1.02741955227985,2.52505652327563e-80,35.8197203915561,39.8472050364931,,,17898,71992993.2573361,0.9359,0.002
gender,Female,1999-2020,21.2,WTMEC.COMBN,age,prevent_cvd_10yr_base,diabetes,18407,75903241.4879496,163,quasibinomial (logit),prevent_cvd_10yr_base,38.2734438492951,0.960791827239434,2.79525103478033e-85,36.3902918679058,40.1565958306844,,,18407,75903241.4879496,0.9471,0.0019
gender,Male,1999-2020,21.2,WTMEC.COMBN,age,prevent_cvd_10yr_hba1c,diabetes,17879,71933080.3504848,163,quasibinomial (logit),prevent_cvd_10yr_hba1c,33.0020785143694,0.935971572363451,1.27128537964254e-77,31.167574232537,34.8365827962017,,,17879,71933080.3504848,0.9175,0.0024
gender,Female,1999-2020,21.2,WTMEC.COMBN,age,prevent_cvd_10yr_hba1c,diabetes,18371,75770101.3986707,163,quasibinomial (logit),prevent_cvd_10yr_hba1c,31.8524134730341,0.759196690493663,1.37235855376713e-88,30.3643879596666,33.3404389864017,,,18371,75770101.3986707,0.9216,0.0024
gender,Male,1999-2020,21.2,WTMEC.COMBN,age,prevent_cvd_10yr_uacr,diabetes,17743,71507023.0190576,163,quasibinomial (logit),prevent_cvd_10yr_uacr,28.8450901469234,0.919680161200681,1.79728078126896e-70,27.0425170309701,30.6476632628768,,,17743,71507023.0190576,0.911,0.0024
gender,Female,1999-2020,21.2,WTMEC.COMBN,age,prevent_cvd_10yr_uacr,diabetes,18260,75440451.316162,163,quasibinomial (logit),prevent_cvd_10yr_uacr,30.3714347862692,0.854417015265437,4.00035605606533e-78,28.696777436349,32.0460921361895,,,18260,75440451.316162,0.9265,0.0023
gender,Male,1999-2020,21.2,WTMEC.COMBN,age,prevent_cvd_10yr_full,diabetes,17724,71447110.1122064,163,quasibinomial (logit),prevent_cvd_10yr_full,28.0615153726168,0.904186340679586,7.73117283658999e-70,26.2893101448848,29.8337206003488,,,17724,71447110.1122064,0.901,0.0027
gender,Female,1999-2020,21.2,WTMEC.COMBN,age,prevent_cvd_10yr_full,diabetes,18226,75312031.7729714,163,quasibinomial (logit),prevent_cvd_10yr_full,28.6770570241693,0.759834976244921,7.23118997226852e-82,27.1877804707292,30.1663335776093,,,18226,75312031.7729714,0.9119,0.0026
gender,Male,1999-2020,21.2,WTMEC.COMBN,age,prevent_cvd_30yr_base,diabetes,17898,71992993.2573361,163,quasibinomial (logit),prevent_cvd_30yr_base,21.4869703595793,0.562267037887529,1.18598584069078e-82,20.3849269653197,22.5890137538389,,,17898,71992993.2573361,0.8955,0.0026
gender,Female,1999-2020,21.2,WTMEC.COMBN,age,prevent_cvd_30yr_base,diabetes,18407,75903241.4879496,163,quasibinomial (logit),prevent_cvd_30yr_base,20.0505747373441,0.470391502976833,1.32073287581714e-89,19.1286073915095,20.9725420831787,,,18407,75903241.4879496,0.924,0.0022
gender,Male,1999-2020,21.2,WTMEC.COMBN,age,prevent_cvd_30yr_hba1c,diabetes,17879,71933080.3504848,163,quasibinomial (logit),prevent_cvd_30yr_hba1c,19.8558837630639,0.531649130407705,3.29075090977264e-81,18.8138514674648,20.897916058663,,,17879,71933080.3504848,0.8795,0.0029
gender,Female,1999-2020,21.2,WTMEC.COMBN,age,prevent_cvd_30yr_hba1c,diabetes,18371,75770101.3986707,163,quasibinomial (logit),prevent_cvd_30yr_hba1c,17.8742963357253,0.406446592170182,1.28699066924148e-91,17.0776610150717,18.6709316563788,,,18371,75770101.3986707,0.9019,0.0026
gender,Male,1999-2020,21.2,WTMEC.COMBN,age,prevent_cvd_30yr_uacr,diabetes,17743,71507023.0190576,163,quasibinomial (logit),prevent_cvd_30yr_uacr,20.5079528254665,0.566318779288357,2.79880659947974e-79,19.3979680180614,21.6179376328717,,,17743,71507023.0190576,0.893,0.0026
gender,Female,1999-2020,21.2,WTMEC.COMBN,age,prevent_cvd_30yr_uacr,diabetes,18260,75440451.316162,163,quasibinomial (logit),prevent_cvd_30yr_uacr,18.824367237573,0.437724101209281,3.55077994586357e-90,17.9664279992029,19.6823064759432,,,18260,75440451.316162,0.9171,0.0023
gender,Male,1999-2020,21.2,WTMEC.COMBN,age,prevent_cvd_30yr_full,diabetes,17724,71447110.1122064,163,quasibinomial (logit),prevent_cvd_30yr_full,21.0346363781103,0.573040965347168,3.98835831870972e-80,19.9114760860299,22.1577966701908,,,17724,71447110.1122064,0.8897,0.0027
gender,Female,1999-2020,21.2,WTMEC.COMBN,age,prevent_cvd_30yr_full,diabetes,18226,75312031.7729714,163,quasibinomial (logit),prevent_cvd_30yr_full,18.0147594661564,0.409535933649098,1.23899917688329e-91,17.2120690362042,18.8174498961086,,,18226,75312031.7729714,0.9033,0.0026
gender,Male,1999-2020,21.2,WTMEC.COMBN,age,prevent_ascvd_10yr_base,diabetes,17898,71992993.2573361,163,quasibinomial (logit),prevent_ascvd_10yr_base,48.5353550544464,1.30105641263639,3.8886652127084e-81,45.9852844856791,51.0854256232138,,,17898,71992993.2573361,0.9082,0.0024
gender,Female,1999-2020,21.2,WTMEC.COMBN,age,prevent_ascvd_10yr_base,diabetes,18407,75903241.4879496,163,quasibinomial (logit),prevent_ascvd_10yr_base,62.8600607788375,1.77117670066419,5.00752715303954e-78,59.3885544455357,66.3315671121393,,,18407,75903241.4879496,0.9441,0.0019
gender,Male,1999-2020,21.2,WTMEC.COMBN,age,prevent_ascvd_10yr_hba1c,diabetes,17879,71933080.3504848,163,quasibinomial (logit),prevent_ascvd_10yr_hba1c,42.4524526233792,1.20004498265377,7.95523681794967e-78,40.1003644573778,44.8045407893806,,,17879,71933080.3504848,0.8847,0.0028
gender,Female,1999-2020,21.2,WTMEC.COMBN,age,prevent_ascvd_10yr_hba1c,diabetes,18371,75770101.3986707,163,quasibinomial (logit),prevent_ascvd_10yr_hba1c,53.4751454886278,1.44006508439251,7.53975004683056e-81,50.6526179232184,56.2976730540371,,,18371,75770101.3986707,0.9174,0.0025
gender,Male,1999-2020,21.2,WTMEC.COMBN,age,prevent_ascvd_10yr_uacr,diabetes,17743,71507023.0190576,163,quasibinomial (logit),prevent_ascvd_10yr_uacr,41.8298012601607,1.3872191247217,4.06285026991114e-68,39.1108517757061,44.5487507446152,,,17743,71507023.0190576,0.8951,0.0026
gender,Female,1999-2020,21.2,WTMEC.COMBN,age,prevent_ascvd_10yr_uacr,diabetes,18260,75440451.316162,163,quasibinomial (logit),prevent_ascvd_10yr_uacr,52.7688015280065,1.62813853159733,1.87091881571914e-72,49.5776500060757,55.9599530499373,,,18260,75440451.316162,0.9263,0.0023
gender,Male,1999-2020,21.2,WTMEC.COMBN,age,prevent_ascvd_10yr_full,diabetes,17724,71447110.1122064,163,quasibinomial (logit),prevent_ascvd_10yr_full,39.7121345938209,1.35654653531905,2.29497795809891e-66,37.0533033845955,42.3709658030462,,,17724,71447110.1122064,0.8756,0.003
gender,Female,1999-2020,21.2,WTMEC.COMBN,age,prevent_ascvd_10yr_full,diabetes,18226,75312031.7729714,163,quasibinomial (logit),prevent_ascvd_10yr_full,51.2434273688129,1.50233103339778,1.41721902972035e-75,48.2988585433533,54.1879961942726,,,18226,75312031.7729714,0.9105,0.0026
gender,Male,1999-2020,21.2,WTMEC.COMBN,age,prevent_ascvd_30yr_base,diabetes,17898,71992993.2573361,163,quasibinomial (logit),prevent_ascvd_30yr_base,20.994488392121,0.564556085545282,6.11915146081916e-81,19.8879584644522,22.1010183197897,,,17898,71992993.2573361,0.8533,0.0031
gender,Female,1999-2020,21.2,WTMEC.COMBN,age,prevent_ascvd_30yr_base,diabetes,18407,75903241.4879496,163,quasibinomial (logit),prevent_ascvd_30yr_base,25.4071547179246,0.633501855146665,1.03791980464638e-85,24.1654910818371,26.648818354012,,,18407,75903241.4879496,0.9104,0.0024
gender,Male,1999-2020,21.2,WTMEC.COMBN,age,prevent_ascvd_30yr_hba1c,diabetes,17879,71933080.3504848,163,quasibinomial (logit),prevent_ascvd_30yr_hba1c,18.981669480753,0.5403904438464,2.1867008107752e-77,17.9225042108141,20.0408347506919,,,17879,71933080.3504848,0.8239,0.0034
gender,Female,1999-2020,21.2,WTMEC.COMBN,age,prevent_ascvd_30yr_hba1c,diabetes,18371,75770101.3986707,163,quasibinomial (logit),prevent_ascvd_30yr_hba1c,22.9480702742465,0.566207235667545,2.22525533446374e-86,21.8383040923381,24.0578364561548,,,18371,75770101.3986707,0.8836,0.0029
gender,Male,1999-2020,21.2,WTMEC.COMBN,age,prevent_ascvd_30yr_uacr,diabetes,17743,71507023.0190576,163,quasibinomial (logit),prevent_ascvd_30yr_uacr,21.6481963528361,0.634576945429887,1.38755640008822e-75,20.4044255397935,22.8919671658786,,,17743,71507023.0190576,0.8566,0.0031
gender,Female,1999-2020,21.2,WTMEC.COMBN,age,prevent_ascvd_30yr_uacr,diabetes,18260,75440451.316162,163,quasibinomial (logit),prevent_ascvd_30yr_uacr,24.9236263276669,0.641644292370506,1.1077085258447e-83,23.6660035146207,26.1812491407131,,,18260,75440451.316162,0.9043,0.0025
gender,Male,1999-2020,21.2,WTMEC.COMBN,age,prevent_ascvd_30yr_full,diabetes,17724,71447110.1122064,163,quasibinomial (logit),prevent_ascvd_30yr_full,20.3598523753432,0.605943078553263,1.18582796685438e-74,19.1722039413788,21.5475008093076,,,17724,71447110.1122064,0.8291,0.0034
gender,Female,1999-2020,21.2,WTMEC.COMBN,age,prevent_ascvd_30yr_full,diabetes,18226,75312031.7729714,163,quasibinomial (logit),prevent_ascvd_30yr_full,24.463281886482,0.616399846965078,4.81619318929459e-85,23.2551381864305,25.6714255865336,,,18226,75312031.7729714,0.887,0.0029
gender,Male,1999-2020,21.2,WTMEC.COMBN,age,prevent_hf_10yr_base,diabetes,17898,71992993.2573361,163,quasibinomial (logit),prevent_hf_10yr_base,45.5327174697455,1.25892729358688,3.34370542406263e-79,43.0652199743152,48.0002149651758,,,17898,71992993.2573361,0.9447,0.0018
gender,Female,1999-2020,21.2,WTMEC.COMBN,age,prevent_hf_10yr_base,diabetes,18407,75903241.4879496,163,quasibinomial (logit),prevent_hf_10yr_base,53.567709019783,1.28940575138116,5.85916450328957e-88,51.0404737470759,56.0949442924901,,,18407,75903241.4879496,0.9597,0.0016
gender,Male,1999-2020,21.2,WTMEC.COMBN,age,prevent_hf_10yr_hba1c,diabetes,17879,71933080.3504848,163,quasibinomial (logit),prevent_hf_10yr_hba1c,38.9364432206298,1.152193672289,5.28316208111291e-75,36.6781436229434,41.1947428183163,,,17879,71933080.3504848,0.9299,0.0022
gender,Female,1999-2020,21.2,WTMEC.COMBN,age,prevent_hf_10yr_hba1c,diabetes,18371,75770101.3986707,163,quasibinomial (logit),prevent_hf_10yr_hba1c,44.3650210029144,1.01880543459706,5.55843627566211e-91,42.3681623511042,46.3618796547246,,,18371,75770101.3986707,0.9477,0.002
gender,Male,1999-2020,21.2,WTMEC.COMBN,age,prevent_hf_10yr_uacr,diabetes,17743,71507023.0190576,163,quasibinomial (logit),prevent_hf_10yr_uacr,33.4626782002115,1.18386491735751,2.60507334863877e-64,31.1423029621908,35.7830534382322,,,17743,71507023.0190576,0.915,0.0024
gender,Female,1999-2020,21.2,WTMEC.COMBN,age,prevent_hf_10yr_uacr,diabetes,18260,75440451.316162,163,quasibinomial (logit),prevent_hf_10yr_uacr,39.4288964500418,1.01435193895101,9.98692237515239e-84,37.4407666496978,41.4170262503858,,,18260,75440451.316162,0.9353,0.0022
gender,Male,1999-2020,21.2,WTMEC.COMBN,age,prevent_hf_10yr_full,diabetes,17724,71447110.1122064,163,quasibinomial (logit),prevent_hf_10yr_full,32.8886173217808,1.14096593165008,1.86127251312318e-65,30.6523240957466,35.1249105478149,,,17724,71447110.1122064,0.9096,0.0026
gender,Female,1999-2020,21.2,WTMEC.COMBN,age,prevent_hf_10yr_full,diabetes,18226,75312031.7729714,163,quasibinomial (logit),prevent_hf_10yr_full,36.7212875233519,0.881665521262476,4.03305958579386e-88,34.9932231016774,38.4493519450263,,,18226,75312031.7729714,0.9285,0.0024
gender,Male,1999-2020,21.2,WTMEC.COMBN,age,prevent_hf_30yr_base,diabetes,17898,71992993.2573361,163,quasibinomial (logit),prevent_hf_30yr_base,24.9011072755822,0.529499428155672,5.71275618970617e-96,23.8632883963971,25.9389261547673,,,17898,71992993.2573361,0.9275,0.0021
gender,Female,1999-2020,21.2,WTMEC.COMBN,age,prevent_hf_30yr_base,diabetes,18407,75903241.4879496,163,quasibinomial (logit),prevent_hf_30yr_base,24.3093628317826,0.455260691572187,2.56466816836495e-104,23.4170518763011,25.2016737872641,,,18407,75903241.4879496,0.9454,0.0018
gender,Male,1999-2020,21.2,WTMEC.COMBN,age,prevent_hf_30yr_hba1c,diabetes,17879,71933080.3504848,163,quasibinomial (logit),prevent_hf_30yr_hba1c,23.2759844850199,0.496396654216738,8.87321559784042e-96,22.3030470427551,24.2489219272847,,,17879,71933080.3504848,0.9193,0.0023
gender,Female,1999-2020,21.2,WTMEC.COMBN,age,prevent_hf_30yr_hba1c,diabetes,18371,75770101.3986707,163,quasibinomial (logit),prevent_hf_30yr_hba1c,22.7377860425203,0.428145724907047,5.86440879955641e-104,21.8986204217025,23.5769516633382,,,18371,75770101.3986707,0.94,0.0019
gender,Male,1999-2020,21.2,WTMEC.COMBN,age,prevent_hf_30yr_uacr,diabetes,17743,71507023.0190576,163,quasibinomial (logit),prevent_hf_30yr_uacr,23.8438935507983,0.575569778623051,8.9055177307919e-88,22.7157767846971,24.9720103168995,,,17743,71507023.0190576,0.921,0.0021
gender,Female,1999-2020,21.2,WTMEC.COMBN,age,prevent_hf_30yr_uacr,diabetes,18260,75440451.316162,163,quasibinomial (logit),prevent_hf_30yr_uacr,22.9294632013132,0.480458546388992,6.2701517567998e-97,21.9877644503908,23.8711619522356,,,18260,75440451.316162,0.9376,0.0019
gender,Male,1999-2020,21.2,WTMEC.COMBN,age,prevent_hf_30yr_full,diabetes,17724,71447110.1122064,163,quasibinomial (logit),prevent_hf_30yr_full,25.3096290628127,0.611262524218986,9.5991458800811e-88,24.1115545153435,26.5077036102819,,,17724,71447110.1122064,0.9244,0.0022
gender,Female,1999-2020,21.2,WTMEC.COMBN,age,prevent_hf_30yr_full,diabetes,18226,75312031.7729714,163,quasibinomial (logit),prevent_hf_30yr_full,22.3493865983942,0.453956260465456,5.75798495317724e-99,21.4596323278819,23.2391408689065,,,18226,75312031.7729714,0.9339,0.0021
gender,Male,1999-2020,21.2,WTMEC.COMBN,age,prevent_chd_10yr_base,diabetes,17898,71992993.2573361,163,quasibinomial (logit),prevent_chd_10yr_base,55.160377241231,1.62109039862021,1.9970018847011e-75,51.9830400599354,58.3377144225266,,,17898,71992993.2573361,0.8847,0.0028
gender,Female,1999-2020,21.2,WTMEC.COMBN,age,prevent_chd_10yr_base,diabetes,18407,75903241.4879496,163,quasibinomial (logit),prevent_chd_10yr_base,93.0798232422198,2.85217993635999,7.1365115397181e-73,87.4895505669542,98.6700959174853,,,18407,75903241.4879496,0.9351,0.0022
gender,Male,1999-2020,21.2,WTMEC.COMBN,age,prevent_chd_10yr_hba1c,diabetes,17879,71933080.3504848,163,quasibinomial (logit),prevent_chd_10yr_hba1c,54.7007867615883,1.63647645218667,2.46829901884363e-74,51.4932929153024,57.9082806078741,,,17879,71933080.3504848,0.8767,0.003
gender,Female,1999-2020,21.2,WTMEC.COMBN,age,prevent_chd_10yr_hba1c,diabetes,18371,75770101.3986707,163,quasibinomial (logit),prevent_chd_10yr_hba1c,85.3408163400809,2.52325535496886,4.69211658140298e-75,80.395235844342,90.2863968358199,,,18371,75770101.3986707,0.9189,0.0026
gender,Male,1999-2020,21.2,WTMEC.COMBN,age,prevent_chd_10yr_uacr,diabetes,17743,71507023.0190576,163,quasibinomial (logit),prevent_chd_10yr_uacr,52.4785425451126,1.79910554772518,3.73940586283925e-66,48.9522956715712,56.0047894186539,,,17743,71507023.0190576,0.8783,0.0029
gender,Female,1999-2020,21.2,WTMEC.COMBN,age,prevent_chd_10yr_uacr,diabetes,18260,75440451.316162,163,quasibinomial (logit),prevent_chd_10yr_uacr,81.3601149196136,2.86720728265017,1.54316476088753e-64,75.7403886456193,86.9798411936079,,,18260,75440451.316162,0.9199,0.0025
gender,Male,1999-2020,21.2,WTMEC.COMBN,age,prevent_chd_10yr_full,diabetes,17724,71447110.1122064,163,quasibinomial (logit),prevent_chd_10yr_full,56.9307741475418,1.91641753328818,3.12357803473456e-67,53.174595782297,60.6869525127867,,,17724,71447110.1122064,0.8781,0.003
gender,Female,1999-2020,21.2,WTMEC.COMBN,age,prevent_chd_10yr_full,diabetes,18226,75312031.7729714,163,quasibinomial (logit),prevent_chd_10yr_full,81.9642290824957,2.68745872442843,8.53119955124549e-69,76.696809982616,87.2316481823754,,,18226,75312031.7729714,0.9072,0.0029
gender,Male,1999-2020,21.2,WTMEC.COMBN,age,prevent_chd_30yr_base,diabetes,17898,71992993.2573361,163,quasibinomial (logit),prevent_chd_30yr_base,20.9337719575651,0.640820638996764,6.2080053623615e-73,19.6777635051314,22.1897804099987,,,17898,71992993.2573361,0.8301,0.0034
gender,Female,1999-2020,21.2,WTMEC.COMBN,age,prevent_chd_30yr_base,diabetes,18407,75903241.4879496,163,quasibinomial (logit),prevent_chd_30yr_base,34.9165744832624,0.950087792907155,3.35856757185578e-80,33.0544024091644,36.7787465573604,,,18407,75903241.4879496,0.9055,0.0026
gender,Male,1999-2020,21.2,WTMEC.COMBN,age,prevent_chd_30yr_hba1c,diabetes,17879,71933080.3504848,163,quasibinomial (logit),prevent_chd_30yr_hba1c,21.6857480024173,0.679632995720065,1.65314337061053e-71,20.3536673308059,23.0178286740286,,,17879,71933080.3504848,0.8225,0.0035
gender,Female,1999-2020,21.2,WTMEC.COMBN,age,prevent_chd_30yr_hba1c,diabetes,18371,75770101.3986707,163,quasibinomial (logit),prevent_chd_30yr_hba1c,34.7784592449617,0.909253938256841,1.04017351816843e-82,32.9963215259783,36.5605969639451,,,18371,75770101.3986707,0.8959,0.0028
gender,Male,1999-2020,21.2,WTMEC.COMBN,age,prevent_chd_30yr_uacr,diabetes,17743,71507023.0190576,163,quasibinomial (logit),prevent_chd_30yr_uacr,22.6655669628645,0.746122463445589,1.47237697912344e-68,21.2031669345111,24.1279669912178,,,17743,71507023.0190576,0.8357,0.0034
gender,Female,1999-2020,21.2,WTMEC.COMBN,age,prevent_chd_30yr_uacr,diabetes,18260,75440451.316162,163,quasibinomial (logit),prevent_chd_30yr_uacr,35.6412357733273,1.04677935653732,1.8243288018011e-75,33.5895482345142,37.6929233121405,,,18260,75440451.316162,0.9021,0.0026
gender,Male,1999-2020,21.2,WTMEC.COMBN,age,prevent_chd_30yr_full,diabetes,17724,71447110.1122064,163,quasibinomial (logit),prevent_chd_30yr_full,25.600258199753,0.807646940704587,4.15250429075725e-71,24.017270195972,27.183246203534,,,17724,71447110.1122064,0.8421,0.0034
gender,Female,1999-2020,21.2,WTMEC.COMBN,age,prevent_chd_30yr_full,diabetes,18226,75312031.7729714,163,quasibinomial (logit),prevent_chd_30yr_full,37.3392986504341,1.0297870143111,2.32794907774891e-79,35.3209161023844,39.3576811984839,,,18226,75312031.7729714,0.8953,0.0028
gender,Male,1999-2020,21.2,WTMEC.COMBN,age,prevent_stroke_10yr_base,diabetes,17898,71992993.2573361,163,quasibinomial (logit),prevent_stroke_10yr_base,108.715617393728,3.06230655393849,4.79731073370624e-78,102.713496548009,114.717738239448,,,17898,71992993.2573361,0.9142,0.0022
gender,Female,1999-2020,21.2,WTMEC.COMBN,age,prevent_stroke_10yr_base,diabetes,18407,75903241.4879496,163,quasibinomial (logit),prevent_stroke_10yr_base,128.263699115306,3.42007030355678,1.80518802099893e-81,121.560361320334,134.967036910277,,,18407,75903241.4879496,0.9523,0.0017
gender,Male,1999-2020,21.2,WTMEC.COMBN,age,prevent_stroke_10yr_hba1c,diabetes,17879,71933080.3504848,163,quasibinomial (logit),prevent_stroke_10yr_hba1c,79.6103884372076,2.47147391790684,4.41716550207434e-72,74.7662995581102,84.454477316305,,,17879,71933080.3504848,0.8682,0.0029
gender,Female,1999-2020,21.2,WTMEC.COMBN,age,prevent_stroke_10yr_hba1c,diabetes,18371,75770101.3986707,163,quasibinomial (logit),prevent_stroke_10yr_hba1c,96.030283331127,2.50385815789638,7.02693145540026e-83,91.1227213416501,100.937845320604,,,18371,75770101.3986707,0.9056,0.0025
gender,Male,1999-2020,21.2,WTMEC.COMBN,age,prevent_stroke_10yr_uacr,diabetes,17743,71507023.0190576,163,quasibinomial (logit),prevent_stroke_10yr_uacr,81.5167598311597,3.07968136263396,1.58030597734333e-60,75.4805843603971,87.5529353019223,,,17743,71507023.0190576,0.8932,0.0025
gender,Female,1999-2020,21.2,WTMEC.COMBN,age,prevent_stroke_10yr_uacr,diabetes,18260,75440451.316162,163,quasibinomial (logit),prevent_stroke_10yr_uacr,102.270599729103,2.99214005868742,1.05810270788661e-75,96.4060052140752,108.13519424413,,,18260,75440451.316162,0.9323,0.002
gender,Male,1999-2020,21.2,WTMEC.COMBN,age,prevent_stroke_10yr_full,diabetes,17724,71447110.1122064,163,quasibinomial (logit),prevent_stroke_10yr_full,61.997396146183,2.51656711077664,1.69780821475571e-56,57.0649246090608,66.9298676833052,,,17724,71447110.1122064,0.846,0.0031
gender,Female,1999-2020,21.2,WTMEC.COMBN,age,prevent_stroke_10yr_full,diabetes,18226,75312031.7729714,163,quasibinomial (logit),prevent_stroke_10yr_full,88.8857247165342,2.51105383103723,7.27780200914614e-78,83.9640592077012,93.8073902253672,,,18226,75312031.7729714,0.9029,0.0026
gender,Male,1999-2020,21.2,WTMEC.COMBN,age,prevent_stroke_30yr_base,diabetes,17898,71992993.2573361,163,quasibinomial (logit),prevent_stroke_30yr_base,43.2844987750962,1.2483369260475,1.3819410437341e-76,40.8377584000431,45.7312391501493,,,17898,71992993.2573361,0.852,0.0031
gender,Female,1999-2020,21.2,WTMEC.COMBN,age,prevent_stroke_30yr_base,diabetes,18407,75903241.4879496,163,quasibinomial (logit),prevent_stroke_30yr_base,45.7648234533309,1.15757529710945,8.44608746605493e-85,43.4959758709964,48.0336710356654,,,18407,75903241.4879496,0.9131,0.0023
gender,Male,1999-2020,21.2,WTMEC.COMBN,age,prevent_stroke_30yr_hba1c,diabetes,17879,71933080.3504848,163,quasibinomial (logit),prevent_stroke_30yr_hba1c,31.2488875692141,1.06928639402408,2.89902115856787e-66,29.1530862369269,33.3446889015013,,,17879,71933080.3504848,0.7828,0.0037
gender,Female,1999-2020,21.2,WTMEC.COMBN,age,prevent_stroke_30yr_hba1c,diabetes,18371,75770101.3986707,163,quasibinomial (logit),prevent_stroke_30yr_hba1c,35.6211313038165,0.9548786527089,3.89197611752739e-81,33.749569144507,37.4926934631259,,,18371,75770101.3986707,0.8528,0.0031
gender,Male,1999-2020,21.2,WTMEC.COMBN,age,prevent_stroke_30yr_uacr,diabetes,17743,71507023.0190576,163,quasibinomial (logit),prevent_stroke_30yr_uacr,42.4398833503644,1.36751758006419,7.7605157665614e-70,39.7595488934386,45.1202178072902,,,17743,71507023.0190576,0.851,0.0031
gender,Female,1999-2020,21.2,WTMEC.COMBN,age,prevent_stroke_30yr_uacr,diabetes,18260,75440451.316162,163,quasibinomial (logit),prevent_stroke_30yr_uacr,43.67998733819,1.13836049530319,6.56313953512695e-83,41.4488007673957,45.9111739089842,,,18260,75440451.316162,0.9041,0.0025
gender,Male,1999-2020,21.2,WTMEC.COMBN,age,prevent_stroke_30yr_full,diabetes,17724,71447110.1122064,163,quasibinomial (logit),prevent_stroke_30yr_full,28.7108265603303,1.12305664167443,1.46225854994436e-58,26.5096355426484,30.9120175780122,,,17724,71447110.1122064,0.769,0.0038
gender,Female,1999-2020,21.2,WTMEC.COMBN,age,prevent_stroke_30yr_full,diabetes,18226,75312031.7729714,163,quasibinomial (logit),prevent_stroke_30yr_full,38.5380521868662,1.02506533111837,1.26436786175209e-81,36.5289241378742,40.5471802358582,,,18226,75312031.7729714,0.8655,0.003
