strata_var,strata_level,cycle_yrs,n_yrs.,survweight.,model_covars,exposure,outcome,n_total_raw,n_total_weighted,model_df,model_type,exp_level,beta,se,pval,low95CI,up95CI,fstat,f_pval,n_exp_raw,n_exp_weighted
gender,Male,1999-2020,21.2,WTMEC.COMBN,age,educ_level,bmi,28039,106615601.443363,163,gaussian (identity),College graduate or above (Intercept),26.4809344613904,0.190611737381415,4.55029128363918e-167,26.1073354561229,26.854533466658,25.0101850058934,4.68386903443399e-16,5797,29405952.4225698
gender,Male,1999-2020,21.2,WTMEC.COMBN,age,educ_level,bmi,28039,106615601.443363,163,gaussian (identity),Some college or AA degree,1.09718235306054,0.128950994486824,1.27678300266666e-14,0.844438403866365,1.34992630225471,25.0101850058934,4.68386903443399e-16,7329,30715141.8262814
gender,Male,1999-2020,21.2,WTMEC.COMBN,age,educ_level,bmi,28039,106615601.443363,163,gaussian (identity),HS graduate or GED,0.947811411775508,0.143787896348246,6.16842340055625e-10,0.665987134932945,1.22963568861807,25.0101850058934,4.68386903443399e-16,6864,27090249.625817
gender,Male,1999-2020,21.2,WTMEC.COMBN,age,educ_level,bmi,28039,106615601.443363,163,gaussian (identity),9-11th grade,0.171052612392496,0.162140187891469,0.293050754144339,-0.146742155874783,0.488847380659775,25.0101850058934,4.68386903443399e-16,4714,12949955.3247512
gender,Male,1999-2020,21.2,WTMEC.COMBN,age,educ_level,bmi,28039,106615601.443363,163,gaussian (identity),Less than 9th grade,-0.173546671131539,0.158253490720169,0.27446861336409,-0.483723512943071,0.136630170679993,25.0101850058934,4.68386903443399e-16,3335,6454302.24394374
gender,Female,1999-2020,21.2,WTMEC.COMBN,age,educ_level,bmi,30040,114691761.813937,163,gaussian (identity),College graduate or above (Intercept),26.1476669617677,0.192573337993973,1.64691924389655e-165,25.7702232192996,26.5251107042359,58.1234172831603,4.34475100196303e-30,6032,30960320.5990467
gender,Female,1999-2020,21.2,WTMEC.COMBN,age,educ_level,bmi,30040,114691761.813937,163,gaussian (identity),Some college or AA degree,2.09336904554863,0.171496203418843,1.46618365332713e-24,1.75723648684769,2.42950160424956,58.1234172831603,4.34475100196303e-30,9082,37093849.3779709
gender,Female,1999-2020,21.2,WTMEC.COMBN,age,educ_level,bmi,30040,114691761.813937,163,gaussian (identity),HS graduate or GED,1.95426488623775,0.142529302155983,1.09395466393382e-28,1.67490745401202,2.23362231846347,58.1234172831603,4.34475100196303e-30,7008,27274828.4854077
gender,Female,1999-2020,21.2,WTMEC.COMBN,age,educ_level,bmi,30040,114691761.813937,163,gaussian (identity),9-11th grade,2.21391125380076,0.194912505117931,3.10249479086935e-22,1.83188274376961,2.5959397638319,58.1234172831603,4.34475100196303e-30,4721,13077708.0391694
gender,Female,1999-2020,21.2,WTMEC.COMBN,age,educ_level,bmi,30040,114691761.813937,163,gaussian (identity),Less than 9th grade,1.73266606345193,0.211922518467469,8.99727967472051e-14,1.31729792725569,2.14803419964817,58.1234172831603,4.34475100196303e-30,3197,6285055.31234268
gender,Male,1999-2020,21.2,WTMEC.COMBN,age,educ_level,waist,27184,103890689.443935,163,gaussian (identity),College graduate or above (Intercept),87.2747467800035,0.512493072297651,6.03791733522852e-181,86.2702603583001,88.2792332017069,30.1177917678867,1.26626981785195e-18,5656,28810195.928111
gender,Male,1999-2020,21.2,WTMEC.COMBN,age,educ_level,waist,27184,103890689.443935,163,gaussian (identity),Some college or AA degree,2.60874557411374,0.352276963665018,7.35625139486334e-12,1.91828272533031,3.29920842289718,30.1177917678867,1.26626981785195e-18,7106,29975385.8915841
gender,Male,1999-2020,21.2,WTMEC.COMBN,age,educ_level,waist,27184,103890689.443935,163,gaussian (identity),HS graduate or GED,2.10394335949494,0.385038167234719,1.77553452495646e-07,1.34926855171489,2.85861816727499,30.1177917678867,1.26626981785195e-18,6657,26374784.7219033
gender,Male,1999-2020,21.2,WTMEC.COMBN,age,educ_level,waist,27184,103890689.443935,163,gaussian (identity),9-11th grade,-0.0649732817190398,0.412117523344045,0.874928255808236,-0.872723627473369,0.742777064035289,30.1177917678867,1.26626981785195e-18,4574,12573697.1530218
gender,Male,1999-2020,21.2,WTMEC.COMBN,age,educ_level,waist,27184,103890689.443935,163,gaussian (identity),Less than 9th grade,-1.51132024294532,0.423939877959713,0.000481711634254379,-2.34224240374636,-0.680398082144283,30.1177917678867,1.26626981785195e-18,3191,6156625.74931531
gender,Female,1999-2020,21.2,WTMEC.COMBN,age,educ_level,waist,28792,110477391.345104,163,gaussian (identity),College graduate or above (Intercept),84.1600884720356,0.460238677226957,8.31126237262746e-186,83.2580206646708,85.0621562794004,61.9020934773698,2.21647329348846e-31,5814,30004989.1843642
gender,Female,1999-2020,21.2,WTMEC.COMBN,age,educ_level,waist,28792,110477391.345104,163,gaussian (identity),Some college or AA degree,4.88856144339714,0.388571847471454,1.3743008739527e-25,4.12696062235309,5.65016226444119,61.9020934773698,2.21647329348846e-31,8753,35881318.5121758
gender,Female,1999-2020,21.2,WTMEC.COMBN,age,educ_level,waist,28792,110477391.345104,163,gaussian (identity),HS graduate or GED,4.85813547146922,0.337352073898453,1.44440667084654e-30,4.19692540662826,5.51934553631019,61.9020934773698,2.21647329348846e-31,6722,26223096.0131653
gender,Female,1999-2020,21.2,WTMEC.COMBN,age,educ_level,waist,28792,110477391.345104,163,gaussian (identity),9-11th grade,5.47871168645258,0.445050873740542,7.60530773807225e-25,4.60641197392112,6.35101139898404,61.9020934773698,2.21647329348846e-31,4504,12484040.1754181
gender,Female,1999-2020,21.2,WTMEC.COMBN,age,educ_level,waist,28792,110477391.345104,163,gaussian (identity),Less than 9th grade,3.71410324360193,0.483250784492179,1.51416755825337e-12,2.76693170599726,4.6612747812066,61.9020934773698,2.21647329348846e-31,2999,5883947.45998068
gender,Female,2017-2020,3.2,WTMEC.COMBN,age,educ_level,whr,4107,118285045.235749,25,gaussian (identity),College graduate or above (Intercept),0.816997892920894,0.00553014009273957,7.2913090665278e-32,0.806158818339125,0.827836967502664,39.9786178246418,2.84946473464155e-09,1030,38620387.432451
gender,Female,2017-2020,3.2,WTMEC.COMBN,age,educ_level,whr,4107,118285045.235749,25,gaussian (identity),Some college or AA degree,0.020710555731953,0.00246682468974676,5.48586478871169e-08,0.0158755793400493,0.0255455321238566,39.9786178246418,2.84946473464155e-09,1425,37198490.961515
gender,Female,2017-2020,3.2,WTMEC.COMBN,age,educ_level,whr,4107,118285045.235749,25,gaussian (identity),HS graduate or GED,0.0302401664559337,0.00308865254756327,4.50959323326781e-09,0.0241864074627097,0.0362939254491577,39.9786178246418,2.84946473464155e-09,961,30916120.596696
gender,Female,2017-2020,3.2,WTMEC.COMBN,age,educ_level,whr,4107,118285045.235749,25,gaussian (identity),9-11th grade,0.0386024256162558,0.00430557331551044,1.9192362932764e-08,0.0301635019178554,0.0470413493146563,39.9786178246418,2.84946473464155e-09,417,7809470.337575
gender,Female,2017-2020,3.2,WTMEC.COMBN,age,educ_level,whr,4107,118285045.235749,25,gaussian (identity),Less than 9th grade,0.0359995493945797,0.0048104809854001,3.21698625690125e-07,0.0265710066631955,0.0454280921259639,39.9786178246418,2.84946473464155e-09,274,3740575.907512
gender,Male,2017-2020,3.2,WTMEC.COMBN,age,educ_level,whr,3920,111084937.371258,25,gaussian (identity),College graduate or above (Intercept),0.863921234742951,0.00534484873044634,1.20879242620686e-32,0.853445331231276,0.874397138254625,10.6510816304188,8.64266923704368e-05,960,34314441.497766
gender,Male,2017-2020,3.2,WTMEC.COMBN,age,educ_level,whr,3920,111084937.371258,25,gaussian (identity),Some college or AA degree,0.0154936883369722,0.00414585973022403,0.00129972560520329,0.0073678032657331,0.0236195734082113,10.6510816304188,8.64266923704368e-05,1194,32754188.842753
gender,Male,2017-2020,3.2,WTMEC.COMBN,age,educ_level,whr,3920,111084937.371258,25,gaussian (identity),HS graduate or GED,0.0209911469526063,0.00396247205768323,3.48204132765936e-05,0.0132247017195472,0.0287575921856654,10.6510816304188,8.64266923704368e-05,995,31348353.839827
gender,Male,2017-2020,3.2,WTMEC.COMBN,age,educ_level,whr,3920,111084937.371258,25,gaussian (identity),9-11th grade,0.015338085727625,0.00498683554786539,0.00596417417619386,0.00556388805380886,0.0251122834014412,10.6510816304188,8.64266923704368e-05,460,8462790.236935
gender,Male,2017-2020,3.2,WTMEC.COMBN,age,educ_level,whr,3920,111084937.371258,25,gaussian (identity),Less than 9th grade,0.0225941062644806,0.00435382074151471,4.45293367511438e-05,0.0140606176111118,0.0311275949178495,10.6510816304188,8.64266923704368e-05,311,4205162.953977
gender,Male,1999-2020,21.2,WTMEC.COMBN,age,educ_level,wt,28150,106884109.111788,163,gaussian (identity),College graduate or above (Intercept),86.2989239017266,0.65817818657215,3.92049936616854e-163,85.0088946560452,87.588953147408,90.9856384990142,5.63075450588808e-40,5812,29461624.3104625
gender,Male,1999-2020,21.2,WTMEC.COMBN,age,educ_level,wt,28150,106884109.111788,163,gaussian (identity),Some college or AA degree,2.51169188588895,0.459843590546614,1.79405000068403e-07,1.61039844841759,3.41298532336032,90.9856384990142,5.63075450588808e-40,7354,30769105.7581315
gender,Male,1999-2020,21.2,WTMEC.COMBN,age,educ_level,wt,28150,106884109.111788,163,gaussian (identity),HS graduate or GED,0.846758661573137,0.495959683112898,0.0897280736945893,-0.125322317328142,1.81883964047442,90.9856384990142,5.63075450588808e-40,6886,27160113.6108019
gender,Male,1999-2020,21.2,WTMEC.COMBN,age,educ_level,wt,28150,106884109.111788,163,gaussian (identity),9-11th grade,-2.75597775407839,0.560482769184575,2.18219034957177e-06,-3.85452398168016,-1.65743152647662,90.9856384990142,5.63075450588808e-40,4736,12991507.5564668
gender,Male,1999-2020,21.2,WTMEC.COMBN,age,educ_level,wt,28150,106884109.111788,163,gaussian (identity),Less than 9th grade,-7.8393545428334,0.548836068193363,3.00814348674398e-30,-8.91507323649239,-6.76363584917441,90.9856384990142,5.63075450588808e-40,3362,6501757.87592518
gender,Female,1999-2020,21.2,WTMEC.COMBN,age,educ_level,wt,30138,114999713.600811,163,gaussian (identity),College graduate or above (Intercept),73.3610531468336,0.550375424201436,2.98223030574015e-164,72.2823173153987,74.4397889782684,50.0758844797046,3.65478594834324e-27,6042,30994381.5880424
gender,Female,1999-2020,21.2,WTMEC.COMBN,age,educ_level,wt,30138,114999713.600811,163,gaussian (identity),Some college or AA degree,4.58237599340614,0.477967407056275,1.91840254983145e-17,3.64555987557584,5.51919211123644,50.0758844797046,3.65478594834324e-27,9103,37172412.2924203
gender,Female,1999-2020,21.2,WTMEC.COMBN,age,educ_level,wt,30138,114999713.600811,163,gaussian (identity),HS graduate or GED,3.21324167335228,0.403515045635215,3.09051939458559e-13,2.42235218390726,4.0041311627973,50.0758844797046,3.65478594834324e-27,7031,27333341.0262881
gender,Female,1999-2020,21.2,WTMEC.COMBN,age,educ_level,wt,30138,114999713.600811,163,gaussian (identity),9-11th grade,2.9914184234077,0.536897782054684,1.06384034411325e-07,1.93909877058052,4.04373807623488,50.0758844797046,3.65478594834324e-27,4738,13137956.2974416
gender,Female,1999-2020,21.2,WTMEC.COMBN,age,educ_level,wt,30138,114999713.600811,163,gaussian (identity),Less than 9th grade,-2.0219226485842,0.540867940340236,0.0002585630922213,-3.08202381165106,-0.961821485517337,50.0758844797046,3.65478594834324e-27,3224,6361622.3966187
gender,Male,1999-2020,21.2,WTMEC.COMBN,age,educ_level,sbp_mean,27269,103765974.117875,163,gaussian (identity),College graduate or above (Intercept),107.696931285683,0.409082948425998,9.91446286580074e-211,106.895128706768,108.498733864598,35.2191777748279,5.15845043923863e-21,5649,28646938.7868289
gender,Male,1999-2020,21.2,WTMEC.COMBN,age,educ_level,sbp_mean,27269,103765974.117875,163,gaussian (identity),Some college or AA degree,2.36237292222872,0.28967016992281,1.01415445343661e-13,1.79461938918001,2.93012645527743,35.2191777748279,5.15845043923863e-21,7152,30034183.9438335
gender,Male,1999-2020,21.2,WTMEC.COMBN,age,educ_level,sbp_mean,27269,103765974.117875,163,gaussian (identity),HS graduate or GED,3.09738724153061,0.353248196219004,2.72670026286498e-15,2.40502077694137,3.78975370611986,35.2191777748279,5.15845043923863e-21,6678,26375837.0690609
gender,Male,1999-2020,21.2,WTMEC.COMBN,age,educ_level,sbp_mean,27269,103765974.117875,163,gaussian (identity),9-11th grade,3.60090021763301,0.384317024674732,7.24644812039542e-17,2.84763884927054,4.35416158599549,35.2191777748279,5.15845043923863e-21,4564,12534249.3829998
gender,Male,1999-2020,21.2,WTMEC.COMBN,age,educ_level,sbp_mean,27269,103765974.117875,163,gaussian (identity),Less than 9th grade,3.58558070566334,0.415306361081056,6.08400425036297e-15,2.77158023794447,4.39958117338221,35.2191777748279,5.15845043923863e-21,3226,6174764.93515174
gender,Female,1999-2020,21.2,WTMEC.COMBN,age,educ_level,sbp_mean,28725,110116180.410036,163,gaussian (identity),College graduate or above (Intercept),89.4099624119208,0.410963114453908,1.10685105326652e-197,88.6044747075911,90.2154501162504,76.2890888079272,6.70060168334187e-36,5758,29718669.4724332
gender,Female,1999-2020,21.2,WTMEC.COMBN,age,educ_level,sbp_mean,28725,110116180.410036,163,gaussian (identity),Some college or AA degree,3.52053784140331,0.324487634810417,7.60412448996667e-21,2.88454207717489,4.15653360563173,76.2890888079272,6.70060168334187e-36,8682,35644014.669954
gender,Female,1999-2020,21.2,WTMEC.COMBN,age,educ_level,sbp_mean,28725,110116180.410036,163,gaussian (identity),HS graduate or GED,4.06210832712472,0.337060887186104,3.90521793758204e-24,3.40146898823995,4.72274766600948,76.2890888079272,6.70060168334187e-36,6713,26190949.9979079
gender,Female,1999-2020,21.2,WTMEC.COMBN,age,educ_level,sbp_mean,28725,110116180.410036,163,gaussian (identity),9-11th grade,5.94617464327798,0.449898880679668,2.4722871768773e-27,5.06437283714583,6.82797644941013,76.2890888079272,6.70060168334187e-36,4541,12622683.4077706
gender,Female,1999-2020,21.2,WTMEC.COMBN,age,educ_level,sbp_mean,28725,110116180.410036,163,gaussian (identity),Less than 9th grade,6.39885004236359,0.510365943269611,1.80460044172159e-25,5.39853279355515,7.39916729117202,76.2890888079272,6.70060168334187e-36,3031,5939862.86197015
gender,Male,1999-2020,21.2,WTMEC.COMBN,age,educ_level,dbp_mean,27269,103765974.117875,163,gaussian (identity),College graduate or above (Intercept),72.3623775511692,0.354901709321656,3.02379238642977e-193,71.6667702008987,73.0579849014396,15.0357194991399,1.95403970038112e-10,5649,28646938.7868289
gender,Male,1999-2020,21.2,WTMEC.COMBN,age,educ_level,dbp_mean,27269,103765974.117875,163,gaussian (identity),Some college or AA degree,-0.226352669283981,0.231656796463606,0.33001158307772,-0.680399990352649,0.227694651784687,15.0357194991399,1.95403970038112e-10,7152,30034183.9438335
gender,Male,1999-2020,21.2,WTMEC.COMBN,age,educ_level,dbp_mean,27269,103765974.117875,163,gaussian (identity),HS graduate or GED,-0.272133727162103,0.293887790456321,0.355869439238636,-0.848153796456492,0.303886342132286,15.0357194991399,1.95403970038112e-10,6678,26375837.0690609
gender,Male,1999-2020,21.2,WTMEC.COMBN,age,educ_level,dbp_mean,27269,103765974.117875,163,gaussian (identity),9-11th grade,-1.67047108091032,0.315217576354387,3.84892205002205e-07,-2.28829753056492,-1.05264463125572,15.0357194991399,1.95403970038112e-10,4564,12534249.3829998
gender,Male,1999-2020,21.2,WTMEC.COMBN,age,educ_level,dbp_mean,27269,103765974.117875,163,gaussian (identity),Less than 9th grade,-2.49619614844372,0.376255773880359,4.92417627271238e-10,-3.23365746524922,-1.75873483163822,15.0357194991399,1.95403970038112e-10,3226,6174764.93515174
gender,Female,1999-2020,21.2,WTMEC.COMBN,age,educ_level,dbp_mean,28725,110116180.410036,163,gaussian (identity),College graduate or above (Intercept),68.9111072997865,0.330345891630686,8.3109861292488e-195,68.2636293521903,69.5585852473826,24.7654173402194,6.28771713137156e-16,5758,29718669.4724332
gender,Female,1999-2020,21.2,WTMEC.COMBN,age,educ_level,dbp_mean,28725,110116180.410036,163,gaussian (identity),Some college or AA degree,0.320178670092002,0.239464674554413,0.183124847671969,-0.149172092034648,0.789529432218651,24.7654173402194,6.28771713137156e-16,8682,35644014.669954
gender,Female,1999-2020,21.2,WTMEC.COMBN,age,educ_level,dbp_mean,28725,110116180.410036,163,gaussian (identity),HS graduate or GED,-0.466488272080065,0.258445397271741,0.0729822574990239,-0.973041250732676,0.0400647065725465,24.7654173402194,6.28771713137156e-16,6713,26190949.9979079
gender,Female,1999-2020,21.2,WTMEC.COMBN,age,educ_level,dbp_mean,28725,110116180.410036,163,gaussian (identity),9-11th grade,-1.50787413726973,0.283595070551881,3.54668166728823e-07,-2.06372047555142,-0.952027798988043,24.7654173402194,6.28771713137156e-16,4541,12622683.4077706
gender,Female,1999-2020,21.2,WTMEC.COMBN,age,educ_level,dbp_mean,28725,110116180.410036,163,gaussian (identity),Less than 9th grade,-2.74831251533716,0.376730178386874,1.3597126535497e-11,-3.48670366497543,-2.00992136569888,24.7654173402194,6.28771713137156e-16,3031,5939862.86197015
gender,Male,1999-2020,21.2,WTSAF.COMBN,age,educ_level,fg,13220,108728229.764104,163,gaussian (identity),College graduate or above (Intercept),85.1285537614956,0.953582132051631,4.10385648177011e-137,83.2595327826744,86.9975747403168,11.5098686776691,3.17129246035149e-08,2720,29971776.5267391
gender,Male,1999-2020,21.2,WTSAF.COMBN,age,educ_level,fg,13220,108728229.764104,163,gaussian (identity),Some college or AA degree,3.41581406106825,0.816091370630029,4.70830389738901e-05,1.81627497463339,5.0153531475031,11.5098686776691,3.17129246035149e-08,3418,31371651.1703283
gender,Male,1999-2020,21.2,WTSAF.COMBN,age,educ_level,fg,13220,108728229.764104,163,gaussian (identity),HS graduate or GED,5.43527893955603,1.0839463254061,1.41516287586865e-06,3.31074414176008,7.55981373735199,11.5098686776691,3.17129246035149e-08,3223,27393235.8076673
gender,Male,1999-2020,21.2,WTSAF.COMBN,age,educ_level,fg,13220,108728229.764104,163,gaussian (identity),9-11th grade,5.3392561505633,1.0496166818448,1.02068358726001e-06,3.2820074541475,7.39650484697911,11.5098686776691,3.17129246035149e-08,2278,13483518.7227481
gender,Male,1999-2020,21.2,WTSAF.COMBN,age,educ_level,fg,13220,108728229.764104,163,gaussian (identity),Less than 9th grade,6.73674495111311,1.5360361870906,2.10187941347111e-05,3.72611402441554,9.74737587781067,11.5098686776691,3.17129246035149e-08,1581,6508047.5366212
gender,Female,1999-2020,21.2,WTSAF.COMBN,age,educ_level,fg,14099,116388705.381925,163,gaussian (identity),College graduate or above (Intercept),81.0981521252966,0.669438479584969,9.31716750406984e-158,79.78605270531,82.4102515452831,38.3972656040174,2.00600855011866e-22,2878,31501925.995466
gender,Female,1999-2020,21.2,WTSAF.COMBN,age,educ_level,fg,14099,116388705.381925,163,gaussian (identity),Some college or AA degree,4.21965551825161,0.583476715118141,1.93083877159125e-11,3.07604115662005,5.36326987988317,38.3972656040174,2.00600855011866e-22,4242,37426161.8702053
gender,Female,1999-2020,21.2,WTSAF.COMBN,age,educ_level,fg,14099,116388705.381925,163,gaussian (identity),HS graduate or GED,5.05488501717157,0.652158966716834,1.04369195546932e-12,3.77665344240657,6.33311659193656,38.3972656040174,2.00600855011866e-22,3245,27630886.947554
gender,Female,1999-2020,21.2,WTSAF.COMBN,age,educ_level,fg,14099,116388705.381925,163,gaussian (identity),9-11th grade,8.69276295869774,0.95735806665727,4.19651923045203e-16,6.81634114804949,10.569184769346,38.3972656040174,2.00600855011866e-22,2157,12958847.5805755
gender,Female,1999-2020,21.2,WTSAF.COMBN,age,educ_level,fg,14099,116388705.381925,163,gaussian (identity),Less than 9th grade,11.464479628513,1.52454588149829,3.86768485336189e-12,8.47636970077638,14.4525895562497,38.3972656040174,2.00600855011866e-22,1577,6870882.98812398
gender,Male,1999-2020,21.2,WTSAF.COMBN,age,educ_level,fi,12998,107268427.358756,163,gaussian (identity),College graduate or above (Intercept),9.81103903669559,0.537922492891101,1.01814351304667e-40,8.75671095062903,10.8653671227621,12.9461292947627,3.85106285706753e-09,2685,29628396.3862924
gender,Male,1999-2020,21.2,WTSAF.COMBN,age,educ_level,fi,12998,107268427.358756,163,gaussian (identity),Some college or AA degree,2.27415635063372,0.415755446274411,1.72826898138471e-07,1.45927567593588,3.08903702533157,12.9461292947627,3.85106285706753e-09,3358,30955738.8258615
gender,Male,1999-2020,21.2,WTSAF.COMBN,age,educ_level,fi,12998,107268427.358756,163,gaussian (identity),HS graduate or GED,3.04565636675713,0.588135849689124,6.72486960740914e-07,1.89291010136645,4.19840263214782,12.9461292947627,3.85106285706753e-09,3166,27042546.2061693
gender,Male,1999-2020,21.2,WTSAF.COMBN,age,educ_level,fi,12998,107268427.358756,163,gaussian (identity),9-11th grade,2.05000093810328,0.477142870866636,3.02278009405253e-05,1.11480091120467,2.98520096500188,12.9461292947627,3.85106285706753e-09,2235,13224033.2739082
gender,Male,1999-2020,21.2,WTSAF.COMBN,age,educ_level,fi,12998,107268427.358756,163,gaussian (identity),Less than 9th grade,1.57657764736031,0.559991707765232,0.00549308281269418,0.478993900140457,2.67416139458017,12.9461292947627,3.85106285706753e-09,1554,6417712.6665248
gender,Female,1999-2020,21.2,WTSAF.COMBN,age,educ_level,fi,13782,113785526.332835,163,gaussian (identity),College graduate or above (Intercept),9.26371838164243,0.456481345569948,7.26194818602234e-46,8.36901494432533,10.1584218189595,24.9155816024284,5.24782319055462e-16,2814,30750048.2713067
gender,Female,1999-2020,21.2,WTSAF.COMBN,age,educ_level,fi,13782,113785526.332835,163,gaussian (identity),Some college or AA degree,2.22078732789187,0.375611069426706,2.01306636908948e-08,1.48458963181553,2.95698502396822,24.9155816024284,5.24782319055462e-16,4158,36738347.4879542
gender,Female,1999-2020,21.2,WTSAF.COMBN,age,educ_level,fi,13782,113785526.332835,163,gaussian (identity),HS graduate or GED,2.30969966278221,0.378990127715492,8.08444106848748e-09,1.56687901245984,3.05252031310457,24.9155816024284,5.24782319055462e-16,3165,26939404.9984084
gender,Female,1999-2020,21.2,WTSAF.COMBN,age,educ_level,fi,13782,113785526.332835,163,gaussian (identity),9-11th grade,3.53379051740794,0.394995736630935,9.38064661731027e-16,2.75959887361131,4.30798216120458,24.9155816024284,5.24782319055462e-16,2109,12666132.7710217
gender,Female,1999-2020,21.2,WTSAF.COMBN,age,educ_level,fi,13782,113785526.332835,163,gaussian (identity),Less than 9th grade,2.97309324013106,0.447976911467067,4.86181303573294e-10,2.09505849365561,3.85112798660651,24.9155816024284,5.24782319055462e-16,1536,6691592.80414401
gender,Male,1999-2020,21.2,WTSAF.COMBN,age,educ_level,tg,13013,107997398.790522,163,gaussian (identity),College graduate or above (Intercept),116.575424429118,4.59534792235101,1.357214054603e-57,107.56854250131,125.582306356926,3.02380779778233,0.0194953062332516,2687,29845040.3657009
gender,Male,1999-2020,21.2,WTSAF.COMBN,age,educ_level,tg,13013,107997398.790522,163,gaussian (identity),Some college or AA degree,13.2361797506348,4.48098379205648,0.00361816439746992,4.45345151820408,22.0189079830655,3.02380779778233,0.0194953062332516,3357,31131150.7386128
gender,Male,1999-2020,21.2,WTSAF.COMBN,age,educ_level,tg,13013,107997398.790522,163,gaussian (identity),HS graduate or GED,7.71197886393501,4.16347222196148,0.065849274870543,-0.448426691109503,15.8723844189795,3.02380779778233,0.0194953062332516,3168,27201129.4955103
gender,Male,1999-2020,21.2,WTSAF.COMBN,age,educ_level,tg,13013,107997398.790522,163,gaussian (identity),9-11th grade,5.61036596545342,4.80867921762347,0.245082754547674,-3.81464530108857,15.0353772319954,3.02380779778233,0.0194953062332516,2243,13367349.5612557
gender,Male,1999-2020,21.2,WTSAF.COMBN,age,educ_level,tg,13013,107997398.790522,163,gaussian (identity),Less than 9th grade,17.4793511876173,6.21922540773509,0.00557205275557657,5.28966938845655,29.6690329867781,3.02380779778233,0.0194953062332516,1558,6452728.62944282
gender,Female,1999-2020,21.2,WTSAF.COMBN,age,educ_level,tg,13824,114820981.047823,163,gaussian (identity),College graduate or above (Intercept),68.148785074052,2.82798366235344,8.66396287216841e-55,62.6059370958393,73.6916330522648,28.829080420186,5.40779664093381e-18,2822,31029610.7359873
gender,Female,1999-2020,21.2,WTSAF.COMBN,age,educ_level,tg,13824,114820981.047823,163,gaussian (identity),Some college or AA degree,14.3975648533578,2.44345587328388,2.22515681565544e-08,9.60839134172139,19.1867383649942,28.829080420186,5.40779664093381e-18,4168,37063637.0283772
gender,Female,1999-2020,21.2,WTSAF.COMBN,age,educ_level,tg,13824,114820981.047823,163,gaussian (identity),HS graduate or GED,21.3077374473155,3.42635659711755,4.29215949830308e-09,14.592078516965,28.0233963776659,28.829080420186,5.40779664093381e-18,3173,27185195.4589074
gender,Female,1999-2020,21.2,WTSAF.COMBN,age,educ_level,tg,13824,114820981.047823,163,gaussian (identity),9-11th grade,29.8295138954501,3.15590870025383,4.38630666514034e-17,23.6439328429526,36.0150949479476,28.829080420186,5.40779664093381e-18,2122,12803418.0797047
gender,Female,1999-2020,21.2,WTSAF.COMBN,age,educ_level,tg,13824,114820981.047823,163,gaussian (identity),Less than 9th grade,36.337850498254,6.08287034508208,1.48262582313685e-08,24.4154246218931,48.2602763746149,28.829080420186,5.40779664093381e-18,1539,6739119.74484668
gender,Male,1999-2020,21.2,WTMEC.COMBN,age,educ_level,tc,26848,102886180.702616,163,gaussian (identity),College graduate or above (Intercept),187.580444715297,1.28677423803791,2.40442543507506e-170,185.058367208743,190.102522221852,1.46135062913787,0.216515101216791,5589,28610700.6204116
gender,Male,1999-2020,21.2,WTMEC.COMBN,age,educ_level,tc,26848,102886180.702616,163,gaussian (identity),Some college or AA degree,-0.784012532356941,1.1119945133985,0.481816736955703,-2.963521778618,1.39549671390412,1.46135062913787,0.216515101216791,7005,29603722.4441719
gender,Male,1999-2020,21.2,WTMEC.COMBN,age,educ_level,tc,26848,102886180.702616,163,gaussian (identity),HS graduate or GED,-1.89324424224771,1.05749802298263,0.0753197155687442,-3.96594036729366,0.179451882798249,1.46135062913787,0.216515101216791,6554,26091927.3058983
gender,Male,1999-2020,21.2,WTMEC.COMBN,age,educ_level,tc,26848,102886180.702616,163,gaussian (identity),9-11th grade,-1.52820038319027,1.20937378155723,0.208224307073044,-3.89857299504244,0.842172228661889,1.46135062913787,0.216515101216791,4497,12384409.6178953
gender,Male,1999-2020,21.2,WTMEC.COMBN,age,educ_level,tc,26848,102886180.702616,163,gaussian (identity),Less than 9th grade,0.646624013702368,1.37289387353139,0.638295041581263,-2.04424797841916,3.3374960058239,1.46135062913787,0.216515101216791,3203,6195420.71423903
gender,Female,1999-2020,21.2,WTMEC.COMBN,age,educ_level,tc,28594,109898834.397219,163,gaussian (identity),College graduate or above (Intercept),169.673879571494,1.03389650421979,2.01654730350623e-178,167.647442423223,171.700316719765,8.3033696955522,4.18716550700598e-06,5748,29595034.2090915
gender,Female,1999-2020,21.2,WTMEC.COMBN,age,educ_level,tc,28594,109898834.397219,163,gaussian (identity),Some college or AA degree,-1.06668630009867,0.857298265525747,0.215253234021442,-2.74699090052913,0.613618300331793,8.3033696955522,4.18716550700598e-06,8679,35798430.3872031
gender,Female,1999-2020,21.2,WTMEC.COMBN,age,educ_level,tc,28594,109898834.397219,163,gaussian (identity),HS graduate or GED,-2.47993432268438,0.830277861520329,0.00326821051373509,-4.10727893126423,-0.852589714104538,8.3033696955522,4.18716550700598e-06,6626,25942303.5387796
gender,Female,1999-2020,21.2,WTMEC.COMBN,age,educ_level,tc,28594,109898834.397219,163,gaussian (identity),9-11th grade,-3.34288456714634,1.05456097119107,0.00183144585262622,-5.40982407068085,-1.27594506361184,8.3033696955522,4.18716550700598e-06,4463,12472329.9699517
gender,Female,1999-2020,21.2,WTMEC.COMBN,age,educ_level,tc,28594,109898834.397219,163,gaussian (identity),Less than 9th grade,-5.58478405182323,1.13036579504481,1.96592699637632e-06,-7.80030101011106,-3.3692670935354,8.3033696955522,4.18716550700598e-06,3078,6090736.29219283
gender,Male,1999-2020,21.2,WTMEC.COMBN,age,educ_level,hdl,26847,102879990.823846,163,gaussian (identity),College graduate or above (Intercept),47.4421782513066,0.409294558314903,9.22355290887799e-155,46.6399609170094,48.2443955856038,20.7755846748225,8.92688432880101e-14,5589,28610700.6204116
gender,Male,1999-2020,21.2,WTMEC.COMBN,age,educ_level,hdl,26847,102879990.823846,163,gaussian (identity),Some college or AA degree,-2.2078699406179,0.349555189646929,2.6009323770498e-09,-2.89299811232588,-1.52274176890992,20.7755846748225,8.92688432880101e-14,7005,29603722.4441719
gender,Male,1999-2020,21.2,WTMEC.COMBN,age,educ_level,hdl,26847,102879990.823846,163,gaussian (identity),HS graduate or GED,-2.61497450895518,0.348290542880692,4.13577315990224e-12,-3.29762397300133,-1.93232504490902,20.7755846748225,8.92688432880101e-14,6553,26085737.4271278
gender,Male,1999-2020,21.2,WTMEC.COMBN,age,educ_level,hdl,26847,102879990.823846,163,gaussian (identity),9-11th grade,-2.12049826631176,0.411896470187772,7.72595154654233e-07,-2.92781534787979,-1.31318118474372,20.7755846748225,8.92688432880101e-14,4497,12384409.6178953
gender,Male,1999-2020,21.2,WTMEC.COMBN,age,educ_level,hdl,26847,102879990.823846,163,gaussian (identity),Less than 9th grade,-3.71501048006467,0.454545217486284,9.15136557659627e-14,-4.60591910633779,-2.82410185379155,20.7755846748225,8.92688432880101e-14,3203,6195420.71423903
gender,Female,1999-2020,21.2,WTMEC.COMBN,age,educ_level,hdl,28593,109897805.85753,163,gaussian (identity),College graduate or above (Intercept),57.8215078300547,0.418919654237591,1.26113821339354e-166,57.000425307749,58.6425903523604,178.078855732364,1.89121238372462e-57,5748,29595034.2090915
gender,Female,1999-2020,21.2,WTMEC.COMBN,age,educ_level,hdl,28593,109897805.85753,163,gaussian (identity),Some college or AA degree,-5.20334952374007,0.349153905938943,6.30123756874487e-32,-5.88769117938039,-4.51900786809974,178.078855732364,1.89121238372462e-57,8679,35798430.3872031
gender,Female,1999-2020,21.2,WTMEC.COMBN,age,educ_level,hdl,28593,109897805.85753,163,gaussian (identity),HS graduate or GED,-7.16730850423386,0.388447087538814,2.92095743327908e-41,-7.92866479580994,-6.40595221265779,178.078855732364,1.89121238372462e-57,6626,25943142.7251588
gender,Female,1999-2020,21.2,WTMEC.COMBN,age,educ_level,hdl,28593,109897805.85753,163,gaussian (identity),9-11th grade,-8.87911565804106,0.454113164073871,4.91228051946959e-44,-9.76917745962585,-7.98905385645628,178.078855732364,1.89121238372462e-57,4462,12470462.2438836
gender,Female,1999-2020,21.2,WTMEC.COMBN,age,educ_level,hdl,28593,109897805.85753,163,gaussian (identity),Less than 9th grade,-10.9600103566089,0.443803375881941,4.04774835563556e-56,-11.8298649733375,-10.0901557398803,178.078855732364,1.89121238372462e-57,3078,6090736.29219283
gender,Male,1999-2020,21.2,WTSAF.COMBN,age,educ_level,ldl_friedewald,12662,104939866.768593,163,gaussian (identity),College graduate or above (Intercept),113.779427030973,1.59661705087259,4.99899780262131e-122,110.650057611263,116.908796450684,0.345685124798008,0.846727733024419,2637,29228635.4903033
gender,Male,1999-2020,21.2,WTSAF.COMBN,age,educ_level,ldl_friedewald,12662,104939866.768593,163,gaussian (identity),Some college or AA degree,-0.179456442538693,1.33064430835686,0.892890800268792,-2.78751928691813,2.42860640184075,0.345685124798008,0.846727733024419,3254,29940601.1310359
gender,Male,1999-2020,21.2,WTSAF.COMBN,age,educ_level,ldl_friedewald,12662,104939866.768593,163,gaussian (identity),HS graduate or GED,0.0391180987806926,1.35635811223103,0.977028165565835,-2.61934380119212,2.6975799987535,0.345685124798008,0.846727733024419,3084,26516086.8608638
gender,Male,1999-2020,21.2,WTSAF.COMBN,age,educ_level,ldl_friedewald,12662,104939866.768593,163,gaussian (identity),9-11th grade,0.179602216525876,1.43321747905555,0.900434273416244,-2.629504042423,2.98870847547476,0.345685124798008,0.846727733024419,2187,13032860.0236011
gender,Male,1999-2020,21.2,WTSAF.COMBN,age,educ_level,ldl_friedewald,12662,104939866.768593,163,gaussian (identity),Less than 9th grade,1.7606146907145,1.77340469877962,0.322331316926833,-1.71525851889355,5.23648790032255,0.345685124798008,0.846727733024419,1500,6221683.26278923
gender,Female,1999-2020,21.2,WTSAF.COMBN,age,educ_level,ldl_friedewald,13663,113717534.498284,163,gaussian (identity),College graduate or above (Intercept),96.0404783870663,1.31248223792663,8.61611858857644e-124,93.4680132007301,98.6129435734025,1.27033252721703,0.283948219883407,2809,30922840.4714949
gender,Female,1999-2020,21.2,WTSAF.COMBN,age,educ_level,ldl_friedewald,13663,113717534.498284,163,gaussian (identity),Some college or AA degree,1.37330934744876,1.08828228266807,0.208842461789017,-0.759723926580654,3.50634262147818,1.27033252721703,0.283948219883407,4129,36731735.2285162
gender,Female,1999-2020,21.2,WTSAF.COMBN,age,educ_level,ldl_friedewald,13663,113717534.498284,163,gaussian (identity),HS graduate or GED,2.11314714905485,1.12710259532256,0.06265910012177,-0.095973937777369,4.32226823588708,1.27033252721703,0.283948219883407,3130,26860244.2026497
gender,Female,1999-2020,21.2,WTSAF.COMBN,age,educ_level,ldl_friedewald,13663,113717534.498284,163,gaussian (identity),9-11th grade,0.282026441355442,1.41218692672109,0.84196496934448,-2.48585993501789,3.04991281772878,1.27033252721703,0.283948219883407,2084,12602332.4042123
gender,Female,1999-2020,21.2,WTSAF.COMBN,age,educ_level,ldl_friedewald,13663,113717534.498284,163,gaussian (identity),Less than 9th grade,-0.418858695010847,1.4163810155249,0.767828710560417,-3.19496548543964,2.35724809541795,1.27033252721703,0.283948219883407,1511,6600382.19141115
gender,Male,1999-2020,21.2,WTMEC.COMBN,age,educ_level,glu,26780,102660289.932189,163,gaussian (identity),College graduate or above (Intercept),75.9943490951995,0.680363416049896,2.99493962866723e-152,74.6608367997417,77.3278613906573,28.1902023504436,1.12159107534438e-17,5573,28554362.1029532
gender,Male,1999-2020,21.2,WTMEC.COMBN,age,educ_level,glu,26780,102660289.932189,163,gaussian (identity),Some college or AA degree,3.27625567605345,0.636519992053291,7.76117377500378e-07,2.028676491629,4.5238348604779,28.1902023504436,1.12159107534438e-17,6987,29558562.6274351
gender,Male,1999-2020,21.2,WTMEC.COMBN,age,educ_level,glu,26780,102660289.932189,163,gaussian (identity),HS graduate or GED,4.53122616903679,0.776082412815106,2.90249232465601e-08,3.01010463991918,6.05234769815439,28.1902023504436,1.12159107534438e-17,6536,26013502.1002445
gender,Male,1999-2020,21.2,WTMEC.COMBN,age,educ_level,glu,26780,102660289.932189,163,gaussian (identity),9-11th grade,6.81801702960452,0.812192369900832,2.50033869838257e-14,5.22611998459889,8.40991407461015,28.1902023504436,1.12159107534438e-17,4486,12348238.0398425
gender,Male,1999-2020,21.2,WTMEC.COMBN,age,educ_level,glu,26780,102660289.932189,163,gaussian (identity),Less than 9th grade,9.31106516774692,1.06598577018996,3.33227640780708e-15,7.2217330581746,11.4003972773192,28.1902023504436,1.12159107534438e-17,3198,6185625.0617139
gender,Female,1999-2020,21.2,WTMEC.COMBN,age,educ_level,glu,28507,109594057.743508,163,gaussian (identity),College graduate or above (Intercept),74.7191743599916,0.51441281126656,4.23104873259251e-170,73.7109252499092,75.7274234700741,38.3725916047318,2.05619331189634e-22,5732,29524331.8608645
gender,Female,1999-2020,21.2,WTMEC.COMBN,age,educ_level,glu,28507,109594057.743508,163,gaussian (identity),Some college or AA degree,3.84814728809295,0.514947435361219,5.03887099452392e-12,2.83885031478496,4.85744426140094,38.3725916047318,2.05619331189634e-22,8652,35726042.2543329
gender,Female,1999-2020,21.2,WTMEC.COMBN,age,educ_level,glu,28507,109594057.743508,163,gaussian (identity),HS graduate or GED,3.23968538613778,0.510008223470091,2.15925386089759e-09,2.2400692681364,4.23930150413916,38.3725916047318,2.05619331189634e-22,6604,25843817.874876
gender,Female,1999-2020,21.2,WTMEC.COMBN,age,educ_level,glu,28507,109594057.743508,163,gaussian (identity),9-11th grade,6.95994138497248,0.771428572112973,5.94681057319677e-16,5.44794138363105,8.47194138631391,38.3725916047318,2.05619331189634e-22,4449,12424834.4036652
gender,Female,1999-2020,21.2,WTMEC.COMBN,age,educ_level,glu,28507,109594057.743508,163,gaussian (identity),Less than 9th grade,11.0403469645691,1.16378370663961,3.55009116997797e-17,8.75933089955544,13.3213630295827,38.3725916047318,2.05619331189634e-22,3070,6075031.34976957
gender,Male,1999-2020,21.2,WTSAF.COMBN,age,educ_level,tgglu,12970,107755768.202539,163,gaussian (identity),College graduate or above (Intercept),1.42165501136637,0.0464401551356775,2.57831466963445e-68,1.33063230730044,1.5126777154323,1.82293384135261,0.127009286433625,2679,29794477.235655
gender,Male,1999-2020,21.2,WTSAF.COMBN,age,educ_level,tgglu,12970,107755768.202539,163,gaussian (identity),Some college or AA degree,0.0954032753807907,0.0424950913311763,0.0261532563456511,0.012112896371685,0.178693654389896,1.82293384135261,0.127009286433625,3345,31040072.3397877
gender,Male,1999-2020,21.2,WTSAF.COMBN,age,educ_level,tgglu,12970,107755768.202539,163,gaussian (identity),HS graduate or GED,0.0459416007258313,0.045266541582598,0.311698948943754,-0.0427808207760607,0.134664022227723,1.82293384135261,0.127009286433625,3159,27159336.6063729
gender,Male,1999-2020,21.2,WTSAF.COMBN,age,educ_level,tgglu,12970,107755768.202539,163,gaussian (identity),9-11th grade,0.00347834317286181,0.0466025539858573,0.940596782475433,-0.0878626626394186,0.0948193489851422,1.82293384135261,0.127009286433625,2236,13344016.5477992
gender,Male,1999-2020,21.2,WTSAF.COMBN,age,educ_level,tgglu,12970,107755768.202539,163,gaussian (identity),Less than 9th grade,0.0853179390769057,0.051993167692784,0.102797967538352,-0.0165886696009509,0.187224547754762,1.82293384135261,0.127009286433625,1551,6417865.47292421
gender,Female,1999-2020,21.2,WTSAF.COMBN,age,educ_level,tgglu,13779,114478808.865547,163,gaussian (identity),College graduate or above (Intercept),0.965469704233966,0.0292805639394631,1.00091088710514e-72,0.908079798912618,1.02285960955531,18.0480505345863,3.16200929569717e-12,2814,30948392.17483
gender,Female,1999-2020,21.2,WTSAF.COMBN,age,educ_level,tgglu,13779,114478808.865547,163,gaussian (identity),Some college or AA degree,0.1088567842157,0.0240265362350692,1.153535271903e-05,0.0617647731949648,0.155948795236436,18.0480505345863,3.16200929569717e-12,4159,37020830.1768716
gender,Female,1999-2020,21.2,WTSAF.COMBN,age,educ_level,tgglu,13779,114478808.865547,163,gaussian (identity),HS graduate or GED,0.18330375023923,0.0374939348947043,2.47240357862118e-06,0.109815637845609,0.25679186263285,18.0480505345863,3.16200929569717e-12,3159,27047754.5558455
gender,Female,1999-2020,21.2,WTSAF.COMBN,age,educ_level,tgglu,13779,114478808.865547,163,gaussian (identity),9-11th grade,0.219371200518452,0.0293632148045042,5.0940741863459e-12,0.161819299501624,0.27692310153528,18.0480505345863,3.16200929569717e-12,2115,12752489.6643525
gender,Female,1999-2020,21.2,WTSAF.COMBN,age,educ_level,tgglu,13779,114478808.865547,163,gaussian (identity),Less than 9th grade,0.23332333199799,0.0397697567191717,2.52412969275043e-08,0.155374608828414,0.311272055167567,18.0480505345863,3.16200929569717e-12,1532,6709342.2936478
gender,Female,2005-2016,12,WTSAF.COMBN,age,educ_level,ogtt_2hg,5801,95249556.4856939,94,gaussian (identity),College graduate or above (Intercept),68.8703495540058,1.92717036731342,1.44287681990185e-54,65.0930956340715,72.6476034739401,20.4039937700436,5.90243995554479e-12,1346,28223836.8509717
gender,Female,2005-2016,12,WTSAF.COMBN,age,educ_level,ogtt_2hg,5801,95249556.4856939,94,gaussian (identity),Some college or AA degree,6.30845348171777,1.7563905660578,0.000537664711404162,2.86592797224449,9.75097899119106,20.4039937700436,5.90243995554479e-12,1820,31329454.1661093
gender,Female,2005-2016,12,WTSAF.COMBN,age,educ_level,ogtt_2hg,5801,95249556.4856939,94,gaussian (identity),HS graduate or GED,11.4017729873653,1.98821469062602,1.3219890796416e-07,7.50487219373825,15.2986737809923,20.4039937700436,5.90243995554479e-12,1285,20864486.7204255
gender,Female,2005-2016,12,WTSAF.COMBN,age,educ_level,ogtt_2hg,5801,95249556.4856939,94,gaussian (identity),9-11th grade,14.8732343903276,2.43564632737263,2.61363403327208e-08,10.0993675886773,19.647101191978,20.4039937700436,5.90243995554479e-12,822,10021254.7053997
gender,Female,2005-2016,12,WTSAF.COMBN,age,educ_level,ogtt_2hg,5801,95249556.4856939,94,gaussian (identity),Less than 9th grade,22.1280027211613,3.08672984817593,2.12615364715109e-10,16.0780122187365,28.1779932235861,20.4039937700436,5.90243995554479e-12,528,4810524.04278752
gender,Male,2005-2016,12,WTSAF.COMBN,age,educ_level,ogtt_2hg,5783,93406323.5281658,94,gaussian (identity),College graduate or above (Intercept),64.357937200402,2.49322361919049,4.20419724314764e-43,59.4712189067887,69.2446554940154,13.178103962059,1.79698313487123e-08,1301,26705934.9675994
gender,Male,2005-2016,12,WTSAF.COMBN,age,educ_level,ogtt_2hg,5783,93406323.5281658,94,gaussian (identity),Some college or AA degree,7.00155826290937,1.96098439080697,0.000577304435367047,3.15802885692772,10.845087668891,13.178103962059,1.79698313487123e-08,1517,26856040.7424117
gender,Male,2005-2016,12,WTSAF.COMBN,age,educ_level,ogtt_2hg,5783,93406323.5281658,94,gaussian (identity),HS graduate or GED,9.94813124990866,1.99901432277729,3.13836765250668e-06,6.03006317726517,13.8661993225522,13.178103962059,1.79698313487123e-08,1442,22527775.6532796
gender,Male,2005-2016,12,WTSAF.COMBN,age,educ_level,ogtt_2hg,5783,93406323.5281658,94,gaussian (identity),9-11th grade,8.02516404875196,2.50511575785363,0.00188450040070105,3.11513716335884,12.9351909341451,13.178103962059,1.79698313487123e-08,951,11954951.4171277
gender,Male,2005-2016,12,WTSAF.COMBN,age,educ_level,ogtt_2hg,5783,93406323.5281658,94,gaussian (identity),Less than 9th grade,17.0835465342954,2.91434586000157,7.62634130529324e-08,11.3714286486924,22.7956644198985,13.178103962059,1.79698313487123e-08,572,5361620.74774742
gender,Male,1999-2020,21.2,WTMEC.COMBN,age,educ_level,hba1c,27115,103607488.139144,163,gaussian (identity),College graduate or above (Intercept),4.68873682432387,0.017040836441102,9.40783692514008e-214,4.65533678489931,4.72213686374843,66.585769185061,6.43102373772938e-33,5629,28762383.596421
gender,Male,1999-2020,21.2,WTMEC.COMBN,age,educ_level,hba1c,27115,103607488.139144,163,gaussian (identity),Some college or AA degree,0.140751317842569,0.0165345323066856,1.24660405860944e-14,0.108343634521465,0.173159001163673,66.585769185061,6.43102373772938e-33,7072,29811651.0100648
gender,Male,1999-2020,21.2,WTMEC.COMBN,age,educ_level,hba1c,27115,103607488.139144,163,gaussian (identity),HS graduate or GED,0.196142699287196,0.0210477850686295,9.86438492860184e-17,0.154889040552682,0.23739635802171,66.585769185061,6.43102373772938e-33,6627,26291312.6622733
gender,Male,1999-2020,21.2,WTMEC.COMBN,age,educ_level,hba1c,27115,103607488.139144,163,gaussian (identity),9-11th grade,0.279832499904831,0.0213478263720065,4.90298286335527e-27,0.237990760215698,0.321674239593963,66.585769185061,6.43102373772938e-33,4541,12477809.6068388
gender,Male,1999-2020,21.2,WTMEC.COMBN,age,educ_level,hba1c,27115,103607488.139144,163,gaussian (identity),Less than 9th grade,0.337662890043455,0.0285613861135347,1.66217007662399e-23,0.281682573260927,0.393643206825983,66.585769185061,6.43102373772938e-33,3246,6264331.26354554
gender,Female,1999-2020,21.2,WTMEC.COMBN,age,educ_level,hba1c,29041,111484550.324861,163,gaussian (identity),College graduate or above (Intercept),4.70844571199378,0.0130915232189781,4.20733123418811e-232,4.68278632648458,4.73410509750298,59.8354077197561,1.11291375438461e-30,5825,30037136.3690611
gender,Female,1999-2020,21.2,WTMEC.COMBN,age,educ_level,hba1c,29041,111484550.324861,163,gaussian (identity),Some college or AA degree,0.14189979979607,0.0145009315031143,5.67578853262352e-18,0.113477974049966,0.170321625542174,59.8354077197561,1.11291375438461e-30,8786,36134967.3815857
gender,Female,1999-2020,21.2,WTMEC.COMBN,age,educ_level,hba1c,29041,111484550.324861,163,gaussian (identity),HS graduate or GED,0.142113525147586,0.0155976861824743,3.47489352420449e-16,0.111542060229936,0.172684990065236,59.8354077197561,1.11291375438461e-30,6733,26406456.0837855
gender,Female,1999-2020,21.2,WTMEC.COMBN,age,educ_level,hba1c,29041,111484550.324861,163,gaussian (identity),9-11th grade,0.242646972204998,0.0208468228686661,5.27306965831736e-23,0.201787199382412,0.283506745027584,59.8354077197561,1.11291375438461e-30,4550,12682449.4532997
gender,Female,1999-2020,21.2,WTMEC.COMBN,age,educ_level,hba1c,29041,111484550.324861,163,gaussian (identity),Less than 9th grade,0.408101627432904,0.0345821406342219,1.9029939022014e-23,0.340320631789829,0.475882623075979,59.8354077197561,1.11291375438461e-30,3147,6223541.03712913
gender,Male,1999-2020,21.2,WTMEC.COMBN,age,educ_level,uacr,27899,106024316.156421,163,gaussian (identity),College graduate or above (Intercept),-35.4861629145676,7.91424514907385,1.40262273078655e-05,-50.9980834067524,-19.9742424223829,6.05155148047662,0.000147889149143888,5771,29340767.6024103
gender,Male,1999-2020,21.2,WTMEC.COMBN,age,educ_level,uacr,27899,106024316.156421,163,gaussian (identity),Some college or AA degree,14.4051784646395,6.28717127984017,0.0232730496593391,2.08232275615273,26.7280341731262,6.05155148047662,0.000147889149143888,7301,30647876.013253
gender,Male,1999-2020,21.2,WTMEC.COMBN,age,educ_level,uacr,27899,106024316.156421,163,gaussian (identity),HS graduate or GED,16.91115963438,6.94096187153131,0.0159440555155196,3.30687436617861,30.5154449025813,6.05155148047662,0.000147889149143888,6808,26845573.8015873
gender,Male,1999-2020,21.2,WTMEC.COMBN,age,educ_level,uacr,27899,106024316.156421,163,gaussian (identity),9-11th grade,32.2419531307747,7.95061710335256,7.84406234122669e-05,16.6587436082037,47.8251626533457,6.05155148047662,0.000147889149143888,4661,12735461.2890158
gender,Male,1999-2020,21.2,WTMEC.COMBN,age,educ_level,uacr,27899,106024316.156421,163,gaussian (identity),Less than 9th grade,36.5265287355307,9.48213110932278,0.000169833898615243,17.9415517612581,55.1115057098034,6.05155148047662,0.000147889149143888,3358,6454637.4501548
gender,Female,1999-2020,21.2,WTMEC.COMBN,age,educ_level,uacr,29848,113981874.19764,163,gaussian (identity),College graduate or above (Intercept),-10.9987445056134,4.28514837442551,0.0111953330324455,-19.3976353194874,-2.5998536917394,13.8472913895736,1.05160181076551e-09,5973,30710701.2206719
gender,Female,1999-2020,21.2,WTMEC.COMBN,age,educ_level,uacr,29848,113981874.19764,163,gaussian (identity),Some college or AA degree,11.7996952364986,3.58422858041942,0.00122679913590532,4.77460721887659,18.8247832541207,13.8472913895736,1.05160181076551e-09,9019,36945097.1690098
gender,Female,1999-2020,21.2,WTMEC.COMBN,age,educ_level,uacr,29848,113981874.19764,163,gaussian (identity),HS graduate or GED,12.0707863378989,4.09891465873797,0.00371914806091969,4.03691360677246,20.1046590690253,13.8472913895736,1.05160181076551e-09,6966,27011761.0162746
gender,Female,1999-2020,21.2,WTMEC.COMBN,age,educ_level,uacr,29848,113981874.19764,163,gaussian (identity),9-11th grade,21.8895681654814,4.63386141919688,5.07752988118678e-06,12.8071997838555,30.9719365471073,13.8472913895736,1.05160181076551e-09,4688,13007772.9250312
gender,Female,1999-2020,21.2,WTMEC.COMBN,age,educ_level,uacr,29848,113981874.19764,163,gaussian (identity),Less than 9th grade,33.378580808468,6.23210857765691,2.95751338902733e-07,21.1636479962604,45.5935136206755,13.8472913895736,1.05160181076551e-09,3202,6306541.86665208
gender,Male,1999-2020,21.2,WTMEC.COMBN,age,educ_level,egfr,26780,102671563.532972,163,gaussian (identity),College graduate or above (Intercept),130.179702098818,0.544573664271217,3.98846389876701e-204,129.112337716846,131.247066480789,25.5096415725724,2.57672938714844e-16,5573,28554362.1029532
gender,Male,1999-2020,21.2,WTMEC.COMBN,age,educ_level,egfr,26780,102671563.532972,163,gaussian (identity),Some college or AA degree,0.277599495831895,0.412585699077816,0.502039144513202,-0.531068474360624,1.08626746602441,25.5096415725724,2.57672938714844e-16,6987,29558562.6274351
gender,Male,1999-2020,21.2,WTMEC.COMBN,age,educ_level,egfr,26780,102671563.532972,163,gaussian (identity),HS graduate or GED,1.2948953568213,0.429936086529974,0.00302462436343671,0.452220627222547,2.13757008642004,25.5096415725724,2.57672938714844e-16,6537,26024944.652553
gender,Male,1999-2020,21.2,WTMEC.COMBN,age,educ_level,egfr,26780,102671563.532972,163,gaussian (identity),9-11th grade,2.33886249636981,0.48176013225162,2.87213788763224e-06,1.39461263715664,3.28311235558299,25.5096415725724,2.57672938714844e-16,4485,12348069.088317
gender,Male,1999-2020,21.2,WTMEC.COMBN,age,educ_level,egfr,26780,102671563.532972,163,gaussian (identity),Less than 9th grade,5.02726590263511,0.584084678120091,7.12080140631472e-15,3.88245993351974,6.17207187175049,25.5096415725724,2.57672938714844e-16,3198,6185625.0617139
gender,Female,1999-2020,21.2,WTMEC.COMBN,age,educ_level,egfr,28506,109594601.059857,163,gaussian (identity),College graduate or above (Intercept),137.22611508839,0.491455975245691,9.25487285846566e-215,136.262861376908,138.189368799872,37.7471110718898,3.85663457196902e-22,5732,29524331.8608645
gender,Female,1999-2020,21.2,WTMEC.COMBN,age,educ_level,egfr,28506,109594601.059857,163,gaussian (identity),Some college or AA degree,-0.977001988381064,0.390789144334735,0.0134373185019302,-1.74294871127715,-0.211055265484983,37.7471110718898,3.85663457196902e-22,8653,35730722.6022686
gender,Female,1999-2020,21.2,WTMEC.COMBN,age,educ_level,egfr,28506,109594601.059857,163,gaussian (identity),HS graduate or GED,-0.278175059246939,0.425314850257459,0.514033630153103,-1.11179216575156,0.55544204725768,37.7471110718898,3.85663457196902e-22,6603,25839944.632097
gender,Female,1999-2020,21.2,WTMEC.COMBN,age,educ_level,egfr,28506,109594601.059857,163,gaussian (identity),9-11th grade,0.41798159763882,0.466362136871989,0.371477566181077,-0.496088190630278,1.33205138590792,37.7471110718898,3.85663457196902e-22,4448,12424570.6148578
gender,Female,1999-2020,21.2,WTMEC.COMBN,age,educ_level,egfr,28506,109594601.059857,163,gaussian (identity),Less than 9th grade,4.80556254214479,0.497796465782301,1.27649061286058e-17,3.82988146921148,5.7812436150781,37.7471110718898,3.85663457196902e-22,3070,6075031.34976957
gender,Male,1999-2016,14,WTMEC.COMBN,age,educ_level,crp,17793,100030745.933899,106,gaussian (identity),College graduate or above (Intercept),0.535272941010218,0.204256283798773,0.0101323429595348,0.134930624764622,0.935615257255814,20.4084213277914,2.40325951562414e-12,3384,26184782.7299003
gender,Male,1999-2016,14,WTMEC.COMBN,age,educ_level,crp,17793,100030745.933899,106,gaussian (identity),Some college or AA degree,0.937513391384442,0.176321412882268,6.34172475420622e-07,0.591923422135197,1.28310336063369,20.4084213277914,2.40325951562414e-12,4380,28444948.4112867
gender,Male,1999-2016,14,WTMEC.COMBN,age,educ_level,crp,17793,100030745.933899,106,gaussian (identity),HS graduate or GED,1.07230106833084,0.172751533004973,1.20323810289757e-08,0.733708063641095,1.41089407302059,20.4084213277914,2.40325951562414e-12,4354,25451196.1814944
gender,Male,1999-2016,14,WTMEC.COMBN,age,educ_level,crp,17793,100030745.933899,106,gaussian (identity),9-11th grade,1.28611537527094,0.212475908364345,2.43772432198263e-08,0.869662594876823,1.70256815566505,20.4084213277914,2.40325951562414e-12,3241,13157748.9477569
gender,Male,1999-2016,14,WTMEC.COMBN,age,educ_level,crp,17793,100030745.933899,106,gaussian (identity),Less than 9th grade,1.52851214885794,0.237677950775312,4.26377736949573e-09,1.06266336533833,1.99436093237755,20.4084213277914,2.40325951562414e-12,2434,6792069.66346058
gender,Female,1999-2016,14,WTMEC.COMBN,age,educ_level,crp,19043,107169508.745196,106,gaussian (identity),College graduate or above (Intercept),3.38887499674306,0.226856471025415,2.52948113978384e-27,2.94423631353325,3.83351367995287,10.9983999135989,1.91823719645351e-07,3428,26806445.1782159
gender,Female,1999-2016,14,WTMEC.COMBN,age,educ_level,crp,19043,107169508.745196,106,gaussian (identity),Some college or AA degree,0.801406456665493,0.202859253259044,0.00014456886178839,0.403802320277767,1.19901059305322,10.9983999135989,1.91823719645351e-07,5441,34190872.8299996
gender,Female,1999-2016,14,WTMEC.COMBN,age,educ_level,crp,19043,107169508.745196,106,gaussian (identity),HS graduate or GED,0.824077945907191,0.191263781974708,3.81983791737356e-05,0.449200933236764,1.19895495857762,10.9983999135989,1.91823719645351e-07,4539,25946739.2204713
gender,Female,1999-2016,14,WTMEC.COMBN,age,educ_level,crp,19043,107169508.745196,106,gaussian (identity),9-11th grade,1.92258808765882,0.304298289692983,7.20882882876581e-09,1.32616343986058,2.51901273545707,10.9983999135989,1.91823719645351e-07,3265,13455015.7671869
gender,Female,1999-2016,14,WTMEC.COMBN,age,educ_level,crp,19043,107169508.745196,106,gaussian (identity),Less than 9th grade,1.06163220456069,0.263045823570485,0.000105948519764999,0.546062390362543,1.57720201875884,10.9983999135989,1.91823719645351e-07,2370,6770435.74932214
gender,Male,1999-2020,21.2,WTMEC.COMBN,age,educ_level,creatinine,26780,102671563.532972,163,gaussian (identity),College graduate or above (Intercept),0.857341387695747,0.00816545343405809,4.62638059509858e-148,0.841337098964993,0.873345676426501,3.78056875449347,0.00577684490797769,5573,28554362.1029532
gender,Male,1999-2020,21.2,WTMEC.COMBN,age,educ_level,creatinine,26780,102671563.532972,163,gaussian (identity),Some college or AA degree,0.00959687850011494,0.00692917192009338,0.168005994245252,-0.00398429846326809,0.023178055463498,3.78056875449347,0.00577684490797769,6987,29558562.6274351
gender,Male,1999-2020,21.2,WTMEC.COMBN,age,educ_level,creatinine,26780,102671563.532972,163,gaussian (identity),HS graduate or GED,-0.00224366114518277,0.00807341844090442,0.781446917962438,-0.0180675612893554,0.0135802389989899,3.78056875449347,0.00577684490797769,6537,26024944.652553
gender,Male,1999-2020,21.2,WTMEC.COMBN,age,educ_level,creatinine,26780,102671563.532972,163,gaussian (identity),9-11th grade,-0.0122255479757034,0.00836918766362762,0.14606136808667,-0.0286291557964135,0.00417805984500673,3.78056875449347,0.00577684490797769,4485,12348069.088317
gender,Male,1999-2020,21.2,WTMEC.COMBN,age,educ_level,creatinine,26780,102671563.532972,163,gaussian (identity),Less than 9th grade,-0.0293094013141321,0.013193511097779,0.0277384685864875,-0.0551686830657788,-0.00345011956248535,3.78056875449347,0.00577684490797769,3198,6185625.0617139
gender,Female,1999-2020,21.2,WTMEC.COMBN,age,educ_level,creatinine,28506,109594601.059857,163,gaussian (identity),College graduate or above (Intercept),0.59724881552604,0.00585533742526192,4.19393049164091e-146,0.585772354172526,0.608725276879553,14.4706316187866,4.33230740144956e-10,5732,29524331.8608645
gender,Female,1999-2020,21.2,WTMEC.COMBN,age,educ_level,creatinine,28506,109594601.059857,163,gaussian (identity),Some college or AA degree,0.0200857983742709,0.00491285800754319,6.89668967358219e-05,0.0104565966794862,0.0297150000690555,14.4706316187866,4.33230740144956e-10,8653,35730722.6022686
gender,Female,1999-2020,21.2,WTMEC.COMBN,age,educ_level,creatinine,28506,109594601.059857,163,gaussian (identity),HS graduate or GED,0.0171785427264109,0.00551665275429757,0.00219228157721107,0.00636590332798766,0.0279911821248341,14.4706316187866,4.33230740144956e-10,6603,25839944.632097
gender,Female,1999-2020,21.2,WTMEC.COMBN,age,educ_level,creatinine,28506,109594601.059857,163,gaussian (identity),9-11th grade,0.0163479330894259,0.00727072732603006,0.0259298668604722,0.00209730753040696,0.0305985586484448,14.4706316187866,4.33230740144956e-10,4448,12424570.6148578
gender,Female,1999-2020,21.2,WTMEC.COMBN,age,educ_level,creatinine,28506,109594601.059857,163,gaussian (identity),Less than 9th grade,-0.0325845462362377,0.00798490059200094,7.1049991797302e-05,-0.0482349513965596,-0.0169341410759159,14.4706316187866,4.33230740144956e-10,3070,6075031.34976957
gender,Male,2001-2016,16,WTMEC.COMBN,age,educ_level,vitd,20502,101879618.007545,124,gaussian (identity),College graduate or above (Intercept),59.5895180483354,0.961220340711825,1.93885022200418e-92,57.7055261805403,61.4735099161306,19.6864626359976,1.85885500371103e-12,4264,28223157.9423507
gender,Male,2001-2016,16,WTMEC.COMBN,age,educ_level,vitd,20502,101879618.007545,124,gaussian (identity),Some college or AA degree,-2.34212971920024,0.644011509601057,0.000409279120517111,-3.60439227801832,-1.07986716038217,19.6864626359976,1.85885500371103e-12,5308,29539592.1573443
gender,Male,2001-2016,16,WTMEC.COMBN,age,educ_level,vitd,20502,101879618.007545,124,gaussian (identity),HS graduate or GED,-2.4110585832098,0.762801350000613,0.00199581710909711,-3.906149229211,-0.915967937208599,19.6864626359976,1.85885500371103e-12,5010,25155911.1614292
gender,Male,2001-2016,16,WTMEC.COMBN,age,educ_level,vitd,20502,101879618.007545,124,gaussian (identity),9-11th grade,-5.18020039851746,0.916382493008577,1.10036291993319e-07,-6.97631008481427,-3.38409071222065,19.6864626359976,1.85885500371103e-12,3452,12464826.7178598
gender,Male,2001-2016,16,WTMEC.COMBN,age,educ_level,vitd,20502,101879618.007545,124,gaussian (identity),Less than 9th grade,-7.52123146928375,0.864597828058893,2.20857658684841e-14,-9.21584321227918,-5.82661972628832,19.6864626359976,1.85885500371103e-12,2468,6496130.02856101
gender,Female,2001-2016,16,WTMEC.COMBN,age,educ_level,vitd,21789,109088556.404803,124,gaussian (identity),College graduate or above (Intercept),64.9260727954222,1.12571823698582,7.93946285594887e-89,62.71966505093,67.1324805399144,74.7459347752879,1.49675947146688e-31,4359,29145996.1536644
gender,Female,2001-2016,16,WTMEC.COMBN,age,educ_level,vitd,21789,109088556.404803,124,gaussian (identity),Some college or AA degree,-5.88134672227931,0.743004795582838,1.43664663356118e-12,-7.33763612162167,-4.42505732293695,74.7459347752879,1.49675947146688e-31,6593,36110272.6892879
gender,Female,2001-2016,16,WTMEC.COMBN,age,educ_level,vitd,21789,109088556.404803,124,gaussian (identity),HS graduate or GED,-8.04057795928172,0.892336707620985,4.1018565696803e-15,-9.78955790621885,-6.29159801234459,74.7459347752879,1.49675947146688e-31,5028,24907670.8484724
gender,Female,2001-2016,16,WTMEC.COMBN,age,educ_level,vitd,21789,109088556.404803,124,gaussian (identity),9-11th grade,-13.5980117230705,0.994139748615804,3.58693257514346e-26,-15.5465256303575,-11.6494978157836,74.7459347752879,1.49675947146688e-31,3466,12738809.7036681
gender,Female,2001-2016,16,WTMEC.COMBN,age,educ_level,vitd,21789,109088556.404803,124,gaussian (identity),Less than 9th grade,-17.5172165620437,1.12372770648433,1.58445166485092e-30,-19.7197228667529,-15.3147102573344,74.7459347752879,1.49675947146688e-31,2343,6185807.00971013
gender,Male,2001-2006,6,WTMEC.COMBN,age,educ_level,b_carot,7304,98429155.2937038,45,gaussian (identity),College graduate or above (Intercept),11.6486923439368,0.995894182437578,1.7451035409041e-14,9.69673974635911,13.6006449415144,23.045538042575,6.1989645513874e-10,1316,24753999.7046227
gender,Male,2001-2006,6,WTMEC.COMBN,age,educ_level,b_carot,7304,98429155.2937038,45,gaussian (identity),Some college or AA degree,-6.13400952556018,0.740704075350933,3.29841985187724e-10,-7.58578951324801,-4.68222953787236,23.045538042575,6.1989645513874e-10,1827,28499269.5938973
gender,Male,2001-2006,6,WTMEC.COMBN,age,educ_level,b_carot,7304,98429155.2937038,45,gaussian (identity),HS graduate or GED,-6.7411840347055,0.878736052469471,2.21611040415206e-09,-8.46350669754566,-5.01886137186533,23.045538042575,6.1989645513874e-10,1813,26163537.5525444
gender,Male,2001-2006,6,WTMEC.COMBN,age,educ_level,b_carot,7304,98429155.2937038,45,gaussian (identity),9-11th grade,-6.80253015675308,0.911916894107058,4.33076524066311e-09,-8.58988726920291,-5.01517304430324,23.045538042575,6.1989645513874e-10,1323,12022081.9203266
gender,Male,2001-2006,6,WTMEC.COMBN,age,educ_level,b_carot,7304,98429155.2937038,45,gaussian (identity),Less than 9th grade,-7.03841956351291,0.808860536178708,9.08068038408806e-11,-8.62378621442318,-5.45305291260264,23.045538042575,6.1989645513874e-10,1025,6990266.5223127
gender,Female,2001-2006,6,WTMEC.COMBN,age,educ_level,b_carot,7824,105666083.579654,45,gaussian (identity),College graduate or above (Intercept),16.309171241972,1.28888288829266,1.44411198500558e-15,13.7829607809184,18.8353817030256,46.8786170823714,1.39204658564798e-14,1344,25123207.3294687
gender,Female,2001-2006,6,WTMEC.COMBN,age,educ_level,b_carot,7824,105666083.579654,45,gaussian (identity),Some college or AA degree,-8.67513392024273,1.06354304414406,4.85123829382162e-10,-10.7596782867651,-6.59058955372038,46.8786170823714,1.39204658564798e-14,2238,33896587.2578673
gender,Female,2001-2006,6,WTMEC.COMBN,age,educ_level,b_carot,7824,105666083.579654,45,gaussian (identity),HS graduate or GED,-11.798056496707,0.943998562730292,2.14960190866695e-15,-13.6482936796584,-9.94781931375562,46.8786170823714,1.39204658564798e-14,1962,26956304.8158464
gender,Female,2001-2006,6,WTMEC.COMBN,age,educ_level,b_carot,7824,105666083.579654,45,gaussian (identity),9-11th grade,-14.1082680594559,1.14871891407647,3.75256969570213e-15,-16.3597571310458,-11.856778987866,46.8786170823714,1.39204658564798e-14,1377,13253900.2768509
gender,Female,2001-2006,6,WTMEC.COMBN,age,educ_level,b_carot,7824,105666083.579654,45,gaussian (identity),Less than 9th grade,-9.42774873834831,1.35253718956523,2.06205267946117e-08,-12.0787216298962,-6.77677584680045,46.8786170823714,1.39204658564798e-14,903,6436083.89962033
gender,Male,1999-2006,8,WTMEC.COMBN,age,educ_level,g_tocoph,9179,93117804.0054096,59,gaussian (identity),College graduate or above (Intercept),210.6811402538,6.41736291525553,2.32708436414966e-37,198.103108939899,223.259171567701,20.1906500152774,3.24568231307157e-10,1621,23097051.5368203
gender,Male,1999-2006,8,WTMEC.COMBN,age,educ_level,g_tocoph,9179,93117804.0054096,59,gaussian (identity),Some college or AA degree,39.3360021476499,5.78686325977783,8.78493328311269e-09,27.9937501584853,50.6782541368144,20.1906500152774,3.24568231307157e-10,2205,26351446.606011
gender,Male,1999-2006,8,WTMEC.COMBN,age,educ_level,g_tocoph,9179,93117804.0054096,59,gaussian (identity),HS graduate or GED,49.9411228951639,6.1319535567799,5.77243526255564e-11,37.9224939238753,61.9597518664525,20.1906500152774,3.24568231307157e-10,2245,24533784.7621268
gender,Male,1999-2006,8,WTMEC.COMBN,age,educ_level,g_tocoph,9179,93117804.0054096,59,gaussian (identity),9-11th grade,46.5590068369701,6.56914529698135,2.96988761780871e-09,33.6834820548866,59.4345316190535,20.1906500152774,3.24568231307157e-10,1778,12562985.4445882
gender,Male,1999-2006,8,WTMEC.COMBN,age,educ_level,g_tocoph,9179,93117804.0054096,59,gaussian (identity),Less than 9th grade,43.8105989001859,7.65613385473504,4.73569240136682e-07,28.8045765449052,58.8166212554665,20.1906500152774,3.24568231307157e-10,1330,6572535.65586327
gender,Female,1999-2006,8,WTMEC.COMBN,age,educ_level,g_tocoph,9905,100147509.969021,59,gaussian (identity),College graduate or above (Intercept),197.484918918008,6.19217870335003,1.03117701514065e-36,185.348248659442,209.621589176574,60.308460103739,2.77353840641163e-19,1634,22937317.9535018
gender,Female,1999-2006,8,WTMEC.COMBN,age,educ_level,g_tocoph,9905,100147509.969021,59,gaussian (identity),Some college or AA degree,38.9037274333277,5.24344960446521,8.58460423860974e-10,28.6265662085759,49.1808886580795,60.308460103739,2.77353840641163e-19,2759,31645557.0509398
gender,Female,1999-2006,8,WTMEC.COMBN,age,educ_level,g_tocoph,9905,100147509.969021,59,gaussian (identity),HS graduate or GED,51.4038484318281,4.48517751208536,4.40731915691728e-16,42.6129005081408,60.1947963555154,60.308460103739,2.77353840641163e-19,2476,25792425.7227713
gender,Female,1999-2006,8,WTMEC.COMBN,age,educ_level,g_tocoph,9905,100147509.969021,59,gaussian (identity),9-11th grade,68.4227208447937,5.53383044006961,2.22322436109556e-17,57.5764131822572,79.2690285073301,60.308460103739,2.77353840641163e-19,1820,13377278.6531604
gender,Female,1999-2006,8,WTMEC.COMBN,age,educ_level,g_tocoph,9905,100147509.969021,59,gaussian (identity),Less than 9th grade,46.8314167133642,5.54765459999886,1.92335995260504e-11,35.9580136973664,57.7048197293619,60.308460103739,2.77353840641163e-19,1216,6394930.58864775
gender,Male,2001-2006,6,WTMEC.COMBN,age,educ_level,t_lycop,7300,98390486.2246944,45,gaussian (identity),College graduate or above (Intercept),31.9200287895538,0.579620313170446,2.46323673083067e-39,30.7839729757397,33.0560846033679,39.8722257365495,1.87504641399036e-13,1315,24732088.7290547
gender,Male,2001-2006,6,WTMEC.COMBN,age,educ_level,t_lycop,7300,98390486.2246944,45,gaussian (identity),Some college or AA degree,-0.33979367432603,0.467320031668045,0.471392147314689,-1.2557409363954,0.576153587743338,39.8722257365495,1.87504641399036e-13,1827,28499269.5938973
gender,Male,2001-2006,6,WTMEC.COMBN,age,educ_level,t_lycop,7300,98390486.2246944,45,gaussian (identity),HS graduate or GED,-0.609441475498198,0.550918821149024,0.275237040701641,-1.68924236495028,0.470359413953888,39.8722257365495,1.87504641399036e-13,1813,26163537.5525444
gender,Male,2001-2006,6,WTMEC.COMBN,age,educ_level,t_lycop,7300,98390486.2246944,45,gaussian (identity),9-11th grade,-3.58887874661929,0.614502601303277,7.92603043569403e-07,-4.79330384517371,-2.38445364806487,39.8722257365495,1.87504641399036e-13,1323,12022081.9203266
gender,Male,2001-2006,6,WTMEC.COMBN,age,educ_level,t_lycop,7300,98390486.2246944,45,gaussian (identity),Less than 9th grade,-5.53713463064384,0.614293559141861,3.53023083956189e-11,-6.74115000656189,-4.33311925472579,39.8722257365495,1.87504641399036e-13,1022,6973508.42887136
gender,Female,2001-2006,6,WTMEC.COMBN,age,educ_level,t_lycop,7821,105634287.463323,45,gaussian (identity),College graduate or above (Intercept),28.5539886500582,0.485628011029208,1.85068779366118e-40,27.6021577484409,29.5058195516754,56.424390332766,6.43364180028705e-16,1343,25120883.6161007
gender,Female,2001-2006,6,WTMEC.COMBN,age,educ_level,t_lycop,7821,105634287.463323,45,gaussian (identity),Some college or AA degree,-1.29337979263663,0.43904512070771,0.00534694738679218,-2.15390822922374,-0.432851356049518,56.424390332766,6.43364180028705e-16,2237,33868659.308318
gender,Female,2001-2006,6,WTMEC.COMBN,age,educ_level,t_lycop,7821,105634287.463323,45,gaussian (identity),HS graduate or GED,-2.40369687152194,0.441071919847062,2.79975647866805e-06,-3.26819783442218,-1.53919590862169,56.424390332766,6.43364180028705e-16,1962,26956304.8158464
gender,Female,2001-2006,6,WTMEC.COMBN,age,educ_level,t_lycop,7821,105634287.463323,45,gaussian (identity),9-11th grade,-3.66540759694945,0.585525204355606,2.03682244754664e-07,-4.81303699748644,-2.51777819641246,56.424390332766,6.43364180028705e-16,1377,13253900.2768509
gender,Female,2001-2006,6,WTMEC.COMBN,age,educ_level,t_lycop,7821,105634287.463323,45,gaussian (identity),Less than 9th grade,-5.47791190299369,0.378434742960429,1.70959789223248e-17,-6.21964399919613,-4.73617980679125,56.424390332766,6.43364180028705e-16,902,6434539.446207
gender,Male,2011-2020,9.2,WTMEC.COMBN,age,educ_level,manganese,9219,86371590.9525868,72,gaussian (identity),College graduate or above (Intercept),9.29104262143761,0.157097757372999,1.4852793122873e-59,8.98313101698653,9.59895422588869,2.73896049111634,0.0357325506568896,2232,26710293.9939497
gender,Male,2011-2020,9.2,WTMEC.COMBN,age,educ_level,manganese,9219,86371590.9525868,72,gaussian (identity),Some college or AA degree,-0.112681666608517,0.122600043112555,0.3613405539877,-0.352977751109124,0.12761441789209,2.73896049111634,0.0357325506568896,2649,25308167.9620844
gender,Male,2011-2020,9.2,WTMEC.COMBN,age,educ_level,manganese,9219,86371590.9525868,72,gaussian (identity),HS graduate or GED,0.111034642091914,0.13305517440434,0.406964505696453,-0.149753499740593,0.37182278392442,2.73896049111634,0.0357325506568896,2244,21735309.1677164
gender,Male,2011-2020,9.2,WTMEC.COMBN,age,educ_level,manganese,9219,86371590.9525868,72,gaussian (identity),9-11th grade,0.106239347298983,0.168833519682952,0.531321877323051,-0.224674351279604,0.437153045877569,2.73896049111634,0.0357325506568896,1240,8296353.41172844
gender,Male,2011-2020,9.2,WTMEC.COMBN,age,educ_level,manganese,9219,86371590.9525868,72,gaussian (identity),Less than 9th grade,0.50712801638703,0.173578223502434,0.00474246023140435,0.16691469832226,0.8473413344518,2.73896049111634,0.0357325506568896,854,4321466.41710796
gender,Female,2011-2020,9.2,WTMEC.COMBN,age,educ_level,manganese,9738,92183125.0560871,72,gaussian (identity),College graduate or above (Intercept),11.9082113622947,0.16500540953971,2.93886240393596e-65,11.5848007595968,12.2316219649925,7.59042128668604,4.18011867149804e-05,2381,28737201.0707682
gender,Female,2011-2020,9.2,WTMEC.COMBN,age,educ_level,manganese,9738,92183125.0560871,72,gaussian (identity),Some college or AA degree,0.0378359673400748,0.156476797954372,0.809674295669835,-0.268858556650494,0.344530491330643,7.59042128668604,4.18011867149804e-05,3238,30430910.6431742
gender,Female,2011-2020,9.2,WTMEC.COMBN,age,educ_level,manganese,9738,92183125.0560871,72,gaussian (identity),HS graduate or GED,0.294409888689543,0.182101239507043,0.110634129680814,-0.0625085407442604,0.651328318123347,7.59042128668604,4.18011867149804e-05,2135,20968089.0474853
gender,Female,2011-2020,9.2,WTMEC.COMBN,age,educ_level,manganese,9738,92183125.0560871,72,gaussian (identity),9-11th grade,0.655801052603099,0.240444303902545,0.00814059382829482,0.184530216954111,1.12707188825209,7.59042128668604,4.18011867149804e-05,1164,7831232.18759422
gender,Female,2011-2020,9.2,WTMEC.COMBN,age,educ_level,manganese,9738,92183125.0560871,72,gaussian (identity),Less than 9th grade,0.962985937067072,0.237941243430077,0.000136735026126689,0.49662109994412,1.42935077419002,7.59042128668604,4.18011867149804e-05,820,4215692.10706517
gender,Male,2011-2020,9.2,WTMEC.COMBN,age,educ_level,selenium,9219,86371590.9525868,72,gaussian (identity),College graduate or above (Intercept),197.852566288575,1.69655205033527,4.13462229123858e-79,194.527324269918,201.177808307233,3.71524706704798,0.00862097394764602,2232,26710293.9939497
gender,Male,2011-2020,9.2,WTMEC.COMBN,age,educ_level,selenium,9219,86371590.9525868,72,gaussian (identity),Some college or AA degree,-2.6973555494363,1.21230593533886,0.0294540165890738,-5.07347518270047,-0.321235916172132,3.71524706704798,0.00862097394764602,2649,25308167.9620844
gender,Male,2011-2020,9.2,WTMEC.COMBN,age,educ_level,selenium,9219,86371590.9525868,72,gaussian (identity),HS graduate or GED,-4.25568349853568,1.29316126456278,0.0015951793099193,-6.79027957707873,-1.72108741999262,3.71524706704798,0.00862097394764602,2244,21735309.1677164
gender,Male,2011-2020,9.2,WTMEC.COMBN,age,educ_level,selenium,9219,86371590.9525868,72,gaussian (identity),9-11th grade,-5.26099057855777,1.841665693848,0.00569687473415028,-8.87065533849985,-1.65132581861568,3.71524706704798,0.00862097394764602,1240,8296353.41172844
gender,Male,2011-2020,9.2,WTMEC.COMBN,age,educ_level,selenium,9219,86371590.9525868,72,gaussian (identity),Less than 9th grade,-5.57775689476552,1.64316521236046,0.00115897498284049,-8.79836071099202,-2.35715307853902,3.71524706704798,0.00862097394764602,854,4321466.41710796
gender,Female,2011-2020,9.2,WTMEC.COMBN,age,educ_level,selenium,9738,92183125.0560871,72,gaussian (identity),College graduate or above (Intercept),189.909781710884,1.26230631593609,1.71307229196852e-86,187.435661331649,192.383902090119,5.20407771245061,0.00103543194657228,2381,28737201.0707682
gender,Female,2011-2020,9.2,WTMEC.COMBN,age,educ_level,selenium,9738,92183125.0560871,72,gaussian (identity),Some college or AA degree,-0.324637159921889,0.901981507548864,0.720042344722289,-2.09252091471766,1.44324659487388,5.20407771245061,0.00103543194657228,3238,30430910.6431742
gender,Female,2011-2020,9.2,WTMEC.COMBN,age,educ_level,selenium,9738,92183125.0560871,72,gaussian (identity),HS graduate or GED,-4.11366417462139,1.32206714414593,0.00273469537970385,-6.70491577714741,-1.52241257209536,5.20407771245061,0.00103543194657228,2135,20968089.0474853
gender,Female,2011-2020,9.2,WTMEC.COMBN,age,educ_level,selenium,9738,92183125.0560871,72,gaussian (identity),9-11th grade,-3.8414116919239,1.3349683097918,0.00537229930932061,-6.45794957911583,-1.22487380473197,5.20407771245061,0.00103543194657228,1164,7831232.18759422
gender,Female,2011-2020,9.2,WTMEC.COMBN,age,educ_level,selenium,9738,92183125.0560871,72,gaussian (identity),Less than 9th grade,-4.67406036247909,1.47284479171574,0.00227482370996405,-7.56083615424195,-1.78728457071623,5.20407771245061,0.00103543194657228,820,4215692.10706517
gender,Female,1999-2020,21.2,WTMEC.COMBN,age,educ_level,mercury,24019,92704080.9800073,163,gaussian (identity),College graduate or above (Intercept),1.68090003225518,0.0733857903205812,4.47852396776456e-52,1.53706388322684,1.82473618128352,46.2135680182769,1.14730676800245e-25,4878,25407832.2717431
gender,Female,1999-2020,21.2,WTMEC.COMBN,age,educ_level,mercury,24019,92704080.9800073,163,gaussian (identity),Some college or AA degree,-0.626969158780903,0.0596421030428756,6.27240458008806e-20,-0.74386768074494,-0.510070636816867,46.2135680182769,1.14730676800245e-25,7356,30164721.7991951
gender,Female,1999-2020,21.2,WTMEC.COMBN,age,educ_level,mercury,24019,92704080.9800073,163,gaussian (identity),HS graduate or GED,-0.789187955050376,0.0595146361712372,1.87624216296981e-27,-0.905836641946001,-0.672539268154751,46.2135680182769,1.14730676800245e-25,5588,21979642.8240119
gender,Female,1999-2020,21.2,WTMEC.COMBN,age,educ_level,mercury,24019,92704080.9800073,163,gaussian (identity),9-11th grade,-0.799651438019849,0.0698968638048333,1.85095973420545e-22,-0.936649291077322,-0.662653584962376,46.2135680182769,1.14730676800245e-25,3787,10317213.3687779
gender,Female,1999-2020,21.2,WTMEC.COMBN,age,educ_level,mercury,24019,92704080.9800073,163,gaussian (identity),Less than 9th grade,-0.601587423908125,0.100839826502675,1.543341923087e-08,-0.799233483853368,-0.403941363962882,46.2135680182769,1.14730676800245e-25,2410,4834670.71627923
gender,Male,1999-2020,21.2,WTMEC.COMBN,age,educ_level,mercury,19755,75548217.543482,134,gaussian (identity),College graduate or above (Intercept),1.90646109874688,0.102025443789269,1.63208308643694e-38,1.70649122891991,2.10643096857385,43.3944765954019,4.99843972044266e-23,4183,21234905.2092616
gender,Male,1999-2020,21.2,WTMEC.COMBN,age,educ_level,mercury,19755,75548217.543482,134,gaussian (identity),Some college or AA degree,-0.869938032207097,0.0882125477333259,1.93284031720318e-17,-1.04283462576442,-0.697041438649779,43.3944765954019,4.99843972044266e-23,5326,21961224.8738924
gender,Male,1999-2020,21.2,WTMEC.COMBN,age,educ_level,mercury,19755,75548217.543482,134,gaussian (identity),HS graduate or GED,-1.10309620572322,0.0874456393890453,2.89541315806558e-24,-1.27448965892575,-0.931702752520692,43.3944765954019,4.99843972044266e-23,4888,19384427.3860105
gender,Male,1999-2020,21.2,WTMEC.COMBN,age,educ_level,mercury,19755,75548217.543482,134,gaussian (identity),9-11th grade,-1.15155672530091,0.0986194068434634,6.0857791103007e-22,-1.3448507627141,-0.958262687887719,43.3944765954019,4.99843972044266e-23,3109,8463150.1282801
gender,Male,1999-2020,21.2,WTMEC.COMBN,age,educ_level,mercury,19755,75548217.543482,134,gaussian (identity),Less than 9th grade,-0.954520715977035,0.104688217660744,1.29116387412594e-15,-1.15970962259209,-0.749331809361977,43.3944765954019,4.99843972044266e-23,2249,4504509.94603733
gender,Male,1999-2020,21.2,WTMEC.COMBN,age,educ_level,lead,24497,93321657.6557514,163,gaussian (identity),College graduate or above (Intercept),0.49283276604063,0.0470949346145278,8.43687505138839e-20,0.400526694196155,0.585138837885104,94.7863902996673,5.89797515672283e-41,5010,25672311.7580886
gender,Male,1999-2020,21.2,WTMEC.COMBN,age,educ_level,lead,24497,93321657.6557514,163,gaussian (identity),Some college or AA degree,0.286940596766783,0.0354359191743043,1.42039098211813e-13,0.217486195185146,0.356394998348419,94.7863902996673,5.89797515672283e-41,6347,26692161.5130343
gender,Male,1999-2020,21.2,WTMEC.COMBN,age,educ_level,lead,24497,93321657.6557514,163,gaussian (identity),HS graduate or GED,0.513911656786002,0.0552698857106463,1.11872082105779e-16,0.405582680793135,0.622240632778868,94.7863902996673,5.89797515672283e-41,5997,23936969.6994177
gender,Male,1999-2020,21.2,WTMEC.COMBN,age,educ_level,lead,24497,93321657.6557514,163,gaussian (identity),9-11th grade,0.911624755146267,0.0497386647473958,6.01128680372492e-41,0.814136972241372,1.00911253805116,94.7863902996673,5.89797515672283e-41,4121,11237298.3510633
gender,Male,1999-2020,21.2,WTMEC.COMBN,age,educ_level,lead,24497,93321657.6557514,163,gaussian (identity),Less than 9th grade,1.13767977428443,0.081763931768862,3.05399543504945e-29,0.977422468017465,1.2979370805514,94.7863902996673,5.89797515672283e-41,3022,5782916.33414752
gender,Female,1999-2020,21.2,WTMEC.COMBN,age,educ_level,lead,26164,100264081.712763,163,gaussian (identity),College graduate or above (Intercept),0.208139541530484,0.02684381057126,1.02759444845232e-12,0.155525672810815,0.260753410250154,36.5697758187175,1.27713369404239e-21,5162,26753509.3556186
gender,Female,1999-2020,21.2,WTMEC.COMBN,age,educ_level,lead,26164,100264081.712763,163,gaussian (identity),Some college or AA degree,0.0342958796180798,0.0193165912819055,0.0777466993174444,-0.00356463929445505,0.0721563985306146,36.5697758187175,1.27713369404239e-21,7834,32073708.6090234
gender,Female,1999-2020,21.2,WTMEC.COMBN,age,educ_level,lead,26164,100264081.712763,163,gaussian (identity),HS graduate or GED,0.105209750333011,0.0231616613276976,1.09824098716572e-05,0.0598128941307235,0.150606606535298,36.5697758187175,1.27713369404239e-21,6110,24140337.0134205
gender,Female,1999-2020,21.2,WTMEC.COMBN,age,educ_level,lead,26164,100264081.712763,163,gaussian (identity),9-11th grade,0.355661341961461,0.0325797499352573,4.99196145480568e-21,0.291805032088357,0.419517651834565,36.5697758187175,1.27713369404239e-21,4171,11584798.6970802
gender,Female,1999-2020,21.2,WTMEC.COMBN,age,educ_level,lead,26164,100264081.712763,163,gaussian (identity),Less than 9th grade,0.359599148167646,0.0530870883541972,2.34187012304282e-10,0.25554845499342,0.463649841341873,36.5697758187175,1.27713369404239e-21,2887,5711728.03761998
gender,Male,1999-2020,21.2,WTMEC.COMBN,age,educ_level,cadmium,24497,93321657.6557514,163,gaussian (identity),College graduate or above (Intercept),0.236220446820753,0.0157980355558034,4.62320512422069e-32,0.205256297131378,0.267184596510127,144.382976627693,1.07630941689373e-51,5010,25672311.7580886
gender,Male,1999-2020,21.2,WTMEC.COMBN,age,educ_level,cadmium,24497,93321657.6557514,163,gaussian (identity),Some college or AA degree,0.175093524300545,0.0148538429819168,2.06814956652885e-23,0.145979992055988,0.204207056545102,144.382976627693,1.07630941689373e-51,6347,26692161.5130343
gender,Male,1999-2020,21.2,WTMEC.COMBN,age,educ_level,cadmium,24497,93321657.6557514,163,gaussian (identity),HS graduate or GED,0.231032107766279,0.0133944664164826,3.6810093813687e-38,0.204778953589974,0.257285261942585,144.382976627693,1.07630941689373e-51,5997,23936969.6994177
gender,Male,1999-2020,21.2,WTMEC.COMBN,age,educ_level,cadmium,24497,93321657.6557514,163,gaussian (identity),9-11th grade,0.349807771504527,0.0173973025685534,2.08654061106866e-45,0.315709058470163,0.383906484538892,144.382976627693,1.07630941689373e-51,4121,11237298.3510633
gender,Male,1999-2020,21.2,WTMEC.COMBN,age,educ_level,cadmium,24497,93321657.6557514,163,gaussian (identity),Less than 9th grade,0.200143424436444,0.0186801494125913,1.77455268009848e-20,0.163530331587765,0.236756517285123,144.382976627693,1.07630941689373e-51,3022,5782916.33414752
gender,Female,1999-2020,21.2,WTMEC.COMBN,age,educ_level,cadmium,26164,100264081.712763,163,gaussian (identity),College graduate or above (Intercept),0.288501908282843,0.0128174360745693,3.71424141227501e-51,0.263379733576687,0.313624082988999,146.062998722034,5.25963722794192e-52,5162,26753509.3556186
gender,Female,1999-2020,21.2,WTMEC.COMBN,age,educ_level,cadmium,26164,100264081.712763,163,gaussian (identity),Some college or AA degree,0.116636955968112,0.00943958382867194,5.691007957872e-25,0.0981353716639152,0.135138540272309,146.062998722034,5.25963722794192e-52,7834,32073708.6090234
gender,Female,1999-2020,21.2,WTMEC.COMBN,age,educ_level,cadmium,26164,100264081.712763,163,gaussian (identity),HS graduate or GED,0.201085755812956,0.0117113139296958,5.88492300190887e-38,0.178131580510752,0.22403993111516,146.062998722034,5.25963722794192e-52,6110,24140337.0134205
gender,Female,1999-2020,21.2,WTMEC.COMBN,age,educ_level,cadmium,26164,100264081.712763,163,gaussian (identity),9-11th grade,0.307476032231503,0.0166987663647739,3.65241497593371e-41,0.274746450156546,0.34020561430646,146.062998722034,5.25963722794192e-52,4171,11584798.6970802
gender,Female,1999-2020,21.2,WTMEC.COMBN,age,educ_level,cadmium,26164,100264081.712763,163,gaussian (identity),Less than 9th grade,0.153771380621519,0.0175261250492182,2.63803332688456e-15,0.119420175525051,0.188122585717987,146.062998722034,5.25963722794192e-52,2887,5711728.03761998
gender,Male,1999-2004,6,WTMEC.COMBN,age,educ_level,hcb,2100,28143713.6155255,44,gaussian (identity),College graduate or above (Intercept),0.10130085434134,0.00949172276320061,3.92319823664163e-13,0.0826970777254671,0.119904630957213,1.81267224710985,0.145935179413757,357,6859445.25130567
gender,Male,1999-2004,6,WTMEC.COMBN,age,educ_level,hcb,2100,28143713.6155255,44,gaussian (identity),Some college or AA degree,0.00908307622940464,0.00869162151665481,0.302439650793693,-0.00795250194323879,0.0261186544020481,1.81267224710985,0.145935179413757,516,8217987.97550699
gender,Male,1999-2004,6,WTMEC.COMBN,age,educ_level,hcb,2100,28143713.6155255,44,gaussian (identity),HS graduate or GED,0.0123991519917679,0.0100537120995842,0.224849075044676,-0.0073061237234171,0.0321044277069529,1.81267224710985,0.145935179413757,476,6994406.73302666
gender,Male,1999-2004,6,WTMEC.COMBN,age,educ_level,hcb,2100,28143713.6155255,44,gaussian (identity),9-11th grade,0.0204944945978212,0.00798065257582129,0.0141734900306627,0.00485241554921151,0.036136573646431,1.81267224710985,0.145935179413757,435,4102374.63022049
gender,Male,1999-2004,6,WTMEC.COMBN,age,educ_level,hcb,2100,28143713.6155255,44,gaussian (identity),Less than 9th grade,0.0102065559207253,0.0105615116553016,0.33980309034802,-0.0104940069236658,0.0309071187651164,1.81267224710985,0.145935179413757,316,1969499.02546567
gender,Female,1999-2004,6,WTMEC.COMBN,age,educ_level,hcb,2372,31512461.0408445,44,gaussian (identity),College graduate or above (Intercept),0.0811245521094687,0.00675701626012001,1.1327415735615e-14,0.0678808002396335,0.0943683039793039,5.09362979098969,0.00212113066955353,359,6662261.47412733
gender,Female,1999-2004,6,WTMEC.COMBN,age,educ_level,hcb,2372,31512461.0408445,44,gaussian (identity),Some college or AA degree,0.016305917891232,0.00638078025004321,0.0146169855152796,0.0037995886011473,0.0288122471813167,5.09362979098969,0.00212113066955353,668,10430821.1320638
gender,Female,1999-2004,6,WTMEC.COMBN,age,educ_level,hcb,2372,31512461.0408445,44,gaussian (identity),HS graduate or GED,0.0150117584182049,0.00606179997622243,0.0177140615135699,0.00313063046480895,0.0268928863716009,5.09362979098969,0.00212113066955353,569,7874366.29202542
gender,Female,1999-2004,6,WTMEC.COMBN,age,educ_level,hcb,2372,31512461.0408445,44,gaussian (identity),9-11th grade,0.0201607804103845,0.00739415233058865,0.00953826491345215,0.00566824184243072,0.0346533189783382,5.09362979098969,0.00212113066955353,463,4524203.21845429
gender,Female,1999-2004,6,WTMEC.COMBN,age,educ_level,hcb,2372,31512461.0408445,44,gaussian (identity),Less than 9th grade,0.0433659203201002,0.0106243453489939,0.000214301217242668,0.0225422034360722,0.0641896372041282,5.09362979098969,0.00212113066955353,313,2020808.92417367
gender,Male,1999-2004,6,WTMEC.COMBN,age,educ_level,hcb_adj,2100,28143713.6155255,44,gaussian (identity),College graduate or above (Intercept),19.2609055837998,1.78159780066814,2.68607294413034e-13,15.7689738944902,22.7528372731093,2.01487014550797,0.111324455338423,357,6859445.25130567
gender,Male,1999-2004,6,WTMEC.COMBN,age,educ_level,hcb_adj,2100,28143713.6155255,44,gaussian (identity),Some college or AA degree,1.19181178361027,1.41475350019251,0.404691492125757,-1.58110507676705,3.9647286439876,2.01487014550797,0.111324455338423,516,8217987.97550699
gender,Male,1999-2004,6,WTMEC.COMBN,age,educ_level,hcb_adj,2100,28143713.6155255,44,gaussian (identity),HS graduate or GED,1.320549545715,1.50712980034158,0.386285542808423,-1.6334248629545,4.27452395438449,2.01487014550797,0.111324455338423,476,6994406.73302666
gender,Male,1999-2004,6,WTMEC.COMBN,age,educ_level,hcb_adj,2100,28143713.6155255,44,gaussian (identity),9-11th grade,4.15012884783632,1.58401383144148,0.0124645180936959,1.04546173821102,7.25479595746163,2.01487014550797,0.111324455338423,435,4102374.63022049
gender,Male,1999-2004,6,WTMEC.COMBN,age,educ_level,hcb_adj,2100,28143713.6155255,44,gaussian (identity),Less than 9th grade,1.7300406685194,1.64836855617197,0.300386897761826,-1.50076170157766,4.96084303861647,2.01487014550797,0.111324455338423,316,1969499.02546567
gender,Female,1999-2004,6,WTMEC.COMBN,age,educ_level,hcb_adj,2372,31512461.0408445,44,gaussian (identity),College graduate or above (Intercept),18.3196937122152,1.40190758752853,7.90475384523195e-16,15.5719548406593,21.0674325837711,4.20067211437035,0.00635395818049488,359,6662261.47412733
gender,Female,1999-2004,6,WTMEC.COMBN,age,educ_level,hcb_adj,2372,31512461.0408445,44,gaussian (identity),Some college or AA degree,2.06833314951727,1.14428035588229,0.0783958771825365,-0.174456348012022,4.31112264704657,4.20067211437035,0.00635395818049488,668,10430821.1320638
gender,Female,1999-2004,6,WTMEC.COMBN,age,educ_level,hcb_adj,2372,31512461.0408445,44,gaussian (identity),HS graduate or GED,1.7870804697138,1.20823678964675,0.147151075725676,-0.581063637993822,4.15522457742142,4.20067211437035,0.00635395818049488,569,7874366.29202542
gender,Female,1999-2004,6,WTMEC.COMBN,age,educ_level,hcb_adj,2372,31512461.0408445,44,gaussian (identity),9-11th grade,2.82533538846599,1.41302663853793,0.0525561884018111,0.0558031769316445,5.59486760000033,4.20067211437035,0.00635395818049488,463,4524203.21845429
gender,Female,1999-2004,6,WTMEC.COMBN,age,educ_level,hcb_adj,2372,31512461.0408445,44,gaussian (identity),Less than 9th grade,7.26253558533246,1.83147285168239,0.000303655524322815,3.67284879603498,10.85222237463,4.20067211437035,0.00635395818049488,313,2020808.92417367
gender,Female,1999-2004,6,WTMEC.COMBN,age,educ_level,hepox,2279,29570139.7925975,44,gaussian (identity),College graduate or above (Intercept),-0.0233784638202361,0.00891908457058485,0.0124284854898523,-0.0408598695785824,-0.00589705806188982,1.59750053376523,0.194317507717548,334,6190029.29093533
gender,Female,1999-2004,6,WTMEC.COMBN,age,educ_level,hepox,2279,29570139.7925975,44,gaussian (identity),Some college or AA degree,0.00723874620775375,0.00554910177732527,0.199712636874948,-0.00363749327580378,0.0181149856913113,1.59750053376523,0.194317507717548,639,9713276.19978277
gender,Female,1999-2004,6,WTMEC.COMBN,age,educ_level,hepox,2279,29570139.7925975,44,gaussian (identity),HS graduate or GED,0.00749386255231538,0.00523992112217101,0.160637775223822,-0.00277638284713981,0.0177641079517706,1.59750053376523,0.194317507717548,560,7603444.64783875
gender,Female,1999-2004,6,WTMEC.COMBN,age,educ_level,hepox,2279,29570139.7925975,44,gaussian (identity),9-11th grade,0.0129903175537151,0.00860344592686262,0.139129890421289,-0.0038724364629356,0.0298530715703659,1.59750053376523,0.194317507717548,447,4237006.19140663
gender,Female,1999-2004,6,WTMEC.COMBN,age,educ_level,hepox,2279,29570139.7925975,44,gaussian (identity),Less than 9th grade,0.0191062163403926,0.00990603124708679,0.0610635764600865,-0.000309604903897549,0.0385220375846827,1.59750053376523,0.194317507717548,299,1826383.462634
gender,Male,1999-2004,6,WTMEC.COMBN,age,educ_level,hepox,2023,26263003.473982,44,gaussian (identity),College graduate or above (Intercept),-0.00406084469891272,0.00542366503102412,0.458513783617888,-0.01469122815972,0.00656953876189456,1.64332859752982,0.182862399681941,332,6246340.40063033
gender,Male,1999-2004,6,WTMEC.COMBN,age,educ_level,hepox,2023,26263003.473982,44,gaussian (identity),Some college or AA degree,0.0003459256578228,0.00321684601976365,0.914915353671768,-0.00595909254091396,0.00665094385655956,1.64332859752982,0.182862399681941,495,7630233.39052199
gender,Male,1999-2004,6,WTMEC.COMBN,age,educ_level,hepox,2023,26263003.473982,44,gaussian (identity),HS graduate or GED,0.00518450372224605,0.00500972221371525,0.307095702426325,-0.00463455181663584,0.015003559261128,1.64332859752982,0.182862399681941,464,6799207.18498416
gender,Male,1999-2004,6,WTMEC.COMBN,age,educ_level,hepox,2023,26263003.473982,44,gaussian (identity),9-11th grade,0.00646974491626684,0.00416921554047869,0.128790711676021,-0.0017019175430714,0.0146414073756051,1.64332859752982,0.182862399681941,417,3695648.45140049
gender,Male,1999-2004,6,WTMEC.COMBN,age,educ_level,hepox,2023,26263003.473982,44,gaussian (identity),Less than 9th grade,0.035063658523007,0.0277740520330288,0.214279982185533,-0.0193734834617295,0.0895008005077434,1.64332859752982,0.182862399681941,315,1891574.046445
gender,Male,1999-2004,6,WTSPO.COMBN,age,educ_level,pcb180,2163,92556067.1024077,44,gaussian (identity),College graduate or above (Intercept),-0.159129508204762,0.0180745684357523,8.28930708692694e-11,-0.194555662338837,-0.123703354070688,2.71736171157178,0.0434670764412464,380,22809176.468853
gender,Male,1999-2004,6,WTSPO.COMBN,age,educ_level,pcb180,2163,92556067.1024077,44,gaussian (identity),Some college or AA degree,0.0278750061572726,0.0137904159069244,0.050146714859269,0.000845790979700667,0.0549042213348445,2.71736171157178,0.0434670764412464,544,27428994.0191293
gender,Male,1999-2004,6,WTSPO.COMBN,age,educ_level,pcb180,2163,92556067.1024077,44,gaussian (identity),HS graduate or GED,0.00486915579761388,0.0132837361584823,0.715935790473866,-0.0211669670730114,0.0309052786682391,2.71736171157178,0.0434670764412464,486,22287989.5230633
gender,Male,1999-2004,6,WTSPO.COMBN,age,educ_level,pcb180,2163,92556067.1024077,44,gaussian (identity),9-11th grade,0.0352462188206755,0.0213446236034806,0.10670977369644,-0.00658924344214648,0.0770816810834975,2.71736171157178,0.0434670764412464,437,13534118.4464397
gender,Male,1999-2004,6,WTSPO.COMBN,age,educ_level,pcb180,2163,92556067.1024077,44,gaussian (identity),Less than 9th grade,0.03458919841194,0.0240934663885507,0.159081403726533,-0.0126339957096194,0.0818123925334994,2.71736171157178,0.0434670764412464,316,6495788.6449224
gender,Female,1999-2004,6,WTSPO.COMBN,age,educ_level,pcb180,2415,99067648.8033995,44,gaussian (identity),College graduate or above (Intercept),-0.15419930051705,0.00978618064960891,1.66924021288541e-18,-0.173380214590284,-0.135018386443817,1.56119266859337,0.203878096834569,385,22586209.6540427
gender,Female,1999-2004,6,WTSPO.COMBN,age,educ_level,pcb180,2415,99067648.8033995,44,gaussian (identity),Some college or AA degree,0.00256456480564784,0.0116088143073371,0.826310901725868,-0.0201887112367328,0.0253178408480285,1.56119266859337,0.203878096834569,655,30729253.3746383
gender,Female,1999-2004,6,WTSPO.COMBN,age,educ_level,pcb180,2415,99067648.8033995,44,gaussian (identity),HS graduate or GED,0.0137588343641373,0.00955118667961479,0.1576961466389,-0.00496149152790773,0.0324791602561823,1.56119266859337,0.203878096834569,573,24894413.9607248
gender,Female,1999-2004,6,WTSPO.COMBN,age,educ_level,pcb180,2415,99067648.8033995,44,gaussian (identity),9-11th grade,0.0298204542783765,0.0162102649102059,0.0734474951947946,-0.00195166494562713,0.0615925735023802,1.56119266859337,0.203878096834569,486,14446942.6412227
gender,Female,1999-2004,6,WTSPO.COMBN,age,educ_level,pcb180,2415,99067648.8033995,44,gaussian (identity),Less than 9th grade,-0.00421103042810683,0.0174675832530351,0.810758486118371,-0.0384474936040556,0.0300254327478419,1.56119266859337,0.203878096834569,316,6410829.17277094
gender,Male,1999-2004,6,WTSPO.COMBN,age,educ_level,pcbdiox,1897,83277287.5315716,44,gaussian (identity),College graduate or above (Intercept),-1.68493715710693,1.93237826865194,0.388572204385212,-5.47239856366474,2.10252424945087,1.74995344344615,0.158677048796195,349,21064986.1331153
gender,Male,1999-2004,6,WTSPO.COMBN,age,educ_level,pcbdiox,1897,83277287.5315716,44,gaussian (identity),Some college or AA degree,4.67870968302272,2.62582500602718,0.0825689635282373,-0.46790732879056,9.82532669483599,1.74995344344615,0.158677048796195,471,24026102.0037883
gender,Male,1999-2004,6,WTSPO.COMBN,age,educ_level,pcbdiox,1897,83277287.5315716,44,gaussian (identity),HS graduate or GED,4.22270420191067,2.77529630807415,0.136193648564156,-1.21687656191466,9.66228496573601,1.74995344344615,0.158677048796195,429,20104105.6490766
gender,Male,1999-2004,6,WTSPO.COMBN,age,educ_level,pcbdiox,1897,83277287.5315716,44,gaussian (identity),9-11th grade,5.61846181137183,2.35961971495584,0.02224072636563,0.993607170058379,10.2433164526853,1.74995344344615,0.158677048796195,358,11910645.1820496
gender,Male,1999-2004,6,WTSPO.COMBN,age,educ_level,pcbdiox,1897,83277287.5315716,44,gaussian (identity),Less than 9th grade,5.17590491057298,3.86637329491433,0.188420851197929,-2.40218674745911,12.7539965686051,1.74995344344615,0.158677048796195,290,6171448.56354179
gender,Female,1999-2004,6,WTSPO.COMBN,age,educ_level,pcbdiox,2181,91258484.8617438,44,gaussian (identity),College graduate or above (Intercept),-16.3889549818978,2.37306690482241,2.88315774402068e-08,-21.0401661153498,-11.7377438484459,4.95940350726594,0.00249370864770022,357,20984596.6122333
gender,Female,1999-2004,6,WTSPO.COMBN,age,educ_level,pcbdiox,2181,91258484.8617438,44,gaussian (identity),Some college or AA degree,4.05783918866382,1.80042386352967,0.0299023950165659,0.529008416145675,7.58666996118197,4.95940350726594,0.00249370864770022,578,28226319.1987349
gender,Female,1999-2004,6,WTSPO.COMBN,age,educ_level,pcbdiox,2181,91258484.8617438,44,gaussian (identity),HS graduate or GED,5.80355365183453,1.89647362097839,0.00399042922161426,2.08646535471689,9.52064194895217,4.95940350726594,0.00249370864770022,510,23170599.7874852
gender,Female,1999-2004,6,WTSPO.COMBN,age,educ_level,pcbdiox,2181,91258484.8617438,44,gaussian (identity),9-11th grade,9.33372972312342,3.26166916820869,0.00674295198557585,2.9408581534344,15.7266012928125,4.95940350726594,0.00249370864770022,432,12872686.7312875
gender,Female,1999-2004,6,WTSPO.COMBN,age,educ_level,pcbdiox,2181,91258484.8617438,44,gaussian (identity),Less than 9th grade,8.77357021917577,3.25102740414731,0.0102352011733863,2.40155650704705,15.1455839313045,4.95940350726594,0.00249370864770022,304,6004282.53200289
gender,Male,2003-2016,14,WTSEPH.COMBN,age,educ_level,u_bpa,6231,108189647.957158,109,gaussian (identity),College graduate or above (Intercept),3.10851837137216,0.606425568238928,1.37388005533899e-06,1.91992425762386,4.29711248512046,3.26292107350984,0.0145374444280732,1315,29756979.9099423
gender,Male,2003-2016,14,WTSEPH.COMBN,age,educ_level,u_bpa,6231,108189647.957158,109,gaussian (identity),Some college or AA degree,1.75916316946465,0.742584803263672,0.0196834821063525,0.303696955067851,3.21462938386144,3.26292107350984,0.0145374444280732,1665,32130507.4938071
gender,Male,2003-2016,14,WTSEPH.COMBN,age,educ_level,u_bpa,6231,108189647.957158,109,gaussian (identity),HS graduate or GED,1.07897086203369,0.449339811683423,0.0181151773275665,0.198264831134183,1.9596768929332,3.26292107350984,0.0145374444280732,1513,25952566.2712808
gender,Male,2003-2016,14,WTSEPH.COMBN,age,educ_level,u_bpa,6231,108189647.957158,109,gaussian (identity),9-11th grade,1.09697166633682,0.406376240188833,0.00810907262617625,0.300474235566706,1.89346909710693,3.26292107350984,0.0145374444280732,1040,13610886.4854406
gender,Male,2003-2016,14,WTSEPH.COMBN,age,educ_level,u_bpa,6231,108189647.957158,109,gaussian (identity),Less than 9th grade,0.535314890021833,0.338412214532112,0.116722015534021,-0.127973050461106,1.19860283050477,3.26292107350984,0.0145374444280732,698,6738707.79668754
gender,Female,2003-2016,14,WTSEPH.COMBN,age,educ_level,u_bpa,6511,115053249.049402,109,gaussian (identity),College graduate or above (Intercept),4.72830886850942,0.940191476470114,2.06652139542785e-06,2.885533574628,6.57108416239085,0.275869094532626,0.892975659778093,1321,31370642.2116793
gender,Female,2003-2016,14,WTSEPH.COMBN,age,educ_level,u_bpa,6511,115053249.049402,109,gaussian (identity),Some college or AA degree,0.463066417901128,0.657880350733865,0.483082785409027,-0.826379069537247,1.7525119053395,0.275869094532626,0.892975659778093,1944,37431390.2047899
gender,Female,2003-2016,14,WTSEPH.COMBN,age,educ_level,u_bpa,6511,115053249.049402,109,gaussian (identity),HS graduate or GED,0.326220976584788,0.612406603899834,0.595386686492882,-0.874095967058887,1.52653792022846,0.275869094532626,0.892975659778093,1518,26444010.6975647
gender,Female,2003-2016,14,WTSEPH.COMBN,age,educ_level,u_bpa,6511,115053249.049402,109,gaussian (identity),9-11th grade,0.26862664712383,0.613340544778107,0.662314106992096,-0.93352082064126,1.47077411488892,0.275869094532626,0.892975659778093,1066,13525622.6233737
gender,Female,2003-2016,14,WTSEPH.COMBN,age,educ_level,u_bpa,6511,115053249.049402,109,gaussian (identity),Less than 9th grade,-0.0567295313552026,0.641972485884379,0.929754495233482,-1.31499560368859,1.20153654097818,0.275869094532626,0.892975659778093,662,6281583.3119947
gender,Male,1999-2016,12,WTMEC.COMBN,age,educ_level,testosterone,8856,61294931.9747068,91,gaussian (identity),College graduate or above (Intercept),510.049140511918,11.2456672064686,7.77677532736699e-62,488.00763278724,532.090648236597,2.67280413132818,0.0373080036997875,2061,18436216.9919558
gender,Male,1999-2016,12,WTMEC.COMBN,age,educ_level,testosterone,8856,61294931.9747068,91,gaussian (identity),Some college or AA degree,-8.99838157543602,6.89273042830589,0.195208250496127,-22.5081332149156,4.51137006404352,2.67280413132818,0.0373080036997875,2423,18253493.9130992
gender,Male,1999-2016,12,WTMEC.COMBN,age,educ_level,testosterone,8856,61294931.9747068,91,gaussian (identity),HS graduate or GED,3.02186640069795,8.545491604004,0.724488264265737,-13.7272971431499,19.7710299445458,2.67280413132818,0.0373080036997875,2080,13946411.8336409
gender,Male,1999-2016,12,WTMEC.COMBN,age,educ_level,testosterone,8856,61294931.9747068,91,gaussian (identity),9-11th grade,6.51741452805082,10.1245944424768,0.521469329927127,-13.3267905792038,26.3616196353054,2.67280413132818,0.0373080036997875,1391,7174101.5699377
gender,Male,1999-2016,12,WTMEC.COMBN,age,educ_level,testosterone,8856,61294931.9747068,91,gaussian (identity),Less than 9th grade,18.7673997184806,11.161722810973,0.0963121837453339,-3.10957699102654,40.6443764279877,2.67280413132818,0.0373080036997875,901,3484707.66607317
gender,Female,1999-2016,12,WTMEC.COMBN,age,educ_level,testosterone,8269,57600874.8199928,47,gaussian (identity),College graduate or above (Intercept),36.5904906263858,0.974766415539048,6.11698537026449e-34,34.6799484519293,38.5010328008423,6.1751313291398,0.000530704530454932,1982,17307515.0679937
gender,Female,1999-2016,12,WTMEC.COMBN,age,educ_level,testosterone,8269,57600874.8199928,47,gaussian (identity),Some college or AA degree,1.76251898710051,0.754513543421251,0.0243409524449345,0.283672441994854,3.24136553220616,6.1751313291398,0.000530704530454932,2701,20169978.2556765
gender,Female,1999-2016,12,WTMEC.COMBN,age,educ_level,testosterone,8269,57600874.8199928,47,gaussian (identity),HS graduate or GED,1.7151123662301,1.13240944676332,0.137371683737944,-0.504410149426001,3.9346348818862,6.1751313291398,0.000530704530454932,1753,11580942.3423333
gender,Female,1999-2016,12,WTMEC.COMBN,age,educ_level,testosterone,8269,57600874.8199928,47,gaussian (identity),9-11th grade,0.779925567479581,0.996757828721454,0.43833235301648,-1.17371977681447,2.73357091177363,6.1751313291398,0.000530704530454932,1079,5621733.48835283
gender,Female,1999-2016,12,WTMEC.COMBN,age,educ_level,testosterone,8269,57600874.8199928,47,gaussian (identity),Less than 9th grade,-2.19578391181435,0.851810008538524,0.0135425400409072,-3.86533152854986,-0.526236295078842,6.1751313291398,0.000530704530454932,754,2920705.6656365
gender,Male,1999-2020,13.2,WTMEC.COMBN,age,educ_level,estradiol,9529,62320446.0752353,99,gaussian (identity),College graduate or above (Intercept),26.8479206549983,0.586177445812191,4.39487813648931e-66,25.6990128612065,27.9968284487902,3.54719044519099,0.00967389890091918,2249,18929388.6124262
gender,Male,1999-2020,13.2,WTMEC.COMBN,age,educ_level,estradiol,9529,62320446.0752353,99,gaussian (identity),Some college or AA degree,0.909025160956048,0.507873445527346,0.0766955390286665,-0.0864067922775499,1.90445711418964,3.54719044519099,0.00967389890091918,2690,18391590.2916259
gender,Male,1999-2020,13.2,WTMEC.COMBN,age,educ_level,estradiol,9529,62320446.0752353,99,gaussian (identity),HS graduate or GED,0.880294401753919,0.571305192677522,0.126713582233883,-0.239463775894025,2.00005257940186,3.54719044519099,0.00967389890091918,2301,15607678.7008331
gender,Male,1999-2020,13.2,WTMEC.COMBN,age,educ_level,estradiol,9529,62320446.0752353,99,gaussian (identity),9-11th grade,0.700237605273292,0.50919377800018,0.172341619869629,-0.29778219960706,1.69825741015364,3.54719044519099,0.00967389890091918,1368,6269127.59363239
gender,Male,1999-2020,13.2,WTMEC.COMBN,age,educ_level,estradiol,9529,62320446.0752353,99,gaussian (identity),Less than 9th grade,-1.02000567497421,0.607587145427611,0.0965162030736507,-2.21087648001233,0.170865130063908,3.54719044519099,0.00967389890091918,921,3122660.87671776
gender,Female,1999-2020,13.2,WTMEC.COMBN,age,educ_level,estradiol,9037,59291609.7367643,55,gaussian (identity),College graduate or above (Intercept),406.076337552785,47.1121502292576,1.86052467997043e-11,313.73652310344,498.41615200213,0.898008889215325,0.47224922571947,2167,18292902.7499842
gender,Female,1999-2020,13.2,WTMEC.COMBN,age,educ_level,estradiol,9037,59291609.7367643,55,gaussian (identity),Some college or AA degree,-17.8530521180517,30.6393858261189,0.562725368772963,-77.9062483372447,42.2001441011412,0.898008889215325,0.47224922571947,3027,20144928.4476303
gender,Female,1999-2020,13.2,WTMEC.COMBN,age,educ_level,estradiol,9037,59291609.7367643,55,gaussian (identity),HS graduate or GED,-20.5896538841415,29.4551369208403,0.487780174633146,-78.3217222489885,37.1424144807055,0.898008889215325,0.47224922571947,1997,13299262.0267735
gender,Female,1999-2020,13.2,WTMEC.COMBN,age,educ_level,estradiol,9037,59291609.7367643,55,gaussian (identity),9-11th grade,-3.89162590952644,35.4145240165713,0.912938191577956,-73.3040929820061,65.5208411629532,0.898008889215325,0.47224922571947,1071,4986836.71629436
gender,Female,1999-2020,13.2,WTMEC.COMBN,age,educ_level,estradiol,9037,59291609.7367643,55,gaussian (identity),Less than 9th grade,64.2199283019779,69.8709727016792,0.362444863031418,-72.7271781933132,201.167034797269,0.898008889215325,0.47224922571947,775,2567679.79608194
gender,Male,2009-2016,8,WTMEC.COMBN,age,educ_level,hpv_oral,9063,94989964.7115132,63,quasibinomial (logit),College graduate or above (Intercept),-3.24043110703489,0.180128389363126,2.11265027338651e-25,-3.59348275018662,-2.88737946388317,5.76181587781754,0.000564917726390989,2047,27969277.5438843
gender,Male,2009-2016,8,WTMEC.COMBN,age,educ_level,hpv_oral,9063,94989964.7115132,63,quasibinomial (logit),Some college or AA degree,0.452380371066854,0.132577638311455,0.00118035843569132,0.192528199976402,0.712232542157307,5.76181587781754,0.000564917726390989,2572,29123459.2978288
gender,Male,2009-2016,8,WTMEC.COMBN,age,educ_level,hpv_oral,9063,94989964.7115132,63,quasibinomial (logit),HS graduate or GED,0.627243546792897,0.132198821120213,1.40436545984292e-05,0.368133857397279,0.886353236188515,5.76181587781754,0.000564917726390989,2182,21736631.337059
gender,Male,2009-2016,8,WTMEC.COMBN,age,educ_level,hpv_oral,9063,94989964.7115132,63,quasibinomial (logit),9-11th grade,0.486923901903878,0.155756779017098,0.00276664874602009,0.181640615030366,0.79220718877739,5.76181587781754,0.000564917726390989,1467,11378354.9191983
gender,Male,2009-2016,8,WTMEC.COMBN,age,educ_level,hpv_oral,9063,94989964.7115132,63,quasibinomial (logit),Less than 9th grade,0.369684245531358,0.178413547028909,0.0427154167182645,0.0199936933546971,0.719374797708019,5.76181587781754,0.000564917726390989,795,4782241.613543
gender,Female,2009-2016,8,WTMEC.COMBN,age,educ_level,hpv_oral,9452,97206549.5337202,63,quasibinomial (logit),College graduate or above (Intercept),-4.1448596695019,0.297706514142272,3.80065907427347e-20,-4.72836443722075,-3.56135490178305,5.24553019134488,0.00112408152287856,2268,30441859.3405753
gender,Female,2009-2016,8,WTMEC.COMBN,age,educ_level,hpv_oral,9452,97206549.5337202,63,quasibinomial (logit),Some college or AA degree,0.723167483291725,0.274827166753174,0.0108768991557026,0.184506236455504,1.26182873012795,5.24553019134488,0.00112408152287856,3098,33467141.5054295
gender,Female,2009-2016,8,WTMEC.COMBN,age,educ_level,hpv_oral,9452,97206549.5337202,63,quasibinomial (logit),HS graduate or GED,0.821038173897341,0.258028296946333,0.00235085539743968,0.315302711882528,1.32677363591215,5.24553019134488,0.00112408152287856,2007,19199709.9989413
gender,Female,2009-2016,8,WTMEC.COMBN,age,educ_level,hpv_oral,9452,97206549.5337202,63,quasibinomial (logit),9-11th grade,1.22972319051959,0.297567310223169,0.000116815178454591,0.646491262482174,1.812955118557,5.24553019134488,0.00112408152287856,1305,9879362.17060425
gender,Female,2009-2016,8,WTMEC.COMBN,age,educ_level,hpv_oral,9452,97206549.5337202,63,quasibinomial (logit),Less than 9th grade,1.12981228693451,0.338789889592526,0.00149219680798962,0.465784103333163,1.79384047053586,5.24553019134488,0.00112408152287856,774,4218476.51817
