strata_var,strata_level,cycle_yrs,n_yrs.,survweight.,model_covars,exposure,outcome,n_total_raw,n_total_weighted,model_df,model_type,exp_level,beta,se,pval,low95CI,up95CI,fstat,f_pval,n_exp_raw,n_exp_weighted
age_4lvl,over65y,1999-2020,21.2,WTMEC.COMBN,gender,employ_status,diabetes,14938,40035320.2704981,163,quasibinomial (logit),Full-time employed (Intercept),-1.4355900652561,0.113095502360003,6.09374841110144e-26,-1.65725724988171,-1.2139228806305,9.00992923882037,1.5141003123099e-05,1201,3726234.15535002
age_4lvl,over65y,1999-2020,21.2,WTMEC.COMBN,gender,employ_status,diabetes,14938,40035320.2704981,163,quasibinomial (logit),Part-time employed,0.00510244764607921,0.135777786169201,0.970070173802363,-0.261022013245555,0.271226908537713,9.00992923882037,1.5141003123099e-05,986,3301283.28146249
age_4lvl,over65y,1999-2020,21.2,WTMEC.COMBN,gender,employ_status,diabetes,14938,40035320.2704981,163,quasibinomial (logit),Student,-0.843180065476942,0.770738804487137,0.275614206104605,-2.35382812227173,0.667467991317847,9.00992923882037,1.5141003123099e-05,11,22219.8827660189
age_4lvl,over65y,1999-2020,21.2,WTMEC.COMBN,gender,employ_status,diabetes,14938,40035320.2704981,163,quasibinomial (logit),Unemployed,0.347406233573209,0.103619943126307,0.00100023753329983,0.144311145045647,0.550501322100771,9.00992923882037,1.5141003123099e-05,12740,32985582.9509196
age_4lvl,40to64y,1999-2020,21.2,WTMEC.COMBN,gender,employ_status,diabetes,23833,96841872.0838905,163,quasibinomial (logit),Full-time employed (Intercept),-2.16741109948646,0.0493113748415578,7.27469429770917e-91,-2.26406139417591,-2.07076080479701,66.6355751864872,5.88526377158783e-28,13614,61165536.9719173
age_4lvl,40to64y,1999-2020,21.2,WTMEC.COMBN,gender,employ_status,diabetes,23833,96841872.0838905,163,quasibinomial (logit),Part-time employed,0.0801352574260784,0.104021792618344,0.442223638413494,-0.123747456105875,0.284017970958032,66.6355751864872,5.88526377158783e-28,1983,8618400.05707972
age_4lvl,40to64y,1999-2020,21.2,WTMEC.COMBN,gender,employ_status,diabetes,23833,96841872.0838905,163,quasibinomial (logit),Student,0.0498668561134347,0.351103509656063,0.887236959652052,-0.638296022812448,0.738029735039318,66.6355751864872,5.88526377158783e-28,91,279854.252859396
age_4lvl,40to64y,1999-2020,21.2,WTMEC.COMBN,gender,employ_status,diabetes,23833,96841872.0838905,163,quasibinomial (logit),Unemployed,0.678870406387416,0.0522949149060239,9.81448674629913e-27,0.576372373171609,0.781368439603223,66.6355751864872,5.88526377158783e-28,8145,26778080.8020341
age_4lvl,under30y,1999-2020,21.2,WTMEC.COMBN,gender,employ_status,diabetes,14398,48558630.2985282,163,quasibinomial (logit),Full-time employed (Intercept),-3.9951484643824,0.137916651585414,2.58946941460042e-65,-4.26546510148981,-3.72483182727499,2.32885532783079,0.0765374267943523,6831,26689745.6672604
age_4lvl,under30y,1999-2020,21.2,WTMEC.COMBN,gender,employ_status,diabetes,14398,48558630.2985282,163,quasibinomial (logit),Part-time employed,0.0162584962309,0.267930382054929,0.95168883795947,-0.50888505259676,0.54140204505856,2.32885532783079,0.0765374267943523,2474,7972766.94477312
age_4lvl,under30y,1999-2020,21.2,WTMEC.COMBN,gender,employ_status,diabetes,14398,48558630.2985282,163,quasibinomial (logit),Student,-0.239006512962615,0.467954850120092,0.610236664992411,-1.156198019198,0.678184993272765,2.32885532783079,0.0765374267943523,1601,4220661.39523598
age_4lvl,under30y,1999-2020,21.2,WTMEC.COMBN,gender,employ_status,diabetes,14398,48558630.2985282,163,quasibinomial (logit),Unemployed,0.442286813176885,0.18389099626503,0.0173141287551892,0.0818604604974266,0.802713165856344,2.32885532783079,0.0765374267943523,3492,9675456.2912587
age_4lvl,30to39y,1999-2020,21.2,WTMEC.COMBN,gender,employ_status,diabetes,9826,40806382.9516583,163,quasibinomial (logit),Full-time employed (Intercept),-3.09987058804301,0.100317407476077,4.18742527467899e-69,-3.29649270669612,-2.90324846938989,7.04672292939722,0.00017721221687834,6473,28457302.314158
age_4lvl,30to39y,1999-2020,21.2,WTMEC.COMBN,gender,employ_status,diabetes,9826,40806382.9516583,163,quasibinomial (logit),Part-time employed,-0.233460865066591,0.220080261011334,0.290390059221314,-0.664818176648805,0.197896446515623,7.04672292939722,0.00017721221687834,881,3550623.49411045
age_4lvl,30to39y,1999-2020,21.2,WTMEC.COMBN,gender,employ_status,diabetes,9826,40806382.9516583,163,quasibinomial (logit),Student,-0.880404077116528,0.724866374167986,0.226329212117561,-2.30114217048578,0.540334016252725,7.04672292939722,0.00017721221687834,98,314010.539056453
age_4lvl,30to39y,1999-2020,21.2,WTMEC.COMBN,gender,employ_status,diabetes,9826,40806382.9516583,163,quasibinomial (logit),Unemployed,0.531349242784898,0.133537562457744,0.0001049193195751,0.26961562036772,0.793082865202076,7.04672292939722,0.00017721221687834,2374,8484446.60433345
age_4lvl,over65y,1999-2020,21.2,WTMEC.COMBN,gender,employ_status,diabetes_undx,14938,40035320.2704981,163,quasibinomial (logit),Full-time employed (Intercept),-5.00738826242064,0.30895166770938,1.68237816579677e-35,-5.61293353113102,-4.40184299371025,212.808088722826,1.92229124341529e-55,1201,3726234.15535002
age_4lvl,over65y,1999-2020,21.2,WTMEC.COMBN,gender,employ_status,diabetes_undx,14938,40035320.2704981,163,quasibinomial (logit),Part-time employed,-0.0234644359809994,0.608840528417404,0.969305850515605,-1.21679187167911,1.16986299971711,212.808088722826,1.92229124341529e-55,986,3301283.28146249
age_4lvl,over65y,1999-2020,21.2,WTMEC.COMBN,gender,employ_status,diabetes_undx,14938,40035320.2704981,163,quasibinomial (logit),Student,-9.69550708528176,0.478245194606314,6.16130560279528e-46,-10.6328676667101,-8.75814650385339,212.808088722826,1.92229124341529e-55,11,22219.8827660189
age_4lvl,over65y,1999-2020,21.2,WTMEC.COMBN,gender,employ_status,diabetes_undx,14938,40035320.2704981,163,quasibinomial (logit),Unemployed,0.102371233581181,0.327289704711073,0.754854063876724,-0.539116587652521,0.743859054814884,212.808088722826,1.92229124341529e-55,12740,32985582.9509196
age_4lvl,40to64y,1999-2020,21.2,WTMEC.COMBN,gender,employ_status,diabetes_undx,23833,96841872.0838905,163,quasibinomial (logit),Full-time employed (Intercept),-5.15852449928776,0.18398679104024,1.99806653212133e-63,-5.51913860972663,-4.79791038884889,1.06958791020338,0.36371671366008,13614,61165536.9719173
age_4lvl,40to64y,1999-2020,21.2,WTMEC.COMBN,gender,employ_status,diabetes_undx,23833,96841872.0838905,163,quasibinomial (logit),Part-time employed,-0.724967296722288,0.417223761416046,0.0842178801959407,-1.54272586909774,0.0927912756531621,1.06958791020338,0.36371671366008,1983,8618400.05707972
age_4lvl,40to64y,1999-2020,21.2,WTMEC.COMBN,gender,employ_status,diabetes_undx,23833,96841872.0838905,163,quasibinomial (logit),Student,-0.220722570712795,1.01666553001632,0.828405308560295,-2.21338700954477,1.77194186811918,1.06958791020338,0.36371671366008,91,279854.252859396
age_4lvl,40to64y,1999-2020,21.2,WTMEC.COMBN,gender,employ_status,diabetes_undx,23833,96841872.0838905,163,quasibinomial (logit),Unemployed,0.134084208454273,0.21639552853082,0.536391221734454,-0.290051027466134,0.558219444374679,1.06958791020338,0.36371671366008,8145,26778080.8020341
age_4lvl,under30y,1999-2020,21.2,WTMEC.COMBN,gender,employ_status,diabetes_undx,14398,48558630.2985282,163,quasibinomial (logit),Full-time employed (Intercept),-7.00702908986979,0.534721764817074,4.5158948992365e-27,-8.05508374891125,-5.95897443082832,1.01426996409229,0.388016239278733,6831,26689745.6672604
age_4lvl,under30y,1999-2020,21.2,WTMEC.COMBN,gender,employ_status,diabetes_undx,14398,48558630.2985282,163,quasibinomial (logit),Part-time employed,-1.0873422408629,1.12527075845918,0.335364599196919,-3.29287292744289,1.11818844571709,1.01426996409229,0.388016239278733,2474,7972766.94477312
age_4lvl,under30y,1999-2020,21.2,WTMEC.COMBN,gender,employ_status,diabetes_undx,14398,48558630.2985282,163,quasibinomial (logit),Student,0.675007860673344,0.789899932485144,0.394086835837648,-0.873196006997539,2.22321172834423,1.01426996409229,0.388016239278733,1601,4220661.39523598
age_4lvl,under30y,1999-2020,21.2,WTMEC.COMBN,gender,employ_status,diabetes_undx,14398,48558630.2985282,163,quasibinomial (logit),Unemployed,-0.581351691083539,0.924122308533988,0.530196041488616,-2.39263141581016,1.22992803364308,1.01426996409229,0.388016239278733,3492,9675456.2912587
age_4lvl,30to39y,1999-2020,21.2,WTMEC.COMBN,gender,employ_status,diabetes_undx,9826,40806382.9516583,163,quasibinomial (logit),Full-time employed (Intercept),-6.83223864395677,0.481023853513099,4.35258259396455e-30,-7.77504539684244,-5.8894318910711,2.21582216667112,0.0883849324013048,6473,28457302.314158
age_4lvl,30to39y,1999-2020,21.2,WTMEC.COMBN,gender,employ_status,diabetes_undx,9826,40806382.9516583,163,quasibinomial (logit),Part-time employed,-0.874964228894233,1.06012615082319,0.41041532447702,-2.95281148450768,1.20288302671921,2.21582216667112,0.0883849324013048,881,3550623.49411045
age_4lvl,30to39y,1999-2020,21.2,WTMEC.COMBN,gender,employ_status,diabetes_undx,9826,40806382.9516583,163,quasibinomial (logit),Student,2.09577089970629,1.0505608199485,0.0477617561084279,0.0366716926072272,4.15487010680535,2.21582216667112,0.0883849324013048,98,314010.539056453
age_4lvl,30to39y,1999-2020,21.2,WTMEC.COMBN,gender,employ_status,diabetes_undx,9826,40806382.9516583,163,quasibinomial (logit),Unemployed,0.55578671199903,0.431430385137207,0.199533295185249,-0.289816842869897,1.40139026686796,2.21582216667112,0.0883849324013048,2374,8484446.60433345
age_4lvl,over65y,1999-2020,21.2,WTMEC.COMBN,gender,employ_status,htn,14938,40035320.2704981,163,quasibinomial (logit),Full-time employed (Intercept),0.996946673968566,0.100996783723478,3.18675289362186e-18,0.798992977870549,1.19490037006658,9.74386282624389,6.12734635060552e-06,1201,3726234.15535002
age_4lvl,over65y,1999-2020,21.2,WTMEC.COMBN,gender,employ_status,htn,14938,40035320.2704981,163,quasibinomial (logit),Part-time employed,-0.0905147975221342,0.144105753134534,0.530830607569491,-0.372962073665821,0.191932478621553,9.74386282624389,6.12734635060552e-06,986,3301283.28146249
age_4lvl,over65y,1999-2020,21.2,WTMEC.COMBN,gender,employ_status,htn,14938,40035320.2704981,163,quasibinomial (logit),Student,-0.391454565776386,0.884985387514045,0.65885235518976,-2.12602592530391,1.34311679375114,9.74386282624389,6.12734635060552e-06,11,22219.8827660189
age_4lvl,over65y,1999-2020,21.2,WTMEC.COMBN,gender,employ_status,htn,14938,40035320.2704981,163,quasibinomial (logit),Unemployed,0.311629101955187,0.0943375050857874,0.0011802742191539,0.126727591987044,0.496530611923331,9.74386282624389,6.12734635060552e-06,12740,32985582.9509196
age_4lvl,40to64y,1999-2020,21.2,WTMEC.COMBN,gender,employ_status,htn,23833,96841872.0838905,163,quasibinomial (logit),Full-time employed (Intercept),-0.126742190387715,0.0331930766557566,0.000192186065774637,-0.191800620632998,-0.0616837601424318,28.0330055761076,1.31978428588937e-14,13614,61165536.9719173
age_4lvl,40to64y,1999-2020,21.2,WTMEC.COMBN,gender,employ_status,htn,23833,96841872.0838905,163,quasibinomial (logit),Part-time employed,0.0648360806195773,0.0685752297983903,0.345851637195411,-0.0695713697852676,0.199243531024422,28.0330055761076,1.31978428588937e-14,1983,8618400.05707972
age_4lvl,40to64y,1999-2020,21.2,WTMEC.COMBN,gender,employ_status,htn,23833,96841872.0838905,163,quasibinomial (logit),Student,-0.153400041958159,0.271724710663512,0.573180803033296,-0.685980474858643,0.379180390942325,28.0330055761076,1.31978428588937e-14,91,279854.252859396
age_4lvl,40to64y,1999-2020,21.2,WTMEC.COMBN,gender,employ_status,htn,23833,96841872.0838905,163,quasibinomial (logit),Unemployed,0.401021000187239,0.0440200794147766,3.3644043495086e-16,0.314741644534277,0.487300355840201,28.0330055761076,1.31978428588937e-14,8145,26778080.8020341
age_4lvl,under30y,1999-2020,21.2,WTMEC.COMBN,gender,employ_status,htn,14398,48558630.2985282,163,quasibinomial (logit),Full-time employed (Intercept),-2.15458786518657,0.0629999520234835,3.375637398055e-75,-2.2780677711526,-2.03110795922054,8.3431419200701,3.46912714843897e-05,6831,26689745.6672604
age_4lvl,under30y,1999-2020,21.2,WTMEC.COMBN,gender,employ_status,htn,14398,48558630.2985282,163,quasibinomial (logit),Part-time employed,-0.331807117908185,0.0934277658023776,0.000504255138897424,-0.514925538880845,-0.148688696935525,8.3431419200701,3.46912714843897e-05,2474,7972766.94477312
age_4lvl,under30y,1999-2020,21.2,WTMEC.COMBN,gender,employ_status,htn,14398,48558630.2985282,163,quasibinomial (logit),Student,-0.355566694702619,0.121587451730449,0.00395612943803344,-0.5938781000943,-0.117255289310939,8.3431419200701,3.46912714843897e-05,1601,4220661.39523598
age_4lvl,under30y,1999-2020,21.2,WTMEC.COMBN,gender,employ_status,htn,14398,48558630.2985282,163,quasibinomial (logit),Unemployed,0.105517913608128,0.0727807811126919,0.149082639085809,-0.0371324173727477,0.248168244589004,8.3431419200701,3.46912714843897e-05,3492,9675456.2912587
age_4lvl,30to39y,1999-2020,21.2,WTMEC.COMBN,gender,employ_status,htn,9826,40806382.9516583,163,quasibinomial (logit),Full-time employed (Intercept),-1.36809054462611,0.0591324045826518,9.23532856185853e-53,-1.48399005760811,-1.25219103164411,4.78309946243958,0.00321880181224228,6473,28457302.314158
age_4lvl,30to39y,1999-2020,21.2,WTMEC.COMBN,gender,employ_status,htn,9826,40806382.9516583,163,quasibinomial (logit),Part-time employed,-0.0683723002239788,0.0953342581180417,0.474312208480893,-0.255227446135341,0.118482845687383,4.78309946243958,0.00321880181224228,881,3550623.49411045
age_4lvl,30to39y,1999-2020,21.2,WTMEC.COMBN,gender,employ_status,htn,9826,40806382.9516583,163,quasibinomial (logit),Student,-0.157923492603736,0.29887522423607,0.597963529699225,-0.743718932106433,0.42787194689896,4.78309946243958,0.00321880181224228,98,314010.539056453
age_4lvl,30to39y,1999-2020,21.2,WTMEC.COMBN,gender,employ_status,htn,9826,40806382.9516583,163,quasibinomial (logit),Unemployed,0.232841473050824,0.0697967229834972,0.0010580762359026,0.0960398960031694,0.369643050098478,4.78309946243958,0.00321880181224228,2374,8484446.60433345
age_4lvl,over65y,1999-2020,21.2,WTMEC.COMBN,gender,employ_status,htn_undx,12935,37915033.6763626,163,quasibinomial (logit),Full-time employed (Intercept),0.407558667617556,0.0950899087822245,3.14176235364792e-05,0.221182446404396,0.593934888830716,2.43499508519765,0.066836464187169,1102,3646507.56358915
age_4lvl,over65y,1999-2020,21.2,WTMEC.COMBN,gender,employ_status,htn_undx,12935,37915033.6763626,163,quasibinomial (logit),Part-time employed,-0.0280522985293454,0.123356318967276,0.820398112640718,-0.269830683705206,0.213726086646515,2.43499508519765,0.066836464187169,904,3175902.99334592
age_4lvl,over65y,1999-2020,21.2,WTMEC.COMBN,gender,employ_status,htn_undx,12935,37915033.6763626,163,quasibinomial (logit),Student,-0.731112673048408,0.772393069201606,0.345301782276289,-2.24500308868356,0.782777742586739,2.43499508519765,0.066836464187169,11,22219.8827660189
age_4lvl,over65y,1999-2020,21.2,WTMEC.COMBN,gender,employ_status,htn_undx,12935,37915033.6763626,163,quasibinomial (logit),Unemployed,0.14003879588817,0.0956003407526005,0.144940249567758,-0.0473378719869272,0.327415463763267,2.43499508519765,0.066836464187169,10918,31070403.2366615
age_4lvl,40to64y,1999-2020,21.2,WTMEC.COMBN,gender,employ_status,htn_undx,21720,92641888.7752191,163,quasibinomial (logit),Full-time employed (Intercept),-0.487029191091467,0.0369184662367921,2.58679347156621e-27,-0.55938938491558,-0.414668997267355,5.16376346387886,0.00196938451318059,12406,58618946.1527948
age_4lvl,40to64y,1999-2020,21.2,WTMEC.COMBN,gender,employ_status,htn_undx,21720,92641888.7752191,163,quasibinomial (logit),Part-time employed,-0.0564086378853548,0.0706843663468991,0.426040134480396,-0.194949995925277,0.0821327201545673,5.16376346387886,0.00196938451318059,1844,8291456.35042828
age_4lvl,40to64y,1999-2020,21.2,WTMEC.COMBN,gender,employ_status,htn_undx,21720,92641888.7752191,163,quasibinomial (logit),Student,-0.0372341329977862,0.281796010132402,0.895047328932746,-0.589554312857294,0.515086046861721,5.16376346387886,0.00196938451318059,83,269650.965301755
age_4lvl,40to64y,1999-2020,21.2,WTMEC.COMBN,gender,employ_status,htn_undx,21720,92641888.7752191,163,quasibinomial (logit),Unemployed,0.149724498282714,0.0421212253031576,0.000498736990092327,0.0671668966885252,0.232282099876903,5.16376346387886,0.00196938451318059,7387,25461835.3066943
age_4lvl,under30y,1999-2020,21.2,WTMEC.COMBN,gender,employ_status,htn_undx,12995,45975943.2735243,163,quasibinomial (logit),Full-time employed (Intercept),-2.45155803240099,0.070958626700131,8.11703753429333e-76,-2.59063694073324,-2.31247912406873,5.73379723487394,0.00094595336087916,6134,25373176.3001711
age_4lvl,under30y,1999-2020,21.2,WTMEC.COMBN,gender,employ_status,htn_undx,12995,45975943.2735243,163,quasibinomial (logit),Part-time employed,-0.309037149172446,0.102550424743431,0.00300603766229037,-0.51003598166957,-0.108038316675322,5.73379723487394,0.00094595336087916,2246,7530610.25684394
age_4lvl,under30y,1999-2020,21.2,WTMEC.COMBN,gender,employ_status,htn_undx,12995,45975943.2735243,163,quasibinomial (logit),Student,-0.318292973956562,0.135866436781658,0.0203839255516563,-0.584591190048611,-0.0519947578645129,5.73379723487394,0.00094595336087916,1478,4003517.11109878
age_4lvl,under30y,1999-2020,21.2,WTMEC.COMBN,gender,employ_status,htn_undx,12995,45975943.2735243,163,quasibinomial (logit),Unemployed,0.0762974846980396,0.0850269101438066,0.370897748448894,-0.0903552591838213,0.242950228579901,5.73379723487394,0.00094595336087916,3137,9068639.60541049
age_4lvl,30to39y,1999-2020,21.2,WTMEC.COMBN,gender,employ_status,htn_undx,8760,38462937.2870098,163,quasibinomial (logit),Full-time employed (Intercept),-1.66260373056285,0.0701947817566765,5.09109133264529e-54,-1.80018550280593,-1.52502195831976,3.17036365771123,0.0259518535694526,5762,26870283.9627093
age_4lvl,30to39y,1999-2020,21.2,WTMEC.COMBN,gender,employ_status,htn_undx,8760,38462937.2870098,163,quasibinomial (logit),Part-time employed,-0.0865595265553398,0.108803339010856,0.427474200817993,-0.299814071016618,0.126695017905939,3.17036365771123,0.0259518535694526,794,3390420.77256332
age_4lvl,30to39y,1999-2020,21.2,WTMEC.COMBN,gender,employ_status,htn_undx,8760,38462937.2870098,163,quasibinomial (logit),Student,-0.190891361644611,0.319864604082175,0.551497726540796,-0.817825985645674,0.436043262356453,3.17036365771123,0.0259518535694526,85,301087.039665283
age_4lvl,30to39y,1999-2020,21.2,WTMEC.COMBN,gender,employ_status,htn_undx,8760,38462937.2870098,163,quasibinomial (logit),Unemployed,0.203624946084099,0.082123418801367,0.0141996024559053,0.0426630452334193,0.364586846934778,3.17036365771123,0.0259518535694526,2119,7901145.51207189
age_4lvl,over65y,1999-2020,21.2,WTMEC.COMBN,gender,employ_status,htn_stg1,14938,40035320.2704981,163,quasibinomial (logit),Full-time employed (Intercept),0.319326919348656,0.0958609019121523,0.00107543197315335,0.131439551600838,0.507214287096475,1.109708736353,0.346937808505008,1201,3726234.15535002
age_4lvl,over65y,1999-2020,21.2,WTMEC.COMBN,gender,employ_status,htn_stg1,14938,40035320.2704981,163,quasibinomial (logit),Part-time employed,-0.0608684086933078,0.120728839306924,0.614836638060257,-0.29749693373488,0.175760116348264,1.109708736353,0.346937808505008,986,3301283.28146249
age_4lvl,over65y,1999-2020,21.2,WTMEC.COMBN,gender,employ_status,htn_stg1,14938,40035320.2704981,163,quasibinomial (logit),Student,-0.654838950170138,0.766605509971334,0.394276068562815,-2.15738574971395,0.847707849373677,1.109708736353,0.346937808505008,11,22219.8827660189
age_4lvl,over65y,1999-2020,21.2,WTMEC.COMBN,gender,employ_status,htn_stg1,14938,40035320.2704981,163,quasibinomial (logit),Unemployed,0.0538560100352016,0.096569229083857,0.577838183708868,-0.135419678969158,0.243131699039561,1.109708736353,0.346937808505008,12740,32985582.9509196
age_4lvl,40to64y,1999-2020,21.2,WTMEC.COMBN,gender,employ_status,htn_stg1,23833,96841872.0838905,163,quasibinomial (logit),Full-time employed (Intercept),-0.563422732109456,0.036148792494954,7.74922553097635e-34,-0.634274365399565,-0.492571098819346,4.30178186651662,0.00599876530977485,13614,61165536.9719173
age_4lvl,40to64y,1999-2020,21.2,WTMEC.COMBN,gender,employ_status,htn_stg1,23833,96841872.0838905,163,quasibinomial (logit),Part-time employed,-0.0450817761289197,0.0707696990932448,0.525027367495277,-0.183790386351679,0.09362683409384,4.30178186651662,0.00599876530977485,1983,8618400.05707972
age_4lvl,40to64y,1999-2020,21.2,WTMEC.COMBN,gender,employ_status,htn_stg1,23833,96841872.0838905,163,quasibinomial (logit),Student,-0.0226716664536397,0.275183648997627,0.934442276556378,-0.562031618488989,0.516688285581709,4.30178186651662,0.00599876530977485,91,279854.252859396
age_4lvl,40to64y,1999-2020,21.2,WTMEC.COMBN,gender,employ_status,htn_stg1,23833,96841872.0838905,163,quasibinomial (logit),Unemployed,0.135259260078247,0.0410991269417934,0.0012295998355871,0.0547049712723314,0.215813548884162,4.30178186651662,0.00599876530977485,8145,26778080.8020341
age_4lvl,under30y,1999-2020,21.2,WTMEC.COMBN,gender,employ_status,htn_stg1,14398,48558630.2985282,163,quasibinomial (logit),Full-time employed (Intercept),-2.51392383550382,0.0702287481259119,5.47040762085171e-78,-2.65157218183061,-2.37627548917704,5.4638472760324,0.00133816593631717,6831,26689745.6672604
age_4lvl,under30y,1999-2020,21.2,WTMEC.COMBN,gender,employ_status,htn_stg1,14398,48558630.2985282,163,quasibinomial (logit),Part-time employed,-0.305509161847214,0.101256130477556,0.00297177941054255,-0.503971177583224,-0.107047146111204,5.4638472760324,0.00133816593631717,2474,7972766.94477312
age_4lvl,under30y,1999-2020,21.2,WTMEC.COMBN,gender,employ_status,htn_stg1,14398,48558630.2985282,163,quasibinomial (logit),Student,-0.322668461110189,0.133633371288955,0.0168884841272521,-0.584589868836541,-0.0607470533838375,5.4638472760324,0.00133816593631717,1601,4220661.39523598
age_4lvl,under30y,1999-2020,21.2,WTMEC.COMBN,gender,employ_status,htn_stg1,14398,48558630.2985282,163,quasibinomial (logit),Unemployed,0.0638174026395785,0.0851657521635561,0.454764465419013,-0.103107471600991,0.230742276880148,5.4638472760324,0.00133816593631717,3492,9675456.2912587
age_4lvl,30to39y,1999-2020,21.2,WTMEC.COMBN,gender,employ_status,htn_stg1,9826,40806382.9516583,163,quasibinomial (logit),Full-time employed (Intercept),-1.74457563330079,0.0696945579187058,4.92127524072278e-57,-1.88117696682146,-1.60797429978013,2.63081961642706,0.0520065720840017,6473,28457302.314158
age_4lvl,30to39y,1999-2020,21.2,WTMEC.COMBN,gender,employ_status,htn_stg1,9826,40806382.9516583,163,quasibinomial (logit),Part-time employed,-0.0632738363466734,0.107195940429684,0.555852072464841,-0.273377879588854,0.146830206895508,2.63081961642706,0.0520065720840017,881,3550623.49411045
age_4lvl,30to39y,1999-2020,21.2,WTMEC.COMBN,gender,employ_status,htn_stg1,9826,40806382.9516583,163,quasibinomial (logit),Student,-0.169267073853985,0.317114595071257,0.594244319838985,-0.790811680193648,0.452277532485679,2.63081961642706,0.0520065720840017,98,314010.539056453
age_4lvl,30to39y,1999-2020,21.2,WTMEC.COMBN,gender,employ_status,htn_stg1,9826,40806382.9516583,163,quasibinomial (logit),Unemployed,0.187856153206689,0.0813633921297432,0.0222392092870863,0.0283839046323927,0.347328401780986,2.63081961642706,0.0520065720840017,2374,8484446.60433345
age_4lvl,over65y,1999-2020,21.2,WTMEC.COMBN,gender,employ_status,obese,14938,40035320.2704981,163,quasibinomial (logit),Full-time employed (Intercept),-0.137181468868546,0.0864057929293646,0.114353932299225,-0.306536823010101,0.0321738852730082,0.172248216309243,0.915024842870252,1201,3726234.15535002
age_4lvl,over65y,1999-2020,21.2,WTMEC.COMBN,gender,employ_status,obese,14938,40035320.2704981,163,quasibinomial (logit),Part-time employed,-0.018077412272386,0.108320459751182,0.867670027401487,-0.230385513384703,0.194230688839931,0.172248216309243,0.915024842870252,986,3301283.28146249
age_4lvl,over65y,1999-2020,21.2,WTMEC.COMBN,gender,employ_status,obese,14938,40035320.2704981,163,quasibinomial (logit),Student,-0.223065756195307,0.81729943201797,0.785260974814638,-1.82497264295053,1.37884113055991,0.172248216309243,0.915024842870252,11,22219.8827660189
age_4lvl,over65y,1999-2020,21.2,WTMEC.COMBN,gender,employ_status,obese,14938,40035320.2704981,163,quasibinomial (logit),Unemployed,0.0297413617118236,0.0836863445784212,0.7227678158697,-0.134283873661882,0.193766597085529,0.172248216309243,0.915024842870252,12740,32985582.9509196
age_4lvl,40to64y,1999-2020,21.2,WTMEC.COMBN,gender,employ_status,obese,23833,96841872.0838905,163,quasibinomial (logit),Full-time employed (Intercept),0.0839004795525798,0.0338727351849968,0.0142982027990599,0.0175099185899861,0.150291040515174,6.12959547474801,0.000569673675868278,13614,61165536.9719173
age_4lvl,40to64y,1999-2020,21.2,WTMEC.COMBN,gender,employ_status,obese,23833,96841872.0838905,163,quasibinomial (logit),Part-time employed,-0.180594175175073,0.0614767049615024,0.00379955163061633,-0.301088516899618,-0.0600998334505283,6.12959547474801,0.000569673675868278,1983,8618400.05707972
age_4lvl,40to64y,1999-2020,21.2,WTMEC.COMBN,gender,employ_status,obese,23833,96841872.0838905,163,quasibinomial (logit),Student,0.0987099698672828,0.2879818203673,0.732228291488318,-0.465734398052625,0.66315433778719,6.12959547474801,0.000569673675868278,91,279854.252859396
age_4lvl,40to64y,1999-2020,21.2,WTMEC.COMBN,gender,employ_status,obese,23833,96841872.0838905,163,quasibinomial (logit),Unemployed,0.081328702829503,0.0433315695231229,0.0623649099661937,-0.00360117343581795,0.166258579094824,6.12959547474801,0.000569673675868278,8145,26778080.8020341
age_4lvl,under30y,1999-2020,21.2,WTMEC.COMBN,gender,employ_status,obese,14398,48558630.2985282,163,quasibinomial (logit),Full-time employed (Intercept),-0.513161724740034,0.0495817165669292,1.62862538472469e-19,-0.610341889211215,-0.415981560268853,16.4056865691009,2.44889978622744e-09,6831,26689745.6672604
age_4lvl,under30y,1999-2020,21.2,WTMEC.COMBN,gender,employ_status,obese,14398,48558630.2985282,163,quasibinomial (logit),Part-time employed,-0.343750685792329,0.0748901842075559,8.94915374395143e-06,-0.490535446839138,-0.196965924745519,16.4056865691009,2.44889978622744e-09,2474,7972766.94477312
age_4lvl,under30y,1999-2020,21.2,WTMEC.COMBN,gender,employ_status,obese,14398,48558630.2985282,163,quasibinomial (logit),Student,-0.442954706822702,0.0940905038990373,5.41700636596826e-06,-0.627372094464815,-0.258537319180589,16.4056865691009,2.44889978622744e-09,1601,4220661.39523598
age_4lvl,under30y,1999-2020,21.2,WTMEC.COMBN,gender,employ_status,obese,14398,48558630.2985282,163,quasibinomial (logit),Unemployed,0.0866808358390372,0.0649173595968874,0.183703365129007,-0.040557188970862,0.213918860648936,16.4056865691009,2.44889978622744e-09,3492,9675456.2912587
age_4lvl,30to39y,1999-2020,21.2,WTMEC.COMBN,gender,employ_status,obese,9826,40806382.9516583,163,quasibinomial (logit),Full-time employed (Intercept),-0.105814855460857,0.0448789536563486,0.019601273772375,-0.1937776046273,-0.0178521062944136,8.38099377850823,3.30903719256787e-05,6473,28457302.314158
age_4lvl,30to39y,1999-2020,21.2,WTMEC.COMBN,gender,employ_status,obese,9826,40806382.9516583,163,quasibinomial (logit),Part-time employed,-0.323126897101874,0.0883673611261025,0.000346922286450358,-0.496326924909035,-0.149926869294713,8.38099377850823,3.30903719256787e-05,881,3550623.49411045
age_4lvl,30to39y,1999-2020,21.2,WTMEC.COMBN,gender,employ_status,obese,9826,40806382.9516583,163,quasibinomial (logit),Student,-0.865296893345061,0.239453256089795,0.000404637722463856,-1.33462527528106,-0.395968511409062,8.38099377850823,3.30903719256787e-05,98,314010.539056453
age_4lvl,30to39y,1999-2020,21.2,WTMEC.COMBN,gender,employ_status,obese,9826,40806382.9516583,163,quasibinomial (logit),Unemployed,-0.0449587452716069,0.0582024896496132,0.440992277745166,-0.159035624984849,0.0691181344416349,8.38099377850823,3.30903719256787e-05,2374,8484446.60433345
age_4lvl,over65y,1999-2020,21.2,WTMEC.COMBN,gender,employ_status,obese_abd,14938,40035320.2704981,163,quasibinomial (logit),Full-time employed (Intercept),0.894914918128862,0.0961168269757949,9.93899498189921e-17,0.706525937256304,1.08330389900142,1.88076479488435,0.13498696353159,1201,3726234.15535002
age_4lvl,over65y,1999-2020,21.2,WTMEC.COMBN,gender,employ_status,obese_abd,14938,40035320.2704981,163,quasibinomial (logit),Part-time employed,0.0287862236342009,0.119703117901913,0.810267836390182,-0.205831887453548,0.26340433472195,1.88076479488435,0.13498696353159,986,3301283.28146249
age_4lvl,over65y,1999-2020,21.2,WTMEC.COMBN,gender,employ_status,obese_abd,14938,40035320.2704981,163,quasibinomial (logit),Student,-0.679752766440329,0.728857011483009,0.352425890079222,-2.10831250894703,0.748806976066368,1.88076479488435,0.13498696353159,11,22219.8827660189
age_4lvl,over65y,1999-2020,21.2,WTMEC.COMBN,gender,employ_status,obese_abd,14938,40035320.2704981,163,quasibinomial (logit),Unemployed,-0.143786012696983,0.0909587722366638,0.115915079937418,-0.322065206280844,0.0344931808868786,1.88076479488435,0.13498696353159,12740,32985582.9509196
age_4lvl,40to64y,1999-2020,21.2,WTMEC.COMBN,gender,employ_status,obese_abd,23833,96841872.0838905,163,quasibinomial (logit),Full-time employed (Intercept),0.668501083770891,0.0352234140103676,1.04921998292427e-42,0.59946319231057,0.737538975231212,5.42476629029742,0.00140716473337826,13614,61165536.9719173
age_4lvl,40to64y,1999-2020,21.2,WTMEC.COMBN,gender,employ_status,obese_abd,23833,96841872.0838905,163,quasibinomial (logit),Part-time employed,-0.182909730979261,0.0639213986964258,0.00478425854096039,-0.308195672424255,-0.057623789534266,5.42476629029742,0.00140716473337826,1983,8618400.05707972
age_4lvl,40to64y,1999-2020,21.2,WTMEC.COMBN,gender,employ_status,obese_abd,23833,96841872.0838905,163,quasibinomial (logit),Student,-0.0298162629572077,0.307774275449184,0.922946041520786,-0.633053842837608,0.573421316923193,5.42476629029742,0.00140716473337826,91,279854.252859396
age_4lvl,40to64y,1999-2020,21.2,WTMEC.COMBN,gender,employ_status,obese_abd,23833,96841872.0838905,163,quasibinomial (logit),Unemployed,0.103596012019849,0.0433758014993947,0.0180976474186743,0.0185794410810354,0.188612582958663,5.42476629029742,0.00140716473337826,8145,26778080.8020341
age_4lvl,under30y,1999-2020,21.2,WTMEC.COMBN,gender,employ_status,obese_abd,14398,48558630.2985282,163,quasibinomial (logit),Full-time employed (Intercept),-0.205772523841086,0.0481112475676524,3.25801186524525e-05,-0.300070569073685,-0.111474478608488,24.6079402890049,3.92060951702839e-13,6831,26689745.6672604
age_4lvl,under30y,1999-2020,21.2,WTMEC.COMBN,gender,employ_status,obese_abd,14398,48558630.2985282,163,quasibinomial (logit),Part-time employed,-0.339246572993185,0.0772663155258562,2.05361620293618e-05,-0.490688551423863,-0.187804594562507,24.6079402890049,3.92060951702839e-13,2474,7972766.94477312
age_4lvl,under30y,1999-2020,21.2,WTMEC.COMBN,gender,employ_status,obese_abd,14398,48558630.2985282,163,quasibinomial (logit),Student,-0.551501693933521,0.101314368020328,1.94452566378163e-07,-0.750077855253364,-0.352925532613678,24.6079402890049,3.92060951702839e-13,1601,4220661.39523598
age_4lvl,under30y,1999-2020,21.2,WTMEC.COMBN,gender,employ_status,obese_abd,14398,48558630.2985282,163,quasibinomial (logit),Unemployed,0.232362829806894,0.0656642862795805,0.000527516437341135,0.103660828698917,0.361064830914872,24.6079402890049,3.92060951702839e-13,3492,9675456.2912587
age_4lvl,30to39y,1999-2020,21.2,WTMEC.COMBN,gender,employ_status,obese_abd,9826,40806382.9516583,163,quasibinomial (logit),Full-time employed (Intercept),0.269974899510564,0.0477811952833272,7.22504951643151e-08,0.176323756755243,0.363626042265885,5.21311271992019,0.00184802387664611,6473,28457302.314158
age_4lvl,30to39y,1999-2020,21.2,WTMEC.COMBN,gender,employ_status,obese_abd,9826,40806382.9516583,163,quasibinomial (logit),Part-time employed,-0.263133045524724,0.0954724959580083,0.00653297134975471,-0.450259137602421,-0.0760069534470281,5.21311271992019,0.00184802387664611,881,3550623.49411045
age_4lvl,30to39y,1999-2020,21.2,WTMEC.COMBN,gender,employ_status,obese_abd,9826,40806382.9516583,163,quasibinomial (logit),Student,-0.295714581049971,0.268675077713958,0.272716795111315,-0.82231773336933,0.230888571269388,5.21311271992019,0.00184802387664611,98,314010.539056453
age_4lvl,30to39y,1999-2020,21.2,WTMEC.COMBN,gender,employ_status,obese_abd,9826,40806382.9516583,163,quasibinomial (logit),Unemployed,0.1154315904466,0.0600993081012004,0.0565615714150926,-0.00236305343175265,0.233226234324953,5.21311271992019,0.00184802387664611,2374,8484446.60433345
age_4lvl,over65y,1999-2020,21.2,WTMEC.COMBN,gender,employ_status,cvd,14938,40035320.2704981,163,quasibinomial (logit),Full-time employed (Intercept),-2.42485456775125,0.106625880853883,7.56470256206009e-52,-2.63384129422486,-2.21586784127764,285.982157462419,7.92741585884017e-64,1201,3726234.15535002
age_4lvl,over65y,1999-2020,21.2,WTMEC.COMBN,gender,employ_status,cvd,14938,40035320.2704981,163,quasibinomial (logit),Part-time employed,0.379615999459576,0.143383422236666,0.00892390167674249,0.0985844918757094,0.660647507043442,285.982157462419,7.92741585884017e-64,986,3301283.28146249
age_4lvl,over65y,1999-2020,21.2,WTMEC.COMBN,gender,employ_status,cvd,14938,40035320.2704981,163,quasibinomial (logit),Student,-10.3206308731916,0.384710751734062,6.60009678040476e-61,-11.0746639465904,-9.56659779979284,285.982157462419,7.92741585884017e-64,11,22219.8827660189
age_4lvl,over65y,1999-2020,21.2,WTMEC.COMBN,gender,employ_status,cvd,14938,40035320.2704981,163,quasibinomial (logit),Unemployed,0.66243464135227,0.105759050504304,3.36967520617552e-09,0.455146902363834,0.869722380340706,285.982157462419,7.92741585884017e-64,12740,32985582.9509196
age_4lvl,40to64y,1999-2020,21.2,WTMEC.COMBN,gender,employ_status,cvd,23833,96841872.0838905,163,quasibinomial (logit),Full-time employed (Intercept),-3.80601995757162,0.101920878509102,1.33572832085881e-80,-4.00578487944946,-3.60625503569377,84.6368214576668,8.9392005108429e-33,13614,61165536.9719173
age_4lvl,40to64y,1999-2020,21.2,WTMEC.COMBN,gender,employ_status,cvd,23833,96841872.0838905,163,quasibinomial (logit),Part-time employed,0.461708715868388,0.181644860283986,0.0119840927118843,0.105684789711776,0.817732642025,84.6368214576668,8.9392005108429e-33,1983,8618400.05707972
age_4lvl,40to64y,1999-2020,21.2,WTMEC.COMBN,gender,employ_status,cvd,23833,96841872.0838905,163,quasibinomial (logit),Student,0.635156494883135,0.55172577207204,0.251370901427529,-0.446226018378063,1.71653900814433,84.6368214576668,8.9392005108429e-33,91,279854.252859396
age_4lvl,40to64y,1999-2020,21.2,WTMEC.COMBN,gender,employ_status,cvd,23833,96841872.0838905,163,quasibinomial (logit),Unemployed,1.26118052873746,0.0834547997391679,1.47195899204842e-32,1.09760912124869,1.42475193622623,84.6368214576668,8.9392005108429e-33,8145,26778080.8020341
age_4lvl,under30y,1999-2020,21.2,WTMEC.COMBN,gender,employ_status,cvd,14398,48558630.2985282,163,quasibinomial (logit),Full-time employed (Intercept),-5.82477202600453,0.429951425376808,2.727499815997e-28,-6.66747681974307,-4.98206723226598,1.2841115065354,0.281762226416689,6831,26689745.6672604
age_4lvl,under30y,1999-2020,21.2,WTMEC.COMBN,gender,employ_status,cvd,14398,48558630.2985282,163,quasibinomial (logit),Part-time employed,-0.202660725399316,0.703450445484386,0.773649031158458,-1.58142359854871,1.17610214775008,1.2841115065354,0.281762226416689,2474,7972766.94477312
age_4lvl,under30y,1999-2020,21.2,WTMEC.COMBN,gender,employ_status,cvd,14398,48558630.2985282,163,quasibinomial (logit),Student,-0.572105562050603,1.04150654035125,0.583566266068907,-2.61345838113906,1.46924725703786,1.2841115065354,0.281762226416689,1601,4220661.39523598
age_4lvl,under30y,1999-2020,21.2,WTMEC.COMBN,gender,employ_status,cvd,14398,48558630.2985282,163,quasibinomial (logit),Unemployed,0.678834079085023,0.445181065598754,0.129283268096415,-0.193720809488534,1.55138896765858,1.2841115065354,0.281762226416689,3492,9675456.2912587
age_4lvl,30to39y,1999-2020,21.2,WTMEC.COMBN,gender,employ_status,cvd,9826,40806382.9516583,163,quasibinomial (logit),Full-time employed (Intercept),-5.36044986286539,0.299182988169993,5.46678771609464e-40,-5.94684851967858,-4.7740512060522,8.87406310453769,1.79177298515321e-05,6473,28457302.314158
age_4lvl,30to39y,1999-2020,21.2,WTMEC.COMBN,gender,employ_status,cvd,9826,40806382.9516583,163,quasibinomial (logit),Part-time employed,0.0285351520599637,0.584799818628766,0.961144117033883,-1.11767249245242,1.17474279657234,8.87406310453769,1.79177298515321e-05,881,3550623.49411045
age_4lvl,30to39y,1999-2020,21.2,WTMEC.COMBN,gender,employ_status,cvd,9826,40806382.9516583,163,quasibinomial (logit),Student,1.82032907846579,1.03380458083658,0.0801937607135655,-0.205927899973915,3.84658605690549,8.87406310453769,1.79177298515321e-05,98,314010.539056453
age_4lvl,30to39y,1999-2020,21.2,WTMEC.COMBN,gender,employ_status,cvd,9826,40806382.9516583,163,quasibinomial (logit),Unemployed,1.41187552165367,0.293990018962168,3.59404232902374e-06,0.835655084487824,1.98809595881952,8.87406310453769,1.79177298515321e-05,2374,8484446.60433345
age_4lvl,over65y,1999-2020,21.2,WTMEC.COMBN,gender,employ_status,ascvd,14938,40035320.2704981,163,quasibinomial (logit),Full-time employed (Intercept),-2.07474338596456,0.101121945142485,1.54959455182541e-46,-2.27294239844383,-1.87654437348529,26.9286408195396,3.87917130387291e-14,1201,3726234.15535002
age_4lvl,over65y,1999-2020,21.2,WTMEC.COMBN,gender,employ_status,ascvd,14938,40035320.2704981,163,quasibinomial (logit),Part-time employed,0.345206358379958,0.132090087044688,0.00982475022942859,0.0863097877723695,0.604102928987546,26.9286408195396,3.87917130387291e-14,986,3301283.28146249
age_4lvl,over65y,1999-2020,21.2,WTMEC.COMBN,gender,employ_status,ascvd,14938,40035320.2704981,163,quasibinomial (logit),Student,-2.05953011708269,1.06905079701781,0.0558251918199489,-4.15486967923759,0.0358094450722226,26.9286408195396,3.87917130387291e-14,11,22219.8827660189
age_4lvl,over65y,1999-2020,21.2,WTMEC.COMBN,gender,employ_status,ascvd,14938,40035320.2704981,163,quasibinomial (logit),Unemployed,0.780764727580049,0.0994032281623888,5.6291115166953e-13,0.585934400381767,0.975595054778331,26.9286408195396,3.87917130387291e-14,12740,32985582.9509196
age_4lvl,40to64y,1999-2020,21.2,WTMEC.COMBN,gender,employ_status,ascvd,23833,96841872.0838905,163,quasibinomial (logit),Full-time employed (Intercept),-3.46241375565735,0.083110684314379,1.85425277374876e-87,-3.62531069691353,-3.29951681440117,112.046349982974,5.03623058771772e-39,13614,61165536.9719173
age_4lvl,40to64y,1999-2020,21.2,WTMEC.COMBN,gender,employ_status,ascvd,23833,96841872.0838905,163,quasibinomial (logit),Part-time employed,0.549493596041893,0.153372890438679,0.000451594989162069,0.248882730782082,0.850104461301704,112.046349982974,5.03623058771772e-39,1983,8618400.05707972
age_4lvl,40to64y,1999-2020,21.2,WTMEC.COMBN,gender,employ_status,ascvd,23833,96841872.0838905,163,quasibinomial (logit),Student,0.388794400484061,0.545281680998598,0.476881178413338,-0.67995769427319,1.45754649524131,112.046349982974,5.03623058771772e-39,91,279854.252859396
age_4lvl,40to64y,1999-2020,21.2,WTMEC.COMBN,gender,employ_status,ascvd,23833,96841872.0838905,163,quasibinomial (logit),Unemployed,1.40158115637729,0.0799101193309556,5.21397213935375e-39,1.24495732248862,1.55820499026597,112.046349982974,5.03623058771772e-39,8145,26778080.8020341
age_4lvl,under30y,1999-2020,21.2,WTMEC.COMBN,gender,employ_status,ascvd,14398,48558630.2985282,163,quasibinomial (logit),Full-time employed (Intercept),-5.42497752648168,0.342020620189076,1.41395267913608e-34,-6.09533794205227,-4.75461711091109,3.54623934512118,0.0159592663572404,6831,26689745.6672604
age_4lvl,under30y,1999-2020,21.2,WTMEC.COMBN,gender,employ_status,ascvd,14398,48558630.2985282,163,quasibinomial (logit),Part-time employed,-0.188869375205413,0.564603484973997,0.738430435381062,-1.29549220575445,0.917753455343622,3.54623934512118,0.0159592663572404,2474,7972766.94477312
age_4lvl,under30y,1999-2020,21.2,WTMEC.COMBN,gender,employ_status,ascvd,14398,48558630.2985282,163,quasibinomial (logit),Student,-0.476091434070987,0.773270343772225,0.538982343010971,-1.99170130786455,1.03951843972257,3.54623934512118,0.0159592663572404,1601,4220661.39523598
age_4lvl,under30y,1999-2020,21.2,WTMEC.COMBN,gender,employ_status,ascvd,14398,48558630.2985282,163,quasibinomial (logit),Unemployed,0.887911369675873,0.348786742022371,0.0118565543102415,0.204289355312027,1.57153338403972,3.54623934512118,0.0159592663572404,3492,9675456.2912587
age_4lvl,30to39y,1999-2020,21.2,WTMEC.COMBN,gender,employ_status,ascvd,9826,40806382.9516583,163,quasibinomial (logit),Full-time employed (Intercept),-4.83348612534087,0.232701693618492,3.7171533346971e-47,-5.28958144483311,-4.37739080584862,12.1749430215038,3.25232319655749e-07,6473,28457302.314158
age_4lvl,30to39y,1999-2020,21.2,WTMEC.COMBN,gender,employ_status,ascvd,9826,40806382.9516583,163,quasibinomial (logit),Part-time employed,0.0104694914547814,0.585882864245805,0.985765286009846,-1.137860922467,1.15879990537656,12.1749430215038,3.25232319655749e-07,881,3550623.49411045
age_4lvl,30to39y,1999-2020,21.2,WTMEC.COMBN,gender,employ_status,ascvd,9826,40806382.9516583,163,quasibinomial (logit),Student,1.38991970651728,1.02466072048537,0.176873190441869,-0.618415305634044,3.39825471866861,12.1749430215038,3.25232319655749e-07,98,314010.539056453
age_4lvl,30to39y,1999-2020,21.2,WTMEC.COMBN,gender,employ_status,ascvd,9826,40806382.9516583,163,quasibinomial (logit),Unemployed,1.37632318739275,0.232321129999438,1.87990109171315e-08,0.920973772593849,1.83167260219164,12.1749430215038,3.25232319655749e-07,2374,8484446.60433345
age_4lvl,over65y,1999-2020,21.2,WTMEC.COMBN,gender,employ_status,chf,14808,39821910.9359903,163,quasibinomial (logit),Full-time employed (Intercept),-3.39221054552196,0.238854939951265,4.39563397363365e-30,-3.86036622782644,-2.92405486321748,8.39562329871208,3.24918062145822e-05,1196,3717465.49298008
age_4lvl,over65y,1999-2020,21.2,WTMEC.COMBN,gender,employ_status,chf,14808,39821910.9359903,163,quasibinomial (logit),Part-time employed,0.273794214576867,0.306032120981734,0.372322015520785,-0.326028742547331,0.873617171701066,8.39562329871208,3.24918062145822e-05,979,3285667.48125023
age_4lvl,over65y,1999-2020,21.2,WTMEC.COMBN,gender,employ_status,chf,14808,39821910.9359903,163,quasibinomial (logit),Student,0.989315161441424,1.1170255764935,0.377133296222114,-1.20005496848583,3.17868529136868,8.39562329871208,3.24918062145822e-05,11,22219.8827660189
age_4lvl,over65y,1999-2020,21.2,WTMEC.COMBN,gender,employ_status,chf,14808,39821910.9359903,163,quasibinomial (logit),Unemployed,0.967021746997619,0.23512828574991,6.25442564425887e-05,0.506170306927796,1.42787318706744,8.39562329871208,3.24918062145822e-05,12622,32796558.078994
age_4lvl,40to64y,1999-2020,21.2,WTMEC.COMBN,gender,employ_status,chf,23786,96706163.9544501,163,quasibinomial (logit),Full-time employed (Intercept),-5.09203300168797,0.154840508372668,7.96155209313805e-73,-5.3955203980984,-4.78854560527754,50.5389979137702,5.38156885197588e-23,13603,61123993.6684529
age_4lvl,40to64y,1999-2020,21.2,WTMEC.COMBN,gender,employ_status,chf,23786,96706163.9544501,163,quasibinomial (logit),Part-time employed,0.525845138063341,0.278817578288769,0.0611209081022705,-0.0206373153826467,1.07232759150933,50.5389979137702,5.38156885197588e-23,1979,8594087.06207936
age_4lvl,40to64y,1999-2020,21.2,WTMEC.COMBN,gender,employ_status,chf,23786,96706163.9544501,163,quasibinomial (logit),Student,-0.326903071133523,1.01898532379878,0.748773869942573,-2.32411430577914,1.67030816351209,50.5389979137702,5.38156885197588e-23,91,279854.252859396
age_4lvl,40to64y,1999-2020,21.2,WTMEC.COMBN,gender,employ_status,chf,23786,96706163.9544501,163,quasibinomial (logit),Unemployed,1.68423420266087,0.150763245246167,9.37976526663609e-22,1.38873824197839,1.97973016334336,50.5389979137702,5.38156885197588e-23,8113,26708228.9710585
age_4lvl,30to39y,1999-2020,21.2,WTMEC.COMBN,gender,employ_status,chf,9819,40778424.551347,163,quasibinomial (logit),Full-time employed (Intercept),-5.95064348331734,0.418310305927893,3.79258866811098e-30,-6.77053168293601,-5.13075528369867,1134.90198027148,4.26350578578867e-107,6470,28443190.6302429
age_4lvl,30to39y,1999-2020,21.2,WTMEC.COMBN,gender,employ_status,chf,9819,40778424.551347,163,quasibinomial (logit),Part-time employed,-0.87067257565289,0.795287121067093,0.275264193813588,-2.42943533294439,0.688090181638613,1134.90198027148,4.26350578578867e-107,881,3550623.49411045
age_4lvl,30to39y,1999-2020,21.2,WTMEC.COMBN,gender,employ_status,chf,9819,40778424.551347,163,quasibinomial (logit),Student,-12.626346259377,0.343533900379872,1.2870458227593e-79,-13.2996727041216,-11.9530198146325,1134.90198027148,4.26350578578867e-107,98,314010.539056453
age_4lvl,30to39y,1999-2020,21.2,WTMEC.COMBN,gender,employ_status,chf,9819,40778424.551347,163,quasibinomial (logit),Unemployed,1.5957233493689,0.433600431945697,0.000318711679465927,0.745866502755328,2.44558019598246,1134.90198027148,4.26350578578867e-107,2370,8470599.88793723
age_4lvl,under30y,1999-2020,21.2,WTMEC.COMBN,gender,employ_status,chf,10099,40976207.3474256,163,quasibinomial (logit),Full-time employed (Intercept),-7.35502669493881,0.841703566363302,3.14978205696901e-15,-9.00476568501088,-5.70528770486674,801.951896920519,9.58358880912531e-96,5703,24734495.8849654
age_4lvl,under30y,1999-2020,21.2,WTMEC.COMBN,gender,employ_status,chf,10099,40976207.3474256,163,quasibinomial (logit),Part-time employed,0.535827657602295,1.0345765776166,0.605234143640983,-1.49194243452624,2.56359774973083,801.951896920519,9.58358880912531e-96,1398,5819021.93353847
age_4lvl,under30y,1999-2020,21.2,WTMEC.COMBN,gender,employ_status,chf,10099,40976207.3474256,163,quasibinomial (logit),Student,-14.6609265795957,0.582051064592304,2.22589527677094e-57,-15.8017466661966,-13.5201064929948,801.951896920519,9.58358880912531e-96,604,2463572.63646676
age_4lvl,under30y,1999-2020,21.2,WTMEC.COMBN,gender,employ_status,chf,10099,40976207.3474256,163,quasibinomial (logit),Unemployed,1.22777154686234,0.723019059215073,0.0914416756434546,-0.189345809199205,2.64488890292388,801.951896920519,9.58358880912531e-96,2394,7959116.89245496
age_4lvl,over65y,1999-2020,21.2,WTMEC.COMBN,gender,employ_status,mdd,14938,40035320.2704981,163,quasibinomial (logit),Full-time employed (Intercept),-3.19796508938249,0.359619919844249,1.24853199916283e-15,-3.90282013227722,-2.49311004648776,4.19338216905365,0.00690263217347784,1201,3726234.15535002
age_4lvl,over65y,1999-2020,21.2,WTMEC.COMBN,gender,employ_status,mdd,14938,40035320.2704981,163,quasibinomial (logit),Part-time employed,-0.729912764688389,0.488638914152396,0.137218304155067,-1.68764503642708,0.227819507050307,4.19338216905365,0.00690263217347784,986,3301283.28146249
age_4lvl,over65y,1999-2020,21.2,WTMEC.COMBN,gender,employ_status,mdd,14938,40035320.2704981,163,quasibinomial (logit),Student,0.419822380497946,1.02151023090897,0.6816390552081,-1.58233767208363,2.42198243307952,4.19338216905365,0.00690263217347784,11,22219.8827660189
age_4lvl,over65y,1999-2020,21.2,WTMEC.COMBN,gender,employ_status,mdd,14938,40035320.2704981,163,quasibinomial (logit),Unemployed,0.311019591253435,0.369718118466408,0.401480029095222,-0.413627920940724,1.0356671034476,4.19338216905365,0.00690263217347784,12740,32985582.9509196
age_4lvl,40to64y,1999-2020,21.2,WTMEC.COMBN,gender,employ_status,mdd,23833,96841872.0838905,163,quasibinomial (logit),Full-time employed (Intercept),-3.28058959911906,0.0881900229206271,2.31699300331509e-80,-3.45344204404349,-3.10773715419463,96.3054409248667,1.41860655319041e-35,13614,61165536.9719173
age_4lvl,40to64y,1999-2020,21.2,WTMEC.COMBN,gender,employ_status,mdd,23833,96841872.0838905,163,quasibinomial (logit),Part-time employed,0.383983134179565,0.16059574692586,0.0179719135761693,0.0692154702048801,0.698750798154251,96.3054409248667,1.41860655319041e-35,1983,8618400.05707972
age_4lvl,40to64y,1999-2020,21.2,WTMEC.COMBN,gender,employ_status,mdd,23833,96841872.0838905,163,quasibinomial (logit),Student,0.884194936454598,0.660394553433862,0.182517907545346,-0.410178388275771,2.17856826118497,96.3054409248667,1.41860655319041e-35,91,279854.252859396
age_4lvl,40to64y,1999-2020,21.2,WTMEC.COMBN,gender,employ_status,mdd,23833,96841872.0838905,163,quasibinomial (logit),Unemployed,1.49053183718838,0.0923246348193469,2.47968136298974e-35,1.30957555294245,1.6714881214343,96.3054409248667,1.41860655319041e-35,8145,26778080.8020341
age_4lvl,under30y,1999-2020,21.2,WTMEC.COMBN,gender,employ_status,mdd,14398,48558630.2985282,163,quasibinomial (logit),Full-time employed (Intercept),-2.8841405514331,0.0999396126953902,4.28764742706206e-65,-3.08002219231607,-2.68825891055014,16.1910996594501,3.11750248771337e-09,6831,26689745.6672604
age_4lvl,under30y,1999-2020,21.2,WTMEC.COMBN,gender,employ_status,mdd,14398,48558630.2985282,163,quasibinomial (logit),Part-time employed,0.162530848230346,0.163875528435363,0.322804707763899,-0.158665187502965,0.483726883963657,16.1910996594501,3.11750248771337e-09,2474,7972766.94477312
age_4lvl,under30y,1999-2020,21.2,WTMEC.COMBN,gender,employ_status,mdd,14398,48558630.2985282,163,quasibinomial (logit),Student,0.153551716364803,0.167256888892915,0.359978423512912,-0.17427178586531,0.481375218594915,16.1910996594501,3.11750248771337e-09,1601,4220661.39523598
age_4lvl,under30y,1999-2020,21.2,WTMEC.COMBN,gender,employ_status,mdd,14398,48558630.2985282,163,quasibinomial (logit),Unemployed,0.82757540721046,0.126667951705438,8.27252182686842e-10,0.579306221867801,1.07584459255312,16.1910996594501,3.11750248771337e-09,3492,9675456.2912587
age_4lvl,30to39y,1999-2020,21.2,WTMEC.COMBN,gender,employ_status,mdd,9826,40806382.9516583,163,quasibinomial (logit),Full-time employed (Intercept),-2.96650796077443,0.105833828454194,2.0711584120559e-63,-3.17394226454465,-2.75907365700421,30.4371678578952,1.32486547518701e-15,6473,28457302.314158
age_4lvl,30to39y,1999-2020,21.2,WTMEC.COMBN,gender,employ_status,mdd,9826,40806382.9516583,163,quasibinomial (logit),Part-time employed,0.117060561702149,0.206768905629749,0.572095433635223,-0.288206493332159,0.522327616736457,30.4371678578952,1.32486547518701e-15,881,3550623.49411045
age_4lvl,30to39y,1999-2020,21.2,WTMEC.COMBN,gender,employ_status,mdd,9826,40806382.9516583,163,quasibinomial (logit),Student,0.325663909638305,0.577844099027868,0.573831001267241,-0.806910524456317,1.45823834373293,30.4371678578952,1.32486547518701e-15,98,314010.539056453
age_4lvl,30to39y,1999-2020,21.2,WTMEC.COMBN,gender,employ_status,mdd,9826,40806382.9516583,163,quasibinomial (logit),Unemployed,1.11369286436101,0.125904902888258,1.65693266034009e-15,0.866919254700029,1.360466474022,30.4371678578952,1.32486547518701e-15,2374,8484446.60433345
age_4lvl,over65y,1999-2020,21.2,WTMEC.COMBN,gender,employ_status,ckd,14938,40035320.2704981,163,quasibinomial (logit),Full-time employed (Intercept),-3.11307189517465,0.157963134100689,1.55065707353622e-44,-3.422679638012,-2.8034641523373,275.768714219115,8.99832389298649e-63,1201,3726234.15535002
age_4lvl,over65y,1999-2020,21.2,WTMEC.COMBN,gender,employ_status,ckd,14938,40035320.2704981,163,quasibinomial (logit),Part-time employed,0.241878205858034,0.210810923141332,0.252952095159769,-0.171311203498977,0.655067615215045,275.768714219115,8.99832389298649e-63,986,3301283.28146249
age_4lvl,over65y,1999-2020,21.2,WTMEC.COMBN,gender,employ_status,ckd,14938,40035320.2704981,163,quasibinomial (logit),Student,-9.58301894098093,0.404938801478512,5.66032605993524e-54,-10.3766989918788,-8.78933889008305,275.768714219115,8.99832389298649e-63,11,22219.8827660189
age_4lvl,over65y,1999-2020,21.2,WTMEC.COMBN,gender,employ_status,ckd,14938,40035320.2704981,163,quasibinomial (logit),Unemployed,0.946886449886408,0.159438896562543,1.74755343958785e-08,0.634386212623823,1.25938668714899,275.768714219115,8.99832389298649e-63,12740,32985582.9509196
age_4lvl,40to64y,1999-2020,21.2,WTMEC.COMBN,gender,employ_status,ckd,23833,96841872.0838905,163,quasibinomial (logit),Full-time employed (Intercept),-4.124210748182,0.09421250721778,1.32040045952139e-90,-4.30886726232885,-3.93955423403515,52.1553584305322,1.58293456986626e-23,13614,61165536.9719173
age_4lvl,40to64y,1999-2020,21.2,WTMEC.COMBN,gender,employ_status,ckd,23833,96841872.0838905,163,quasibinomial (logit),Part-time employed,0.454457352779342,0.163488727738412,0.00609664502970433,0.134019446412055,0.77489525914663,52.1553584305322,1.58293456986626e-23,1983,8618400.05707972
age_4lvl,40to64y,1999-2020,21.2,WTMEC.COMBN,gender,employ_status,ckd,23833,96841872.0838905,163,quasibinomial (logit),Student,-0.964695701437241,1.01883170882164,0.345144557743546,-2.96160585072766,1.03221444785318,52.1553584305322,1.58293456986626e-23,91,279854.252859396
age_4lvl,40to64y,1999-2020,21.2,WTMEC.COMBN,gender,employ_status,ckd,23833,96841872.0838905,163,quasibinomial (logit),Unemployed,1.11356322718314,0.0899581260554572,4.49266339873001e-25,0.937245300114448,1.28988115425184,52.1553584305322,1.58293456986626e-23,8145,26778080.8020341
age_4lvl,under30y,1999-2020,21.2,WTMEC.COMBN,gender,employ_status,ckd,14398,48558630.2985282,163,quasibinomial (logit),Full-time employed (Intercept),-4.35826897146035,0.222401593997075,2.93752689197262e-44,-4.79417609569461,-3.92236184722608,1.46209442034655,0.226974582672111,6831,26689745.6672604
age_4lvl,under30y,1999-2020,21.2,WTMEC.COMBN,gender,employ_status,ckd,14398,48558630.2985282,163,quasibinomial (logit),Part-time employed,-0.0780882015359643,0.328987664508674,0.812683812837581,-0.722904023972965,0.566727620901037,1.46209442034655,0.226974582672111,2474,7972766.94477312
age_4lvl,under30y,1999-2020,21.2,WTMEC.COMBN,gender,employ_status,ckd,14398,48558630.2985282,163,quasibinomial (logit),Student,-0.767169476073808,0.504559129304377,0.130377790678094,-1.75610536951039,0.221766417362771,1.46209442034655,0.226974582672111,1601,4220661.39523598
age_4lvl,under30y,1999-2020,21.2,WTMEC.COMBN,gender,employ_status,ckd,14398,48558630.2985282,163,quasibinomial (logit),Unemployed,0.222515056017229,0.257629074264358,0.389051982056591,-0.282437929540913,0.727468041575371,1.46209442034655,0.226974582672111,3492,9675456.2912587
age_4lvl,30to39y,1999-2020,21.2,WTMEC.COMBN,gender,employ_status,ckd,9826,40806382.9516583,163,quasibinomial (logit),Full-time employed (Intercept),-4.40151960445157,0.188870923289963,3.78596287194742e-53,-4.77170661409989,-4.03133259480324,10.2033367666281,3.49280310546549e-06,6473,28457302.314158
age_4lvl,30to39y,1999-2020,21.2,WTMEC.COMBN,gender,employ_status,ckd,9826,40806382.9516583,163,quasibinomial (logit),Part-time employed,-0.0403964726055108,0.384187955457281,0.916391153763909,-0.793404865301781,0.71261192009076,10.2033367666281,3.49280310546549e-06,881,3550623.49411045
age_4lvl,30to39y,1999-2020,21.2,WTMEC.COMBN,gender,employ_status,ckd,9826,40806382.9516583,163,quasibinomial (logit),Student,-0.282166492035064,1.01058076153,0.780444819913643,-2.26290478463387,1.69857180056375,10.2033367666281,3.49280310546549e-06,98,314010.539056453
age_4lvl,30to39y,1999-2020,21.2,WTMEC.COMBN,gender,employ_status,ckd,9826,40806382.9516583,163,quasibinomial (logit),Unemployed,1.1081473507866,0.207660665601126,3.21838441678324e-07,0.701132446208398,1.51516225536481,10.2033367666281,3.49280310546549e-06,2374,8484446.60433345
age_4lvl,over65y,1999-2020,21.2,WTMEC.COMBN,gender,employ_status,ckd_gfr_gte3,12792,37603811.8264913,163,quasibinomial (logit),Full-time employed (Intercept),-1.78332124921101,0.137959482129556,1.39230339720343e-26,-2.05372183418494,-1.51292066423708,280.678672203036,2.77298521708677e-63,1092,3601042.19014549
age_4lvl,over65y,1999-2020,21.2,WTMEC.COMBN,gender,employ_status,ckd_gfr_gte3,12792,37603811.8264913,163,quasibinomial (logit),Part-time employed,0.425624000552885,0.167689310029264,0.0121048037242202,0.0969529528955279,0.754295048210242,280.678672203036,2.77298521708677e-63,896,3159379.75055232
age_4lvl,over65y,1999-2020,21.2,WTMEC.COMBN,gender,employ_status,ckd_gfr_gte3,12792,37603811.8264913,163,quasibinomial (logit),Student,-10.7151568071277,0.432260637022393,1.69564044611441e-56,-11.5623876556915,-9.86792595856377,280.678672203036,2.77298521708677e-63,10,20276.7463937547
age_4lvl,over65y,1999-2020,21.2,WTMEC.COMBN,gender,employ_status,ckd_gfr_gte3,12792,37603811.8264913,163,quasibinomial (logit),Unemployed,0.96221687700961,0.140664560735019,1.61016584275223e-10,0.686514337968972,1.23791941605025,280.678672203036,2.77298521708677e-63,10794,30823113.1393997
age_4lvl,40to64y,1999-2020,21.2,WTMEC.COMBN,gender,employ_status,ckd_gfr_gte3,21558,92360047.1772174,163,quasibinomial (logit),Full-time employed (Intercept),-3.70388233992311,0.105096844589611,4.95068997868447e-77,-3.90987215531875,-3.49789252452747,41.6313537059605,6.52996564601921e-20,12400,58775758.3867987
age_4lvl,40to64y,1999-2020,21.2,WTMEC.COMBN,gender,employ_status,ckd_gfr_gte3,21558,92360047.1772174,163,quasibinomial (logit),Part-time employed,0.420078120859635,0.159736531044724,0.00938222564627398,0.106994520011975,0.733161721707294,41.6313537059605,6.52996564601921e-20,1818,8302943.9035616
age_4lvl,40to64y,1999-2020,21.2,WTMEC.COMBN,gender,employ_status,ckd_gfr_gte3,21558,92360047.1772174,163,quasibinomial (logit),Student,-1.03572716249646,1.02051873936219,0.311694120972488,-3.03594389164635,0.964489566653442,41.6313537059605,6.52996564601921e-20,86,265863.440682981
age_4lvl,40to64y,1999-2020,21.2,WTMEC.COMBN,gender,employ_status,ckd_gfr_gte3,21558,92360047.1772174,163,quasibinomial (logit),Unemployed,1.0455347827202,0.0958762587151516,5.02117834381129e-21,0.857617315638501,1.2334522498019,41.6313537059605,6.52996564601921e-20,7254,25015481.4461741
age_4lvl,under30y,1999-2020,21.2,WTMEC.COMBN,gender,employ_status,ckd_gfr_gte3,12650,44881702.657693,163,quasibinomial (logit),Full-time employed (Intercept),-6.9009548623513,0.519400650991366,1.42318779355957e-27,-7.91898013829438,-5.88292958640822,1373.15797367647,2.09008449168243e-113,5975,24826267.3181836
age_4lvl,under30y,1999-2020,21.2,WTMEC.COMBN,gender,employ_status,ckd_gfr_gte3,12650,44881702.657693,163,quasibinomial (logit),Part-time employed,0.713772906037892,1.03126485094707,0.489863044727518,-1.30750620181836,2.73505201389414,1373.15797367647,2.09008449168243e-113,2200,7410467.06652139
age_4lvl,under30y,1999-2020,21.2,WTMEC.COMBN,gender,employ_status,ckd_gfr_gte3,12650,44881702.657693,163,quasibinomial (logit),Student,-14.9730868401699,0.424516636585244,4.4198883665859e-77,-15.805139447877,-14.1410342324628,1373.15797367647,2.09008449168243e-113,1400,3787541.34425606
age_4lvl,under30y,1999-2020,21.2,WTMEC.COMBN,gender,employ_status,ckd_gfr_gte3,12650,44881702.657693,163,quasibinomial (logit),Unemployed,0.916728515809881,0.485990576231542,0.0610766132232205,-0.03581301360394,1.8692700452237,1373.15797367647,2.09008449168243e-113,3075,8857426.92873188
age_4lvl,30to39y,1999-2020,21.2,WTMEC.COMBN,gender,employ_status,ckd_gfr_gte3,8758,38610255.7439938,163,quasibinomial (logit),Full-time employed (Intercept),-5.46778224138489,0.345952829337044,2.00427763697719e-34,-6.14584978688549,-4.78971469588428,0.746772303515425,0.52574125146271,5761,27056749.135501
age_4lvl,30to39y,1999-2020,21.2,WTMEC.COMBN,gender,employ_status,ckd_gfr_gte3,8758,38610255.7439938,163,quasibinomial (logit),Part-time employed,0.11674891105394,0.601149137393047,0.846259702584556,-1.06150339823643,1.29500122034431,0.746772303515425,0.52574125146271,791,3368460.35519368
age_4lvl,30to39y,1999-2020,21.2,WTMEC.COMBN,gender,employ_status,ckd_gfr_gte3,8758,38610255.7439938,163,quasibinomial (logit),Student,0.760233259045292,1.01618556524773,0.45549023028393,-1.23149044884027,2.75195696693085,0.746772303515425,0.52574125146271,87,306160.477459208
age_4lvl,30to39y,1999-2020,21.2,WTMEC.COMBN,gender,employ_status,ckd_gfr_gte3,8758,38610255.7439938,163,quasibinomial (logit),Unemployed,0.506041123709293,0.412889969634441,0.222158625901368,-0.303223216774212,1.3153054641928,0.746772303515425,0.52574125146271,2119,7878885.77583985
age_4lvl,over65y,1999-2020,21.2,WTMEC.COMBN,gender,employ_status,ckd_any,13597,39576312.3448457,163,quasibinomial (logit),Full-time employed (Intercept),0.906814798748736,0.116649290082745,8.93992192417353e-13,0.678182190186556,1.13544740731092,12.295427009707,2.81875137252257e-07,1133,3715084.29868202
age_4lvl,over65y,1999-2020,21.2,WTMEC.COMBN,gender,employ_status,ckd_any,13597,39576312.3448457,163,quasibinomial (logit),Part-time employed,0.113850236487328,0.148002084397468,0.442887600894573,-0.176233848931709,0.403934321906365,12.295427009707,2.81875137252257e-07,940,3291758.91686528
age_4lvl,over65y,1999-2020,21.2,WTMEC.COMBN,gender,employ_status,ckd_any,13597,39576312.3448457,163,quasibinomial (logit),Student,0.133992761537075,0.767316598779294,0.861596358290687,-1.36994777207034,1.63793329514449,12.295427009707,2.81875137252257e-07,10,20276.7463937547
age_4lvl,over65y,1999-2020,21.2,WTMEC.COMBN,gender,employ_status,ckd_any,13597,39576312.3448457,163,quasibinomial (logit),Unemployed,0.508807964475281,0.113217502633172,1.33900411692638e-05,0.286901659314264,0.730714269636299,12.295427009707,2.81875137252257e-07,11514,32549192.3829047
age_4lvl,40to64y,1999-2020,21.2,WTMEC.COMBN,gender,employ_status,ckd_any,22694,96167191.9254617,163,quasibinomial (logit),Full-time employed (Intercept),-0.286462736242356,0.0337681217717725,1.43589535226084e-14,-0.35264825491503,-0.220277217569681,18.2399663001167,3.19788964612359e-10,12956,60810118.1076564
age_4lvl,40to64y,1999-2020,21.2,WTMEC.COMBN,gender,employ_status,ckd_any,22694,96167191.9254617,163,quasibinomial (logit),Part-time employed,0.0784928943598884,0.0634525514613783,0.21789877791608,-0.045874106504413,0.20285989522419,18.2399663001167,3.19788964612359e-10,1907,8583079.42077555
age_4lvl,40to64y,1999-2020,21.2,WTMEC.COMBN,gender,employ_status,ckd_any,22694,96167191.9254617,163,quasibinomial (logit),Student,-0.539209408749534,0.258554377076302,0.0386233899981181,-1.04597598781909,-0.0324428296799815,18.2399663001167,3.19788964612359e-10,88,279854.252859396
age_4lvl,40to64y,1999-2020,21.2,WTMEC.COMBN,gender,employ_status,ckd_any,22694,96167191.9254617,163,quasibinomial (logit),Unemployed,0.267478738496471,0.0395346438048296,2.40780070039478e-10,0.189990836639005,0.344966640353937,18.2399663001167,3.19788964612359e-10,7743,26494140.1441704
age_4lvl,under30y,1999-2020,21.2,WTMEC.COMBN,gender,employ_status,ckd_any,13556,47875531.7441325,163,quasibinomial (logit),Full-time employed (Intercept),-1.4855028731267,0.0565646749396119,1.04796250907244e-59,-1.59636963600834,-1.37463611024506,2.63348527623765,0.0518289312095553,6386,26348129.4687701
age_4lvl,under30y,1999-2020,21.2,WTMEC.COMBN,gender,employ_status,ckd_any,13556,47875531.7441325,163,quasibinomial (logit),Part-time employed,-0.13520331657987,0.0928523999870836,0.147333957189303,-0.317194020554554,0.0467873873948141,2.63348527623765,0.0518289312095553,2346,7863702.02883003
age_4lvl,under30y,1999-2020,21.2,WTMEC.COMBN,gender,employ_status,ckd_any,13556,47875531.7441325,163,quasibinomial (logit),Student,0.138168382279977,0.119422897116496,0.249020955984045,-0.0959004960683558,0.37223726062831,2.63348527623765,0.0518289312095553,1522,4141654.51162769
age_4lvl,under30y,1999-2020,21.2,WTMEC.COMBN,gender,employ_status,ckd_any,13556,47875531.7441325,163,quasibinomial (logit),Unemployed,0.108679860327648,0.072584485521057,0.136300922019779,-0.0335857312936236,0.25094545194892,2.63348527623765,0.0518289312095553,3302,9522045.73490462
age_4lvl,30to39y,1999-2020,21.2,WTMEC.COMBN,gender,employ_status,ckd_any,9248,40352466.0167285,163,quasibinomial (logit),Full-time employed (Intercept),-1.16107145567086,0.0572108148272979,5.45368070598365e-46,-1.27320465273236,-1.04893825860936,1.10887249383566,0.34728042893563,6066,28125675.9256714
age_4lvl,30to39y,1999-2020,21.2,WTMEC.COMBN,gender,employ_status,ckd_any,9248,40352466.0167285,163,quasibinomial (logit),Part-time employed,-0.141421987558095,0.108750595718366,0.195337111762291,-0.354573155166093,0.0717291800499023,1.10887249383566,0.34728042893563,831,3520682.53854611
age_4lvl,30to39y,1999-2020,21.2,WTMEC.COMBN,gender,employ_status,ckd_any,9248,40352466.0167285,163,quasibinomial (logit),Student,0.21835565854446,0.318454236736594,0.493917490130842,-0.405814645459263,0.842525962548184,1.10887249383566,0.34728042893563,90,314010.539056453
age_4lvl,30to39y,1999-2020,21.2,WTMEC.COMBN,gender,employ_status,ckd_any,9248,40352466.0167285,163,quasibinomial (logit),Unemployed,0.0433256956743487,0.069291664822397,0.532693107562105,-0.0924859673775493,0.179137358726247,1.10887249383566,0.34728042893563,2261,8392097.01345459
age_4lvl,over65y,1999-2020,21.2,WTMEC.COMBN,gender,employ_status,copd,14938,40035320.2704981,163,quasibinomial (logit),Full-time employed (Intercept),-2.52231039552163,0.213341793259252,1.52445709927996e-23,-2.94046031030976,-2.10416048073349,272.806546938014,1.84618926102895e-62,1201,3726234.15535002
age_4lvl,over65y,1999-2020,21.2,WTMEC.COMBN,gender,employ_status,copd,14938,40035320.2704981,163,quasibinomial (logit),Part-time employed,0.447070138652335,0.245239959886175,0.0701831350882865,-0.0336001827245676,0.927740460029238,272.806546938014,1.84618926102895e-62,986,3301283.28146249
age_4lvl,over65y,1999-2020,21.2,WTMEC.COMBN,gender,employ_status,copd,14938,40035320.2704981,163,quasibinomial (logit),Student,-10.0336079503803,0.432970251790958,7.55530596426732e-53,-10.8822296438906,-9.18498625687004,272.806546938014,1.84618926102895e-62,11,22219.8827660189
age_4lvl,over65y,1999-2020,21.2,WTMEC.COMBN,gender,employ_status,copd,14938,40035320.2704981,163,quasibinomial (logit),Unemployed,0.768397698069539,0.203281788182152,0.000221472633592646,0.369965393232521,1.16683000290656,272.806546938014,1.84618926102895e-62,12740,32985582.9509196
age_4lvl,40to64y,1999-2020,21.2,WTMEC.COMBN,gender,employ_status,copd,23833,96841872.0838905,163,quasibinomial (logit),Full-time employed (Intercept),-2.64541853171886,0.0674479265847598,1.1645046503549e-83,-2.77761646782499,-2.51322059561273,69.3735702812499,9.8229805326789e-29,13614,61165536.9719173
age_4lvl,40to64y,1999-2020,21.2,WTMEC.COMBN,gender,employ_status,copd,23833,96841872.0838905,163,quasibinomial (logit),Part-time employed,0.0700059734212616,0.142224480544032,0.623241575993938,-0.20875400844504,0.348765955287563,69.3735702812499,9.8229805326789e-29,1983,8618400.05707972
age_4lvl,40to64y,1999-2020,21.2,WTMEC.COMBN,gender,employ_status,copd,23833,96841872.0838905,163,quasibinomial (logit),Student,0.318993724560546,0.500151861646532,0.524525384601217,-0.661303924266658,1.29929137338775,69.3735702812499,9.8229805326789e-29,91,279854.252859396
age_4lvl,40to64y,1999-2020,21.2,WTMEC.COMBN,gender,employ_status,copd,23833,96841872.0838905,163,quasibinomial (logit),Unemployed,1.04493711254392,0.0768944556793786,2.0951384056291e-28,0.894223979412335,1.1956502456755,69.3735702812499,9.8229805326789e-29,8145,26778080.8020341
age_4lvl,under30y,1999-2020,21.2,WTMEC.COMBN,gender,employ_status,copd,14398,48558630.2985282,163,quasibinomial (logit),Full-time employed (Intercept),-3.35274306140844,0.127955874573351,1.40655141566748e-59,-3.60353657557221,-3.10194954724468,2.11715642970123,0.100176581840637,6831,26689745.6672604
age_4lvl,under30y,1999-2020,21.2,WTMEC.COMBN,gender,employ_status,copd,14398,48558630.2985282,163,quasibinomial (logit),Part-time employed,0.0224697759144075,0.203428814273223,0.912187652220983,-0.37625070006111,0.421190251889925,2.11715642970123,0.100176581840637,2474,7972766.94477312
age_4lvl,under30y,1999-2020,21.2,WTMEC.COMBN,gender,employ_status,copd,14398,48558630.2985282,163,quasibinomial (logit),Student,-0.476364158651518,0.329961778704135,0.150792235398878,-1.12308924491162,0.170360927608587,2.11715642970123,0.100176581840637,1601,4220661.39523598
age_4lvl,under30y,1999-2020,21.2,WTMEC.COMBN,gender,employ_status,copd,14398,48558630.2985282,163,quasibinomial (logit),Unemployed,0.279559338013383,0.166425903526966,0.0949634370653518,-0.046635432899469,0.605754108926236,2.11715642970123,0.100176581840637,3492,9675456.2912587
age_4lvl,30to39y,1999-2020,21.2,WTMEC.COMBN,gender,employ_status,copd,9826,40806382.9516583,163,quasibinomial (logit),Full-time employed (Intercept),-2.97993238774991,0.131096266753626,8.01693002895103e-52,-3.23688107058701,-2.7229837049128,4.28680379265333,0.00611621870587706,6473,28457302.314158
age_4lvl,30to39y,1999-2020,21.2,WTMEC.COMBN,gender,employ_status,copd,9826,40806382.9516583,163,quasibinomial (logit),Part-time employed,0.143330039828471,0.24645024845381,0.561674573698157,-0.339712447140996,0.626372526797938,4.28680379265333,0.00611621870587706,881,3550623.49411045
age_4lvl,30to39y,1999-2020,21.2,WTMEC.COMBN,gender,employ_status,copd,9826,40806382.9516583,163,quasibinomial (logit),Student,0.299971375324225,0.616341509902399,0.62714349744481,-0.908057984084477,1.50800073473293,4.28680379265333,0.00611621870587706,98,314010.539056453
age_4lvl,30to39y,1999-2020,21.2,WTMEC.COMBN,gender,employ_status,copd,9826,40806382.9516583,163,quasibinomial (logit),Unemployed,0.580175343953119,0.168040689958342,0.000711561075459069,0.250815591634768,0.909535096271469,4.28680379265333,0.00611621870587706,2374,8484446.60433345
age_4lvl,over65y,1999-2020,21.2,WTMEC.COMBN,gender,employ_status,copd_pft,14938,40035320.2704981,163,quasibinomial (logit),Full-time employed (Intercept),-1.81517676228914,0.140889504166347,1.82544071476838e-26,-2.09132019045518,-1.5390333341231,286.717919389827,6.67358231042909e-64,1201,3726234.15535002
age_4lvl,over65y,1999-2020,21.2,WTMEC.COMBN,gender,employ_status,copd_pft,14938,40035320.2704981,163,quasibinomial (logit),Part-time employed,0.16439868257506,0.174964949114807,0.348843259880877,-0.178532617689962,0.507329982840082,286.717919389827,6.67358231042909e-64,986,3301283.28146249
age_4lvl,over65y,1999-2020,21.2,WTMEC.COMBN,gender,employ_status,copd_pft,14938,40035320.2704981,163,quasibinomial (logit),Student,-10.775550038854,0.411981256201391,1.77302073149051e-59,-11.5830333010087,-9.96806677669927,286.717919389827,6.67358231042909e-64,11,22219.8827660189
age_4lvl,over65y,1999-2020,21.2,WTMEC.COMBN,gender,employ_status,copd_pft,14938,40035320.2704981,163,quasibinomial (logit),Unemployed,0.269768387187112,0.132152561933239,0.0428701578454733,0.0107493657979642,0.52878740857626,286.717919389827,6.67358231042909e-64,12740,32985582.9509196
age_4lvl,40to64y,1999-2020,21.2,WTMEC.COMBN,gender,employ_status,copd_pft,23833,96841872.0838905,163,quasibinomial (logit),Full-time employed (Intercept),-2.27256094559375,0.0612497340865915,3.34874805752033e-80,-2.39261042440347,-2.15251146678403,66.495207819349,6.45804012019035e-28,13614,61165536.9719173
age_4lvl,40to64y,1999-2020,21.2,WTMEC.COMBN,gender,employ_status,copd_pft,23833,96841872.0838905,163,quasibinomial (logit),Part-time employed,0.123737808301595,0.11340280534004,0.276864045909949,-0.0985316901648829,0.346007306768074,66.495207819349,6.45804012019035e-28,1983,8618400.05707972
age_4lvl,40to64y,1999-2020,21.2,WTMEC.COMBN,gender,employ_status,copd_pft,23833,96841872.0838905,163,quasibinomial (logit),Student,0.305991624683874,0.483198625737548,0.527471964299099,-0.64107768176172,1.25306093112947,66.495207819349,6.45804012019035e-28,91,279854.252859396
age_4lvl,40to64y,1999-2020,21.2,WTMEC.COMBN,gender,employ_status,copd_pft,23833,96841872.0838905,163,quasibinomial (logit),Unemployed,0.847268507525468,0.0626261421326419,3.06633264074072e-28,0.72452126894549,0.970015746105446,66.495207819349,6.45804012019035e-28,8145,26778080.8020341
age_4lvl,under30y,1999-2020,21.2,WTMEC.COMBN,gender,employ_status,copd_pft,14398,48558630.2985282,163,quasibinomial (logit),Full-time employed (Intercept),-3.2584932697774,0.118893147634048,4.01523072053964e-62,-3.49152383914013,-3.02546270041466,1.31152162478631,0.272597145626503,6831,26689745.6672604
age_4lvl,under30y,1999-2020,21.2,WTMEC.COMBN,gender,employ_status,copd_pft,14398,48558630.2985282,163,quasibinomial (logit),Part-time employed,-0.00577494096458265,0.173647953928919,0.973511672394031,-0.346124930665263,0.334575048736098,1.31152162478631,0.272597145626503,2474,7972766.94477312
age_4lvl,under30y,1999-2020,21.2,WTMEC.COMBN,gender,employ_status,copd_pft,14398,48558630.2985282,163,quasibinomial (logit),Student,-0.269025238068297,0.258439794014993,0.299474822747855,-0.775567234337683,0.237516758201089,1.31152162478631,0.272597145626503,1601,4220661.39523598
age_4lvl,under30y,1999-2020,21.2,WTMEC.COMBN,gender,employ_status,copd_pft,14398,48558630.2985282,163,quasibinomial (logit),Unemployed,0.220920889134884,0.151794884937955,0.147532615025751,-0.0765970853435074,0.518438863613276,1.31152162478631,0.272597145626503,3492,9675456.2912587
age_4lvl,30to39y,1999-2020,21.2,WTMEC.COMBN,gender,employ_status,copd_pft,9826,40806382.9516583,163,quasibinomial (logit),Full-time employed (Intercept),-2.83607354726835,0.117023211452803,2.91320538546146e-55,-3.06543904171585,-2.60670805282086,4.47582172884415,0.00478894474599686,6473,28457302.314158
age_4lvl,30to39y,1999-2020,21.2,WTMEC.COMBN,gender,employ_status,copd_pft,9826,40806382.9516583,163,quasibinomial (logit),Part-time employed,0.168997611356166,0.216617420086276,0.436452841745051,-0.255572532012934,0.593567754725266,4.47582172884415,0.00478894474599686,881,3550623.49411045
age_4lvl,30to39y,1999-2020,21.2,WTMEC.COMBN,gender,employ_status,copd_pft,9826,40806382.9516583,163,quasibinomial (logit),Student,0.731895618117479,0.47869287104524,0.128264792334413,-0.206342409131192,1.67013364536615,4.47582172884415,0.00478894474599686,98,314010.539056453
age_4lvl,30to39y,1999-2020,21.2,WTMEC.COMBN,gender,employ_status,copd_pft,9826,40806382.9516583,163,quasibinomial (logit),Unemployed,0.513382923966913,0.149317072174708,0.000747657205684878,0.220721462504484,0.806044385429341,4.47582172884415,0.00478894474599686,2374,8484446.60433345
age_4lvl,40to64y,2007-2012,6,WTMEC.COMBN,gender,employ_status,pft_lt07,6100,86789055.6942313,49,quasibinomial (logit),Full-time employed (Intercept),-2.10053092520493,0.111208554395949,5.07547625097799e-23,-2.31849969182099,-1.88256215858887,8.59186276732472,0.000127814198510856,3512,55123254.5102837
age_4lvl,40to64y,2007-2012,6,WTMEC.COMBN,gender,employ_status,pft_lt07,6100,86789055.6942313,49,quasibinomial (logit),Part-time employed,0.212648627966969,0.185624397445596,0.258022618345002,-0.151175191026399,0.576472446960338,8.59186276732472,0.000127814198510856,541,8252877.51483567
age_4lvl,40to64y,2007-2012,6,WTMEC.COMBN,gender,employ_status,pft_lt07,6100,86789055.6942313,49,quasibinomial (logit),Student,-0.19251096313531,0.976492506005475,0.844601558444984,-2.10643627490604,1.72141434863542,8.59186276732472,0.000127814198510856,31,341040.918335667
age_4lvl,40to64y,2007-2012,6,WTMEC.COMBN,gender,employ_status,pft_lt07,6100,86789055.6942313,49,quasibinomial (logit),Unemployed,0.472997612384636,0.09954384702056,2.09301225750042e-05,0.277891672224338,0.668103552544933,8.59186276732472,0.000127814198510856,2016,23071882.7507763
age_4lvl,under30y,2007-2012,6,WTMEC.COMBN,gender,employ_status,pft_lt07,3321,44195542.3877033,49,quasibinomial (logit),Full-time employed (Intercept),-4.06453229564648,0.300452361202948,1.82736088585135e-17,-4.65341892360426,-3.4756456676887,0.242112256475285,0.866490503577803,1472,22707494.0607977
age_4lvl,under30y,2007-2012,6,WTMEC.COMBN,gender,employ_status,pft_lt07,3321,44195542.3877033,49,quasibinomial (logit),Part-time employed,-0.107454582285273,0.330686390854974,0.74672930918751,-0.755599908361022,0.540690743790477,0.242112256475285,0.866490503577803,576,7279610.993638
age_4lvl,under30y,2007-2012,6,WTMEC.COMBN,gender,employ_status,pft_lt07,3321,44195542.3877033,49,quasibinomial (logit),Student,-0.278310063865489,0.4729185795878,0.559142712536859,-1.20523047985758,0.648610352126599,0.242112256475285,0.866490503577803,475,5215652.70787233
age_4lvl,under30y,2007-2012,6,WTMEC.COMBN,gender,employ_status,pft_lt07,3321,44195542.3877033,49,quasibinomial (logit),Unemployed,-0.257295655667441,0.354644391475329,0.471899676379797,-0.952398662959086,0.437807351624205,0.242112256475285,0.866490503577803,798,8992784.62539533
age_4lvl,over65y,2007-2012,6,WTMEC.COMBN,gender,employ_status,pft_lt07,2260,22036728.3165037,49,quasibinomial (logit),Full-time employed (Intercept),-1.17235952511198,0.192984628507922,2.41703202988122e-07,-1.55060939698751,-0.794109653236452,156.475645207265,8.11302306425142e-24,302,3272626.958496
age_4lvl,over65y,2007-2012,6,WTMEC.COMBN,gender,employ_status,pft_lt07,2260,22036728.3165037,49,quasibinomial (logit),Part-time employed,0.303957762519982,0.243081845212464,0.217604361289368,-0.172482654096448,0.780398179136412,156.475645207265,8.11302306425142e-24,188,2169942.132827
age_4lvl,over65y,2007-2012,6,WTMEC.COMBN,gender,employ_status,pft_lt07,2260,22036728.3165037,49,quasibinomial (logit),Student,-12.5850050049579,0.648483063128764,1.70908492532159e-23,-13.8560318086903,-11.3139782012255,156.475645207265,8.11302306425142e-24,4,38816.1400136667
age_4lvl,over65y,2007-2012,6,WTMEC.COMBN,gender,employ_status,pft_lt07,2260,22036728.3165037,49,quasibinomial (logit),Unemployed,0.148327762490921,0.177075191768728,0.406652034371848,-0.198739613375786,0.495395138357628,156.475645207265,8.11302306425142e-24,1766,16555343.085167
age_4lvl,30to39y,2007-2012,6,WTMEC.COMBN,gender,employ_status,pft_lt07,2509,34488555.977671,49,quasibinomial (logit),Full-time employed (Intercept),-3.48167218847193,0.253627378792968,1.07248181855442e-17,-3.97878185090615,-2.98456252603771,0.662139430833807,0.579672007719073,1603,23601449.9842963
age_4lvl,30to39y,2007-2012,6,WTMEC.COMBN,gender,employ_status,pft_lt07,2509,34488555.977671,49,quasibinomial (logit),Part-time employed,0.292139349376522,0.380080393139583,0.446131163837946,-0.452818221177062,1.0370969199301,0.662139430833807,0.579672007719073,230,3098131.83290233
age_4lvl,30to39y,2007-2012,6,WTMEC.COMBN,gender,employ_status,pft_lt07,2509,34488555.977671,49,quasibinomial (logit),Student,0.845011305953705,0.728551177839733,0.252226234610181,-0.582949002612172,2.27297161451958,0.662139430833807,0.579672007719073,47,491572.028272333
age_4lvl,30to39y,2007-2012,6,WTMEC.COMBN,gender,employ_status,pft_lt07,2509,34488555.977671,49,quasibinomial (logit),Unemployed,0.24278018630572,0.210918018016504,0.255785413244412,-0.170619129006628,0.656179501618069,0.662139430833807,0.579672007719073,629,7297402.1322
age_4lvl,over65y,1999-2020,21.2,WTMEC.COMBN,gender,employ_status,nfs,12246,36270301.171367,163,gaussian (identity),Full-time employed (Intercept),-0.985518051980202,0.0543520595142275,1.52275383618275e-40,-1.09204808862809,-0.878988015332316,25.8369149463689,1.14233379766135e-13,1064,3534134.13881364
age_4lvl,over65y,1999-2020,21.2,WTMEC.COMBN,gender,employ_status,nfs,12246,36270301.171367,163,gaussian (identity),Part-time employed,0.0750273383014097,0.0635020823218154,0.239170610476967,-0.0494367430493484,0.199491419652168,25.8369149463689,1.14233379766135e-13,880,3109969.14309943
age_4lvl,over65y,1999-2020,21.2,WTMEC.COMBN,gender,employ_status,nfs,12246,36270301.171367,163,gaussian (identity),Student,-0.84117759963658,0.341790295484001,0.0149203177485961,-1.51108657878522,-0.171268620487938,25.8369149463689,1.14233379766135e-13,10,20276.7463937547
age_4lvl,over65y,1999-2020,21.2,WTMEC.COMBN,gender,employ_status,nfs,12246,36270301.171367,163,gaussian (identity),Unemployed,0.352060119409024,0.0518492846842369,2.11239253964766e-10,0.250435521427919,0.453684717390128,25.8369149463689,1.14233379766135e-13,10292,29605921.1430602
age_4lvl,40to64y,1999-2020,21.2,WTMEC.COMBN,gender,employ_status,nfs,21183,90940985.3544425,163,gaussian (identity),Full-time employed (Intercept),-2.13110256886782,0.0197130565324938,9.24173742904389e-151,-2.16974015967151,-2.09246497806414,72.0410938429606,1.78299643557732e-29,12263,58148736.3613396
age_4lvl,40to64y,1999-2020,21.2,WTMEC.COMBN,gender,employ_status,nfs,21183,90940985.3544425,163,gaussian (identity),Part-time employed,0.130643146484456,0.0423704280021816,0.00241374143066563,0.0475971076001803,0.213689185368732,72.0410938429606,1.78299643557732e-29,1800,8192214.65372176
age_4lvl,40to64y,1999-2020,21.2,WTMEC.COMBN,gender,employ_status,nfs,21183,90940985.3544425,163,gaussian (identity),Student,-0.297179451094812,0.196394783669097,0.132220681401195,-0.682113227086242,0.0877543248966186,72.0410938429606,1.78299643557732e-29,85,263793.941853076
age_4lvl,40to64y,1999-2020,21.2,WTMEC.COMBN,gender,employ_status,nfs,21183,90940985.3544425,163,gaussian (identity),Unemployed,0.373747033365475,0.026324709809672,4.51885466407889e-30,0.322150602138518,0.425343464592432,72.0410938429606,1.78299643557732e-29,7035,24336240.397528
age_4lvl,under30y,1999-2020,21.2,WTMEC.COMBN,gender,employ_status,nfs,12456,44210722.5365298,163,gaussian (identity),Full-time employed (Intercept),-3.26423129963468,0.022585324242176,1.31420231251553e-170,-3.30849853514934,-3.21996406412001,9.98133672052528,4.58071149848028e-06,5899,24510350.1406658
age_4lvl,under30y,1999-2020,21.2,WTMEC.COMBN,gender,employ_status,nfs,12456,44210722.5365298,163,gaussian (identity),Part-time employed,-0.0996749964403978,0.0346627372093436,0.00458607219824529,-0.167613961370711,-0.0317360315100844,9.98133672052528,4.58071149848028e-06,2168,7303534.22261349
age_4lvl,under30y,1999-2020,21.2,WTMEC.COMBN,gender,employ_status,nfs,12456,44210722.5365298,163,gaussian (identity),Student,-0.235553742362342,0.0458187852302957,7.93345276250952e-07,-0.325358561413722,-0.145748923310963,9.98133672052528,4.58071149848028e-06,1390,3763618.96856118
age_4lvl,under30y,1999-2020,21.2,WTMEC.COMBN,gender,employ_status,nfs,12456,44210722.5365298,163,gaussian (identity),Unemployed,0.0101729717239876,0.0334179872810371,0.761208999226944,-0.0553262833468452,0.0756722267948203,9.98133672052528,4.58071149848028e-06,2999,8633219.20468929
age_4lvl,30to39y,1999-2020,21.2,WTMEC.COMBN,gender,employ_status,nfs,8639,38127146.0979726,163,gaussian (identity),Full-time employed (Intercept),-2.74536036532845,0.0242477493311151,6.51811282374659e-154,-2.79288595401743,-2.69783477663946,4.7125749330133,0.00352593274840857,5696,26767062.7233681
age_4lvl,30to39y,1999-2020,21.2,WTMEC.COMBN,gender,employ_status,nfs,8639,38127146.0979726,163,gaussian (identity),Part-time employed,-0.100315564192368,0.0442780822916811,0.0248267847121608,-0.187100605484063,-0.0135305229006725,4.7125749330133,0.00352593274840857,785,3339037.25581877
age_4lvl,30to39y,1999-2020,21.2,WTMEC.COMBN,gender,employ_status,nfs,8639,38127146.0979726,163,gaussian (identity),Student,-0.290257413180389,0.0955067135734202,0.00277477270615264,-0.477450571784293,-0.103064254576486,4.7125749330133,0.00352593274840857,87,306160.477459208
age_4lvl,30to39y,1999-2020,21.2,WTMEC.COMBN,gender,employ_status,nfs,8639,38127146.0979726,163,gaussian (identity),Unemployed,0.0355069392961264,0.0396148075982601,0.371445045154061,-0.0421380835964634,0.113151962188716,4.7125749330133,0.00352593274840857,2071,7714885.64132647
age_4lvl,over65y,1999-2020,21.2,WTMEC.COMBN,gender,employ_status,nfs_mod_vs_low,10106,30679815.9453524,163,quasibinomial (logit),Full-time employed (Intercept),0.416970651225511,0.116617518184039,0.000463230867135858,0.188400315584795,0.645540986866227,8.92218598230266,1.6879800374129e-05,956,3188547.57043325
age_4lvl,over65y,1999-2020,21.2,WTMEC.COMBN,gender,employ_status,nfs_mod_vs_low,10106,30679815.9453524,163,quasibinomial (logit),Part-time employed,0.0644288233881887,0.131382013498633,0.624531856457994,-0.193079923069132,0.321937569845509,8.92218598230266,1.6879800374129e-05,762,2731355.87989228
age_4lvl,over65y,1999-2020,21.2,WTMEC.COMBN,gender,employ_status,nfs_mod_vs_low,10106,30679815.9453524,163,quasibinomial (logit),Student,-1.77745612838926,0.806859019604336,0.0290380586828879,-3.35889980681376,-0.196012449964763,8.92218598230266,1.6879800374129e-05,9,19577.9632668679
age_4lvl,over65y,1999-2020,21.2,WTMEC.COMBN,gender,employ_status,nfs_mod_vs_low,10106,30679815.9453524,163,quasibinomial (logit),Unemployed,0.421754388643451,0.112809131342034,0.000257709246322697,0.200648491213064,0.642860286073838,8.92218598230266,1.6879800374129e-05,8379,24740334.53176
age_4lvl,40to64y,1999-2020,21.2,WTMEC.COMBN,gender,employ_status,nfs_mod_vs_low,20250,87967698.6291812,163,quasibinomial (logit),Full-time employed (Intercept),-1.14835869313249,0.0388478355299589,1.70811585077524e-66,-1.22450045077121,-1.07221693549377,47.2507152116583,6.88352710670909e-22,11951,56874773.4391422
age_4lvl,40to64y,1999-2020,21.2,WTMEC.COMBN,gender,employ_status,nfs_mod_vs_low,20250,87967698.6291812,163,quasibinomial (logit),Part-time employed,0.205568943938572,0.0751950691699126,0.00697057141617868,0.0581866083655429,0.3529512795116,47.2507152116583,6.88352710670909e-22,1729,7913140.35516477
age_4lvl,40to64y,1999-2020,21.2,WTMEC.COMBN,gender,employ_status,nfs_mod_vs_low,20250,87967698.6291812,163,quasibinomial (logit),Student,-0.506513845816286,0.318340404982136,0.113571610287713,-1.13046103958127,0.117433347948701,47.2507152116583,6.88352710670909e-22,82,255859.842835623
age_4lvl,40to64y,1999-2020,21.2,WTMEC.COMBN,gender,employ_status,nfs_mod_vs_low,20250,87967698.6291812,163,quasibinomial (logit),Unemployed,0.507484127786276,0.0435668040012363,4.60162710971886e-23,0.422093191943853,0.592875063628699,47.2507152116583,6.88352710670909e-22,6488,22923924.9920386
age_4lvl,under30y,1999-2020,21.2,WTMEC.COMBN,gender,employ_status,nfs_mod_vs_low,12441,44153701.8428169,163,quasibinomial (logit),Full-time employed (Intercept),-3.04253085100314,0.0998352236692579,2.76171957989805e-68,-3.23820788939488,-2.84685381261139,3.83383586386306,0.0109966211311889,5893,24491936.5439148
age_4lvl,under30y,1999-2020,21.2,WTMEC.COMBN,gender,employ_status,nfs_mod_vs_low,12441,44153701.8428169,163,quasibinomial (logit),Part-time employed,-0.200582845239735,0.2029290784201,0.324439889732364,-0.598323838943131,0.197158148463662,3.83383586386306,0.0109966211311889,2165,7288599.2409409
age_4lvl,under30y,1999-2020,21.2,WTMEC.COMBN,gender,employ_status,nfs_mod_vs_low,12441,44153701.8428169,163,quasibinomial (logit),Student,-0.600961869328449,0.24449817664003,0.0150469720429491,-1.08017829554291,-0.121745443113991,3.83383586386306,0.0109966211311889,1390,3763618.96856118
age_4lvl,under30y,1999-2020,21.2,WTMEC.COMBN,gender,employ_status,nfs_mod_vs_low,12441,44153701.8428169,163,quasibinomial (logit),Unemployed,0.261993569588282,0.13259038022609,0.0498894034665893,0.00211642434514564,0.521870714831419,3.83383586386306,0.0109966211311889,2993,8609547.08940001
age_4lvl,30to39y,1999-2020,21.2,WTMEC.COMBN,gender,employ_status,nfs_mod_vs_low,8590,37946442.5692539,163,quasibinomial (logit),Full-time employed (Intercept),-1.99262373994544,0.0662403954961346,1.61216792614376e-67,-2.12245491511786,-1.86279256477301,3.97723709730769,0.00913249331221575,5675,26684870.3846508
age_4lvl,30to39y,1999-2020,21.2,WTMEC.COMBN,gender,employ_status,nfs_mod_vs_low,8590,37946442.5692539,163,quasibinomial (logit),Part-time employed,-0.323272913487979,0.158000389436404,0.04240119011727,-0.632953676783331,-0.0135921501926276,3.97723709730769,0.00913249331221575,781,3329078.28365387
age_4lvl,30to39y,1999-2020,21.2,WTMEC.COMBN,gender,employ_status,nfs_mod_vs_low,8590,37946442.5692539,163,quasibinomial (logit),Student,-1.13347317278666,0.540117893579463,0.0374355811274419,-2.19210424420241,-0.0748421013709137,3.97723709730769,0.00913249331221575,87,306160.477459208
age_4lvl,30to39y,1999-2020,21.2,WTMEC.COMBN,gender,employ_status,nfs_mod_vs_low,8590,37946442.5692539,163,quasibinomial (logit),Unemployed,0.186902323417395,0.105087768008279,0.0772268927345525,-0.0190697018788316,0.392874348713622,3.97723709730769,0.00913249331221575,2047,7626333.42349004
age_4lvl,40to64y,1999-2020,21.2,WTMEC.COMBN,gender,employ_status,nfs_high_vs_low,14181,64737414.570323,163,quasibinomial (logit),Full-time employed (Intercept),-3.73606471224854,0.0955781016637218,1.89677669077949e-83,-3.92339779150944,-3.54873163298765,49.9801070156809,8.25229415586742e-23,8607,42761878.2210794
age_4lvl,40to64y,1999-2020,21.2,WTMEC.COMBN,gender,employ_status,nfs_high_vs_low,14181,64737414.570323,163,quasibinomial (logit),Part-time employed,0.620633213213879,0.204700223859971,0.00283822028494784,0.219420774448336,1.02184565197942,49.9801070156809,8.25229415586742e-23,1221,5846013.34066194
age_4lvl,40to64y,1999-2020,21.2,WTMEC.COMBN,gender,employ_status,nfs_high_vs_low,14181,64737414.570323,163,quasibinomial (logit),Student,0.289395574625145,0.610086620661834,0.635899988893562,-0.906374201872049,1.48516535112234,49.9801070156809,8.25229415586742e-23,69,219383.997322
age_4lvl,40to64y,1999-2020,21.2,WTMEC.COMBN,gender,employ_status,nfs_high_vs_low,14181,64737414.570323,163,quasibinomial (logit),Unemployed,1.25226475900436,0.103635919559137,2.9251884340555e-24,1.04913835666845,1.45539116134026,49.9801070156809,8.25229415586742e-23,4284,15910139.0112597
age_4lvl,under30y,1999-2020,21.2,WTMEC.COMBN,gender,employ_status,nfs_high_vs_low,11940,42743324.0693597,163,quasibinomial (logit),Full-time employed (Intercept),-6.70712326649008,0.448082911092677,3.60474281836123e-32,-7.58536577223172,-5.82888076074843,663.339605052858,1.21948523429345e-89,5672,23730167.2330618
age_4lvl,under30y,1999-2020,21.2,WTMEC.COMBN,gender,employ_status,nfs_high_vs_low,11940,42743324.0693597,163,quasibinomial (logit),Part-time employed,0.852432333690111,0.866063031514416,0.326482407792722,-0.845051208078145,2.54991587545837,663.339605052858,1.21948523429345e-89,2104,7089614.7940897
age_4lvl,under30y,1999-2020,21.2,WTMEC.COMBN,gender,employ_status,nfs_high_vs_low,11940,42743324.0693597,163,quasibinomial (logit),Student,-14.5020031038709,0.559073273974788,5.16965882895288e-59,-15.5977867208615,-13.4062194868803,663.339605052858,1.21948523429345e-89,1358,3692657.37823822
age_4lvl,under30y,1999-2020,21.2,WTMEC.COMBN,gender,employ_status,nfs_high_vs_low,11940,42743324.0693597,163,quasibinomial (logit),Unemployed,1.14388870209421,0.69409951106867,0.101323594180116,-0.216546339600383,2.50432374378881,663.339605052858,1.21948523429345e-89,2806,8230884.66396996
age_4lvl,30to39y,1999-2020,21.2,WTMEC.COMBN,gender,employ_status,nfs_high_vs_low,7677,34363178.8879875,163,quasibinomial (logit),Full-time employed (Intercept),-5.63321623265026,0.372667186238855,1.43748175245271e-32,-6.36364391767841,-4.9027885476221,1356.27152248047,5.38660180769395e-113,5111,24254800.6303587
age_4lvl,30to39y,1999-2020,21.2,WTMEC.COMBN,gender,employ_status,nfs_high_vs_low,7677,34363178.8879875,163,quasibinomial (logit),Part-time employed,-0.0729254888471196,0.566833427760502,0.897793884543422,-1.1839190072577,1.03806802956346,1356.27152248047,5.38660180769395e-113,703,3066549.49920057
age_4lvl,30to39y,1999-2020,21.2,WTMEC.COMBN,gender,employ_status,nfs_high_vs_low,7677,34363178.8879875,163,quasibinomial (logit),Student,-12.8848902614735,0.300629127440718,2.93345082437243e-89,-13.4741233512573,-12.2956571716897,1356.27152248047,5.38660180769395e-113,83,295331.833848132
age_4lvl,30to39y,1999-2020,21.2,WTMEC.COMBN,gender,employ_status,nfs_high_vs_low,7677,34363178.8879875,163,quasibinomial (logit),Unemployed,1.33674079012507,0.461035561646688,0.00426738772508285,0.433111089297558,2.24037049095257,1356.27152248047,5.38660180769395e-113,1780,6746496.92458015
age_4lvl,over65y,1999-2020,21.2,WTMEC.COMBN,gender,employ_status,nfs_high_vs_low,4679,14038530.3645834,163,quasibinomial (logit),Full-time employed (Intercept),-1.46563182385886,0.174210362396274,2.17451367144874e-14,-1.80708413415556,-1.12417951356216,17.9691567273344,4.30578485837023e-10,394,1388938.34782328
age_4lvl,over65y,1999-2020,21.2,WTMEC.COMBN,gender,employ_status,nfs_high_vs_low,4679,14038530.3645834,163,quasibinomial (logit),Part-time employed,0.321861298930531,0.198228413451189,0.1064230774458,-0.0666663914337991,0.710388989294861,17.9691567273344,4.30578485837023e-10,365,1277508.49183874
age_4lvl,over65y,1999-2020,21.2,WTMEC.COMBN,gender,employ_status,nfs_high_vs_low,4679,14038530.3645834,163,quasibinomial (logit),Student,-1.79348310730526,1.10393248293314,0.106221851035398,-3.95719077385422,0.370224559243706,17.9691567273344,4.30578485837023e-10,6,15940.7991036604
age_4lvl,over65y,1999-2020,21.2,WTMEC.COMBN,gender,employ_status,nfs_high_vs_low,4679,14038530.3645834,163,quasibinomial (logit),Unemployed,0.943829840316216,0.166146202963727,6.23178177961087e-08,0.618183282507311,1.26947639812512,17.9691567273344,4.30578485837023e-10,3914,11356142.7258177
age_4lvl,under30y,2017-2020,3.2,WTMEC.COMBN,gender,employ_status,liver_cap_any,1555,48159983.749966,25,quasibinomial (logit),Full-time employed (Intercept),-0.504341312157855,0.149381745786525,0.00285305365010284,-0.797129533899444,-0.211553090416265,1.42694047272638,0.263030986935309,803,28178438.573313
age_4lvl,under30y,2017-2020,3.2,WTMEC.COMBN,gender,employ_status,liver_cap_any,1555,48159983.749966,25,quasibinomial (logit),Part-time employed,-0.202105475951683,0.233545223698896,0.396608763136949,-0.65985411440152,0.255643162498154,1.42694047272638,0.263030986935309,287,8855646.748641
age_4lvl,under30y,2017-2020,3.2,WTMEC.COMBN,gender,employ_status,liver_cap_any,1555,48159983.749966,25,quasibinomial (logit),Student,-0.361850309140278,0.330599277591413,0.286118946443954,-1.00982489321945,0.286124274938891,1.42694047272638,0.263030986935309,145,3001022.542919
age_4lvl,under30y,2017-2020,3.2,WTMEC.COMBN,gender,employ_status,liver_cap_any,1555,48159983.749966,25,quasibinomial (logit),Unemployed,-0.354505042125989,0.194301452157355,0.0823365172398792,-0.735335888354404,0.0263258041024259,1.42694047272638,0.263030986935309,320,8124875.885093
age_4lvl,40to64y,2017-2020,3.2,WTMEC.COMBN,gender,employ_status,liver_cap_any,3468,95752870.571985,25,quasibinomial (logit),Full-time employed (Intercept),0.468136798902099,0.131884507295202,0.00189673499566953,0.209643164603502,0.726630433200695,0.996728122475363,0.413701225361916,2036,61712461.931505
age_4lvl,40to64y,2017-2020,3.2,WTMEC.COMBN,gender,employ_status,liver_cap_any,3468,95752870.571985,25,quasibinomial (logit),Part-time employed,0.157054361865325,0.195122433948646,0.429895739157687,-0.225385608674021,0.539494332404672,0.996728122475363,0.413701225361916,285,8250708.677904
age_4lvl,40to64y,2017-2020,3.2,WTMEC.COMBN,gender,employ_status,liver_cap_any,3468,95752870.571985,25,quasibinomial (logit),Student,-0.823406724974747,0.790471083766924,0.309411185283019,-2.37273004915792,0.725916599208423,0.996728122475363,0.413701225361916,12,283262.403683
age_4lvl,40to64y,2017-2020,3.2,WTMEC.COMBN,gender,employ_status,liver_cap_any,3468,95752870.571985,25,quasibinomial (logit),Unemployed,0.0599848030402497,0.193107667710772,0.759144926767839,-0.318506225672863,0.438475831753362,0.996728122475363,0.413701225361916,1135,25506437.558893
age_4lvl,30to39y,2017-2020,3.2,WTMEC.COMBN,gender,employ_status,liver_cap_any,1203,38912907.939,25,quasibinomial (logit),Full-time employed (Intercept),0.138952734823573,0.121840146722329,0.266938630865881,-0.0998539527521922,0.377759422399337,3.64471234104585,0.0292850634842083,826,28496253.598441
age_4lvl,30to39y,2017-2020,3.2,WTMEC.COMBN,gender,employ_status,liver_cap_any,1203,38912907.939,25,quasibinomial (logit),Part-time employed,-0.499384019317169,0.212670421461418,0.0287395099353746,-0.916218045381548,-0.0825499932527909,3.64471234104585,0.0292850634842083,114,3302949.821965
age_4lvl,30to39y,2017-2020,3.2,WTMEC.COMBN,gender,employ_status,liver_cap_any,1203,38912907.939,25,quasibinomial (logit),Student,-0.502641182378256,0.499186454739298,0.325434961559273,-1.48104663366728,0.475764268910767,3.64471234104585,0.0292850634842083,10,184332.471081
age_4lvl,30to39y,2017-2020,3.2,WTMEC.COMBN,gender,employ_status,liver_cap_any,1203,38912907.939,25,quasibinomial (logit),Unemployed,-0.247445430002567,0.179727311253065,0.183081385189062,-0.599710960058575,0.10482010005344,3.64471234104585,0.0292850634842083,253,6929372.047513
age_4lvl,over65y,2017-2020,3.2,WTMEC.COMBN,gender,employ_status,liver_cap_any,1868,44096049.572733,25,quasibinomial (logit),Full-time employed (Intercept),0.0940099541819851,0.260642208494545,0.721937104817559,-0.416848774467324,0.604868682831294,39.0319268694069,9.05780953307957e-09,202,5063824.128639
age_4lvl,over65y,2017-2020,3.2,WTMEC.COMBN,gender,employ_status,liver_cap_any,1868,44096049.572733,25,quasibinomial (logit),Part-time employed,0.522106255105597,0.423164243138359,0.230902989663403,-0.307295661445587,1.35150817165678,39.0319268694069,9.05780953307957e-09,175,4717112.386299
age_4lvl,over65y,2017-2020,3.2,WTMEC.COMBN,gender,employ_status,liver_cap_any,1868,44096049.572733,25,quasibinomial (logit),Student,11.2018479089116,1.04434334758105,5.59879561417005e-10,9.1549349476527,13.2487608701704,39.0319268694069,9.05780953307957e-09,1,8015.885703
age_4lvl,over65y,2017-2020,3.2,WTMEC.COMBN,gender,employ_status,liver_cap_any,1868,44096049.572733,25,quasibinomial (logit),Unemployed,0.687745689267144,0.246862726733888,0.0110729248469025,0.203894744868725,1.17159663366556,39.0319268694069,9.05780953307957e-09,1490,34307097.172092
age_4lvl,under30y,2017-2020,3.2,WTMEC.COMBN,gender,employ_status,liver_cap_mod_sev,1555,48159983.749966,25,quasibinomial (logit),Full-time employed (Intercept),-1.05850002915644,0.203812148415623,3.80074521951592e-05,-1.45797184005106,-0.659028218261817,0.613930039916855,0.613547164799115,803,28178438.573313
age_4lvl,under30y,2017-2020,3.2,WTMEC.COMBN,gender,employ_status,liver_cap_mod_sev,1555,48159983.749966,25,quasibinomial (logit),Part-time employed,-0.311100058213756,0.295283545381014,0.30405465311514,-0.889855807160543,0.267655690733031,0.613930039916855,0.613547164799115,287,8855646.748641
age_4lvl,under30y,2017-2020,3.2,WTMEC.COMBN,gender,employ_status,liver_cap_mod_sev,1555,48159983.749966,25,quasibinomial (logit),Student,-0.476121487610865,0.375222960942257,0.218360597839349,-1.21155849105769,0.259315515835958,0.613930039916855,0.613547164799115,145,3001022.542919
age_4lvl,under30y,2017-2020,3.2,WTMEC.COMBN,gender,employ_status,liver_cap_mod_sev,1555,48159983.749966,25,quasibinomial (logit),Unemployed,-0.129307267798795,0.196071310366448,0.516748279846885,-0.513607036117033,0.254992500519443,0.613930039916855,0.613547164799115,320,8124875.885093
age_4lvl,40to64y,2017-2020,3.2,WTMEC.COMBN,gender,employ_status,liver_cap_mod_sev,3468,95752870.571985,25,quasibinomial (logit),Full-time employed (Intercept),-0.20618167344983,0.132365969073992,0.134256482625681,-0.465618972834854,0.0532556259351948,0.56206115555358,0.645969059417432,2036,61712461.931505
age_4lvl,40to64y,2017-2020,3.2,WTMEC.COMBN,gender,employ_status,liver_cap_mod_sev,3468,95752870.571985,25,quasibinomial (logit),Part-time employed,0.0750664351794216,0.189059528787666,0.695335749317204,-0.295490241244404,0.445623111603247,0.56206115555358,0.645969059417432,285,8250708.677904
age_4lvl,40to64y,2017-2020,3.2,WTMEC.COMBN,gender,employ_status,liver_cap_mod_sev,3468,95752870.571985,25,quasibinomial (logit),Student,-0.531266079504964,0.77850777018078,0.502434764069929,-2.05714130905929,0.994609150049366,0.56206115555358,0.645969059417432,12,283262.403683
age_4lvl,40to64y,2017-2020,3.2,WTMEC.COMBN,gender,employ_status,liver_cap_mod_sev,3468,95752870.571985,25,quasibinomial (logit),Unemployed,0.178804570736828,0.215978883273707,0.417048089551348,-0.244514040479639,0.602123181953294,0.56206115555358,0.645969059417432,1135,25506437.558893
age_4lvl,30to39y,2017-2020,3.2,WTMEC.COMBN,gender,employ_status,liver_cap_mod_sev,1203,38912907.939,25,quasibinomial (logit),Full-time employed (Intercept),-0.646001332426103,0.0945408969808637,9.35269804534284e-07,-0.831301490508595,-0.46070117434361,0.675959014162697,0.576424277125011,826,28496253.598441
age_4lvl,30to39y,2017-2020,3.2,WTMEC.COMBN,gender,employ_status,liver_cap_mod_sev,1203,38912907.939,25,quasibinomial (logit),Part-time employed,-0.206873316027656,0.206332830864868,0.327458220905171,-0.611285664522797,0.197539032467486,0.675959014162697,0.576424277125011,114,3302949.821965
age_4lvl,30to39y,2017-2020,3.2,WTMEC.COMBN,gender,employ_status,liver_cap_mod_sev,1203,38912907.939,25,quasibinomial (logit),Student,-0.540719123220202,0.652279327818239,0.416445403569348,-1.81918660574395,0.737748359303546,0.675959014162697,0.576424277125011,10,184332.471081
age_4lvl,30to39y,2017-2020,3.2,WTMEC.COMBN,gender,employ_status,liver_cap_mod_sev,1203,38912907.939,25,quasibinomial (logit),Unemployed,0.0461277105432815,0.143863941252715,0.751656364790845,-0.23584561431204,0.328101035398603,0.675959014162697,0.576424277125011,253,6929372.047513
age_4lvl,over65y,2017-2020,3.2,WTMEC.COMBN,gender,employ_status,liver_cap_mod_sev,1868,44096049.572733,25,quasibinomial (logit),Full-time employed (Intercept),-0.383804028344203,0.252963379030579,0.144118911682896,-0.879612251244138,0.112004194555731,42.4859619704029,4.26103215194725e-09,202,5063824.128639
age_4lvl,over65y,2017-2020,3.2,WTMEC.COMBN,gender,employ_status,liver_cap_mod_sev,1868,44096049.572733,25,quasibinomial (logit),Part-time employed,0.340206831041257,0.38558339114768,0.3875936682443,-0.415536615608196,1.09595027769071,42.4859619704029,4.26103215194725e-09,175,4717112.386299
age_4lvl,over65y,2017-2020,3.2,WTMEC.COMBN,gender,employ_status,liver_cap_mod_sev,1868,44096049.572733,25,quasibinomial (logit),Student,11.6796618914372,1.04173289936668,2.5221936280755e-10,9.63786540867845,13.7214583741959,42.4859619704029,4.26103215194725e-09,1,8015.885703
age_4lvl,over65y,2017-2020,3.2,WTMEC.COMBN,gender,employ_status,liver_cap_mod_sev,1868,44096049.572733,25,quasibinomial (logit),Unemployed,0.350567513341905,0.251398388645343,0.177754148331715,-0.142173328402967,0.843308355086778,42.4859619704029,4.26103215194725e-09,1490,34307097.172092
