strata_var,strata_level,cycle_yrs,n_yrs.,survweight.,model_covars,exposure,outcome,n_total_raw,n_total_weighted,model_df,model_type,exp_level,beta,se,pval,low95CI,up95CI,fstat,f_pval,n_exp_raw,n_exp_weighted
racethn_combn,NHW,1999-2020,21.2,WTMEC.COMBN,age+gender,employ_status,smoke_current,18016,107255186.113165,161,quasibinomial (logit),Full-time employed (Intercept),-0.0538796387499408,0.0858359760671163,0.531115215494199,-0.222118151841489,0.114358874341607,73.1398714980075,1.37182222123343e-29,8160,59111926.0634367
racethn_combn,NHW,1999-2020,21.2,WTMEC.COMBN,age+gender,employ_status,smoke_current,18016,107255186.113165,161,quasibinomial (logit),Part-time employed,-0.133760794107237,0.0623970631673541,0.033606349555198,-0.256059037915251,-0.0114625502992232,73.1398714980075,1.37182222123343e-29,1890,11503957.9332942
racethn_combn,NHW,1999-2020,21.2,WTMEC.COMBN,age+gender,employ_status,smoke_current,18016,107255186.113165,161,quasibinomial (logit),Student,-0.931632026515553,0.164918112140042,7.45478559942983e-08,-1.25487152631004,-0.60839252672107,73.1398714980075,1.37182222123343e-29,296,1787991.89842849
racethn_combn,NHW,1999-2020,21.2,WTMEC.COMBN,age+gender,employ_status,smoke_current,18016,107255186.113165,161,quasibinomial (logit),Unemployed,0.569891920146017,0.052738571235494,1.14025092942936e-20,0.466524320524449,0.673259519767585,73.1398714980075,1.37182222123343e-29,7670,34851310.2180062
racethn_combn,NHB,1999-2020,21.2,WTMEC.COMBN,age+gender,employ_status,smoke_current,10509,21164845.5136198,145,quasibinomial (logit),Full-time employed (Intercept),-1.64405116280851,0.0823765682542299,8.89246222773945e-43,-1.8055092365868,-1.48259308903022,63.5708272789959,5.33867510398283e-26,5139,11355539.0350672
racethn_combn,NHB,1999-2020,21.2,WTMEC.COMBN,age+gender,employ_status,smoke_current,10509,21164845.5136198,145,quasibinomial (logit),Part-time employed,0.151667400550073,0.103737520935111,0.145973992430339,-0.0516581404827451,0.354992941582891,63.5708272789959,5.33867510398283e-26,913,1907718.98682606
racethn_combn,NHB,1999-2020,21.2,WTMEC.COMBN,age+gender,employ_status,smoke_current,10509,21164845.5136198,145,quasibinomial (logit),Student,-0.412622839890115,0.255433401460323,0.108479120214609,-0.913272306752349,0.0880266269721182,63.5708272789959,5.33867510398283e-26,242,495254.209228623
racethn_combn,NHB,1999-2020,21.2,WTMEC.COMBN,age+gender,employ_status,smoke_current,10509,21164845.5136198,145,quasibinomial (logit),Unemployed,0.732887923729738,0.0542327347366761,3.71346563075595e-27,0.626591763645853,0.839184083813623,63.5708272789959,5.33867510398283e-26,4215,7406333.28249796
racethn_combn,Mexican-American,1999-2020,21.2,WTMEC.COMBN,age+gender,employ_status,smoke_current,7905,14739419.8945737,140,quasibinomial (logit),Full-time employed (Intercept),-2.11347298640206,0.0994745025186482,6.85246896423294e-45,-2.30844301133861,-1.91850296146551,1.0202908638456,0.385827237551208,3992,8639486.48248162
racethn_combn,Mexican-American,1999-2020,21.2,WTMEC.COMBN,age+gender,employ_status,smoke_current,7905,14739419.8945737,140,quasibinomial (logit),Part-time employed,-0.0393326276758563,0.142708952138267,0.783265751926327,-0.319042173866859,0.240376918515147,1.0202908638456,0.385827237551208,673,1401077.93996415
racethn_combn,Mexican-American,1999-2020,21.2,WTMEC.COMBN,age+gender,employ_status,smoke_current,7905,14739419.8945737,140,quasibinomial (logit),Student,-0.394971046067994,0.335305573781275,0.240891410829256,-1.05216997067929,0.262227878543305,1.0202908638456,0.385827237551208,139,324552.640948491
racethn_combn,Mexican-American,1999-2020,21.2,WTMEC.COMBN,age+gender,employ_status,smoke_current,7905,14739419.8945737,140,quasibinomial (logit),Unemployed,0.102945152317398,0.0911823984513563,0.260899012568164,-0.0757723486472603,0.281662653282056,1.0202908638456,0.385827237551208,3101,4374302.83117947
racethn_combn,Other Hispanic,1999-2020,21.2,WTMEC.COMBN,age+gender,employ_status,smoke_current,3974,10473381.0467414,132,quasibinomial (logit),Full-time employed (Intercept),-1.36019374313686,0.179277606025141,6.11329238737843e-12,-1.71157785094614,-1.00880963532758,3.75026929753682,0.0127279843860725,1931,5859816.58634615
racethn_combn,Other Hispanic,1999-2020,21.2,WTMEC.COMBN,age+gender,employ_status,smoke_current,3974,10473381.0467414,132,quasibinomial (logit),Part-time employed,-0.118461620603535,0.16789464789106,0.48174704542698,-0.447535130470013,0.210611889262943,3.75026929753682,0.0127279843860725,379,972653.217415906
racethn_combn,Other Hispanic,1999-2020,21.2,WTMEC.COMBN,age+gender,employ_status,smoke_current,3974,10473381.0467414,132,quasibinomial (logit),Student,-0.117483646713218,0.337454667277121,0.72830660391213,-0.778894794576375,0.543927501149938,3.75026929753682,0.0127279843860725,84,241781.193644453
racethn_combn,Other Hispanic,1999-2020,21.2,WTMEC.COMBN,age+gender,employ_status,smoke_current,3974,10473381.0467414,132,quasibinomial (logit),Unemployed,0.371905647319646,0.131885870239182,0.00557528587800754,0.113409341650849,0.630401952988443,3.75026929753682,0.0127279843860725,1580,3399130.04933489
racethn_combn,Other/Multi-Racial/NHAsian,1999-2020,21.2,WTMEC.COMBN,age+gender,employ_status,smoke_current,1123,5381967.01628877,82,quasibinomial (logit),Full-time employed (Intercept),-1.35201543210956,0.306559763774654,3.30776272951595e-05,-1.95287256910789,-0.751158295111242,0.454241658408195,0.715050682281473,566,3120439.13610349
racethn_combn,Other/Multi-Racial/NHAsian,1999-2020,21.2,WTMEC.COMBN,age+gender,employ_status,smoke_current,1123,5381967.01628877,82,quasibinomial (logit),Part-time employed,-0.155986629686075,0.26725067204044,0.561147154037715,-0.679797946885339,0.367824687513188,0.454241658408195,0.715050682281473,103,449362.885015755
racethn_combn,Other/Multi-Racial/NHAsian,1999-2020,21.2,WTMEC.COMBN,age+gender,employ_status,smoke_current,1123,5381967.01628877,82,quasibinomial (logit),Student,-0.400333439708986,0.457771530954344,0.384551049928533,-1.2975656403795,0.496898760961529,0.454241658408195,0.715050682281473,40,161892.693570943
racethn_combn,Other/Multi-Racial/NHAsian,1999-2020,21.2,WTMEC.COMBN,age+gender,employ_status,smoke_current,1123,5381967.01628877,82,quasibinomial (logit),Unemployed,0.0189293438110537,0.216676257661776,0.930610304379735,-0.405756121206028,0.443614808828135,0.454241658408195,0.715050682281473,414,1650272.30159859
racethn_combn,NHAsian,1999-2020,21.2,WTMEC.COMBN,age+gender,employ_status,smoke_current,2905,5061032.29068106,70,quasibinomial (logit),Full-time employed (Intercept),-3.31135421260019,0.258717829386448,1.99602447535153e-19,-3.81844115819763,-2.80426726700276,0.141758659917895,0.934582989964436,1519,2713973.92945406
racethn_combn,NHAsian,1999-2020,21.2,WTMEC.COMBN,age+gender,employ_status,smoke_current,2905,5061032.29068106,70,quasibinomial (logit),Part-time employed,-0.107934717333582,0.238892257781191,0.652907502674287,-0.576163542584715,0.360294107917552,0.141758659917895,0.934582989964436,333,574472.450033302
racethn_combn,NHAsian,1999-2020,21.2,WTMEC.COMBN,age+gender,employ_status,smoke_current,2905,5061032.29068106,70,quasibinomial (logit),Student,-0.117449398031698,0.381511543443508,0.759178668266898,-0.865212023180974,0.630313227117578,0.141758659917895,0.934582989964436,174,261220.555339679
racethn_combn,NHAsian,1999-2020,21.2,WTMEC.COMBN,age+gender,employ_status,smoke_current,2905,5061032.29068106,70,quasibinomial (logit),Unemployed,0.0501158177825713,0.200660966338032,0.803565459439713,-0.343179676239971,0.443411311805114,0.141758659917895,0.934582989964436,879,1511365.35585402
racethn_combn,Other/Multi-Racial,1999-2020,21.2,WTMEC.COMBN,age+gender,employ_status,smoke_current,807,2605221.73267962,68,quasibinomial (logit),Full-time employed (Intercept),-0.992044813009817,0.269341081149331,0.00048026684001926,-1.51995333206251,-0.464136293957128,4.99354989979557,0.0035970426120086,358,1284065.73902766
racethn_combn,Other/Multi-Racial,1999-2020,21.2,WTMEC.COMBN,age+gender,employ_status,smoke_current,807,2605221.73267962,68,quasibinomial (logit),Part-time employed,-0.0820825490603117,0.361966914835587,0.821338281778939,-0.791537702138063,0.627372604017439,4.99354989979557,0.0035970426120086,110,376400.654740359
racethn_combn,Other/Multi-Racial,1999-2020,21.2,WTMEC.COMBN,age+gender,employ_status,smoke_current,807,2605221.73267962,68,quasibinomial (logit),Student,-2.21691178863598,0.612853922369012,0.000593306164226527,-3.41810547647925,-1.01571810079272,4.99354989979557,0.0035970426120086,34,72634.6423607925
racethn_combn,Other/Multi-Racial,1999-2020,21.2,WTMEC.COMBN,age+gender,employ_status,smoke_current,807,2605221.73267962,68,quasibinomial (logit),Unemployed,0.246112168518009,0.259275047784457,0.346129866200578,-0.262066925139527,0.754291262175545,4.99354989979557,0.0035970426120086,305,872120.696550812
racethn_combn,NHW,1999-2020,21.2,WTMEC.COMBN,age+gender,employ_status,smoke_ever,25858,149169214.366533,162,quasibinomial (logit),Full-time employed (Intercept),-0.440319601550606,0.0712488248797282,5.29272706684278e-09,-0.579967298314874,-0.300671904786339,43.6788733780858,1.39843641107907e-20,10815,79078333.0016757
racethn_combn,NHW,1999-2020,21.2,WTMEC.COMBN,age+gender,employ_status,smoke_ever,25858,149169214.366533,162,quasibinomial (logit),Part-time employed,-0.0349686121952546,0.0498260453519141,0.483834293321996,-0.132627661085006,0.062690436694497,43.6788733780858,1.39843641107907e-20,2551,15351264.8125336
racethn_combn,NHW,1999-2020,21.2,WTMEC.COMBN,age+gender,employ_status,smoke_ever,25858,149169214.366533,162,quasibinomial (logit),Student,-0.794642676579015,0.14603872290433,1.99399358012655e-07,-1.0808785734715,-0.508406779686528,43.6788733780858,1.39843641107907e-20,334,1986985.57175234
racethn_combn,NHW,1999-2020,21.2,WTMEC.COMBN,age+gender,employ_status,smoke_ever,25858,149169214.366533,162,quasibinomial (logit),Unemployed,0.380847002084715,0.041510555061428,2.46565396240471e-16,0.299486314164316,0.462207690005114,43.6788733780858,1.39843641107907e-20,12158,52752630.9805712
racethn_combn,NHB,1999-2020,21.2,WTMEC.COMBN,age+gender,employ_status,smoke_ever,12892,24957030.1030755,153,quasibinomial (logit),Full-time employed (Intercept),-1.84024895456028,0.0757971913950933,1.78300595790345e-53,-1.98881144969466,-1.6916864594259,53.912642974366,1.30791172454503e-23,5990,12974133.4883548
racethn_combn,NHB,1999-2020,21.2,WTMEC.COMBN,age+gender,employ_status,smoke_ever,12892,24957030.1030755,153,quasibinomial (logit),Part-time employed,0.152755753649878,0.0878972247932493,0.0843101003268183,-0.0195228069448911,0.325034314244646,53.912642974366,1.30791172454503e-23,1074,2191190.14896847
racethn_combn,NHB,1999-2020,21.2,WTMEC.COMBN,age+gender,employ_status,smoke_ever,12892,24957030.1030755,153,quasibinomial (logit),Student,-0.42910106175672,0.228518622106176,0.0623828457257926,-0.876997561084826,0.0187954375713847,53.912642974366,1.30791172454503e-23,251,513991.377538623
racethn_combn,NHB,1999-2020,21.2,WTMEC.COMBN,age+gender,employ_status,smoke_ever,12892,24957030.1030755,153,quasibinomial (logit),Unemployed,0.568912083126013,0.0459668541367492,1.33787786674698e-24,0.478817049017984,0.659007117234041,53.912642974366,1.30791172454503e-23,5577,9277715.08821362
racethn_combn,Mexican-American,1999-2020,21.2,WTMEC.COMBN,age+gender,employ_status,smoke_ever,10122,18180971.0107081,142,quasibinomial (logit),Full-time employed (Intercept),-2.03679073998833,0.0859953915058965,2.76605590659084e-50,-2.20534170733989,-1.86823977263677,1.17507035797017,0.321637645602776,5059,10717734.5061885
racethn_combn,Mexican-American,1999-2020,21.2,WTMEC.COMBN,age+gender,employ_status,smoke_ever,10122,18180971.0107081,142,quasibinomial (logit),Part-time employed,0.0409427698803771,0.116691818847341,0.726230536665389,-0.187773195060411,0.269658734821165,1.17507035797017,0.321637645602776,828,1682106.42963243
racethn_combn,Mexican-American,1999-2020,21.2,WTMEC.COMBN,age+gender,employ_status,smoke_ever,10122,18180971.0107081,142,quasibinomial (logit),Student,-0.458098623275704,0.262607001196617,0.0833274243920417,-0.972808345621073,0.0566110990696659,1.17507035797017,0.321637645602776,149,348187.737011868
racethn_combn,Mexican-American,1999-2020,21.2,WTMEC.COMBN,age+gender,employ_status,smoke_ever,10122,18180971.0107081,142,quasibinomial (logit),Unemployed,0.0249828646544829,0.0756365670902689,0.741676790602079,-0.123264806842444,0.17323053615141,1.17507035797017,0.321637645602776,4086,5432942.33787526
racethn_combn,Other Hispanic,1999-2020,21.2,WTMEC.COMBN,age+gender,employ_status,smoke_ever,5051,12928950.7252712,138,quasibinomial (logit),Full-time employed (Intercept),-1.50320836370734,0.13550018714457,1.18840795229406e-20,-1.76878873051069,-1.23762799690398,0.766125816767622,0.514963660082351,2431,7283006.78449145
racethn_combn,Other Hispanic,1999-2020,21.2,WTMEC.COMBN,age+gender,employ_status,smoke_ever,5051,12928950.7252712,138,quasibinomial (logit),Part-time employed,-0.0992979414606337,0.143746794969382,0.490905330216521,-0.381041659600623,0.182445776679356,0.766125816767622,0.514963660082351,454,1156431.78797753
racethn_combn,Other Hispanic,1999-2020,21.2,WTMEC.COMBN,age+gender,employ_status,smoke_ever,5051,12928950.7252712,138,quasibinomial (logit),Student,0.00695977782916807,0.30019883805696,0.981538333586704,-0.581429944762474,0.595349500420811,0.766125816767622,0.514963660082351,95,274251.933926528
racethn_combn,Other Hispanic,1999-2020,21.2,WTMEC.COMBN,age+gender,employ_status,smoke_ever,5051,12928950.7252712,138,quasibinomial (logit),Unemployed,0.103665185683052,0.0875490993665949,0.238493018517509,-0.0679310490754737,0.275261420441578,0.766125816767622,0.514963660082351,2071,4215260.21887572
racethn_combn,Other/Multi-Racial/NHAsian,1999-2020,21.2,WTMEC.COMBN,age+gender,employ_status,smoke_ever,1363,6429588.9585266,83,quasibinomial (logit),Full-time employed (Intercept),-1.44611193315248,0.269770985466784,8.19344747754814e-07,-1.97486306466738,-0.917360801637584,0.361695958432136,0.780823683749884,666,3706177.76699179
racethn_combn,Other/Multi-Racial/NHAsian,1999-2020,21.2,WTMEC.COMBN,age+gender,employ_status,smoke_ever,1363,6429588.9585266,83,quasibinomial (logit),Part-time employed,0.070410051891443,0.246938992385112,0.776299239084264,-0.413590373183376,0.554410476966262,0.361695958432136,0.780823683749884,123,549803.246741793
racethn_combn,Other/Multi-Racial/NHAsian,1999-2020,21.2,WTMEC.COMBN,age+gender,employ_status,smoke_ever,1363,6429588.9585266,83,quasibinomial (logit),Student,-0.420829533127923,0.447387487043896,0.349794601542623,-1.29770900773396,0.456049941478113,0.361695958432136,0.780823683749884,43,171810.245550566
racethn_combn,Other/Multi-Racial/NHAsian,1999-2020,21.2,WTMEC.COMBN,age+gender,employ_status,smoke_ever,1363,6429588.9585266,83,quasibinomial (logit),Unemployed,0.0334963682400733,0.177588463060667,0.850882170852081,-0.314577019358833,0.38156975583898,0.361695958432136,0.780823683749884,531,2001797.69924245
racethn_combn,NHAsian,1999-2020,21.2,WTMEC.COMBN,age+gender,employ_status,smoke_ever,3389,5818804.79044793,70,quasibinomial (logit),Full-time employed (Intercept),-3.28701612069415,0.221063271434145,1.35271447564057e-22,-3.72030013270507,-2.85373210868322,1.10364654663481,0.354103120077209,1775,3119204.16644391
racethn_combn,NHAsian,1999-2020,21.2,WTMEC.COMBN,age+gender,employ_status,smoke_ever,3389,5818804.79044793,70,quasibinomial (logit),Part-time employed,-0.091230658132676,0.190385624233774,0.633412576485352,-0.464386481630873,0.281925165365521,1.10364654663481,0.354103120077209,369,632650.862469491
racethn_combn,NHAsian,1999-2020,21.2,WTMEC.COMBN,age+gender,employ_status,smoke_ever,3389,5818804.79044793,70,quasibinomial (logit),Student,-0.284783466804161,0.315839012722572,0.37055969294044,-0.903827931740402,0.33426099813208,1.10364654663481,0.354103120077209,180,271215.884986321
racethn_combn,NHAsian,1999-2020,21.2,WTMEC.COMBN,age+gender,employ_status,smoke_ever,3389,5818804.79044793,70,quasibinomial (logit),Unemployed,0.153443348698578,0.129864308574048,0.241682602813153,-0.101090696106556,0.407977393503711,1.10364654663481,0.354103120077209,1065,1795733.87654821
racethn_combn,Other/Multi-Racial,1999-2020,21.2,WTMEC.COMBN,age+gender,employ_status,smoke_ever,1044,3529409.74240389,70,quasibinomial (logit),Full-time employed (Intercept),-0.884584046018633,0.202871957355237,4.73248095157609e-05,-1.2822130824349,-0.48695500960237,3.4584715709518,0.0213081918920597,459,1736676.32309019
racethn_combn,Other/Multi-Racial,1999-2020,21.2,WTMEC.COMBN,age+gender,employ_status,smoke_ever,1044,3529409.74240389,70,quasibinomial (logit),Part-time employed,-0.253332145338393,0.296865951279583,0.396596096649493,-0.835189409846375,0.32852511916959,3.4584715709518,0.0213081918920597,133,448914.227809925
racethn_combn,Other/Multi-Racial,1999-2020,21.2,WTMEC.COMBN,age+gender,employ_status,smoke_ever,1044,3529409.74240389,70,quasibinomial (logit),Student,-1.70093998891739,0.621163605681085,0.0079593467551105,-2.91842065605232,-0.483459321782464,3.4584715709518,0.0213081918920597,36,79094.1756000378
racethn_combn,Other/Multi-Racial,1999-2020,21.2,WTMEC.COMBN,age+gender,employ_status,smoke_ever,1044,3529409.74240389,70,quasibinomial (logit),Unemployed,0.142885845660007,0.226091834471411,0.529615628760999,-0.300254149903958,0.586025841223972,3.4584715709518,0.0213081918920597,416,1264725.01590374
racethn_combn,NHW,1999-2020,21.2,WTMEC.COMBN,age+gender,employ_status,alch_drink_curr,18793,120254198.531345,162,quasibinomial (logit),Full-time employed (Intercept),2.97242304134015,0.182854929418429,1.79905122322877e-35,2.61402737968003,3.33081870300027,60.2764535417278,5.54589385201798e-26,8617,66957209.2478608
racethn_combn,NHW,1999-2020,21.2,WTMEC.COMBN,age+gender,employ_status,alch_drink_curr,18793,120254198.531345,162,quasibinomial (logit),Part-time employed,-0.439629287685816,0.0851200674976649,7.2042266791005e-07,-0.606464619981239,-0.272793955390393,60.2764535417278,5.54589385201798e-26,2032,12930918.2081889
racethn_combn,NHW,1999-2020,21.2,WTMEC.COMBN,age+gender,employ_status,alch_drink_curr,18793,120254198.531345,162,quasibinomial (logit),Student,-1.34897060520305,0.180410266667845,5.02538530846581e-12,-1.70257472787203,-0.995366482534074,60.2764535417278,5.54589385201798e-26,288,1831159.49392062
racethn_combn,NHW,1999-2020,21.2,WTMEC.COMBN,age+gender,employ_status,alch_drink_curr,18793,120254198.531345,162,quasibinomial (logit),Unemployed,-0.78480842731955,0.072122914322252,6.65301926943664e-21,-0.926169339391164,-0.643447515247936,60.2764535417278,5.54589385201798e-26,7856,38534911.5813751
racethn_combn,NHB,1999-2020,21.2,WTMEC.COMBN,age+gender,employ_status,alch_drink_curr,9038,18648956.2325202,149,quasibinomial (logit),Full-time employed (Intercept),1.88666579782788,0.105701720406173,2.57001651139307e-38,1.67949042583178,2.09384116982398,18.7095258678422,2.64603312633041e-10,4400,10052545.592474
racethn_combn,NHB,1999-2020,21.2,WTMEC.COMBN,age+gender,employ_status,alch_drink_curr,9038,18648956.2325202,149,quasibinomial (logit),Part-time employed,-0.378202983579409,0.0973582193101146,0.000155721553378176,-0.569025093427233,-0.187380873731584,18.7095258678422,2.64603312633041e-10,798,1688543.89864555
racethn_combn,NHB,1999-2020,21.2,WTMEC.COMBN,age+gender,employ_status,alch_drink_curr,9038,18648956.2325202,149,quasibinomial (logit),Student,-0.933062551056175,0.176076082685475,4.27344252107514e-07,-1.27817167311971,-0.587953428992645,18.7095258678422,2.64603312633041e-10,229,468603.090009019
racethn_combn,NHB,1999-2020,21.2,WTMEC.COMBN,age+gender,employ_status,alch_drink_curr,9038,18648956.2325202,149,quasibinomial (logit),Unemployed,-0.376537236556989,0.0701980248158374,3.17338207591398e-07,-0.51412536519603,-0.238949107917948,18.7095258678422,2.64603312633041e-10,3611,6439263.6513916
racethn_combn,Mexican-American,1999-2020,21.2,WTMEC.COMBN,age+gender,employ_status,alch_drink_curr,7238,14259166.5535582,139,quasibinomial (logit),Full-time employed (Intercept),2.05855389469417,0.144170181174695,1.08186653868314e-28,1.77598033959177,2.34112744979657,61.9019174065267,3.5479402088248e-25,3874,8792948.92722734
racethn_combn,Mexican-American,1999-2020,21.2,WTMEC.COMBN,age+gender,employ_status,alch_drink_curr,7238,14259166.5535582,139,quasibinomial (logit),Part-time employed,-0.585014456853958,0.130747731655003,1.62079907728211e-05,-0.841280010897763,-0.328748902810152,61.9019174065267,3.5479402088248e-25,623,1354219.34225808
racethn_combn,Mexican-American,1999-2020,21.2,WTMEC.COMBN,age+gender,employ_status,alch_drink_curr,7238,14259166.5535582,139,quasibinomial (logit),Student,-0.961098345538552,0.219307199335536,2.35024386765874e-05,-1.3909404562362,-0.531256234840902,61.9019174065267,3.5479402088248e-25,135,309992.133717887
racethn_combn,Mexican-American,1999-2020,21.2,WTMEC.COMBN,age+gender,employ_status,alch_drink_curr,7238,14259166.5535582,139,quasibinomial (logit),Unemployed,-1.06360778812713,0.0810734077799402,8.36347209512954e-26,-1.22251166737581,-0.904703908878448,61.9019174065267,3.5479402088248e-25,2606,3802006.15035491
racethn_combn,Other Hispanic,1999-2020,21.2,WTMEC.COMBN,age+gender,employ_status,alch_drink_curr,3629,10080640.9190925,127,quasibinomial (logit),Full-time employed (Intercept),2.05233361307584,0.194451816724389,6.74388316225917e-19,1.67120805229604,2.43345917385564,16.9529906206219,2.87758227414357e-09,1813,5851411.30194638
racethn_combn,Other Hispanic,1999-2020,21.2,WTMEC.COMBN,age+gender,employ_status,alch_drink_curr,3629,10080640.9190925,127,quasibinomial (logit),Part-time employed,-0.0185996046207975,0.187113805705556,0.920981744792721,-0.385342663803687,0.348143454562092,16.9529906206219,2.87758227414357e-09,336,897663.127221
racethn_combn,Other Hispanic,1999-2020,21.2,WTMEC.COMBN,age+gender,employ_status,alch_drink_curr,3629,10080640.9190925,127,quasibinomial (logit),Student,-0.617504591805892,0.301229021765233,0.0425122349370049,-1.20791347446575,-0.0270957091460345,16.9529906206219,2.87758227414357e-09,95,270699.452467264
racethn_combn,Other Hispanic,1999-2020,21.2,WTMEC.COMBN,age+gender,employ_status,alch_drink_curr,3629,10080640.9190925,127,quasibinomial (logit),Unemployed,-0.785474331885326,0.114521536266316,3.07027277840044e-10,-1.00993654296731,-0.561012120803346,16.9529906206219,2.87758227414357e-09,1385,3060867.03745787
racethn_combn,Other/Multi-Racial/NHAsian,1999-2020,21.2,WTMEC.COMBN,age+gender,employ_status,alch_drink_curr,911,4630549.94324377,79,quasibinomial (logit),Full-time employed (Intercept),1.85032788600973,0.315989600316367,1.21893887765708e-07,1.23098826938965,2.46966750262981,1.13259104982579,0.341522600219703,489,2870012.91526057
racethn_combn,Other/Multi-Racial/NHAsian,1999-2020,21.2,WTMEC.COMBN,age+gender,employ_status,alch_drink_curr,911,4630549.94324377,79,quasibinomial (logit),Part-time employed,0.0398409532880505,0.296126813378084,0.893340707207149,-0.540567600932995,0.620249507509096,1.13259104982579,0.341522600219703,90,414036.239670094
racethn_combn,Other/Multi-Racial/NHAsian,1999-2020,21.2,WTMEC.COMBN,age+gender,employ_status,alch_drink_curr,911,4630549.94324377,79,quasibinomial (logit),Student,-0.665707192288069,0.537615963870674,0.219534415681457,-1.71943448147459,0.388020096898451,1.13259104982579,0.341522600219703,36,142323.930396604
racethn_combn,Other/Multi-Racial/NHAsian,1999-2020,21.2,WTMEC.COMBN,age+gender,employ_status,alch_drink_curr,911,4630549.94324377,79,quasibinomial (logit),Unemployed,-0.225667500091054,0.215946917477745,0.299418289460176,-0.648923458347434,0.197588458165326,1.13259104982579,0.341522600219703,296,1204176.85791651
racethn_combn,NHAsian,1999-2020,21.2,WTMEC.COMBN,age+gender,employ_status,alch_drink_curr,2237,4047727.76364209,69,quasibinomial (logit),Full-time employed (Intercept),1.74318056975513,0.199108202892769,1.51712100344022e-12,1.3529284920853,2.13343264742495,16.3301875561497,5.46223617801954e-08,1207,2261456.49481813
racethn_combn,NHAsian,1999-2020,21.2,WTMEC.COMBN,age+gender,employ_status,alch_drink_curr,2237,4047727.76364209,69,quasibinomial (logit),Part-time employed,-0.401920561470741,0.172335752889683,0.0228486655768192,-0.73969863713452,-0.0641424858069616,16.3301875561497,5.46223617801954e-08,255,464172.189377094
racethn_combn,NHAsian,1999-2020,21.2,WTMEC.COMBN,age+gender,employ_status,alch_drink_curr,2237,4047727.76364209,69,quasibinomial (logit),Student,-0.988875595569142,0.238071210153491,9.88014703481665e-05,-1.45549516746998,-0.522256023668299,16.3301875561497,5.46223617801954e-08,145,215437.670670302
racethn_combn,NHAsian,1999-2020,21.2,WTMEC.COMBN,age+gender,employ_status,alch_drink_curr,2237,4047727.76364209,69,quasibinomial (logit),Unemployed,-0.614330841322584,0.0954052377642543,1.77336211537185e-08,-0.801325107340522,-0.427336575304645,16.3301875561497,5.46223617801954e-08,630,1106661.40877657
racethn_combn,Other/Multi-Racial,1999-2020,21.2,WTMEC.COMBN,age+gender,employ_status,alch_drink_curr,831,2963856.70462691,70,quasibinomial (logit),Full-time employed (Intercept),3.24581634593077,0.42562056406974,1.34747535481063e-10,2.41160004035408,4.08003265150746,8.14350950824407,0.000110741396064654,376,1512854.90687868
racethn_combn,Other/Multi-Racial,1999-2020,21.2,WTMEC.COMBN,age+gender,employ_status,alch_drink_curr,831,2963856.70462691,70,quasibinomial (logit),Part-time employed,-0.865875534040662,0.419511050783839,0.0430127500674275,-1.68811719357699,-0.043633874504337,8.14350950824407,0.000110741396064654,111,378995.182517925
racethn_combn,Other/Multi-Racial,1999-2020,21.2,WTMEC.COMBN,age+gender,employ_status,alch_drink_curr,831,2963856.70462691,70,quasibinomial (logit),Student,-2.77425397444953,0.60757249582298,2.26995462852818e-05,-3.96509606626257,-1.58341188263649,8.14350950824407,0.000110741396064654,32,80935.6655668491
racethn_combn,Other/Multi-Racial,1999-2020,21.2,WTMEC.COMBN,age+gender,employ_status,alch_drink_curr,831,2963856.70462691,70,quasibinomial (logit),Unemployed,-0.779027468725558,0.332174587431852,0.0220784830399555,-1.43008966009199,-0.127965277359129,8.14350950824407,0.000110741396064654,312,991070.949663453
racethn_combn,NHW,1999-2020,21.2,WTMEC.COMBN,age+gender,employ_status,alch_drink_daily,18793,120254198.531345,162,quasibinomial (logit),Full-time employed (Intercept),-5.20977604293675,0.121446362789825,1.30491157766292e-88,-5.44781091400481,-4.97174117186869,1.94513843770317,0.124550129744901,8617,66957209.2478608
racethn_combn,NHW,1999-2020,21.2,WTMEC.COMBN,age+gender,employ_status,alch_drink_daily,18793,120254198.531345,162,quasibinomial (logit),Part-time employed,-0.135239878154437,0.125636804537321,0.283383979327683,-0.381488015047585,0.111008258738711,1.94513843770317,0.124550129744901,2032,12930918.2081889
racethn_combn,NHW,1999-2020,21.2,WTMEC.COMBN,age+gender,employ_status,alch_drink_daily,18793,120254198.531345,162,quasibinomial (logit),Student,-0.15506037783955,0.448743340280792,0.730148307218146,-1.0345973247899,0.724476569110803,1.94513843770317,0.124550129744901,288,1831159.49392062
racethn_combn,NHW,1999-2020,21.2,WTMEC.COMBN,age+gender,employ_status,alch_drink_daily,18793,120254198.531345,162,quasibinomial (logit),Unemployed,-0.214059050295098,0.0897742962259557,0.018300006058743,-0.390016670897972,-0.0381014296922253,1.94513843770317,0.124550129744901,7856,38534911.5813751
racethn_combn,NHB,1999-2020,21.2,WTMEC.COMBN,age+gender,employ_status,alch_drink_daily,9038,18648956.2325202,149,quasibinomial (logit),Full-time employed (Intercept),-4.79547013952124,0.193754620117204,9.81681709726633e-54,-5.17522919495096,-4.41571108409152,1.46569071190302,0.226422870066913,4400,10052545.592474
racethn_combn,NHB,1999-2020,21.2,WTMEC.COMBN,age+gender,employ_status,alch_drink_daily,9038,18648956.2325202,149,quasibinomial (logit),Part-time employed,-0.116402467623232,0.238301713431722,0.62596229168655,-0.583473825949407,0.350668890702942,1.46569071190302,0.226422870066913,798,1688543.89864555
racethn_combn,NHB,1999-2020,21.2,WTMEC.COMBN,age+gender,employ_status,alch_drink_daily,9038,18648956.2325202,149,quasibinomial (logit),Student,-1.04729487395535,0.722351918342783,0.149277572382673,-2.46310463390721,0.368514885996506,1.46569071190302,0.226422870066913,229,468603.090009019
racethn_combn,NHB,1999-2020,21.2,WTMEC.COMBN,age+gender,employ_status,alch_drink_daily,9038,18648956.2325202,149,quasibinomial (logit),Unemployed,0.171645099006695,0.122347745840803,0.162790697883143,-0.0681564828412784,0.411446680854668,1.46569071190302,0.226422870066913,3611,6439263.6513916
racethn_combn,Mexican-American,1999-2020,21.2,WTMEC.COMBN,age+gender,employ_status,alch_drink_daily,7238,14259166.5535582,139,quasibinomial (logit),Full-time employed (Intercept),-6.56930818494735,0.344280546138945,5.01861587862705e-40,-7.24409805537968,-5.89451831451502,0.995654793043929,0.397032955505757,3874,8792948.92722734
racethn_combn,Mexican-American,1999-2020,21.2,WTMEC.COMBN,age+gender,employ_status,alch_drink_daily,7238,14259166.5535582,139,quasibinomial (logit),Part-time employed,-0.925200752645539,0.55488613020345,0.0977762200487605,-2.0127775678443,0.162376062553222,0.995654793043929,0.397032955505757,623,1354219.34225808
racethn_combn,Mexican-American,1999-2020,21.2,WTMEC.COMBN,age+gender,employ_status,alch_drink_daily,7238,14259166.5535582,139,quasibinomial (logit),Student,0.315327796838022,0.698075726818545,0.652208175698584,-1.05290062772633,1.68355622140237,0.995654793043929,0.397032955505757,135,309992.133717887
racethn_combn,Mexican-American,1999-2020,21.2,WTMEC.COMBN,age+gender,employ_status,alch_drink_daily,7238,14259166.5535582,139,quasibinomial (logit),Unemployed,-0.12630904866144,0.210070975301842,0.548677003618367,-0.53804816025305,0.285430062930171,0.995654793043929,0.397032955505757,2606,3802006.15035491
racethn_combn,Other Hispanic,1999-2020,21.2,WTMEC.COMBN,age+gender,employ_status,alch_drink_daily,3629,10080640.9190925,127,quasibinomial (logit),Full-time employed (Intercept),-6.53184707430266,0.495354556338702,3.17055120042359e-25,-7.50274200472651,-5.5609521438788,723.030707758997,1.74358805534641e-77,1813,5851411.30194638
racethn_combn,Other Hispanic,1999-2020,21.2,WTMEC.COMBN,age+gender,employ_status,alch_drink_daily,3629,10080640.9190925,127,quasibinomial (logit),Part-time employed,-0.128744976807237,0.472832156966947,0.785863383668963,-1.05549600446245,0.798006050847978,723.030707758997,1.74358805534641e-77,336,897663.127221
racethn_combn,Other Hispanic,1999-2020,21.2,WTMEC.COMBN,age+gender,employ_status,alch_drink_daily,3629,10080640.9190925,127,quasibinomial (logit),Student,-13.852632547311,0.316101668816245,1.65680978961749e-76,-14.4721918181908,-13.2330732764311,723.030707758997,1.74358805534641e-77,95,270699.452467264
racethn_combn,Other Hispanic,1999-2020,21.2,WTMEC.COMBN,age+gender,employ_status,alch_drink_daily,3629,10080640.9190925,127,quasibinomial (logit),Unemployed,-0.52062686752341,0.343462594847387,0.132152074040883,-1.19381355342429,0.152559818377469,723.030707758997,1.74358805534641e-77,1385,3060867.03745787
racethn_combn,Other/Multi-Racial/NHAsian,1999-2020,21.2,WTMEC.COMBN,age+gender,employ_status,alch_drink_daily,911,4630549.94324377,79,quasibinomial (logit),Full-time employed (Intercept),-4.8305407899747,0.762748671707225,1.67427263969628e-08,-6.32552818652086,-3.33555339342854,465.477858862406,6.25319055749231e-48,489,2870012.91526057
racethn_combn,Other/Multi-Racial/NHAsian,1999-2020,21.2,WTMEC.COMBN,age+gender,employ_status,alch_drink_daily,911,4630549.94324377,79,quasibinomial (logit),Part-time employed,-0.111570963705108,0.86612693846288,0.897852752876222,-1.80917976309235,1.58603783568214,465.477858862406,6.25319055749231e-48,90,414036.239670094
racethn_combn,Other/Multi-Racial/NHAsian,1999-2020,21.2,WTMEC.COMBN,age+gender,employ_status,alch_drink_daily,911,4630549.94324377,79,quasibinomial (logit),Student,-13.6446405626325,0.428006811130003,5.66296156812672e-45,-14.4835339124473,-12.8057472128177,465.477858862406,6.25319055749231e-48,36,142323.930396604
racethn_combn,Other/Multi-Racial/NHAsian,1999-2020,21.2,WTMEC.COMBN,age+gender,employ_status,alch_drink_daily,911,4630549.94324377,79,quasibinomial (logit),Unemployed,0.262944148037876,0.461000661506316,0.570149922741093,-0.640617148514503,1.16650544459025,465.477858862406,6.25319055749231e-48,296,1204176.85791651
racethn_combn,NHAsian,1999-2020,21.2,WTMEC.COMBN,age+gender,employ_status,alch_drink_daily,2237,4047727.76364209,69,quasibinomial (logit),Full-time employed (Intercept),-6.95337891722024,0.63337080638552,2.34550531138171e-16,-8.19478569773585,-5.71197213670462,0.955586476843048,0.419221895589228,1207,2261456.49481813
racethn_combn,NHAsian,1999-2020,21.2,WTMEC.COMBN,age+gender,employ_status,alch_drink_daily,2237,4047727.76364209,69,quasibinomial (logit),Part-time employed,-0.470965280629827,0.512159367065583,0.36125164236726,-1.47479764007837,0.532867078818715,0.955586476843048,0.419221895589228,255,464172.189377094
racethn_combn,NHAsian,1999-2020,21.2,WTMEC.COMBN,age+gender,employ_status,alch_drink_daily,2237,4047727.76364209,69,quasibinomial (logit),Student,-0.362506937525161,1.0212723018111,0.72378947560027,-2.36420064907491,1.63918677402459,0.955586476843048,0.419221895589228,145,215437.670670302
racethn_combn,NHAsian,1999-2020,21.2,WTMEC.COMBN,age+gender,employ_status,alch_drink_daily,2237,4047727.76364209,69,quasibinomial (logit),Unemployed,-0.623556614140408,0.401827691047473,0.125641247417614,-1.41113888859345,0.164025660312638,0.955586476843048,0.419221895589228,630,1106661.40877657
racethn_combn,Other/Multi-Racial,1999-2020,21.2,WTMEC.COMBN,age+gender,employ_status,alch_drink_daily,831,2963856.70462691,70,quasibinomial (logit),Full-time employed (Intercept),-6.72719584861163,1.28627325840394,1.93345028819027e-06,-9.24829143508336,-4.2061002621399,248.382856974764,1.53848328618559e-35,376,1512854.90687868
racethn_combn,Other/Multi-Racial,1999-2020,21.2,WTMEC.COMBN,age+gender,employ_status,alch_drink_daily,831,2963856.70462691,70,quasibinomial (logit),Part-time employed,-3.12918537755198,1.37004207902183,0.0256462052518874,-5.81446785243477,-0.443902902669183,248.382856974764,1.53848328618559e-35,111,378995.182517925
racethn_combn,Other/Multi-Racial,1999-2020,21.2,WTMEC.COMBN,age+gender,employ_status,alch_drink_daily,831,2963856.70462691,70,quasibinomial (logit),Student,-13.0534267847152,0.481020300081471,3.59697468341085e-37,-13.9962265728749,-12.1106269965555,248.382856974764,1.53848328618559e-35,32,80935.6655668491
racethn_combn,Other/Multi-Racial,1999-2020,21.2,WTMEC.COMBN,age+gender,employ_status,alch_drink_daily,831,2963856.70462691,70,quasibinomial (logit),Unemployed,-0.903274211572083,0.75083955233824,0.233332604345116,-2.37491973415504,0.568371311010868,248.382856974764,1.53848328618559e-35,312,991070.949663453
racethn_combn,NHW,1999-2020,21.2,WTMEC.COMBN,age+gender,employ_status,alch_drink_weekly,18793,120254198.531345,162,quasibinomial (logit),Full-time employed (Intercept),-0.558523760639043,0.0765866298180325,1.4063946943038e-11,-0.708633555082387,-0.4084139661957,30.8623486056144,9.71343173306558e-16,8617,66957209.2478608
racethn_combn,NHW,1999-2020,21.2,WTMEC.COMBN,age+gender,employ_status,alch_drink_weekly,18793,120254198.531345,162,quasibinomial (logit),Part-time employed,-0.1773750518446,0.0550725987643702,0.00155425936157577,-0.285317345422765,-0.0694327582664341,30.8623486056144,9.71343173306558e-16,2032,12930918.2081889
racethn_combn,NHW,1999-2020,21.2,WTMEC.COMBN,age+gender,employ_status,alch_drink_weekly,18793,120254198.531345,162,quasibinomial (logit),Student,-0.384600843121302,0.157138221502425,0.015485963586667,-0.692591757266054,-0.0766099289765498,30.8623486056144,9.71343173306558e-16,288,1831159.49392062
racethn_combn,NHW,1999-2020,21.2,WTMEC.COMBN,age+gender,employ_status,alch_drink_weekly,18793,120254198.531345,162,quasibinomial (logit),Unemployed,-0.430770627165387,0.0458696878374921,6.63980108353563e-17,-0.520675215326871,-0.340866039003902,30.8623486056144,9.71343173306558e-16,7856,38534911.5813751
racethn_combn,NHB,1999-2020,21.2,WTMEC.COMBN,age+gender,employ_status,alch_drink_weekly,9038,18648956.2325202,149,quasibinomial (logit),Full-time employed (Intercept),-1.3719297622208,0.0822889658546134,1.96685407152986e-35,-1.53321613529584,-1.21064338914576,1.0260262143272,0.383045947622117,4400,10052545.592474
racethn_combn,NHB,1999-2020,21.2,WTMEC.COMBN,age+gender,employ_status,alch_drink_weekly,9038,18648956.2325202,149,quasibinomial (logit),Part-time employed,-0.116871930792482,0.101711524228824,0.252439125060077,-0.316226518280977,0.0824826566960141,1.0260262143272,0.383045947622117,798,1688543.89864555
racethn_combn,NHB,1999-2020,21.2,WTMEC.COMBN,age+gender,employ_status,alch_drink_weekly,9038,18648956.2325202,149,quasibinomial (logit),Student,-0.191374127953827,0.219765806738587,0.385307642522476,-0.622115109161458,0.239366853253804,1.0260262143272,0.383045947622117,229,468603.090009019
racethn_combn,NHB,1999-2020,21.2,WTMEC.COMBN,age+gender,employ_status,alch_drink_weekly,9038,18648956.2325202,149,quasibinomial (logit),Unemployed,-0.0621797099367002,0.0590712037241709,0.294276915457714,-0.177959269236075,0.0535998493626747,1.0260262143272,0.383045947622117,3611,6439263.6513916
racethn_combn,Mexican-American,1999-2020,21.2,WTMEC.COMBN,age+gender,employ_status,alch_drink_weekly,7238,14259166.5535582,139,quasibinomial (logit),Full-time employed (Intercept),-1.72642954572237,0.129559365915237,2.54361565843994e-26,-1.98036590291623,-1.4724931885285,8.74318236848477,2.44731172877149e-05,3874,8792948.92722734
racethn_combn,Mexican-American,1999-2020,21.2,WTMEC.COMBN,age+gender,employ_status,alch_drink_weekly,7238,14259166.5535582,139,quasibinomial (logit),Part-time employed,-0.365182316000242,0.141663440560659,0.0110232598098567,-0.642842659499135,-0.0875219725013499,8.74318236848477,2.44731172877149e-05,623,1354219.34225808
racethn_combn,Mexican-American,1999-2020,21.2,WTMEC.COMBN,age+gender,employ_status,alch_drink_weekly,7238,14259166.5535582,139,quasibinomial (logit),Student,-0.598108026405088,0.279460496341922,0.0341479455891005,-1.14585059923525,-0.0503654535749216,8.74318236848477,2.44731172877149e-05,135,309992.133717887
racethn_combn,Mexican-American,1999-2020,21.2,WTMEC.COMBN,age+gender,employ_status,alch_drink_weekly,7238,14259166.5535582,139,quasibinomial (logit),Unemployed,-0.411317117197879,0.0929986607940166,1.9974615412018e-05,-0.593594492354152,-0.229039742041607,8.74318236848477,2.44731172877149e-05,2606,3802006.15035491
racethn_combn,Other Hispanic,1999-2020,21.2,WTMEC.COMBN,age+gender,employ_status,alch_drink_weekly,3629,10080640.9190925,127,quasibinomial (logit),Full-time employed (Intercept),-1.4154972709441,0.152442497607172,7.63196783522488e-16,-1.71428456625415,-1.11670997563404,5.1547330813703,0.00217330990559773,1813,5851411.30194638
racethn_combn,Other Hispanic,1999-2020,21.2,WTMEC.COMBN,age+gender,employ_status,alch_drink_weekly,3629,10080640.9190925,127,quasibinomial (logit),Part-time employed,-0.195090666883094,0.17519460973251,0.267654800847011,-0.538472101958812,0.148290768192625,5.1547330813703,0.00217330990559773,336,897663.127221
racethn_combn,Other Hispanic,1999-2020,21.2,WTMEC.COMBN,age+gender,employ_status,alch_drink_weekly,3629,10080640.9190925,127,quasibinomial (logit),Student,-0.416469595672796,0.322377407504085,0.198844202587464,-1.0483293143808,0.21539012303521,5.1547330813703,0.00217330990559773,95,270699.452467264
racethn_combn,Other Hispanic,1999-2020,21.2,WTMEC.COMBN,age+gender,employ_status,alch_drink_weekly,3629,10080640.9190925,127,quasibinomial (logit),Unemployed,-0.480526290011827,0.130877998241976,0.000358983757581266,-0.737047166566101,-0.224005413457554,5.1547330813703,0.00217330990559773,1385,3060867.03745787
racethn_combn,Other/Multi-Racial/NHAsian,1999-2020,21.2,WTMEC.COMBN,age+gender,employ_status,alch_drink_weekly,911,4630549.94324377,79,quasibinomial (logit),Full-time employed (Intercept),-0.941424299464047,0.285173695213856,0.00148353009235738,-1.5003647420832,-0.382483856844889,1.99134012596791,0.122633519770876,489,2870012.91526057
racethn_combn,Other/Multi-Racial/NHAsian,1999-2020,21.2,WTMEC.COMBN,age+gender,employ_status,alch_drink_weekly,911,4630549.94324377,79,quasibinomial (logit),Part-time employed,-0.4310677967663,0.24013925446154,0.0767250656292988,-0.90174073551092,0.0396051419783187,1.99134012596791,0.122633519770876,90,414036.239670094
racethn_combn,Other/Multi-Racial/NHAsian,1999-2020,21.2,WTMEC.COMBN,age+gender,employ_status,alch_drink_weekly,911,4630549.94324377,79,quasibinomial (logit),Student,-0.149539145597209,0.475658342220034,0.754114425575469,-1.08182949634848,0.782751205154058,1.99134012596791,0.122633519770876,36,142323.930396604
racethn_combn,Other/Multi-Racial/NHAsian,1999-2020,21.2,WTMEC.COMBN,age+gender,employ_status,alch_drink_weekly,911,4630549.94324377,79,quasibinomial (logit),Unemployed,-0.361012600938394,0.210932564660594,0.0911761340427661,-0.774440427673158,0.0524152257963699,1.99134012596791,0.122633519770876,296,1204176.85791651
racethn_combn,NHAsian,1999-2020,21.2,WTMEC.COMBN,age+gender,employ_status,alch_drink_weekly,2237,4047727.76364209,69,quasibinomial (logit),Full-time employed (Intercept),-1.276378413478,0.240563243975727,1.49440541932678e-06,-1.74788237167042,-0.804874455285576,1.78189119199324,0.15951053729726,1207,2261456.49481813
racethn_combn,NHAsian,1999-2020,21.2,WTMEC.COMBN,age+gender,employ_status,alch_drink_weekly,2237,4047727.76364209,69,quasibinomial (logit),Part-time employed,-0.196684180655231,0.177949886353883,0.273176746741105,-0.545465957908842,0.152097596598381,1.78189119199324,0.15951053729726,255,464172.189377094
racethn_combn,NHAsian,1999-2020,21.2,WTMEC.COMBN,age+gender,employ_status,alch_drink_weekly,2237,4047727.76364209,69,quasibinomial (logit),Student,-0.359194387351243,0.290259858451556,0.220425338435648,-0.928103709916292,0.209714935213806,1.78189119199324,0.15951053729726,145,215437.670670302
racethn_combn,NHAsian,1999-2020,21.2,WTMEC.COMBN,age+gender,employ_status,alch_drink_weekly,2237,4047727.76364209,69,quasibinomial (logit),Unemployed,-0.35319808694536,0.165455353865324,0.0366204188759364,-0.677490580521396,-0.028905593369325,1.78189119199324,0.15951053729726,630,1106661.40877657
racethn_combn,Other/Multi-Racial,1999-2020,21.2,WTMEC.COMBN,age+gender,employ_status,alch_drink_weekly,831,2963856.70462691,70,quasibinomial (logit),Full-time employed (Intercept),-0.510446927694071,0.305424813177348,0.0994768636366337,-1.10907956152167,0.0881857061335304,1.3420443962516,0.268450549881545,376,1512854.90687868
racethn_combn,Other/Multi-Racial,1999-2020,21.2,WTMEC.COMBN,age+gender,employ_status,alch_drink_weekly,831,2963856.70462691,70,quasibinomial (logit),Part-time employed,-0.45362793839034,0.32342851579966,0.165506322526699,-1.08754782935767,0.180291952576995,1.3420443962516,0.268450549881545,111,378995.182517925
racethn_combn,Other/Multi-Racial,1999-2020,21.2,WTMEC.COMBN,age+gender,employ_status,alch_drink_weekly,831,2963856.70462691,70,quasibinomial (logit),Student,-0.738563851562024,0.785406730117895,0.350515335016755,-2.2779610425931,0.800833339469051,1.3420443962516,0.268450549881545,32,80935.6655668491
racethn_combn,Other/Multi-Racial,1999-2020,21.2,WTMEC.COMBN,age+gender,employ_status,alch_drink_weekly,831,2963856.70462691,70,quasibinomial (logit),Unemployed,-0.433307044098326,0.258445060149418,0.0984258210119863,-0.939859361991184,0.0732452737945328,1.3420443962516,0.268450549881545,312,991070.949663453
racethn_combn,NHW,1999-2020,21.2,WTMEC.COMBN,age+gender,employ_status,pa_total_mets_wk,26658,151809448.311786,162,gaussian (identity),Full-time employed (Intercept),4475.6237707394,154.383152005008,6.3892395013083e-65,4173.03279280959,4778.21474866922,19.979215201418,5.07523764250823e-11,11046,79760731.4580815
racethn_combn,NHW,1999-2020,21.2,WTMEC.COMBN,age+gender,employ_status,pa_total_mets_wk,26658,151809448.311786,162,gaussian (identity),Part-time employed,-281.682074403415,108.345037343926,0.0102159121561571,-494.038347597509,-69.325801209321,19.979215201418,5.07523764250823e-11,2801,16250326.8168861
racethn_combn,NHW,1999-2020,21.2,WTMEC.COMBN,age+gender,employ_status,pa_total_mets_wk,26658,151809448.311786,162,gaussian (identity),Student,-1048.8509420516,246.721163272989,3.63736853658095e-05,-1532.42442206666,-565.277462036543,19.979215201418,5.07523764250823e-11,505,2620205.97545391
racethn_combn,NHW,1999-2020,21.2,WTMEC.COMBN,age+gender,employ_status,pa_total_mets_wk,26658,151809448.311786,162,gaussian (identity),Unemployed,-566.207195978369,87.9987587675342,1.42858411067343e-09,-738.684763162736,-393.729628794002,19.979215201418,5.07523764250823e-11,12306,53178184.061365
racethn_combn,Other/Multi-Racial/NHAsian,1999-2020,21.2,WTMEC.COMBN,age+gender,employ_status,pa_total_mets_wk,1495,6719670.59337294,85,gaussian (identity),Full-time employed (Intercept),1732.59902721599,293.437539741572,8.18312810279883e-08,1157.46144932251,2307.73660510947,1.0808780762024,0.362044431340452,697,3781303.6449557
racethn_combn,Other/Multi-Racial/NHAsian,1999-2020,21.2,WTMEC.COMBN,age+gender,employ_status,pa_total_mets_wk,1495,6719670.59337294,85,gaussian (identity),Part-time employed,-12.3162809394531,313.933404192994,0.968803045789075,-627.625753157722,602.993191278816,1.0808780762024,0.362044431340452,163,645266.4453552
racethn_combn,Other/Multi-Racial/NHAsian,1999-2020,21.2,WTMEC.COMBN,age+gender,employ_status,pa_total_mets_wk,1495,6719670.59337294,85,gaussian (identity),Student,476.347886853501,466.670568735916,0.310455983636489,-438.326427868894,1391.0222015759,1.0808780762024,0.362044431340452,76,251408.471541842
racethn_combn,Other/Multi-Racial/NHAsian,1999-2020,21.2,WTMEC.COMBN,age+gender,employ_status,pa_total_mets_wk,1495,6719670.59337294,85,gaussian (identity),Unemployed,-355.720577878554,300.33086598834,0.239750299756618,-944.369075215701,232.927919458592,1.0808780762024,0.362044431340452,559,2041692.03152019
racethn_combn,NHB,1999-2020,21.2,WTMEC.COMBN,age+gender,employ_status,pa_total_mets_wk,13809,25663297.8236099,154,gaussian (identity),Full-time employed (Intercept),4839.65686717721,212.873178804101,2.68112338784251e-50,4422.42543672117,5256.88829763324,28.5610094015875,1.19763959715935e-14,6160,13077171.1290892
racethn_combn,NHB,1999-2020,21.2,WTMEC.COMBN,age+gender,employ_status,pa_total_mets_wk,13809,25663297.8236099,154,gaussian (identity),Part-time employed,-738.944829759343,202.553156217248,0.000364600673659635,-1135.94901594515,-341.940643573536,28.5610094015875,1.19763959715935e-14,1277,2347277.73464128
racethn_combn,NHB,1999-2020,21.2,WTMEC.COMBN,age+gender,employ_status,pa_total_mets_wk,13809,25663297.8236099,154,gaussian (identity),Student,-1293.82823867357,367.992717282368,0.000580962388311575,-2015.09396454701,-572.562512800133,28.5610094015875,1.19763959715935e-14,518,754182.288848992
racethn_combn,NHB,1999-2020,21.2,WTMEC.COMBN,age+gender,employ_status,pa_total_mets_wk,13809,25663297.8236099,154,gaussian (identity),Unemployed,-1199.69918764481,130.249745568054,2.80578608598992e-16,-1454.9886889582,-944.409686331428,28.5610094015875,1.19763959715935e-14,5854,9484666.67103038
racethn_combn,Mexican-American,1999-2020,21.2,WTMEC.COMBN,age+gender,employ_status,pa_total_mets_wk,11115,18743105.2737979,146,gaussian (identity),Full-time employed (Intercept),4092.53889249451,261.845859803665,1.40020913991515e-32,3579.32100727932,4605.75677770969,13.7540477240654,6.41437968820852e-08,5432,10905672.8920203
racethn_combn,Mexican-American,1999-2020,21.2,WTMEC.COMBN,age+gender,employ_status,pa_total_mets_wk,11115,18743105.2737979,146,gaussian (identity),Part-time employed,-612.624002316264,256.926939862637,0.0184364033283001,-1116.20080444703,-109.047200185495,13.7540477240654,6.41437968820852e-08,1043,1809109.69047204
racethn_combn,Mexican-American,1999-2020,21.2,WTMEC.COMBN,age+gender,employ_status,pa_total_mets_wk,11115,18743105.2737979,146,gaussian (identity),Student,-1581.31544896933,325.728202502715,3.15890474016319e-06,-2219.74272587465,-942.888172064007,13.7540477240654,6.41437968820852e-08,320,463785.223751962
racethn_combn,Mexican-American,1999-2020,21.2,WTMEC.COMBN,age+gender,employ_status,pa_total_mets_wk,11115,18743105.2737979,146,gaussian (identity),Unemployed,-1186.00273179722,233.986629621958,1.23693516964889e-06,-1644.61652585626,-727.388937738183,13.7540477240654,6.41437968820852e-08,4320,5564537.4675536
racethn_combn,Other Hispanic,1999-2020,21.2,WTMEC.COMBN,age+gender,employ_status,pa_total_mets_wk,5232,13235522.8861442,140,gaussian (identity),Full-time employed (Intercept),4969.84535155646,345.474933420839,4.99517271895277e-29,4292.71448205161,5646.9762210613,6.94287931690742,0.000221623966212605,2469,7342621.76483828
racethn_combn,Other Hispanic,1999-2020,21.2,WTMEC.COMBN,age+gender,employ_status,pa_total_mets_wk,5232,13235522.8861442,140,gaussian (identity),Part-time employed,-799.577243465943,287.799626797369,0.00624427540582299,-1363.66451198879,-235.489974943101,6.94287931690742,0.000221623966212605,508,1248991.16951932
racethn_combn,Other Hispanic,1999-2020,21.2,WTMEC.COMBN,age+gender,employ_status,pa_total_mets_wk,5232,13235522.8861442,140,gaussian (identity),Student,-1318.73997484086,389.868556652584,0.000940051064597255,-2082.88234587993,-554.5976038018,6.94287931690742,0.000221623966212605,143,360722.32603796
racethn_combn,Other Hispanic,1999-2020,21.2,WTMEC.COMBN,age+gender,employ_status,pa_total_mets_wk,5232,13235522.8861442,140,gaussian (identity),Unemployed,-1030.13418785553,245.098088478637,4.76305168587239e-05,-1510.52644127365,-549.741934437397,6.94287931690742,0.000221623966212605,2112,4283187.62574864
racethn_combn,NHAsian,1999-2020,21.2,WTMEC.COMBN,age+gender,employ_status,pa_total_mets_wk,3417,5836878.62736538,70,gaussian (identity),Full-time employed (Intercept),3557.31515427622,272.28401562662,7.58966636242245e-20,3023.63848364804,4090.99182490439,15.2390163781668,1.29701640675493e-07,1773,3117283.17494066
racethn_combn,NHAsian,1999-2020,21.2,WTMEC.COMBN,age+gender,employ_status,pa_total_mets_wk,3417,5836878.62736538,70,gaussian (identity),Part-time employed,357.140356624035,288.028058277249,0.219451680929747,-207.394637599372,921.675350847443,15.2390163781668,1.29701640675493e-07,378,640650.931177132
racethn_combn,NHAsian,1999-2020,21.2,WTMEC.COMBN,age+gender,employ_status,pa_total_mets_wk,3417,5836878.62736538,70,gaussian (identity),Student,-1083.60425998208,201.517640124314,1.10142661796339e-06,-1478.57883462574,-688.629685338427,15.2390163781668,1.29701640675493e-07,197,282664.634493208
racethn_combn,NHAsian,1999-2020,21.2,WTMEC.COMBN,age+gender,employ_status,pa_total_mets_wk,3417,5836878.62736538,70,gaussian (identity),Unemployed,-439.585316202692,168.401145860157,0.0112166275252129,-769.651562088599,-109.519070316785,15.2390163781668,1.29701640675493e-07,1069,1796279.88675438
racethn_combn,Other/Multi-Racial,1999-2020,21.2,WTMEC.COMBN,age+gender,employ_status,pa_total_mets_wk,1051,3541013.35566168,72,gaussian (identity),Full-time employed (Intercept),7623.06066562391,888.57585414731,2.17981527861943e-12,5881.45199149518,9364.66933975263,5.43404056328396,0.00209418627682047,459,1732694.03594109
racethn_combn,Other/Multi-Racial,1999-2020,21.2,WTMEC.COMBN,age+gender,employ_status,pa_total_mets_wk,1051,3541013.35566168,72,gaussian (identity),Part-time employed,-1758.15216333426,831.394157341404,0.0381787097081787,-3387.68471172341,-128.619614945105,5.43404056328396,0.00209418627682047,137,457680.801935755
racethn_combn,Other/Multi-Racial,1999-2020,21.2,WTMEC.COMBN,age+gender,employ_status,pa_total_mets_wk,1051,3541013.35566168,72,gaussian (identity),Student,-3623.17094174402,1175.06985355656,0.00297136011123038,-5926.30785471488,-1320.03402877315,5.43404056328396,0.00209418627682047,40,91614.7762411698
racethn_combn,Other/Multi-Racial,1999-2020,21.2,WTMEC.COMBN,age+gender,employ_status,pa_total_mets_wk,1051,3541013.35566168,72,gaussian (identity),Unemployed,-1838.13548589078,584.362201744989,0.00247252521262596,-2983.48540131096,-692.785570470601,5.43404056328396,0.00209418627682047,415,1259023.74154366
racethn_combn,NHW,1999-2020,21.2,WTMEC.COMBN,age+gender,employ_status,pa_meets_guidelines,26658,151809448.311786,162,quasibinomial (logit),Full-time employed (Intercept),1.15662507642464,0.0634150079215103,1.28036075671685e-40,1.03233166089848,1.2809184919508,28.6817959515983,7.6390663665023e-15,11046,79760731.4580815
racethn_combn,NHW,1999-2020,21.2,WTMEC.COMBN,age+gender,employ_status,pa_meets_guidelines,26658,151809448.311786,162,quasibinomial (logit),Part-time employed,0.0882206255807569,0.0467320628779321,0.0608984288936182,-0.00337421765999003,0.179815468821504,28.6817959515983,7.6390663665023e-15,2801,16250326.8168861
racethn_combn,NHW,1999-2020,21.2,WTMEC.COMBN,age+gender,employ_status,pa_meets_guidelines,26658,151809448.311786,162,quasibinomial (logit),Student,0.293024955155548,0.151109203858789,0.0542749007466556,-0.00314908440767836,0.589198994718775,28.6817959515983,7.6390663665023e-15,505,2620205.97545391
racethn_combn,NHW,1999-2020,21.2,WTMEC.COMBN,age+gender,employ_status,pa_meets_guidelines,26658,151809448.311786,162,quasibinomial (logit),Unemployed,-0.319978264466076,0.0413590165351308,1.16080195296784e-12,-0.401041936874932,-0.238914592057219,28.6817959515983,7.6390663665023e-15,12306,53178184.061365
racethn_combn,Other/Multi-Racial/NHAsian,1999-2020,21.2,WTMEC.COMBN,age+gender,employ_status,pa_meets_guidelines,1495,6719670.59337294,85,quasibinomial (logit),Full-time employed (Intercept),0.0824041616387303,0.191156851451909,0.667568548712941,-0.29226326720701,0.457071590484471,4.9191034192342,0.00346041525725954,697,3781303.6449557
racethn_combn,Other/Multi-Racial/NHAsian,1999-2020,21.2,WTMEC.COMBN,age+gender,employ_status,pa_meets_guidelines,1495,6719670.59337294,85,quasibinomial (logit),Part-time employed,0.159163410985861,0.240745912244441,0.510430981595906,-0.312698577013244,0.631025398984966,4.9191034192342,0.00346041525725954,163,645266.4453552
racethn_combn,Other/Multi-Racial/NHAsian,1999-2020,21.2,WTMEC.COMBN,age+gender,employ_status,pa_meets_guidelines,1495,6719670.59337294,85,quasibinomial (logit),Student,0.975979470921693,0.276655875240452,0.000697480786706473,0.433733955450408,1.51822498639298,4.9191034192342,0.00346041525725954,76,251408.471541842
racethn_combn,Other/Multi-Racial/NHAsian,1999-2020,21.2,WTMEC.COMBN,age+gender,employ_status,pa_meets_guidelines,1495,6719670.59337294,85,quasibinomial (logit),Unemployed,-0.228398704488462,0.154906868888844,0.144291462897267,-0.532016167510596,0.0752187585336726,4.9191034192342,0.00346041525725954,559,2041692.03152019
racethn_combn,NHB,1999-2020,21.2,WTMEC.COMBN,age+gender,employ_status,pa_meets_guidelines,13809,25663297.8236099,154,quasibinomial (logit),Full-time employed (Intercept),0.890447849527708,0.0771501371647623,2.03690136628621e-22,0.739233580684774,1.04166211837064,25.2103463498421,3.00444479891738e-13,6160,13077171.1290892
racethn_combn,NHB,1999-2020,21.2,WTMEC.COMBN,age+gender,employ_status,pa_meets_guidelines,13809,25663297.8236099,154,quasibinomial (logit),Part-time employed,-0.110714982644063,0.0672638458487082,0.101875513085628,-0.242552120507531,0.0211221552194053,25.2103463498421,3.00444479891738e-13,1277,2347277.73464128
racethn_combn,NHB,1999-2020,21.2,WTMEC.COMBN,age+gender,employ_status,pa_meets_guidelines,13809,25663297.8236099,154,quasibinomial (logit),Student,0.209363236496987,0.146325314453348,0.154579538243189,-0.0774343798315742,0.496160852825548,25.2103463498421,3.00444479891738e-13,518,754182.288848992
racethn_combn,NHB,1999-2020,21.2,WTMEC.COMBN,age+gender,employ_status,pa_meets_guidelines,13809,25663297.8236099,154,quasibinomial (logit),Unemployed,-0.388732230606305,0.046671608302811,4.89307249650337e-14,-0.480208582879815,-0.297255878332796,25.2103463498421,3.00444479891738e-13,5854,9484666.67103038
racethn_combn,Mexican-American,1999-2020,21.2,WTMEC.COMBN,age+gender,employ_status,pa_meets_guidelines,11115,18743105.2737979,146,quasibinomial (logit),Full-time employed (Intercept),0.557677003314646,0.0908471740705009,7.97886742411792e-09,0.379616542136465,0.735737464492828,21.1300304515391,2.31080909025055e-11,5432,10905672.8920203
racethn_combn,Mexican-American,1999-2020,21.2,WTMEC.COMBN,age+gender,employ_status,pa_meets_guidelines,11115,18743105.2737979,146,quasibinomial (logit),Part-time employed,0.295510762545688,0.0945983198666526,0.0021670839327761,0.110098055607049,0.480923469484327,21.1300304515391,2.31080909025055e-11,1043,1809109.69047204
racethn_combn,Mexican-American,1999-2020,21.2,WTMEC.COMBN,age+gender,employ_status,pa_meets_guidelines,11115,18743105.2737979,146,quasibinomial (logit),Student,0.418012667751373,0.172285310482382,0.0165175544206247,0.0803334592059049,0.755691876296842,21.1300304515391,2.31080909025055e-11,320,463785.223751962
racethn_combn,Mexican-American,1999-2020,21.2,WTMEC.COMBN,age+gender,employ_status,pa_meets_guidelines,11115,18743105.2737979,146,quasibinomial (logit),Unemployed,-0.318756158397486,0.0543809497728025,3.1051186723986e-08,-0.425342819952179,-0.212169496842793,21.1300304515391,2.31080909025055e-11,4320,5564537.4675536
racethn_combn,Other Hispanic,1999-2020,21.2,WTMEC.COMBN,age+gender,employ_status,pa_meets_guidelines,5232,13235522.8861442,140,quasibinomial (logit),Full-time employed (Intercept),0.951102821196603,0.0974993221629762,2.42079971838216e-17,0.76000414975717,1.14220149263604,10.2885704860977,3.81579631838432e-06,2469,7342621.76483828
racethn_combn,Other Hispanic,1999-2020,21.2,WTMEC.COMBN,age+gender,employ_status,pa_meets_guidelines,5232,13235522.8861442,140,quasibinomial (logit),Part-time employed,-0.128612032235409,0.132735691875845,0.334311182425781,-0.388773988312065,0.131549923841247,10.2885704860977,3.81579631838432e-06,508,1248991.16951932
racethn_combn,Other Hispanic,1999-2020,21.2,WTMEC.COMBN,age+gender,employ_status,pa_meets_guidelines,5232,13235522.8861442,140,quasibinomial (logit),Student,0.811707355454171,0.261603591518846,0.00233513100051462,0.298964316077233,1.32445039483111,10.2885704860977,3.81579631838432e-06,143,360722.32603796
racethn_combn,Other Hispanic,1999-2020,21.2,WTMEC.COMBN,age+gender,employ_status,pa_meets_guidelines,5232,13235522.8861442,140,quasibinomial (logit),Unemployed,-0.395679017371141,0.0894701300332769,1.99063433427685e-05,-0.571040472236364,-0.220317562505918,10.2885704860977,3.81579631838432e-06,2112,4283187.62574864
racethn_combn,NHAsian,1999-2020,21.2,WTMEC.COMBN,age+gender,employ_status,pa_meets_guidelines,3417,5836878.62736538,70,quasibinomial (logit),Full-time employed (Intercept),1.15230891586438,0.177049194509389,1.26966853098591e-08,0.805292494625976,1.49932533710278,1.61156842848287,0.195230388022696,1773,3117283.17494066
racethn_combn,NHAsian,1999-2020,21.2,WTMEC.COMBN,age+gender,employ_status,pa_meets_guidelines,3417,5836878.62736538,70,quasibinomial (logit),Part-time employed,0.320458752435432,0.15962527631726,0.0488498128268483,0.00759321085360182,0.633324294017263,1.61156842848287,0.195230388022696,378,640650.931177132
racethn_combn,NHAsian,1999-2020,21.2,WTMEC.COMBN,age+gender,employ_status,pa_meets_guidelines,3417,5836878.62736538,70,quasibinomial (logit),Student,0.29754028046706,0.203916779353979,0.149346321030925,-0.102136607066739,0.69721716800086,1.61156842848287,0.195230388022696,197,282664.634493208
racethn_combn,NHAsian,1999-2020,21.2,WTMEC.COMBN,age+gender,employ_status,pa_meets_guidelines,3417,5836878.62736538,70,quasibinomial (logit),Unemployed,-0.0175242558379157,0.104985762646343,0.867950947852578,-0.223296350624747,0.188247838948916,1.61156842848287,0.195230388022696,1069,1796279.88675438
racethn_combn,Other/Multi-Racial,1999-2020,21.2,WTMEC.COMBN,age+gender,employ_status,pa_meets_guidelines,1051,3541013.35566168,72,quasibinomial (logit),Full-time employed (Intercept),2.10964516600096,0.273075396776885,7.52145435733856e-11,1.57441738831826,2.64487294368365,3.21375074607783,0.0283265651982023,459,1732694.03594109
racethn_combn,Other/Multi-Racial,1999-2020,21.2,WTMEC.COMBN,age+gender,employ_status,pa_meets_guidelines,1051,3541013.35566168,72,quasibinomial (logit),Part-time employed,0.00815854429970368,0.338814971715059,0.980860653328065,-0.655918800261812,0.672235888861219,3.21375074607783,0.0283265651982023,137,457680.801935755
racethn_combn,Other/Multi-Racial,1999-2020,21.2,WTMEC.COMBN,age+gender,employ_status,pa_meets_guidelines,1051,3541013.35566168,72,quasibinomial (logit),Student,-0.287653916338496,0.40452128126936,0.479492392698567,-1.08051562762644,0.505207794949451,3.21375074607783,0.0283265651982023,40,91614.7762411698
racethn_combn,Other/Multi-Racial,1999-2020,21.2,WTMEC.COMBN,age+gender,employ_status,pa_meets_guidelines,1051,3541013.35566168,72,quasibinomial (logit),Unemployed,-0.581257063629074,0.210059349416983,0.00730389868247011,-0.992973388486361,-0.169540738771787,3.21375074607783,0.0283265651982023,415,1259023.74154366
racethn_combn,NHB,2005-2020,15.2,WTDR.COMBN,age+gender,employ_status,hei2015_total,8098,26871305.7140381,114,gaussian (identity),Full-time employed (Intercept),41.9711476351564,0.511352191087914,7.84078616169832e-100,40.9688973406241,42.9733979296887,11.7870542479802,9.53803737993988e-07,3599,12782919.9151921
racethn_combn,NHB,2005-2020,15.2,WTDR.COMBN,age+gender,employ_status,hei2015_total,8098,26871305.7140381,114,gaussian (identity),Part-time employed,0.493317425283202,0.612187657719108,0.422097046132414,-0.70657038384625,1.69320523441265,11.7870542479802,9.53803737993988e-07,788,2711507.98054606
racethn_combn,NHB,2005-2020,15.2,WTDR.COMBN,age+gender,employ_status,hei2015_total,8098,26871305.7140381,114,gaussian (identity),Student,-0.328192357786214,0.71381732157219,0.646596495549433,-1.72727430806771,1.07088959249528,11.7870542479802,9.53803737993988e-07,292,921614.119289753
racethn_combn,NHB,2005-2020,15.2,WTDR.COMBN,age+gender,employ_status,hei2015_total,8098,26871305.7140381,114,gaussian (identity),Unemployed,-1.99908068332462,0.361473569603138,2.21285574284863e-07,-2.70756887974677,-1.29059248690247,11.7870542479802,9.53803737993988e-07,3419,10455263.6990102
racethn_combn,NHW,2005-2020,15.2,WTDR.COMBN,age+gender,employ_status,hei2015_total,15033,155458033.274237,118,gaussian (identity),Full-time employed (Intercept),44.6442827000524,0.56338777151523,7.19839119057321e-101,43.5400426678825,45.7485227322222,14.4982061860762,4.70468087903344e-08,6154,77101768.7620371
racethn_combn,NHW,2005-2020,15.2,WTDR.COMBN,age+gender,employ_status,hei2015_total,15033,155458033.274237,118,gaussian (identity),Part-time employed,-0.426071513505629,0.481312131959997,0.377912901180334,-1.36944329214722,0.517300265135966,14.4982061860762,4.70468087903344e-08,1655,18073317.2265832
racethn_combn,NHW,2005-2020,15.2,WTDR.COMBN,age+gender,employ_status,hei2015_total,15033,155458033.274237,118,gaussian (identity),Student,0.8077719447819,0.997170838744098,0.419606174502362,-1.14668289915653,2.76222678872033,14.4982061860762,4.70468087903344e-08,287,2902367.02410621
racethn_combn,NHW,2005-2020,15.2,WTDR.COMBN,age+gender,employ_status,hei2015_total,15033,155458033.274237,118,gaussian (identity),Unemployed,-2.27856184893116,0.359050381359077,4.72943513022664e-09,-2.98230059639495,-1.57482310146737,14.4982061860762,4.70468087903344e-08,6937,57380580.2615103
racethn_combn,Other Hispanic,2005-2020,15.2,WTDR.COMBN,age+gender,employ_status,hei2015_total,3322,13233663.9865827,107,gaussian (identity),Full-time employed (Intercept),46.0697442796354,0.880438067393181,1.67382337014815e-75,44.3440856675447,47.795402891726,8.42224654351572,4.70389245234828e-05,1559,6917890.57251191
racethn_combn,Other Hispanic,2005-2020,15.2,WTDR.COMBN,age+gender,employ_status,hei2015_total,3322,13233663.9865827,107,gaussian (identity),Part-time employed,-1.72656168811189,0.902270988450575,0.0584782044890394,-3.49501282547501,0.0418894492512405,8.42224654351572,4.70389245234828e-05,327,1375149.49295077
racethn_combn,Other Hispanic,2005-2020,15.2,WTDR.COMBN,age+gender,employ_status,hei2015_total,3322,13233663.9865827,107,gaussian (identity),Student,1.00251046211601,1.79370318225191,0.577451276707167,-2.51314777509774,4.51816869932976,8.42224654351572,4.70389245234828e-05,91,343508.13629142
racethn_combn,Other Hispanic,2005-2020,15.2,WTDR.COMBN,age+gender,employ_status,hei2015_total,3322,13233663.9865827,107,gaussian (identity),Unemployed,-2.9686205576087,0.633111165575209,8.5340096670694e-06,-4.20951844213611,-1.72772267308129,8.42224654351572,4.70389245234828e-05,1345,4597115.78482864
racethn_combn,Mexican-American,2005-2020,15.2,WTDR.COMBN,age+gender,employ_status,hei2015_total,5350,20307222.6460398,104,gaussian (identity),Full-time employed (Intercept),45.6702908570681,0.658996388975366,1.0432046719506e-85,44.3786579346764,46.9619237794598,0.717829681177831,0.543643463701511,2615,10875357.2148868
racethn_combn,Mexican-American,2005-2020,15.2,WTDR.COMBN,age+gender,employ_status,hei2015_total,5350,20307222.6460398,104,gaussian (identity),Part-time employed,0.912884536949899,0.641892810354992,0.158118199974456,-0.345225371345886,2.17099444524568,0.717829681177831,0.543643463701511,545,2425458.27140736
racethn_combn,Mexican-American,2005-2020,15.2,WTDR.COMBN,age+gender,employ_status,hei2015_total,5350,20307222.6460398,104,gaussian (identity),Student,0.131666660633435,0.905043379853565,0.884626869777919,-1.64221836387955,1.90555168514642,0.717829681177831,0.543643463701511,154,518600.245538316
racethn_combn,Mexican-American,2005-2020,15.2,WTDR.COMBN,age+gender,employ_status,hei2015_total,5350,20307222.6460398,104,gaussian (identity),Unemployed,0.29362682527923,0.465705975341274,0.529821360167002,-0.619156886389668,1.20641053694813,0.717829681177831,0.543643463701511,2036,6487806.91420735
racethn_combn,Other/Multi-Racial/NHAsian,2005-2020,15.2,WTDR.COMBN,age+gender,employ_status,hei2015_total,595,4785509.11602994,43,gaussian (identity),Full-time employed (Intercept),47.7115898991478,1.67838012753459,3.26212115803584e-27,44.42196484918,51.0012149491156,0.952617226629344,0.424961597509939,283,2570480.35382493
racethn_combn,Other/Multi-Racial/NHAsian,2005-2020,15.2,WTDR.COMBN,age+gender,employ_status,hei2015_total,595,4785509.11602994,43,gaussian (identity),Part-time employed,0.175007522092584,1.50969149136204,0.908324255652473,-2.78398780097701,3.13400284516218,0.952617226629344,0.424961597509939,81,680812.885013405
racethn_combn,Other/Multi-Racial/NHAsian,2005-2020,15.2,WTDR.COMBN,age+gender,employ_status,hei2015_total,595,4785509.11602994,43,gaussian (identity),Student,-3.45776003902858,2.26652904046882,0.135396562086024,-7.90015695834746,0.984636880290303,0.952617226629344,0.424961597509939,30,171397.559810548
racethn_combn,Other/Multi-Racial/NHAsian,2005-2020,15.2,WTDR.COMBN,age+gender,employ_status,hei2015_total,595,4785509.11602994,43,gaussian (identity),Unemployed,-0.853905401288612,1.58451283111424,0.593094306130322,-3.95955055027252,2.25173974769529,0.952617226629344,0.424961597509939,201,1362818.31738106
racethn_combn,NHAsian,2005-2020,15.2,WTDR.COMBN,age+gender,employ_status,hei2015_total,2163,8002229.0380415,68,gaussian (identity),Full-time employed (Intercept),49.4914427878111,1.27801402061454,1.20729435415319e-45,46.9865353074066,51.9963502682156,2.02107131252272,0.119961197386936,1171,4356202.77149005
racethn_combn,NHAsian,2005-2020,15.2,WTDR.COMBN,age+gender,employ_status,hei2015_total,2163,8002229.0380415,68,gaussian (identity),Part-time employed,-2.99739953885842,1.45515862350842,0.0435505005188975,-5.84951044093493,-0.145288636781909,2.02107131252272,0.119961197386936,263,1042881.47355602
racethn_combn,NHAsian,2005-2020,15.2,WTDR.COMBN,age+gender,employ_status,hei2015_total,2163,8002229.0380415,68,gaussian (identity),Student,-0.554161124960697,1.465014700917,0.706506713032437,-3.42558993875801,2.31726768883662,2.02107131252272,0.119961197386936,132,419712.991480561
racethn_combn,NHAsian,2005-2020,15.2,WTDR.COMBN,age+gender,employ_status,hei2015_total,2163,8002229.0380415,68,gaussian (identity),Unemployed,0.809978127609252,0.805521950271955,0.318487303422077,-0.76884489492378,2.38880115014229,2.02107131252272,0.119961197386936,597,2183431.80151486
racethn_combn,Other/Multi-Racial,2005-2020,15.2,WTDR.COMBN,age+gender,employ_status,hei2015_total,801,4984048.03332611,72,gaussian (identity),Full-time employed (Intercept),43.9838734196574,1.8476722308282,2.09745258428114e-34,40.3624358472341,47.6053109920807,1.90127581209431,0.137784924512094,347,2328494.27033843
racethn_combn,Other/Multi-Racial,2005-2020,15.2,WTDR.COMBN,age+gender,employ_status,hei2015_total,801,4984048.03332611,72,gaussian (identity),Part-time employed,-1.21698290585849,1.43157875213487,0.39829801650408,-4.02287726004283,1.58891144832585,1.90127581209431,0.137784924512094,106,735955.618497389
racethn_combn,Other/Multi-Racial,2005-2020,15.2,WTDR.COMBN,age+gender,employ_status,hei2015_total,801,4984048.03332611,72,gaussian (identity),Student,0.130716721274377,2.01188634993346,0.948389590927415,-3.8125805245952,4.07401396714395,1.90127581209431,0.137784924512094,31,105536.488277481
racethn_combn,Other/Multi-Racial,2005-2020,15.2,WTDR.COMBN,age+gender,employ_status,hei2015_total,801,4984048.03332611,72,gaussian (identity),Unemployed,-3.26902578688957,1.4188764580376,0.0243339003311959,-6.05002364464327,-0.48802792913588,1.90127581209431,0.137784924512094,317,1814061.65621281
racethn_combn,NHB,2005-2020,15.2,WTDR.COMBN,age+gender,employ_status,ahei_total,8082,26808643.4965874,114,gaussian (identity),Full-time employed (Intercept),36.793097009164,0.439908088988653,1.04046963915337e-100,35.9308771547462,37.6553168635818,22.4057685312511,2.2420745639365e-11,3592,12749704.9630944
racethn_combn,NHB,2005-2020,15.2,WTDR.COMBN,age+gender,employ_status,ahei_total,8082,26808643.4965874,114,gaussian (identity),Part-time employed,-0.219949882427428,0.464387580691167,0.636707991443004,-1.13014954058211,0.690249775727259,22.4057685312511,2.2420745639365e-11,785,2698077.8916609
racethn_combn,NHB,2005-2020,15.2,WTDR.COMBN,age+gender,employ_status,ahei_total,8082,26808643.4965874,114,gaussian (identity),Student,-1.24855040140377,0.622761415525001,0.0474567082397865,-2.46916277583277,-0.0279380269747704,22.4057685312511,2.2420745639365e-11,292,921614.119289753
racethn_combn,NHB,2005-2020,15.2,WTDR.COMBN,age+gender,employ_status,ahei_total,8082,26808643.4965874,114,gaussian (identity),Unemployed,-2.59829792501512,0.318410280684868,6.3271054134241e-13,-3.22238207515746,-1.97421377487278,22.4057685312511,2.2420745639365e-11,3413,10439246.5225424
racethn_combn,NHW,2005-2020,15.2,WTDR.COMBN,age+gender,employ_status,ahei_total,15016,155310684.042203,118,gaussian (identity),Full-time employed (Intercept),38.7689016374359,0.519646972328401,5.76649687349527e-98,37.7503935716722,39.7874097031995,26.291895245062,5.64839843526866e-13,6148,77014778.7072382
racethn_combn,NHW,2005-2020,15.2,WTDR.COMBN,age+gender,employ_status,ahei_total,15016,155310684.042203,118,gaussian (identity),Part-time employed,-0.355839687285013,0.406821870724818,0.383602340407583,-1.15321055390566,0.441531179335631,26.291895245062,5.64839843526866e-13,1654,18068223.0064226
racethn_combn,NHW,2005-2020,15.2,WTDR.COMBN,age+gender,employ_status,ahei_total,15016,155310684.042203,118,gaussian (identity),Student,0.198994863596137,0.779887558696234,0.799064585969346,-1.32958475144848,1.72757447864076,26.291895245062,5.64839843526866e-13,287,2902367.02410621
racethn_combn,NHW,2005-2020,15.2,WTDR.COMBN,age+gender,employ_status,ahei_total,15016,155310684.042203,118,gaussian (identity),Unemployed,-2.65565832752389,0.310446928621722,6.60369810063082e-14,-3.26413430762246,-2.04718234742531,26.291895245062,5.64839843526866e-13,6927,57325315.304436
racethn_combn,Other Hispanic,2005-2020,15.2,WTDR.COMBN,age+gender,employ_status,ahei_total,3321,13225299.9393941,107,gaussian (identity),Full-time employed (Intercept),39.6698538031145,0.702099810842739,8.60957877409561e-79,38.2937381738627,41.0459694323662,14.7745768209934,4.64453271166818e-08,1559,6917890.57251191
racethn_combn,Other Hispanic,2005-2020,15.2,WTDR.COMBN,age+gender,employ_status,ahei_total,3321,13225299.9393941,107,gaussian (identity),Part-time employed,-1.424170592095,0.684254740568355,0.0399064123947251,-2.76530988360898,-0.0830313005810244,14.7745768209934,4.64453271166818e-08,327,1375149.49295077
racethn_combn,Other Hispanic,2005-2020,15.2,WTDR.COMBN,age+gender,employ_status,ahei_total,3321,13225299.9393941,107,gaussian (identity),Student,-1.5653392283721,1.47857697433455,0.292246432364289,-4.46335009806781,1.33267164132361,14.7745768209934,4.64453271166818e-08,91,343508.13629142
racethn_combn,Other Hispanic,2005-2020,15.2,WTDR.COMBN,age+gender,employ_status,ahei_total,3321,13225299.9393941,107,gaussian (identity),Unemployed,-3.43688976940934,0.517497758868931,1.540839131268e-09,-4.45118537679244,-2.42259416202623,14.7745768209934,4.64453271166818e-08,1344,4588751.73764001
racethn_combn,Mexican-American,2005-2020,15.2,WTDR.COMBN,age+gender,employ_status,ahei_total,5348,20289546.5254327,104,gaussian (identity),Full-time employed (Intercept),40.0817628361138,0.551050661820529,9.51898309015645e-88,39.0017035389455,41.161822133282,8.88137056717447,2.86976395604528e-05,2614,10864470.3866863
racethn_combn,Mexican-American,2005-2020,15.2,WTDR.COMBN,age+gender,employ_status,ahei_total,5348,20289546.5254327,104,gaussian (identity),Part-time employed,1.01102835874622,0.500204118656329,0.0459552849240736,0.0306282861798174,1.99142843131263,8.88137056717447,2.86976395604528e-05,544,2418668.97900065
racethn_combn,Mexican-American,2005-2020,15.2,WTDR.COMBN,age+gender,employ_status,ahei_total,5348,20289546.5254327,104,gaussian (identity),Student,-1.99321075512631,0.699662573833493,0.00533805005632912,-3.36454939983996,-0.621872110412665,8.88137056717447,2.86976395604528e-05,154,518600.245538316
racethn_combn,Mexican-American,2005-2020,15.2,WTDR.COMBN,age+gender,employ_status,ahei_total,5348,20289546.5254327,104,gaussian (identity),Unemployed,-1.07622344469051,0.351766007297348,0.00285283104922217,-1.76568481899331,-0.386762070387709,8.88137056717447,2.86976395604528e-05,2036,6487806.91420735
racethn_combn,Other/Multi-Racial/NHAsian,2005-2020,15.2,WTDR.COMBN,age+gender,employ_status,ahei_total,594,4775648.94203455,43,gaussian (identity),Full-time employed (Intercept),38.3623364586377,1.44017587907099,3.44140453497426e-26,35.5395917356586,41.1850811816168,2.7534647815404,0.0557799934000362,283,2570480.35382493
racethn_combn,Other/Multi-Racial/NHAsian,2005-2020,15.2,WTDR.COMBN,age+gender,employ_status,ahei_total,594,4775648.94203455,43,gaussian (identity),Part-time employed,-0.408803532109393,1.30593994486897,0.755966545399652,-2.96844582405257,2.15083875983379,2.7534647815404,0.0557799934000362,81,680812.885013405
racethn_combn,Other/Multi-Racial/NHAsian,2005-2020,15.2,WTDR.COMBN,age+gender,employ_status,ahei_total,594,4775648.94203455,43,gaussian (identity),Student,-4.60593663546151,2.09281004002192,0.0338957096639023,-8.70784431390447,-0.504028957018551,2.7534647815404,0.0557799934000362,30,171397.559810548
racethn_combn,Other/Multi-Racial/NHAsian,2005-2020,15.2,WTDR.COMBN,age+gender,employ_status,ahei_total,594,4775648.94203455,43,gaussian (identity),Unemployed,-2.41463569877444,1.26965235947764,0.0647972677158087,-4.90315432335062,0.0738829258017422,2.7534647815404,0.0557799934000362,200,1352958.14338567
racethn_combn,NHAsian,2005-2020,15.2,WTDR.COMBN,age+gender,employ_status,ahei_total,2163,8002229.0380415,68,gaussian (identity),Full-time employed (Intercept),43.4436380202657,1.14796695484005,4.85405417143563e-45,41.1936227887792,45.6936532517522,2.38060584193046,0.077927903978742,1171,4356202.77149005
racethn_combn,NHAsian,2005-2020,15.2,WTDR.COMBN,age+gender,employ_status,ahei_total,2163,8002229.0380415,68,gaussian (identity),Part-time employed,-3.69895822198651,1.43265358532537,0.0121634953718618,-6.50695924922423,-0.890957194748777,2.38060584193046,0.077927903978742,263,1042881.47355602
racethn_combn,NHAsian,2005-2020,15.2,WTDR.COMBN,age+gender,employ_status,ahei_total,2163,8002229.0380415,68,gaussian (identity),Student,-2.15288827578963,1.39041981364837,0.126541736399096,-4.87811111054044,0.572334558961171,2.38060584193046,0.077927903978742,132,419712.991480561
racethn_combn,NHAsian,2005-2020,15.2,WTDR.COMBN,age+gender,employ_status,ahei_total,2163,8002229.0380415,68,gaussian (identity),Unemployed,-0.538267359310634,0.753738927943655,0.477784574970742,-2.0155956580802,0.939060939458931,2.38060584193046,0.077927903978742,597,2183431.80151486
racethn_combn,Other/Multi-Racial,2005-2020,15.2,WTDR.COMBN,age+gender,employ_status,ahei_total,801,4984048.03332611,72,gaussian (identity),Full-time employed (Intercept),39.3657931861838,1.95600356313026,4.11793999802822e-30,35.5320262024485,43.1995601699191,2.74354140444127,0.0498814934775951,347,2328494.27033843
racethn_combn,Other/Multi-Racial,2005-2020,15.2,WTDR.COMBN,age+gender,employ_status,ahei_total,801,4984048.03332611,72,gaussian (identity),Part-time employed,0.740678570427366,1.21723491099881,0.544918218075872,-1.6451018551303,3.12645899598504,2.74354140444127,0.0498814934775951,106,735955.618497389
racethn_combn,Other/Multi-Racial,2005-2020,15.2,WTDR.COMBN,age+gender,employ_status,ahei_total,801,4984048.03332611,72,gaussian (identity),Student,-1.26643709789894,2.66128419714377,0.635711874262198,-6.48255412430072,3.94967992850285,2.74354140444127,0.0498814934775951,31,105536.488277481
racethn_combn,Other/Multi-Racial,2005-2020,15.2,WTDR.COMBN,age+gender,employ_status,ahei_total,801,4984048.03332611,72,gaussian (identity),Unemployed,-3.13434092289468,1.41061256842096,0.0296664984158797,-5.89914155699977,-0.369540288789596,2.74354140444127,0.0498814934775951,317,1814061.65621281
racethn_combn,NHB,2005-2020,15.2,WTDR.COMBN,age+gender,employ_status,dii_total,8082,26808643.4965874,114,gaussian (identity),Full-time employed (Intercept),3.35892967460818,0.0979471258702309,3.19952832301335e-60,3.16695330790253,3.55090604131383,19.6331985329441,3.00443256655445e-10,3592,12749704.9630944
racethn_combn,NHB,2005-2020,15.2,WTDR.COMBN,age+gender,employ_status,dii_total,8082,26808643.4965874,114,gaussian (identity),Part-time employed,0.0969795296131015,0.0918299158500224,0.293267797748062,-0.0830071054529423,0.276966164679145,19.6331985329441,3.00443256655445e-10,785,2698077.8916609
racethn_combn,NHB,2005-2020,15.2,WTDR.COMBN,age+gender,employ_status,dii_total,8082,26808643.4965874,114,gaussian (identity),Student,0.0424647190333854,0.173214345514561,0.806795791296609,-0.297035398175154,0.381964836241925,19.6331985329441,3.00443256655445e-10,292,921614.119289753
racethn_combn,NHB,2005-2020,15.2,WTDR.COMBN,age+gender,employ_status,dii_total,8082,26808643.4965874,114,gaussian (identity),Unemployed,0.400207595927575,0.0530884031254822,1.49895421826437e-11,0.29615432580163,0.504260866053521,19.6331985329441,3.00443256655445e-10,3413,10439246.5225424
racethn_combn,NHW,2005-2020,15.2,WTDR.COMBN,age+gender,employ_status,dii_total,15016,155310684.042203,118,gaussian (identity),Full-time employed (Intercept),3.04476915559967,0.115867456614713,5.92774972979939e-50,2.81766894063483,3.2718693705645,24.5248102574527,2.69624025153628e-12,6148,77014778.7072382
racethn_combn,NHW,2005-2020,15.2,WTDR.COMBN,age+gender,employ_status,dii_total,15016,155310684.042203,118,gaussian (identity),Part-time employed,0.0918093171274932,0.0863473799723457,0.289933070758363,-0.0774315476183043,0.261050181873291,24.5248102574527,2.69624025153628e-12,1654,18068223.0064226
racethn_combn,NHW,2005-2020,15.2,WTDR.COMBN,age+gender,employ_status,dii_total,15016,155310684.042203,118,gaussian (identity),Student,0.178553677158643,0.192227287600085,0.354937709989647,-0.198211806537524,0.555319160854809,24.5248102574527,2.69624025153628e-12,287,2902367.02410621
racethn_combn,NHW,2005-2020,15.2,WTDR.COMBN,age+gender,employ_status,dii_total,15016,155310684.042203,118,gaussian (identity),Unemployed,0.534520611938783,0.0646037406983212,2.87341736218399e-13,0.407897280170073,0.661143943707492,24.5248102574527,2.69624025153628e-12,6927,57325315.304436
racethn_combn,Other Hispanic,2005-2020,15.2,WTDR.COMBN,age+gender,employ_status,dii_total,3321,13225299.9393941,107,gaussian (identity),Full-time employed (Intercept),2.83548982100792,0.168528785017417,3.4471356954168e-31,2.50517340237378,3.16580623964205,8.83697663822196,2.9146479597865e-05,1559,6917890.57251191
racethn_combn,Other Hispanic,2005-2020,15.2,WTDR.COMBN,age+gender,employ_status,dii_total,3321,13225299.9393941,107,gaussian (identity),Part-time employed,0.333026806735683,0.140994857881593,0.020076012016453,0.0566768852877608,0.609376728183606,8.83697663822196,2.9146479597865e-05,327,1375149.49295077
racethn_combn,Other Hispanic,2005-2020,15.2,WTDR.COMBN,age+gender,employ_status,dii_total,3321,13225299.9393941,107,gaussian (identity),Student,0.471222466834008,0.244793818267105,0.0570179105313578,-0.00857341696951747,0.951018350637533,8.83697663822196,2.9146479597865e-05,91,343508.13629142
racethn_combn,Other Hispanic,2005-2020,15.2,WTDR.COMBN,age+gender,employ_status,dii_total,3321,13225299.9393941,107,gaussian (identity),Unemployed,0.543945960136807,0.116087982754573,8.64804575090706e-06,0.316413513937844,0.771478406335771,8.83697663822196,2.9146479597865e-05,1344,4588751.73764001
racethn_combn,Mexican-American,2005-2020,15.2,WTDR.COMBN,age+gender,employ_status,dii_total,5348,20289546.5254327,104,gaussian (identity),Full-time employed (Intercept),2.45697122694335,0.1194172732406,1.56262909748478e-37,2.22291337139178,2.69102908249493,4.70122811918437,0.00412427142500412,2614,10864470.3866863
racethn_combn,Mexican-American,2005-2020,15.2,WTDR.COMBN,age+gender,employ_status,dii_total,5348,20289546.5254327,104,gaussian (identity),Part-time employed,0.0108708950692636,0.107590775696706,0.919723622533848,-0.20000702529628,0.221748815434807,4.70122811918437,0.00412427142500412,544,2418668.97900065
racethn_combn,Mexican-American,2005-2020,15.2,WTDR.COMBN,age+gender,employ_status,dii_total,5348,20289546.5254327,104,gaussian (identity),Student,0.560201224865497,0.196580866747487,0.00532402313454025,0.174902726040423,0.945499723690572,4.70122811918437,0.00412427142500412,154,518600.245538316
racethn_combn,Mexican-American,2005-2020,15.2,WTDR.COMBN,age+gender,employ_status,dii_total,5348,20289546.5254327,104,gaussian (identity),Unemployed,0.259005864440241,0.101249618977829,0.0120405087154774,0.060556611243695,0.457455117636786,4.70122811918437,0.00412427142500412,2036,6487806.91420735
racethn_combn,Other/Multi-Racial/NHAsian,2005-2020,15.2,WTDR.COMBN,age+gender,employ_status,dii_total,594,4775648.94203455,43,gaussian (identity),Full-time employed (Intercept),2.57520036804485,0.322437791976278,1.18624726044416e-09,1.94322229577134,3.20717844031835,2.99018991439869,0.0428859739505932,283,2570480.35382493
racethn_combn,Other/Multi-Racial/NHAsian,2005-2020,15.2,WTDR.COMBN,age+gender,employ_status,dii_total,594,4775648.94203455,43,gaussian (identity),Part-time employed,0.583128707174231,0.344310175862903,0.0985217847949504,-0.0917192375170577,1.25797665186552,2.99018991439869,0.0428859739505932,81,680812.885013405
racethn_combn,Other/Multi-Racial/NHAsian,2005-2020,15.2,WTDR.COMBN,age+gender,employ_status,dii_total,594,4775648.94203455,43,gaussian (identity),Student,1.00121243788893,0.409660370962559,0.01927792558557,0.198278110802313,1.80414676497555,2.99018991439869,0.0428859739505932,30,171397.559810548
racethn_combn,Other/Multi-Racial/NHAsian,2005-2020,15.2,WTDR.COMBN,age+gender,employ_status,dii_total,594,4775648.94203455,43,gaussian (identity),Unemployed,0.753627936241777,0.293272363201966,0.0142246048858422,0.178814104365924,1.32844176811763,2.99018991439869,0.0428859739505932,200,1352958.14338567
racethn_combn,NHAsian,2005-2020,15.2,WTDR.COMBN,age+gender,employ_status,dii_total,2163,8002229.0380415,68,gaussian (identity),Full-time employed (Intercept),2.08220879471286,0.194651441630701,8.4565668168662e-16,1.70069196911669,2.46372562030904,2.16579542978042,0.100848965153594,1171,4356202.77149005
racethn_combn,NHAsian,2005-2020,15.2,WTDR.COMBN,age+gender,employ_status,dii_total,2163,8002229.0380415,68,gaussian (identity),Part-time employed,0.350332169147662,0.159010969117492,0.031245626044031,0.0386706696773777,0.661993668617946,2.16579542978042,0.100848965153594,263,1042881.47355602
racethn_combn,NHAsian,2005-2020,15.2,WTDR.COMBN,age+gender,employ_status,dii_total,2163,8002229.0380415,68,gaussian (identity),Student,0.343413609814317,0.238000758880574,0.153999734543625,-0.123067877591608,0.809895097220241,2.16579542978042,0.100848965153594,132,419712.991480561
racethn_combn,NHAsian,2005-2020,15.2,WTDR.COMBN,age+gender,employ_status,dii_total,2163,8002229.0380415,68,gaussian (identity),Unemployed,0.0260480378169892,0.124455730911903,0.834892785545192,-0.217885194770341,0.269981270404319,2.16579542978042,0.100848965153594,597,2183431.80151486
racethn_combn,Other/Multi-Racial,2005-2020,15.2,WTDR.COMBN,age+gender,employ_status,dii_total,801,4984048.03332611,72,gaussian (identity),Full-time employed (Intercept),2.91297365425583,0.296720692382959,1.34631502427058e-14,2.33140109718523,3.49454621132643,2.57245700662244,0.0613210324454842,347,2328494.27033843
racethn_combn,Other/Multi-Racial,2005-2020,15.2,WTDR.COMBN,age+gender,employ_status,dii_total,801,4984048.03332611,72,gaussian (identity),Part-time employed,-0.398639445959186,0.320025821015465,0.217232273589792,-1.0258900551495,0.228611163231125,2.57245700662244,0.0613210324454842,106,735955.618497389
racethn_combn,Other/Multi-Racial,2005-2020,15.2,WTDR.COMBN,age+gender,employ_status,dii_total,801,4984048.03332611,72,gaussian (identity),Student,-0.482659979468501,0.372324186409969,0.199304674530811,-1.21241538483204,0.247095425895038,2.57245700662244,0.0613210324454842,31,105536.488277481
racethn_combn,Other/Multi-Racial,2005-2020,15.2,WTDR.COMBN,age+gender,employ_status,dii_total,801,4984048.03332611,72,gaussian (identity),Unemployed,0.523814384756507,0.236079688982917,0.0298917739635538,0.0610981943499887,0.986530575163025,2.57245700662244,0.0613210324454842,317,1814061.65621281
racethn_combn,NHW,1999-2020,21.2,WTMEC.COMBN,age+gender,employ_status,dietsuppl_any,26744,152238691.69507,162,quasibinomial (logit),Full-time employed (Intercept),-2.10265534214146,0.0747669727782319,3.50485727293234e-63,-2.24919860878679,-1.95611207549612,5.16192156142339,0.00198143250338992,11078,79974958.9562356
racethn_combn,NHW,1999-2020,21.2,WTMEC.COMBN,age+gender,employ_status,dietsuppl_any,26744,152238691.69507,162,quasibinomial (logit),Part-time employed,0.116041078611178,0.05506374167544,0.036672229508084,0.00811614492731513,0.22396601229504,5.16192156142339,0.00198143250338992,2807,16277957.2022922
racethn_combn,NHW,1999-2020,21.2,WTMEC.COMBN,age+gender,employ_status,dietsuppl_any,26744,152238691.69507,162,quasibinomial (logit),Student,0.268537449647169,0.133661295272655,0.0462414200198829,0.00656131091276557,0.530513588381573,5.16192156142339,0.00198143250338992,506,2626294.96222659
racethn_combn,NHW,1999-2020,21.2,WTMEC.COMBN,age+gender,employ_status,dietsuppl_any,26744,152238691.69507,162,quasibinomial (logit),Unemployed,-0.120140397283824,0.0525280558074723,0.0235217944240874,-0.22309538666647,-0.0171854079011783,5.16192156142339,0.00198143250338992,12353,53359480.5743157
racethn_combn,Other/Multi-Racial/NHAsian,1999-2020,21.2,WTMEC.COMBN,age+gender,employ_status,dietsuppl_any,1502,6756147.18378954,85,quasibinomial (logit),Full-time employed (Intercept),-2.8351489674883,0.274801974669388,2.33737916854639e-16,-3.3737608378403,-2.2965370971363,1.2825858776026,0.286061334971732,700,3784659.89456618
racethn_combn,Other/Multi-Racial/NHAsian,1999-2020,21.2,WTMEC.COMBN,age+gender,employ_status,dietsuppl_any,1502,6756147.18378954,85,quasibinomial (logit),Part-time employed,0.420969421897185,0.284109193591386,0.14234392351375,-0.135884597541931,0.977823441336301,1.2825858776026,0.286061334971732,163,645266.4453552
racethn_combn,Other/Multi-Racial/NHAsian,1999-2020,21.2,WTMEC.COMBN,age+gender,employ_status,dietsuppl_any,1502,6756147.18378954,85,quasibinomial (logit),Student,-0.265532786648393,0.50042981220851,0.597159351255132,-1.24637521857707,0.715309645280285,1.2825858776026,0.286061334971732,77,257481.858317974
racethn_combn,Other/Multi-Racial/NHAsian,1999-2020,21.2,WTMEC.COMBN,age+gender,employ_status,dietsuppl_any,1502,6756147.18378954,85,quasibinomial (logit),Unemployed,-0.0926142743592925,0.231525545326481,0.690209723429063,-0.546404343199196,0.361175794480611,1.2825858776026,0.286061334971732,562,2068738.98555019
racethn_combn,NHB,1999-2020,21.2,WTMEC.COMBN,age+gender,employ_status,dietsuppl_any,13867,25762006.0484469,154,quasibinomial (logit),Full-time employed (Intercept),-2.63291683501693,0.0821951071918783,1.06151067064292e-68,-2.79401924511301,-2.47181442492085,6.06491356108545,0.000635705019450454,6180,13117256.2733979
racethn_combn,NHB,1999-2020,21.2,WTMEC.COMBN,age+gender,employ_status,dietsuppl_any,13867,25762006.0484469,154,quasibinomial (logit),Part-time employed,0.137118558996759,0.0909615275838138,0.13381659229368,-0.0411660350675166,0.315403153061034,6.06491356108545,0.000635705019450454,1285,2360351.79534634
racethn_combn,NHB,1999-2020,21.2,WTMEC.COMBN,age+gender,employ_status,dietsuppl_any,13867,25762006.0484469,154,quasibinomial (logit),Student,-0.169013547371061,0.186681937686268,0.366738632423779,-0.534910145236146,0.196883050494023,6.06491356108545,0.000635705019450454,518,754182.288848992
racethn_combn,NHB,1999-2020,21.2,WTMEC.COMBN,age+gender,employ_status,dietsuppl_any,13867,25762006.0484469,154,quasibinomial (logit),Unemployed,-0.225059498855825,0.0648161949584573,0.00067563418803047,-0.352099240974402,-0.0980197567372487,6.06491356108545,0.000635705019450454,5884,9530215.6908537
racethn_combn,Mexican-American,1999-2020,21.2,WTMEC.COMBN,age+gender,employ_status,dietsuppl_any,11148,18800923.0802582,146,quasibinomial (logit),Full-time employed (Intercept),-2.64926152011841,0.11900694587473,5.35626235179322e-48,-2.88251513403288,-2.41600790620394,5.24027622560022,0.00185393917131811,5446,10935627.9832228
racethn_combn,Mexican-American,1999-2020,21.2,WTMEC.COMBN,age+gender,employ_status,dietsuppl_any,11148,18800923.0802582,146,quasibinomial (logit),Part-time employed,0.197946987278963,0.10939179449803,0.0724997877295027,-0.0164609299371759,0.412354904495102,5.24027622560022,0.00185393917131811,1045,1811278.24336404
racethn_combn,Mexican-American,1999-2020,21.2,WTMEC.COMBN,age+gender,employ_status,dietsuppl_any,11148,18800923.0802582,146,quasibinomial (logit),Student,0.292158236431485,0.279793960812217,0.298184096776702,-0.25623792676046,0.84055439962343,5.24027622560022,0.00185393917131811,320,463785.223751962
racethn_combn,Mexican-American,1999-2020,21.2,WTMEC.COMBN,age+gender,employ_status,dietsuppl_any,11148,18800923.0802582,146,quasibinomial (logit),Unemployed,-0.231076351746066,0.0681556236439553,0.00090546049742797,-0.364661374088218,-0.0974913294039135,5.24027622560022,0.00185393917131811,4337,5590231.62991932
racethn_combn,Other Hispanic,1999-2020,21.2,WTMEC.COMBN,age+gender,employ_status,dietsuppl_any,5250,13268488.7155347,140,quasibinomial (logit),Full-time employed (Intercept),-2.19720669873001,0.144775000629425,5.62844459825181e-31,-2.48096569996368,-1.91344769749633,1.60594767011015,0.19094113928252,2476,7357898.39461887
racethn_combn,Other Hispanic,1999-2020,21.2,WTMEC.COMBN,age+gender,employ_status,dietsuppl_any,5250,13268488.7155347,140,quasibinomial (logit),Part-time employed,-0.0945237311221271,0.128704274538826,0.463963046567181,-0.346784109218227,0.157736646973972,1.60594767011015,0.19094113928252,508,1248991.16951932
racethn_combn,Other Hispanic,1999-2020,21.2,WTMEC.COMBN,age+gender,employ_status,dietsuppl_any,5250,13268488.7155347,140,quasibinomial (logit),Student,0.307476586390392,0.279294339145019,0.272896990826856,-0.239940318333845,0.854893491114629,1.60594767011015,0.19094113928252,143,360722.32603796
racethn_combn,Other Hispanic,1999-2020,21.2,WTMEC.COMBN,age+gender,employ_status,dietsuppl_any,5250,13268488.7155347,140,quasibinomial (logit),Unemployed,-0.126230017297585,0.0881324410201948,0.154376118021123,-0.298969601697167,0.0465095671019967,1.60594767011015,0.19094113928252,2123,4300876.82535855
racethn_combn,NHAsian,1999-2020,21.2,WTMEC.COMBN,age+gender,employ_status,dietsuppl_any,3424,5846650.67119076,70,quasibinomial (logit),Full-time employed (Intercept),-1.60700313728573,0.14397665973402,9.39878344212568e-17,-1.88919739036441,-1.32480888420705,1.72153504478146,0.171254033269424,1777,3120616.04849598
racethn_combn,NHAsian,1999-2020,21.2,WTMEC.COMBN,age+gender,employ_status,dietsuppl_any,3424,5846650.67119076,70,quasibinomial (logit),Part-time employed,0.205366959739152,0.132982763837098,0.127367657423627,-0.05527925738156,0.466013176859863,1.72153504478146,0.171254033269424,378,640650.931177132
racethn_combn,NHAsian,1999-2020,21.2,WTMEC.COMBN,age+gender,employ_status,dietsuppl_any,3424,5846650.67119076,70,quasibinomial (logit),Student,-0.00138466080535524,0.188178862177521,0.99415158280225,-0.370215230673297,0.367445909062586,1.72153504478146,0.171254033269424,197,282664.634493208
racethn_combn,NHAsian,1999-2020,21.2,WTMEC.COMBN,age+gender,employ_status,dietsuppl_any,3424,5846650.67119076,70,quasibinomial (logit),Unemployed,-0.124316309538157,0.0811573531651444,0.130426273453651,-0.28338472174184,0.0347521026655257,1.72153504478146,0.171254033269424,1072,1802719.05702443
racethn_combn,Other/Multi-Racial,1999-2020,21.2,WTMEC.COMBN,age+gender,employ_status,dietsuppl_any,1060,3569298.21028511,72,quasibinomial (logit),Full-time employed (Intercept),-1.57233555018402,0.26167026104013,8.56245497320354e-08,-2.08520926182267,-1.05946183854536,0.394904270903974,0.757070638125517,462,1747801.5581484
racethn_combn,Other/Multi-Racial,1999-2020,21.2,WTMEC.COMBN,age+gender,employ_status,dietsuppl_any,1060,3569298.21028511,72,quasibinomial (logit),Part-time employed,-0.106740185951568,0.248939843067609,0.66945951984452,-0.594662278364082,0.381181906460945,0.394904270903974,0.757070638125517,138,458577.990371528
racethn_combn,Other/Multi-Racial,1999-2020,21.2,WTMEC.COMBN,age+gender,employ_status,dietsuppl_any,1060,3569298.21028511,72,quasibinomial (logit),Student,0.1900299668319,0.563736867458681,0.737102879724304,-0.914894293387116,1.29495422705092,0.394904270903974,0.757070638125517,40,91614.7762411698
racethn_combn,Other/Multi-Racial,1999-2020,21.2,WTMEC.COMBN,age+gender,employ_status,dietsuppl_any,1060,3569298.21028511,72,quasibinomial (logit),Unemployed,-0.212046461878036,0.225652670230565,0.35074556687479,-0.654325695529943,0.230232771773871,0.394904270903974,0.757070638125517,420,1271303.88552402
racethn_combn,Other/Multi-Racial/NHAsian,2007-2020,13.2,WTMEC.COMBN,age+gender,employ_status,dietsuppl_num,544,3991104.00585349,28,gaussian (identity),Full-time employed (Intercept),-0.104120621287388,0.215715187420122,0.633887840557358,-0.526922388630826,0.318681146056051,0.415642784738106,0.743399873385206,239,2142844.35847682
racethn_combn,Other/Multi-Racial/NHAsian,2007-2020,13.2,WTMEC.COMBN,age+gender,employ_status,dietsuppl_num,544,3991104.00585349,28,gaussian (identity),Part-time employed,-0.00480157638154141,0.192131263395542,0.980277608001092,-0.381378852636804,0.371775699873721,0.415642784738106,0.743399873385206,67,462552.098842121
racethn_combn,Other/Multi-Racial/NHAsian,2007-2020,13.2,WTMEC.COMBN,age+gender,employ_status,dietsuppl_num,544,3991104.00585349,28,gaussian (identity),Student,-0.129280928985125,0.153850977214378,0.409391073641405,-0.430828844325306,0.172266986355056,0.415642784738106,0.743399873385206,25,140961.644173636
racethn_combn,Other/Multi-Racial/NHAsian,2007-2020,13.2,WTMEC.COMBN,age+gender,employ_status,dietsuppl_num,544,3991104.00585349,28,gaussian (identity),Unemployed,-0.129373043486726,0.172787454746861,0.461602386632086,-0.468036454790575,0.209290367817122,0.415642784738106,0.743399873385206,213,1244745.90436091
racethn_combn,NHW,2007-2020,13.2,WTMEC.COMBN,age+gender,employ_status,dietsuppl_num,14381,146054719.158675,103,gaussian (identity),Full-time employed (Intercept),-0.465081976569052,0.058068383636342,2.42470915516097e-12,-0.578896008496282,-0.351267944641821,6.0241519586225,0.00082649748494613,5892,75232012.5823337
racethn_combn,NHW,2007-2020,13.2,WTMEC.COMBN,age+gender,employ_status,dietsuppl_num,14381,146054719.158675,103,gaussian (identity),Part-time employed,0.197866550709204,0.0642356209735251,0.00268362515460773,0.0719647336010949,0.323768367817313,6.0241519586225,0.00082649748494613,1564,16055799.1351747
racethn_combn,NHW,2007-2020,13.2,WTMEC.COMBN,age+gender,employ_status,dietsuppl_num,14381,146054719.158675,103,gaussian (identity),Student,0.266764453029933,0.0791329885797688,0.00107250935474573,0.111663795413586,0.42186511064628,6.0241519586225,0.00082649748494613,283,2628430.54273218
racethn_combn,NHW,2007-2020,13.2,WTMEC.COMBN,age+gender,employ_status,dietsuppl_num,14381,146054719.158675,103,gaussian (identity),Unemployed,0.00436105177894685,0.0662516529190643,0.947650808969823,-0.125492187942419,0.134214291500313,6.0241519586225,0.00082649748494613,6642,52138476.8984342
racethn_combn,Mexican-American,2007-2020,13.2,WTMEC.COMBN,age+gender,employ_status,dietsuppl_num,5264,18822121.3056841,91,gaussian (identity),Full-time employed (Intercept),-0.116362811729745,0.0631470023080472,0.0688141122852486,-0.240130936253517,0.00740531279402787,2.93690083703727,0.0378075546844058,2650,10776274.5727118
racethn_combn,Mexican-American,2007-2020,13.2,WTMEC.COMBN,age+gender,employ_status,dietsuppl_num,5264,18822121.3056841,91,gaussian (identity),Part-time employed,0.0291943957233282,0.0507856802534981,0.566890297287868,-0.0703455375735281,0.128734329020185,2.93690083703727,0.0378075546844058,533,2023202.07379342
racethn_combn,Mexican-American,2007-2020,13.2,WTMEC.COMBN,age+gender,employ_status,dietsuppl_num,5264,18822121.3056841,91,gaussian (identity),Student,0.0776869908384762,0.0972749468143531,0.426703219807634,-0.112971904917656,0.268345886594608,2.93690083703727,0.0378075546844058,147,503073.37522294
racethn_combn,Mexican-American,2007-2020,13.2,WTMEC.COMBN,age+gender,employ_status,dietsuppl_num,5264,18822121.3056841,91,gaussian (identity),Unemployed,-0.104435619488955,0.043780142777448,0.0192541434365667,-0.190244699332753,-0.0186265396451568,2.93690083703727,0.0378075546844058,1934,5519571.28395594
racethn_combn,NHB,2007-2020,13.2,WTMEC.COMBN,age+gender,employ_status,dietsuppl_num,8006,24834582.8267391,99,gaussian (identity),Full-time employed (Intercept),-0.178896680053484,0.039628952817157,1.8395842832722e-05,-0.256569427575112,-0.101223932531856,2.38891787266298,0.0737356670772688,3568,12448763.5268622
racethn_combn,NHB,2007-2020,13.2,WTMEC.COMBN,age+gender,employ_status,dietsuppl_num,8006,24834582.8267391,99,gaussian (identity),Part-time employed,-0.00505915470057021,0.0485412525012743,0.917213788426377,-0.100200009603068,0.0900817002019275,2.38891787266298,0.0737356670772688,760,2420487.8085223
racethn_combn,NHB,2007-2020,13.2,WTMEC.COMBN,age+gender,employ_status,dietsuppl_num,8006,24834582.8267391,99,gaussian (identity),Student,-0.0150762587213009,0.0463483559047452,0.745691000168773,-0.105919036294601,0.0757665188519996,2.38891787266298,0.0737356670772688,265,785288.613747455
racethn_combn,NHB,2007-2020,13.2,WTMEC.COMBN,age+gender,employ_status,dietsuppl_num,8006,24834582.8267391,99,gaussian (identity),Unemployed,-0.08505312336887,0.0324673126473613,0.0102627434568825,-0.148689056157698,-0.0214171905800418,2.38891787266298,0.0737356670772688,3413,9180042.87760706
racethn_combn,Other Hispanic,2007-2020,13.2,WTMEC.COMBN,age+gender,employ_status,dietsuppl_num,3741,13395553.3290204,98,gaussian (identity),Full-time employed (Intercept),-0.0960519083524529,0.111045869439769,0.389278193714345,-0.3137018124544,0.121597995749494,2.29649657237987,0.0827691667716802,1774,7438337.66161073
racethn_combn,Other Hispanic,2007-2020,13.2,WTMEC.COMBN,age+gender,employ_status,dietsuppl_num,3741,13395553.3290204,98,gaussian (identity),Part-time employed,-0.0617963352110348,0.105560290465202,0.559688101900891,-0.268694504522831,0.145101834100761,2.29649657237987,0.0827691667716802,360,1252164.07468485
racethn_combn,Other Hispanic,2007-2020,13.2,WTMEC.COMBN,age+gender,employ_status,dietsuppl_num,3741,13395553.3290204,98,gaussian (identity),Student,0.171468623980438,0.126840998881236,0.179705484660575,-0.0771397338267852,0.420076981787661,2.29649657237987,0.0827691667716802,102,381588.283140152
racethn_combn,Other Hispanic,2007-2020,13.2,WTMEC.COMBN,age+gender,employ_status,dietsuppl_num,3741,13395553.3290204,98,gaussian (identity),Unemployed,-0.112349007212081,0.0605362465562442,0.0666351206847634,-0.23100005046232,0.00630203603815763,2.29649657237987,0.0827691667716802,1505,4323463.30958467
racethn_combn,NHAsian,2007-2020,13.2,WTMEC.COMBN,age+gender,employ_status,dietsuppl_num,2605,7646240.29769591,70,gaussian (identity),Full-time employed (Intercept),-0.396083451855108,0.129161844229991,0.00315381819008925,-0.64924066654589,-0.142926237164326,2.28215747013955,0.0873755931694548,1398,4218294.5939847
racethn_combn,NHAsian,2007-2020,13.2,WTMEC.COMBN,age+gender,employ_status,dietsuppl_num,2605,7646240.29769591,70,gaussian (identity),Part-time employed,0.140220690898242,0.0909835840707393,0.128131312318918,-0.0381071338804071,0.318548515676891,2.28215747013955,0.0873755931694548,303,881533.673393303
racethn_combn,NHAsian,2007-2020,13.2,WTMEC.COMBN,age+gender,employ_status,dietsuppl_num,2605,7646240.29769591,70,gaussian (identity),Student,0.259739976836335,0.112093369526988,0.0236547464246635,0.0400369725634388,0.479442981109232,2.28215747013955,0.0873755931694548,157,377519.873962576
racethn_combn,NHAsian,2007-2020,13.2,WTMEC.COMBN,age+gender,employ_status,dietsuppl_num,2605,7646240.29769591,70,gaussian (identity),Unemployed,0.0175088035261938,0.0957561434481683,0.855486538849163,-0.170173237632216,0.205190844684604,2.28215747013955,0.0873755931694548,747,2168892.15635533
racethn_combn,Other/Multi-Racial,2007-2020,13.2,WTMEC.COMBN,age+gender,employ_status,dietsuppl_num,925,5329041.31178488,72,gaussian (identity),Full-time employed (Intercept),-0.216368497640693,0.236889072043069,0.36432064112527,-0.680671078845109,0.247934083563722,0.597746208080589,0.618694495972591,413,2662199.05352124
racethn_combn,Other/Multi-Racial,2007-2020,13.2,WTMEC.COMBN,age+gender,employ_status,dietsuppl_num,925,5329041.31178488,72,gaussian (identity),Part-time employed,-0.184095392448938,0.235728021118817,0.437573680455067,-0.64612231384182,0.277931528943944,0.597746208080589,0.618694495972591,117,651019.789346455
racethn_combn,Other/Multi-Racial,2007-2020,13.2,WTMEC.COMBN,age+gender,employ_status,dietsuppl_num,925,5329041.31178488,72,gaussian (identity),Student,0.0574405771996519,0.24677414022228,0.816652883961308,-0.426236737636017,0.54111789203532,0.597746208080589,0.618694495972591,37,135740.158995818
racethn_combn,Other/Multi-Racial,2007-2020,13.2,WTMEC.COMBN,age+gender,employ_status,dietsuppl_num,925,5329041.31178488,72,gaussian (identity),Unemployed,-0.312702402669952,0.306342422677247,0.311039392293759,-0.913133551117355,0.287728745777452,0.597746208080589,0.618694495972591,358,1880082.30992136
racethn_combn,NHW,1999-2020,21.2,WTMEC.COMBN,age+gender,employ_status,addsalt_prep_often,26346,150413250.94789,162,quasibinomial (logit),Full-time employed (Intercept),0.46653981392246,0.0595142470738619,6.46655406774522e-13,0.349891889657691,0.58318773818723,1.60004009777204,0.191597784839484,10980,79262657.1488106
racethn_combn,NHW,1999-2020,21.2,WTMEC.COMBN,age+gender,employ_status,addsalt_prep_often,26346,150413250.94789,162,quasibinomial (logit),Part-time employed,0.0279733244457495,0.0540100575491906,0.605237528942518,-0.077886388350664,0.133833037242163,1.60004009777204,0.191597784839484,2788,16199508.7345341
racethn_combn,NHW,1999-2020,21.2,WTMEC.COMBN,age+gender,employ_status,addsalt_prep_often,26346,150413250.94789,162,quasibinomial (logit),Student,-0.0855370690408953,0.126876187363344,0.501189915855329,-0.33421439627305,0.163140258191259,1.60004009777204,0.191597784839484,495,2591890.44946217
racethn_combn,NHW,1999-2020,21.2,WTMEC.COMBN,age+gender,employ_status,addsalt_prep_often,26346,150413250.94789,162,quasibinomial (logit),Unemployed,-0.0763958015296537,0.0424340661619108,0.0737265118754337,-0.159566571206999,0.00677496814769146,1.60004009777204,0.191597784839484,12083,52359194.6150833
racethn_combn,Other/Multi-Racial/NHAsian,1999-2020,21.2,WTMEC.COMBN,age+gender,employ_status,addsalt_prep_often,1468,6623741.82437199,85,quasibinomial (logit),Full-time employed (Intercept),0.0196962296446396,0.228917715062049,0.931649079950659,-0.428982491876975,0.468374951166255,1.82228291985403,0.149755015973948,685,3698009.70580221
racethn_combn,Other/Multi-Racial/NHAsian,1999-2020,21.2,WTMEC.COMBN,age+gender,employ_status,addsalt_prep_often,1468,6623741.82437199,85,quasibinomial (logit),Part-time employed,0.219009898935267,0.220079456000879,0.32266861835163,-0.212345834826457,0.65036563269699,1.82228291985403,0.149755015973948,163,645266.4453552
racethn_combn,Other/Multi-Racial/NHAsian,1999-2020,21.2,WTMEC.COMBN,age+gender,employ_status,addsalt_prep_often,1468,6623741.82437199,85,quasibinomial (logit),Student,-0.163854429581568,0.295436798927463,0.580703577916809,-0.742910555479396,0.415201696316259,1.82228291985403,0.149755015973948,77,257481.858317974
racethn_combn,Other/Multi-Racial/NHAsian,1999-2020,21.2,WTMEC.COMBN,age+gender,employ_status,addsalt_prep_often,1468,6623741.82437199,85,quasibinomial (logit),Unemployed,-0.311068105362634,0.193124633891583,0.111181444783907,-0.689592387790138,0.0674561770648696,1.82228291985403,0.149755015973948,543,2022983.8148966
racethn_combn,NHB,1999-2020,21.2,WTMEC.COMBN,age+gender,employ_status,addsalt_prep_often,13678,25461169.7910145,154,quasibinomial (logit),Full-time employed (Intercept),0.594481694498563,0.0929294148239765,1.93334106591475e-09,0.412340041443569,0.776623347553557,3.22141850028624,0.0244757445464445,6124,13013285.3132474
racethn_combn,NHB,1999-2020,21.2,WTMEC.COMBN,age+gender,employ_status,addsalt_prep_often,13678,25461169.7910145,154,quasibinomial (logit),Part-time employed,0.0716298575281698,0.0739223364487266,0.334121440881087,-0.0732579219113342,0.216517636967674,3.22141850028624,0.0244757445464445,1272,2341179.81213
racethn_combn,NHB,1999-2020,21.2,WTMEC.COMBN,age+gender,employ_status,addsalt_prep_often,13678,25461169.7910145,154,quasibinomial (logit),Student,0.261679080152308,0.125719758873127,0.0391036291334211,0.0152683527609785,0.508089807543638,3.22141850028624,0.0244757445464445,516,752745.393063049
racethn_combn,NHB,1999-2020,21.2,WTMEC.COMBN,age+gender,employ_status,addsalt_prep_often,13678,25461169.7910145,154,quasibinomial (logit),Unemployed,-0.0727543622499966,0.0489410915085017,0.139241369409891,-0.16867890160666,0.0231701771066666,3.22141850028624,0.0244757445464445,5766,9353959.27257408
racethn_combn,Mexican-American,1999-2020,21.2,WTMEC.COMBN,age+gender,employ_status,addsalt_prep_often,11007,18570080.7430496,146,quasibinomial (logit),Full-time employed (Intercept),0.591176397137123,0.0925250047302089,2.26741350902164e-09,0.409827387865914,0.772525406408333,3.44083859878245,0.0185902647845959,5387,10811197.6104507
racethn_combn,Mexican-American,1999-2020,21.2,WTMEC.COMBN,age+gender,employ_status,addsalt_prep_often,11007,18570080.7430496,146,quasibinomial (logit),Part-time employed,0.127430359405789,0.0875283861705288,0.147650271893119,-0.0441252774884475,0.298985996300026,3.44083859878245,0.0185902647845959,1037,1797755.48282715
racethn_combn,Mexican-American,1999-2020,21.2,WTMEC.COMBN,age+gender,employ_status,addsalt_prep_often,11007,18570080.7430496,146,quasibinomial (logit),Student,0.183507316588377,0.176119173313986,0.299218255769672,-0.161686263107036,0.52870089628379,3.44083859878245,0.0185902647845959,317,461119.730625642
racethn_combn,Mexican-American,1999-2020,21.2,WTMEC.COMBN,age+gender,employ_status,addsalt_prep_often,11007,18570080.7430496,146,quasibinomial (logit),Unemployed,-0.119803060007752,0.0583699256611399,0.0419726089104424,-0.234208114303586,-0.0053980057119173,3.44083859878245,0.0185902647845959,4266,5500007.91914611
racethn_combn,Other Hispanic,1999-2020,21.2,WTMEC.COMBN,age+gender,employ_status,addsalt_prep_often,5147,13052068.7836037,140,quasibinomial (logit),Full-time employed (Intercept),0.390004925583217,0.142647564479607,0.00709555972315279,0.110415699203188,0.669594151963246,0.458965258381418,0.711410974251762,2438,7246589.628915
racethn_combn,Other Hispanic,1999-2020,21.2,WTMEC.COMBN,age+gender,employ_status,addsalt_prep_often,5147,13052068.7836037,140,quasibinomial (logit),Part-time employed,0.00586061074155319,0.116303417168989,0.95988552640604,-0.222094086909666,0.233815308392773,0.458965258381418,0.711410974251762,502,1239537.76969068
racethn_combn,Other Hispanic,1999-2020,21.2,WTMEC.COMBN,age+gender,employ_status,addsalt_prep_often,5147,13052068.7836037,140,quasibinomial (logit),Student,-0.163126337630227,0.264485902538212,0.538426764744953,-0.681518706605123,0.355266031344668,0.458965258381418,0.711410974251762,139,354877.109489547
racethn_combn,Other Hispanic,1999-2020,21.2,WTMEC.COMBN,age+gender,employ_status,addsalt_prep_often,5147,13052068.7836037,140,quasibinomial (logit),Unemployed,-0.0955163454650299,0.0950527378097196,0.316753647281704,-0.28181971157208,0.0907870206420206,0.458965258381418,0.711410974251762,2068,4211064.27550843
racethn_combn,NHAsian,1999-2020,21.2,WTMEC.COMBN,age+gender,employ_status,addsalt_prep_often,3330,5683774.56955709,70,quasibinomial (logit),Full-time employed (Intercept),1.75090528154842,0.159010219669956,1.67997997277942e-16,1.4392452509953,2.06256531210153,3.37687324177114,0.0234834817456999,1738,3054477.76923351
racethn_combn,NHAsian,1999-2020,21.2,WTMEC.COMBN,age+gender,employ_status,addsalt_prep_often,3330,5683774.56955709,70,quasibinomial (logit),Part-time employed,-0.0209739746816364,0.1427380963812,0.883633976541159,-0.300740643588789,0.258792694225516,3.37687324177114,0.0234834817456999,368,624440.352672566
racethn_combn,NHAsian,1999-2020,21.2,WTMEC.COMBN,age+gender,employ_status,addsalt_prep_often,3330,5683774.56955709,70,quasibinomial (logit),Student,-0.428642490292636,0.17516888588835,0.017116402825353,-0.771973506633801,-0.0853114739514701,3.37687324177114,0.0234834817456999,193,278028.497033113
racethn_combn,NHAsian,1999-2020,21.2,WTMEC.COMBN,age+gender,employ_status,addsalt_prep_often,3330,5683774.56955709,70,quasibinomial (logit),Unemployed,-0.261309854378207,0.111831292714986,0.0225508887063018,-0.48049918809958,-0.0421205206568338,3.37687324177114,0.0234834817456999,1031,1726827.95061791
racethn_combn,Other/Multi-Racial,1999-2020,21.2,WTMEC.COMBN,age+gender,employ_status,addsalt_prep_often,1047,3509971.32982493,72,quasibinomial (logit),Full-time employed (Intercept),1.40642320000265,0.243853985142015,2.23951326491409e-07,0.9284693891243,1.884377010881,1.06180045759991,0.371277392435053,457,1720286.23106553
racethn_combn,Other/Multi-Racial,1999-2020,21.2,WTMEC.COMBN,age+gender,employ_status,addsalt_prep_often,1047,3509971.32982493,72,quasibinomial (logit),Part-time employed,-0.0410685876057412,0.262887036089253,0.876328251197019,-0.556327178340678,0.474190003129195,1.06180045759991,0.371277392435053,135,441171.554719906
racethn_combn,Other/Multi-Racial,1999-2020,21.2,WTMEC.COMBN,age+gender,employ_status,addsalt_prep_often,1047,3509971.32982493,72,quasibinomial (logit),Student,0.0803064196068745,0.439530511773804,0.855577665226885,-0.781173383469781,0.94178622268353,1.06180045759991,0.371277392435053,40,91614.7762411698
racethn_combn,Other/Multi-Racial,1999-2020,21.2,WTMEC.COMBN,age+gender,employ_status,addsalt_prep_often,1047,3509971.32982493,72,quasibinomial (logit),Unemployed,-0.360055981125856,0.230030092731113,0.12223419694346,-0.810914962878839,0.090803000627126,1.06180045759991,0.371277392435053,415,1256898.76779832
racethn_combn,NHW,1999-2020,21.2,WTMEC.COMBN,age+gender,employ_status,addsalt_table_often,26727,152146302.147481,162,quasibinomial (logit),Full-time employed (Intercept),-0.424533689328522,0.0502581897342557,1.89501728726254e-14,-0.523039741207663,-0.32602763744938,1.49129345604406,0.219050850641276,11076,79953473.6225593
racethn_combn,NHW,1999-2020,21.2,WTMEC.COMBN,age+gender,employ_status,addsalt_table_often,26727,152146302.147481,162,quasibinomial (logit),Part-time employed,-0.0504599148747968,0.0564811770265699,0.373013896430642,-0.161163021846874,0.0602431920972802,1.49129345604406,0.219050850641276,2807,16277957.2022922
racethn_combn,NHW,1999-2020,21.2,WTMEC.COMBN,age+gender,employ_status,addsalt_table_often,26727,152146302.147481,162,quasibinomial (logit),Student,-0.148168363314911,0.128374075931295,0.250175240814705,-0.399781552140249,0.103444825510426,1.49129345604406,0.219050850641276,505,2620901.11179781
racethn_combn,NHW,1999-2020,21.2,WTMEC.COMBN,age+gender,employ_status,addsalt_table_often,26727,152146302.147481,162,quasibinomial (logit),Unemployed,-0.0735924344710911,0.0392677080355269,0.0627717984354433,-0.150557142220724,0.0033722732785416,1.49129345604406,0.219050850641276,12339,53293970.2108312
racethn_combn,Other/Multi-Racial/NHAsian,1999-2020,21.2,WTMEC.COMBN,age+gender,employ_status,addsalt_table_often,1501,6754444.7933036,85,quasibinomial (logit),Full-time employed (Intercept),-1.00445196229459,0.22796428027084,3.233585008953e-05,-1.45126195162543,-0.557641972963739,0.990429458953794,0.401673400315929,699,3782957.50408023
racethn_combn,Other/Multi-Racial/NHAsian,1999-2020,21.2,WTMEC.COMBN,age+gender,employ_status,addsalt_table_often,1501,6754444.7933036,85,quasibinomial (logit),Part-time employed,-0.335340643393417,0.252675236155566,0.188230845954668,-0.830584106258328,0.159902819471493,0.990429458953794,0.401673400315929,163,645266.4453552
racethn_combn,Other/Multi-Racial/NHAsian,1999-2020,21.2,WTMEC.COMBN,age+gender,employ_status,addsalt_table_often,1501,6754444.7933036,85,quasibinomial (logit),Student,-0.328044771984363,0.345193157353855,0.344810703215734,-1.00462336039792,0.348533816429193,0.990429458953794,0.401673400315929,77,257481.858317974
racethn_combn,Other/Multi-Racial/NHAsian,1999-2020,21.2,WTMEC.COMBN,age+gender,employ_status,addsalt_table_often,1501,6754444.7933036,85,quasibinomial (logit),Unemployed,0.0563137176270214,0.163759773402823,0.731838703564782,-0.264655438242512,0.377282873496555,0.990429458953794,0.401673400315929,562,2068738.98555019
racethn_combn,NHB,1999-2020,21.2,WTMEC.COMBN,age+gender,employ_status,addsalt_table_often,13858,25746298.6315857,154,quasibinomial (logit),Full-time employed (Intercept),-0.884991202188477,0.0719799623876276,1.99391052414986e-24,-1.02607192846823,-0.743910475908727,3.7244391117159,0.012798626938691,6179,13114089.8551058
racethn_combn,NHB,1999-2020,21.2,WTMEC.COMBN,age+gender,employ_status,addsalt_table_often,13858,25746298.6315857,154,quasibinomial (logit),Part-time employed,0.147153079856038,0.0735712370851558,0.0473019350636843,0.0029534551691324,0.291352704542943,3.7244391117159,0.012798626938691,1285,2360351.79534634
racethn_combn,NHB,1999-2020,21.2,WTMEC.COMBN,age+gender,employ_status,addsalt_table_often,13858,25746298.6315857,154,quasibinomial (logit),Student,0.130288114397583,0.138450027476898,0.348203462624467,-0.141073939457137,0.401650168252303,3.7244391117159,0.012798626938691,518,754182.288848992
racethn_combn,NHB,1999-2020,21.2,WTMEC.COMBN,age+gender,employ_status,addsalt_table_often,13858,25746298.6315857,154,quasibinomial (logit),Unemployed,0.137135232127525,0.0449616150732107,0.00270886255199582,0.0490104665840324,0.225259997671018,3.7244391117159,0.012798626938691,5876,9517674.69228453
racethn_combn,Mexican-American,1999-2020,21.2,WTMEC.COMBN,age+gender,employ_status,addsalt_table_often,11137,18789007.9029213,146,quasibinomial (logit),Full-time employed (Intercept),-0.816117926790234,0.0952989701912817,1.70308018261393e-14,-1.00290390836515,-0.629331945215322,0.359519279369681,0.782327018725136,5444,10930880.5354905
racethn_combn,Mexican-American,1999-2020,21.2,WTMEC.COMBN,age+gender,employ_status,addsalt_table_often,11137,18789007.9029213,146,quasibinomial (logit),Part-time employed,-0.0229408581014727,0.0926448532211596,0.804787493675532,-0.204524770414946,0.158643054212,0.359519279369681,0.782327018725136,1045,1811278.24336404
racethn_combn,Mexican-American,1999-2020,21.2,WTMEC.COMBN,age+gender,employ_status,addsalt_table_often,11137,18789007.9029213,146,quasibinomial (logit),Student,0.150332425685164,0.150880179682157,0.320777428610241,-0.145392726491864,0.446057577862192,0.359519279369681,0.782327018725136,320,463785.223751962
racethn_combn,Mexican-American,1999-2020,21.2,WTMEC.COMBN,age+gender,employ_status,addsalt_table_often,11137,18789007.9029213,146,quasibinomial (logit),Unemployed,-0.00543595238570112,0.0734474822298096,0.94110619357753,-0.149393017556128,0.138521112784726,0.359519279369681,0.782327018725136,4328,5583063.90031479
racethn_combn,Other Hispanic,1999-2020,21.2,WTMEC.COMBN,age+gender,employ_status,addsalt_table_often,5238,13251580.7077634,140,quasibinomial (logit),Full-time employed (Intercept),-0.969943477940429,0.141838692766904,2.52895778028477e-10,-1.24794731576356,-0.691939640117297,1.56526436453943,0.200732322083317,2472,7355815.53756792
racethn_combn,Other Hispanic,1999-2020,21.2,WTMEC.COMBN,age+gender,employ_status,addsalt_table_often,5238,13251580.7077634,140,quasibinomial (logit),Part-time employed,0.0641390264880955,0.143406186423998,0.655408263523799,-0.21693709890294,0.345215151879131,1.56526436453943,0.200732322083317,508,1248991.16951932
racethn_combn,Other Hispanic,1999-2020,21.2,WTMEC.COMBN,age+gender,employ_status,addsalt_table_often,5238,13251580.7077634,140,quasibinomial (logit),Student,0.32482550366217,0.265915440447613,0.224011676809348,-0.196368759615151,0.846019766939492,1.56526436453943,0.200732322083317,143,360722.32603796
racethn_combn,Other Hispanic,1999-2020,21.2,WTMEC.COMBN,age+gender,employ_status,addsalt_table_often,5238,13251580.7077634,140,quasibinomial (logit),Unemployed,0.197860065705343,0.108644363339163,0.0707949339574296,-0.0150828864394161,0.410803017850102,1.56526436453943,0.200732322083317,2115,4286051.67463819
racethn_combn,NHAsian,1999-2020,21.2,WTMEC.COMBN,age+gender,employ_status,addsalt_table_often,3419,5838818.54185981,70,quasibinomial (logit),Full-time employed (Intercept),-1.14421234698995,0.162797417665444,1.54514086599561e-09,-1.46329528561423,-0.825129408365684,0.769356668069534,0.515338784676317,1776,3120081.73215243
racethn_combn,NHAsian,1999-2020,21.2,WTMEC.COMBN,age+gender,employ_status,addsalt_table_often,3419,5838818.54185981,70,quasibinomial (logit),Part-time employed,0.0497208489427679,0.155699075007511,0.750493225550467,-0.255449338071954,0.35489103595749,0.769356668069534,0.515338784676317,376,637278.995733076
racethn_combn,NHAsian,1999-2020,21.2,WTMEC.COMBN,age+gender,employ_status,addsalt_table_often,3419,5838818.54185981,70,quasibinomial (logit),Student,0.0699232196996101,0.220764089257205,0.752461409955782,-0.362774395244511,0.502620834643731,0.769356668069534,0.515338784676317,197,282664.634493208
racethn_combn,NHAsian,1999-2020,21.2,WTMEC.COMBN,age+gender,employ_status,addsalt_table_often,3419,5838818.54185981,70,quasibinomial (logit),Unemployed,-0.151892075706112,0.110382954916486,0.173529932798464,-0.368242667342424,0.0644585159302006,0.769356668069534,0.515338784676317,1070,1798793.17948109
racethn_combn,Other/Multi-Racial,1999-2020,21.2,WTMEC.COMBN,age+gender,employ_status,addsalt_table_often,1058,3565644.13934351,72,quasibinomial (logit),Full-time employed (Intercept),-1.02989922200942,0.279916042712934,0.000467845358123547,-1.57853466572677,-0.481263778292072,0.30133306371588,0.824315847678566,460,1744147.48720679
racethn_combn,Other/Multi-Racial,1999-2020,21.2,WTMEC.COMBN,age+gender,employ_status,addsalt_table_often,1058,3565644.13934351,72,quasibinomial (logit),Part-time employed,-0.224103418972859,0.277734076239642,0.42257968441589,-0.768462208402558,0.320255370456841,0.30133306371588,0.824315847678566,138,458577.990371528
racethn_combn,Other/Multi-Racial,1999-2020,21.2,WTMEC.COMBN,age+gender,employ_status,addsalt_table_often,1058,3565644.13934351,72,quasibinomial (logit),Student,0.213125678522691,0.551352424986879,0.700313786303019,-0.867525074451593,1.29377643149697,0.30133306371588,0.824315847678566,40,91614.7762411698
racethn_combn,Other/Multi-Racial,1999-2020,21.2,WTMEC.COMBN,age+gender,employ_status,addsalt_table_often,1058,3565644.13934351,72,quasibinomial (logit),Unemployed,-0.034910823191499,0.200507988999955,0.86230255790732,-0.427906481631411,0.358084835248413,0.30133306371588,0.824315847678566,420,1271303.88552402
racethn_combn,NHW,1999-2020,21.2,WTMEC.COMBN,age+gender,employ_status,restaur_freq_gt2,26734,152214361.675243,162,quasibinomial (logit),Full-time employed (Intercept),0.699943354959376,0.0572187757425609,1.36142201091215e-24,0.587794554503957,0.812092155414796,136.244714513628,1.70006503898221e-43,11076,79968460.5744385
racethn_combn,NHW,1999-2020,21.2,WTMEC.COMBN,age+gender,employ_status,restaur_freq_gt2,26734,152214361.675243,162,quasibinomial (logit),Part-time employed,-0.254469273917791,0.0556131879155221,9.5867885653415e-06,-0.363471122232215,-0.145467425603368,136.244714513628,1.70006503898221e-43,2805,16271321.3432162
racethn_combn,NHW,1999-2020,21.2,WTMEC.COMBN,age+gender,employ_status,restaur_freq_gt2,26734,152214361.675243,162,quasibinomial (logit),Student,-0.331067891736072,0.137551953915379,0.0172514339745183,-0.600669721410216,-0.0614660620619286,136.244714513628,1.70006503898221e-43,506,2626294.96222659
racethn_combn,NHW,1999-2020,21.2,WTMEC.COMBN,age+gender,employ_status,restaur_freq_gt2,26734,152214361.675243,162,quasibinomial (logit),Unemployed,-0.845716381446186,0.0431074313184111,4.38629923851747e-44,-0.930206946830272,-0.761225816062101,136.244714513628,1.70006503898221e-43,12347,53348284.7953618
racethn_combn,Other/Multi-Racial/NHAsian,1999-2020,21.2,WTMEC.COMBN,age+gender,employ_status,restaur_freq_gt2,1501,6754490.4809135,85,quasibinomial (logit),Full-time employed (Intercept),0.547822774229543,0.23564655800238,0.0226207550079266,0.0859555205448777,1.00969002791421,5.32060656668436,0.00214858469096687,700,3784659.89456618
racethn_combn,Other/Multi-Racial/NHAsian,1999-2020,21.2,WTMEC.COMBN,age+gender,employ_status,restaur_freq_gt2,1501,6754490.4809135,85,quasibinomial (logit),Part-time employed,-0.0409097951971661,0.213386315724315,0.8484496274178,-0.459146974016824,0.377327383622492,5.32060656668436,0.00214858469096687,163,645266.4453552
racethn_combn,Other/Multi-Racial/NHAsian,1999-2020,21.2,WTMEC.COMBN,age+gender,employ_status,restaur_freq_gt2,1501,6754490.4809135,85,quasibinomial (logit),Student,-0.214418133576827,0.291971140334464,0.464863513300304,-0.786681568632377,0.357845301478723,5.32060656668436,0.00214858469096687,77,257481.858317974
racethn_combn,Other/Multi-Racial/NHAsian,1999-2020,21.2,WTMEC.COMBN,age+gender,employ_status,restaur_freq_gt2,1501,6754490.4809135,85,quasibinomial (logit),Unemployed,-0.563837806416992,0.144926605052988,0.000205799523336469,-0.847893952320849,-0.279781660513134,5.32060656668436,0.00214858469096687,561,2067082.28267415
racethn_combn,NHB,1999-2020,21.2,WTMEC.COMBN,age+gender,employ_status,restaur_freq_gt2,13851,25735055.717522,154,quasibinomial (logit),Full-time employed (Intercept),1.11743135146062,0.0750103973778829,2.60102091845298e-31,0.97041097259997,1.26445173032127,90.1224618432948,2.60640123899936e-33,6173,13100174.0760706
racethn_combn,NHB,1999-2020,21.2,WTMEC.COMBN,age+gender,employ_status,restaur_freq_gt2,13851,25735055.717522,154,quasibinomial (logit),Part-time employed,-0.267845785980436,0.0670461794552923,0.000101370103370544,-0.399256297712809,-0.136435274248063,90.1224618432948,2.60640123899936e-33,1285,2360351.79534634
racethn_combn,NHB,1999-2020,21.2,WTMEC.COMBN,age+gender,employ_status,restaur_freq_gt2,13851,25735055.717522,154,quasibinomial (logit),Student,-0.375313846086,0.223338459601578,0.0949609470310722,-0.813057226905093,0.0624295347330929,90.1224618432948,2.60640123899936e-33,518,754182.288848992
racethn_combn,NHB,1999-2020,21.2,WTMEC.COMBN,age+gender,employ_status,restaur_freq_gt2,13851,25735055.717522,154,quasibinomial (logit),Unemployed,-0.85726674873583,0.0526832788691278,7.29372384842638e-35,-0.96052597531932,-0.754007522152339,90.1224618432948,2.60640123899936e-33,5875,9520347.55725609
racethn_combn,Mexican-American,1999-2020,21.2,WTMEC.COMBN,age+gender,employ_status,restaur_freq_gt2,11144,18795118.5066912,146,quasibinomial (logit),Full-time employed (Intercept),0.462588757629082,0.0906138473634139,1.05200733609485e-06,0.284985616796791,0.640191898461373,58.8436814783741,9.94931357112687e-25,5446,10935627.9832228
racethn_combn,Mexican-American,1999-2020,21.2,WTMEC.COMBN,age+gender,employ_status,restaur_freq_gt2,11144,18795118.5066912,146,quasibinomial (logit),Part-time employed,-0.13364209174171,0.0878135356112928,0.130277438926198,-0.305756621539844,0.0384724380564238,58.8436814783741,9.94931357112687e-25,1045,1811278.24336404
racethn_combn,Mexican-American,1999-2020,21.2,WTMEC.COMBN,age+gender,employ_status,restaur_freq_gt2,11144,18795118.5066912,146,quasibinomial (logit),Student,-0.183986219706421,0.179346130710815,0.30670853615245,-0.535504635899618,0.167532196486776,58.8436814783741,9.94931357112687e-25,320,463785.223751962
racethn_combn,Mexican-American,1999-2020,21.2,WTMEC.COMBN,age+gender,employ_status,restaur_freq_gt2,11144,18795118.5066912,146,quasibinomial (logit),Unemployed,-0.910754788071353,0.0692815825506414,2.87518020036298e-26,-1.04654668987061,-0.774962886272096,58.8436814783741,9.94931357112687e-25,4333,5584427.05635236
racethn_combn,Other Hispanic,1999-2020,21.2,WTMEC.COMBN,age+gender,employ_status,restaur_freq_gt2,5247,13254793.4816586,140,quasibinomial (logit),Full-time employed (Intercept),0.719745332724088,0.131708493157791,2.16470670853081e-07,0.461596686134818,0.977893979313358,28.1858345272725,3.23821888599362e-14,2474,7346726.28452649
racethn_combn,Other Hispanic,1999-2020,21.2,WTMEC.COMBN,age+gender,employ_status,restaur_freq_gt2,5247,13254793.4816586,140,quasibinomial (logit),Part-time employed,-0.26391658222552,0.141556089977646,0.0644377321491695,-0.541366518581707,0.0135333541306668,28.1858345272725,3.23821888599362e-14,507,1246468.04573564
racethn_combn,Other Hispanic,1999-2020,21.2,WTMEC.COMBN,age+gender,employ_status,restaur_freq_gt2,5247,13254793.4816586,140,quasibinomial (logit),Student,-0.482051813001182,0.230152645517136,0.0380856872123392,-0.933150998214769,-0.0309526277875958,28.1858345272725,3.23821888599362e-14,143,360722.32603796
racethn_combn,Other Hispanic,1999-2020,21.2,WTMEC.COMBN,age+gender,employ_status,restaur_freq_gt2,5247,13254793.4816586,140,quasibinomial (logit),Unemployed,-0.873797024844561,0.0956170932760045,8.37076672123682e-16,-1.06120652766553,-0.686387522023592,28.1858345272725,3.23821888599362e-14,2123,4300876.82535855
racethn_combn,NHAsian,1999-2020,21.2,WTMEC.COMBN,age+gender,employ_status,restaur_freq_gt2,3420,5840400.22741483,70,quasibinomial (logit),Full-time employed (Intercept),0.757211693097742,0.17139401912543,3.85823227560479e-05,0.421279415611899,1.09314397058359,11.3565179032026,4.41654556880594e-06,1774,3115962.54407462
racethn_combn,NHAsian,1999-2020,21.2,WTMEC.COMBN,age+gender,employ_status,restaur_freq_gt2,3420,5840400.22741483,70,quasibinomial (logit),Part-time employed,0.138130341195583,0.14407610035596,0.341246514656631,-0.144258815502099,0.420519497893265,11.3565179032026,4.41654556880594e-06,377,639053.991822566
racethn_combn,NHAsian,1999-2020,21.2,WTMEC.COMBN,age+gender,employ_status,restaur_freq_gt2,3420,5840400.22741483,70,quasibinomial (logit),Student,0.000774217792866262,0.223522652909223,0.997246972897565,-0.437330181909211,0.438878617494944,11.3565179032026,4.41654556880594e-06,197,282664.634493208
racethn_combn,NHAsian,1999-2020,21.2,WTMEC.COMBN,age+gender,employ_status,restaur_freq_gt2,3420,5840400.22741483,70,quasibinomial (logit),Unemployed,-0.58374086196401,0.104267362269174,4.68372689017944e-07,-0.788104892011591,-0.379376831916428,11.3565179032026,4.41654556880594e-06,1072,1802719.05702443
racethn_combn,Other/Multi-Racial,1999-2020,21.2,WTMEC.COMBN,age+gender,employ_status,restaur_freq_gt2,1057,3561469.13050257,72,quasibinomial (logit),Full-time employed (Intercept),1.03243778989901,0.367146920559855,0.0064513445020113,0.312829825601696,1.75204575419633,6.83008992577007,0.000438270682050588,462,1747801.5581484
racethn_combn,Other/Multi-Racial,1999-2020,21.2,WTMEC.COMBN,age+gender,employ_status,restaur_freq_gt2,1057,3561469.13050257,72,quasibinomial (logit),Part-time employed,-0.463771890824596,0.266761108883371,0.0867112220836025,-0.986623664236003,0.0590798825868108,6.83008992577007,0.000438270682050588,138,458577.990371528
racethn_combn,Other/Multi-Racial,1999-2020,21.2,WTMEC.COMBN,age+gender,employ_status,restaur_freq_gt2,1057,3561469.13050257,72,quasibinomial (logit),Student,0.111437348329059,0.611406496114793,0.855925958818353,-1.08691938405594,1.30979408071405,6.83008992577007,0.000438270682050588,40,91614.7762411698
racethn_combn,Other/Multi-Racial,1999-2020,21.2,WTMEC.COMBN,age+gender,employ_status,restaur_freq_gt2,1057,3561469.13050257,72,quasibinomial (logit),Unemployed,-0.859379239435903,0.195602205975897,4.06889865759524e-05,-1.24275956314866,-0.475998915723145,6.83008992577007,0.000438270682050588,417,1263474.80574147
racethn_combn,NHW,1999-2020,21.2,WTMEC.COMBN,age+gender,employ_status,govtmeal_any,10398,43248102.399341,160,quasibinomial (logit),Full-time employed (Intercept),-11.0210098912606,1.04306242990852,5.40486736996945e-20,-13.0654122538813,-8.97660752863988,103.60421195572,7.53439908144802e-37,1264,7624296.63654779
racethn_combn,NHW,1999-2020,21.2,WTMEC.COMBN,age+gender,employ_status,govtmeal_any,10398,43248102.399341,160,quasibinomial (logit),Part-time employed,1.07227756456141,0.607737545576531,0.0796384790456499,-0.118888024768594,2.26344315389141,103.60421195572,7.53439908144802e-37,825,4103670.77015925
racethn_combn,NHW,1999-2020,21.2,WTMEC.COMBN,age+gender,employ_status,govtmeal_any,10398,43248102.399341,160,quasibinomial (logit),Student,-8.13904563365932,0.77586284161931,8.63678481121625e-20,-9.65973680323317,-6.61835446408547,103.60421195572,7.53439908144802e-37,3,12305.1705878302
racethn_combn,NHW,1999-2020,21.2,WTMEC.COMBN,age+gender,employ_status,govtmeal_any,10398,43248102.399341,160,quasibinomial (logit),Unemployed,1.70039680794355,0.512630241117338,0.00113361496791906,0.695641535353567,2.70515208053353,103.60421195572,7.53439908144802e-37,8306,31507829.8220462
racethn_combn,Mexican-American,1999-2020,21.2,WTMEC.COMBN,age+gender,employ_status,govtmeal_any,2848,2123025.70465902,82,quasibinomial (logit),Full-time employed (Intercept),-8.89158002471826,1.5161504721731,1.06352247617422e-07,-11.8632349501775,-5.91992509925899,66.2747287497551,2.79228128354251e-21,545,427641.241041944
racethn_combn,Mexican-American,1999-2020,21.2,WTMEC.COMBN,age+gender,employ_status,govtmeal_any,2848,2123025.70465902,82,quasibinomial (logit),Part-time employed,0.325244513925262,0.973387653958265,0.739184781630343,-1.58259528783294,2.23308431568346,66.2747287497551,2.79228128354251e-21,174,136597.615232566
racethn_combn,Mexican-American,1999-2020,21.2,WTMEC.COMBN,age+gender,employ_status,govtmeal_any,2848,2123025.70465902,82,quasibinomial (logit),Student,-8.42865588881779,0.903927875499892,2.84570294213785e-14,-10.2003545247976,-6.656957252838,66.2747287497551,2.79228128354251e-21,2,975.976564339623
racethn_combn,Mexican-American,1999-2020,21.2,WTMEC.COMBN,age+gender,employ_status,govtmeal_any,2848,2123025.70465902,82,quasibinomial (logit),Unemployed,1.81466940309152,0.508319742511562,0.000618976003015308,0.818362707768863,2.81097609841419,66.2747287497551,2.79228128354251e-21,2127,1557810.87182017
racethn_combn,NHB,1999-2020,21.2,WTMEC.COMBN,age+gender,employ_status,govtmeal_any,4138,4926708.94577245,137,quasibinomial (logit),Full-time employed (Intercept),-10.0889971906466,1.10934387347201,1.25439405475522e-15,-12.2633111826517,-7.91468319864145,63.720013915467,1.5459919746753e-25,766,849450.85131634
racethn_combn,NHB,1999-2020,21.2,WTMEC.COMBN,age+gender,employ_status,govtmeal_any,4138,4926708.94577245,137,quasibinomial (logit),Part-time employed,0.877947730010465,0.811469845778789,0.281259380444566,-0.712533167715961,2.46842862773689,63.720013915467,1.5459919746753e-25,288,359900.662963604
racethn_combn,NHB,1999-2020,21.2,WTMEC.COMBN,age+gender,employ_status,govtmeal_any,4138,4926708.94577245,137,quasibinomial (logit),Student,-9.0690053899048,1.05559370927114,2.12191881854828e-14,-11.1379690600762,-7.00004171973336,63.720013915467,1.5459919746753e-25,3,3420.22077358491
racethn_combn,NHB,1999-2020,21.2,WTMEC.COMBN,age+gender,employ_status,govtmeal_any,4138,4926708.94577245,137,quasibinomial (logit),Unemployed,2.20370956249592,0.632044557185092,0.000664729859232459,0.964902230413136,3.4425168945787,63.720013915467,1.5459919746753e-25,3081,3713937.21071892
racethn_combn,Other Hispanic,1999-2020,21.2,WTMEC.COMBN,age+gender,employ_status,govtmeal_any,1583,2122199.08122157,91,quasibinomial (logit),Full-time employed (Intercept),-8.78730684493873,1.67106145084313,1.04655650074585e-06,-12.0625872885913,-5.51202640128619,67.1034938496461,1.87119334941064e-22,329,394550.280651887
racethn_combn,Other Hispanic,1999-2020,21.2,WTMEC.COMBN,age+gender,employ_status,govtmeal_any,1583,2122199.08122157,91,quasibinomial (logit),Part-time employed,2.00507942662457,1.20239572747081,0.0990386766373726,-0.351616199218224,4.36177505246736,67.1034938496461,1.87119334941064e-22,112,158763.113092679
racethn_combn,Other Hispanic,1999-2020,21.2,WTMEC.COMBN,age+gender,employ_status,govtmeal_any,1583,2122199.08122157,91,quasibinomial (logit),Student,-9.1651201166271,1.32737526418212,8.16799686188991e-10,-11.7667756344241,-6.56346459883014,67.1034938496461,1.87119334941064e-22,3,3016.30762858491
racethn_combn,Other Hispanic,1999-2020,21.2,WTMEC.COMBN,age+gender,employ_status,govtmeal_any,1583,2122199.08122157,91,quasibinomial (logit),Unemployed,2.67324809549272,1.03338181155103,0.0113652815323646,0.647819744852699,4.69867644613274,67.1034938496461,1.87119334941064e-22,1139,1565869.37984842
racethn_combn,Other/Multi-Racial/NHAsian,1999-2020,21.2,WTMEC.COMBN,age+gender,employ_status,govtmeal_any,329,999007.775090094,39,quasibinomial (logit),Full-time employed (Intercept),-30.2596580098227,4.00038883110418,7.25340548429593e-09,-38.1004201187869,-22.4188959008585,274.139293506449,4.15298340716802e-22,58,227233.153680566
racethn_combn,Other/Multi-Racial/NHAsian,1999-2020,21.2,WTMEC.COMBN,age+gender,employ_status,govtmeal_any,329,999007.775090094,39,quasibinomial (logit),Part-time employed,-0.113389859635771,0.500919021035818,0.822235419129078,-1.09519114086597,0.868411421594431,274.139293506449,4.15298340716802e-22,11,47031.2840232076
racethn_combn,Other/Multi-Racial/NHAsian,1999-2020,21.2,WTMEC.COMBN,age+gender,employ_status,govtmeal_any,329,999007.775090094,39,quasibinomial (logit),Unemployed,15.820639002814,0.692158571485353,1.26712315808957e-22,14.4640082027027,17.1772698029253,274.139293506449,4.15298340716802e-22,260,724743.337386321
racethn_combn,NHAsian,1999-2020,21.2,WTMEC.COMBN,age+gender,employ_status,govtmeal_any,789,1234910.39306319,50,quasibinomial (logit),Full-time employed (Intercept),-11.1252300809221,3.39257598296057,0.00201255598431925,-17.7746790075248,-4.47578115431938,89.0366913450386,6.00862826613006e-19,174,248708.865972906
racethn_combn,NHAsian,1999-2020,21.2,WTMEC.COMBN,age+gender,employ_status,govtmeal_any,789,1234910.39306319,50,quasibinomial (logit),Part-time employed,1.94197400109695,0.644437249316404,0.00423129277309851,0.678876992436797,3.2050710097571,89.0366913450386,6.00862826613006e-19,59,91022.2037352076
racethn_combn,NHAsian,1999-2020,21.2,WTMEC.COMBN,age+gender,employ_status,govtmeal_any,789,1234910.39306319,50,quasibinomial (logit),Student,-11.3856964940257,1.11692671019604,2.84075345796103e-13,-13.5748728460099,-9.19652014204145,89.0366913450386,6.00862826613006e-19,3,4569.9157375283
racethn_combn,NHAsian,1999-2020,21.2,WTMEC.COMBN,age+gender,employ_status,govtmeal_any,789,1234910.39306319,50,quasibinomial (logit),Unemployed,1.09143994994385,0.900092870256314,0.231615868849764,-0.672742075758524,2.85562197564623,89.0366913450386,6.00862826613006e-19,553,890609.407617547
racethn_combn,Other/Multi-Racial,1999-2020,21.2,WTMEC.COMBN,age+gender,employ_status,govtmeal_any,240,791143.256758774,38,quasibinomial (logit),Full-time employed (Intercept),-25.812784719385,3.73240850309608,5.71641154591977e-08,-33.1283053854533,-18.4972640533167,1010.13776353216,5.24739575527409e-31,38,173704.794705943
racethn_combn,Other/Multi-Racial,1999-2020,21.2,WTMEC.COMBN,age+gender,employ_status,govtmeal_any,240,791143.256758774,38,quasibinomial (logit),Part-time employed,-0.162586486541012,0.527943828917667,0.759990256667373,-1.19735639121964,0.872183418137616,1010.13776353216,5.24739575527409e-31,25,70338.2057657547
racethn_combn,Other/Multi-Racial,1999-2020,21.2,WTMEC.COMBN,age+gender,employ_status,govtmeal_any,240,791143.256758774,38,quasibinomial (logit),Unemployed,16.8235048581663,0.48837295979394,5.03235893782998e-28,15.8662938569702,17.7807158593624,1010.13776353216,5.24739575527409e-31,177,547100.256287076
racethn_combn,NHB,2003-2020,17.2,WTMEC.COMBN,age+gender,employ_status,foodinsecure,11289,25876794.2517231,128,quasibinomial (logit),Full-time employed (Intercept),-0.695677254174097,0.103021197967299,5.11205936181311e-10,-0.897598802190004,-0.493755706158191,69.7916477132849,1.99630586388522e-26,5009,12989271.8283607
racethn_combn,NHB,2003-2020,17.2,WTMEC.COMBN,age+gender,employ_status,foodinsecure,11289,25876794.2517231,128,quasibinomial (logit),Part-time employed,0.425542549029363,0.0892190100511685,5.1244238794261e-06,0.250673289329073,0.600411808729653,69.7916477132849,1.99630586388522e-26,1040,2415705.49437728
racethn_combn,NHB,2003-2020,17.2,WTMEC.COMBN,age+gender,employ_status,foodinsecure,11289,25876794.2517231,128,quasibinomial (logit),Student,0.212456853165095,0.147839541523347,0.153234970223773,-0.0773086482206649,0.502222354550856,69.7916477132849,1.99630586388522e-26,430,809452.982908743
racethn_combn,NHB,2003-2020,17.2,WTMEC.COMBN,age+gender,employ_status,foodinsecure,11289,25876794.2517231,128,quasibinomial (logit),Unemployed,0.848821798408785,0.059369303033782,6.41317174937423e-28,0.732457964462572,0.965185632354997,69.7916477132849,1.99630586388522e-26,4810,9662363.94607638
racethn_combn,NHW,2003-2020,17.2,WTMEC.COMBN,age+gender,employ_status,foodinsecure,20923,151060562.803804,133,quasibinomial (logit),Full-time employed (Intercept),-1.08626668522949,0.0954017236448698,3.54222565456701e-21,-1.27325406357344,-0.899279306885549,96.7867472155304,9.17164877562882e-33,8619,78867516.6811459
racethn_combn,NHW,2003-2020,17.2,WTMEC.COMBN,age+gender,employ_status,foodinsecure,20923,151060562.803804,133,quasibinomial (logit),Part-time employed,0.264404623013216,0.105115492889399,0.0131284873416996,0.0583782569499944,0.470430989076437,96.7867472155304,9.17164877562882e-33,2213,16314445.5563522
racethn_combn,NHW,2003-2020,17.2,WTMEC.COMBN,age+gender,employ_status,foodinsecure,20923,151060562.803804,133,quasibinomial (logit),Student,-0.321988592457005,0.180720170722945,0.0771699287171459,-0.676200127073978,0.0322229421599683,96.7867472155304,9.17164877562882e-33,407,2608051.88105442
racethn_combn,NHW,2003-2020,17.2,WTMEC.COMBN,age+gender,employ_status,foodinsecure,20923,151060562.803804,133,quasibinomial (logit),Unemployed,1.0556228338147,0.0714269759545629,1.87296290653623e-29,0.915625960943756,1.19561970668564,96.7867472155304,9.17164877562882e-33,9684,53270548.6852513
racethn_combn,Mexican-American,2003-2020,17.2,WTMEC.COMBN,age+gender,employ_status,foodinsecure,8033,19182041.7895102,120,quasibinomial (logit),Full-time employed (Intercept),-0.531959089721573,0.127792482267937,6.10067807815677e-05,-0.78243235496673,-0.281485824476416,22.7496936612922,1.23589232432045e-11,3931,11046808.8480622
racethn_combn,Mexican-American,2003-2020,17.2,WTMEC.COMBN,age+gender,employ_status,foodinsecure,8033,19182041.7895102,120,quasibinomial (logit),Part-time employed,0.139265392708555,0.118645120325269,0.242901193607564,-0.0932790431289735,0.371809828546083,22.7496936612922,1.23589232432045e-11,780,1913766.2999076
racethn_combn,Mexican-American,2003-2020,17.2,WTMEC.COMBN,age+gender,employ_status,foodinsecure,8033,19182041.7895102,120,quasibinomial (logit),Student,-0.52039827590983,0.224816520002138,0.0224000295194322,-0.96103865511402,-0.0797578967056401,22.7496936612922,1.23589232432045e-11,224,481386.107528721
racethn_combn,Mexican-American,2003-2020,17.2,WTMEC.COMBN,age+gender,employ_status,foodinsecure,8033,19182041.7895102,120,quasibinomial (logit),Unemployed,0.520930504434387,0.0750215848257823,2.41725866839446e-10,0.373888198175854,0.667972810692921,22.7496936612922,1.23589232432045e-11,3098,5740080.53401167
racethn_combn,Other Hispanic,2003-2020,17.2,WTMEC.COMBN,age+gender,employ_status,foodinsecure,4478,12534786.2824076,119,quasibinomial (logit),Full-time employed (Intercept),-0.861036413871948,0.137721055461978,7.25463741328108e-09,-1.13096968257742,-0.591103145166472,12.995272500969,2.31945127899354e-07,2120,7015150.81500405
racethn_combn,Other Hispanic,2003-2020,17.2,WTMEC.COMBN,age+gender,employ_status,foodinsecure,4478,12534786.2824076,119,quasibinomial (logit),Part-time employed,0.138922411946645,0.154599925457378,0.370763512787349,-0.164093441949816,0.441938265843105,12.995272500969,2.31945127899354e-07,438,1188606.77919674
racethn_combn,Other Hispanic,2003-2020,17.2,WTMEC.COMBN,age+gender,employ_status,foodinsecure,4478,12534786.2824076,119,quasibinomial (logit),Student,-0.176004120434133,0.264010150210719,0.506338475486616,-0.693464014847142,0.341455773978877,12.995272500969,2.31945127899354e-07,117,323633.558499345
racethn_combn,Other Hispanic,2003-2020,17.2,WTMEC.COMBN,age+gender,employ_status,foodinsecure,4478,12534786.2824076,119,quasibinomial (logit),Unemployed,0.593719481984341,0.101118343976083,4.33863410434729e-08,0.395527527791218,0.791911436177462,12.995272500969,2.31945127899354e-07,1803,4007395.12970747
racethn_combn,Other/Multi-Racial/NHAsian,2003-2020,17.2,WTMEC.COMBN,age+gender,employ_status,foodinsecure,1082,6022651.17739141,57,quasibinomial (logit),Full-time employed (Intercept),-1.77923795926132,0.336585854997046,2.51174842907984e-06,-2.43894623505553,-1.11952968346711,5.57540524760134,0.00215443650639994,516,3477176.11712168
racethn_combn,Other/Multi-Racial/NHAsian,2003-2020,17.2,WTMEC.COMBN,age+gender,employ_status,foodinsecure,1082,6022651.17739141,57,quasibinomial (logit),Part-time employed,0.325883974770637,0.34239043576317,0.345606495790976,-0.345201279325176,0.99696922886645,5.57540524760134,0.00215443650639994,119,617205.217257106
racethn_combn,Other/Multi-Racial/NHAsian,2003-2020,17.2,WTMEC.COMBN,age+gender,employ_status,foodinsecure,1082,6022651.17739141,57,quasibinomial (logit),Student,0.420725828075321,0.517192549323221,0.419652199008035,-0.592971568598193,1.43442322474884,5.57540524760134,0.00215443650639994,52,200188.1414632
racethn_combn,Other/Multi-Racial/NHAsian,2003-2020,17.2,WTMEC.COMBN,age+gender,employ_status,foodinsecure,1082,6022651.17739141,57,quasibinomial (logit),Unemployed,0.985435628564096,0.2418274893502,0.000157880235412964,0.511453749437704,1.45941750769049,5.57540524760134,0.00215443650639994,395,1728081.70154942
racethn_combn,NHAsian,2003-2020,17.2,WTMEC.COMBN,age+gender,employ_status,foodinsecure,3236,6831902.34220758,70,quasibinomial (logit),Full-time employed (Intercept),-2.56174508909683,0.392591038845917,1.18652203362963e-08,-3.33122352523483,-1.79226665295883,5.8288213038227,0.00136816482205258,1687,3672626.97535491
racethn_combn,NHAsian,2003-2020,17.2,WTMEC.COMBN,age+gender,employ_status,foodinsecure,3236,6831902.34220758,70,quasibinomial (logit),Part-time employed,0.240227526875909,0.285897371431276,0.403844012506113,-0.320131321129391,0.80058637488121,5.8288213038227,0.00136816482205258,357,748140.698796791
racethn_combn,NHAsian,2003-2020,17.2,WTMEC.COMBN,age+gender,employ_status,foodinsecure,3236,6831902.34220758,70,quasibinomial (logit),Student,0.314750048221881,0.332357394029245,0.347134621654336,-0.336670444075439,0.966170540519202,5.8288213038227,0.00136816482205258,185,328140.532041977
racethn_combn,NHAsian,2003-2020,17.2,WTMEC.COMBN,age+gender,employ_status,foodinsecure,3236,6831902.34220758,70,quasibinomial (logit),Unemployed,0.675799896726314,0.163120075757275,0.000101043104719457,0.356084548242054,0.995515245210573,5.8288213038227,0.00136816482205258,1007,2082994.13601391
racethn_combn,Other/Multi-Racial,2003-2020,17.2,WTMEC.COMBN,age+gender,employ_status,foodinsecure,1012,4262916.49409081,72,quasibinomial (logit),Full-time employed (Intercept),-0.352875653782312,0.257649187118747,0.175385667416712,-0.857868060535057,0.152116752970432,7.3529102204756,0.000247795283850719,446,2102034.48927137
racethn_combn,Other/Multi-Racial,2003-2020,17.2,WTMEC.COMBN,age+gender,employ_status,foodinsecure,1012,4262916.49409081,72,quasibinomial (logit),Part-time employed,0.22571955765501,0.319712312582208,0.48263073505492,-0.400916575006117,0.852355690316138,7.3529102204756,0.000247795283850719,133,547337.072913744
racethn_combn,Other/Multi-Racial,2003-2020,17.2,WTMEC.COMBN,age+gender,employ_status,foodinsecure,1012,4262916.49409081,72,quasibinomial (logit),Student,-1.02527571512543,0.582729687687594,0.0830685814830737,-2.16742590299312,0.11687447274225,7.3529102204756,0.000247795283850719,39,112920.538157721
racethn_combn,Other/Multi-Racial,2003-2020,17.2,WTMEC.COMBN,age+gender,employ_status,foodinsecure,1012,4262916.49409081,72,quasibinomial (logit),Unemployed,0.77327106639163,0.186935161030359,0.000100470270882115,0.406878150772127,1.13966398201113,7.3529102204756,0.000247795283850719,394,1500624.39374798
racethn_combn,NHW,1999-2020,21.2,WTMEC.COMBN,age+gender,employ_status,genhealth_low_vs_other,26727,152139224.50575,162,quasibinomial (logit),Full-time employed (Intercept),-2.76848041424711,0.0714915758451936,3.12127268670615e-82,-2.90860390290369,-2.62835692559053,183.610414103221,4.044974045267e-51,11073,79927845.9534458
racethn_combn,NHW,1999-2020,21.2,WTMEC.COMBN,age+gender,employ_status,genhealth_low_vs_other,26727,152139224.50575,162,quasibinomial (logit),Part-time employed,0.26331667018102,0.0771688915070208,0.000819655576358772,0.11206564282726,0.414567697534781,183.610414103221,4.044974045267e-51,2805,16254945.5185979
racethn_combn,NHW,1999-2020,21.2,WTMEC.COMBN,age+gender,employ_status,genhealth_low_vs_other,26727,152139224.50575,162,quasibinomial (logit),Student,-0.0234792732658702,0.25277555042746,0.926112665981587,-0.518919352103691,0.471960805571951,183.610414103221,4.044974045267e-51,505,2621273.86299715
racethn_combn,NHW,1999-2020,21.2,WTMEC.COMBN,age+gender,employ_status,genhealth_low_vs_other,26727,152139224.50575,162,quasibinomial (logit),Unemployed,1.34973195634685,0.0600028812761003,5.6289508279719e-51,1.23212630904569,1.467337603648,183.610414103221,4.044974045267e-51,12344,53335159.1707088
racethn_combn,Other/Multi-Racial/NHAsian,1999-2020,21.2,WTMEC.COMBN,age+gender,employ_status,genhealth_low_vs_other,1500,6753515.95491199,84,quasibinomial (logit),Full-time employed (Intercept),-3.13346986015289,0.260152402737771,1.44191002389033e-19,-3.64336856951892,-2.62357115078685,7.16226076412962,0.000257853864170364,699,3782413.78309071
racethn_combn,Other/Multi-Racial/NHAsian,1999-2020,21.2,WTMEC.COMBN,age+gender,employ_status,genhealth_low_vs_other,1500,6753515.95491199,84,quasibinomial (logit),Part-time employed,-0.380305372892105,0.348471000647844,0.278434284456735,-1.06330853416188,0.302697788377669,7.16226076412962,0.000257853864170364,163,645266.4453552
racethn_combn,Other/Multi-Racial/NHAsian,1999-2020,21.2,WTMEC.COMBN,age+gender,employ_status,genhealth_low_vs_other,1500,6753515.95491199,84,quasibinomial (logit),Student,0.210232860958532,0.514700239902745,0.684043324056314,-0.798579609250848,1.21904533116791,7.16226076412962,0.000257853864170364,77,257481.858317974
racethn_combn,Other/Multi-Racial/NHAsian,1999-2020,21.2,WTMEC.COMBN,age+gender,employ_status,genhealth_low_vs_other,1500,6753515.95491199,84,quasibinomial (logit),Unemployed,0.985768921567474,0.225928155159616,3.83653041900023e-05,0.542949737454626,1.42858810568032,7.16226076412962,0.000257853864170364,561,2068353.86814811
racethn_combn,NHB,1999-2020,21.2,WTMEC.COMBN,age+gender,employ_status,genhealth_low_vs_other,13857,25743014.1066518,154,quasibinomial (logit),Full-time employed (Intercept),-2.48334833803439,0.0797961527935471,4.49186921243295e-67,-2.63974879750974,-2.32694787855904,144.232646361119,7.24188450662002e-44,6175,13107153.0023781
racethn_combn,NHB,1999-2020,21.2,WTMEC.COMBN,age+gender,employ_status,genhealth_low_vs_other,13857,25743014.1066518,154,quasibinomial (logit),Part-time employed,0.284735102669773,0.0955734229359437,0.00337503861545684,0.0974111937153236,0.472059011624223,144.232646361119,7.24188450662002e-44,1285,2360351.79534634
racethn_combn,NHB,1999-2020,21.2,WTMEC.COMBN,age+gender,employ_status,genhealth_low_vs_other,13857,25743014.1066518,154,quasibinomial (logit),Student,-0.0829582322632365,0.19047900594594,0.663812176095082,-0.456297083917278,0.290380619390805,144.232646361119,7.24188450662002e-44,518,754182.288848992
racethn_combn,NHB,1999-2020,21.2,WTMEC.COMBN,age+gender,employ_status,genhealth_low_vs_other,13857,25743014.1066518,154,quasibinomial (logit),Unemployed,1.0361294555588,0.0521307209780845,9.57065734253442e-44,0.933953242441758,1.13830566867585,144.232646361119,7.24188450662002e-44,5879,9521327.02007843
racethn_combn,Mexican-American,1999-2020,21.2,WTMEC.COMBN,age+gender,employ_status,genhealth_low_vs_other,11137,18785450.1519935,146,quasibinomial (logit),Full-time employed (Intercept),-1.9595022049189,0.0982453616828498,7.00708865692966e-43,-2.15206311381729,-1.76694129602051,30.3175367406165,3.46330417741686e-15,5443,10931783.7823784
racethn_combn,Mexican-American,1999-2020,21.2,WTMEC.COMBN,age+gender,employ_status,genhealth_low_vs_other,11137,18785450.1519935,146,quasibinomial (logit),Part-time employed,0.0367125679053499,0.110206261507892,0.739534021116248,-0.179291704650118,0.252716840460818,30.3175367406165,3.46330417741686e-15,1043,1807163.87744055
racethn_combn,Mexican-American,1999-2020,21.2,WTMEC.COMBN,age+gender,employ_status,genhealth_low_vs_other,11137,18785450.1519935,146,quasibinomial (logit),Student,-0.764325448365399,0.237904013334698,0.00162926977615911,-1.23061731450141,-0.298033582229392,30.3175367406165,3.46330417741686e-15,320,463785.223751962
racethn_combn,Mexican-American,1999-2020,21.2,WTMEC.COMBN,age+gender,employ_status,genhealth_low_vs_other,11137,18785450.1519935,146,quasibinomial (logit),Unemployed,0.500186305953,0.0620953393479815,3.02209520444253e-13,0.378479440830956,0.621893171075044,30.3175367406165,3.46330417741686e-15,4331,5582717.26842253
racethn_combn,Other Hispanic,1999-2020,21.2,WTMEC.COMBN,age+gender,employ_status,genhealth_low_vs_other,5244,13256450.0503389,140,quasibinomial (logit),Full-time employed (Intercept),-2.17274867770857,0.137938296864731,2.24685295746819e-32,-2.44310773956344,-1.9023896158537,23.232714401003,3.45874384466745e-12,2475,7351863.58050294
racethn_combn,Other Hispanic,1999-2020,21.2,WTMEC.COMBN,age+gender,employ_status,genhealth_low_vs_other,5244,13256450.0503389,140,quasibinomial (logit),Part-time employed,0.307195607492804,0.149262181385522,0.0415049003094442,0.0146417319771818,0.599749483008427,23.232714401003,3.45874384466745e-12,507,1248626.78267555
racethn_combn,Other Hispanic,1999-2020,21.2,WTMEC.COMBN,age+gender,employ_status,genhealth_low_vs_other,5244,13256450.0503389,140,quasibinomial (logit),Student,-0.72719357993776,0.370400305891147,0.0516709577247027,-1.45317817948441,-0.00120898039111272,23.232714401003,3.45874384466745e-12,143,360722.32603796
racethn_combn,Other Hispanic,1999-2020,21.2,WTMEC.COMBN,age+gender,employ_status,genhealth_low_vs_other,5244,13256450.0503389,140,quasibinomial (logit),Unemployed,0.695187398309757,0.0906881363453963,3.12477402869864e-12,0.51743865107278,0.872936145546734,23.232714401003,3.45874384466745e-12,2119,4295237.36112242
racethn_combn,NHAsian,1999-2020,21.2,WTMEC.COMBN,age+gender,employ_status,genhealth_low_vs_other,3424,5846650.67119076,70,quasibinomial (logit),Full-time employed (Intercept),-3.63326850812918,0.232895901408763,1.17012248552771e-23,-4.08974447489035,-3.176792541368,15.8331102525956,7.79927892906886e-08,1777,3120616.04849598
racethn_combn,NHAsian,1999-2020,21.2,WTMEC.COMBN,age+gender,employ_status,genhealth_low_vs_other,3424,5846650.67119076,70,quasibinomial (logit),Part-time employed,0.5666332486726,0.161797554230842,0.000840101066434717,0.249510042380149,0.883756454965052,15.8331102525956,7.79927892906886e-08,378,640650.931177132
racethn_combn,NHAsian,1999-2020,21.2,WTMEC.COMBN,age+gender,employ_status,genhealth_low_vs_other,3424,5846650.67119076,70,quasibinomial (logit),Student,0.543624362671564,0.357758452164897,0.133478952380796,-0.157582203571634,1.24483092891476,15.8331102525956,7.79927892906886e-08,197,282664.634493208
racethn_combn,NHAsian,1999-2020,21.2,WTMEC.COMBN,age+gender,employ_status,genhealth_low_vs_other,3424,5846650.67119076,70,quasibinomial (logit),Unemployed,1.00508614641994,0.155225154674371,1.45232002557679e-08,0.700844843258174,1.30932744958171,15.8331102525956,7.79927892906886e-08,1072,1802719.05702443
racethn_combn,Other/Multi-Racial,1999-2020,21.2,WTMEC.COMBN,age+gender,employ_status,genhealth_low_vs_other,1057,3565448.5727627,72,quasibinomial (logit),Full-time employed (Intercept),-2.00072140769676,0.251808686293407,3.01878756565861e-11,-2.49426643283184,-1.50717638256168,13.4600974863158,5.68907984300153e-07,461,1746528.33093481
racethn_combn,Other/Multi-Racial,1999-2020,21.2,WTMEC.COMBN,age+gender,employ_status,genhealth_low_vs_other,1057,3565448.5727627,72,quasibinomial (logit),Part-time employed,-0.413494009514119,0.328143459932789,0.212004159996954,-1.05665519098238,0.229667171954147,13.4600974863158,5.68907984300153e-07,137,456779.406543906
racethn_combn,Other/Multi-Racial,1999-2020,21.2,WTMEC.COMBN,age+gender,employ_status,genhealth_low_vs_other,1057,3565448.5727627,72,quasibinomial (logit),Student,0.790940850412774,0.592188062776229,0.186191666262535,-0.369747752628634,1.95162945345418,13.4600974863158,5.68907984300153e-07,40,91614.7762411698
racethn_combn,Other/Multi-Racial,1999-2020,21.2,WTMEC.COMBN,age+gender,employ_status,genhealth_low_vs_other,1057,3565448.5727627,72,quasibinomial (logit),Unemployed,1.19578777857686,0.234960290025104,3.12187616933863e-06,0.735265610127659,1.65630994702607,13.4600974863158,5.68907984300153e-07,419,1270526.05904281
racethn_combn,NHW,1999-2020,21.2,WTMEC.COMBN,age+gender,employ_status,hc_drvisit,26724,152164194.489956,162,quasibinomial (logit),Full-time employed (Intercept),1.01583266221059,0.0697524201607313,6.01992264327544e-31,0.879117918695557,1.15254740572562,17.0586793355688,1.22105328903839e-09,11076,79956390.0665509
racethn_combn,NHW,1999-2020,21.2,WTMEC.COMBN,age+gender,employ_status,hc_drvisit,26724,152164194.489956,162,quasibinomial (logit),Part-time employed,0.217849479757958,0.0818899425997372,0.00861838224136213,0.057345192262473,0.378353767253443,17.0586793355688,1.22105328903839e-09,2805,16267298.8436932
racethn_combn,NHW,1999-2020,21.2,WTMEC.COMBN,age+gender,employ_status,hc_drvisit,26724,152164194.489956,162,quasibinomial (logit),Student,0.547129625199956,0.15315590305186,0.000470046653281975,0.246944055218312,0.847315195181601,17.0586793355688,1.22105328903839e-09,506,2626294.96222659
racethn_combn,NHW,1999-2020,21.2,WTMEC.COMBN,age+gender,employ_status,hc_drvisit,26724,152164194.489956,162,quasibinomial (logit),Unemployed,0.33404529308891,0.0598245483332066,1.01219055289888e-07,0.216789178355825,0.451301407821995,17.0586793355688,1.22105328903839e-09,12337,53314210.6174853
racethn_combn,Other/Multi-Racial/NHAsian,1999-2020,21.2,WTMEC.COMBN,age+gender,employ_status,hc_drvisit,1500,6753515.95491199,84,quasibinomial (logit),Full-time employed (Intercept),0.625310089574516,0.26975093613744,0.0230317742563715,0.0965982547451331,1.1540219244039,1.01108399123262,0.392373606105922,699,3782413.78309071
racethn_combn,Other/Multi-Racial/NHAsian,1999-2020,21.2,WTMEC.COMBN,age+gender,employ_status,hc_drvisit,1500,6753515.95491199,84,quasibinomial (logit),Part-time employed,0.0967121829997115,0.298729778933246,0.746986840336048,-0.48879818370945,0.682222549708873,1.01108399123262,0.392373606105922,163,645266.4453552
racethn_combn,Other/Multi-Racial/NHAsian,1999-2020,21.2,WTMEC.COMBN,age+gender,employ_status,hc_drvisit,1500,6753515.95491199,84,quasibinomial (logit),Student,0.413857091510926,0.3739842133534,0.2718181334569,-0.319151966661738,1.14686614968359,1.01108399123262,0.392373606105922,77,257481.858317974
racethn_combn,Other/Multi-Racial/NHAsian,1999-2020,21.2,WTMEC.COMBN,age+gender,employ_status,hc_drvisit,1500,6753515.95491199,84,quasibinomial (logit),Unemployed,-0.195890808626506,0.1891373973695,0.303499111870137,-0.566600107470725,0.174818490217713,1.01108399123262,0.392373606105922,561,2068353.86814811
racethn_combn,NHB,1999-2020,21.2,WTMEC.COMBN,age+gender,employ_status,hc_drvisit,13845,25726280.6455244,154,quasibinomial (logit),Full-time employed (Intercept),1.04037138378384,0.0842446295534548,1.42718023998661e-24,0.875251909859073,1.20549085770862,7.46936696031692,0.000108129052859417,6178,13113496.3121529
racethn_combn,NHB,1999-2020,21.2,WTMEC.COMBN,age+gender,employ_status,hc_drvisit,13845,25726280.6455244,154,quasibinomial (logit),Part-time employed,-0.00969406423796812,0.0963679308492987,0.920007754029836,-0.198575208702593,0.179187080226657,7.46936696031692,0.000108129052859417,1284,2357289.91345398
racethn_combn,NHB,1999-2020,21.2,WTMEC.COMBN,age+gender,employ_status,hc_drvisit,13845,25726280.6455244,154,quasibinomial (logit),Student,0.523769700829844,0.156048880685759,0.00100193008780768,0.217913894685756,0.829625506973932,7.46936696031692,0.000108129052859417,518,754182.288848992
racethn_combn,NHB,1999-2020,21.2,WTMEC.COMBN,age+gender,employ_status,hc_drvisit,13845,25726280.6455244,154,quasibinomial (logit),Unemployed,0.243087343280214,0.0741356889116875,0.00129702828093061,0.097781393013306,0.388393293547121,7.46936696031692,0.000108129052859417,5865,9501312.13106851
racethn_combn,Mexican-American,1999-2020,21.2,WTMEC.COMBN,age+gender,employ_status,hc_drvisit,11128,18770454.8453099,146,quasibinomial (logit),Full-time employed (Intercept),0.330841836156734,0.078923534175252,4.85864709398763e-05,0.17615170917324,0.485531963140228,20.6665942305519,3.7115566639384e-11,5441,10928275.2194599
racethn_combn,Mexican-American,1999-2020,21.2,WTMEC.COMBN,age+gender,employ_status,hc_drvisit,11128,18770454.8453099,146,quasibinomial (logit),Part-time employed,0.209321536129928,0.101434471588511,0.040888149794888,0.0105099718164464,0.408133100443409,20.6665942305519,3.7115566639384e-11,1042,1806385.21869536
racethn_combn,Mexican-American,1999-2020,21.2,WTMEC.COMBN,age+gender,employ_status,hc_drvisit,11128,18770454.8453099,146,quasibinomial (logit),Student,0.810222127258568,0.17042471715128,4.8643595391354e-06,0.476189681642059,1.14425457287508,20.6665942305519,3.7115566639384e-11,319,462362.838015453
racethn_combn,Mexican-American,1999-2020,21.2,WTMEC.COMBN,age+gender,employ_status,hc_drvisit,11128,18770454.8453099,146,quasibinomial (logit),Unemployed,0.375721049344923,0.0673957248277071,1.22037508982322e-07,0.243625428682617,0.507816670007229,20.6665942305519,3.7115566639384e-11,4326,5573431.56913917
racethn_combn,Other Hispanic,1999-2020,21.2,WTMEC.COMBN,age+gender,employ_status,hc_drvisit,5243,13256827.0644168,140,quasibinomial (logit),Full-time employed (Intercept),0.450958438428352,0.131317797218174,0.000789990899199401,0.19357555588073,0.708341320975973,9.58321749932096,8.83647231888481e-06,2476,7357898.39461887
racethn_combn,Other Hispanic,1999-2020,21.2,WTMEC.COMBN,age+gender,employ_status,hc_drvisit,5243,13256827.0644168,140,quasibinomial (logit),Part-time employed,0.388468172524066,0.15741714663447,0.0148468318342744,0.0799305651205042,0.697005779927628,9.58321749932096,8.83647231888481e-06,507,1248626.78267555
racethn_combn,Other Hispanic,1999-2020,21.2,WTMEC.COMBN,age+gender,employ_status,hc_drvisit,5243,13256827.0644168,140,quasibinomial (logit),Student,0.900470302915886,0.30266695080141,0.00347095711209382,0.307243079345123,1.49369752648665,9.58321749932096,8.83647231888481e-06,142,356290.109277507
racethn_combn,Other Hispanic,1999-2020,21.2,WTMEC.COMBN,age+gender,employ_status,hc_drvisit,5243,13256827.0644168,140,quasibinomial (logit),Unemployed,0.464704334125656,0.0994807251260676,7.14774911168698e-06,0.269722112878563,0.659686555372748,9.58321749932096,8.83647231888481e-06,2118,4294011.77784487
racethn_combn,NHAsian,1999-2020,21.2,WTMEC.COMBN,age+gender,employ_status,hc_drvisit,3422,5841878.15756538,70,quasibinomial (logit),Full-time employed (Intercept),0.675824974276993,0.165510704922787,0.000124031840887666,0.351423992628331,1.00022595592566,1.70579090283223,0.174502284069196,1777,3120616.04849598
racethn_combn,NHAsian,1999-2020,21.2,WTMEC.COMBN,age+gender,employ_status,hc_drvisit,3422,5841878.15756538,70,quasibinomial (logit),Part-time employed,-0.201978028859821,0.180416931755798,0.267043735910863,-0.555595215101186,0.151639157381543,1.70579090283223,0.174502284069196,378,640650.931177132
racethn_combn,NHAsian,1999-2020,21.2,WTMEC.COMBN,age+gender,employ_status,hc_drvisit,3422,5841878.15756538,70,quasibinomial (logit),Student,0.321354989470031,0.225869503649368,0.159591440182645,-0.121349237682729,0.764059216622792,1.70579090283223,0.174502284069196,196,279517.227639623
racethn_combn,NHAsian,1999-2020,21.2,WTMEC.COMBN,age+gender,employ_status,hc_drvisit,3422,5841878.15756538,70,quasibinomial (logit),Unemployed,0.126881552657578,0.103556632415744,0.224906763635352,-0.0760894468772805,0.329852552192437,1.70579090283223,0.174502284069196,1071,1801093.95025264
racethn_combn,Other/Multi-Racial,1999-2020,21.2,WTMEC.COMBN,age+gender,employ_status,hc_drvisit,1059,3567034.35561085,72,quasibinomial (logit),Full-time employed (Intercept),1.27351513985718,0.279629787946885,2.28124507345917e-05,0.725440755481283,1.82158952423307,2.3369535107085,0.081492564651741,462,1747801.5581484
racethn_combn,Other/Multi-Racial,1999-2020,21.2,WTMEC.COMBN,age+gender,employ_status,hc_drvisit,1059,3567034.35561085,72,quasibinomial (logit),Part-time employed,-0.353223080839295,0.341700184404219,0.304982929410827,-1.02295544227156,0.316509280592974,2.3369535107085,0.081492564651741,138,458577.990371528
racethn_combn,Other/Multi-Racial,1999-2020,21.2,WTMEC.COMBN,age+gender,employ_status,hc_drvisit,1059,3567034.35561085,72,quasibinomial (logit),Student,1.43031759130225,0.643926742253301,0.0297181849177796,0.168221176485783,2.69241400611872,2.3369535107085,0.081492564651741,40,91614.7762411698
racethn_combn,Other/Multi-Racial,1999-2020,21.2,WTMEC.COMBN,age+gender,employ_status,hc_drvisit,1059,3567034.35561085,72,quasibinomial (logit),Unemployed,0.0186881172564317,0.24548762673409,0.939545308947609,-0.462467631142385,0.499843865655248,2.3369535107085,0.081492564651741,419,1269040.03084975
racethn_combn,NHW,1999-2020,21.2,WTMEC.COMBN,age+gender,employ_status,hc_hospadmit,26735,152213647.878878,162,quasibinomial (logit),Full-time employed (Intercept),-2.87514121262775,0.083401810751852,3.91596511341834e-75,-3.03860876170138,-2.71167366355412,112.794754127644,5.56687106047728e-39,11077,79972443.0079716
racethn_combn,NHW,1999-2020,21.2,WTMEC.COMBN,age+gender,employ_status,hc_hospadmit,26735,152213647.878878,162,quasibinomial (logit),Part-time employed,0.352225401962547,0.0934698200673787,0.000232106086126474,0.169024554630485,0.53542624929461,112.794754127644,5.56687106047728e-39,2806,16275300.037702
racethn_combn,NHW,1999-2020,21.2,WTMEC.COMBN,age+gender,employ_status,hc_hospadmit,26735,152213647.878878,162,quasibinomial (logit),Student,-0.0913508429555929,0.269418363001568,0.735012437270879,-0.619410834438665,0.43670914852748,112.794754127644,5.56687106047728e-39,506,2626294.96222659
racethn_combn,NHW,1999-2020,21.2,WTMEC.COMBN,age+gender,employ_status,hc_hospadmit,26735,152213647.878878,162,quasibinomial (logit),Unemployed,1.05023522287266,0.0605069364279138,2.35885110862544e-38,0.931641627473951,1.16882881827137,112.794754127644,5.56687106047728e-39,12346,53339609.8709783
racethn_combn,Other/Multi-Racial/NHAsian,1999-2020,21.2,WTMEC.COMBN,age+gender,employ_status,hc_hospadmit,1499,6751919.91222048,84,quasibinomial (logit),Full-time employed (Intercept),-3.43477774796191,0.290028940190648,3.42497178730508e-19,-4.00323447073558,-2.86632102518824,5.80257093051005,0.0012291029867947,699,3782413.78309071
racethn_combn,Other/Multi-Racial/NHAsian,1999-2020,21.2,WTMEC.COMBN,age+gender,employ_status,hc_hospadmit,1499,6751919.91222048,84,quasibinomial (logit),Part-time employed,-0.00623051028367769,0.55087962878865,0.991004542068906,-1.08595458270943,1.07349356214208,5.80257093051005,0.0012291029867947,163,645266.4453552
racethn_combn,Other/Multi-Racial/NHAsian,1999-2020,21.2,WTMEC.COMBN,age+gender,employ_status,hc_hospadmit,1499,6751919.91222048,84,quasibinomial (logit),Student,0.316399623494836,0.625663719307122,0.614473758223918,-0.909901266347123,1.54270051333679,5.80257093051005,0.0012291029867947,77,257481.858317974
racethn_combn,Other/Multi-Racial/NHAsian,1999-2020,21.2,WTMEC.COMBN,age+gender,employ_status,hc_hospadmit,1499,6751919.91222048,84,quasibinomial (logit),Unemployed,1.13911665954922,0.296954029574028,0.000250281237703926,0.557086761584129,1.72114655751432,5.80257093051005,0.0012291029867947,560,2066757.8254566
racethn_combn,NHB,1999-2020,21.2,WTMEC.COMBN,age+gender,employ_status,hc_hospadmit,13861,25747799.3181861,154,quasibinomial (logit),Full-time employed (Intercept),-2.39525358552257,0.103568517026177,3.66500729402605e-51,-2.59824787889387,-2.19225929215126,87.5503869567538,1.034422399586e-32,6180,13117256.2733979
racethn_combn,NHB,1999-2020,21.2,WTMEC.COMBN,age+gender,employ_status,hc_hospadmit,13861,25747799.3181861,154,quasibinomial (logit),Part-time employed,0.284028996073522,0.13077360218019,0.0314439361828044,0.0277127358003507,0.540345256346694,87.5503869567538,1.034422399586e-32,1285,2360351.79534634
racethn_combn,NHB,1999-2020,21.2,WTMEC.COMBN,age+gender,employ_status,hc_hospadmit,13861,25747799.3181861,154,quasibinomial (logit),Student,-0.369260653654179,0.215358016196198,0.0884910653632439,-0.791362365398727,0.0528410580903691,87.5503869567538,1.034422399586e-32,517,751497.410631256
racethn_combn,NHB,1999-2020,21.2,WTMEC.COMBN,age+gender,employ_status,hc_hospadmit,13861,25747799.3181861,154,quasibinomial (logit),Unemployed,1.03824055279549,0.0681948593482564,3.64736596748084e-32,0.904578628472911,1.17190247711808,87.5503869567538,1.034422399586e-32,5879,9518693.8388106
racethn_combn,Mexican-American,1999-2020,21.2,WTMEC.COMBN,age+gender,employ_status,hc_hospadmit,11144,18796416.0161979,146,quasibinomial (logit),Full-time employed (Intercept),-2.70303913829841,0.141506575328222,6.03770055543085e-41,-2.98039202594173,-2.4256862506551,64.5019370663038,2.58035441848689e-26,5444,10931783.4417936
racethn_combn,Mexican-American,1999-2020,21.2,WTMEC.COMBN,age+gender,employ_status,hc_hospadmit,11144,18796416.0161979,146,quasibinomial (logit),Part-time employed,0.163114928903037,0.154592098664171,0.293169978155997,-0.139885584478738,0.466115442284811,64.5019370663038,2.58035441848689e-26,1045,1811278.24336404
racethn_combn,Mexican-American,1999-2020,21.2,WTMEC.COMBN,age+gender,employ_status,hc_hospadmit,11144,18796416.0161979,146,quasibinomial (logit),Student,-0.105265738548458,0.341344140709056,0.758243804430693,-0.774300254338208,0.563768777241292,64.5019370663038,2.58035441848689e-26,320,463785.223751962
racethn_combn,Mexican-American,1999-2020,21.2,WTMEC.COMBN,age+gender,employ_status,hc_hospadmit,11144,18796416.0161979,146,quasibinomial (logit),Unemployed,1.17696174707091,0.094235430194969,1.43003438399107e-24,0.992260303888771,1.36166319025305,64.5019370663038,2.58035441848689e-26,4335,5589569.10728828
racethn_combn,Other Hispanic,1999-2020,21.2,WTMEC.COMBN,age+gender,employ_status,hc_hospadmit,5247,13266467.6258149,140,quasibinomial (logit),Full-time employed (Intercept),-2.65322660519111,0.220685534403287,4.34903372522665e-23,-3.08577025262155,-2.22068295776067,29.8875340837887,6.98146925773235e-15,2476,7357898.39461887
racethn_combn,Other Hispanic,1999-2020,21.2,WTMEC.COMBN,age+gender,employ_status,hc_hospadmit,5247,13266467.6258149,140,quasibinomial (logit),Part-time employed,-0.0663638962640826,0.229202087509122,0.772609965579007,-0.515599987781961,0.382872195253796,29.8875340837887,6.98146925773235e-15,507,1248626.78267555
racethn_combn,Other Hispanic,1999-2020,21.2,WTMEC.COMBN,age+gender,employ_status,hc_hospadmit,5247,13266467.6258149,140,quasibinomial (logit),Student,0.0345289949719147,0.332834092960903,0.917527767122786,-0.617825827231456,0.686883817175285,29.8875340837887,6.98146925773235e-15,143,360722.32603796
racethn_combn,Other Hispanic,1999-2020,21.2,WTMEC.COMBN,age+gender,employ_status,hc_hospadmit,5247,13266467.6258149,140,quasibinomial (logit),Unemployed,1.15791565423002,0.131078469079112,4.73994548642574e-15,0.901001854834959,1.41482945362508,29.8875340837887,6.98146925773235e-15,2121,4299220.12248251
racethn_combn,NHAsian,1999-2020,21.2,WTMEC.COMBN,age+gender,employ_status,hc_hospadmit,3423,5844498.01582066,70,quasibinomial (logit),Full-time employed (Intercept),-3.60165065217955,0.30324139107486,6.13137606412061e-18,-4.19600377868627,-3.00729752567282,13.4959472783136,6.04067677855306e-07,1777,3120616.04849598
racethn_combn,NHAsian,1999-2020,21.2,WTMEC.COMBN,age+gender,employ_status,hc_hospadmit,3423,5844498.01582066,70,quasibinomial (logit),Part-time employed,0.143570808336363,0.39785016371244,0.719369418497404,-0.63621551254002,0.923357129212746,13.4959472783136,6.04067677855306e-07,378,640650.931177132
racethn_combn,NHAsian,1999-2020,21.2,WTMEC.COMBN,age+gender,employ_status,hc_hospadmit,3423,5844498.01582066,70,quasibinomial (logit),Student,0.0638805629592122,0.50475060198878,0.899680392735256,-0.925430616938797,1.05319174285722,13.4959472783136,6.04067677855306e-07,197,282664.634493208
racethn_combn,NHAsian,1999-2020,21.2,WTMEC.COMBN,age+gender,employ_status,hc_hospadmit,3423,5844498.01582066,70,quasibinomial (logit),Unemployed,1.30159649710017,0.229744408015738,3.60923126913723e-07,0.851297457389327,1.75189553681102,13.4959472783136,6.04067677855306e-07,1071,1800566.40165434
racethn_combn,Other/Multi-Racial,1999-2020,21.2,WTMEC.COMBN,age+gender,employ_status,hc_hospadmit,1057,3562774.03175145,72,quasibinomial (logit),Full-time employed (Intercept),-2.6132449821627,0.373646033412751,1.55329615801753e-09,-3.34559120765169,-1.88089875667371,9.9123897570452,1.71129904711983e-05,461,1744378.46147172
racethn_combn,Other/Multi-Racial,1999-2020,21.2,WTMEC.COMBN,age+gender,employ_status,hc_hospadmit,1057,3562774.03175145,72,quasibinomial (logit),Part-time employed,-0.0195265452467923,0.467534610497351,0.966810314267697,-0.935894381821601,0.896841291328016,9.9123897570452,1.71129904711983e-05,138,458577.990371528
racethn_combn,Other/Multi-Racial,1999-2020,21.2,WTMEC.COMBN,age+gender,employ_status,hc_hospadmit,1057,3562774.03175145,72,quasibinomial (logit),Student,-0.643309137921156,0.737810186055775,0.386367584669687,-2.08941710259047,0.802798826748162,9.9123897570452,1.71129904711983e-05,40,91614.7762411698
racethn_combn,Other/Multi-Racial,1999-2020,21.2,WTMEC.COMBN,age+gender,employ_status,hc_hospadmit,1057,3562774.03175145,72,quasibinomial (logit),Unemployed,1.32441729322285,0.303113969079362,4.43439550080536e-05,0.730313913827302,1.9185206726184,9.9123897570452,1.71129904711983e-05,418,1268202.80366704
racethn_combn,NHW,1999-2020,21.2,WTMEC.COMBN,age+gender,employ_status,insur_any,26620,151739240.345897,162,quasibinomial (logit),Full-time employed (Intercept),0.387664667868382,0.080088925914496,3.07467103736442e-06,0.23069037307597,0.544638962660794,42.8006275967862,2.86138749092387e-20,11028,79711096.1039182
racethn_combn,NHW,1999-2020,21.2,WTMEC.COMBN,age+gender,employ_status,insur_any,26620,151739240.345897,162,quasibinomial (logit),Part-time employed,-0.264602201003607,0.082309801735201,0.00158523909040275,-0.425929412404601,-0.103274989602613,42.8006275967862,2.86138749092387e-20,2788,16185087.1672941
racethn_combn,NHW,1999-2020,21.2,WTMEC.COMBN,age+gender,employ_status,insur_any,26620,151739240.345897,162,quasibinomial (logit),Student,0.622591676954103,0.168972323383855,0.000314868489033373,0.291405923121747,0.95377743078646,42.8006275967862,2.86138749092387e-20,505,2620683.73419611
racethn_combn,NHW,1999-2020,21.2,WTMEC.COMBN,age+gender,employ_status,insur_any,26620,151739240.345897,162,quasibinomial (logit),Unemployed,-0.567278818369133,0.055864367141934,6.13404171911292e-19,-0.676772977967324,-0.457784658770943,42.8006275967862,2.86138749092387e-20,12299,53222373.3404884
racethn_combn,Other/Multi-Racial/NHAsian,1999-2020,21.2,WTMEC.COMBN,age+gender,employ_status,insur_any,1483,6674534.20086973,84,quasibinomial (logit),Full-time employed (Intercept),0.759567352831318,0.255615773345266,0.00392527497439304,0.258560437074597,1.26057426858804,4.83860936047844,0.00383125872696697,692,3730135.04512023
racethn_combn,Other/Multi-Racial/NHAsian,1999-2020,21.2,WTMEC.COMBN,age+gender,employ_status,insur_any,1483,6674534.20086973,84,quasibinomial (logit),Part-time employed,-0.304089513278958,0.333753786477974,0.36500431131994,-0.958246934775787,0.350067908217871,4.83860936047844,0.00383125872696697,160,638793.252322935
racethn_combn,Other/Multi-Racial/NHAsian,1999-2020,21.2,WTMEC.COMBN,age+gender,employ_status,insur_any,1483,6674534.20086973,84,quasibinomial (logit),Student,0.297642020083285,0.320687242501793,0.35616312212486,-0.33090497522023,0.926189015386799,4.83860936047844,0.00383125872696697,75,252530.866238729
racethn_combn,Other/Multi-Racial/NHAsian,1999-2020,21.2,WTMEC.COMBN,age+gender,employ_status,insur_any,1483,6674534.20086973,84,quasibinomial (logit),Unemployed,-0.714831461555487,0.209880459200478,0.00103934916731844,-1.12619716158842,-0.303465761522551,4.83860936047844,0.00383125872696697,556,2053075.03718783
racethn_combn,NHB,1999-2020,21.2,WTMEC.COMBN,age+gender,employ_status,insur_any,13764,25620125.4975306,154,quasibinomial (logit),Full-time employed (Intercept),0.194984727877142,0.078582035570131,0.0142020796438363,0.040963938159685,0.349005517594598,32.517588196523,3.15351003369333e-16,6140,13046559.520448
racethn_combn,NHB,1999-2020,21.2,WTMEC.COMBN,age+gender,employ_status,insur_any,13764,25620125.4975306,154,quasibinomial (logit),Part-time employed,-0.506086213254767,0.0953951785492743,3.99876707370054e-07,-0.693060763211344,-0.319111663298189,32.517588196523,3.15351003369333e-16,1270,2340517.81376307
racethn_combn,NHB,1999-2020,21.2,WTMEC.COMBN,age+gender,employ_status,insur_any,13764,25620125.4975306,154,quasibinomial (logit),Student,0.453782153622454,0.156612220111473,0.00432942973462547,0.146822202203968,0.760742105040941,32.517588196523,3.15351003369333e-16,513,751599.430474674
racethn_combn,NHB,1999-2020,21.2,WTMEC.COMBN,age+gender,employ_status,insur_any,13764,25620125.4975306,154,quasibinomial (logit),Unemployed,-0.413429829106038,0.0562487352376891,1.21553205580245e-11,-0.523677350171908,-0.303182308040167,32.517588196523,3.15351003369333e-16,5841,9481448.73284486
racethn_combn,Mexican-American,1999-2020,21.2,WTMEC.COMBN,age+gender,employ_status,insur_any,11054,18703528.3093531,146,quasibinomial (logit),Full-time employed (Intercept),-0.977643132018529,0.0949890833976261,7.08022977000184e-19,-1.16382173547788,-0.791464528559182,14.3112182551152,3.41903596907541e-08,5404,10893404.9062035
racethn_combn,Mexican-American,1999-2020,21.2,WTMEC.COMBN,age+gender,employ_status,insur_any,11054,18703528.3093531,146,quasibinomial (logit),Part-time employed,0.02224937784586,0.0976481855955846,0.820091033463359,-0.169141065921486,0.213639821613206,14.3112182551152,3.41903596907541e-08,1039,1807158.11713196
racethn_combn,Mexican-American,1999-2020,21.2,WTMEC.COMBN,age+gender,employ_status,insur_any,11054,18703528.3093531,146,quasibinomial (logit),Student,0.83807812395447,0.177142526476037,5.36559389732164e-06,0.490878772061437,1.1852774758475,14.3112182551152,3.41903596907541e-08,317,459477.302006679
racethn_combn,Mexican-American,1999-2020,21.2,WTMEC.COMBN,age+gender,employ_status,insur_any,11054,18703528.3093531,146,quasibinomial (logit),Unemployed,-0.241157624452288,0.0596926193915801,8.74587624557271e-05,-0.358155158459785,-0.124160090444791,14.3112182551152,3.41903596907541e-08,4294,5543487.98401091
racethn_combn,Other Hispanic,1999-2020,21.2,WTMEC.COMBN,age+gender,employ_status,insur_any,5216,13172113.9443069,140,quasibinomial (logit),Full-time employed (Intercept),-0.258926223789639,0.115839250507211,0.0270456449125094,-0.485971154783773,-0.0318812927955045,2.31086040521627,0.0790649751175932,2464,7305507.46043442
racethn_combn,Other Hispanic,1999-2020,21.2,WTMEC.COMBN,age+gender,employ_status,insur_any,5216,13172113.9443069,140,quasibinomial (logit),Part-time employed,-0.25116509242518,0.13474747858613,0.064498129030927,-0.515270150453995,0.0129399656036361,2.31086040521627,0.0790649751175932,506,1239000.07548328
racethn_combn,Other Hispanic,1999-2020,21.2,WTMEC.COMBN,age+gender,employ_status,insur_any,5216,13172113.9443069,140,quasibinomial (logit),Student,0.283210365374855,0.273471539453564,0.302234763512727,-0.252793851954131,0.819214582703841,2.31086040521627,0.0790649751175932,143,360722.32603796
racethn_combn,Other Hispanic,1999-2020,21.2,WTMEC.COMBN,age+gender,employ_status,insur_any,5216,13172113.9443069,140,quasibinomial (logit),Unemployed,-0.135768263977387,0.0922713554396624,0.143509623831596,-0.316620120639125,0.0450835926843518,2.31086040521627,0.0790649751175932,2103,4266884.08235128
racethn_combn,NHAsian,1999-2020,21.2,WTMEC.COMBN,age+gender,employ_status,insur_any,3417,5837365.24736111,70,quasibinomial (logit),Full-time employed (Intercept),1.5364835524493,0.21790203129336,1.40812484150478e-09,1.10939557111431,1.96357153378429,6.46593371615318,0.000673436072174139,1775,3117039.13754326
racethn_combn,NHAsian,1999-2020,21.2,WTMEC.COMBN,age+gender,employ_status,insur_any,3417,5837365.24736111,70,quasibinomial (logit),Part-time employed,-0.515291650486999,0.188953117007987,0.00820586765028914,-0.885639759822653,-0.144943541151344,6.46593371615318,0.000673436072174139,376,639407.100394642
racethn_combn,NHAsian,1999-2020,21.2,WTMEC.COMBN,age+gender,employ_status,insur_any,3417,5837365.24736111,70,quasibinomial (logit),Student,-0.234216331127519,0.302491317988443,0.441566025443608,-0.827099314384866,0.358666652129829,6.46593371615318,0.000673436072174139,195,280372.001388208
racethn_combn,NHAsian,1999-2020,21.2,WTMEC.COMBN,age+gender,employ_status,insur_any,3417,5837365.24736111,70,quasibinomial (logit),Unemployed,-0.536126210622336,0.139209492868089,0.000271243672484916,-0.808976816643791,-0.263275604600881,6.46593371615318,0.000673436072174139,1071,1800547.008035
racethn_combn,Other/Multi-Racial,1999-2020,21.2,WTMEC.COMBN,age+gender,employ_status,insur_any,1057,3558410.92659306,72,quasibinomial (logit),Full-time employed (Intercept),0.43680197271988,0.310083668211791,0.163560134740805,-0.170962016975231,1.04456596241499,2.3288380090574,0.0822950699229349,461,1746972.45201587
racethn_combn,Other/Multi-Racial,1999-2020,21.2,WTMEC.COMBN,age+gender,employ_status,insur_any,1057,3558410.92659306,72,quasibinomial (logit),Part-time employed,-0.431515909966773,0.353537817353047,0.226529092599071,-1.12445003197874,0.261418212045199,2.3288380090574,0.0822950699229349,138,458577.990371528
racethn_combn,Other/Multi-Racial,1999-2020,21.2,WTMEC.COMBN,age+gender,employ_status,insur_any,1057,3558410.92659306,72,quasibinomial (logit),Student,1.18155784084572,0.759562160549047,0.124519928607035,-0.307183993830412,2.67029967552185,2.3288380090574,0.0822950699229349,40,91614.7762411698
racethn_combn,Other/Multi-Racial,1999-2020,21.2,WTMEC.COMBN,age+gender,employ_status,insur_any,1057,3558410.92659306,72,quasibinomial (logit),Unemployed,-0.449960580268375,0.28266659912297,0.11612771397242,-1.0039871145494,0.104065954012647,2.3288380090574,0.0822950699229349,418,1261245.70796449
racethn_combn,NHW,1999-2020,21.2,WTMEC.COMBN,age+gender,employ_status,uninsur_lastyr,23185,133433983.658584,162,quasibinomial (logit),Full-time employed (Intercept),-0.904243119407706,0.107190769684817,2.024416436567e-14,-1.11433702798995,-0.694149210825465,6.91600631965553,0.000210552363318545,9332,69821964.5698702
racethn_combn,NHW,1999-2020,21.2,WTMEC.COMBN,age+gender,employ_status,uninsur_lastyr,23185,133433983.658584,162,quasibinomial (logit),Part-time employed,-0.0663551401475662,0.125289424243279,0.597127106122884,-0.311922411664392,0.17921213136926,6.91600631965553,0.000210552363318545,2330,13813640.5628815
racethn_combn,NHW,1999-2020,21.2,WTMEC.COMBN,age+gender,employ_status,uninsur_lastyr,23185,133433983.658584,162,quasibinomial (logit),Student,-0.957715426198346,0.308250137312127,0.00224410696199075,-1.56188569533011,-0.353545157066577,6.91600631965553,0.000210552363318545,429,2243205.5317436
racethn_combn,NHW,1999-2020,21.2,WTMEC.COMBN,age+gender,employ_status,uninsur_lastyr,23185,133433983.658584,162,quasibinomial (logit),Unemployed,0.235397111431407,0.0864279873758921,0.00718856589226925,0.0659982561746584,0.404795966688156,6.91600631965553,0.000210552363318545,11094,47555172.9940892
racethn_combn,Other/Multi-Racial/NHAsian,1999-2020,21.2,WTMEC.COMBN,age+gender,employ_status,uninsur_lastyr,1169,5219101.5674236,81,quasibinomial (logit),Full-time employed (Intercept),-1.13793862196135,0.436498194996748,0.0109894143851685,-1.99347508415498,-0.282402159767729,1.39455120096461,0.250961193820229,542,2993901.20096372
racethn_combn,Other/Multi-Racial/NHAsian,1999-2020,21.2,WTMEC.COMBN,age+gender,employ_status,uninsur_lastyr,1169,5219101.5674236,81,quasibinomial (logit),Part-time employed,0.0677395225289008,0.462769804489794,0.884010225136445,-0.839289294271095,0.974768339328896,1.39455120096461,0.250961193820229,121,477862.491002086
racethn_combn,Other/Multi-Racial/NHAsian,1999-2020,21.2,WTMEC.COMBN,age+gender,employ_status,uninsur_lastyr,1169,5219101.5674236,81,quasibinomial (logit),Student,-1.05132374852849,0.644753657170973,0.107116219119686,-2.3150409165836,0.212393419526618,1.39455120096461,0.250961193820229,59,197725.139337502
racethn_combn,Other/Multi-Racial/NHAsian,1999-2020,21.2,WTMEC.COMBN,age+gender,employ_status,uninsur_lastyr,1169,5219101.5674236,81,quasibinomial (logit),Unemployed,0.276335558085395,0.3336404971188,0.410126069739593,-0.377599816267452,0.930270932438243,1.39455120096461,0.250961193820229,447,1549612.73612028
racethn_combn,NHB,1999-2020,21.2,WTMEC.COMBN,age+gender,employ_status,uninsur_lastyr,10991,19860318.2975264,152,quasibinomial (logit),Full-time employed (Intercept),-0.979859874221149,0.115091803120316,1.80794471890924e-14,-1.20543980833697,-0.754279940105331,3.75971239385116,0.012256553722342,4865,10272563.8288332
racethn_combn,NHB,1999-2020,21.2,WTMEC.COMBN,age+gender,employ_status,uninsur_lastyr,10991,19860318.2975264,152,quasibinomial (logit),Part-time employed,-0.0145701946075985,0.151883529558901,0.923706782018805,-0.312261912543044,0.283121523327847,3.75971239385116,0.012256553722342,910,1599579.26395208
racethn_combn,NHB,1999-2020,21.2,WTMEC.COMBN,age+gender,employ_status,uninsur_lastyr,10991,19860318.2975264,152,quasibinomial (logit),Student,-0.746847846122228,0.240167242241668,0.00224962980641891,-1.2175756409159,-0.276120051328558,3.75971239385116,0.012256553722342,405,564303.592161765
racethn_combn,NHB,1999-2020,21.2,WTMEC.COMBN,age+gender,employ_status,uninsur_lastyr,10991,19860318.2975264,152,quasibinomial (logit),Unemployed,-0.177866721206754,0.0937384241705388,0.0597255669013093,-0.36159403258101,0.00586059016750204,3.75971239385116,0.012256553722342,4811,7423871.61257936
racethn_combn,Mexican-American,1999-2020,21.2,WTMEC.COMBN,age+gender,employ_status,uninsur_lastyr,6507,10193262.2873902,134,quasibinomial (logit),Full-time employed (Intercept),-1.05786214745338,0.171590660353038,8.37851995680135e-09,-1.39417984174533,-0.721544453161423,1.15400423980574,0.33001593086137,2936,5797324.87145828
racethn_combn,Mexican-American,1999-2020,21.2,WTMEC.COMBN,age+gender,employ_status,uninsur_lastyr,6507,10193262.2873902,134,quasibinomial (logit),Part-time employed,0.154563186460172,0.208426463500968,0.459694756820923,-0.253952682001725,0.563079054922069,1.15400423980574,0.33001593086137,591,954294.175243698
racethn_combn,Mexican-American,1999-2020,21.2,WTMEC.COMBN,age+gender,employ_status,uninsur_lastyr,6507,10193262.2873902,134,quasibinomial (logit),Student,-0.419007072414457,0.298768457478465,0.163183616052582,-1.00459324907225,0.166579104243334,1.15400423980574,0.33001593086137,187,282238.10274566
racethn_combn,Mexican-American,1999-2020,21.2,WTMEC.COMBN,age+gender,employ_status,uninsur_lastyr,6507,10193262.2873902,134,quasibinomial (logit),Unemployed,0.136647336338571,0.135001761952646,0.313342311759896,-0.127956117088614,0.401250789765756,1.15400423980574,0.33001593086137,2793,3159405.13794259
racethn_combn,Other Hispanic,1999-2020,21.2,WTMEC.COMBN,age+gender,employ_status,uninsur_lastyr,3763,9080673.05632903,137,quasibinomial (logit),Full-time employed (Intercept),-0.507914342493948,0.221049440378773,0.0231494609234018,-0.941171245636344,-0.0746574393515526,4.55367371898786,0.00453379365501428,1688,4920933.31755789
racethn_combn,Other Hispanic,1999-2020,21.2,WTMEC.COMBN,age+gender,employ_status,uninsur_lastyr,3763,9080673.05632903,137,quasibinomial (logit),Part-time employed,-0.203965998334574,0.243009549880149,0.40279984318461,-0.680264716099666,0.272332719430518,4.55367371898786,0.00453379365501428,331,769549.219089227
racethn_combn,Other Hispanic,1999-2020,21.2,WTMEC.COMBN,age+gender,employ_status,uninsur_lastyr,3763,9080673.05632903,137,quasibinomial (logit),Student,-1.00421470347927,0.367109433996083,0.00708626052864857,-1.7237491941116,-0.284680212846951,4.55367371898786,0.00453379365501428,98,236467.119512865
racethn_combn,Other Hispanic,1999-2020,21.2,WTMEC.COMBN,age+gender,employ_status,uninsur_lastyr,3763,9080673.05632903,137,quasibinomial (logit),Unemployed,0.274269282334066,0.169664571607922,0.108365424924214,-0.0582732780174618,0.606811842685593,4.55367371898786,0.00453379365501428,1646,3153723.40016905
racethn_combn,NHAsian,1999-2020,21.2,WTMEC.COMBN,age+gender,employ_status,uninsur_lastyr,2926,5087839.78809287,70,quasibinomial (logit),Full-time employed (Intercept),-1.0231767972202,0.338136700097604,0.00354906635330249,-1.68592472941151,-0.360428865028899,1.6635882585182,0.183507854376381,1554,2774805.47544808
racethn_combn,NHAsian,1999-2020,21.2,WTMEC.COMBN,age+gender,employ_status,uninsur_lastyr,2926,5087839.78809287,70,quasibinomial (logit),Part-time employed,0.255384417469534,0.262176967608584,0.333622234217173,-0.258482439043291,0.769251273982359,1.6635882585182,0.183507854376381,295,526948.477617264
racethn_combn,NHAsian,1999-2020,21.2,WTMEC.COMBN,age+gender,employ_status,uninsur_lastyr,2926,5087839.78809287,70,quasibinomial (logit),Student,-0.47289585162063,0.35480397710791,0.18723853001676,-1.16831164675213,0.222519943510874,1.6635882585182,0.183507854376381,164,230828.985701981
racethn_combn,NHAsian,1999-2020,21.2,WTMEC.COMBN,age+gender,employ_status,uninsur_lastyr,2926,5087839.78809287,70,quasibinomial (logit),Unemployed,0.236338555845718,0.201681755478042,0.245539097846127,-0.158957684891244,0.631634796582679,1.6635882585182,0.183507854376381,913,1555256.84932555
racethn_combn,Other/Multi-Racial,1999-2020,21.2,WTMEC.COMBN,age+gender,employ_status,uninsur_lastyr,859,2925809.07349147,70,quasibinomial (logit),Full-time employed (Intercept),-0.469246273981382,0.433191044443361,0.282707535764469,-1.31830072109037,0.379808173127606,4.14445307849011,0.00946995932257207,378,1452012.76095819
racethn_combn,Other/Multi-Racial,1999-2020,21.2,WTMEC.COMBN,age+gender,employ_status,uninsur_lastyr,859,2925809.07349147,70,quasibinomial (logit),Part-time employed,-1.77421155861715,0.509120371825765,0.000887003689377174,-2.77208748739565,-0.776335629838646,4.14445307849011,0.00946995932257207,99,346914.777735943
racethn_combn,Other/Multi-Racial,1999-2020,21.2,WTMEC.COMBN,age+gender,employ_status,uninsur_lastyr,859,2925809.07349147,70,quasibinomial (logit),Student,-0.912765856732588,0.724897660639327,0.212473841117507,-2.33356527158567,0.508033558120492,4.14445307849011,0.00946995932257207,35,81154.6142303774
racethn_combn,Other/Multi-Racial,1999-2020,21.2,WTMEC.COMBN,age+gender,employ_status,uninsur_lastyr,859,2925809.07349147,70,quasibinomial (logit),Unemployed,0.0213643822142243,0.336352191820961,0.949549043302301,-0.63788591375486,0.680614678183309,4.14445307849011,0.00946995932257207,347,1045726.92056696
