strata_var,strata_level,cycle_yrs,n_yrs.,survweight.,model_covars,exposure,outcome,n_total_raw,n_total_weighted,model_df,model_type,exp_level,beta,se,pval,low95CI,up95CI,fstat,f_pval,n_exp_raw,n_exp_weighted
racethn_combn,NHW,1999-2020,21.2,WTMEC.COMBN,age+gender,educ_level,smoke_current,17854,106665876.076641,161,quasibinomial (logit),College graduate or above (Intercept),-1.22377885065158,0.0963440435230205,8.66689884030963e-26,-1.4126131759567,-1.03494452534646,289.755531697497,7.94505631563514e-71,4842,34608335.3811867
racethn_combn,NHW,1999-2020,21.2,WTMEC.COMBN,age+gender,educ_level,smoke_current,17854,106665876.076641,161,quasibinomial (logit),Some college or AA degree,1.21844921968649,0.0646708901862687,6.29866824615195e-42,1.0916942749214,1.34520416445158,289.755531697497,7.94505631563514e-71,5500,33450915.3772311
racethn_combn,NHW,1999-2020,21.2,WTMEC.COMBN,age+gender,educ_level,smoke_current,17854,106665876.076641,161,quasibinomial (logit),HS graduate or GED,1.71987455647019,0.0613644578101182,1.44263762340263e-62,1.59960021916236,1.84014889377802,289.755531697497,7.94505631563514e-71,4649,26642805.4361067
racethn_combn,NHW,1999-2020,21.2,WTMEC.COMBN,age+gender,educ_level,smoke_current,17854,106665876.076641,161,quasibinomial (logit),9-11th grade,2.3922787174019,0.0779467729174916,9.43984161999636e-68,2.23950304248361,2.54505439232018,289.755531697497,7.94505631563514e-71,2068,9287602.29430011
racethn_combn,NHW,1999-2020,21.2,WTMEC.COMBN,age+gender,educ_level,smoke_current,17854,106665876.076641,161,quasibinomial (logit),Less than 9th grade,2.02139637691182,0.126913082335405,1.88908476519886e-34,1.77264673553443,2.27014601828922,289.755531697497,7.94505631563514e-71,795,2676217.58781628
racethn_combn,NHB,1999-2020,21.2,WTMEC.COMBN,age+gender,educ_level,smoke_current,10398,21030663.6698411,145,quasibinomial (logit),College graduate or above (Intercept),-2.83477238542153,0.113371216721455,2.68244672704405e-53,-3.05697997019558,-2.61256480064748,127.119999386978,2.01471770219668e-45,1708,3657414.56947323
racethn_combn,NHB,1999-2020,21.2,WTMEC.COMBN,age+gender,educ_level,smoke_current,10398,21030663.6698411,145,quasibinomial (logit),Some college or AA degree,1.09406470250901,0.088829806426529,4.99829814025057e-24,0.91995828191301,1.268171123105,127.119999386978,2.01471770219668e-45,3405,7004017.99617002
racethn_combn,NHB,1999-2020,21.2,WTMEC.COMBN,age+gender,educ_level,smoke_current,10398,21030663.6698411,145,quasibinomial (logit),HS graduate or GED,1.43029932870192,0.100270870525941,5.29338045227144e-29,1.23376842247107,1.62683023493276,127.119999386978,2.01471770219668e-45,2679,5591229.53120117
racethn_combn,NHB,1999-2020,21.2,WTMEC.COMBN,age+gender,educ_level,smoke_current,10398,21030663.6698411,145,quasibinomial (logit),9-11th grade,1.94552977908294,0.087663790312023,1.56593312997155e-47,1.77370875007137,2.1173508080945,127.119999386978,2.01471770219668e-45,2086,4009998.9047057
racethn_combn,NHB,1999-2020,21.2,WTMEC.COMBN,age+gender,educ_level,smoke_current,10398,21030663.6698411,145,quasibinomial (logit),Less than 9th grade,1.23626261868435,0.130134662930539,8.42972040235437e-17,0.981198679340498,1.49132655802821,127.119999386978,2.01471770219668e-45,520,768002.668290962
racethn_combn,Mexican-American,1999-2020,21.2,WTMEC.COMBN,age+gender,educ_level,smoke_current,7822,14537584.06626,140,quasibinomial (logit),College graduate or above (Intercept),-3.15670013854605,0.204173093896694,1.38324018293869e-31,-3.55687940258357,-2.75652087450853,13.2575441336582,3.97104340560836e-09,536,1250902.51340745
racethn_combn,Mexican-American,1999-2020,21.2,WTMEC.COMBN,age+gender,educ_level,smoke_current,7822,14537584.06626,140,quasibinomial (logit),Some college or AA degree,0.841336621291208,0.192484196170858,2.46107578222337e-05,0.464067596796327,1.21860564578609,13.2575441336582,3.97104340560836e-09,1466,3143660.04791921
racethn_combn,Mexican-American,1999-2020,21.2,WTMEC.COMBN,age+gender,educ_level,smoke_current,7822,14537584.06626,140,quasibinomial (logit),HS graduate or GED,1.09656799972087,0.199595617599686,1.91038708248382e-07,0.705360589225485,1.48777541021625,13.2575441336582,3.97104340560836e-09,1546,3334316.73077874
racethn_combn,Mexican-American,1999-2020,21.2,WTMEC.COMBN,age+gender,educ_level,smoke_current,7822,14537584.06626,140,quasibinomial (logit),9-11th grade,1.36221825931007,0.201669652515375,3.97664431552214e-10,0.966945740379936,1.75749077824021,13.2575441336582,3.97104340560836e-09,1612,3080308.68669876
racethn_combn,Mexican-American,1999-2020,21.2,WTMEC.COMBN,age+gender,educ_level,smoke_current,7822,14537584.06626,140,quasibinomial (logit),Less than 9th grade,1.06260092896784,0.196597521377986,2.87689952459871e-07,0.677269787066985,1.44793207086869,13.2575441336582,3.97104340560836e-09,2662,3728396.08745587
racethn_combn,Other Hispanic,1999-2020,21.2,WTMEC.COMBN,age+gender,educ_level,smoke_current,3910,10336434.1744193,132,quasibinomial (logit),College graduate or above (Intercept),-2.24185356817185,0.223005533130356,8.10800271688676e-18,-2.67894441310735,-1.80476272323635,16.5958555582943,5.99166185908305e-11,564,1679493.05671325
racethn_combn,Other Hispanic,1999-2020,21.2,WTMEC.COMBN,age+gender,educ_level,smoke_current,3910,10336434.1744193,132,quasibinomial (logit),Some college or AA degree,0.853683363307752,0.18569518843351,1.02628761775424e-05,0.489720793978071,1.21764593263743,16.5958555582943,5.99166185908305e-11,1019,2904144.74925145
racethn_combn,Other Hispanic,1999-2020,21.2,WTMEC.COMBN,age+gender,educ_level,smoke_current,3910,10336434.1744193,132,quasibinomial (logit),HS graduate or GED,1.03089858223749,0.194702108257023,5.13071242421793e-07,0.649282450053725,1.41251471442126,16.5958555582943,5.99166185908305e-11,801,2303736.36934843
racethn_combn,Other Hispanic,1999-2020,21.2,WTMEC.COMBN,age+gender,educ_level,smoke_current,3910,10336434.1744193,132,quasibinomial (logit),9-11th grade,1.31761860211088,0.221697166940058,2.5574085721716e-08,0.88309215490837,1.7521450493134,16.5958555582943,5.99166185908305e-11,687,1716338.17180008
racethn_combn,Other Hispanic,1999-2020,21.2,WTMEC.COMBN,age+gender,educ_level,smoke_current,3910,10336434.1744193,132,quasibinomial (logit),Less than 9th grade,0.169202397255737,0.196742602868361,0.391411918708924,-0.216413104366251,0.554817898877726,16.5958555582943,5.99166185908305e-11,839,1732721.82730609
racethn_combn,Other/Multi-Racial/NHAsian,1999-2020,21.2,WTMEC.COMBN,age+gender,educ_level,smoke_current,1119,5369672.59698708,82,quasibinomial (logit),College graduate or above (Intercept),-2.12889265925097,0.367024376168627,1.43290966415401e-07,-2.84826043654148,-1.40952488196046,8.88916321537965,6.07786490626897e-06,378,2005935.01127151
racethn_combn,Other/Multi-Racial/NHAsian,1999-2020,21.2,WTMEC.COMBN,age+gender,educ_level,smoke_current,1119,5369672.59698708,82,quasibinomial (logit),Some college or AA degree,0.815906915303483,0.241738839695097,0.00116446352724205,0.342098789501093,1.28971504110587,8.88916321537965,6.07786490626897e-06,279,1329966.38488368
racethn_combn,Other/Multi-Racial/NHAsian,1999-2020,21.2,WTMEC.COMBN,age+gender,educ_level,smoke_current,1119,5369672.59698708,82,quasibinomial (logit),HS graduate or GED,1.25366714577496,0.258080583608314,6.22262844577997e-06,0.747829201902665,1.75950508964726,8.88916321537965,6.07786490626897e-06,219,1018490.41790368
racethn_combn,Other/Multi-Racial/NHAsian,1999-2020,21.2,WTMEC.COMBN,age+gender,educ_level,smoke_current,1119,5369672.59698708,82,quasibinomial (logit),9-11th grade,1.5677400562842,0.302387905685172,1.73559732135515e-06,0.975059761141266,2.16042035142714,8.88916321537965,6.07786490626897e-06,116,543596.614054717
racethn_combn,Other/Multi-Racial/NHAsian,1999-2020,21.2,WTMEC.COMBN,age+gender,educ_level,smoke_current,1119,5369672.59698708,82,quasibinomial (logit),Less than 9th grade,0.703256972150913,0.28212429687488,0.0148532956849513,0.150293350276149,1.25622059402568,8.88916321537965,6.07786490626897e-06,127,471684.168873491
racethn_combn,NHAsian,1999-2020,21.2,WTMEC.COMBN,age+gender,educ_level,smoke_current,2861,5022890.93156547,71,quasibinomial (logit),College graduate or above (Intercept),-3.86782802073303,0.291203052966813,3.46138541886653e-20,-4.43858600454798,-3.29707003691808,20.4170592494349,6.23334427441032e-11,1474,2700731.32778398
racethn_combn,NHAsian,1999-2020,21.2,WTMEC.COMBN,age+gender,educ_level,smoke_current,2861,5022890.93156547,71,quasibinomial (logit),Some college or AA degree,1.03710206937361,0.182479762001971,3.36474984484848e-07,0.679441735849748,1.39476240289748,20.4170592494349,6.23334427441032e-11,549,970095.09522917
racethn_combn,NHAsian,1999-2020,21.2,WTMEC.COMBN,age+gender,educ_level,smoke_current,2861,5022890.93156547,71,quasibinomial (logit),HS graduate or GED,0.85507740663944,0.18650509746847,2.12247609678152e-05,0.489527415601239,1.22062739767764,20.4170592494349,6.23334427441032e-11,403,682597.334089019
racethn_combn,NHAsian,1999-2020,21.2,WTMEC.COMBN,age+gender,educ_level,smoke_current,2861,5022890.93156547,71,quasibinomial (logit),9-11th grade,1.29471459461679,0.202108417118269,1.91640398173996e-08,0.89858209706498,1.6908470921686,20.4170592494349,6.23334427441032e-11,204,318773.463755981
racethn_combn,NHAsian,1999-2020,21.2,WTMEC.COMBN,age+gender,educ_level,smoke_current,2861,5022890.93156547,71,quasibinomial (logit),Less than 9th grade,0.662806811600217,0.256371086121426,0.0119797757523859,0.160319482802222,1.16529414039821,20.4170592494349,6.23334427441032e-11,231,350693.710707321
racethn_combn,Other/Multi-Racial,1999-2020,21.2,WTMEC.COMBN,age+gender,educ_level,smoke_current,775,2540693.13250438,68,quasibinomial (logit),College graduate or above (Intercept),-2.10550311522302,0.365170230990142,2.759158537418e-07,-2.8212367679637,-1.38976946248234,6.9353608659276,0.000111163743984312,175,552729.456808151
racethn_combn,Other/Multi-Racial,1999-2020,21.2,WTMEC.COMBN,age+gender,educ_level,smoke_current,775,2540693.13250438,68,quasibinomial (logit),Some college or AA degree,1.25697814125657,0.323399599481133,0.000249880409915272,0.623114926273547,1.89084135623959,6.9353608659276,0.000111163743984312,333,1126070.30724517
racethn_combn,Other/Multi-Racial,1999-2020,21.2,WTMEC.COMBN,age+gender,educ_level,smoke_current,775,2540693.13250438,68,quasibinomial (logit),HS graduate or GED,1.33739597322532,0.408082461472374,0.00171981487640584,0.537554348739466,2.13723759771117,6.9353608659276,0.000111163743984312,166,559561.083037755
racethn_combn,Other/Multi-Racial,1999-2020,21.2,WTMEC.COMBN,age+gender,educ_level,smoke_current,775,2540693.13250438,68,quasibinomial (logit),9-11th grade,2.31337172421905,0.458945536855806,4.29638407181665e-06,1.41383847198167,3.21290497645643,6.9353608659276,0.000111163743984312,73,223795.727013132
racethn_combn,Other/Multi-Racial,1999-2020,21.2,WTMEC.COMBN,age+gender,educ_level,smoke_current,775,2540693.13250438,68,quasibinomial (logit),Less than 9th grade,1.23212900195933,0.490393663244886,0.0146024736925773,0.270957421999355,2.19330058191931,6.9353608659276,0.000111163743984312,28,78536.5584001698
racethn_combn,NHW,1999-2020,21.2,WTMEC.COMBN,age+gender,educ_level,smoke_ever,25684,148525686.641137,162,quasibinomial (logit),College graduate or above (Intercept),-1.10391793315448,0.077161570790254,3.41985840765129e-30,-1.25515461190338,-0.952681254405584,185.315773896751,3.56294319126478e-58,6829,47116826.0663382
racethn_combn,NHW,1999-2020,21.2,WTMEC.COMBN,age+gender,educ_level,smoke_ever,25684,148525686.641137,162,quasibinomial (logit),Some college or AA degree,0.691802610259313,0.0443347463235878,1.14013356497885e-33,0.604906507465081,0.778698713053545,185.315773896751,3.56294319126478e-58,7962,47188999.6569804
racethn_combn,NHW,1999-2020,21.2,WTMEC.COMBN,age+gender,educ_level,smoke_ever,25684,148525686.641137,162,quasibinomial (logit),HS graduate or GED,0.936232301835308,0.0447920248686797,4.38635567071534e-47,0.848439933092695,1.02402467057792,185.315773896751,3.56294319126478e-58,6681,37197090.6771176
racethn_combn,NHW,1999-2020,21.2,WTMEC.COMBN,age+gender,educ_level,smoke_ever,25684,148525686.641137,162,quasibinomial (logit),9-11th grade,1.43623687973021,0.0604837843190502,1.13541286234345e-53,1.31768866246487,1.55478509699555,185.315773896751,3.56294319126478e-58,2953,13010451.6973358
racethn_combn,NHW,1999-2020,21.2,WTMEC.COMBN,age+gender,educ_level,smoke_ever,25684,148525686.641137,162,quasibinomial (logit),Less than 9th grade,1.01548026714997,0.0936376444443767,8.95267896767295e-21,0.831950484038991,1.19901005026095,185.315773896751,3.56294319126478e-58,1259,4012318.54336483
racethn_combn,NHB,1999-2020,21.2,WTMEC.COMBN,age+gender,educ_level,smoke_ever,12776,24814704.9641855,153,quasibinomial (logit),College graduate or above (Intercept),-2.75777801740071,0.0920020625441856,1.68708111905892e-64,-2.93810205998731,-2.5774539748141,104.249231818836,6.63814010773731e-42,2027,4173163.23370908
racethn_combn,NHB,1999-2020,21.2,WTMEC.COMBN,age+gender,educ_level,smoke_ever,12776,24814704.9641855,153,quasibinomial (logit),Some college or AA degree,0.851190584870461,0.066116312521009,7.1508911305228e-26,0.721602612329284,0.980778557411639,104.249231818836,6.63814010773731e-42,4129,8244755.33944523
racethn_combn,NHB,1999-2020,21.2,WTMEC.COMBN,age+gender,educ_level,smoke_ever,12776,24814704.9641855,153,quasibinomial (logit),HS graduate or GED,1.05779616674497,0.0740102972527016,1.33581360297111e-29,0.912735984129673,1.20285634936026,104.249231818836,6.63814010773731e-42,3288,6589553.11441719
racethn_combn,NHB,1999-2020,21.2,WTMEC.COMBN,age+gender,educ_level,smoke_ever,12776,24814704.9641855,153,quasibinomial (logit),9-11th grade,1.45876523085406,0.0715795945269594,1.13719642128871e-44,1.31846922558122,1.5990612361269,104.249231818836,6.63814010773731e-42,2592,4755430.31426045
racethn_combn,NHB,1999-2020,21.2,WTMEC.COMBN,age+gender,educ_level,smoke_ever,12776,24814704.9641855,153,quasibinomial (logit),Less than 9th grade,0.884476850322156,0.108646092931129,1.53443485839194e-13,0.671530508177143,1.09742319246717,104.249231818836,6.63814010773731e-42,740,1051802.96235357
racethn_combn,Mexican-American,1999-2020,21.2,WTMEC.COMBN,age+gender,educ_level,smoke_ever,10037,17979981.5186127,141,quasibinomial (logit),College graduate or above (Intercept),-2.6815735351603,0.134702176530002,5.4367103950304e-42,-2.9455898011591,-2.41755726916149,14.735084853635,5.15998362018941e-10,670,1503630.08918087
racethn_combn,Mexican-American,1999-2020,21.2,WTMEC.COMBN,age+gender,educ_level,smoke_ever,10037,17979981.5186127,141,quasibinomial (logit),Some college or AA degree,0.525725659325418,0.127328870963897,6.34988851302987e-05,0.27616107223618,0.775290246414656,14.735084853635,5.15998362018941e-10,1858,3820091.67936076
racethn_combn,Mexican-American,1999-2020,21.2,WTMEC.COMBN,age+gender,educ_level,smoke_ever,10037,17979981.5186127,141,quasibinomial (logit),HS graduate or GED,0.717722956992911,0.125147479729878,6.11023991438587e-08,0.47243389672235,0.963012017263472,14.735084853635,5.15998362018941e-10,1938,4127802.15274304
racethn_combn,Mexican-American,1999-2020,21.2,WTMEC.COMBN,age+gender,educ_level,smoke_ever,10037,17979981.5186127,141,quasibinomial (logit),9-11th grade,0.842345111843238,0.116583820078487,3.32421698426821e-11,0.613840824489403,1.07084939919707,14.735084853635,5.15998362018941e-10,2017,3761045.26324913
racethn_combn,Mexican-American,1999-2020,21.2,WTMEC.COMBN,age+gender,educ_level,smoke_ever,10037,17979981.5186127,141,quasibinomial (logit),Less than 9th grade,0.573895039363351,0.108331755430128,4.64806521759582e-07,0.3615647987203,0.786225280006402,14.735084853635,5.15998362018941e-10,3554,4767412.33407893
racethn_combn,Other Hispanic,1999-2020,21.2,WTMEC.COMBN,age+gender,educ_level,smoke_ever,4982,12788576.7076679,138,quasibinomial (logit),College graduate or above (Intercept),-1.96805980791874,0.159858949935598,1.13959776958005e-23,-2.28138334979252,-1.65473626604497,17.7080116281795,1.16936038757668e-11,741,2117596.4299236
racethn_combn,Other Hispanic,1999-2020,21.2,WTMEC.COMBN,age+gender,educ_level,smoke_ever,4982,12788576.7076679,138,quasibinomial (logit),Some college or AA degree,0.503942534581787,0.130001246462023,0.000166303070819594,0.249140091516221,0.758744977647352,17.7080116281795,1.16936038757668e-11,1318,3680370.17562519
racethn_combn,Other Hispanic,1999-2020,21.2,WTMEC.COMBN,age+gender,educ_level,smoke_ever,4982,12788576.7076679,138,quasibinomial (logit),HS graduate or GED,0.477045541849208,0.133540315340504,0.000494624770552251,0.21530652378182,0.738784559916597,17.7080116281795,1.16936038757668e-11,1004,2811215.93154564
racethn_combn,Other Hispanic,1999-2020,21.2,WTMEC.COMBN,age+gender,educ_level,smoke_ever,4982,12788576.7076679,138,quasibinomial (logit),9-11th grade,0.653165198275219,0.149263438737384,2.43562845228481e-05,0.360608858349947,0.945721538200491,17.7080116281795,1.16936038757668e-11,864,2072785.20646647
racethn_combn,Other Hispanic,1999-2020,21.2,WTMEC.COMBN,age+gender,educ_level,smoke_ever,4982,12788576.7076679,138,quasibinomial (logit),Less than 9th grade,-0.205412517069237,0.134510576219046,0.129126177245735,-0.469053246458566,0.0582282123200923,17.7080116281795,1.16936038757668e-11,1055,2106608.96410694
racethn_combn,Other/Multi-Racial/NHAsian,1999-2020,21.2,WTMEC.COMBN,age+gender,educ_level,smoke_ever,1359,6417294.53922491,83,quasibinomial (logit),College graduate or above (Intercept),-2.14436993588445,0.293372950579475,2.14662981340366e-10,-2.71938091902022,-1.56935895274868,8.12742805211269,1.60477628404315e-05,457,2331376.40899462
racethn_combn,Other/Multi-Racial/NHAsian,1999-2020,21.2,WTMEC.COMBN,age+gender,educ_level,smoke_ever,1359,6417294.53922491,83,quasibinomial (logit),Some college or AA degree,0.897918030729719,0.209933694501921,5.380484541005e-05,0.486447989505955,1.30938807195348,8.12742805211269,1.60477628404315e-05,353,1722902.34316925
racethn_combn,Other/Multi-Racial/NHAsian,1999-2020,21.2,WTMEC.COMBN,age+gender,educ_level,smoke_ever,1359,6417294.53922491,83,quasibinomial (logit),HS graduate or GED,0.838372071913416,0.205493455031134,0.00010904893056226,0.435604900052394,1.24113924377444,8.12742805211269,1.60477628404315e-05,256,1174036.72084934
racethn_combn,Other/Multi-Racial/NHAsian,1999-2020,21.2,WTMEC.COMBN,age+gender,educ_level,smoke_ever,1359,6417294.53922491,83,quasibinomial (logit),9-11th grade,1.15844969716544,0.24531833783091,1.02743991894493e-05,0.677625755016858,1.63927363931403,8.12742805211269,1.60477628404315e-05,142,640216.466216887
racethn_combn,Other/Multi-Racial/NHAsian,1999-2020,21.2,WTMEC.COMBN,age+gender,educ_level,smoke_ever,1359,6417294.53922491,83,quasibinomial (logit),Less than 9th grade,0.295600063344764,0.249385114920394,0.23953793423275,-0.193194761899208,0.784394888588736,8.12742805211269,1.60477628404315e-05,151,548762.599994811
racethn_combn,NHAsian,1999-2020,21.2,WTMEC.COMBN,age+gender,educ_level,smoke_ever,3343,5780095.64204298,71,quasibinomial (logit),College graduate or above (Intercept),-3.67359722395429,0.210381866138268,3.09817081526328e-26,-4.08594568158529,-3.26124876632328,14.6590117204505,1.38092713295317e-08,1691,3049193.55095098
racethn_combn,NHAsian,1999-2020,21.2,WTMEC.COMBN,age+gender,educ_level,smoke_ever,3343,5780095.64204298,71,quasibinomial (logit),Some college or AA degree,0.752155268750606,0.124195096508427,7.74807793010935e-08,0.508732879594089,0.995577657907123,14.6590117204505,1.38092713295317e-08,644,1129367.21306774
racethn_combn,NHAsian,1999-2020,21.2,WTMEC.COMBN,age+gender,educ_level,smoke_ever,3343,5780095.64204298,71,quasibinomial (logit),HS graduate or GED,0.63670024574046,0.121629094971338,1.89861050495797e-06,0.398307219596637,0.875093271884283,14.6590117204505,1.38092713295317e-08,492,817603.011465529
racethn_combn,NHAsian,1999-2020,21.2,WTMEC.COMBN,age+gender,educ_level,smoke_ever,3343,5780095.64204298,71,quasibinomial (logit),9-11th grade,0.546591428218817,0.176556004834859,0.00289487761317269,0.200541658742493,0.892641197695142,14.6590117204505,1.38092713295317e-08,238,363351.891863585
racethn_combn,NHAsian,1999-2020,21.2,WTMEC.COMBN,age+gender,educ_level,smoke_ever,3343,5780095.64204298,71,quasibinomial (logit),Less than 9th grade,0.405225248411669,0.186759822668538,0.033685825286364,0.0391759959813347,0.771274500842003,14.6590117204505,1.38092713295317e-08,278,420579.974695151
racethn_combn,Other/Multi-Racial,1999-2020,21.2,WTMEC.COMBN,age+gender,educ_level,smoke_ever,1009,3459011.76479211,70,quasibinomial (logit),College graduate or above (Intercept),-1.69503964927833,0.267849870945319,2.75961672579168e-08,-2.22002539633115,-1.1700539022255,4.96412829020301,0.00150637692458526,223,769943.602010076
racethn_combn,Other/Multi-Racial,1999-2020,21.2,WTMEC.COMBN,age+gender,educ_level,smoke_ever,1009,3459011.76479211,70,quasibinomial (logit),Some college or AA degree,0.767423367519081,0.238775177062653,0.0020517477237151,0.299424020476281,1.23542271456188,4.96412829020301,0.00150637692458526,428,1512155.46002845
racethn_combn,Other/Multi-Racial,1999-2020,21.2,WTMEC.COMBN,age+gender,educ_level,smoke_ever,1009,3459011.76479211,70,quasibinomial (logit),HS graduate or GED,0.891087515967911,0.329157265804546,0.00869122182288493,0.245939274991002,1.53623575694482,4.96412829020301,0.00150637692458526,220,787314.063373208
racethn_combn,Other/Multi-Racial,1999-2020,21.2,WTMEC.COMBN,age+gender,educ_level,smoke_ever,1009,3459011.76479211,70,quasibinomial (logit),9-11th grade,1.67237117493542,0.410905216516265,0.000131589302340342,0.866996950563538,2.4777453993073,4.96412829020301,0.00150637692458526,101,294852.22137217
racethn_combn,Other/Multi-Racial,1999-2020,21.2,WTMEC.COMBN,age+gender,educ_level,smoke_ever,1009,3459011.76479211,70,quasibinomial (logit),Less than 9th grade,0.379235358815829,0.500062340955734,0.451009600171205,-0.60088682945741,1.35935754708907,4.96412829020301,0.00150637692458526,37,94746.4180082076
racethn_combn,NHW,1999-2020,21.2,WTMEC.COMBN,age+gender,educ_level,alch_drink_curr,18685,119807068.96501,162,quasibinomial (logit),College graduate or above (Intercept),3.24389239733153,0.215697801829197,3.66540862699248e-32,2.8211247057463,3.66666008891676,42.3442762873177,5.20789380120541e-24,5448,40524165.9348251
racethn_combn,NHW,1999-2020,21.2,WTMEC.COMBN,age+gender,educ_level,alch_drink_curr,18685,119807068.96501,162,quasibinomial (logit),Some college or AA degree,-0.294838848496485,0.0801344581666115,0.000321539485722886,-0.451902386503043,-0.137775310489926,42.3442762873177,5.20789380120541e-24,6061,38861501.2963072
racethn_combn,NHW,1999-2020,21.2,WTMEC.COMBN,age+gender,educ_level,alch_drink_curr,18685,119807068.96501,162,quasibinomial (logit),HS graduate or GED,-0.701628219019154,0.0956482966393243,1.13206550439839e-11,-0.88909888043223,-0.514157557606079,42.3442762873177,5.20789380120541e-24,4654,28816857.9055058
racethn_combn,NHW,1999-2020,21.2,WTMEC.COMBN,age+gender,educ_level,alch_drink_curr,18685,119807068.96501,162,quasibinomial (logit),9-11th grade,-0.95064011263028,0.103514561393736,2.43520661227779e-16,-1.153528652962,-0.747751572298557,42.3442762873177,5.20789380120541e-24,1897,9357536.39164181
racethn_combn,NHW,1999-2020,21.2,WTMEC.COMBN,age+gender,educ_level,alch_drink_curr,18685,119807068.96501,162,quasibinomial (logit),Less than 9th grade,-1.4591729048235,0.136352405614595,2.18585523895015e-20,-1.7264236198281,-1.19192218981889,42.3442762873177,5.20789380120541e-24,625,2247007.43673011
racethn_combn,NHB,1999-2020,21.2,WTMEC.COMBN,age+gender,educ_level,alch_drink_curr,8988,18588204.6284275,149,quasibinomial (logit),College graduate or above (Intercept),1.78660187663921,0.131075100180087,1.23686562832052e-27,1.52969468028624,2.04350907299218,21.8479574189851,4.3567799083027e-14,1525,3332636.22652447
racethn_combn,NHB,1999-2020,21.2,WTMEC.COMBN,age+gender,educ_level,alch_drink_curr,8988,18588204.6284275,149,quasibinomial (logit),Some college or AA degree,-0.0134613926359663,0.0912279982208213,0.882899695257904,-0.192268269148776,0.165345483876844,21.8479574189851,4.3567799083027e-14,3033,6336504.50494462
racethn_combn,NHB,1999-2020,21.2,WTMEC.COMBN,age+gender,educ_level,alch_drink_curr,8988,18588204.6284275,149,quasibinomial (logit),HS graduate or GED,-0.279638336178821,0.0947392678141851,0.0036951740517501,-0.465327301094624,-0.0939493712630185,21.8479574189851,4.3567799083027e-14,2362,4978280.26669423
racethn_combn,NHB,1999-2020,21.2,WTMEC.COMBN,age+gender,educ_level,alch_drink_curr,8988,18588204.6284275,149,quasibinomial (logit),9-11th grade,-0.400787708622863,0.103358396564774,0.000160268836204981,-0.603370165889821,-0.198205251355906,21.8479574189851,4.3567799083027e-14,1706,3363949.24182866
racethn_combn,NHB,1999-2020,21.2,WTMEC.COMBN,age+gender,educ_level,alch_drink_curr,8988,18588204.6284275,149,quasibinomial (logit),Less than 9th grade,-1.18976507779612,0.144225287299789,9.46047348135424e-14,-1.47244664090371,-0.907083514688537,21.8479574189851,4.3567799083027e-14,362,576834.388435547
racethn_combn,Mexican-American,1999-2020,21.2,WTMEC.COMBN,age+gender,educ_level,alch_drink_curr,7187,14123718.9613099,138,quasibinomial (logit),College graduate or above (Intercept),2.19437912470487,0.202025993660361,4.97099036691031e-20,1.79840817713057,2.59035007227918,24.3176953122021,4.33791924383924e-15,553,1318326.05622932
racethn_combn,Mexican-American,1999-2020,21.2,WTMEC.COMBN,age+gender,educ_level,alch_drink_curr,7187,14123718.9613099,138,quasibinomial (logit),Some college or AA degree,-0.193553332191955,0.195463301851792,0.323874138703744,-0.576661403821468,0.189554739437558,24.3176953122021,4.33791924383924e-15,1457,3233009.11772285
racethn_combn,Mexican-American,1999-2020,21.2,WTMEC.COMBN,age+gender,educ_level,alch_drink_curr,7187,14123718.9613099,138,quasibinomial (logit),HS graduate or GED,-0.64017125142412,0.218901184224145,0.00406233560756101,-1.06921757250344,-0.211124930344797,24.3176953122021,4.33791924383924e-15,1469,3357094.87983191
racethn_combn,Mexican-American,1999-2020,21.2,WTMEC.COMBN,age+gender,educ_level,alch_drink_curr,7187,14123718.9613099,138,quasibinomial (logit),9-11th grade,-0.834661473062815,0.222882364647216,0.000268556267547903,-1.27151090777136,-0.397812038354272,24.3176953122021,4.33791924383924e-15,1435,2902677.90776751
racethn_combn,Mexican-American,1999-2020,21.2,WTMEC.COMBN,age+gender,educ_level,alch_drink_curr,7187,14123718.9613099,138,quasibinomial (logit),Less than 9th grade,-1.3306739748619,0.197445502529803,4.48152280264237e-10,-1.71766715982031,-0.943680789903481,24.3176953122021,4.33791924383924e-15,2273,3312610.99975832
racethn_combn,Other Hispanic,1999-2020,21.2,WTMEC.COMBN,age+gender,educ_level,alch_drink_curr,3594,9997931.98740981,127,quasibinomial (logit),College graduate or above (Intercept),2.48317649224616,0.327929660837053,8.07099979881069e-12,1.84043435700554,3.12591862748679,30.4038620819306,1.64764551425128e-17,595,1816213.54642728
racethn_combn,Other Hispanic,1999-2020,21.2,WTMEC.COMBN,age+gender,educ_level,alch_drink_curr,3594,9997931.98740981,127,quasibinomial (logit),Some college or AA degree,-0.456688344578442,0.299044987386929,0.129332056968018,-1.04281651985682,0.129439830699938,30.4038620819306,1.64764551425128e-17,998,3006897.00329651
racethn_combn,Other Hispanic,1999-2020,21.2,WTMEC.COMBN,age+gender,educ_level,alch_drink_curr,3594,9997931.98740981,127,quasibinomial (logit),HS graduate or GED,-0.675071510195845,0.299195121256461,0.0258476986184887,-1.26149394785851,-0.0886490725331804,30.4038620819306,1.64764551425128e-17,738,2213079.16464987
racethn_combn,Other Hispanic,1999-2020,21.2,WTMEC.COMBN,age+gender,educ_level,alch_drink_curr,3594,9997931.98740981,127,quasibinomial (logit),9-11th grade,-1.18382151078646,0.297057318843335,0.000115704004854529,-1.7660538557194,-0.601589165853524,30.4038620819306,1.64764551425128e-17,612,1581634.04003091
racethn_combn,Other Hispanic,1999-2020,21.2,WTMEC.COMBN,age+gender,educ_level,alch_drink_curr,3594,9997931.98740981,127,quasibinomial (logit),Less than 9th grade,-1.88047601369972,0.284068172834732,1.04033760375065e-09,-2.43724963245579,-1.32370239494364,30.4038620819306,1.64764551425128e-17,651,1380108.23300525
racethn_combn,Other/Multi-Racial/NHAsian,1999-2020,21.2,WTMEC.COMBN,age+gender,educ_level,alch_drink_curr,908,4618255.52394208,79,quasibinomial (logit),College graduate or above (Intercept),1.4946919609763,0.3120557348951,8.5220896823166e-06,0.883062720581908,2.1063212013707,2.33918281714696,0.0630679021455574,326,1806418.70411689
racethn_combn,Other/Multi-Racial/NHAsian,1999-2020,21.2,WTMEC.COMBN,age+gender,educ_level,alch_drink_curr,908,4618255.52394208,79,quasibinomial (logit),Some college or AA degree,0.389676589956252,0.239381361954437,0.107865784983392,-0.079510879474445,0.858864059386949,2.33918281714696,0.0630679021455574,258,1311302.26886755
racethn_combn,Other/Multi-Racial/NHAsian,1999-2020,21.2,WTMEC.COMBN,age+gender,educ_level,alch_drink_curr,908,4618255.52394208,79,quasibinomial (logit),HS graduate or GED,0.34515001024644,0.260016702616862,0.18850796805805,-0.164482726882609,0.85478274737549,2.33918281714696,0.0630679021455574,162,779431.349413019
racethn_combn,Other/Multi-Racial/NHAsian,1999-2020,21.2,WTMEC.COMBN,age+gender,educ_level,alch_drink_curr,908,4618255.52394208,79,quasibinomial (logit),9-11th grade,0.0312088836434197,0.312060219143828,0.920611193153965,-0.580429145878483,0.642846913165322,2.33918281714696,0.0630679021455574,84,398332.734398679
racethn_combn,Other/Multi-Racial/NHAsian,1999-2020,21.2,WTMEC.COMBN,age+gender,educ_level,alch_drink_curr,908,4618255.52394208,79,quasibinomial (logit),Less than 9th grade,-0.539713449054777,0.378774398004305,0.158449222011728,-1.28211126914321,0.202684371033661,2.33918281714696,0.0630679021455574,78,322770.467145943
racethn_combn,NHAsian,1999-2020,21.2,WTMEC.COMBN,age+gender,educ_level,alch_drink_curr,2218,4031414.3035536,69,quasibinomial (logit),College graduate or above (Intercept),1.61446025621383,0.225708013298743,1.08158309852523e-09,1.17207255014829,2.05684796227937,16.9911881900007,1.69078709449863e-09,1191,2257317.28555221
racethn_combn,NHAsian,1999-2020,21.2,WTMEC.COMBN,age+gender,educ_level,alch_drink_curr,2218,4031414.3035536,69,quasibinomial (logit),Some college or AA degree,-0.364145836417963,0.17858955337822,0.0456497550809527,-0.714181361039274,-0.0141103117966513,16.9911881900007,1.69078709449863e-09,447,810605.859791868
racethn_combn,NHAsian,1999-2020,21.2,WTMEC.COMBN,age+gender,educ_level,alch_drink_curr,2218,4031414.3035536,69,quasibinomial (logit),HS graduate or GED,-0.798110920024681,0.167237586051246,1.12196103650537e-05,-1.12589658868512,-0.470325251364239,16.9911881900007,1.69078709449863e-09,303,525688.931964359
racethn_combn,NHAsian,1999-2020,21.2,WTMEC.COMBN,age+gender,educ_level,alch_drink_curr,2218,4031414.3035536,69,quasibinomial (logit),9-11th grade,-0.893530863837319,0.191304027306192,1.62199451275258e-05,-1.26848675735745,-0.518574970317184,16.9911881900007,1.69078709449863e-09,149,225111.447752283
racethn_combn,NHAsian,1999-2020,21.2,WTMEC.COMBN,age+gender,educ_level,alch_drink_curr,2218,4031414.3035536,69,quasibinomial (logit),Less than 9th grade,-1.74798114024961,0.229148730437724,1.59612202512426e-10,-2.19711265190755,-1.29884962859167,16.9911881900007,1.69078709449863e-09,128,212690.778492887
racethn_combn,Other/Multi-Racial,1999-2020,21.2,WTMEC.COMBN,age+gender,educ_level,alch_drink_curr,808,2905555.33923777,70,quasibinomial (logit),College graduate or above (Intercept),3.0474500496747,0.53933915161352,3.97607828687894e-07,1.9903453125122,4.1045547868372,1.95538804962892,0.112035861732184,172,660850.839319887
racethn_combn,Other/Multi-Racial,1999-2020,21.2,WTMEC.COMBN,age+gender,educ_level,alch_drink_curr,808,2905555.33923777,70,quasibinomial (logit),Some college or AA degree,-0.591420552460549,0.385714911807853,0.130128298736923,-1.34742177960394,0.164580674682843,1.95538804962892,0.112035861732184,367,1297400.06729011
racethn_combn,Other/Multi-Racial,1999-2020,21.2,WTMEC.COMBN,age+gender,educ_level,alch_drink_curr,808,2905555.33923777,70,quasibinomial (logit),HS graduate or GED,-0.588475144837348,0.459580846708399,0.205004511559908,-1.48925360438581,0.312303314711115,1.95538804962892,0.112035861732184,168,632436.617065472
racethn_combn,Other/Multi-Racial,1999-2020,21.2,WTMEC.COMBN,age+gender,educ_level,alch_drink_curr,808,2905555.33923777,70,quasibinomial (logit),9-11th grade,-1.18290484196431,0.637771905214444,0.0682401560562416,-2.43293777618462,0.067128092256002,1.95538804962892,0.112035861732184,79,253649.471211868
racethn_combn,Other/Multi-Racial,1999-2020,21.2,WTMEC.COMBN,age+gender,educ_level,alch_drink_curr,808,2905555.33923777,70,quasibinomial (logit),Less than 9th grade,-1.33439152083915,0.519407806003528,0.012539039838487,-2.35243082060607,-0.316352221072237,1.95538804962892,0.112035861732184,22,61218.344350434
racethn_combn,NHW,1999-2020,21.2,WTMEC.COMBN,age+gender,educ_level,alch_drink_daily,18685,119807068.96501,162,quasibinomial (logit),College graduate or above (Intercept),-4.93404199672911,0.131517894042748,5.65142736014873e-80,-5.1918170690529,-4.67626692440533,6.52758371418224,6.97248572784082e-05,5448,40524165.9348251
racethn_combn,NHW,1999-2020,21.2,WTMEC.COMBN,age+gender,educ_level,alch_drink_daily,18685,119807068.96501,162,quasibinomial (logit),Some college or AA degree,-0.356091782771329,0.0842190175983171,3.99990406035209e-05,-0.521161057264031,-0.191022508278628,6.52758371418224,6.97248572784082e-05,6061,38861501.2963072
racethn_combn,NHW,1999-2020,21.2,WTMEC.COMBN,age+gender,educ_level,alch_drink_daily,18685,119807068.96501,162,quasibinomial (logit),HS graduate or GED,-0.276655530467386,0.0976206720258639,0.00520556583765432,-0.46799204763808,-0.0853190132966932,6.52758371418224,6.97248572784082e-05,4654,28816857.9055058
racethn_combn,NHW,1999-2020,21.2,WTMEC.COMBN,age+gender,educ_level,alch_drink_daily,18685,119807068.96501,162,quasibinomial (logit),9-11th grade,-0.460165933463691,0.126326420714699,0.000366759051952748,-0.7077657180645,-0.212566148862881,6.52758371418224,6.97248572784082e-05,1897,9357536.39164181
racethn_combn,NHW,1999-2020,21.2,WTMEC.COMBN,age+gender,educ_level,alch_drink_daily,18685,119807068.96501,162,quasibinomial (logit),Less than 9th grade,-0.595231681651408,0.197975635170965,0.00308011581098914,-0.983263926586499,-0.207199436716317,6.52758371418224,6.97248572784082e-05,625,2247007.43673011
racethn_combn,NHB,1999-2020,21.2,WTMEC.COMBN,age+gender,educ_level,alch_drink_daily,8988,18588204.6284275,149,quasibinomial (logit),College graduate or above (Intercept),-5.7045523162534,0.27961266248277,3.47244792945181e-44,-6.25259313471963,-5.15651149778717,15.1115055416061,2.50963384539e-10,1525,3332636.22652447
racethn_combn,NHB,1999-2020,21.2,WTMEC.COMBN,age+gender,educ_level,alch_drink_daily,8988,18588204.6284275,149,quasibinomial (logit),Some college or AA degree,0.661917863420329,0.224618651460349,0.00374975122563767,0.221665306558045,1.10217042028261,15.1115055416061,2.50963384539e-10,3033,6336504.50494462
racethn_combn,NHB,1999-2020,21.2,WTMEC.COMBN,age+gender,educ_level,alch_drink_daily,8988,18588204.6284275,149,quasibinomial (logit),HS graduate or GED,0.990477914095406,0.229419977656688,2.93398046751539e-05,0.540814757888297,1.44014107030251,15.1115055416061,2.50963384539e-10,2362,4978280.26669423
racethn_combn,NHB,1999-2020,21.2,WTMEC.COMBN,age+gender,educ_level,alch_drink_daily,8988,18588204.6284275,149,quasibinomial (logit),9-11th grade,1.46929546059593,0.219854055677359,4.85332520292705e-10,1.03838151146831,1.90020940972356,15.1115055416061,2.50963384539e-10,1706,3363949.24182866
racethn_combn,NHB,1999-2020,21.2,WTMEC.COMBN,age+gender,educ_level,alch_drink_daily,8988,18588204.6284275,149,quasibinomial (logit),Less than 9th grade,1.10871919569653,0.328471117099264,0.000949189675969378,0.464915806181977,1.75252258521109,15.1115055416061,2.50963384539e-10,362,576834.388435547
racethn_combn,Mexican-American,1999-2020,21.2,WTMEC.COMBN,age+gender,educ_level,alch_drink_daily,7187,14123718.9613099,138,quasibinomial (logit),College graduate or above (Intercept),-6.55475848393601,0.425235578142467,2.64380767221957e-31,-7.38822021709524,-5.72129675077677,1.25417291233583,0.291348077604797,553,1318326.05622932
racethn_combn,Mexican-American,1999-2020,21.2,WTMEC.COMBN,age+gender,educ_level,alch_drink_daily,7187,14123718.9613099,138,quasibinomial (logit),Some college or AA degree,-0.27871463511658,0.309655331985527,0.369716711141973,-0.885639085808213,0.328209815575054,1.25417291233583,0.291348077604797,1457,3233009.11772285
racethn_combn,Mexican-American,1999-2020,21.2,WTMEC.COMBN,age+gender,educ_level,alch_drink_daily,7187,14123718.9613099,138,quasibinomial (logit),HS graduate or GED,0.0174316026477044,0.307836314557466,0.954928583612688,-0.585927573884929,0.620790779180338,1.25417291233583,0.291348077604797,1469,3357094.87983191
racethn_combn,Mexican-American,1999-2020,21.2,WTMEC.COMBN,age+gender,educ_level,alch_drink_daily,7187,14123718.9613099,138,quasibinomial (logit),9-11th grade,0.0959543355267285,0.300646583911231,0.750109773064589,-0.493312968939284,0.685221639992741,1.25417291233583,0.291348077604797,1435,2902677.90776751
racethn_combn,Mexican-American,1999-2020,21.2,WTMEC.COMBN,age+gender,educ_level,alch_drink_daily,7187,14123718.9613099,138,quasibinomial (logit),Less than 9th grade,0.239883639302153,0.271504383097523,0.37855360132589,-0.292264951568992,0.772032230173299,1.25417291233583,0.291348077604797,2273,3312610.99975832
racethn_combn,Other Hispanic,1999-2020,21.2,WTMEC.COMBN,age+gender,educ_level,alch_drink_daily,3594,9997931.98740981,127,quasibinomial (logit),College graduate or above (Intercept),-6.39497241082557,0.50396538501368,5.56481879791037e-24,-7.38274456545238,-5.40720025619876,2.17828603635014,0.0754173857815374,595,1816213.54642728
racethn_combn,Other Hispanic,1999-2020,21.2,WTMEC.COMBN,age+gender,educ_level,alch_drink_daily,3594,9997931.98740981,127,quasibinomial (logit),Some college or AA degree,-0.245203900896094,0.366745896576742,0.505028362320809,-0.964025858186509,0.473618056394321,2.17828603635014,0.0754173857815374,998,3006897.00329651
racethn_combn,Other Hispanic,1999-2020,21.2,WTMEC.COMBN,age+gender,educ_level,alch_drink_daily,3594,9997931.98740981,127,quasibinomial (logit),HS graduate or GED,0.266054370689097,0.37866900915432,0.48365205583065,-0.476136887253371,1.00824562863156,2.17828603635014,0.0754173857815374,738,2213079.16464987
racethn_combn,Other Hispanic,1999-2020,21.2,WTMEC.COMBN,age+gender,educ_level,alch_drink_daily,3594,9997931.98740981,127,quasibinomial (logit),9-11th grade,-0.150698528601857,0.366208552839828,0.681426504152007,-0.868467292167921,0.567070234964206,2.17828603635014,0.0754173857815374,612,1581634.04003091
racethn_combn,Other Hispanic,1999-2020,21.2,WTMEC.COMBN,age+gender,educ_level,alch_drink_daily,3594,9997931.98740981,127,quasibinomial (logit),Less than 9th grade,-0.950005377554944,0.434610932327167,0.0307500212975573,-1.80184280491619,-0.0981679501936976,2.17828603635014,0.0754173857815374,651,1380108.23300525
racethn_combn,Other/Multi-Racial/NHAsian,1999-2020,21.2,WTMEC.COMBN,age+gender,educ_level,alch_drink_daily,908,4618255.52394208,79,quasibinomial (logit),College graduate or above (Intercept),-5.2467387238985,0.794469922283704,5.59821191947891e-09,-6.80389977157456,-3.68957767622244,2.57067821342972,0.0448655199761027,326,1806418.70411689
racethn_combn,Other/Multi-Racial/NHAsian,1999-2020,21.2,WTMEC.COMBN,age+gender,educ_level,alch_drink_daily,908,4618255.52394208,79,quasibinomial (logit),Some college or AA degree,0.310919073895853,0.453541842966267,0.495177323580048,-0.578022938318031,1.19986108610974,2.57067821342972,0.0448655199761027,258,1311302.26886755
racethn_combn,Other/Multi-Racial/NHAsian,1999-2020,21.2,WTMEC.COMBN,age+gender,educ_level,alch_drink_daily,908,4618255.52394208,79,quasibinomial (logit),HS graduate or GED,-0.146370596865127,0.695233427410954,0.833837113029719,-1.5090281145906,1.21628692086034,2.57067821342972,0.0448655199761027,162,779431.349413019
racethn_combn,Other/Multi-Racial/NHAsian,1999-2020,21.2,WTMEC.COMBN,age+gender,educ_level,alch_drink_daily,908,4618255.52394208,79,quasibinomial (logit),9-11th grade,1.35623816609664,0.589886185615504,0.0243596029336063,0.200061242290254,2.51241508990303,2.57067821342972,0.0448655199761027,84,398332.734398679
racethn_combn,Other/Multi-Racial/NHAsian,1999-2020,21.2,WTMEC.COMBN,age+gender,educ_level,alch_drink_daily,908,4618255.52394208,79,quasibinomial (logit),Less than 9th grade,0.706149934722533,0.655036497122743,0.284569147315023,-0.577721599638042,1.99002146908311,2.57067821342972,0.0448655199761027,78,322770.467145943
racethn_combn,NHAsian,1999-2020,21.2,WTMEC.COMBN,age+gender,educ_level,alch_drink_daily,2218,4031414.3035536,69,quasibinomial (logit),College graduate or above (Intercept),-6.9722363461723,0.705053953929764,1.93327102155843e-14,-8.35414209587464,-5.59033059646996,2.50003914633393,0.0512910393815481,1191,2257317.28555221
racethn_combn,NHAsian,1999-2020,21.2,WTMEC.COMBN,age+gender,educ_level,alch_drink_daily,2218,4031414.3035536,69,quasibinomial (logit),Some college or AA degree,-0.0132014644805057,0.48713980682391,0.978465676353017,-0.967995485855369,0.941592556894357,2.50003914633393,0.0512910393815481,447,810605.859791868
racethn_combn,NHAsian,1999-2020,21.2,WTMEC.COMBN,age+gender,educ_level,alch_drink_daily,2218,4031414.3035536,69,quasibinomial (logit),HS graduate or GED,1.15821942402136,0.392778371969027,0.00447158684532096,0.388373814962068,1.92806503308065,2.50003914633393,0.0512910393815481,303,525688.931964359
racethn_combn,NHAsian,1999-2020,21.2,WTMEC.COMBN,age+gender,educ_level,alch_drink_daily,2218,4031414.3035536,69,quasibinomial (logit),9-11th grade,0.565670089710106,0.477782480465784,0.240881143951769,-0.37078357200283,1.50212375142304,2.50003914633393,0.0512910393815481,149,225111.447752283
racethn_combn,NHAsian,1999-2020,21.2,WTMEC.COMBN,age+gender,educ_level,alch_drink_daily,2218,4031414.3035536,69,quasibinomial (logit),Less than 9th grade,0.231125005837822,0.49497464621736,0.642151465911642,-0.739025300748204,1.20127531242385,2.50003914633393,0.0512910393815481,128,212690.778492887
racethn_combn,Other/Multi-Racial,1999-2020,21.2,WTMEC.COMBN,age+gender,educ_level,alch_drink_daily,808,2905555.33923777,70,quasibinomial (logit),College graduate or above (Intercept),-9.74065045701677,1.71108533568467,3.37346393614726e-07,-13.0943777149587,-6.38692319907481,2.64116548081761,0.0416613424583337,172,660850.839319887
racethn_combn,Other/Multi-Racial,1999-2020,21.2,WTMEC.COMBN,age+gender,educ_level,alch_drink_daily,808,2905555.33923777,70,quasibinomial (logit),Some college or AA degree,3.50067821459579,1.1778795742285,0.00416483051942183,1.19203424910793,5.80932218008366,2.64116548081761,0.0416613424583337,367,1297400.06729011
racethn_combn,Other/Multi-Racial,1999-2020,21.2,WTMEC.COMBN,age+gender,educ_level,alch_drink_daily,808,2905555.33923777,70,quasibinomial (logit),HS graduate or GED,3.37773858242303,1.10574639293032,0.00328203152734676,1.2104756522796,5.54500151256646,2.64116548081761,0.0416613424583337,168,632436.617065472
racethn_combn,Other/Multi-Racial,1999-2020,21.2,WTMEC.COMBN,age+gender,educ_level,alch_drink_daily,808,2905555.33923777,70,quasibinomial (logit),9-11th grade,2.7295666208463,1.18409784876732,0.0244091972992443,0.408734837262358,5.05039840443025,2.64116548081761,0.0416613424583337,79,253649.471211868
racethn_combn,Other/Multi-Racial,1999-2020,21.2,WTMEC.COMBN,age+gender,educ_level,alch_drink_daily,808,2905555.33923777,70,quasibinomial (logit),Less than 9th grade,2.96455061672634,1.21964352884963,0.0178837627418968,0.574049300181065,5.35505193327161,2.64116548081761,0.0416613424583337,22,61218.344350434
racethn_combn,NHW,1999-2020,21.2,WTMEC.COMBN,age+gender,educ_level,alch_drink_weekly,18685,119807068.96501,162,quasibinomial (logit),College graduate or above (Intercept),-0.111322936119169,0.0778036943350896,0.154482442358524,-0.263818177015945,0.0411723047776064,65.2005365512632,2.54957065817973e-32,5448,40524165.9348251
racethn_combn,NHW,1999-2020,21.2,WTMEC.COMBN,age+gender,educ_level,alch_drink_weekly,18685,119807068.96501,162,quasibinomial (logit),Some college or AA degree,-0.510897036367151,0.0517418325032204,3.64722806805233e-18,-0.612311028073463,-0.409483044660839,65.2005365512632,2.54957065817973e-32,6061,38861501.2963072
racethn_combn,NHW,1999-2020,21.2,WTMEC.COMBN,age+gender,educ_level,alch_drink_weekly,18685,119807068.96501,162,quasibinomial (logit),HS graduate or GED,-0.754059140604288,0.0559669812832943,6.20072879349985e-28,-0.863754423919544,-0.644363857289031,65.2005365512632,2.54957065817973e-32,4654,28816857.9055058
racethn_combn,NHW,1999-2020,21.2,WTMEC.COMBN,age+gender,educ_level,alch_drink_weekly,18685,119807068.96501,162,quasibinomial (logit),9-11th grade,-0.894599390750244,0.0798075547030271,9.17760639634137e-22,-1.05102219796818,-0.738176583532311,65.2005365512632,2.54957065817973e-32,1897,9357536.39164181
racethn_combn,NHW,1999-2020,21.2,WTMEC.COMBN,age+gender,educ_level,alch_drink_weekly,18685,119807068.96501,162,quasibinomial (logit),Less than 9th grade,-1.09130962517342,0.102210113057681,2.5436634556524e-20,-1.29164144676648,-0.890977803580371,65.2005365512632,2.54957065817973e-32,625,2247007.43673011
racethn_combn,NHB,1999-2020,21.2,WTMEC.COMBN,age+gender,educ_level,alch_drink_weekly,8988,18588204.6284275,149,quasibinomial (logit),College graduate or above (Intercept),-1.51884245726928,0.109293359110231,2.53160551853245e-28,-1.73305744112533,-1.30462747341323,5.3137259390697,0.000510250919540277,1525,3332636.22652447
racethn_combn,NHB,1999-2020,21.2,WTMEC.COMBN,age+gender,educ_level,alch_drink_weekly,8988,18588204.6284275,149,quasibinomial (logit),Some college or AA degree,0.072892062631669,0.0763929341207526,0.341606320914639,-0.0768380882450061,0.222622213508344,5.3137259390697,0.000510250919540277,3033,6336504.50494462
racethn_combn,NHB,1999-2020,21.2,WTMEC.COMBN,age+gender,educ_level,alch_drink_weekly,8988,18588204.6284275,149,quasibinomial (logit),HS graduate or GED,0.124712323799624,0.0871380977774177,0.154553791983194,-0.0460783478441145,0.295502995443363,5.3137259390697,0.000510250919540277,2362,4978280.26669423
racethn_combn,NHB,1999-2020,21.2,WTMEC.COMBN,age+gender,educ_level,alch_drink_weekly,8988,18588204.6284275,149,quasibinomial (logit),9-11th grade,0.276918603359557,0.0861669939056868,0.00161935932407922,0.108031295304411,0.445805911414703,5.3137259390697,0.000510250919540277,1706,3363949.24182866
racethn_combn,NHB,1999-2020,21.2,WTMEC.COMBN,age+gender,educ_level,alch_drink_weekly,8988,18588204.6284275,149,quasibinomial (logit),Less than 9th grade,-0.222329434406851,0.15768135186943,0.160713379960811,-0.531384884070934,0.0867260152572326,5.3137259390697,0.000510250919540277,362,576834.388435547
racethn_combn,Mexican-American,1999-2020,21.2,WTMEC.COMBN,age+gender,educ_level,alch_drink_weekly,7187,14123718.9613099,138,quasibinomial (logit),College graduate or above (Intercept),-1.47179200396722,0.159276765512982,5.48829751028758e-16,-1.78397446437267,-1.15960954356178,5.60795962947173,0.000335746171204291,553,1318326.05622932
racethn_combn,Mexican-American,1999-2020,21.2,WTMEC.COMBN,age+gender,educ_level,alch_drink_weekly,7187,14123718.9613099,138,quasibinomial (logit),Some college or AA degree,-0.347923005228943,0.134745254677217,0.0109111170938913,-0.612023704396288,-0.0838223060615988,5.60795962947173,0.000335746171204291,1457,3233009.11772285
racethn_combn,Mexican-American,1999-2020,21.2,WTMEC.COMBN,age+gender,educ_level,alch_drink_weekly,7187,14123718.9613099,138,quasibinomial (logit),HS graduate or GED,-0.391729027245019,0.146477141325646,0.00843446271825916,-0.678824224243285,-0.104633830246753,5.60795962947173,0.000335746171204291,1469,3357094.87983191
racethn_combn,Mexican-American,1999-2020,21.2,WTMEC.COMBN,age+gender,educ_level,alch_drink_weekly,7187,14123718.9613099,138,quasibinomial (logit),9-11th grade,-0.404194188966502,0.117762773247544,0.000799759211486989,-0.635009224531687,-0.173379153401317,5.60795962947173,0.000335746171204291,1435,2902677.90776751
racethn_combn,Mexican-American,1999-2020,21.2,WTMEC.COMBN,age+gender,educ_level,alch_drink_weekly,7187,14123718.9613099,138,quasibinomial (logit),Less than 9th grade,-0.533813523349899,0.118212995233069,1.38398569502212e-05,-0.765510994006715,-0.302116052693084,5.60795962947173,0.000335746171204291,2273,3312610.99975832
racethn_combn,Other Hispanic,1999-2020,21.2,WTMEC.COMBN,age+gender,educ_level,alch_drink_weekly,3594,9997931.98740981,127,quasibinomial (logit),College graduate or above (Intercept),-1.23348619705856,0.217793297716202,1.01910087177827e-07,-1.66036106058232,-0.806611333534807,9.83708144444507,6.33933662726852e-07,595,1816213.54642728
racethn_combn,Other Hispanic,1999-2020,21.2,WTMEC.COMBN,age+gender,educ_level,alch_drink_weekly,3594,9997931.98740981,127,quasibinomial (logit),Some college or AA degree,-0.268674410302278,0.198977547953417,0.17944800845529,-0.658670404290975,0.12132158368642,9.83708144444507,6.33933662726852e-07,998,3006897.00329651
racethn_combn,Other Hispanic,1999-2020,21.2,WTMEC.COMBN,age+gender,educ_level,alch_drink_weekly,3594,9997931.98740981,127,quasibinomial (logit),HS graduate or GED,-0.353482791478518,0.192044359304503,0.0681256887761755,-0.729889735715343,0.0229241527583077,9.83708144444507,6.33933662726852e-07,738,2213079.16464987
racethn_combn,Other Hispanic,1999-2020,21.2,WTMEC.COMBN,age+gender,educ_level,alch_drink_weekly,3594,9997931.98740981,127,quasibinomial (logit),9-11th grade,-0.291615323160991,0.196131653366578,0.139659671613591,-0.676033363759483,0.0928027174375006,9.83708144444507,6.33933662726852e-07,612,1581634.04003091
racethn_combn,Other Hispanic,1999-2020,21.2,WTMEC.COMBN,age+gender,educ_level,alch_drink_weekly,3594,9997931.98740981,127,quasibinomial (logit),Less than 9th grade,-1.04039825769092,0.193959482693403,3.97179196956568e-07,-1.42055884376999,-0.660237671611852,9.83708144444507,6.33933662726852e-07,651,1380108.23300525
racethn_combn,Other/Multi-Racial/NHAsian,1999-2020,21.2,WTMEC.COMBN,age+gender,educ_level,alch_drink_weekly,908,4618255.52394208,79,quasibinomial (logit),College graduate or above (Intercept),-1.04844952077714,0.288893401377457,0.000524257783646457,-1.61468058747695,-0.482218454077321,1.04519967641947,0.389941050111629,326,1806418.70411689
racethn_combn,Other/Multi-Racial/NHAsian,1999-2020,21.2,WTMEC.COMBN,age+gender,educ_level,alch_drink_weekly,908,4618255.52394208,79,quasibinomial (logit),Some college or AA degree,-0.0859009254534985,0.192729665544113,0.657128127999789,-0.46365106991996,0.291849219012963,1.04519967641947,0.389941050111629,258,1311302.26886755
racethn_combn,Other/Multi-Racial/NHAsian,1999-2020,21.2,WTMEC.COMBN,age+gender,educ_level,alch_drink_weekly,908,4618255.52394208,79,quasibinomial (logit),HS graduate or GED,0.0482565830421772,0.288310825731653,0.867536274696702,-0.516832635391862,0.613345801476216,1.04519967641947,0.389941050111629,162,779431.349413019
racethn_combn,Other/Multi-Racial/NHAsian,1999-2020,21.2,WTMEC.COMBN,age+gender,educ_level,alch_drink_weekly,908,4618255.52394208,79,quasibinomial (logit),9-11th grade,0.375158550915893,0.310586861368049,0.230983612275526,-0.233591697365483,0.983908799197269,1.04519967641947,0.389941050111629,84,398332.734398679
racethn_combn,Other/Multi-Racial/NHAsian,1999-2020,21.2,WTMEC.COMBN,age+gender,educ_level,alch_drink_weekly,908,4618255.52394208,79,quasibinomial (logit),Less than 9th grade,-0.406122749341496,0.360610585668267,0.263765982612595,-1.1129194972513,0.300673998568307,1.04519967641947,0.389941050111629,78,322770.467145943
racethn_combn,NHAsian,1999-2020,21.2,WTMEC.COMBN,age+gender,educ_level,alch_drink_weekly,2218,4031414.3035536,69,quasibinomial (logit),College graduate or above (Intercept),-1.27703066826772,0.225873278529991,4.08005109538998e-07,-1.7197422941865,-0.834319042348936,0.985471758023684,0.422017388696746,1191,2257317.28555221
racethn_combn,NHAsian,1999-2020,21.2,WTMEC.COMBN,age+gender,educ_level,alch_drink_weekly,2218,4031414.3035536,69,quasibinomial (logit),Some college or AA degree,-0.0980724314751935,0.140954978584591,0.489130843113746,-0.374344189500991,0.178199326550604,0.985471758023684,0.422017388696746,447,810605.859791868
racethn_combn,NHAsian,1999-2020,21.2,WTMEC.COMBN,age+gender,educ_level,alch_drink_weekly,2218,4031414.3035536,69,quasibinomial (logit),HS graduate or GED,-0.197251002108883,0.162062289095292,0.228094191415085,-0.514893088735655,0.120391084517889,0.985471758023684,0.422017388696746,303,525688.931964359
racethn_combn,NHAsian,1999-2020,21.2,WTMEC.COMBN,age+gender,educ_level,alch_drink_weekly,2218,4031414.3035536,69,quasibinomial (logit),9-11th grade,-0.0657195980917552,0.244809395358492,0.789228441280702,-0.5455460129944,0.414106816810889,0.985471758023684,0.422017388696746,149,225111.447752283
racethn_combn,NHAsian,1999-2020,21.2,WTMEC.COMBN,age+gender,educ_level,alch_drink_weekly,2218,4031414.3035536,69,quasibinomial (logit),Less than 9th grade,-0.51424290688261,0.28494565141697,0.0759004734538296,-1.07273638365987,0.0442505698946514,0.985471758023684,0.422017388696746,128,212690.778492887
racethn_combn,Other/Multi-Racial,1999-2020,21.2,WTMEC.COMBN,age+gender,educ_level,alch_drink_weekly,808,2905555.33923777,70,quasibinomial (logit),College graduate or above (Intercept),0.232291576741451,0.411255560920671,0.574160488004114,-0.573769322663065,1.03835247614597,5.82642719089833,0.000461363306561917,172,660850.839319887
racethn_combn,Other/Multi-Racial,1999-2020,21.2,WTMEC.COMBN,age+gender,educ_level,alch_drink_weekly,808,2905555.33923777,70,quasibinomial (logit),Some college or AA degree,-0.807623941748228,0.332199272954503,0.0178624411174309,-1.45873451673905,-0.156513366757402,5.82642719089833,0.000461363306561917,367,1297400.06729011
racethn_combn,Other/Multi-Racial,1999-2020,21.2,WTMEC.COMBN,age+gender,educ_level,alch_drink_weekly,808,2905555.33923777,70,quasibinomial (logit),HS graduate or GED,-1.10684921609019,0.325038902865315,0.00114597715609582,-1.74392546570621,-0.469772966474174,5.82642719089833,0.000461363306561917,168,632436.617065472
racethn_combn,Other/Multi-Racial,1999-2020,21.2,WTMEC.COMBN,age+gender,educ_level,alch_drink_weekly,808,2905555.33923777,70,quasibinomial (logit),9-11th grade,-1.86046020574547,0.44593640249989,9.27570436945477e-05,-2.73449555464526,-0.986424856845688,5.82642719089833,0.000461363306561917,79,253649.471211868
racethn_combn,Other/Multi-Racial,1999-2020,21.2,WTMEC.COMBN,age+gender,educ_level,alch_drink_weekly,808,2905555.33923777,70,quasibinomial (logit),Less than 9th grade,-1.75525037518802,0.611808759169444,0.00557317967226186,-2.95439554316013,-0.556105207215908,5.82642719089833,0.000461363306561917,22,61218.344350434
racethn_combn,NHW,1999-2020,21.2,WTMEC.COMBN,age+gender,educ_level,pa_total_mets_wk,26484,151160203.665831,162,gaussian (identity),College graduate or above (Intercept),3784.70103928302,113.94527018732,1.22526534795491e-72,3561.36830971587,4008.03376885017,24.1921547455071,1.38268774888758e-15,6823,47058214.3401592
racethn_combn,NHW,1999-2020,21.2,WTMEC.COMBN,age+gender,educ_level,pa_total_mets_wk,26484,151160203.665831,162,gaussian (identity),Some college or AA degree,840.75580788993,98.8335993469869,1.3773969032317e-14,647.041953169836,1034.46966261002,24.1921547455071,1.38268774888758e-15,8184,47964316.6703596
racethn_combn,NHW,1999-2020,21.2,WTMEC.COMBN,age+gender,educ_level,pa_total_mets_wk,26484,151160203.665831,162,gaussian (identity),HS graduate or GED,884.291480226819,138.759803231501,1.99138816966916e-09,612.322265893078,1156.26069456056,24.1921547455071,1.38268774888758e-15,7001,38291977.8875675
racethn_combn,NHW,1999-2020,21.2,WTMEC.COMBN,age+gender,educ_level,pa_total_mets_wk,26484,151160203.665831,162,gaussian (identity),9-11th grade,830.296985518649,183.742028239417,1.22188589840248e-05,470.162610169393,1190.43136086791,24.1921547455071,1.38268774888758e-15,3201,13784005.0196169
racethn_combn,NHW,1999-2020,21.2,WTMEC.COMBN,age+gender,educ_level,pa_total_mets_wk,26484,151160203.665831,162,gaussian (identity),Less than 9th grade,-77.522099930344,233.314672798895,0.740135841518403,-534.818858616178,379.77465875549,24.1921547455071,1.38268774888758e-15,1275,4061689.7481283
racethn_combn,Other/Multi-Racial/NHAsian,1999-2020,21.2,WTMEC.COMBN,age+gender,educ_level,pa_total_mets_wk,1491,6707376.17407124,85,gaussian (identity),College graduate or above (Intercept),1550.6043148581,340.284940552343,1.86582582992121e-05,883.645831375508,2217.56279834069,1.23493856267461,0.302883898506053,456,2321907.27930651
racethn_combn,Other/Multi-Racial/NHAsian,1999-2020,21.2,WTMEC.COMBN,age+gender,educ_level,pa_total_mets_wk,1491,6707376.17407124,85,gaussian (identity),Some college or AA degree,434.551725022665,233.591174582475,0.0665633444729997,-23.2869771589868,892.390427204317,1.23493856267461,0.302883898506053,398,1835424.85192893
racethn_combn,Other/Multi-Racial/NHAsian,1999-2020,21.2,WTMEC.COMBN,age+gender,educ_level,pa_total_mets_wk,1491,6707376.17407124,85,gaussian (identity),HS graduate or GED,362.490911337451,326.446955585334,0.270189543511273,-277.345121609805,1002.32694428471,1.23493856267461,0.302883898506053,299,1255078.5415825
racethn_combn,Other/Multi-Racial/NHAsian,1999-2020,21.2,WTMEC.COMBN,age+gender,educ_level,pa_total_mets_wk,1491,6707376.17407124,85,gaussian (identity),9-11th grade,86.8172793002296,528.946313363453,0.870046049100501,-949.917494892138,1123.5520534926,1.23493856267461,0.302883898506053,184,737502.130724716
racethn_combn,Other/Multi-Racial/NHAsian,1999-2020,21.2,WTMEC.COMBN,age+gender,educ_level,pa_total_mets_wk,1491,6707376.17407124,85,gaussian (identity),Less than 9th grade,206.447219720082,473.114317668586,0.663767230393566,-720.856842910346,1133.75128235051,1.23493856267461,0.302883898506053,154,557463.370528585
racethn_combn,NHB,1999-2020,21.2,WTMEC.COMBN,age+gender,educ_level,pa_total_mets_wk,13690,25517171.1676593,154,gaussian (identity),College graduate or above (Intercept),3962.01450281554,216.573841310907,8.00559447242205e-40,3537.52977384616,4386.49923178492,20.1041057297369,3.06021519363157e-13,2021,4161236.32446777
racethn_combn,NHB,1999-2020,21.2,WTMEC.COMBN,age+gender,educ_level,pa_total_mets_wk,13690,25517171.1676593,154,gaussian (identity),Some college or AA degree,766.425507532674,166.398972076704,8.78262763421824e-06,440.283522262334,1092.56749280301,20.1041057297369,3.06021519363157e-13,4344,8434665.47496477
racethn_combn,NHB,1999-2020,21.2,WTMEC.COMBN,age+gender,educ_level,pa_total_mets_wk,13690,25517171.1676593,154,gaussian (identity),HS graduate or GED,806.016687462361,178.300925232316,1.2545903494625e-05,456.546874007021,1155.4865009177,20.1041057297369,3.06021519363157e-13,3549,6782688.53064063
racethn_combn,NHB,1999-2020,21.2,WTMEC.COMBN,age+gender,educ_level,pa_total_mets_wk,13690,25517171.1676593,154,gaussian (identity),9-11th grade,-140.10262658855,177.977201529235,0.432426970654848,-488.93794158585,208.732688408749,20.1041057297369,3.06021519363157e-13,3027,5082913.09775227
racethn_combn,NHB,1999-2020,21.2,WTMEC.COMBN,age+gender,educ_level,pa_total_mets_wk,13690,25517171.1676593,154,gaussian (identity),Less than 9th grade,-480.800514834526,213.047883013087,0.0254867179302206,-898.374365540176,-63.2266641288763,20.1041057297369,3.06021519363157e-13,749,1055667.73983384
racethn_combn,Mexican-American,1999-2020,21.2,WTMEC.COMBN,age+gender,educ_level,pa_total_mets_wk,11028,18542236.0742138,145,gaussian (identity),College graduate or above (Intercept),2826.74662335877,325.347424758303,9.07626344470769e-15,2189.0656708325,3464.42757588505,8.5351413822917,3.45345662837642e-06,669,1502782.12452804
racethn_combn,Mexican-American,1999-2020,21.2,WTMEC.COMBN,age+gender,educ_level,pa_total_mets_wk,11028,18542236.0742138,145,gaussian (identity),Some college or AA degree,834.961521815772,237.40197303058,0.000589827145208013,369.653654675835,1300.26938895571,8.5351413822917,3.45345662837642e-06,2024,3932222.24863359
racethn_combn,Mexican-American,1999-2020,21.2,WTMEC.COMBN,age+gender,educ_level,pa_total_mets_wk,11028,18542236.0742138,145,gaussian (identity),HS graduate or GED,1239.86969272069,361.375050721092,0.000792241625625494,531.574593307347,1948.16479213403,8.5351413822917,3.45345662837642e-06,2232,4292975.58122866
racethn_combn,Mexican-American,1999-2020,21.2,WTMEC.COMBN,age+gender,educ_level,pa_total_mets_wk,11028,18542236.0742138,145,gaussian (identity),9-11th grade,83.1688259680156,320.52164896405,0.795649140503449,-545.053606001523,711.391257937554,8.5351413822917,3.45345662837642e-06,2458,4010875.7591867
racethn_combn,Mexican-American,1999-2020,21.2,WTMEC.COMBN,age+gender,educ_level,pa_total_mets_wk,11028,18542236.0742138,145,gaussian (identity),Less than 9th grade,31.6972910411126,308.35954831502,0.91827518513767,-572.687423656326,636.082005738551,8.5351413822917,3.45345662837642e-06,3645,4803380.36063679
racethn_combn,Other Hispanic,1999-2020,21.2,WTMEC.COMBN,age+gender,educ_level,pa_total_mets_wk,5161,13095148.8685408,140,gaussian (identity),College graduate or above (Intercept),3776.81315771125,298.941814469369,1.38682757427192e-24,3190.88720135129,4362.73911407121,9.40083799352412,9.95835387323414e-07,740,2116921.37625332
racethn_combn,Other Hispanic,1999-2020,21.2,WTMEC.COMBN,age+gender,educ_level,pa_total_mets_wk,5161,13095148.8685408,140,gaussian (identity),Some college or AA degree,957.783280569638,282.819065240877,0.000929190280657019,403.45791269752,1512.10864844176,9.40083799352412,9.95835387323414e-07,1358,3750976.99478604
racethn_combn,Other Hispanic,1999-2020,21.2,WTMEC.COMBN,age+gender,educ_level,pa_total_mets_wk,5161,13095148.8685408,140,gaussian (identity),HS graduate or GED,1748.83889471192,289.967358235765,1.4916393684622e-08,1180.50287256982,2317.17491685402,9.40083799352412,9.95835387323414e-07,1059,2898242.64348524
racethn_combn,Other Hispanic,1999-2020,21.2,WTMEC.COMBN,age+gender,educ_level,pa_total_mets_wk,5161,13095148.8685408,140,gaussian (identity),9-11th grade,403.057615818626,316.231988453162,0.204669723575832,-216.757081549572,1022.87231318682,9.40083799352412,9.95835387323414e-07,945,2206648.67571566
racethn_combn,Other Hispanic,1999-2020,21.2,WTMEC.COMBN,age+gender,educ_level,pa_total_mets_wk,5161,13095148.8685408,140,gaussian (identity),Less than 9th grade,593.132422140172,305.71804243424,0.0544643781007047,-6.07494103093916,1192.33978531128,9.40083799352412,9.95835387323414e-07,1059,2122359.17830057
racethn_combn,NHAsian,1999-2020,21.2,WTMEC.COMBN,age+gender,educ_level,pa_total_mets_wk,3371,5798169.47896044,71,gaussian (identity),College graduate or above (Intercept),3160.82902589471,286.759458455577,1.60802028818162e-16,2598.78048732178,3722.87756446764,3.73414953220188,0.00851219985250684,1691,3049085.93319447
racethn_combn,NHAsian,1999-2020,21.2,WTMEC.COMBN,age+gender,educ_level,pa_total_mets_wk,3371,5798169.47896044,71,gaussian (identity),Some college or AA degree,943.525699269925,260.557836851047,0.000575127305042029,432.832339041872,1454.21905949798,3.73414953220188,0.00851219985250684,654,1137554.28351896
racethn_combn,NHAsian,1999-2020,21.2,WTMEC.COMBN,age+gender,educ_level,pa_total_mets_wk,3371,5798169.47896044,71,gaussian (identity),HS graduate or GED,516.748474947563,262.89936887897,0.0536227650668497,1.46571194478258,1032.03123795034,3.73414953220188,0.00851219985250684,503,824178.777236981
racethn_combn,NHAsian,1999-2020,21.2,WTMEC.COMBN,age+gender,educ_level,pa_total_mets_wk,3371,5798169.47896044,71,gaussian (identity),9-11th grade,335.898496022925,242.926758074632,0.171484387178542,-140.237949803354,812.034941849204,3.73414953220188,0.00851219985250684,246,367968.658551849
racethn_combn,NHAsian,1999-2020,21.2,WTMEC.COMBN,age+gender,educ_level,pa_total_mets_wk,3371,5798169.47896044,71,gaussian (identity),Less than 9th grade,158.110661813742,257.487099159124,0.541323746774831,-346.564052538141,662.785376165624,3.73414953220188,0.00851219985250684,277,419381.82645817
racethn_combn,Other/Multi-Racial,1999-2020,21.2,WTMEC.COMBN,age+gender,educ_level,pa_total_mets_wk,1016,3470615.37804991,72,gaussian (identity),College graduate or above (Intercept),4895.32559901369,924.685766688728,1.46908140845964e-06,3082.94149630378,6707.70970172359,7.26523236251191,6.54259553508451e-05,223,769943.602010076
racethn_combn,Other/Multi-Racial,1999-2020,21.2,WTMEC.COMBN,age+gender,educ_level,pa_total_mets_wk,1016,3470615.37804991,72,gaussian (identity),Some college or AA degree,3021.97374675373,598.703198007278,3.75341586148065e-06,1848.51547865947,4195.432014848,7.26523236251191,6.54259553508451e-05,433,1510469.67015862
racethn_combn,Other/Multi-Racial,1999-2020,21.2,WTMEC.COMBN,age+gender,educ_level,pa_total_mets_wk,1016,3470615.37804991,72,gaussian (identity),HS graduate or GED,2749.18635824727,1012.4641787192,0.00844175923669536,764.75656795763,4733.61614853691,7.26523236251191,6.54259553508451e-05,221,789885.018073793
racethn_combn,Other/Multi-Racial,1999-2020,21.2,WTMEC.COMBN,age+gender,educ_level,pa_total_mets_wk,1016,3470615.37804991,72,gaussian (identity),9-11th grade,1908.44494115044,1096.72153978803,0.0864961225557345,-241.12927683409,4058.01915913497,7.26523236251191,6.54259553508451e-05,101,304092.812474962
racethn_combn,Other/Multi-Racial,1999-2020,21.2,WTMEC.COMBN,age+gender,educ_level,pa_total_mets_wk,1016,3470615.37804991,72,gaussian (identity),Less than 9th grade,1295.29984338425,1046.31642943444,0.220115916932146,-755.480358307253,3346.08004507576,7.26523236251191,6.54259553508451e-05,38,96224.2753324528
racethn_combn,NHW,1999-2020,21.2,WTMEC.COMBN,age+gender,educ_level,pa_meets_guidelines,26484,151160203.665831,162,quasibinomial (logit),College graduate or above (Intercept),1.6506930467668,0.0579581864880177,1.08999966878315e-63,1.53709500125029,1.76429109228332,71.388943504401,2.92529541380353e-34,6823,47058214.3401592
racethn_combn,NHW,1999-2020,21.2,WTMEC.COMBN,age+gender,educ_level,pa_meets_guidelines,26484,151160203.665831,162,quasibinomial (logit),Some college or AA degree,-0.469863099300974,0.0449977622921492,1.09630961627629e-19,-0.558058713393586,-0.381667485208361,71.388943504401,2.92529541380353e-34,8184,47964316.6703596
racethn_combn,NHW,1999-2020,21.2,WTMEC.COMBN,age+gender,educ_level,pa_meets_guidelines,26484,151160203.665831,162,quasibinomial (logit),HS graduate or GED,-0.680117125549031,0.0485993918404389,2.38969773525011e-29,-0.775371933556291,-0.584862317541771,71.388943504401,2.92529541380353e-34,7001,38291977.8875675
racethn_combn,NHW,1999-2020,21.2,WTMEC.COMBN,age+gender,educ_level,pa_meets_guidelines,26484,151160203.665831,162,quasibinomial (logit),9-11th grade,-0.951469791754391,0.0708976959639081,8.63928559973038e-28,-1.09042927584365,-0.812510307665131,71.388943504401,2.92529541380353e-34,3201,13784005.0196169
racethn_combn,NHW,1999-2020,21.2,WTMEC.COMBN,age+gender,educ_level,pa_meets_guidelines,26484,151160203.665831,162,quasibinomial (logit),Less than 9th grade,-1.47573959261982,0.116515758892734,9.84049888502211e-26,-1.70411048004958,-1.24736870519006,71.388943504401,2.92529541380353e-34,1275,4061689.7481283
racethn_combn,Other/Multi-Racial/NHAsian,1999-2020,21.2,WTMEC.COMBN,age+gender,educ_level,pa_meets_guidelines,1491,6707376.17407124,85,quasibinomial (logit),College graduate or above (Intercept),0.584443925376783,0.197579130350588,0.00408306384348543,0.19718882988963,0.971699020863936,5.2279739524815,0.000867665857215288,456,2321907.27930651
racethn_combn,Other/Multi-Racial/NHAsian,1999-2020,21.2,WTMEC.COMBN,age+gender,educ_level,pa_meets_guidelines,1491,6707376.17407124,85,quasibinomial (logit),Some college or AA degree,-0.343686502927859,0.180449324758304,0.0604700590614643,-0.697367179454134,0.00999417359841726,5.2279739524815,0.000867665857215288,398,1835424.85192893
racethn_combn,Other/Multi-Racial/NHAsian,1999-2020,21.2,WTMEC.COMBN,age+gender,educ_level,pa_meets_guidelines,1491,6707376.17407124,85,quasibinomial (logit),HS graduate or GED,-0.451121109931827,0.173425860222785,0.0110857860400857,-0.791035795968485,-0.111206423895169,5.2279739524815,0.000867665857215288,299,1255078.5415825
racethn_combn,Other/Multi-Racial/NHAsian,1999-2020,21.2,WTMEC.COMBN,age+gender,educ_level,pa_meets_guidelines,1491,6707376.17407124,85,quasibinomial (logit),9-11th grade,-0.94970568486381,0.211826583077783,2.45669862832528e-05,-1.36488578769627,-0.534525582031355,5.2279739524815,0.000867665857215288,184,737502.130724716
racethn_combn,Other/Multi-Racial/NHAsian,1999-2020,21.2,WTMEC.COMBN,age+gender,educ_level,pa_meets_guidelines,1491,6707376.17407124,85,quasibinomial (logit),Less than 9th grade,-0.435172870734203,0.265503137190538,0.105179569786086,-0.955559019627657,0.0852132781592519,5.2279739524815,0.000867665857215288,154,557463.370528585
racethn_combn,NHB,1999-2020,21.2,WTMEC.COMBN,age+gender,educ_level,pa_meets_guidelines,13690,25517171.1676593,154,quasibinomial (logit),College graduate or above (Intercept),1.25757614736776,0.0922524622948109,6.30413571298107e-28,1.07676132126993,1.43839097346559,60.4646608735334,3.49527468821782e-30,2021,4161236.32446777
racethn_combn,NHB,1999-2020,21.2,WTMEC.COMBN,age+gender,educ_level,pa_meets_guidelines,13690,25517171.1676593,154,quasibinomial (logit),Some college or AA degree,-0.231273533676611,0.0611629936014065,0.000225808372292185,-0.351153001135367,-0.111394066217854,60.4646608735334,3.49527468821782e-30,4344,8434665.47496477
racethn_combn,NHB,1999-2020,21.2,WTMEC.COMBN,age+gender,educ_level,pa_meets_guidelines,13690,25517171.1676593,154,quasibinomial (logit),HS graduate or GED,-0.562808668265864,0.0670800342893629,3.56129848188478e-14,-0.694285535473016,-0.431331801058713,60.4646608735334,3.49527468821782e-30,3549,6782688.53064063
racethn_combn,NHB,1999-2020,21.2,WTMEC.COMBN,age+gender,educ_level,pa_meets_guidelines,13690,25517171.1676593,154,quasibinomial (logit),9-11th grade,-0.960967628470836,0.0769903829871207,7.03272106725575e-25,-1.11186877912559,-0.81006647781608,60.4646608735334,3.49527468821782e-30,3027,5082913.09775227
racethn_combn,NHB,1999-2020,21.2,WTMEC.COMBN,age+gender,educ_level,pa_meets_guidelines,13690,25517171.1676593,154,quasibinomial (logit),Less than 9th grade,-1.32899667627437,0.126671116976023,1.34071792678956e-19,-1.57727206554738,-1.08072128700137,60.4646608735334,3.49527468821782e-30,749,1055667.73983384
racethn_combn,Mexican-American,1999-2020,21.2,WTMEC.COMBN,age+gender,educ_level,pa_meets_guidelines,11028,18542236.0742138,145,quasibinomial (logit),College graduate or above (Intercept),0.976650873338565,0.146608005210943,5.82832285410073e-10,0.689299183125117,1.26400256355201,42.6122674017631,2.74012175429535e-23,669,1502782.12452804
racethn_combn,Mexican-American,1999-2020,21.2,WTMEC.COMBN,age+gender,educ_level,pa_meets_guidelines,11028,18542236.0742138,145,quasibinomial (logit),Some college or AA degree,-0.148270984906065,0.12201093441635,0.22633962249986,-0.38741241636211,0.0908704465499802,42.6122674017631,2.74012175429535e-23,2024,3932222.24863359
racethn_combn,Mexican-American,1999-2020,21.2,WTMEC.COMBN,age+gender,educ_level,pa_meets_guidelines,11028,18542236.0742138,145,quasibinomial (logit),HS graduate or GED,-0.451745248375086,0.11884595226194,0.000214822597980902,-0.684683314808488,-0.218807181941684,42.6122674017631,2.74012175429535e-23,2232,4292975.58122866
racethn_combn,Mexican-American,1999-2020,21.2,WTMEC.COMBN,age+gender,educ_level,pa_meets_guidelines,11028,18542236.0742138,145,quasibinomial (logit),9-11th grade,-0.740970988910558,0.117266105451726,3.34133545653514e-09,-0.970812555595941,-0.511129422225175,42.6122674017631,2.74012175429535e-23,2458,4010875.7591867
racethn_combn,Mexican-American,1999-2020,21.2,WTMEC.COMBN,age+gender,educ_level,pa_meets_guidelines,11028,18542236.0742138,145,quasibinomial (logit),Less than 9th grade,-1.1015069085605,0.12102677459796,8.49248542815985e-16,-1.33871938677251,-0.864294430348504,42.6122674017631,2.74012175429535e-23,3645,4803380.36063679
racethn_combn,Other Hispanic,1999-2020,21.2,WTMEC.COMBN,age+gender,educ_level,pa_meets_guidelines,5161,13095148.8685408,140,quasibinomial (logit),College graduate or above (Intercept),1.32587736808785,0.12726528403772,5.54552273734526e-19,1.07643741137392,1.57531732480178,12.0881897699704,2.03357824714459e-08,740,2116921.37625332
racethn_combn,Other Hispanic,1999-2020,21.2,WTMEC.COMBN,age+gender,educ_level,pa_meets_guidelines,5161,13095148.8685408,140,quasibinomial (logit),Some college or AA degree,-0.190551467467931,0.125061490828002,0.129949681403619,-0.435671989490815,0.0545690545549524,12.0881897699704,2.03357824714459e-08,1358,3750976.99478604
racethn_combn,Other Hispanic,1999-2020,21.2,WTMEC.COMBN,age+gender,educ_level,pa_meets_guidelines,5161,13095148.8685408,140,quasibinomial (logit),HS graduate or GED,-0.390567109096412,0.131194397225562,0.00345515670367415,-0.647708127658514,-0.133426090534311,12.0881897699704,2.03357824714459e-08,1059,2898242.64348524
racethn_combn,Other Hispanic,1999-2020,21.2,WTMEC.COMBN,age+gender,educ_level,pa_meets_guidelines,5161,13095148.8685408,140,quasibinomial (logit),9-11th grade,-0.81318378447649,0.150974571398009,3.13417056224401e-07,-1.10909394441659,-0.517273624536391,12.0881897699704,2.03357824714459e-08,945,2206648.67571566
racethn_combn,Other Hispanic,1999-2020,21.2,WTMEC.COMBN,age+gender,educ_level,pa_meets_guidelines,5161,13095148.8685408,140,quasibinomial (logit),Less than 9th grade,-0.869936383250164,0.151399970543241,5.87103827266379e-08,-1.16668032551492,-0.573192440985412,12.0881897699704,2.03357824714459e-08,1059,2122359.17830057
racethn_combn,NHAsian,1999-2020,21.2,WTMEC.COMBN,age+gender,educ_level,pa_meets_guidelines,3371,5798169.47896044,71,quasibinomial (logit),College graduate or above (Intercept),1.32809029203036,0.183453166189585,6.54121194009122e-10,0.96852208629877,1.68765849776194,4.99472211125986,0.00142440436465275,1691,3049085.93319447
racethn_combn,NHAsian,1999-2020,21.2,WTMEC.COMBN,age+gender,educ_level,pa_meets_guidelines,3371,5798169.47896044,71,quasibinomial (logit),Some college or AA degree,-0.124207435944807,0.100831915639123,0.222451673511675,-0.321837990597487,0.0734231187078736,4.99472211125986,0.00142440436465275,654,1137554.28351896
racethn_combn,NHAsian,1999-2020,21.2,WTMEC.COMBN,age+gender,educ_level,pa_meets_guidelines,3371,5798169.47896044,71,quasibinomial (logit),HS graduate or GED,-0.390674263759286,0.133527913053394,0.00472801944534445,-0.652388973343938,-0.128959554174634,4.99472211125986,0.00142440436465275,503,824178.777236981
racethn_combn,NHAsian,1999-2020,21.2,WTMEC.COMBN,age+gender,educ_level,pa_meets_guidelines,3371,5798169.47896044,71,quasibinomial (logit),9-11th grade,-0.447952734585319,0.156162810726416,0.00555625901576856,-0.754031843609095,-0.141873625561543,4.99472211125986,0.00142440436465275,246,367968.658551849
racethn_combn,NHAsian,1999-2020,21.2,WTMEC.COMBN,age+gender,educ_level,pa_meets_guidelines,3371,5798169.47896044,71,quasibinomial (logit),Less than 9th grade,-0.498260195864773,0.185180960691734,0.00905464354374185,-0.86121487882057,-0.135305512908975,4.99472211125986,0.00142440436465275,277,419381.82645817
racethn_combn,Other/Multi-Racial,1999-2020,21.2,WTMEC.COMBN,age+gender,educ_level,pa_meets_guidelines,1016,3470615.37804991,72,quasibinomial (logit),College graduate or above (Intercept),2.18237094202461,0.360985246683131,7.72430199934206e-08,1.47483985852567,2.88990202552354,0.551131927100633,0.698840550755922,223,769943.602010076
racethn_combn,Other/Multi-Racial,1999-2020,21.2,WTMEC.COMBN,age+gender,educ_level,pa_meets_guidelines,1016,3470615.37804991,72,quasibinomial (logit),Some college or AA degree,0.0502590095625539,0.292182442434545,0.8639541181418,-0.522418577609153,0.622936596734261,0.551131927100633,0.698840550755922,433,1510469.67015862
racethn_combn,Other/Multi-Racial,1999-2020,21.2,WTMEC.COMBN,age+gender,educ_level,pa_meets_guidelines,1016,3470615.37804991,72,quasibinomial (logit),HS graduate or GED,-0.230088020754539,0.333212848502672,0.492292528493509,-0.883185203819777,0.423009162310699,0.551131927100633,0.698840550755922,221,789885.018073793
racethn_combn,Other/Multi-Racial,1999-2020,21.2,WTMEC.COMBN,age+gender,educ_level,pa_meets_guidelines,1016,3470615.37804991,72,quasibinomial (logit),9-11th grade,-0.40877053574067,0.44794423839928,0.364801789464505,-1.28674124300326,0.469200171521919,0.551131927100633,0.698840550755922,101,304092.812474962
racethn_combn,Other/Multi-Racial,1999-2020,21.2,WTMEC.COMBN,age+gender,educ_level,pa_meets_guidelines,1016,3470615.37804991,72,quasibinomial (logit),Less than 9th grade,-0.184470001589011,0.442278688122176,0.67796617639862,-1.05133623030848,0.682396227130454,0.551131927100633,0.698840550755922,38,96224.2753324528
racethn_combn,NHB,2005-2020,15.2,WTDR.COMBN,age+gender,educ_level,hei2015_total,8020,26697410.9340163,114,gaussian (identity),College graduate or above (Intercept),46.1882595074339,0.61265967117182,3.17641769351318e-95,44.9874465519371,47.3890724629307,58.1851620620336,4.28992314938209e-26,1350,4617501.14380506
racethn_combn,NHB,2005-2020,15.2,WTDR.COMBN,age+gender,educ_level,hei2015_total,8020,26697410.9340163,114,gaussian (identity),Some college or AA degree,-3.82795218041151,0.465349320519623,4.75274488039357e-13,-4.74003684862997,-2.91586751219305,58.1851620620336,4.28992314938209e-26,2777,9468572.52675711
racethn_combn,NHB,2005-2020,15.2,WTDR.COMBN,age+gender,educ_level,hei2015_total,8020,26697410.9340163,114,gaussian (identity),HS graduate or GED,-5.53465885748373,0.52541273194388,2.83697089611974e-18,-6.56446781209374,-4.50484990287373,58.1851620620336,4.28992314938209e-26,2149,7341506.41867598
racethn_combn,NHB,2005-2020,15.2,WTDR.COMBN,age+gender,educ_level,hei2015_total,8020,26697410.9340163,114,gaussian (identity),9-11th grade,-7.05086391546081,0.474296558807463,7.00318213294193e-28,-7.98048517072344,-6.12124266019819,58.1851620620336,4.28992314938209e-26,1453,4496171.78872673
racethn_combn,NHB,2005-2020,15.2,WTDR.COMBN,age+gender,educ_level,hei2015_total,8020,26697410.9340163,114,gaussian (identity),Less than 9th grade,-6.65545217173469,0.977795788511632,5.82599039666959e-10,-8.57193191721749,-4.73897242625189,58.1851620620336,4.28992314938209e-26,291,773659.05605137
racethn_combn,NHW,2005-2020,15.2,WTDR.COMBN,age+gender,educ_level,hei2015_total,14921,154770875.878007,118,gaussian (identity),College graduate or above (Intercept),49.2365545056896,0.543963764020099,1.42189244515794e-106,48.1703855282102,50.302723483169,104.998232744186,5.76393511191168e-37,4071,52356202.4138652
racethn_combn,NHW,2005-2020,15.2,WTDR.COMBN,age+gender,educ_level,hei2015_total,14921,154770875.878007,118,gaussian (identity),Some college or AA degree,-4.87662751962204,0.444793809583034,1.91990980891015e-19,-5.74842338640478,-4.00483165283929,104.998232744186,5.76393511191168e-37,4852,49374825.0996888
racethn_combn,NHW,2005-2020,15.2,WTDR.COMBN,age+gender,educ_level,hei2015_total,14921,154770875.878007,118,gaussian (identity),HS graduate or GED,-7.84326532072967,0.465649399628635,1.77899214141711e-32,-8.7559381440018,-6.93059249745755,104.998232744186,5.76393511191168e-37,3761,37221836.5225528
racethn_combn,NHW,2005-2020,15.2,WTDR.COMBN,age+gender,educ_level,hei2015_total,14921,154770875.878007,118,gaussian (identity),9-11th grade,-8.41973580888829,0.537215644928985,5.24110144009048e-30,-9.4726784729491,-7.36679314482748,104.998232744186,5.76393511191168e-37,1685,12657080.6971732
racethn_combn,NHW,2005-2020,15.2,WTDR.COMBN,age+gender,educ_level,hei2015_total,14921,154770875.878007,118,gaussian (identity),Less than 9th grade,-9.47808759955989,0.678872746274975,2.85289614462661e-26,-10.8086781822588,-8.14749701686094,104.998232744186,5.76393511191168e-37,552,3160931.14472717
racethn_combn,Other Hispanic,2005-2020,15.2,WTDR.COMBN,age+gender,educ_level,hei2015_total,3285,13043533.0937116,107,gaussian (identity),College graduate or above (Intercept),49.4436969326073,1.08408540108152,3.33729335878581e-69,47.3188895464875,51.5685043187271,6.03065736477748,0.000215580986354977,531,2374596.47594025
racethn_combn,Other Hispanic,2005-2020,15.2,WTDR.COMBN,age+gender,educ_level,hei2015_total,3285,13043533.0937116,107,gaussian (identity),Some college or AA degree,-3.55590142869809,0.988362778076802,0.000498930289384564,-5.49309247372862,-1.61871038366756,6.03065736477748,0.000215580986354977,912,3893570.82002024
racethn_combn,Other Hispanic,2005-2020,15.2,WTDR.COMBN,age+gender,educ_level,hei2015_total,3285,13043533.0937116,107,gaussian (identity),HS graduate or GED,-4.20078348665651,1.06792013627031,0.000153690047176835,-6.29390695374632,-2.1076600195667,6.03065736477748,0.000215580986354977,689,3002415.3890699
racethn_combn,Other Hispanic,2005-2020,15.2,WTDR.COMBN,age+gender,educ_level,hei2015_total,3285,13043533.0937116,107,gaussian (identity),9-11th grade,-4.53734333548154,0.995328762152827,1.44728353339546e-05,-6.48818770930108,-2.586498961662,6.03065736477748,0.000215580986354977,573,1977510.28264689
racethn_combn,Other Hispanic,2005-2020,15.2,WTDR.COMBN,age+gender,educ_level,hei2015_total,3285,13043533.0937116,107,gaussian (identity),Less than 9th grade,-2.58268002883471,0.998769358853076,0.0111400064733934,-4.54026797218674,-0.62509208548268,6.03065736477748,0.000215580986354977,580,1795440.12603432
racethn_combn,Mexican-American,2005-2020,15.2,WTDR.COMBN,age+gender,educ_level,hei2015_total,5292,19933897.8662911,103,gaussian (identity),College graduate or above (Intercept),50.594675533933,1.24246480941993,8.47041208895323e-63,48.15944450747,53.0299065603961,7.80954038548105,1.68767003518552e-05,399,1878484.0452987
racethn_combn,Mexican-American,2005-2020,15.2,WTDR.COMBN,age+gender,educ_level,hei2015_total,5292,19933897.8662911,103,gaussian (identity),Some college or AA degree,-4.60231587846212,1.08929108903707,5.39864180493389e-05,-6.73732641297479,-2.46730534394946,7.80954038548105,1.68767003518552e-05,1105,4833870.51322898
racethn_combn,Mexican-American,2005-2020,15.2,WTDR.COMBN,age+gender,educ_level,hei2015_total,5292,19933897.8662911,103,gaussian (identity),HS graduate or GED,-4.67599288229074,1.11847000059468,6.37142155658309e-05,-6.86819408345631,-2.48379168112518,7.80954038548105,1.68767003518552e-05,1136,4710322.44185167
racethn_combn,Mexican-American,2005-2020,15.2,WTDR.COMBN,age+gender,educ_level,hei2015_total,5292,19933897.8662911,103,gaussian (identity),9-11th grade,-5.19048715991296,1.13512604694556,1.42255550027552e-05,-7.41533421192626,-2.96564010789965,7.80954038548105,1.68767003518552e-05,1136,4181445.22312601
racethn_combn,Mexican-American,2005-2020,15.2,WTDR.COMBN,age+gender,educ_level,hei2015_total,5292,19933897.8662911,103,gaussian (identity),Less than 9th grade,-2.69489636557527,1.11126519423641,0.0171557255596436,-4.87297614627863,-0.51681658487191,7.80954038548105,1.68767003518552e-05,1516,4329775.64278577
racethn_combn,Other/Multi-Racial/NHAsian,2005-2020,15.2,WTDR.COMBN,age+gender,educ_level,hei2015_total,594,4762291.01338052,43,gaussian (identity),College graduate or above (Intercept),50.8289890509678,1.53543295629632,4.27663020418654e-29,47.819540456627,53.8384376453086,12.2475401172733,1.9347623881512e-06,228,1993350.70094853
racethn_combn,Other/Multi-Racial/NHAsian,2005-2020,15.2,WTDR.COMBN,age+gender,educ_level,hei2015_total,594,4762291.01338052,43,gaussian (identity),Some college or AA degree,-5.18128255675083,1.32871366716347,0.000391520877962677,-7.78556134439123,-2.57700376911044,12.2475401172733,1.9347623881512e-06,173,1465570.23393582
racethn_combn,Other/Multi-Racial/NHAsian,2005-2020,15.2,WTDR.COMBN,age+gender,educ_level,hei2015_total,594,4762291.01338052,43,gaussian (identity),HS graduate or GED,-7.7789185125988,1.321112999622,8.89908710302914e-07,-10.3682999918579,-5.18953703333968,12.2475401172733,1.9347623881512e-06,105,774301.508321612
racethn_combn,Other/Multi-Racial/NHAsian,2005-2020,15.2,WTDR.COMBN,age+gender,educ_level,hei2015_total,594,4762291.01338052,43,gaussian (identity),9-11th grade,-9.47157177560024,2.43019236448279,0.000393831253091743,-14.2347488099865,-4.70839474121397,12.2475401172733,1.9347623881512e-06,55,330786.058660019
racethn_combn,Other/Multi-Racial/NHAsian,2005-2020,15.2,WTDR.COMBN,age+gender,educ_level,hei2015_total,594,4762291.01338052,43,gaussian (identity),Less than 9th grade,-3.67607459729013,4.13033332453654,0.379206432103111,-11.7715279133817,4.41937871880148,12.2475401172733,1.9347623881512e-06,33,198282.511514546
racethn_combn,NHAsian,2005-2020,15.2,WTDR.COMBN,age+gender,educ_level,hei2015_total,2137,7963792.54226676,69,gaussian (identity),College graduate or above (Intercept),50.3767840989448,1.03477517418717,1.04999325984637e-51,48.3486247575379,52.4049434403516,9.42546737616846,4.90374764547092e-06,1256,4694255.57410661
racethn_combn,NHAsian,2005-2020,15.2,WTDR.COMBN,age+gender,educ_level,hei2015_total,2137,7963792.54226676,69,gaussian (identity),Some college or AA degree,-4.44254496738724,0.952909457654582,1.67347303393291e-05,-6.31024750439022,-2.57484243038426,9.42546737616846,4.90374764547092e-06,414,1616947.88615735
racethn_combn,NHAsian,2005-2020,15.2,WTDR.COMBN,age+gender,educ_level,hei2015_total,2137,7963792.54226676,69,gaussian (identity),HS graduate or GED,-5.02630053406234,1.64205877828321,0.00324064387252516,-8.24473573949743,-1.80786532862725,9.42546737616846,4.90374764547092e-06,273,1091198.84763944
racethn_combn,NHAsian,2005-2020,15.2,WTDR.COMBN,age+gender,educ_level,hei2015_total,2137,7963792.54226676,69,gaussian (identity),9-11th grade,-5.50486807592038,1.26108588471291,4.81592685758833e-05,-7.97659640995768,-3.03313974188307,9.42546737616846,4.90374764547092e-06,102,277830.172339167
racethn_combn,NHAsian,2005-2020,15.2,WTDR.COMBN,age+gender,educ_level,hei2015_total,2137,7963792.54226676,69,gaussian (identity),Less than 9th grade,-5.63881097176927,2.31238855315504,0.0175784782498727,-10.1710925359532,-1.10652940758538,9.42546737616846,4.90374764547092e-06,92,283560.062024186
racethn_combn,Other/Multi-Racial,2005-2020,15.2,WTDR.COMBN,age+gender,educ_level,hei2015_total,778,4882329.87215348,72,gaussian (identity),College graduate or above (Intercept),50.9506577405383,2.07670015453348,6.93533580183541e-35,46.8803254376527,55.0209900434239,11.7043586503133,3.04571062786745e-07,177,1104470.6514472
racethn_combn,Other/Multi-Racial,2005-2020,15.2,WTDR.COMBN,age+gender,educ_level,hei2015_total,778,4882329.87215348,72,gaussian (identity),Some college or AA degree,-7.3514859240639,1.70096381314895,5.33069348523051e-05,-10.6853749978358,-4.01759685029197,11.7043586503133,3.04571062786745e-07,335,2154593.55642129
racethn_combn,Other/Multi-Racial,2005-2020,15.2,WTDR.COMBN,age+gender,educ_level,hei2015_total,778,4882329.87215348,72,gaussian (identity),HS graduate or GED,-11.1972648153708,1.66376281117025,4.87807329943259e-09,-14.4582399252645,-7.93628970547713,11.7043586503133,3.04571062786745e-07,166,1120924.58611312
racethn_combn,Other/Multi-Racial,2005-2020,15.2,WTDR.COMBN,age+gender,educ_level,hei2015_total,778,4882329.87215348,72,gaussian (identity),9-11th grade,-9.93688490923573,2.32026572169293,6.12205657565214e-05,-14.4846057237539,-5.38916409471758,11.7043586503133,3.04571062786745e-07,73,353033.089971211
racethn_combn,Other/Multi-Racial,2005-2020,15.2,WTDR.COMBN,age+gender,educ_level,hei2015_total,778,4882329.87215348,72,gaussian (identity),Less than 9th grade,-8.99936512256088,2.89279745398694,0.00275407680231949,-14.6692481323753,-3.32948211274648,11.7043586503133,3.04571062786745e-07,27,149307.988200659
racethn_combn,NHB,2005-2020,15.2,WTDR.COMBN,age+gender,educ_level,ahei_total,8004,26634748.7165656,114,gaussian (identity),College graduate or above (Intercept),40.8456353751373,0.531791712507189,4.40434290622096e-96,39.8033236186232,41.8879471316514,70.4904233810099,3.10629356674656e-29,1348,4609242.00639054
racethn_combn,NHB,2005-2020,15.2,WTDR.COMBN,age+gender,educ_level,ahei_total,8004,26634748.7165656,114,gaussian (identity),Some college or AA degree,-3.91646480240441,0.403684307816786,2.22417207967417e-16,-4.70768604572531,-3.12524355908351,70.4904233810099,3.10629356674656e-29,2772,9451767.93218937
racethn_combn,NHB,2005-2020,15.2,WTDR.COMBN,age+gender,educ_level,ahei_total,8004,26634748.7165656,114,gaussian (identity),HS graduate or GED,-5.94460296023438,0.457785977384686,8.55067427180925e-24,-6.84186347590837,-5.0473424445604,70.4904233810099,3.10629356674656e-29,2143,7321230.00556808
racethn_combn,NHB,2005-2020,15.2,WTDR.COMBN,age+gender,educ_level,ahei_total,8004,26634748.7165656,114,gaussian (identity),9-11th grade,-7.26369236096092,0.470128954233144,4.0720917602668e-29,-8.18514511125788,-6.34223961066395,70.4904233810099,3.10629356674656e-29,1451,4480000.72196761
racethn_combn,NHB,2005-2020,15.2,WTDR.COMBN,age+gender,educ_level,ahei_total,8004,26634748.7165656,114,gaussian (identity),Less than 9th grade,-7.66824961212976,0.772121473789266,6.67906644916593e-17,-9.18160770075672,-6.1548915235028,70.4904233810099,3.10629356674656e-29,290,772508.050449982
racethn_combn,NHW,2005-2020,15.2,WTDR.COMBN,age+gender,educ_level,ahei_total,14904,154623526.645974,118,gaussian (identity),College graduate or above (Intercept),43.3146879600772,0.462355833466942,3.17017747721065e-108,42.408470526482,44.2209053936724,207.748017163944,7.68685022079694e-51,4066,52305698.4649704
racethn_combn,NHW,2005-2020,15.2,WTDR.COMBN,age+gender,educ_level,ahei_total,14904,154623526.645974,118,gaussian (identity),Some college or AA degree,-4.73765257478351,0.352879181507267,4.49731567920522e-25,-5.42929577053775,-4.04600937902926,207.748017163944,7.68685022079694e-51,4849,49361696.1656169
racethn_combn,NHW,2005-2020,15.2,WTDR.COMBN,age+gender,educ_level,ahei_total,14904,154623526.645974,118,gaussian (identity),HS graduate or GED,-7.62481279078729,0.320044783584269,1.16144292636577e-45,-8.25210056661246,-6.99752501496212,207.748017163944,7.68685022079694e-51,3755,37158470.9955249
racethn_combn,NHW,2005-2020,15.2,WTDR.COMBN,age+gender,educ_level,ahei_total,14904,154623526.645974,118,gaussian (identity),9-11th grade,-8.77381847644699,0.413609861020398,4.95929114029424e-41,-9.58449380404696,-7.96314314884701,207.748017163944,7.68685022079694e-51,1683,12645480.7301095
racethn_combn,NHW,2005-2020,15.2,WTDR.COMBN,age+gender,educ_level,ahei_total,14904,154623526.645974,118,gaussian (identity),Less than 9th grade,-10.6408090891624,0.624344715555094,6.86891747423816e-33,-11.8645247316504,-9.41709344667445,207.748017163944,7.68685022079694e-51,551,3152180.28975178
racethn_combn,Other Hispanic,2005-2020,15.2,WTDR.COMBN,age+gender,educ_level,ahei_total,3284,13035169.046523,107,gaussian (identity),College graduate or above (Intercept),43.0918037725108,0.977498407517567,8.79789623764908e-68,41.1759068937764,45.0077006512453,9.31103835357406,1.90578000568532e-06,531,2374596.47594025
racethn_combn,Other Hispanic,2005-2020,15.2,WTDR.COMBN,age+gender,educ_level,ahei_total,3284,13035169.046523,107,gaussian (identity),Some college or AA degree,-3.93903300536815,0.774333231829452,1.68297139689814e-06,-5.45672613975387,-2.42133987098242,9.31103835357406,1.90578000568532e-06,911,3885206.77283161
racethn_combn,Other Hispanic,2005-2020,15.2,WTDR.COMBN,age+gender,educ_level,ahei_total,3284,13035169.046523,107,gaussian (identity),HS graduate or GED,-5.25771336931061,0.949737507082898,2.45618873006342e-07,-7.11919888319309,-3.39622785542813,9.31103835357406,1.90578000568532e-06,689,3002415.3890699
racethn_combn,Other Hispanic,2005-2020,15.2,WTDR.COMBN,age+gender,educ_level,ahei_total,3284,13035169.046523,107,gaussian (identity),9-11th grade,-4.86682240072867,0.939111154672632,1.12601639283655e-06,-6.70748026388703,-3.02616453757031,9.31103835357406,1.90578000568532e-06,573,1977510.28264689
racethn_combn,Other Hispanic,2005-2020,15.2,WTDR.COMBN,age+gender,educ_level,ahei_total,3284,13035169.046523,107,gaussian (identity),Less than 9th grade,-3.74566081338996,0.889030734415641,5.48369342604084e-05,-5.48816105284462,-2.00316057393531,9.31103835357406,1.90578000568532e-06,580,1795440.12603432
racethn_combn,Mexican-American,2005-2020,15.2,WTDR.COMBN,age+gender,educ_level,ahei_total,5290,19916221.7456839,103,gaussian (identity),College graduate or above (Intercept),44.0211254914079,1.0906904658996,1.91323645815975e-62,41.8833721782447,46.1588788045711,7.66160301227641,2.08403808240117e-05,399,1878484.0452987
racethn_combn,Mexican-American,2005-2020,15.2,WTDR.COMBN,age+gender,educ_level,ahei_total,5290,19916221.7456839,103,gaussian (identity),Some college or AA degree,-3.27568886482776,0.947549414407109,0.000812386495283805,-5.1328857170657,-1.41849201258983,7.66160301227641,2.08403808240117e-05,1105,4833870.51322898
racethn_combn,Mexican-American,2005-2020,15.2,WTDR.COMBN,age+gender,educ_level,ahei_total,5290,19916221.7456839,103,gaussian (identity),HS graduate or GED,-4.36503640749014,1.00081316398415,3.2219004600385e-05,-6.32663020889907,-2.4034426060812,7.66160301227641,2.08403808240117e-05,1134,4692646.32124447
racethn_combn,Mexican-American,2005-2020,15.2,WTDR.COMBN,age+gender,educ_level,ahei_total,5290,19916221.7456839,103,gaussian (identity),9-11th grade,-4.74204269960694,1.00659727662547,8.22704244016953e-06,-6.71497336179286,-2.76911203742103,7.66160301227641,2.08403808240117e-05,1136,4181445.22312601
racethn_combn,Mexican-American,2005-2020,15.2,WTDR.COMBN,age+gender,educ_level,ahei_total,5290,19916221.7456839,103,gaussian (identity),Less than 9th grade,-3.13090991235699,0.99318211636476,0.00215494634785402,-5.07754686043192,-1.18427296428206,7.66160301227641,2.08403808240117e-05,1516,4329775.64278577
racethn_combn,Other/Multi-Racial/NHAsian,2005-2020,15.2,WTDR.COMBN,age+gender,educ_level,ahei_total,593,4752430.83938512,43,gaussian (identity),College graduate or above (Intercept),40.176269255711,1.4421849202493,1.99029607821249e-26,37.3495868120224,43.0029516993997,15.0304040334373,2.19599612222455e-07,228,1993350.70094853
racethn_combn,Other/Multi-Racial/NHAsian,2005-2020,15.2,WTDR.COMBN,age+gender,educ_level,ahei_total,593,4752430.83938512,43,gaussian (identity),Some college or AA degree,-4.30488039585385,1.12037947976167,0.000462422391893458,-6.50082417618672,-2.10893661552098,15.0304040334373,2.19599612222455e-07,173,1465570.23393582
racethn_combn,Other/Multi-Racial/NHAsian,2005-2020,15.2,WTDR.COMBN,age+gender,educ_level,ahei_total,593,4752430.83938512,43,gaussian (identity),HS graduate or GED,-8.26346656703897,1.24044298254619,8.03595435705476e-08,-10.6947348128295,-5.83219832124844,15.0304040334373,2.19599612222455e-07,105,774301.508321612
racethn_combn,Other/Multi-Racial/NHAsian,2005-2020,15.2,WTDR.COMBN,age+gender,educ_level,ahei_total,593,4752430.83938512,43,gaussian (identity),9-11th grade,-8.94225276936786,2.46361771437262,0.000852779842936872,-13.7709434895382,-4.11356204919752,15.0304040334373,2.19599612222455e-07,54,320925.884664625
racethn_combn,Other/Multi-Racial/NHAsian,2005-2020,15.2,WTDR.COMBN,age+gender,educ_level,ahei_total,593,4752430.83938512,43,gaussian (identity),Less than 9th grade,-8.11772729734784,2.43643425827854,0.00196626207017245,-12.8931384435738,-3.3423161511219,15.0304040334373,2.19599612222455e-07,33,198282.511514546
racethn_combn,NHAsian,2005-2020,15.2,WTDR.COMBN,age+gender,educ_level,ahei_total,2137,7963792.54226676,69,gaussian (identity),College graduate or above (Intercept),44.2335704244302,0.944717849349597,1.14763881508298e-50,42.381923439705,46.0852174091554,25.4886391692207,1.39109481517841e-12,1256,4694255.57410661
racethn_combn,NHAsian,2005-2020,15.2,WTDR.COMBN,age+gender,educ_level,ahei_total,2137,7963792.54226676,69,gaussian (identity),Some college or AA degree,-5.29220024396895,0.649022117360071,1.918652007828e-11,-6.56428359399469,-4.02011689394321,25.4886391692207,1.39109481517841e-12,414,1616947.88615735
racethn_combn,NHAsian,2005-2020,15.2,WTDR.COMBN,age+gender,educ_level,ahei_total,2137,7963792.54226676,69,gaussian (identity),HS graduate or GED,-7.1129101334232,1.58376960009115,3.08708913177428e-05,-10.2170985496018,-4.00872171724455,25.4886391692207,1.39109481517841e-12,273,1091198.84763944
racethn_combn,NHAsian,2005-2020,15.2,WTDR.COMBN,age+gender,educ_level,ahei_total,2137,7963792.54226676,69,gaussian (identity),9-11th grade,-6.68257568228643,1.34309207998512,5.31813650860514e-06,-9.31503615905728,-4.05011520551559,25.4886391692207,1.39109481517841e-12,102,277830.172339167
racethn_combn,NHAsian,2005-2020,15.2,WTDR.COMBN,age+gender,educ_level,ahei_total,2137,7963792.54226676,69,gaussian (identity),Less than 9th grade,-8.45383905602308,1.62546636012275,2.29321808435903e-06,-11.6397531218637,-5.2679249901825,25.4886391692207,1.39109481517841e-12,92,283560.062024186
racethn_combn,Other/Multi-Racial,2005-2020,15.2,WTDR.COMBN,age+gender,educ_level,ahei_total,778,4882329.87215348,72,gaussian (identity),College graduate or above (Intercept),45.580327871451,2.06552270721929,3.57495769853066e-32,41.5319033653012,49.6287523776009,14.1143982570268,2.24552577370703e-08,177,1104470.6514472
racethn_combn,Other/Multi-Racial,2005-2020,15.2,WTDR.COMBN,age+gender,educ_level,ahei_total,778,4882329.87215348,72,gaussian (identity),Some college or AA degree,-6.60056147391851,1.50809945626569,4.39090378676625e-05,-9.55643640819926,-3.64468653963775,14.1143982570268,2.24552577370703e-08,335,2154593.55642129
racethn_combn,Other/Multi-Racial,2005-2020,15.2,WTDR.COMBN,age+gender,educ_level,ahei_total,778,4882329.87215348,72,gaussian (identity),HS graduate or GED,-10.6034280237975,1.47292208955214,7.16613035578586e-10,-13.4903553193197,-7.71650072827531,14.1143982570268,2.24552577370703e-08,166,1120924.58611312
racethn_combn,Other/Multi-Racial,2005-2020,15.2,WTDR.COMBN,age+gender,educ_level,ahei_total,778,4882329.87215348,72,gaussian (identity),9-11th grade,-9.47409999880857,1.86511818424665,3.32502261676863e-06,-13.129731639932,-5.81846835768514,14.1143982570268,2.24552577370703e-08,73,353033.089971211
racethn_combn,Other/Multi-Racial,2005-2020,15.2,WTDR.COMBN,age+gender,educ_level,ahei_total,778,4882329.87215348,72,gaussian (identity),Less than 9th grade,-11.932027514824,2.70003859773181,3.7751081405905e-05,-17.2241031663784,-6.6399518632697,14.1143982570268,2.24552577370703e-08,27,149307.988200659
racethn_combn,NHB,2005-2020,15.2,WTDR.COMBN,age+gender,educ_level,dii_total,8004,26634748.7165656,114,gaussian (identity),College graduate or above (Intercept),2.71302154321862,0.131952479778662,3.92621087391309e-39,2.45439468285244,2.97164840358479,40.3465448639234,1.22383263696864e-20,1348,4609242.00639054
racethn_combn,NHB,2005-2020,15.2,WTDR.COMBN,age+gender,educ_level,dii_total,8004,26634748.7165656,114,gaussian (identity),Some college or AA degree,0.636958216246743,0.0893247423719902,1.18944557552501e-10,0.461881721197642,0.812034711295844,40.3465448639234,1.22383263696864e-20,2772,9451767.93218937
racethn_combn,NHB,2005-2020,15.2,WTDR.COMBN,age+gender,educ_level,dii_total,8004,26634748.7165656,114,gaussian (identity),HS graduate or GED,0.928946511937617,0.0978360682444587,6.56735092937847e-16,0.737187818178478,1.12070520569676,40.3465448639234,1.22383263696864e-20,2143,7321230.00556808
racethn_combn,NHB,2005-2020,15.2,WTDR.COMBN,age+gender,educ_level,dii_total,8004,26634748.7165656,114,gaussian (identity),9-11th grade,1.1848076299397,0.115131851738489,1.0143922443039e-17,0.959149200532256,1.41046605934714,40.3465448639234,1.22383263696864e-20,1451,4480000.72196761
racethn_combn,NHB,2005-2020,15.2,WTDR.COMBN,age+gender,educ_level,dii_total,8004,26634748.7165656,114,gaussian (identity),Less than 9th grade,1.50784263394043,0.163543510435119,2.76414855868518e-15,1.1872973534876,1.82838791439326,40.3465448639234,1.22383263696864e-20,290,772508.050449982
racethn_combn,NHW,2005-2020,15.2,WTDR.COMBN,age+gender,educ_level,dii_total,14904,154623526.645974,118,gaussian (identity),College graduate or above (Intercept),2.31719976886726,0.0979856520611647,2.3233640338741e-45,2.12514789082738,2.50925164690714,100.760882173484,3.50303047465259e-36,4066,52305698.4649704
racethn_combn,NHW,2005-2020,15.2,WTDR.COMBN,age+gender,educ_level,dii_total,14904,154623526.645974,118,gaussian (identity),Some college or AA degree,0.716159536966239,0.0608030391283772,2.52671232990723e-21,0.596985580274619,0.835333493657858,100.760882173484,3.50303047465259e-36,4849,49361696.1656169
racethn_combn,NHW,2005-2020,15.2,WTDR.COMBN,age+gender,educ_level,dii_total,14904,154623526.645974,118,gaussian (identity),HS graduate or GED,1.25601802144574,0.0652322769142142,2.51724322326309e-37,1.12816275869388,1.3838732841976,100.760882173484,3.50303047465259e-36,3755,37158470.9955249
racethn_combn,NHW,2005-2020,15.2,WTDR.COMBN,age+gender,educ_level,dii_total,14904,154623526.645974,118,gaussian (identity),9-11th grade,1.61275684443037,0.118734295418504,1.99665084741054e-25,1.3800376254101,1.84547606345064,100.760882173484,3.50303047465259e-36,1683,12645480.7301095
racethn_combn,NHW,2005-2020,15.2,WTDR.COMBN,age+gender,educ_level,dii_total,14904,154623526.645974,118,gaussian (identity),Less than 9th grade,1.92710435586512,0.192366331228945,2.98760303841634e-17,1.55006634665639,2.30414236507385,100.760882173484,3.50303047465259e-36,551,3152180.28975178
racethn_combn,Other Hispanic,2005-2020,15.2,WTDR.COMBN,age+gender,educ_level,dii_total,3284,13035169.046523,107,gaussian (identity),College graduate or above (Intercept),2.39054058948239,0.197484962834126,2.23763638008344e-21,2.00347006232751,2.77761111663728,8.95279999498908,3.14011604464445e-06,531,2374596.47594025
racethn_combn,Other Hispanic,2005-2020,15.2,WTDR.COMBN,age+gender,educ_level,dii_total,3284,13035169.046523,107,gaussian (identity),Some college or AA degree,0.498093946980039,0.158420025401425,0.00218767192655171,0.187590697193247,0.808597196766832,8.95279999498908,3.14011604464445e-06,911,3885206.77283161
racethn_combn,Other Hispanic,2005-2020,15.2,WTDR.COMBN,age+gender,educ_level,dii_total,3284,13035169.046523,107,gaussian (identity),HS graduate or GED,0.718087603837373,0.156207872140233,1.2435342519576e-05,0.411920174442517,1.02425503323223,8.95279999498908,3.14011604464445e-06,689,3002415.3890699
racethn_combn,Other Hispanic,2005-2020,15.2,WTDR.COMBN,age+gender,educ_level,dii_total,3284,13035169.046523,107,gaussian (identity),9-11th grade,0.883986105910305,0.193874013427427,1.44185333261026e-05,0.503993039592547,1.26397917222806,8.95279999498908,3.14011604464445e-06,573,1977510.28264689
racethn_combn,Other Hispanic,2005-2020,15.2,WTDR.COMBN,age+gender,educ_level,dii_total,3284,13035169.046523,107,gaussian (identity),Less than 9th grade,1.10315312001048,0.192363480719755,1.02177896680727e-07,0.726120697799758,1.4801855422212,8.95279999498908,3.14011604464445e-06,580,1795440.12603432
racethn_combn,Mexican-American,2005-2020,15.2,WTDR.COMBN,age+gender,educ_level,dii_total,5290,19916221.7456839,103,gaussian (identity),College graduate or above (Intercept),1.80233633368406,0.209834739189682,1.47838883200061e-13,1.39106024487229,2.21361242249584,13.3825259058077,1.0113240495067e-08,399,1878484.0452987
racethn_combn,Mexican-American,2005-2020,15.2,WTDR.COMBN,age+gender,educ_level,dii_total,5290,19916221.7456839,103,gaussian (identity),Some college or AA degree,0.714245319177078,0.164974307028746,3.64051439780436e-05,0.390895677400735,1.03759496095342,13.3825259058077,1.0113240495067e-08,1105,4833870.51322898
racethn_combn,Mexican-American,2005-2020,15.2,WTDR.COMBN,age+gender,educ_level,dii_total,5290,19916221.7456839,103,gaussian (identity),HS graduate or GED,0.775135358930641,0.187712953439882,7.70815076966168e-05,0.407217970188472,1.14305274767281,13.3825259058077,1.0113240495067e-08,1134,4692646.32124447
racethn_combn,Mexican-American,2005-2020,15.2,WTDR.COMBN,age+gender,educ_level,dii_total,5290,19916221.7456839,103,gaussian (identity),9-11th grade,0.993835594683428,0.152566603791743,3.25725404828787e-09,0.694805051251611,1.29286613811524,13.3825259058077,1.0113240495067e-08,1136,4181445.22312601
racethn_combn,Mexican-American,2005-2020,15.2,WTDR.COMBN,age+gender,educ_level,dii_total,5290,19916221.7456839,103,gaussian (identity),Less than 9th grade,1.10423526589581,0.184081606159232,3.42300386330081e-08,0.743435317823719,1.46503521396791,13.3825259058077,1.0113240495067e-08,1516,4329775.64278577
racethn_combn,Other/Multi-Racial/NHAsian,2005-2020,15.2,WTDR.COMBN,age+gender,educ_level,dii_total,593,4752430.83938512,43,gaussian (identity),College graduate or above (Intercept),2.26857046823651,0.240218398515097,2.13225932164563e-11,1.79774240714692,2.7393985293261,22.805297831432,1.46415421426189e-09,228,1993350.70094853
racethn_combn,Other/Multi-Racial/NHAsian,2005-2020,15.2,WTDR.COMBN,age+gender,educ_level,dii_total,593,4752430.83938512,43,gaussian (identity),Some college or AA degree,1.06664392738224,0.24219273165286,8.73116145905267e-05,0.591946173342637,1.54134168142185,22.805297831432,1.46415421426189e-09,173,1465570.23393582
racethn_combn,Other/Multi-Racial/NHAsian,2005-2020,15.2,WTDR.COMBN,age+gender,educ_level,dii_total,593,4752430.83938512,43,gaussian (identity),HS graduate or GED,1.88383900239919,0.288381483141254,1.1988611829961e-07,1.31861129544233,2.44906670935604,22.805297831432,1.46415421426189e-09,105,774301.508321612
racethn_combn,Other/Multi-Racial/NHAsian,2005-2020,15.2,WTDR.COMBN,age+gender,educ_level,dii_total,593,4752430.83938512,43,gaussian (identity),9-11th grade,2.09618854417919,0.254835810585786,7.07006545215028e-10,1.59671035543105,2.59566673292734,22.805297831432,1.46415421426189e-09,54,320925.884664625
racethn_combn,Other/Multi-Racial/NHAsian,2005-2020,15.2,WTDR.COMBN,age+gender,educ_level,dii_total,593,4752430.83938512,43,gaussian (identity),Less than 9th grade,1.91962959345375,0.575013517041,0.00193079820406892,0.792603100053395,3.04665608685411,22.805297831432,1.46415421426189e-09,33,198282.511514546
racethn_combn,NHAsian,2005-2020,15.2,WTDR.COMBN,age+gender,educ_level,dii_total,2137,7963792.54226676,69,gaussian (identity),College graduate or above (Intercept),1.9255353980629,0.181326041817032,1.14012945553727e-15,1.57013635610152,2.28093444002429,16.625859251949,2.38391430207775e-09,1256,4694255.57410661
racethn_combn,NHAsian,2005-2020,15.2,WTDR.COMBN,age+gender,educ_level,dii_total,2137,7963792.54226676,69,gaussian (identity),Some college or AA degree,0.669869200273482,0.136819132877144,7.13208187855828e-06,0.40170369983428,0.938034700712683,16.625859251949,2.38391430207775e-09,414,1616947.88615735
racethn_combn,NHAsian,2005-2020,15.2,WTDR.COMBN,age+gender,educ_level,dii_total,2137,7963792.54226676,69,gaussian (identity),HS graduate or GED,0.932986215954255,0.172357802237071,1.02684640652955e-06,0.595164923569596,1.27080750833891,16.625859251949,2.38391430207775e-09,273,1091198.84763944
racethn_combn,NHAsian,2005-2020,15.2,WTDR.COMBN,age+gender,educ_level,dii_total,2137,7963792.54226676,69,gaussian (identity),9-11th grade,0.814359302660303,0.184500351254459,4.05805983642191e-05,0.452738614201563,1.17597999111904,16.625859251949,2.38391430207775e-09,102,277830.172339167
racethn_combn,NHAsian,2005-2020,15.2,WTDR.COMBN,age+gender,educ_level,dii_total,2137,7963792.54226676,69,gaussian (identity),Less than 9th grade,1.08423816095349,0.212501797914866,3.3190230272828e-06,0.667734637040353,1.50074168486663,16.625859251949,2.38391430207775e-09,92,283560.062024186
racethn_combn,Other/Multi-Racial,2005-2020,15.2,WTDR.COMBN,age+gender,educ_level,dii_total,778,4882329.87215348,72,gaussian (identity),College graduate or above (Intercept),1.96679882945279,0.317350400712996,4.20524990533493e-08,1.34479204405532,2.58880561485026,8.15449094023658,2.09163867065267e-05,177,1104470.6514472
racethn_combn,Other/Multi-Racial,2005-2020,15.2,WTDR.COMBN,age+gender,educ_level,dii_total,778,4882329.87215348,72,gaussian (identity),Some college or AA degree,0.73406292288927,0.226803586051182,0.00189331306229537,0.289527894228954,1.17859795154959,8.15449094023658,2.09163867065267e-05,335,2154593.55642129
racethn_combn,Other/Multi-Racial,2005-2020,15.2,WTDR.COMBN,age+gender,educ_level,dii_total,778,4882329.87215348,72,gaussian (identity),HS graduate or GED,1.23113078478785,0.237521836430749,2.24406897181067e-06,0.765587985383584,1.69667358419212,8.15449094023658,2.09163867065267e-05,166,1120924.58611312
racethn_combn,Other/Multi-Racial,2005-2020,15.2,WTDR.COMBN,age+gender,educ_level,dii_total,778,4882329.87215348,72,gaussian (identity),9-11th grade,1.35184619251323,0.339131859242058,0.000170423632147725,0.687147748398798,2.01654463662766,8.15449094023658,2.09163867065267e-05,73,353033.089971211
racethn_combn,Other/Multi-Racial,2005-2020,15.2,WTDR.COMBN,age+gender,educ_level,dii_total,778,4882329.87215348,72,gaussian (identity),Less than 9th grade,1.8813214492765,0.412143224021428,2.23799355435778e-05,1.0735207301945,2.6891221683585,8.15449094023658,2.09163867065267e-05,27,149307.988200659
racethn_combn,NHW,1999-2020,21.2,WTMEC.COMBN,age+gender,educ_level,dietsuppl_any,26568,151589447.049115,162,quasibinomial (logit),College graduate or above (Intercept),-1.80114518246474,0.084807538521989,6.92187400736608e-48,-1.96736795796783,-1.63492240696164,35.0992747554445,6.86637849953617e-21,6832,47129201.696169
racethn_combn,NHW,1999-2020,21.2,WTMEC.COMBN,age+gender,educ_level,dietsuppl_any,26568,151589447.049115,162,quasibinomial (logit),Some college or AA degree,-0.328513691163332,0.0573562045653443,5.0942557132881e-08,-0.440931852111407,-0.216095530215257,35.0992747554445,6.86637849953617e-21,8215,48133639.141512
racethn_combn,NHW,1999-2020,21.2,WTMEC.COMBN,age+gender,educ_level,dietsuppl_any,26568,151589447.049115,162,quasibinomial (logit),HS graduate or GED,-0.623080061665521,0.0660165172237667,5.21670347382754e-17,-0.752472435424103,-0.493687687906938,35.0992747554445,6.86637849953617e-21,7022,38394101.1947031
racethn_combn,NHW,1999-2020,21.2,WTMEC.COMBN,age+gender,educ_level,dietsuppl_any,26568,151589447.049115,162,quasibinomial (logit),9-11th grade,-0.864350664210477,0.0918672073562858,6.24162091888501e-17,-1.0444103906288,-0.684290937792157,35.0992747554445,6.86637849953617e-21,3220,13862691.8728803
racethn_combn,NHW,1999-2020,21.2,WTMEC.COMBN,age+gender,educ_level,dietsuppl_any,26568,151589447.049115,162,quasibinomial (logit),Less than 9th grade,-1.42676201612067,0.14216622169546,1.34811155457295e-18,-1.70540781064377,-1.14811622159757,35.0992747554445,6.86637849953617e-21,1279,4069813.14385058
racethn_combn,Other/Multi-Racial/NHAsian,1999-2020,21.2,WTMEC.COMBN,age+gender,educ_level,dietsuppl_any,1498,6743852.76448784,85,quasibinomial (logit),College graduate or above (Intercept),-2.60659548949448,0.299872120314228,3.8813133406155e-13,-3.19434484531037,-2.01884613367859,4.60152539252455,0.00216119194406893,457,2331376.40899462
racethn_combn,Other/Multi-Racial/NHAsian,1999-2020,21.2,WTMEC.COMBN,age+gender,educ_level,dietsuppl_any,1498,6743852.76448784,85,quasibinomial (logit),Some college or AA degree,-0.151020291315746,0.237946763884928,0.527470311538545,-0.617395948530205,0.315355365898714,4.60152539252455,0.00216119194406893,399,1842490.09510204
racethn_combn,Other/Multi-Racial/NHAsian,1999-2020,21.2,WTMEC.COMBN,age+gender,educ_level,dietsuppl_any,1498,6743852.76448784,85,quasibinomial (logit),HS graduate or GED,-0.77192951829692,0.302889800162989,0.0127550673953724,-1.36559352661638,-0.178265509977463,4.60152539252455,0.00216119194406893,303,1273750.75859212
racethn_combn,Other/Multi-Racial/NHAsian,1999-2020,21.2,WTMEC.COMBN,age+gender,educ_level,dietsuppl_any,1498,6743852.76448784,85,quasibinomial (logit),9-11th grade,-1.06788642675284,0.371964117670008,0.00525066649722135,-1.79693609738606,-0.338836756119628,4.60152539252455,0.00216119194406893,185,738772.131270471
racethn_combn,Other/Multi-Racial/NHAsian,1999-2020,21.2,WTMEC.COMBN,age+gender,educ_level,dietsuppl_any,1498,6743852.76448784,85,quasibinomial (logit),Less than 9th grade,-0.963096889967373,0.315629396588104,0.00310162726623749,-1.58173050728006,-0.34446327265469,4.60152539252455,0.00216119194406893,154,557463.370528585
racethn_combn,NHB,1999-2020,21.2,WTMEC.COMBN,age+gender,educ_level,dietsuppl_any,13746,25613819.5537976,154,quasibinomial (logit),College graduate or above (Intercept),-2.22525789354507,0.110013252674535,1.90613892609614e-44,-2.44088386878716,-2.00963191830298,57.5242771345423,3.30975860981989e-29,2028,4174639.15399572
racethn_combn,NHB,1999-2020,21.2,WTMEC.COMBN,age+gender,educ_level,dietsuppl_any,13746,25613819.5537976,154,quasibinomial (logit),Some college or AA degree,-0.456411838110162,0.0751395251038885,1.00434648937894e-08,-0.603685307313783,-0.309138368906541,57.5242771345423,3.30975860981989e-29,4359,8460505.02309932
racethn_combn,NHB,1999-2020,21.2,WTMEC.COMBN,age+gender,educ_level,dietsuppl_any,13746,25613819.5537976,154,quasibinomial (logit),HS graduate or GED,-0.760743835989844,0.0866606325919587,3.73765820804129e-15,-0.930598675870083,-0.590888996109605,57.5242771345423,3.30975860981989e-29,3571,6823477.94316795
racethn_combn,NHB,1999-2020,21.2,WTMEC.COMBN,age+gender,educ_level,dietsuppl_any,13746,25613819.5537976,154,quasibinomial (logit),9-11th grade,-1.38143511815921,0.107777887743657,9.02440991790306e-26,-1.59267977813678,-1.17019045818165,57.5242771345423,3.30975860981989e-29,3036,5094205.64038912
racethn_combn,NHB,1999-2020,21.2,WTMEC.COMBN,age+gender,educ_level,dietsuppl_any,13746,25613819.5537976,154,quasibinomial (logit),Less than 9th grade,-1.76955439894204,0.155162164164497,5.13476800019884e-22,-2.07367224070446,-1.46543655717963,57.5242771345423,3.30975860981989e-29,752,1060991.79314546
racethn_combn,Mexican-American,1999-2020,21.2,WTMEC.COMBN,age+gender,educ_level,dietsuppl_any,11060,18598917.2962398,145,quasibinomial (logit),College graduate or above (Intercept),-2.27007300907264,0.142224436721581,3.11509396093744e-33,-2.54883290504694,-1.99131311309834,29.1521292166503,1.3417439153433e-17,670,1503630.08918087
racethn_combn,Mexican-American,1999-2020,21.2,WTMEC.COMBN,age+gender,educ_level,dietsuppl_any,11060,18598917.2962398,145,quasibinomial (logit),Some college or AA degree,-0.238040145951701,0.140901198850824,0.0933823480909263,-0.514206495699317,0.0381262037959137,29.1521292166503,1.3417439153433e-17,2030,3941349.15750802
racethn_combn,Mexican-American,1999-2020,21.2,WTMEC.COMBN,age+gender,educ_level,dietsuppl_any,11060,18598917.2962398,145,quasibinomial (logit),HS graduate or GED,-0.497771338522662,0.129904647126316,0.000191950557807969,-0.752384446890242,-0.243158230155082,29.1521292166503,1.3417439153433e-17,2237,4307934.75824276
racethn_combn,Mexican-American,1999-2020,21.2,WTMEC.COMBN,age+gender,educ_level,dietsuppl_any,11060,18598917.2962398,145,quasibinomial (logit),9-11th grade,-0.68123312753381,0.116083038816209,3.0748343842104e-08,-0.908755883613579,-0.453710371454041,29.1521292166503,1.3417439153433e-17,2463,4021187.23232319
racethn_combn,Mexican-American,1999-2020,21.2,WTMEC.COMBN,age+gender,educ_level,dietsuppl_any,11060,18598917.2962398,145,quasibinomial (logit),Less than 9th grade,-1.18928768245759,0.128636789216722,3.69555301674293e-16,-1.44141578932236,-0.937159575592812,29.1521292166503,1.3417439153433e-17,3660,4824816.05898496
racethn_combn,Other Hispanic,1999-2020,21.2,WTMEC.COMBN,age+gender,educ_level,dietsuppl_any,5179,13128114.6979313,140,quasibinomial (logit),College graduate or above (Intercept),-1.99761143297834,0.173219944861961,8.44048554259839e-22,-2.33712252490779,-1.6581003410489,23.8223150876853,6.76661527570104e-15,741,2117596.4299236
racethn_combn,Other Hispanic,1999-2020,21.2,WTMEC.COMBN,age+gender,educ_level,dietsuppl_any,5179,13128114.6979313,140,quasibinomial (logit),Some college or AA degree,-0.167086042878549,0.130673378121336,0.203229021493174,-0.423205863996368,0.0890337782392701,23.8223150876853,6.76661527570104e-15,1363,3762644.64606562
racethn_combn,Other Hispanic,1999-2020,21.2,WTMEC.COMBN,age+gender,educ_level,dietsuppl_any,5179,13128114.6979313,140,quasibinomial (logit),HS graduate or GED,-0.326506482222471,0.14472340597243,0.0256860630132308,-0.610164357928434,-0.042848606516508,23.8223150876853,6.76661527570104e-15,1063,2905353.33883245
racethn_combn,Other Hispanic,1999-2020,21.2,WTMEC.COMBN,age+gender,educ_level,dietsuppl_any,5179,13128114.6979313,140,quasibinomial (logit),9-11th grade,-0.787147971481488,0.135110333571283,4.011876912628e-08,-1.0519642252812,-0.522331717681773,23.8223150876853,6.76661527570104e-15,949,2212873.85665289
racethn_combn,Other Hispanic,1999-2020,21.2,WTMEC.COMBN,age+gender,educ_level,dietsuppl_any,5179,13128114.6979313,140,quasibinomial (logit),Less than 9th grade,-1.19146287599877,0.145098091384921,1.61858966863618e-13,-1.47585513511322,-0.907070616884328,23.8223150876853,6.76661527570104e-15,1063,2129646.42645676
racethn_combn,NHAsian,1999-2020,21.2,WTMEC.COMBN,age+gender,educ_level,dietsuppl_any,3378,5807941.52278581,71,quasibinomial (logit),College graduate or above (Intercept),-1.57309641385128,0.134351500592122,1.15903462480503e-17,-1.83642535501184,-1.30976747269072,27.5764307456844,2.12681982219506e-13,1692,3050605.43300306
racethn_combn,NHAsian,1999-2020,21.2,WTMEC.COMBN,age+gender,educ_level,dietsuppl_any,3378,5807941.52278581,71,quasibinomial (logit),Some college or AA degree,-0.371700486944212,0.103952155222018,0.000665270763112832,-0.575446711179367,-0.167954262709058,27.5764307456844,2.12681982219506e-13,656,1139968.30356594
racethn_combn,NHAsian,1999-2020,21.2,WTMEC.COMBN,age+gender,educ_level,dietsuppl_any,3378,5807941.52278581,71,quasibinomial (logit),HS graduate or GED,-0.763835094026844,0.124018910159108,5.14840472612544e-08,-1.0069121579387,-0.520758030114991,27.5764307456844,2.12681982219506e-13,504,826684.427651472
racethn_combn,NHAsian,1999-2020,21.2,WTMEC.COMBN,age+gender,educ_level,dietsuppl_any,3378,5807941.52278581,71,quasibinomial (logit),9-11th grade,-1.26444979725886,0.206371409718445,5.84720511912658e-08,-1.66893776030701,-0.859961834210704,27.5764307456844,2.12681982219506e-13,248,370103.383870189
racethn_combn,NHAsian,1999-2020,21.2,WTMEC.COMBN,age+gender,educ_level,dietsuppl_any,3378,5807941.52278581,71,quasibinomial (logit),Less than 9th grade,-1.68760114952299,0.227841449300104,3.30094561416357e-10,-2.13417039015119,-1.24103190889479,27.5764307456844,2.12681982219506e-13,278,420579.974695151
racethn_combn,Other/Multi-Racial,1999-2020,21.2,WTMEC.COMBN,age+gender,educ_level,dietsuppl_any,1025,3498900.23267334,72,quasibinomial (logit),College graduate or above (Intercept),-0.890880278809031,0.299174569287487,0.00405737517568683,-1.47726243461251,-0.304498123005556,8.40630651948145,1.52374344904748e-05,223,769943.602010076
racethn_combn,Other/Multi-Racial,1999-2020,21.2,WTMEC.COMBN,age+gender,educ_level,dietsuppl_any,1025,3498900.23267334,72,quasibinomial (logit),Some college or AA degree,-0.629020875109777,0.265162897022883,0.0206061375284653,-1.14874015327463,-0.109301596944925,8.40630651948145,1.52374344904748e-05,436,1519985.67558496
racethn_combn,Other/Multi-Racial,1999-2020,21.2,WTMEC.COMBN,age+gender,educ_level,dietsuppl_any,1025,3498900.23267334,72,quasibinomial (logit),HS graduate or GED,-1.09470399099899,0.224567094708352,7.17143129007158e-06,-1.53485549662736,-0.654552485370624,8.40630651948145,1.52374344904748e-05,223,800020.160648491
racethn_combn,Other/Multi-Racial,1999-2020,21.2,WTMEC.COMBN,age+gender,educ_level,dietsuppl_any,1025,3498900.23267334,72,quasibinomial (logit),9-11th grade,-1.40272536969963,0.330511447287716,7.00798743546459e-05,-2.05052780638355,-0.754922933015701,8.40630651948145,1.52374344904748e-05,105,312726.519097359
racethn_combn,Other/Multi-Racial,1999-2020,21.2,WTMEC.COMBN,age+gender,educ_level,dietsuppl_any,1025,3498900.23267334,72,quasibinomial (logit),Less than 9th grade,-1.45579743554231,0.555810656423422,0.0109223446256207,-2.54518632213222,-0.366408548952403,8.40630651948145,1.52374344904748e-05,38,96224.2753324528
racethn_combn,Other/Multi-Racial/NHAsian,2007-2020,13.2,WTMEC.COMBN,age+gender,educ_level,dietsuppl_num,542,3973789.30803924,28,gaussian (identity),College graduate or above (Intercept),-0.182978877056479,0.178291385716858,0.315907016061698,-0.532429993061521,0.166472238948562,9.18541672713063,0.000160243889159465,188,1619180.34111485
racethn_combn,Other/Multi-Racial/NHAsian,2007-2020,13.2,WTMEC.COMBN,age+gender,educ_level,dietsuppl_num,542,3973789.30803924,28,gaussian (identity),Some college or AA degree,0.141104299739906,0.185794249283529,0.455635627979207,-0.22305242885581,0.505261028335622,9.18541672713063,0.000160243889159465,140,1057903.65110273
racethn_combn,Other/Multi-Racial/NHAsian,2007-2020,13.2,WTMEC.COMBN,age+gender,educ_level,dietsuppl_num,542,3973789.30803924,28,gaussian (identity),HS graduate or GED,-0.478636363607561,0.142345207293812,0.00281174070162988,-0.757632969903433,-0.199639757311689,9.18541672713063,0.000160243889159465,98,637573.272945909
racethn_combn,Other/Multi-Racial/NHAsian,2007-2020,13.2,WTMEC.COMBN,age+gender,educ_level,dietsuppl_num,542,3973789.30803924,28,gaussian (identity),9-11th grade,-0.66499861310055,0.129771071586362,3.90014516806114e-05,-0.919349913409818,-0.410647312791281,9.18541672713063,0.000160243889159465,60,358260.838315152
racethn_combn,Other/Multi-Racial/NHAsian,2007-2020,13.2,WTMEC.COMBN,age+gender,educ_level,dietsuppl_num,542,3973789.30803924,28,gaussian (identity),Less than 9th grade,-0.690704782073208,0.19811621650224,0.00209139822857374,-1.0790125664176,-0.302396997728817,9.18541672713063,0.000160243889159465,56,300871.204560606
racethn_combn,NHW,2007-2020,13.2,WTMEC.COMBN,age+gender,educ_level,dietsuppl_num,14244,145158961.608055,103,gaussian (identity),College graduate or above (Intercept),-0.0834192331331735,0.0623717179067416,0.184202517200759,-0.205667800230387,0.03882933396404,50.5022212995763,6.54990091285317e-23,3794,48602396.9036493
racethn_combn,NHW,2007-2020,13.2,WTMEC.COMBN,age+gender,educ_level,dietsuppl_num,14244,145158961.608055,103,gaussian (identity),Some college or AA degree,-0.365934528029003,0.0707886668930048,1.25940594275575e-06,-0.504680315139293,-0.227188740918714,50.5022212995763,6.54990091285317e-23,4661,46758504.9607213
racethn_combn,NHW,2007-2020,13.2,WTMEC.COMBN,age+gender,educ_level,dietsuppl_num,14244,145158961.608055,103,gaussian (identity),HS graduate or GED,-0.63067400945073,0.0651989526083746,6.81449620534103e-16,-0.758463956563144,-0.502884062338316,50.5022212995763,6.54990091285317e-23,3568,34749487.9580763
racethn_combn,NHW,2007-2020,13.2,WTMEC.COMBN,age+gender,educ_level,dietsuppl_num,14244,145158961.608055,103,gaussian (identity),9-11th grade,-0.839798236762711,0.0780456812545067,3.08511188288622e-18,-0.992767772021544,-0.686828701503878,50.5022212995763,6.54990091285317e-23,1690,12102956.0316575
racethn_combn,NHW,2007-2020,13.2,WTMEC.COMBN,age+gender,educ_level,dietsuppl_num,14244,145158961.608055,103,gaussian (identity),Less than 9th grade,-1.23421683704422,0.120003879250455,3.25691900094032e-17,-1.46942444037511,-0.999009233713327,50.5022212995763,6.54990091285317e-23,531,2945615.75395015
racethn_combn,Mexican-American,2007-2020,13.2,WTMEC.COMBN,age+gender,educ_level,dietsuppl_num,5194,18521764.6062188,90,gaussian (identity),College graduate or above (Intercept),-0.0944475962177771,0.0868340909665923,0.27984801173451,-0.264642414512298,0.0757472220767438,20.1739333580645,1.13004633122374e-11,402,1753597.8774033
racethn_combn,Mexican-American,2007-2020,13.2,WTMEC.COMBN,age+gender,educ_level,dietsuppl_num,5194,18521764.6062188,90,gaussian (identity),Some college or AA degree,0.118559960197471,0.0877668142440798,0.180370578623534,-0.0534629957209252,0.290582916115868,20.1739333580645,1.13004633122374e-11,1073,4215499.35603397
racethn_combn,Mexican-American,2007-2020,13.2,WTMEC.COMBN,age+gender,educ_level,dietsuppl_num,5194,18521764.6062188,90,gaussian (identity),HS graduate or GED,-0.152679447136414,0.0651972917347962,0.0215580087460542,-0.280466138936614,-0.024892755336213,20.1739333580645,1.13004633122374e-11,1100,4487554.52280424
racethn_combn,Mexican-American,2007-2020,13.2,WTMEC.COMBN,age+gender,educ_level,dietsuppl_num,5194,18521764.6062188,90,gaussian (identity),9-11th grade,-0.201052591204835,0.0649829624367755,0.00268235400990856,-0.328419197580915,-0.0736859848287549,20.1739333580645,1.13004633122374e-11,1089,3874730.52995961
racethn_combn,Mexican-American,2007-2020,13.2,WTMEC.COMBN,age+gender,educ_level,dietsuppl_num,5194,18521764.6062188,90,gaussian (identity),Less than 9th grade,-0.442021640749474,0.0726296480797991,3.32439172277094e-08,-0.58437575098588,-0.299667530513068,20.1739333580645,1.13004633122374e-11,1530,4190382.32001767
racethn_combn,NHB,2007-2020,13.2,WTMEC.COMBN,age+gender,educ_level,dietsuppl_num,7918,24649963.6708372,99,gaussian (identity),College graduate or above (Intercept),0.169353555051559,0.0611169000206701,0.00674937878430007,0.0495644310110451,0.289142679092072,64.8495304347227,4.40847043751972e-26,1334,4506512.75456415
racethn_combn,NHB,2007-2020,13.2,WTMEC.COMBN,age+gender,educ_level,dietsuppl_num,7918,24649963.6708372,99,gaussian (identity),Some college or AA degree,-0.336975223900903,0.0580074577834791,8.70993411506118e-08,-0.450669841156522,-0.223280606645284,64.8495304347227,4.40847043751972e-26,2717,8567795.33309542
racethn_combn,NHB,2007-2020,13.2,WTMEC.COMBN,age+gender,educ_level,dietsuppl_num,7918,24649963.6708372,99,gaussian (identity),HS graduate or GED,-0.546837594858942,0.0552550429224242,3.38611837987706e-16,-0.655137478986894,-0.438537710730991,64.8495304347227,4.40847043751972e-26,2142,6819297.27972427
racethn_combn,NHB,2007-2020,13.2,WTMEC.COMBN,age+gender,educ_level,dietsuppl_num,7918,24649963.6708372,99,gaussian (identity),9-11th grade,-0.70410642759942,0.0533543476116835,4.97700163750753e-23,-0.808680948918319,-0.59953190628052,64.8495304347227,4.40847043751972e-26,1412,4015934.98274909
racethn_combn,NHB,2007-2020,13.2,WTMEC.COMBN,age+gender,educ_level,dietsuppl_num,7918,24649963.6708372,99,gaussian (identity),Less than 9th grade,-0.961328400438269,0.0740177758565942,1.31005158913511e-22,-1.10640324111719,-0.816253559759344,64.8495304347227,4.40847043751972e-26,313,740423.320704303
racethn_combn,Other Hispanic,2007-2020,13.2,WTMEC.COMBN,age+gender,educ_level,dietsuppl_num,3698,13239517.2478004,98,gaussian (identity),College graduate or above (Intercept),0.110060878187488,0.134579648057703,0.415577465093171,-0.153715232005609,0.373836988380585,22.8970609336114,3.7727058037835e-13,578,2314089.87611391
racethn_combn,Other Hispanic,2007-2020,13.2,WTMEC.COMBN,age+gender,educ_level,dietsuppl_num,3698,13239517.2478004,98,gaussian (identity),Some college or AA degree,-0.128891270196504,0.113740547119672,0.260073010917595,-0.351822742551061,0.0940402021580522,22.8970609336114,3.7727058037835e-13,1007,3839792.21468636
racethn_combn,Other Hispanic,2007-2020,13.2,WTMEC.COMBN,age+gender,educ_level,dietsuppl_num,3698,13239517.2478004,98,gaussian (identity),HS graduate or GED,-0.253309596397481,0.124423959211127,0.0446402565624187,-0.49718055645129,-0.00943863634367129,22.8970609336114,3.7727058037835e-13,783,3106403.62600915
racethn_combn,Other Hispanic,2007-2020,13.2,WTMEC.COMBN,age+gender,educ_level,dietsuppl_num,3698,13239517.2478004,98,gaussian (identity),9-11th grade,-0.518380951356421,0.103014226539781,2.39385533826294e-06,-0.720288835374391,-0.316473067338451,22.8970609336114,3.7727058037835e-13,638,2036174.7007057
racethn_combn,Other Hispanic,2007-2020,13.2,WTMEC.COMBN,age+gender,educ_level,dietsuppl_num,3698,13239517.2478004,98,gaussian (identity),Less than 9th grade,-0.751107795975841,0.107326182856485,4.10730210423029e-10,-0.961467114374551,-0.540748477577131,22.8970609336114,3.7727058037835e-13,692,1943056.8302853
racethn_combn,NHAsian,2007-2020,13.2,WTMEC.COMBN,age+gender,educ_level,dietsuppl_num,2574,7598196.03793112,71,gaussian (identity),College graduate or above (Intercept),-0.361032421330622,0.14406811052736,0.0147236872747443,-0.643405917964247,-0.0786589246969971,20.2209996467673,7.38975594759232e-11,1389,4288109.69168203
racethn_combn,NHAsian,2007-2020,13.2,WTMEC.COMBN,age+gender,educ_level,dietsuppl_num,2574,7598196.03793112,71,gaussian (identity),Some college or AA degree,-0.0205907825878512,0.0981844994748907,0.834545890522982,-0.213032401558637,0.171850836382935,20.2209996467673,7.38975594759232e-11,506,1483779.99535397
racethn_combn,NHAsian,2007-2020,13.2,WTMEC.COMBN,age+gender,educ_level,dietsuppl_num,2574,7598196.03793112,71,gaussian (identity),HS graduate or GED,-0.359137165382569,0.0902796929390948,0.000177371701862567,-0.536085363543195,-0.182188967221943,20.2209996467673,7.38975594759232e-11,361,1018909.47324997
racethn_combn,NHAsian,2007-2020,13.2,WTMEC.COMBN,age+gender,educ_level,dietsuppl_num,2574,7598196.03793112,71,gaussian (identity),9-11th grade,-0.677942348042433,0.11463401844838,1.36067909715041e-07,-0.902625024201257,-0.453259671883608,20.2209996467673,7.38975594759232e-11,165,406033.742014515
racethn_combn,NHAsian,2007-2020,13.2,WTMEC.COMBN,age+gender,educ_level,dietsuppl_num,2574,7598196.03793112,71,gaussian (identity),Less than 9th grade,-1.16319545454529,0.162470801888592,9.06384240939555e-10,-1.48163822624693,-0.844752682843645,20.2209996467673,7.38975594759232e-11,153,401363.135630636
racethn_combn,Other/Multi-Racial,2007-2020,13.2,WTMEC.COMBN,age+gender,educ_level,dietsuppl_num,895,5222863.30621349,72,gaussian (identity),College graduate or above (Intercept),0.179089562161406,0.300640646311507,0.553417607941841,-0.410166104609148,0.768345228931961,11.4701230505458,3.96647748294986e-07,196,1188795.43104533
racethn_combn,Other/Multi-Racial,2007-2020,13.2,WTMEC.COMBN,age+gender,educ_level,dietsuppl_num,895,5222863.30621349,72,gaussian (identity),Some college or AA degree,-0.573472609486065,0.237413900226505,0.0184903087061571,-1.03880385393001,-0.108141365042116,11.4701230505458,3.96647748294986e-07,385,2230811.21827358
racethn_combn,Other/Multi-Racial,2007-2020,13.2,WTMEC.COMBN,age+gender,educ_level,dietsuppl_num,895,5222863.30621349,72,gaussian (identity),HS graduate or GED,-0.204252477400761,0.369608967538974,0.582392004784379,-0.92868605377715,0.520181098975628,11.4701230505458,3.96647748294986e-07,193,1180448.47637161
racethn_combn,Other/Multi-Racial,2007-2020,13.2,WTMEC.COMBN,age+gender,educ_level,dietsuppl_num,895,5222863.30621349,72,gaussian (identity),9-11th grade,-1.00247158348461,0.21852924883381,2.06183117496947e-05,-1.43078891119888,-0.574154255770343,11.4701230505458,3.96647748294986e-07,91,476426.244832697
racethn_combn,Other/Multi-Racial,2007-2020,13.2,WTMEC.COMBN,age+gender,educ_level,dietsuppl_num,895,5222863.30621349,72,gaussian (identity),Less than 9th grade,-1.32355136144596,0.277408032025017,1.05265562563721e-05,-1.867271104215,-0.77983161867693,11.4701230505458,3.96647748294986e-07,30,146381.935690273
racethn_combn,NHW,1999-2020,21.2,WTMEC.COMBN,age+gender,educ_level,addsalt_prep_often,26176,149778926.673018,162,quasibinomial (logit),College graduate or above (Intercept),0.537181954035519,0.0626937685273872,9.58130106292679e-15,0.414302167721841,0.660061740349198,4.69395267107405,0.00132540777362188,6754,46707907.2177971
racethn_combn,NHW,1999-2020,21.2,WTMEC.COMBN,age+gender,educ_level,addsalt_prep_often,26176,149778926.673018,162,quasibinomial (logit),Some college or AA degree,-0.0620208491683688,0.0515981612380105,0.231186036573745,-0.163153245194869,0.0391115468581318,4.69395267107405,0.00132540777362188,8109,47586130.3803639
racethn_combn,NHW,1999-2020,21.2,WTMEC.COMBN,age+gender,educ_level,addsalt_prep_often,26176,149778926.673018,162,quasibinomial (logit),HS graduate or GED,-0.169489140517654,0.0673410624409357,0.0128501256262402,-0.301477622901888,-0.0375006581334199,4.69395267107405,0.00132540777362188,6917,37891332.0939454
racethn_combn,NHW,1999-2020,21.2,WTMEC.COMBN,age+gender,educ_level,addsalt_prep_often,26176,149778926.673018,162,quasibinomial (logit),9-11th grade,-0.266155673273243,0.0840081600928522,0.00184579933685879,-0.430811667055233,-0.101499679491253,4.69395267107405,0.00132540777362188,3168,13675034.0391546
racethn_combn,NHW,1999-2020,21.2,WTMEC.COMBN,age+gender,educ_level,addsalt_prep_often,26176,149778926.673018,162,quasibinomial (logit),Less than 9th grade,-0.480707406326311,0.121627098068558,0.000117029359091064,-0.719096518540685,-0.242318294111937,4.69395267107405,0.00132540777362188,1228,3918522.94175657
racethn_combn,Other/Multi-Racial/NHAsian,1999-2020,21.2,WTMEC.COMBN,age+gender,educ_level,addsalt_prep_often,1464,6611447.40507029,85,quasibinomial (logit),College graduate or above (Intercept),0.264693371756981,0.232637490353808,0.258645828431693,-0.191276109336484,0.720662852850445,2.63334027522443,0.0402429826046392,451,2303176.68693217
racethn_combn,Other/Multi-Racial/NHAsian,1999-2020,21.2,WTMEC.COMBN,age+gender,educ_level,addsalt_prep_often,1464,6611447.40507029,85,quasibinomial (logit),Some college or AA degree,-0.226417007750013,0.174684224392644,0.198697547834739,-0.568798087559596,0.115964072059569,2.63334027522443,0.0402429826046392,391,1802341.28831808
racethn_combn,Other/Multi-Racial/NHAsian,1999-2020,21.2,WTMEC.COMBN,age+gender,educ_level,addsalt_prep_often,1464,6611447.40507029,85,quasibinomial (logit),HS graduate or GED,-0.495576984926551,0.229389283607896,0.0337709809865072,-0.945179980798027,-0.0459739890550746,2.63334027522443,0.0402429826046392,296,1252218.27973184
racethn_combn,Other/Multi-Racial/NHAsian,1999-2020,21.2,WTMEC.COMBN,age+gender,educ_level,addsalt_prep_often,1464,6611447.40507029,85,quasibinomial (logit),9-11th grade,-0.733294844986934,0.253741609840325,0.00497255484527352,-1.23062840027397,-0.235961289699898,2.63334027522443,0.0402429826046392,179,718229.043768207
racethn_combn,Other/Multi-Racial/NHAsian,1999-2020,21.2,WTMEC.COMBN,age+gender,educ_level,addsalt_prep_often,1464,6611447.40507029,85,quasibinomial (logit),Less than 9th grade,-0.727940945878439,0.302875395303407,0.018585514089248,-1.32157672067312,-0.134305171083761,2.63334027522443,0.0402429826046392,147,535482.10632
racethn_combn,NHB,1999-2020,21.2,WTMEC.COMBN,age+gender,educ_level,addsalt_prep_often,13559,25314951.3016611,154,quasibinomial (logit),College graduate or above (Intercept),0.853373552829248,0.108767163273452,7.91172799703421e-13,0.640189912813282,1.06655719284521,12.3498731242268,1.08195518832052e-08,2018,4158747.01741579
racethn_combn,NHB,1999-2020,21.2,WTMEC.COMBN,age+gender,educ_level,addsalt_prep_often,13559,25314951.3016611,154,quasibinomial (logit),Some college or AA degree,-0.150252165984719,0.0708287756945055,0.0355590793410598,-0.28907656634595,-0.0114277656234884,12.3498731242268,1.08195518832052e-08,4318,8394966.98351075
racethn_combn,NHB,1999-2020,21.2,WTMEC.COMBN,age+gender,educ_level,addsalt_prep_often,13559,25314951.3016611,154,quasibinomial (logit),HS graduate or GED,-0.328486557485286,0.0697645520974849,5.68981504417317e-06,-0.465225079596356,-0.191748035374216,12.3498731242268,1.08195518832052e-08,3513,6728337.64068757
racethn_combn,NHB,1999-2020,21.2,WTMEC.COMBN,age+gender,educ_level,addsalt_prep_often,13559,25314951.3016611,154,quasibinomial (logit),9-11th grade,-0.555478962128194,0.0842507141130585,7.12216193534269e-10,-0.720610361789789,-0.390347562466599,12.3498731242268,1.08195518832052e-08,2989,5017996.89100895
racethn_combn,NHB,1999-2020,21.2,WTMEC.COMBN,age+gender,educ_level,addsalt_prep_often,13559,25314951.3016611,154,quasibinomial (logit),Less than 9th grade,-0.594719893343734,0.12872021827273,8.26990188109093e-06,-0.847011521158285,-0.342428265529184,12.3498731242268,1.08195518832052e-08,721,1014902.76903803
racethn_combn,Mexican-American,1999-2020,21.2,WTMEC.COMBN,age+gender,educ_level,addsalt_prep_often,10919,18368074.9590312,145,quasibinomial (logit),College graduate or above (Intercept),0.708760380852549,0.145952682524726,3.17957305517308e-06,0.422693123104087,0.994827638601011,5.90504502720709,0.000203245481790406,664,1489005.85224217
racethn_combn,Mexican-American,1999-2020,21.2,WTMEC.COMBN,age+gender,educ_level,addsalt_prep_often,10919,18368074.9590312,145,quasibinomial (logit),Some college or AA degree,-0.0724433204678824,0.128489997651257,0.573795259632864,-0.324283715864346,0.179397074928581,5.90504502720709,0.000203245481790406,2011,3899790.09414111
racethn_combn,Mexican-American,1999-2020,21.2,WTMEC.COMBN,age+gender,educ_level,addsalt_prep_often,10919,18368074.9590312,145,quasibinomial (logit),HS graduate or GED,-0.10056392720259,0.129630807094193,0.439201635610192,-0.354640309107209,0.153512454702029,5.90504502720709,0.000203245481790406,2214,4257959.81972192
racethn_combn,Mexican-American,1999-2020,21.2,WTMEC.COMBN,age+gender,educ_level,addsalt_prep_often,10919,18368074.9590312,145,quasibinomial (logit),9-11th grade,-0.288158365044299,0.131856602158548,0.0305351421158895,-0.546597305275053,-0.0297194248135449,5.90504502720709,0.000203245481790406,2446,3999440.19808083
racethn_combn,Mexican-American,1999-2020,21.2,WTMEC.COMBN,age+gender,educ_level,addsalt_prep_often,10919,18368074.9590312,145,quasibinomial (logit),Less than 9th grade,-0.385285763743043,0.12036093311651,0.00169687730285212,-0.621193192651403,-0.149378334834684,5.90504502720709,0.000203245481790406,3584,4721878.99484517
racethn_combn,Other Hispanic,1999-2020,21.2,WTMEC.COMBN,age+gender,educ_level,addsalt_prep_often,5080,12918355.1701056,140,quasibinomial (logit),College graduate or above (Intercept),0.602121110427219,0.178176657150114,0.000951918613527215,0.252894862412995,0.951347358441443,2.19064290907829,0.0733637215403126,733,2106169.22756672
racethn_combn,Other Hispanic,1999-2020,21.2,WTMEC.COMBN,age+gender,educ_level,addsalt_prep_often,5080,12918355.1701056,140,quasibinomial (logit),Some college or AA degree,-0.25969039268084,0.131333222702099,0.0500555287669427,-0.517103509176953,-0.00227727618472656,2.19064290907829,0.0733637215403126,1348,3726749.52739806
racethn_combn,Other Hispanic,1999-2020,21.2,WTMEC.COMBN,age+gender,educ_level,addsalt_prep_often,5080,12918355.1701056,140,quasibinomial (logit),HS graduate or GED,-0.271142884578131,0.134118270109633,0.0452016346431063,-0.534014693993011,-0.00827107516325049,2.19064290907829,0.0733637215403126,1036,2834381.66445206
racethn_combn,Other Hispanic,1999-2020,21.2,WTMEC.COMBN,age+gender,educ_level,addsalt_prep_often,5080,12918355.1701056,140,quasibinomial (logit),9-11th grade,-0.432079408538657,0.149604713725568,0.00452021686976447,-0.72530464744077,-0.138854169636544,2.19064290907829,0.0733637215403126,938,2186484.17573798
racethn_combn,Other Hispanic,1999-2020,21.2,WTMEC.COMBN,age+gender,educ_level,addsalt_prep_often,5080,12918355.1701056,140,quasibinomial (logit),Less than 9th grade,-0.343006619494221,0.151632295236068,0.0253013275996781,-0.640205918156915,-0.0458073208315282,2.19064290907829,0.0733637215403126,1025,2064570.57495079
racethn_combn,NHAsian,1999-2020,21.2,WTMEC.COMBN,age+gender,educ_level,addsalt_prep_often,3284,5645065.42115215,71,quasibinomial (logit),College graduate or above (Intercept),1.8773639728757,0.171632890430177,2.22979048554816e-16,1.54096350763255,2.21376443811885,12.6195451412975,1.1761577356107e-07,1660,2996563.66202681
racethn_combn,NHAsian,1999-2020,21.2,WTMEC.COMBN,age+gender,educ_level,addsalt_prep_often,3284,5645065.42115215,71,quasibinomial (logit),Some college or AA degree,-0.544643177582233,0.112255035984493,7.99257230900339e-06,-0.764663048111839,-0.324623307052627,12.6195451412975,1.1761577356107e-07,641,1113897.20957125
racethn_combn,NHAsian,1999-2020,21.2,WTMEC.COMBN,age+gender,educ_level,addsalt_prep_often,3284,5645065.42115215,71,quasibinomial (logit),HS graduate or GED,-0.532836364874469,0.126300611262524,7.77118715723951e-05,-0.780385562949016,-0.285287166799923,12.6195451412975,1.1761577356107e-07,491,802205.661500604
racethn_combn,NHAsian,1999-2020,21.2,WTMEC.COMBN,age+gender,educ_level,addsalt_prep_often,3284,5645065.42115215,71,quasibinomial (logit),9-11th grade,-0.983313998714849,0.186423153575549,1.63106532211837e-06,-1.34870337972292,-0.617924617706774,12.6195451412975,1.1761577356107e-07,235,347945.476295415
racethn_combn,NHAsian,1999-2020,21.2,WTMEC.COMBN,age+gender,educ_level,addsalt_prep_often,3284,5645065.42115215,71,quasibinomial (logit),Less than 9th grade,-0.875573666051272,0.192708963393346,2.46271104318941e-05,-1.25328323430223,-0.497864097800313,12.6195451412975,1.1761577356107e-07,257,384453.411758076
racethn_combn,Other/Multi-Racial,1999-2020,21.2,WTMEC.COMBN,age+gender,educ_level,addsalt_prep_often,1012,3439573.35221315,72,quasibinomial (logit),College graduate or above (Intercept),1.75541891609397,0.299854834999443,1.65238760665781e-07,1.16770343949506,2.34313439269287,2.02083293348964,0.101623623704906,222,769216.270247057
racethn_combn,Other/Multi-Racial,1999-2020,21.2,WTMEC.COMBN,age+gender,educ_level,addsalt_prep_often,1012,3439573.35221315,72,quasibinomial (logit),Some college or AA degree,-0.25758995933925,0.252129356418972,0.310673149799368,-0.751763497920436,0.236583579241936,2.02083293348964,0.101623623704906,432,1492854.33910638
racethn_combn,Other/Multi-Racial,1999-2020,21.2,WTMEC.COMBN,age+gender,educ_level,addsalt_prep_often,1012,3439573.35221315,72,quasibinomial (logit),HS graduate or GED,-0.240984104621091,0.252836909134388,0.344006649209527,-0.736544446524491,0.254576237282309,2.02083293348964,0.101623623704906,219,786905.514834434
racethn_combn,Other/Multi-Racial,1999-2020,21.2,WTMEC.COMBN,age+gender,educ_level,addsalt_prep_often,1012,3439573.35221315,72,quasibinomial (logit),9-11th grade,-0.890797156467756,0.339437513786499,0.0107756186568825,-1.55609468348929,-0.225499629446217,2.02083293348964,0.101623623704906,103,298255.310921359
racethn_combn,Other/Multi-Racial,1999-2020,21.2,WTMEC.COMBN,age+gender,educ_level,addsalt_prep_often,1012,3439573.35221315,72,quasibinomial (logit),Less than 9th grade,-0.567587186177515,0.454007450742511,0.215651472521036,-1.45744178963284,0.322267417277807,2.02083293348964,0.101623623704906,36,92341.9171039246
racethn_combn,NHW,1999-2020,21.2,WTMEC.COMBN,age+gender,educ_level,addsalt_table_often,26551,151497057.501526,162,quasibinomial (logit),College graduate or above (Intercept),-0.528585904765825,0.0495709131694957,2.7732825870274e-20,-0.625744894578036,-0.431426914953613,7.91726649443742,7.76653750315239e-06,6830,47105691.2745396
racethn_combn,NHW,1999-2020,21.2,WTMEC.COMBN,age+gender,educ_level,addsalt_table_often,26551,151497057.501526,162,quasibinomial (logit),Some college or AA degree,0.114780386904526,0.0429796379448218,0.00837481080467326,0.0305402965326753,0.199020477276377,7.91726649443742,7.76653750315239e-06,8211,48115529.6634192
racethn_combn,NHW,1999-2020,21.2,WTMEC.COMBN,age+gender,educ_level,addsalt_table_often,26551,151497057.501526,162,quasibinomial (logit),HS graduate or GED,0.151208755105239,0.0549822884728574,0.0066613595682405,0.0434434696984388,0.25897404051204,7.91726649443742,7.76653750315239e-06,7018,38359969.4462581
racethn_combn,NHW,1999-2020,21.2,WTMEC.COMBN,age+gender,educ_level,addsalt_table_often,26551,151497057.501526,162,quasibinomial (logit),9-11th grade,0.0578340507671487,0.0690829024392443,0.403778361409812,-0.0775684380137701,0.193236539548068,7.91726649443742,7.76653750315239e-06,3218,13859334.8225828
racethn_combn,NHW,1999-2020,21.2,WTMEC.COMBN,age+gender,educ_level,addsalt_table_often,26551,151497057.501526,162,quasibinomial (logit),Less than 9th grade,-0.238970947040537,0.0902677352453928,0.00894501589394155,-0.415895708121507,-0.0620461859595677,7.91726649443742,7.76653750315239e-06,1274,4056532.29472577
racethn_combn,Other/Multi-Racial/NHAsian,1999-2020,21.2,WTMEC.COMBN,age+gender,educ_level,addsalt_table_often,1497,6742150.3740019,85,quasibinomial (logit),College graduate or above (Intercept),-1.39522746448535,0.234954925946246,7.32366765306558e-08,-1.85573911933999,-0.934715809630711,3.18809770727423,0.0175843793756134,456,2329674.01850868
racethn_combn,Other/Multi-Racial/NHAsian,1999-2020,21.2,WTMEC.COMBN,age+gender,educ_level,addsalt_table_often,1497,6742150.3740019,85,quasibinomial (logit),Some college or AA degree,0.44480866869906,0.148662769259317,0.00369586331865082,0.153429640950798,0.736187696447321,3.18809770727423,0.0175843793756134,399,1842490.09510204
racethn_combn,Other/Multi-Racial/NHAsian,1999-2020,21.2,WTMEC.COMBN,age+gender,educ_level,addsalt_table_often,1497,6742150.3740019,85,quasibinomial (logit),HS graduate or GED,0.192364363364028,0.212372326571501,0.367802258228957,-0.223885396716115,0.608614123444171,3.18809770727423,0.0175843793756134,303,1273750.75859212
racethn_combn,Other/Multi-Racial/NHAsian,1999-2020,21.2,WTMEC.COMBN,age+gender,educ_level,addsalt_table_often,1497,6742150.3740019,85,quasibinomial (logit),9-11th grade,-0.0173904555496093,0.22995334299972,0.939907823525149,-0.468099007829061,0.433318096729842,3.18809770727423,0.0175843793756134,185,738772.131270471
racethn_combn,Other/Multi-Racial/NHAsian,1999-2020,21.2,WTMEC.COMBN,age+gender,educ_level,addsalt_table_often,1497,6742150.3740019,85,quasibinomial (logit),Less than 9th grade,-0.223672211498375,0.259620120244503,0.391550127179545,-0.732527647177601,0.28518322418085,3.18809770727423,0.0175843793756134,154,557463.370528585
racethn_combn,NHB,1999-2020,21.2,WTMEC.COMBN,age+gender,educ_level,addsalt_table_often,13737,25598112.1369363,154,quasibinomial (logit),College graduate or above (Intercept),-1.09765373378328,0.0886404935763325,1.28462257317721e-24,-1.27138910119289,-0.923918366373667,6.45212300899332,8.18209667451476e-05,2028,4174639.15399572
racethn_combn,NHB,1999-2020,21.2,WTMEC.COMBN,age+gender,educ_level,addsalt_table_often,13737,25598112.1369363,154,quasibinomial (logit),Some college or AA degree,0.215182881223721,0.0664431026010832,0.00148302018632445,0.084954400125598,0.345411362321844,6.45212300899332,8.18209667451476e-05,4359,8460505.02309932
racethn_combn,NHB,1999-2020,21.2,WTMEC.COMBN,age+gender,educ_level,addsalt_table_often,13737,25598112.1369363,154,quasibinomial (logit),HS graduate or GED,0.347148056607432,0.0751787585155937,8.36153032530895e-06,0.199797689916869,0.494498423297996,6.45212300899332,8.18209667451476e-05,3568,6818032.6307541
racethn_combn,NHB,1999-2020,21.2,WTMEC.COMBN,age+gender,educ_level,addsalt_table_often,13737,25598112.1369363,154,quasibinomial (logit),9-11th grade,0.360564841417281,0.0791331731108376,1.08058757045851e-05,0.205463822120039,0.515665860714522,6.45212300899332,8.18209667451476e-05,3032,5085478.69375336
racethn_combn,NHB,1999-2020,21.2,WTMEC.COMBN,age+gender,educ_level,addsalt_table_often,13737,25598112.1369363,154,quasibinomial (logit),Less than 9th grade,0.18902632202546,0.112144660147447,0.0939882160786434,-0.0307772118635358,0.408829855914455,6.45212300899332,8.18209667451476e-05,750,1059456.63533382
racethn_combn,Mexican-American,1999-2020,21.2,WTMEC.COMBN,age+gender,educ_level,addsalt_table_often,11049,18587002.1189029,145,quasibinomial (logit),College graduate or above (Intercept),-0.850578926716041,0.130734001462485,1.29358282554765e-09,-1.10681756958251,-0.59434028384957,4.26549051889224,0.00275293271017475,670,1503630.08918087
racethn_combn,Mexican-American,1999-2020,21.2,WTMEC.COMBN,age+gender,educ_level,addsalt_table_often,11049,18587002.1189029,145,quasibinomial (logit),Some college or AA degree,0.0398245866140093,0.1182211314417,0.736726589117118,-0.191888831011722,0.271538004239741,4.26549051889224,0.00275293271017475,2029,3940661.33025528
racethn_combn,Mexican-American,1999-2020,21.2,WTMEC.COMBN,age+gender,educ_level,addsalt_table_often,11049,18587002.1189029,145,quasibinomial (logit),HS graduate or GED,0.0128718628251549,0.102724078010518,0.900462970133416,-0.188467330075461,0.21421105572577,4.26549051889224,0.00275293271017475,2237,4307934.75824276
racethn_combn,Mexican-American,1999-2020,21.2,WTMEC.COMBN,age+gender,educ_level,addsalt_table_often,11049,18587002.1189029,145,quasibinomial (logit),9-11th grade,0.0434787804148794,0.112025185647903,0.698523861251556,-0.176090583455011,0.263048144284769,4.26549051889224,0.00275293271017475,2463,4021187.23232319
racethn_combn,Mexican-American,1999-2020,21.2,WTMEC.COMBN,age+gender,educ_level,addsalt_table_often,11049,18587002.1189029,145,quasibinomial (logit),Less than 9th grade,-0.186793887008975,0.0979301883260491,0.0585291880632823,-0.378737056128031,0.00514928211008159,4.26549051889224,0.00275293271017475,3650,4813588.70890081
racethn_combn,Other Hispanic,1999-2020,21.2,WTMEC.COMBN,age+gender,educ_level,addsalt_table_often,5169,13114949.3385908,140,quasibinomial (logit),College graduate or above (Intercept),-0.918804087194064,0.1808874029257,1.24328304996247e-06,-1.27334339692844,-0.564264777459691,0.960434454296179,0.431509207931177,740,2117016.20796549
racethn_combn,Other Hispanic,1999-2020,21.2,WTMEC.COMBN,age+gender,educ_level,addsalt_table_often,5169,13114949.3385908,140,quasibinomial (logit),Some college or AA degree,-0.110371913090223,0.142092881704347,0.438670026228985,-0.388873961230744,0.168130135050297,0.960434454296179,0.431509207931177,1362,3760162.75822653
racethn_combn,Other Hispanic,1999-2020,21.2,WTMEC.COMBN,age+gender,educ_level,addsalt_table_often,5169,13114949.3385908,140,quasibinomial (logit),HS graduate or GED,0.0883498481870031,0.152805613520778,0.564109932068646,-0.211149154313722,0.387848850687729,0.960434454296179,0.431509207931177,1063,2905353.33883245
racethn_combn,Other Hispanic,1999-2020,21.2,WTMEC.COMBN,age+gender,educ_level,addsalt_table_often,5169,13114949.3385908,140,quasibinomial (logit),9-11th grade,0.101783034929908,0.1586203649736,0.522179067982709,-0.209112880418348,0.412678950278165,0.960434454296179,0.431509207931177,949,2212873.85665289
racethn_combn,Other Hispanic,1999-2020,21.2,WTMEC.COMBN,age+gender,educ_level,addsalt_table_often,5169,13114949.3385908,140,quasibinomial (logit),Less than 9th grade,0.0429109150111721,0.136857560751184,0.754354671418337,-0.225329904061148,0.311151734083492,0.960434454296179,0.431509207931177,1055,2119543.17691345
racethn_combn,NHAsian,1999-2020,21.2,WTMEC.COMBN,age+gender,educ_level,addsalt_table_often,3373,5800109.39345487,71,quasibinomial (logit),College graduate or above (Intercept),-1.16396548660997,0.142399202128273,1.43296396019444e-11,-1.44306792278138,-0.884863050438552,3.773316314939,0.00804578526592747,1691,3048870.02271626
racethn_combn,NHAsian,1999-2020,21.2,WTMEC.COMBN,age+gender,educ_level,addsalt_table_often,3373,5800109.39345487,71,quasibinomial (logit),Some college or AA degree,0.100046403681449,0.121668064078878,0.41391830861185,-0.138423001913153,0.33851580927605,3.773316314939,0.00804578526592747,654,1136646.65797638
racethn_combn,NHAsian,1999-2020,21.2,WTMEC.COMBN,age+gender,educ_level,addsalt_table_often,3373,5800109.39345487,71,quasibinomial (logit),HS graduate or GED,-0.0120767056391735,0.179454878199319,0.946552150706764,-0.363808266909838,0.339654855631491,3.773316314939,0.00804578526592747,504,826684.427651472
racethn_combn,NHAsian,1999-2020,21.2,WTMEC.COMBN,age+gender,educ_level,addsalt_table_often,3373,5800109.39345487,71,quasibinomial (logit),9-11th grade,0.0242787621639872,0.172139882494296,0.888273837449219,-0.313115407524834,0.361672931852808,3.773316314939,0.00804578526592747,248,370103.383870189
racethn_combn,NHAsian,1999-2020,21.2,WTMEC.COMBN,age+gender,educ_level,addsalt_table_often,3373,5800109.39345487,71,quasibinomial (logit),Less than 9th grade,-0.824317904956268,0.248687251359873,0.00150320974311227,-1.31174491762162,-0.336890892290917,3.773316314939,0.00804578526592747,276,417804.901240566
racethn_combn,Other/Multi-Racial,1999-2020,21.2,WTMEC.COMBN,age+gender,educ_level,addsalt_table_often,1023,3495246.16173174,72,quasibinomial (logit),College graduate or above (Intercept),-0.739948725079429,0.306742731753601,0.0186406795471922,-1.34116447931649,-0.138732970842371,1.63716506845531,0.175359231685626,223,769943.602010076
racethn_combn,Other/Multi-Racial,1999-2020,21.2,WTMEC.COMBN,age+gender,educ_level,addsalt_table_often,1023,3495246.16173174,72,quasibinomial (logit),Some college or AA degree,-0.386271653677519,0.257794759184056,0.138805369234331,-0.891549381678268,0.119006074323231,1.63716506845531,0.175359231685626,435,1518470.47129166
racethn_combn,Other/Multi-Racial,1999-2020,21.2,WTMEC.COMBN,age+gender,educ_level,addsalt_table_often,1023,3495246.16173174,72,quasibinomial (logit),HS graduate or GED,-0.210573210497909,0.249543975414957,0.4018113830123,-0.699679402311225,0.278532981315408,1.63716506845531,0.175359231685626,223,800020.160648491
racethn_combn,Other/Multi-Racial,1999-2020,21.2,WTMEC.COMBN,age+gender,educ_level,addsalt_table_often,1023,3495246.16173174,72,quasibinomial (logit),9-11th grade,-0.119564495357672,0.306742512515223,0.69794848192289,-0.720779819887509,0.481650829172165,1.63716506845531,0.175359231685626,105,312726.519097359
racethn_combn,Other/Multi-Racial,1999-2020,21.2,WTMEC.COMBN,age+gender,educ_level,addsalt_table_often,1023,3495246.16173174,72,quasibinomial (logit),Less than 9th grade,0.490522798813559,0.469942029884838,0.300388740922837,-0.430563579760723,1.41160917738784,1.63716506845531,0.175359231685626,37,94085.408684151
racethn_combn,NHW,1999-2020,21.2,WTMEC.COMBN,age+gender,educ_level,restaur_freq_gt2,26559,151566170.772538,162,quasibinomial (logit),College graduate or above (Intercept),1.02279903113049,0.0616778083140596,2.99017497951881e-36,0.901910526834934,1.14368753542605,56.5064291290285,2.15757576490762e-29,6832,47129201.696169
racethn_combn,NHW,1999-2020,21.2,WTMEC.COMBN,age+gender,educ_level,restaur_freq_gt2,26559,151566170.772538,162,quasibinomial (logit),Some college or AA degree,-0.234681660414881,0.0404188435131823,3.46868645993978e-08,-0.313902593700718,-0.155460727129044,56.5064291290285,2.15757576490762e-29,8211,48123285.6857211
racethn_combn,NHW,1999-2020,21.2,WTMEC.COMBN,age+gender,educ_level,restaur_freq_gt2,26559,151566170.772538,162,quasibinomial (logit),HS graduate or GED,-0.522302909703859,0.0504462410776342,1.89441408718013e-19,-0.621177542216022,-0.423428277191696,56.5064291290285,2.15757576490762e-29,7019,38385827.8438271
racethn_combn,NHW,1999-2020,21.2,WTMEC.COMBN,age+gender,educ_level,restaur_freq_gt2,26559,151566170.772538,162,quasibinomial (logit),9-11th grade,-0.757501061740457,0.0689326853987171,3.64074182721215e-21,-0.892609125121943,-0.622392998358972,56.5064291290285,2.15757576490762e-29,3220,13862691.8728803
racethn_combn,NHW,1999-2020,21.2,WTMEC.COMBN,age+gender,educ_level,restaur_freq_gt2,26559,151566170.772538,162,quasibinomial (logit),Less than 9th grade,-1.1314102031032,0.0970888177885328,5.68414646712216e-23,-1.32170428596873,-0.94111612023768,56.5064291290285,2.15757576490762e-29,1277,4065163.67394077
racethn_combn,Other/Multi-Racial/NHAsian,1999-2020,21.2,WTMEC.COMBN,age+gender,educ_level,restaur_freq_gt2,1497,6742196.0616118,85,quasibinomial (logit),College graduate or above (Intercept),0.507771400138676,0.24378442677739,0.0404981764460609,0.0299539236549912,0.985588876622361,2.83075308831637,0.0299832763484262,457,2331376.40899462
racethn_combn,Other/Multi-Racial/NHAsian,1999-2020,21.2,WTMEC.COMBN,age+gender,educ_level,restaur_freq_gt2,1497,6742196.0616118,85,quasibinomial (logit),Some college or AA degree,0.0478288488479772,0.180205474567396,0.791382801066752,-0.30537388130412,0.401031579000074,2.83075308831637,0.0299832763484262,398,1840833.392226
racethn_combn,Other/Multi-Racial/NHAsian,1999-2020,21.2,WTMEC.COMBN,age+gender,educ_level,restaur_freq_gt2,1497,6742196.0616118,85,quasibinomial (logit),HS graduate or GED,-0.134396743088592,0.214285026274687,0.53234530495561,-0.554395394586978,0.285601908409795,2.83075308831637,0.0299832763484262,303,1273750.75859212
racethn_combn,Other/Multi-Racial/NHAsian,1999-2020,21.2,WTMEC.COMBN,age+gender,educ_level,restaur_freq_gt2,1497,6742196.0616118,85,quasibinomial (logit),9-11th grade,-0.492611226455662,0.213754216202003,0.0238174640024306,-0.911569490211587,-0.0736529626997369,2.83075308831637,0.0299832763484262,185,738772.131270471
racethn_combn,Other/Multi-Racial/NHAsian,1999-2020,21.2,WTMEC.COMBN,age+gender,educ_level,restaur_freq_gt2,1497,6742196.0616118,85,quasibinomial (logit),Less than 9th grade,-0.522662918548048,0.305411830487581,0.0909425045209826,-1.12127010630371,0.075944269207611,2.83075308831637,0.0299832763484262,154,557463.370528585
racethn_combn,NHB,1999-2020,21.2,WTMEC.COMBN,age+gender,educ_level,restaur_freq_gt2,13730,25586869.2228727,154,quasibinomial (logit),College graduate or above (Intercept),1.37652309879839,0.0908654437079687,6.76710504847711e-32,1.19842682913077,1.55461936846601,40.1045992973983,9.98783646360179e-23,2027,4174020.30992251
racethn_combn,NHB,1999-2020,21.2,WTMEC.COMBN,age+gender,educ_level,restaur_freq_gt2,13730,25586869.2228727,154,quasibinomial (logit),Some college or AA degree,-0.242114049640433,0.0612378313851749,0.000118891618569055,-0.362140199155376,-0.12208790012549,40.1045992973983,9.98783646360179e-23,4355,8447717.96649411
racethn_combn,NHB,1999-2020,21.2,WTMEC.COMBN,age+gender,educ_level,restaur_freq_gt2,13730,25586869.2228727,154,quasibinomial (logit),HS graduate or GED,-0.49175633908909,0.0609935187054028,2.32424879797569e-13,-0.611303635751679,-0.3722090424265,40.1045992973983,9.98783646360179e-23,3565,6815903.67111066
racethn_combn,NHB,1999-2020,21.2,WTMEC.COMBN,age+gender,educ_level,restaur_freq_gt2,13730,25586869.2228727,154,quasibinomial (logit),9-11th grade,-0.881376272061451,0.0746150842897998,4.23457701608238e-23,-1.02762183726946,-0.735130706853443,40.1045992973983,9.98783646360179e-23,3033,5090001.2747967
racethn_combn,NHB,1999-2020,21.2,WTMEC.COMBN,age+gender,educ_level,restaur_freq_gt2,13730,25586869.2228727,154,quasibinomial (logit),Less than 9th grade,-1.14206942030564,0.143638017049184,4.37160578241211e-13,-1.42359993372204,-0.860538906889242,40.1045992973983,9.98783646360179e-23,750,1059226.00054867
racethn_combn,Mexican-American,1999-2020,21.2,WTMEC.COMBN,age+gender,educ_level,restaur_freq_gt2,11055,18592320.6742322,145,quasibinomial (logit),College graduate or above (Intercept),0.907427891369163,0.140330513818611,1.58428005078248e-09,0.632380084284686,1.18247569845364,75.3965236922964,7.34156395513857e-34,670,1503630.08918087
racethn_combn,Mexican-American,1999-2020,21.2,WTMEC.COMBN,age+gender,educ_level,restaur_freq_gt2,11055,18592320.6742322,145,quasibinomial (logit),Some college or AA degree,-0.407950378130595,0.131838799594163,0.0023855851637863,-0.666354425335155,-0.149546330926035,75.3965236922964,7.34156395513857e-34,2030,3941349.15750802
racethn_combn,Mexican-American,1999-2020,21.2,WTMEC.COMBN,age+gender,educ_level,restaur_freq_gt2,11055,18592320.6742322,145,quasibinomial (logit),HS graduate or GED,-0.788759645739835,0.135582635538908,3.93050255779787e-08,-1.0545016113961,-0.523017680083575,75.3965236922964,7.34156395513857e-34,2237,4307934.75824276
racethn_combn,Mexican-American,1999-2020,21.2,WTMEC.COMBN,age+gender,educ_level,restaur_freq_gt2,11055,18592320.6742322,145,quasibinomial (logit),9-11th grade,-1.05955743237868,0.125269333964483,3.35560550282176e-14,-1.30508532694907,-0.814029537808296,75.3965236922964,7.34156395513857e-34,2461,4016021.80304311
racethn_combn,Mexican-American,1999-2020,21.2,WTMEC.COMBN,age+gender,educ_level,restaur_freq_gt2,11055,18592320.6742322,145,quasibinomial (logit),Less than 9th grade,-1.71957217878535,0.140663656989072,8.60855610025631e-24,-1.99527294648393,-1.44387141108677,75.3965236922964,7.34156395513857e-34,3657,4823384.86625747
racethn_combn,Other Hispanic,1999-2020,21.2,WTMEC.COMBN,age+gender,educ_level,restaur_freq_gt2,5176,13114419.4640553,140,quasibinomial (logit),College graduate or above (Intercept),0.794788791527816,0.140024338269539,8.16737936435667e-08,0.520341088519521,1.06923649453611,27.8156693042558,8.08285602532013e-17,740,2115073.30613992
racethn_combn,Other Hispanic,1999-2020,21.2,WTMEC.COMBN,age+gender,educ_level,restaur_freq_gt2,5176,13114419.4640553,140,quasibinomial (logit),Some college or AA degree,-0.16586031780027,0.121464822050722,0.174383523217828,-0.403931369019686,0.0722107334191456,27.8156693042558,8.08285602532013e-17,1362,3754062.87647649
racethn_combn,Other Hispanic,1999-2020,21.2,WTMEC.COMBN,age+gender,educ_level,restaur_freq_gt2,5176,13114419.4640553,140,quasibinomial (logit),HS graduate or GED,-0.306883208923319,0.123602828934013,0.0142699787512973,-0.549144753633985,-0.0646216642126541,27.8156693042558,8.08285602532013e-17,1063,2905353.33883245
racethn_combn,Other Hispanic,1999-2020,21.2,WTMEC.COMBN,age+gender,educ_level,restaur_freq_gt2,5176,13114419.4640553,140,quasibinomial (logit),9-11th grade,-0.693001357234726,0.120392061262559,5.59226948475645e-08,-0.928969797309341,-0.45703291716011,27.8156693042558,8.08285602532013e-17,948,2210283.51614964
racethn_combn,Other Hispanic,1999-2020,21.2,WTMEC.COMBN,age+gender,educ_level,restaur_freq_gt2,5176,13114419.4640553,140,quasibinomial (logit),Less than 9th grade,-1.12117175485394,0.124900765199031,2.21297486755562e-15,-1.36597725464404,-0.876366255063841,27.8156693042558,8.08285602532013e-17,1063,2129646.42645676
racethn_combn,NHAsian,1999-2020,21.2,WTMEC.COMBN,age+gender,educ_level,restaur_freq_gt2,3374,5801691.07900989,71,quasibinomial (logit),College graduate or above (Intercept),0.785297867026938,0.147645909296672,1.3778645307746e-06,0.495911884805461,1.07468384924841,14.6432365418403,1.4032834495417e-08,1689,3045873.21341551
racethn_combn,NHAsian,1999-2020,21.2,WTMEC.COMBN,age+gender,educ_level,restaur_freq_gt2,3374,5801691.07900989,71,quasibinomial (logit),Some college or AA degree,0.121076266274682,0.105310487394343,0.25447701051674,-0.0853322890182305,0.327484821567594,14.6432365418403,1.4032834495417e-08,656,1139968.30356594
racethn_combn,NHAsian,1999-2020,21.2,WTMEC.COMBN,age+gender,educ_level,restaur_freq_gt2,3374,5801691.07900989,71,quasibinomial (logit),HS graduate or GED,-0.433595238602398,0.122630526191239,0.000755268899634589,-0.673951069937227,-0.19323940726757,14.6432365418403,1.4032834495417e-08,503,825166.203463095
racethn_combn,NHAsian,1999-2020,21.2,WTMEC.COMBN,age+gender,educ_level,restaur_freq_gt2,3374,5801691.07900989,71,quasibinomial (logit),9-11th grade,-0.936818405973618,0.210608931470958,3.46527214964062e-05,-1.3496119116567,-0.524024900290541,14.6432365418403,1.4032834495417e-08,248,370103.383870189
racethn_combn,NHAsian,1999-2020,21.2,WTMEC.COMBN,age+gender,educ_level,restaur_freq_gt2,3374,5801691.07900989,71,quasibinomial (logit),Less than 9th grade,-1.59407946103137,0.246467655367495,1.49571800953578e-08,-2.07715606555166,-1.11100285651109,14.6432365418403,1.4032834495417e-08,278,420579.974695151
racethn_combn,Other/Multi-Racial,1999-2020,21.2,WTMEC.COMBN,age+gender,educ_level,restaur_freq_gt2,1022,3491071.15289079,72,quasibinomial (logit),College graduate or above (Intercept),1.06780801046924,0.370680327188569,0.00534703465521433,0.341274569179641,1.79434145175883,4.18609171536062,0.00441395250513172,223,769943.602010076
racethn_combn,Other/Multi-Racial,1999-2020,21.2,WTMEC.COMBN,age+gender,educ_level,restaur_freq_gt2,1022,3491071.15289079,72,quasibinomial (logit),Some college or AA degree,-0.0469577562418318,0.286626511385701,0.87036636758447,-0.608745718557806,0.514830206074143,4.18609171536062,0.00441395250513172,434,1516467.66136015
racethn_combn,Other/Multi-Racial,1999-2020,21.2,WTMEC.COMBN,age+gender,educ_level,restaur_freq_gt2,1022,3491071.15289079,72,quasibinomial (logit),HS graduate or GED,-0.655470771913022,0.277365463451541,0.0210723632799562,-1.19910708027804,-0.111834463548002,4.18609171536062,0.00441395250513172,222,795709.095090755
racethn_combn,Other/Multi-Racial,1999-2020,21.2,WTMEC.COMBN,age+gender,educ_level,restaur_freq_gt2,1022,3491071.15289079,72,quasibinomial (logit),9-11th grade,-0.439592350763514,0.380077009809402,0.251610132589704,-1.18454328998994,0.305358588462914,4.18609171536062,0.00441395250513172,105,312726.519097359
racethn_combn,Other/Multi-Racial,1999-2020,21.2,WTMEC.COMBN,age+gender,educ_level,restaur_freq_gt2,1022,3491071.15289079,72,quasibinomial (logit),Less than 9th grade,-0.731721531485626,0.531831224720464,0.173518308119714,-1.77411073193774,0.310667668966484,4.18609171536062,0.00441395250513172,38,96224.2753324528
racethn_combn,NHW,1999-2020,21.2,WTMEC.COMBN,age+gender,educ_level,govtmeal_any,10386,43229969.7205066,160,quasibinomial (logit),College graduate or above (Intercept),-10.6869507849667,0.879023048715167,2.8781755758548e-24,-12.4098359604485,-8.96406560948499,14.6016917668231,3.91705894674916e-10,2372,11941855.1298095
racethn_combn,NHW,1999-2020,21.2,WTMEC.COMBN,age+gender,educ_level,govtmeal_any,10386,43229969.7205066,160,quasibinomial (logit),Some college or AA degree,0.876247849141059,0.251955561702218,0.00065738466097478,0.382414948204711,1.37008075007741,14.6016917668231,3.91705894674916e-10,2790,12097682.7135962
racethn_combn,NHW,1999-2020,21.2,WTMEC.COMBN,age+gender,educ_level,govtmeal_any,10386,43229969.7205066,160,quasibinomial (logit),HS graduate or GED,0.946304864945297,0.221537177223132,3.38528818111231e-05,0.512091997587959,1.38051773230264,14.6016917668231,3.91705894674916e-10,2948,12138964.8670186
racethn_combn,NHW,1999-2020,21.2,WTMEC.COMBN,age+gender,educ_level,govtmeal_any,10386,43229969.7205066,160,quasibinomial (logit),9-11th grade,1.25469381186795,0.262738153463191,4.1410485583684e-06,0.739727031080099,1.76966059265581,14.6016917668231,3.91705894674916e-10,1336,4559645.09407426
racethn_combn,NHW,1999-2020,21.2,WTMEC.COMBN,age+gender,educ_level,govtmeal_any,10386,43229969.7205066,160,quasibinomial (logit),Less than 9th grade,1.76620197181163,0.248995458960027,4.46273322605312e-11,1.27817087224998,2.25423307137328,14.6016917668231,3.91705894674916e-10,940,2491821.91600806
racethn_combn,Mexican-American,1999-2020,21.2,WTMEC.COMBN,age+gender,educ_level,govtmeal_any,2839,2117520.52763413,81,quasibinomial (logit),College graduate or above (Intercept),-8.76563394152917,1.62680709768908,7.89614456675079e-07,-11.9541758529998,-5.57709203005857,2.34150368513468,0.0625787325117859,141,127236.053744038
racethn_combn,Mexican-American,1999-2020,21.2,WTMEC.COMBN,age+gender,educ_level,govtmeal_any,2839,2117520.52763413,81,quasibinomial (logit),Some college or AA degree,-0.430748062768615,0.831909493776352,0.606134112142822,-2.06129067057026,1.19979454503304,2.34150368513468,0.0625787325117859,374,346332.97053283
racethn_combn,Mexican-American,1999-2020,21.2,WTMEC.COMBN,age+gender,educ_level,govtmeal_any,2839,2117520.52763413,81,quasibinomial (logit),HS graduate or GED,0.464621249438391,0.705046206014429,0.511917825615314,-0.91726931434989,1.84651181322667,2.34150368513468,0.0625787325117859,351,303083.620577038
racethn_combn,Mexican-American,1999-2020,21.2,WTMEC.COMBN,age+gender,educ_level,govtmeal_any,2839,2117520.52763413,81,quasibinomial (logit),9-11th grade,0.7297297003391,0.702718528281901,0.302402469572843,-0.647598615093425,2.10705801577163,2.34150368513468,0.0625787325117859,385,274560.076597698
racethn_combn,Mexican-American,1999-2020,21.2,WTMEC.COMBN,age+gender,educ_level,govtmeal_any,2839,2117520.52763413,81,quasibinomial (logit),Less than 9th grade,1.07876359164484,0.644666048821754,0.0984211214593299,-0.184781864045796,2.34230904733548,2.34150368513468,0.0625787325117859,1588,1066307.80618253
racethn_combn,NHB,1999-2020,21.2,WTMEC.COMBN,age+gender,educ_level,govtmeal_any,4118,4900180.8971413,136,quasibinomial (logit),College graduate or above (Intercept),-9.24372026546666,1.00594103309817,8.18496924968866e-16,-11.2153646903391,-7.27207584059425,3.62145780783885,0.00782900282979392,550,684985.664164359
racethn_combn,NHB,1999-2020,21.2,WTMEC.COMBN,age+gender,educ_level,govtmeal_any,4118,4900180.8971413,136,quasibinomial (logit),Some college or AA degree,-0.193244007997672,0.341248858587557,0.572176551532761,-0.862091770829284,0.47560375483394,3.62145780783885,0.00782900282979392,1023,1203097.12200694
racethn_combn,NHB,1999-2020,21.2,WTMEC.COMBN,age+gender,educ_level,govtmeal_any,4118,4900180.8971413,136,quasibinomial (logit),HS graduate or GED,0.158022789986334,0.318753199881826,0.620905886373751,-0.466733481782044,0.782779061754712,3.62145780783885,0.00782900282979392,998,1212878.20943738
racethn_combn,NHB,1999-2020,21.2,WTMEC.COMBN,age+gender,educ_level,govtmeal_any,4118,4900180.8971413,136,quasibinomial (logit),9-11th grade,0.605184765810435,0.262961175982349,0.0229586702995339,0.0897808608850316,1.12058867073584,3.62145780783885,0.00782900282979392,981,1133369.08183342
racethn_combn,NHB,1999-2020,21.2,WTMEC.COMBN,age+gender,educ_level,govtmeal_any,4118,4900180.8971413,136,quasibinomial (logit),Less than 9th grade,0.376463564509414,0.293643549919455,0.202109292505737,-0.199077793332717,0.952004922351545,3.62145780783885,0.00782900282979392,566,665850.819699208
racethn_combn,Other Hispanic,1999-2020,21.2,WTMEC.COMBN,age+gender,educ_level,govtmeal_any,1568,2096236.85000477,91,quasibinomial (logit),College graduate or above (Intercept),-8.19205968698497,1.34404217631545,3.09715644334947e-08,-10.8263823525632,-5.55773702140669,0.816259583186605,0.518294897856649,207,253952.515580717
racethn_combn,Other Hispanic,1999-2020,21.2,WTMEC.COMBN,age+gender,educ_level,govtmeal_any,1568,2096236.85000477,91,quasibinomial (logit),Some college or AA degree,0.921058250344287,0.649458998589883,0.159790329104288,-0.351881386891884,2.19399788758046,0.816259583186605,0.518294897856649,314,417750.927607
racethn_combn,Other Hispanic,1999-2020,21.2,WTMEC.COMBN,age+gender,educ_level,govtmeal_any,1568,2096236.85000477,91,quasibinomial (logit),HS graduate or GED,0.255796980975839,0.694835345467567,0.713683739720405,-1.10608029614059,1.61767425809227,0.816259583186605,0.518294897856649,274,420054.495059113
racethn_combn,Other Hispanic,1999-2020,21.2,WTMEC.COMBN,age+gender,educ_level,govtmeal_any,1568,2096236.85000477,91,quasibinomial (logit),9-11th grade,0.640146981519967,0.575379586348414,0.269032102859268,-0.487597007722924,1.76789097076286,0.816259583186605,0.518294897856649,239,291507.405020057
racethn_combn,Other Hispanic,1999-2020,21.2,WTMEC.COMBN,age+gender,educ_level,govtmeal_any,1568,2096236.85000477,91,quasibinomial (logit),Less than 9th grade,0.814828348838906,0.631623671322895,0.200530748218787,-0.423154046953969,2.05281074463178,0.816259583186605,0.518294897856649,534,712971.506737887
racethn_combn,Other/Multi-Racial/NHAsian,1999-2020,21.2,WTMEC.COMBN,age+gender,educ_level,govtmeal_any,327,995907.960671981,38,quasibinomial (logit),College graduate or above (Intercept),-16.912112830082,3.49959481051061,3.23071290871415e-05,-23.7713186586827,-10.0529070014812,1.549439602652,0.211651816871343,94,302155.295684151
racethn_combn,Other/Multi-Racial/NHAsian,1999-2020,21.2,WTMEC.COMBN,age+gender,educ_level,govtmeal_any,327,995907.960671981,38,quasibinomial (logit),Some college or AA degree,-0.437270654787659,1.17626261491105,0.71253247289941,-2.74274538001331,1.86820407043799,1.549439602652,0.211651816871343,60,175539.591009717
racethn_combn,Other/Multi-Racial/NHAsian,1999-2020,21.2,WTMEC.COMBN,age+gender,educ_level,govtmeal_any,327,995907.960671981,38,quasibinomial (logit),HS graduate or GED,0.248304274820369,0.975572466409127,0.800721162490695,-1.66381775934152,2.16042630898226,1.549439602652,0.211651816871343,65,211705.197996415
racethn_combn,Other/Multi-Racial/NHAsian,1999-2020,21.2,WTMEC.COMBN,age+gender,educ_level,govtmeal_any,327,995907.960671981,38,quasibinomial (logit),9-11th grade,0.01119183997584,1.18300024473535,0.992510416551203,-2.30748863970544,2.32987231965712,1.549439602652,0.211651816871343,30,89775.0106745283
racethn_combn,Other/Multi-Racial/NHAsian,1999-2020,21.2,WTMEC.COMBN,age+gender,educ_level,govtmeal_any,327,995907.960671981,38,quasibinomial (logit),Less than 9th grade,-2.81571822330267,1.26388992403182,0.0330476907115328,-5.29294247440504,-0.338493972200305,1.549439602652,0.211651816871343,78,216732.86530717
racethn_combn,NHAsian,1999-2020,21.2,WTMEC.COMBN,age+gender,educ_level,govtmeal_any,790,1236975.84612074,51,quasibinomial (logit),College graduate or above (Intercept),-9.34017693580071,3.18730999366695,0.00530108959377954,-15.5873045233879,-3.09304934821348,443.537502523215,1.6251677478913e-35,306,465866.312062906
racethn_combn,NHAsian,1999-2020,21.2,WTMEC.COMBN,age+gender,educ_level,govtmeal_any,790,1236975.84612074,51,quasibinomial (logit),Some college or AA degree,-1.00492503966112,1.03229677161551,0.335516567430073,-3.02822671202751,1.01837663270528,443.537502523215,1.6251677478913e-35,124,199652.293416396
racethn_combn,NHAsian,1999-2020,21.2,WTMEC.COMBN,age+gender,educ_level,govtmeal_any,790,1236975.84612074,51,quasibinomial (logit),HS graduate or GED,-1.21983097707788,1.06294747370246,0.257201299155821,-3.30320802553471,0.863546071378949,443.537502523215,1.6251677478913e-35,128,213298.889618623
racethn_combn,NHAsian,1999-2020,21.2,WTMEC.COMBN,age+gender,educ_level,govtmeal_any,790,1236975.84612074,51,quasibinomial (logit),9-11th grade,-15.6762459652777,0.424661140385061,2.72584357887416e-35,-16.5085818004324,-14.843910130123,443.537502523215,1.6251677478913e-35,81,123042.304680811
racethn_combn,NHAsian,1999-2020,21.2,WTMEC.COMBN,age+gender,educ_level,govtmeal_any,790,1236975.84612074,51,quasibinomial (logit),Less than 9th grade,0.317751403126757,0.854338620471006,0.711693093345614,-1.35675229299642,1.99225509924993,443.537502523215,1.6251677478913e-35,151,235116.046342
racethn_combn,Other/Multi-Racial,1999-2020,21.2,WTMEC.COMBN,age+gender,educ_level,govtmeal_any,239,787720.160082094,37,quasibinomial (logit),College graduate or above (Intercept),-11.8847958574739,5.13551398237183,0.0274497311271568,-21.9504032629227,-1.81918845202511,0.707145004432585,0.593179539885916,40,133687.369090434
racethn_combn,Other/Multi-Racial,1999-2020,21.2,WTMEC.COMBN,age+gender,educ_level,govtmeal_any,239,787720.160082094,37,quasibinomial (logit),Some college or AA degree,0.235356793975294,0.86751598477696,0.787959053440223,-1.46497453618755,1.93568812413814,0.707145004432585,0.593179539885916,97,339816.972622774
racethn_combn,Other/Multi-Racial,1999-2020,21.2,WTMEC.COMBN,age+gender,educ_level,govtmeal_any,239,787720.160082094,37,quasibinomial (logit),HS graduate or GED,-1.04717479954485,1.07935934892544,0.339465164917081,-3.16271912343872,1.06836952434902,0.707145004432585,0.593179539885916,60,224437.594609472
racethn_combn,Other/Multi-Racial,1999-2020,21.2,WTMEC.COMBN,age+gender,educ_level,govtmeal_any,239,787720.160082094,37,quasibinomial (logit),9-11th grade,0.83901482625401,1.29843920524519,0.52292331144804,-1.70592601602655,3.38395566853457,0.707145004432585,0.593179539885916,22,45682.0620553019
racethn_combn,Other/Multi-Racial,1999-2020,21.2,WTMEC.COMBN,age+gender,educ_level,govtmeal_any,239,787720.160082094,37,quasibinomial (logit),Less than 9th grade,0.866082796126644,1.24954796952143,0.49339678648382,-1.58303122413536,3.31519681638864,0.707145004432585,0.593179539885916,20,44096.1617041132
racethn_combn,NHB,2003-2020,17.2,WTMEC.COMBN,age+gender,educ_level,foodinsecure,11191,25732286.3414911,128,quasibinomial (logit),College graduate or above (Intercept),-1.39060486536907,0.143326948413851,7.64944661610816e-17,-1.67152568426022,-1.10968404647793,49.494838885382,1.10584684632578e-24,1756,4445512.00754067
racethn_combn,NHB,2003-2020,17.2,WTMEC.COMBN,age+gender,educ_level,foodinsecure,11191,25732286.3414911,128,quasibinomial (logit),Some college or AA degree,0.790385838420724,0.105341721593077,1.1200218080925e-11,0.583916064098294,0.996855612743155,49.494838885382,1.10584684632578e-24,3728,8799728.72713916
racethn_combn,NHB,2003-2020,17.2,WTMEC.COMBN,age+gender,educ_level,foodinsecure,11191,25732286.3414911,128,quasibinomial (logit),HS graduate or GED,1.08336447922652,0.120577471899766,3.97250399409069e-15,0.847032634302977,1.31969632415006,49.494838885382,1.10584684632578e-24,2955,6941635.11152129
racethn_combn,NHB,2003-2020,17.2,WTMEC.COMBN,age+gender,educ_level,foodinsecure,11191,25732286.3414911,128,quasibinomial (logit),9-11th grade,1.41014753675213,0.109138548860071,1.3574207699115e-24,1.19623598098639,1.62405909251787,49.494838885382,1.10584684632578e-24,2215,4573588.08465452
racethn_combn,NHB,2003-2020,17.2,WTMEC.COMBN,age+gender,educ_level,foodinsecure,11191,25732286.3414911,128,quasibinomial (logit),Less than 9th grade,1.48151367128695,0.144853282245376,4.15128437434731e-18,1.19760123808602,1.76542610448789,49.494838885382,1.10584684632578e-24,537,971822.410635475
racethn_combn,NHW,2003-2020,17.2,WTMEC.COMBN,age+gender,educ_level,foodinsecure,20766,150353610.040119,133,quasibinomial (logit),College graduate or above (Intercept),-2.34824193786181,0.136406588028128,5.25853663821262e-35,-2.61559885039694,-2.08088502532668,91.1842199507688,2.23177019332855e-36,5368,48093921.3302541
racethn_combn,NHW,2003-2020,17.2,WTMEC.COMBN,age+gender,educ_level,foodinsecure,20766,150353610.040119,133,quasibinomial (logit),Some college or AA degree,1.42318991884642,0.120753723272774,4.05824472905795e-22,1.18651262123178,1.65986721646105,91.1842199507688,2.23177019332855e-36,6635,48499527.7457032
racethn_combn,NHW,2003-2020,17.2,WTMEC.COMBN,age+gender,educ_level,foodinsecure,20766,150353610.040119,133,quasibinomial (logit),HS graduate or GED,1.65964547312962,0.130664260765272,2.29680189492511e-24,1.40354352202969,1.91574742422955,91.1842199507688,2.23177019332855e-36,5385,37244816.007457
racethn_combn,NHW,2003-2020,17.2,WTMEC.COMBN,age+gender,educ_level,foodinsecure,20766,150353610.040119,133,quasibinomial (logit),9-11th grade,2.15023351070758,0.127452513408045,3.15080768349413e-34,1.90042658442781,2.40004043698735,91.1842199507688,2.23177019332855e-36,2460,12894104.931096
racethn_combn,NHW,2003-2020,17.2,WTMEC.COMBN,age+gender,educ_level,foodinsecure,20766,150353610.040119,133,quasibinomial (logit),Less than 9th grade,2.6117767603707,0.156225860578776,7.01259755829002e-34,2.3055740736363,2.9179794471051,91.1842199507688,2.23177019332855e-36,918,3621240.02560865
racethn_combn,Mexican-American,2003-2020,17.2,WTMEC.COMBN,age+gender,educ_level,foodinsecure,7955,18946410.2248755,119,quasibinomial (logit),College graduate or above (Intercept),-1.71855721133713,0.251021724470413,4.15068379126388e-10,-2.21055979129914,-1.22655463137512,41.4483373883252,2.39632683027884e-21,532,1609864.40703914
racethn_combn,Mexican-American,2003-2020,17.2,WTMEC.COMBN,age+gender,educ_level,foodinsecure,7955,18946410.2248755,119,quasibinomial (logit),Some college or AA degree,1.04068030021224,0.202971021695179,1.22819111164278e-06,0.642857097689685,1.43850350273479,41.4483373883252,2.39632683027884e-21,1538,4115945.76806244
racethn_combn,Mexican-American,2003-2020,17.2,WTMEC.COMBN,age+gender,educ_level,foodinsecure,7955,18946410.2248755,119,quasibinomial (logit),HS graduate or GED,1.48149555001962,0.222923295943309,1.11053973834244e-09,1.04456588997074,1.91842521006851,41.4483373883252,2.39632683027884e-21,1677,4500274.77264693
racethn_combn,Mexican-American,2003-2020,17.2,WTMEC.COMBN,age+gender,educ_level,foodinsecure,7955,18946410.2248755,119,quasibinomial (logit),9-11th grade,1.67830576548567,0.234252234747117,8.51188150940587e-11,1.21917138538132,2.13744014559002,41.4483373883252,2.39632683027884e-21,1708,3999197.974627
racethn_combn,Mexican-American,2003-2020,17.2,WTMEC.COMBN,age+gender,educ_level,foodinsecure,7955,18946410.2248755,119,quasibinomial (logit),Less than 9th grade,2.16783023055844,0.223168524626834,1.39653460647051e-16,1.73041992228984,2.60524053882703,41.4483373883252,2.39632683027884e-21,2500,4721127.30249998
racethn_combn,Other Hispanic,2003-2020,17.2,WTMEC.COMBN,age+gender,educ_level,foodinsecure,4428,12416952.6434439,119,quasibinomial (logit),College graduate or above (Intercept),-2.02709548027901,0.194665478165248,3.29697431171724e-18,-2.40863981748289,-1.64555114307512,29.2351441003835,1.09876550314751e-16,649,2061387.2641226
racethn_combn,Other Hispanic,2003-2020,17.2,WTMEC.COMBN,age+gender,educ_level,foodinsecure,4428,12416952.6434439,119,quasibinomial (logit),Some college or AA degree,1.1422970595524,0.209495862774846,2.95411837684817e-07,0.731685168513704,1.5529089505911,29.2351441003835,1.09876550314751e-16,1185,3599076.7222897
racethn_combn,Other Hispanic,2003-2020,17.2,WTMEC.COMBN,age+gender,educ_level,foodinsecure,4428,12416952.6434439,119,quasibinomial (logit),HS graduate or GED,1.34619984817651,0.191362571371837,1.62854622909847e-10,0.971129208287709,1.72127048806531,29.2351441003835,1.09876550314751e-16,933,2836588.49939093
racethn_combn,Other Hispanic,2003-2020,17.2,WTMEC.COMBN,age+gender,educ_level,foodinsecure,4428,12416952.6434439,119,quasibinomial (logit),9-11th grade,1.73788471051685,0.20280986507829,6.11136529564722e-14,1.34037737496341,2.1353920460703,29.2351441003835,1.09876550314751e-16,789,1969647.28375916
racethn_combn,Other Hispanic,2003-2020,17.2,WTMEC.COMBN,age+gender,educ_level,foodinsecure,4428,12416952.6434439,119,quasibinomial (logit),Less than 9th grade,2.14274428966846,0.213231955011385,2.32384043370378e-17,1.72480965784615,2.56067892149078,29.2351441003835,1.09876550314751e-16,872,1950252.87388149
racethn_combn,Other/Multi-Racial/NHAsian,2003-2020,17.2,WTMEC.COMBN,age+gender,educ_level,foodinsecure,1079,6007497.59081025,57,quasibinomial (logit),College graduate or above (Intercept),-2.77969487609345,0.400981728926732,6.96450958549202e-09,-3.56561906478985,-1.99377068739706,12.2177604411704,4.86365018792259e-07,352,2258805.31654163
racethn_combn,Other/Multi-Racial/NHAsian,2003-2020,17.2,WTMEC.COMBN,age+gender,educ_level,foodinsecure,1079,6007497.59081025,57,quasibinomial (logit),Some college or AA degree,1.4680603959672,0.32308404241961,3.41451870280592e-05,0.834815672824769,2.10130511910964,12.2177604411704,4.86365018792259e-07,287,1674543.32663298
racethn_combn,Other/Multi-Racial/NHAsian,2003-2020,17.2,WTMEC.COMBN,age+gender,educ_level,foodinsecure,1079,6007497.59081025,57,quasibinomial (logit),HS graduate or GED,1.56845965437681,0.350274636221493,4.2651813996505e-05,0.881921367382684,2.25499794137093,12.2177604411704,4.86365018792259e-07,200,1003478.29891471
racethn_combn,Other/Multi-Racial/NHAsian,2003-2020,17.2,WTMEC.COMBN,age+gender,educ_level,foodinsecure,1079,6007497.59081025,57,quasibinomial (logit),9-11th grade,2.20909116681858,0.319991261860056,7.7289195545452e-09,1.58190829357287,2.83627404006429,12.2177604411704,4.86365018792259e-07,121,552449.944904883
racethn_combn,Other/Multi-Racial/NHAsian,2003-2020,17.2,WTMEC.COMBN,age+gender,educ_level,foodinsecure,1079,6007497.59081025,57,quasibinomial (logit),Less than 9th grade,1.59779759125233,0.444299841958935,0.000728142041098836,0.726969901012813,2.46862528149184,12.2177604411704,4.86365018792259e-07,119,518220.703816047
racethn_combn,NHAsian,2003-2020,17.2,WTMEC.COMBN,age+gender,educ_level,foodinsecure,3198,6796215.67140447,71,quasibinomial (logit),College graduate or above (Intercept),-3.01396463109414,0.358106410290701,5.32309144159478e-12,-3.71585319526392,-2.31207606692437,13.7273689041953,3.61297757463811e-08,1603,3559070.17968319
racethn_combn,NHAsian,2003-2020,17.2,WTMEC.COMBN,age+gender,educ_level,foodinsecure,3198,6796215.67140447,71,quasibinomial (logit),Some college or AA degree,1.15377780222553,0.234482999435835,6.19513300077511e-06,0.694191123331297,1.61336448111977,13.7273689041953,3.61297757463811e-08,628,1357802.06705433
racethn_combn,NHAsian,2003-2020,17.2,WTMEC.COMBN,age+gender,educ_level,foodinsecure,3198,6796215.67140447,71,quasibinomial (logit),HS graduate or GED,1.29318321861649,0.218384855897271,1.32042698296813e-07,0.865148901057835,1.72121753617514,13.7273689041953,3.61297757463811e-08,470,954345.565309396
racethn_combn,NHAsian,2003-2020,17.2,WTMEC.COMBN,age+gender,educ_level,foodinsecure,3198,6796215.67140447,71,quasibinomial (logit),9-11th grade,1.51967449565451,0.296263444614917,2.8302757138686e-06,0.938998144209273,2.10035084709975,13.7273689041953,3.61297757463811e-08,234,428114.749496814
racethn_combn,NHAsian,2003-2020,17.2,WTMEC.COMBN,age+gender,educ_level,foodinsecure,3198,6796215.67140447,71,quasibinomial (logit),Less than 9th grade,1.87430128588671,0.301759941244011,4.18065102979101e-08,1.28285180104845,2.46575077072497,13.7273689041953,3.61297757463811e-08,263,496883.109860744
racethn_combn,Other/Multi-Racial,2003-2020,17.2,WTMEC.COMBN,age+gender,educ_level,foodinsecure,979,4179495.8206244,72,quasibinomial (logit),College graduate or above (Intercept),-2.30803795458489,0.37820248597483,6.15024755798394e-08,-3.04931482709556,-1.56676108207423,17.9562585005243,5.09484036953053e-10,217,940495.214125256
racethn_combn,Other/Multi-Racial,2003-2020,17.2,WTMEC.COMBN,age+gender,educ_level,foodinsecure,979,4179495.8206244,72,quasibinomial (logit),Some college or AA degree,2.05538405847579,0.31267453079761,9.21840298140224e-09,1.44254197811248,2.66822613883911,17.9562585005243,5.09484036953053e-10,416,1793079.47640267
racethn_combn,Other/Multi-Racial,2003-2020,17.2,WTMEC.COMBN,age+gender,educ_level,foodinsecure,979,4179495.8206244,72,quasibinomial (logit),HS graduate or GED,2.63155610548201,0.352877229069134,2.47585747731326e-10,1.93991673650651,3.32319547445752,17.9562585005243,5.09484036953053e-10,213,957768.58351307
racethn_combn,Other/Multi-Racial,2003-2020,17.2,WTMEC.COMBN,age+gender,educ_level,foodinsecure,979,4179495.8206244,72,quasibinomial (logit),9-11th grade,2.94895838857573,0.410364214037616,7.54992072717261e-10,2.144644529062,3.75327224808946,17.9562585005243,5.09484036953053e-10,98,373961.598331209
racethn_combn,Other/Multi-Racial,2003-2020,17.2,WTMEC.COMBN,age+gender,educ_level,foodinsecure,979,4179495.8206244,72,quasibinomial (logit),Less than 9th grade,3.57191518347334,0.507912734425887,1.41775702882299e-09,2.57640622399861,4.56742414294808,17.9562585005243,5.09484036953053e-10,35,114190.948252186
racethn_combn,NHW,1999-2020,21.2,WTMEC.COMBN,age+gender,educ_level,genhealth_low_vs_other,26552,151495188.109816,162,quasibinomial (logit),College graduate or above (Intercept),-3.68200557223036,0.0809745897116844,6.50454273222468e-92,-3.84071576806527,-3.52329537639546,205.511518410985,4.35409712949051e-61,6828,47094715.807351
racethn_combn,NHW,1999-2020,21.2,WTMEC.COMBN,age+gender,educ_level,genhealth_low_vs_other,26552,151495188.109816,162,quasibinomial (logit),Some college or AA degree,0.78349766217586,0.0651221855993229,5.30007168700508e-24,0.655858178401188,0.911137145950533,205.511518410985,4.35409712949051e-61,8210,48112133.0938933
racethn_combn,NHW,1999-2020,21.2,WTMEC.COMBN,age+gender,educ_level,genhealth_low_vs_other,26552,151495188.109816,162,quasibinomial (logit),HS graduate or GED,1.23361795437866,0.0658856248098548,9.65948583699133e-42,1.10448212975134,1.36275377900598,205.511518410985,4.35409712949051e-61,7019,38373692.3825445
racethn_combn,NHW,1999-2020,21.2,WTMEC.COMBN,age+gender,educ_level,genhealth_low_vs_other,26552,151495188.109816,162,quasibinomial (logit),9-11th grade,1.74673510587573,0.0729426010270659,4.04107830440948e-54,1.60376760786268,1.88970260388878,205.511518410985,4.35409712949051e-61,3218,13852560.3646918
racethn_combn,NHW,1999-2020,21.2,WTMEC.COMBN,age+gender,educ_level,genhealth_low_vs_other,26552,151495188.109816,162,quasibinomial (logit),Less than 9th grade,2.32787524334366,0.103541481161595,8.44216950269623e-51,2.12493394026693,2.53081654642039,205.511518410985,4.35409712949051e-61,1277,4062086.46133577
racethn_combn,Other/Multi-Racial/NHAsian,1999-2020,21.2,WTMEC.COMBN,age+gender,educ_level,genhealth_low_vs_other,1496,6741221.53561029,84,quasibinomial (logit),College graduate or above (Intercept),-4.23463513725926,0.319925098438259,1.22645420974314e-21,-4.86168833019825,-3.60758194432028,7.93075844484946,2.03760247051137e-05,457,2331376.40899462
racethn_combn,Other/Multi-Racial/NHAsian,1999-2020,21.2,WTMEC.COMBN,age+gender,educ_level,genhealth_low_vs_other,1496,6741221.53561029,84,quasibinomial (logit),Some college or AA degree,1.29163286214385,0.274129543336741,1.05224509675125e-05,0.754338957203841,1.82892676708387,7.93075844484946,2.03760247051137e-05,399,1842490.09510204
racethn_combn,Other/Multi-Racial/NHAsian,1999-2020,21.2,WTMEC.COMBN,age+gender,educ_level,genhealth_low_vs_other,1496,6741221.53561029,84,quasibinomial (logit),HS graduate or GED,1.30292146559836,0.330405313893298,0.000174218103907574,0.655327050367494,1.95051588082922,7.93075844484946,2.03760247051137e-05,303,1273750.75859212
racethn_combn,Other/Multi-Racial/NHAsian,1999-2020,21.2,WTMEC.COMBN,age+gender,educ_level,genhealth_low_vs_other,1496,6741221.53561029,84,quasibinomial (logit),9-11th grade,1.90745678398042,0.376829098004399,2.70202080388914e-06,1.1688717518918,2.64604181606904,7.93075844484946,2.03760247051137e-05,185,738772.131270471
racethn_combn,Other/Multi-Racial/NHAsian,1999-2020,21.2,WTMEC.COMBN,age+gender,educ_level,genhealth_low_vs_other,1496,6741221.53561029,84,quasibinomial (logit),Less than 9th grade,1.7680277442325,0.368079007608307,7.40448771222816e-06,1.04659288932022,2.48946259914479,7.93075844484946,2.03760247051137e-05,152,554832.141651038
racethn_combn,NHB,1999-2020,21.2,WTMEC.COMBN,age+gender,educ_level,genhealth_low_vs_other,13736,25594827.6120025,154,quasibinomial (logit),College graduate or above (Intercept),-3.19225104527921,0.108099523838965,6.4666562005845e-64,-3.40412611200359,-2.98037597855484,58.9413760352387,1.110665446316e-29,2027,4172246.093011
racethn_combn,NHB,1999-2020,21.2,WTMEC.COMBN,age+gender,educ_level,genhealth_low_vs_other,13736,25594827.6120025,154,quasibinomial (logit),Some college or AA degree,0.642212787577161,0.0971190197161477,6.43496979948351e-10,0.451859508933511,0.83256606622081,58.9413760352387,1.110665446316e-29,4354,8451481.51715045
racethn_combn,NHB,1999-2020,21.2,WTMEC.COMBN,age+gender,educ_level,genhealth_low_vs_other,13736,25594827.6120025,154,quasibinomial (logit),HS graduate or GED,0.919939855687303,0.0985792772439039,1.4306425394199e-16,0.726724472289252,1.11315523908536,58.9413760352387,1.110665446316e-29,3568,6817721.15230013
racethn_combn,NHB,1999-2020,21.2,WTMEC.COMBN,age+gender,educ_level,genhealth_low_vs_other,13736,25594827.6120025,154,quasibinomial (logit),9-11th grade,1.33235689546546,0.0990746785742508,1.92847521864847e-27,1.13817052545993,1.52654326547099,58.9413760352387,1.110665446316e-29,3035,5092387.05639544
racethn_combn,NHB,1999-2020,21.2,WTMEC.COMBN,age+gender,educ_level,genhealth_low_vs_other,13736,25594827.6120025,154,quasibinomial (logit),Less than 9th grade,1.35912659841881,0.120345463772238,1.01220236180851e-21,1.12324948942522,1.5950037074124,58.9413760352387,1.110665446316e-29,752,1060991.79314546
racethn_combn,Mexican-American,1999-2020,21.2,WTMEC.COMBN,age+gender,educ_level,genhealth_low_vs_other,11048,18578297.7114624,145,quasibinomial (logit),College graduate or above (Intercept),-3.14677155608989,0.173010357570435,1.39668196057453e-38,-3.48587185692794,-2.80767125525183,137.450285833985,2.77882322380986e-47,669,1501647.12223709
racethn_combn,Mexican-American,1999-2020,21.2,WTMEC.COMBN,age+gender,educ_level,genhealth_low_vs_other,11048,18578297.7114624,145,quasibinomial (logit),Some college or AA degree,0.827937511390764,0.162479208763907,1.1133964091083e-06,0.509478262213505,1.14639676056802,137.450285833985,2.77882322380986e-47,2029,3939633.24806604
racethn_combn,Mexican-American,1999-2020,21.2,WTMEC.COMBN,age+gender,educ_level,genhealth_low_vs_other,11048,18578297.7114624,145,quasibinomial (logit),HS graduate or GED,1.34780662308068,0.151530554057313,2.78996148905785e-15,1.05080673712835,1.64480650903301,137.450285833985,2.77882322380986e-47,2235,4304779.7098421
racethn_combn,Mexican-American,1999-2020,21.2,WTMEC.COMBN,age+gender,educ_level,genhealth_low_vs_other,11048,18578297.7114624,145,quasibinomial (logit),9-11th grade,1.62171941571778,0.154619451441891,2.54668133023155e-19,1.31866529089167,1.92477354054388,137.450285833985,2.77882322380986e-47,2462,4018386.26003942
racethn_combn,Mexican-American,1999-2020,21.2,WTMEC.COMBN,age+gender,educ_level,genhealth_low_vs_other,11048,18578297.7114624,145,quasibinomial (logit),Less than 9th grade,2.19530063705452,0.146417065094143,7.78956946544148e-31,1.90832318947,2.48227808463904,137.450285833985,2.77882322380986e-47,3653,4813851.37127779
racethn_combn,Other Hispanic,1999-2020,21.2,WTMEC.COMBN,age+gender,educ_level,genhealth_low_vs_other,5173,13116076.0327355,140,quasibinomial (logit),College graduate or above (Intercept),-3.10418406020347,0.184775626758509,8.73002545339232e-35,-3.46634428865014,-2.74202383175679,55.4445290071654,1.65235447583495e-27,741,2117596.4299236
racethn_combn,Other Hispanic,1999-2020,21.2,WTMEC.COMBN,age+gender,educ_level,genhealth_low_vs_other,5173,13116076.0327355,140,quasibinomial (logit),Some college or AA degree,0.704125419090927,0.17389342293846,8.64972525043105e-05,0.363294310131546,1.04495652805031,55.4445290071654,1.65235447583495e-27,1361,3755867.10040508
racethn_combn,Other Hispanic,1999-2020,21.2,WTMEC.COMBN,age+gender,educ_level,genhealth_low_vs_other,5173,13116076.0327355,140,quasibinomial (logit),HS graduate or GED,1.3141066659525,0.157833596660521,8.57303689341027e-14,1.00475281649788,1.62346051540712,55.4445290071654,1.65235447583495e-27,1061,2903809.81866679
racethn_combn,Other Hispanic,1999-2020,21.2,WTMEC.COMBN,age+gender,educ_level,genhealth_low_vs_other,5173,13116076.0327355,140,quasibinomial (logit),9-11th grade,1.51756629008557,0.175708482449687,1.50650276773723e-14,1.17317766448418,1.86195491568696,55.4445290071654,1.65235447583495e-27,948,2211437.16248072
racethn_combn,Other Hispanic,1999-2020,21.2,WTMEC.COMBN,age+gender,educ_level,genhealth_low_vs_other,5173,13116076.0327355,140,quasibinomial (logit),Less than 9th grade,2.20192069632858,0.174654862312587,1.6189253645146e-24,1.85959716619591,2.54424422646126,55.4445290071654,1.65235447583495e-27,1062,2127365.5212593
racethn_combn,NHAsian,1999-2020,21.2,WTMEC.COMBN,age+gender,educ_level,genhealth_low_vs_other,3378,5807941.52278581,71,quasibinomial (logit),College graduate or above (Intercept),-3.95042495492239,0.262900570278951,7.94800351520777e-23,-4.46571007266913,-3.43513983717564,35.2649849869317,1.20581616226241e-15,1692,3050605.43300306
racethn_combn,NHAsian,1999-2020,21.2,WTMEC.COMBN,age+gender,educ_level,genhealth_low_vs_other,3378,5807941.52278581,71,quasibinomial (logit),Some college or AA degree,0.90611853668812,0.12431574132774,5.34590574025644e-10,0.662459683685749,1.14977738969049,35.2649849869317,1.20581616226241e-15,656,1139968.30356594
racethn_combn,NHAsian,1999-2020,21.2,WTMEC.COMBN,age+gender,educ_level,genhealth_low_vs_other,3378,5807941.52278581,71,quasibinomial (logit),HS graduate or GED,1.17033683586519,0.166160775859883,1.45389261184843e-09,0.844661715179817,1.49601195655056,35.2649849869317,1.20581616226241e-15,504,826684.427651472
racethn_combn,NHAsian,1999-2020,21.2,WTMEC.COMBN,age+gender,educ_level,genhealth_low_vs_other,3378,5807941.52278581,71,quasibinomial (logit),9-11th grade,1.47389692230379,0.21077622446359,1.78690095294925e-09,1.06077552235516,1.88701832225243,35.2649849869317,1.20581616226241e-15,248,370103.383870189
racethn_combn,NHAsian,1999-2020,21.2,WTMEC.COMBN,age+gender,educ_level,genhealth_low_vs_other,3378,5807941.52278581,71,quasibinomial (logit),Less than 9th grade,1.50927252221167,0.189263934331854,3.24040416316547e-11,1.13831521092124,1.88022983350211,35.2649849869317,1.20581616226241e-15,278,420579.974695151
racethn_combn,Other/Multi-Racial,1999-2020,21.2,WTMEC.COMBN,age+gender,educ_level,genhealth_low_vs_other,1022,3495050.59515092,72,quasibinomial (logit),College graduate or above (Intercept),-2.42277949233473,0.319417865236076,1.46432532648758e-10,-3.04883850819744,-1.79672047647202,2.17246778663598,0.081678303075643,222,768670.374796491
racethn_combn,Other/Multi-Racial,1999-2020,21.2,WTMEC.COMBN,age+gender,educ_level,genhealth_low_vs_other,1022,3495050.59515092,72,quasibinomial (logit),Some college or AA degree,0.455090816627242,0.255845027667132,0.0798817013902977,-0.0463654376003354,0.95654707085482,2.17246778663598,0.081678303075643,435,1518187.09175734
racethn_combn,Other/Multi-Racial,1999-2020,21.2,WTMEC.COMBN,age+gender,educ_level,genhealth_low_vs_other,1022,3495050.59515092,72,quasibinomial (logit),HS graduate or GED,0.569827586340122,0.322643744401605,0.0820002045080986,-0.0625541526870239,1.20220932536727,2.17246778663598,0.081678303075643,222,799242.334167283
racethn_combn,Other/Multi-Racial,1999-2020,21.2,WTMEC.COMBN,age+gender,educ_level,genhealth_low_vs_other,1022,3495050.59515092,72,quasibinomial (logit),9-11th grade,0.66339202440234,0.405632411082916,0.106715271153658,-0.131647501320176,1.45843155012486,2.17246778663598,0.081678303075643,105,312726.519097359
racethn_combn,Other/Multi-Racial,1999-2020,21.2,WTMEC.COMBN,age+gender,educ_level,genhealth_low_vs_other,1022,3495050.59515092,72,quasibinomial (logit),Less than 9th grade,1.27372714542492,0.445918392871405,0.00572357066838239,0.399727095396966,2.14772719545287,2.17246778663598,0.081678303075643,38,96224.2753324528
racethn_combn,NHW,1999-2020,21.2,WTMEC.COMBN,age+gender,educ_level,hc_drvisit,26549,151520158.094023,162,quasibinomial (logit),College graduate or above (Intercept),1.30518891068664,0.0796903681614568,1.0282125054496e-35,1.14899578909018,1.46138203228309,16.8388659157974,1.70426852312938e-11,6831,47129201.696169
racethn_combn,NHW,1999-2020,21.2,WTMEC.COMBN,age+gender,educ_level,hc_drvisit,26549,151520158.094023,162,quasibinomial (logit),Some college or AA degree,-0.175030897691366,0.0625164454194016,0.0057606476879136,-0.297563130713393,-0.0524986646693393,16.8388659157974,1.70426852312938e-11,8212,48111586.1997076
racethn_combn,NHW,1999-2020,21.2,WTMEC.COMBN,age+gender,educ_level,hc_drvisit,26549,151520158.094023,162,quasibinomial (logit),HS graduate or GED,-0.334201514157812,0.064662304202875,7.13187429478119e-07,-0.460939630395447,-0.207463397920177,16.8388659157974,1.70426852312938e-11,7016,38370326.8989671
racethn_combn,NHW,1999-2020,21.2,WTMEC.COMBN,age+gender,educ_level,hc_drvisit,26549,151520158.094023,162,quasibinomial (logit),9-11th grade,-0.61736360306586,0.0768486460055937,2.17396690125746e-13,-0.767986949236823,-0.466740256894896,16.8388659157974,1.70426852312938e-11,3215,13848956.0015002
racethn_combn,NHW,1999-2020,21.2,WTMEC.COMBN,age+gender,educ_level,hc_drvisit,26549,151520158.094023,162,quasibinomial (logit),Less than 9th grade,-0.290130750282618,0.127358111262964,0.0240800075104382,-0.539752648358027,-0.0405088522072087,16.8388659157974,1.70426852312938e-11,1275,4060087.29767889
racethn_combn,Other/Multi-Racial/NHAsian,1999-2020,21.2,WTMEC.COMBN,age+gender,educ_level,hc_drvisit,1496,6741221.53561029,84,quasibinomial (logit),College graduate or above (Intercept),0.818777741343667,0.308085343607307,0.0095421993179789,0.214930467873344,1.42262501481399,0.412281299684058,0.79929305873202,457,2331376.40899462
racethn_combn,Other/Multi-Racial/NHAsian,1999-2020,21.2,WTMEC.COMBN,age+gender,educ_level,hc_drvisit,1496,6741221.53561029,84,quasibinomial (logit),Some college or AA degree,-0.181125215880727,0.204338789935689,0.378128606396809,-0.581629244154678,0.219378812393223,0.412281299684058,0.79929305873202,399,1842490.09510204
racethn_combn,Other/Multi-Racial/NHAsian,1999-2020,21.2,WTMEC.COMBN,age+gender,educ_level,hc_drvisit,1496,6741221.53561029,84,quasibinomial (logit),HS graduate or GED,0.0218791686489367,0.229610257389731,0.924330224787565,-0.428156935834936,0.47191527313281,0.412281299684058,0.79929305873202,303,1273750.75859212
racethn_combn,Other/Multi-Racial/NHAsian,1999-2020,21.2,WTMEC.COMBN,age+gender,educ_level,hc_drvisit,1496,6741221.53561029,84,quasibinomial (logit),9-11th grade,-0.177452211061734,0.256304112130088,0.490773481215738,-0.679808270836707,0.324903848713239,0.412281299684058,0.79929305873202,185,738772.131270471
racethn_combn,Other/Multi-Racial/NHAsian,1999-2020,21.2,WTMEC.COMBN,age+gender,educ_level,hc_drvisit,1496,6741221.53561029,84,quasibinomial (logit),Less than 9th grade,0.00214634563963653,0.288478509308861,0.994082608995978,-0.563271532605731,0.567564223885004,0.412281299684058,0.79929305873202,152,554832.141651038
racethn_combn,NHB,1999-2020,21.2,WTMEC.COMBN,age+gender,educ_level,hc_drvisit,13724,25578094.150875,154,quasibinomial (logit),College graduate or above (Intercept),1.58603340886096,0.132883794262839,1.99178500661564e-23,1.32558117210579,1.84648564561612,10.451082605032,1.74872706024243e-07,2027,4173838.13908157
racethn_combn,NHB,1999-2020,21.2,WTMEC.COMBN,age+gender,educ_level,hc_drvisit,13724,25578094.150875,154,quasibinomial (logit),Some college or AA degree,-0.420744066560022,0.108548423441359,0.000159074136272311,-0.633498976505086,-0.207989156614958,10.451082605032,1.74872706024243e-07,4356,8457770.540342
racethn_combn,NHB,1999-2020,21.2,WTMEC.COMBN,age+gender,educ_level,hc_drvisit,13724,25578094.150875,154,quasibinomial (logit),HS graduate or GED,-0.588533226132082,0.118443907125153,1.8373221892857e-06,-0.820683284097382,-0.356383168166782,10.451082605032,1.74872706024243e-07,3565,6814114.07860227
racethn_combn,NHB,1999-2020,21.2,WTMEC.COMBN,age+gender,educ_level,hc_drvisit,13724,25578094.150875,154,quasibinomial (logit),9-11th grade,-0.720622179718927,0.121874283029539,2.23198386813865e-08,-0.959495774456823,-0.48174858498103,10.451082605032,1.74872706024243e-07,3030,5079852.03044116
racethn_combn,NHB,1999-2020,21.2,WTMEC.COMBN,age+gender,educ_level,hc_drvisit,13724,25578094.150875,154,quasibinomial (logit),Less than 9th grade,-0.677883790689572,0.192337772347668,0.000564992588037992,-1.054865824491,-0.300901756888143,10.451082605032,1.74872706024243e-07,746,1052519.36240805
racethn_combn,Mexican-American,1999-2020,21.2,WTMEC.COMBN,age+gender,educ_level,hc_drvisit,11042,18573342.0859602,145,quasibinomial (logit),College graduate or above (Intercept),1.02651701742839,0.179352991715499,6.16684210521618e-08,0.674985153666009,1.37804888119077,33.3230164555459,1.77391340545675e-19,670,1503630.08918087
racethn_combn,Mexican-American,1999-2020,21.2,WTMEC.COMBN,age+gender,educ_level,hc_drvisit,11042,18573342.0859602,145,quasibinomial (logit),Some college or AA degree,-0.255792989581034,0.153386375045514,0.0976389462363469,-0.556430284670242,0.0448443055081743,33.3230164555459,1.77391340545675e-19,2027,3937789.48454349
racethn_combn,Mexican-American,1999-2020,21.2,WTMEC.COMBN,age+gender,educ_level,hc_drvisit,11042,18573342.0859602,145,quasibinomial (logit),HS graduate or GED,-0.713766753091687,0.161785847166202,2.0398469937453e-05,-1.03086701353744,-0.396666492645932,33.3230164555459,1.77391340545675e-19,2234,4297717.80135904
racethn_combn,Mexican-American,1999-2020,21.2,WTMEC.COMBN,age+gender,educ_level,hc_drvisit,11042,18573342.0859602,145,quasibinomial (logit),9-11th grade,-0.97979362282005,0.161977134380638,1.2764757528319e-08,-1.2972688062061,-0.662318439433999,33.3230164555459,1.77391340545675e-19,2460,4016119.93824904
racethn_combn,Mexican-American,1999-2020,21.2,WTMEC.COMBN,age+gender,educ_level,hc_drvisit,11042,18573342.0859602,145,quasibinomial (logit),Less than 9th grade,-1.23798893581288,0.160323350283592,2.04160344984913e-12,-1.55222270236872,-0.923755169257045,33.3230164555459,1.77391340545675e-19,3651,4818084.77262774
racethn_combn,Other Hispanic,1999-2020,21.2,WTMEC.COMBN,age+gender,educ_level,hc_drvisit,5174,13122328.1994207,140,quasibinomial (logit),College graduate or above (Intercept),1.18674814119919,0.174439154070246,3.09710362034134e-10,0.844847399221512,1.52864888317688,12.1618617778423,1.8327804892166e-08,741,2117596.4299236
racethn_combn,Other Hispanic,1999-2020,21.2,WTMEC.COMBN,age+gender,educ_level,hc_drvisit,5174,13122328.1994207,140,quasibinomial (logit),Some college or AA degree,-0.461229951217595,0.153642453494237,0.00320062964826184,-0.7623691600663,-0.160090742368891,12.1618617778423,1.8327804892166e-08,1363,3762644.64606562
racethn_combn,Other Hispanic,1999-2020,21.2,WTMEC.COMBN,age+gender,educ_level,hc_drvisit,5174,13122328.1994207,140,quasibinomial (logit),HS graduate or GED,-0.62550991234266,0.149811943398023,5.32605212583571e-05,-0.919141321402785,-0.331878503282535,12.1618617778423,1.8327804892166e-08,1062,2904988.95198868
racethn_combn,Other Hispanic,1999-2020,21.2,WTMEC.COMBN,age+gender,educ_level,hc_drvisit,5174,13122328.1994207,140,quasibinomial (logit),9-11th grade,-1.02603973621916,0.169297184476193,1.29241003601354e-08,-1.3578622177925,-0.694217254645818,12.1618617778423,1.8327804892166e-08,947,2208345.22189657
racethn_combn,Other Hispanic,1999-2020,21.2,WTMEC.COMBN,age+gender,educ_level,hc_drvisit,5174,13122328.1994207,140,quasibinomial (logit),Less than 9th grade,-1.00653649533951,0.168334163501,1.91780161867302e-08,-1.33647145580147,-0.676601534877548,12.1618617778423,1.8327804892166e-08,1061,2128752.94954619
racethn_combn,NHAsian,1999-2020,21.2,WTMEC.COMBN,age+gender,educ_level,hc_drvisit,3376,5803169.00916044,71,quasibinomial (logit),College graduate or above (Intercept),0.792534755135829,0.151834844857491,2.01047882088667e-06,0.494938459215147,1.09013105105651,6.23257373620973,0.000261911495696794,1691,3047458.02614947
racethn_combn,NHAsian,1999-2020,21.2,WTMEC.COMBN,age+gender,educ_level,hc_drvisit,3376,5803169.00916044,71,quasibinomial (logit),Some college or AA degree,-0.273607890191977,0.114474075090764,0.0197503968715092,-0.497977077369875,-0.0492387030140796,6.23257373620973,0.000261911495696794,656,1139968.30356594
racethn_combn,NHAsian,1999-2020,21.2,WTMEC.COMBN,age+gender,educ_level,hc_drvisit,3376,5803169.00916044,71,quasibinomial (logit),HS graduate or GED,-0.46583876701377,0.143399805510484,0.00183763684341255,-0.746902385814318,-0.184775148213222,6.23257373620973,0.000261911495696794,504,826684.427651472
racethn_combn,NHAsian,1999-2020,21.2,WTMEC.COMBN,age+gender,educ_level,hc_drvisit,3376,5803169.00916044,71,quasibinomial (logit),9-11th grade,-0.243007015294289,0.208369603454792,0.24778249147881,-0.651411438065681,0.165397407477104,6.23257373620973,0.000261911495696794,248,370103.383870189
racethn_combn,NHAsian,1999-2020,21.2,WTMEC.COMBN,age+gender,educ_level,hc_drvisit,3376,5803169.00916044,71,quasibinomial (logit),Less than 9th grade,-0.626316142509328,0.191833120177274,0.00174890277382479,-1.00230905805679,-0.25032322696187,6.23257373620973,0.000261911495696794,277,418954.867923359
racethn_combn,Other/Multi-Racial,1999-2020,21.2,WTMEC.COMBN,age+gender,educ_level,hc_drvisit,1024,3496636.37799908,72,quasibinomial (logit),College graduate or above (Intercept),1.77829620279949,0.373291573341428,1.08141207621839e-05,1.0466447190503,2.50994768654869,3.31358470607922,0.0155367656735251,223,769943.602010076
racethn_combn,Other/Multi-Racial,1999-2020,21.2,WTMEC.COMBN,age+gender,educ_level,hc_drvisit,1024,3496636.37799908,72,quasibinomial (logit),Some college or AA degree,-0.825405587947513,0.283748967392573,0.00493730957393341,-1.38155356403696,-0.26925761185807,3.31358470607922,0.0155367656735251,436,1519985.67558496
racethn_combn,Other/Multi-Racial,1999-2020,21.2,WTMEC.COMBN,age+gender,educ_level,hc_drvisit,1024,3496636.37799908,72,quasibinomial (logit),HS graduate or GED,-0.289206371379665,0.35721396129085,0.421069884630348,-0.989345735509731,0.410932992750401,3.31358470607922,0.0155367656735251,222,797756.305974227
racethn_combn,Other/Multi-Racial,1999-2020,21.2,WTMEC.COMBN,age+gender,educ_level,hc_drvisit,1024,3496636.37799908,72,quasibinomial (logit),9-11th grade,-0.811883746128626,0.3742651764362,0.0336685818356706,-1.54544349194358,-0.0783240003136734,3.31358470607922,0.0155367656735251,105,312726.519097359
racethn_combn,Other/Multi-Racial,1999-2020,21.2,WTMEC.COMBN,age+gender,educ_level,hc_drvisit,1024,3496636.37799908,72,quasibinomial (logit),Less than 9th grade,-0.75429326552661,0.568687108371105,0.189286566045717,-1.86891999793398,0.360333466880755,3.31358470607922,0.0155367656735251,38,96224.2753324528
racethn_combn,NHW,1999-2020,21.2,WTMEC.COMBN,age+gender,educ_level,hc_hospadmit,26559,151564403.232923,162,quasibinomial (logit),College graduate or above (Intercept),-3.18542499448061,0.0945762683397138,1.81641218478511e-73,-3.37079448042645,-3.00005550853478,20.1495380372424,2.14430439772936e-13,6831,47127097.5768845
racethn_combn,NHW,1999-2020,21.2,WTMEC.COMBN,age+gender,educ_level,hc_hospadmit,26559,151564403.232923,162,quasibinomial (logit),Some college or AA degree,0.246962963361595,0.0615382313594017,9.27617769364291e-05,0.126348029897168,0.367577896826023,20.1495380372424,2.14430439772936e-13,8211,48123244.7345022
racethn_combn,NHW,1999-2020,21.2,WTMEC.COMBN,age+gender,educ_level,hc_hospadmit,26559,151564403.232923,162,quasibinomial (logit),HS graduate or GED,0.373805234126741,0.0629102028556469,1.77462174195837e-08,0.250501236529673,0.497109231723809,20.1495380372424,2.14430439772936e-13,7021,38391422.0845198
racethn_combn,NHW,1999-2020,21.2,WTMEC.COMBN,age+gender,educ_level,hc_hospadmit,26559,151564403.232923,162,quasibinomial (logit),9-11th grade,0.602537231381138,0.0852786801026576,5.00246993911161e-11,0.435391018379929,0.769683444382346,20.1495380372424,2.14430439772936e-13,3218,13855511.0747943
racethn_combn,NHW,1999-2020,21.2,WTMEC.COMBN,age+gender,educ_level,hc_hospadmit,26559,151564403.232923,162,quasibinomial (logit),Less than 9th grade,0.799637728665565,0.112453352898737,3.90510858235471e-11,0.579229156984041,1.02004630034709,20.1495380372424,2.14430439772936e-13,1278,4067127.76222266
racethn_combn,Other/Multi-Racial/NHAsian,1999-2020,21.2,WTMEC.COMBN,age+gender,educ_level,hc_hospadmit,1495,6739625.49291878,84,quasibinomial (logit),College graduate or above (Intercept),-3.60582930910325,0.3505425250313,3.56245661795322e-16,-4.2928926581646,-2.9187659600419,0.663670169865136,0.61910736449951,457,2331376.40899462
racethn_combn,Other/Multi-Racial/NHAsian,1999-2020,21.2,WTMEC.COMBN,age+gender,educ_level,hc_hospadmit,1495,6739625.49291878,84,quasibinomial (logit),Some college or AA degree,0.257767327468628,0.284111081000464,0.367055037777428,-0.299090391292282,0.814625046229538,0.663670169865136,0.61910736449951,399,1842490.09510204
racethn_combn,Other/Multi-Racial/NHAsian,1999-2020,21.2,WTMEC.COMBN,age+gender,educ_level,hc_hospadmit,1495,6739625.49291878,84,quasibinomial (logit),HS graduate or GED,0.331454205367766,0.343050451892136,0.336932011427708,-0.340924680340821,1.00383309107635,0.663670169865136,0.61910736449951,303,1273750.75859212
racethn_combn,Other/Multi-Racial/NHAsian,1999-2020,21.2,WTMEC.COMBN,age+gender,educ_level,hc_hospadmit,1495,6739625.49291878,84,quasibinomial (logit),9-11th grade,0.324774142625565,0.373464335061251,0.387173299935528,-0.407215954094487,1.05676423934562,0.663670169865136,0.61910736449951,185,738772.131270471
racethn_combn,Other/Multi-Racial/NHAsian,1999-2020,21.2,WTMEC.COMBN,age+gender,educ_level,hc_hospadmit,1495,6739625.49291878,84,quasibinomial (logit),Less than 9th grade,-0.125667033934256,0.396807650794792,0.752321022029494,-0.903410029492048,0.652075961623535,0.663670169865136,0.61910736449951,151,553236.098959529
racethn_combn,NHB,1999-2020,21.2,WTMEC.COMBN,age+gender,educ_level,hc_hospadmit,13742,25601535.2581057,154,quasibinomial (logit),College graduate or above (Intercept),-2.55271977399144,0.122617795091702,8.06356016101532e-46,-2.79305065237117,-2.3123888956117,8.83513731479348,2.00405223142249e-06,2028,4174639.15399572
racethn_combn,NHB,1999-2020,21.2,WTMEC.COMBN,age+gender,educ_level,hc_hospadmit,13742,25601535.2581057,154,quasibinomial (logit),Some college or AA degree,0.151496484450819,0.0963668868613405,0.118067329476774,-0.0373826137974086,0.340375582699046,8.83513731479348,2.00405223142249e-06,4358,8457820.14488158
racethn_combn,NHB,1999-2020,21.2,WTMEC.COMBN,age+gender,educ_level,hc_hospadmit,13742,25601535.2581057,154,quasibinomial (logit),HS graduate or GED,0.3144605474283,0.0982661037951401,0.00168120817841686,0.121858983989826,0.507062110866775,8.83513731479348,2.00405223142249e-06,3570,6820193.92848917
racethn_combn,NHB,1999-2020,21.2,WTMEC.COMBN,age+gender,educ_level,hc_hospadmit,13742,25601535.2581057,154,quasibinomial (logit),9-11th grade,0.447632688066802,0.0940756764984898,4.59946227495566e-06,0.263244362129762,0.632021014003842,8.83513731479348,2.00405223142249e-06,3035,5089284.1134981
racethn_combn,NHB,1999-2020,21.2,WTMEC.COMBN,age+gender,educ_level,hc_hospadmit,13742,25601535.2581057,154,quasibinomial (logit),Less than 9th grade,0.453996049506225,0.117904048236484,0.000174920436148382,0.222904114962717,0.685087984049734,8.83513731479348,2.00405223142249e-06,751,1059597.91724112
racethn_combn,Mexican-American,1999-2020,21.2,WTMEC.COMBN,age+gender,educ_level,hc_hospadmit,11056,18594410.2321795,145,quasibinomial (logit),College graduate or above (Intercept),-2.80205219067038,0.232622030788727,2.49186047881478e-23,-3.25799137101628,-2.34611301032447,2.1217998492261,0.0812869204934152,670,1503630.08918087
racethn_combn,Mexican-American,1999-2020,21.2,WTMEC.COMBN,age+gender,educ_level,hc_hospadmit,11056,18594410.2321795,145,quasibinomial (logit),Some college or AA degree,0.275396937320806,0.190682484299624,0.150913422655363,-0.0983407319064571,0.649134606548068,2.1217998492261,0.0812869204934152,2028,3937504.61607877
racethn_combn,Mexican-American,1999-2020,21.2,WTMEC.COMBN,age+gender,educ_level,hc_hospadmit,11056,18594410.2321795,145,quasibinomial (logit),HS graduate or GED,0.358335525399056,0.169131299323831,0.0358960042527971,0.0268381787243473,0.689832872073764,2.1217998492261,0.0812869204934152,2236,4307616.58732011
racethn_combn,Mexican-American,1999-2020,21.2,WTMEC.COMBN,age+gender,educ_level,hc_hospadmit,11056,18594410.2321795,145,quasibinomial (logit),9-11th grade,0.332816070825487,0.181932349278034,0.069491749407884,-0.0237713337594603,0.689403475410434,2.1217998492261,0.0812869204934152,2463,4021187.23232319
racethn_combn,Mexican-American,1999-2020,21.2,WTMEC.COMBN,age+gender,educ_level,hc_hospadmit,11056,18594410.2321795,145,quasibinomial (logit),Less than 9th grade,0.163174484780342,0.174400978662713,0.351087268793717,-0.178651433398576,0.50500040295926,2.1217998492261,0.0812869204934152,3659,4824471.70727657
racethn_combn,Other Hispanic,1999-2020,21.2,WTMEC.COMBN,age+gender,educ_level,hc_hospadmit,5176,13126093.6082115,140,quasibinomial (logit),College graduate or above (Intercept),-3.02269634412993,0.230703719556378,9.22639205421722e-26,-3.47487563446043,-2.57051705379943,3.08217023389701,0.0182574920458182,741,2117596.4299236
racethn_combn,Other Hispanic,1999-2020,21.2,WTMEC.COMBN,age+gender,educ_level,hc_hospadmit,5176,13126093.6082115,140,quasibinomial (logit),Some college or AA degree,0.553984425673771,0.182604877545451,0.00290120835076992,0.196078865684686,0.911889985662856,3.08217023389701,0.0182574920458182,1362,3762644.64606562
racethn_combn,Other Hispanic,1999-2020,21.2,WTMEC.COMBN,age+gender,educ_level,hc_hospadmit,5176,13126093.6082115,140,quasibinomial (logit),HS graduate or GED,0.445902525505839,0.197670184897323,0.0257041968552536,0.0584689631070852,0.833336087904592,3.08217023389701,0.0182574920458182,1062,2904988.95198868
racethn_combn,Other Hispanic,1999-2020,21.2,WTMEC.COMBN,age+gender,educ_level,hc_hospadmit,5176,13126093.6082115,140,quasibinomial (logit),9-11th grade,0.649341235843684,0.199294807707989,0.0014208887208914,0.258723412736027,1.03995905895134,3.08217023389701,0.0182574920458182,949,2212873.85665289
racethn_combn,Other Hispanic,1999-2020,21.2,WTMEC.COMBN,age+gender,educ_level,hc_hospadmit,5176,13126093.6082115,140,quasibinomial (logit),Less than 9th grade,0.530510006071167,0.226727455334535,0.0207683686169522,0.0861241936154786,0.974895818526855,3.08217023389701,0.0182574920458182,1062,2127989.72358072
racethn_combn,NHAsian,1999-2020,21.2,WTMEC.COMBN,age+gender,educ_level,hc_hospadmit,3377,5805788.86741572,71,quasibinomial (logit),College graduate or above (Intercept),-3.60748198005146,0.32116829029097,7.15468700735087e-17,-4.23697182902176,-2.97799213108116,1.87573533794509,0.125295783987441,1692,3050605.43300306
racethn_combn,NHAsian,1999-2020,21.2,WTMEC.COMBN,age+gender,educ_level,hc_hospadmit,3377,5805788.86741572,71,quasibinomial (logit),Some college or AA degree,0.0223782519871017,0.241580773802757,0.926480373363643,-0.451120064666303,0.495876568640506,1.87573533794509,0.125295783987441,655,1137815.64819585
racethn_combn,NHAsian,1999-2020,21.2,WTMEC.COMBN,age+gender,educ_level,hc_hospadmit,3377,5805788.86741572,71,quasibinomial (logit),HS graduate or GED,0.395426960809661,0.275692978765111,0.156279829126349,-0.144931277569957,0.935785199189278,1.87573533794509,0.125295783987441,504,826684.427651472
racethn_combn,NHAsian,1999-2020,21.2,WTMEC.COMBN,age+gender,educ_level,hc_hospadmit,3377,5805788.86741572,71,quasibinomial (logit),9-11th grade,0.287830867050789,0.253174746089471,0.259759765526089,-0.208391635284573,0.784053369386152,1.87573533794509,0.125295783987441,248,370103.383870189
racethn_combn,NHAsian,1999-2020,21.2,WTMEC.COMBN,age+gender,educ_level,hc_hospadmit,3377,5805788.86741572,71,quasibinomial (logit),Less than 9th grade,0.546957939449143,0.232770345482572,0.0218324258049221,0.0907280623033018,1.00318781659499,1.87573533794509,0.125295783987441,278,420579.974695151
racethn_combn,Other/Multi-Racial,1999-2020,21.2,WTMEC.COMBN,age+gender,educ_level,hc_hospadmit,1023,3495799.15081636,72,quasibinomial (logit),College graduate or above (Intercept),-2.72466902553805,0.374861480126476,5.38522661664602e-10,-3.45939752658594,-1.98994052449016,0.962370146809844,0.434118688325875,222,766842.520153095
racethn_combn,Other/Multi-Racial,1999-2020,21.2,WTMEC.COMBN,age+gender,educ_level,hc_hospadmit,1023,3495799.15081636,72,quasibinomial (logit),Some college or AA degree,-0.0551505765022356,0.356715042858705,0.87760312207152,-0.754312060505296,0.644010907500825,0.962370146809844,0.434118688325875,436,1519985.67558496
racethn_combn,Other/Multi-Racial,1999-2020,21.2,WTMEC.COMBN,age+gender,educ_level,hc_hospadmit,1023,3495799.15081636,72,quasibinomial (logit),HS graduate or GED,0.430254620240481,0.393790963149424,0.278543171744086,-0.34157566753239,1.20208490801335,0.962370146809844,0.434118688325875,223,800020.160648491
racethn_combn,Other/Multi-Racial,1999-2020,21.2,WTMEC.COMBN,age+gender,educ_level,hc_hospadmit,1023,3495799.15081636,72,quasibinomial (logit),9-11th grade,0.305435263615262,0.489466881583125,0.534767937018058,-0.653919824287662,1.26479035151819,0.962370146809844,0.434118688325875,104,312726.519097359
racethn_combn,Other/Multi-Racial,1999-2020,21.2,WTMEC.COMBN,age+gender,educ_level,hc_hospadmit,1023,3495799.15081636,72,quasibinomial (logit),Less than 9th grade,0.122359155867609,0.704457888464751,0.862638657255668,-1.2583783055233,1.50309661725852,0.962370146809844,0.434118688325875,38,96224.2753324528
racethn_combn,NHW,1999-2020,21.2,WTMEC.COMBN,age+gender,educ_level,insur_any,26447,151103628.339677,162,quasibinomial (logit),College graduate or above (Intercept),1.37020955587641,0.0992009267789477,7.43547267421567e-29,1.17577573938967,1.56464337236315,103.755303050241,6.39661855462859e-43,6808,47029789.8784218
racethn_combn,NHW,1999-2020,21.2,WTMEC.COMBN,age+gender,educ_level,insur_any,26447,151103628.339677,162,quasibinomial (logit),Some college or AA degree,-1.02558936317717,0.0894250865937053,1.80974201656873e-22,-1.20086253290083,-0.850316193453508,103.755303050241,6.39661855462859e-43,8187,48000696.3429114
racethn_combn,NHW,1999-2020,21.2,WTMEC.COMBN,age+gender,educ_level,insur_any,26447,151103628.339677,162,quasibinomial (logit),HS graduate or GED,-1.39862967083163,0.0887777175322488,4.55280546129675e-34,-1.57263399719484,-1.22462534446843,103.755303050241,6.39661855462859e-43,6979,38220791.9158658
racethn_combn,NHW,1999-2020,21.2,WTMEC.COMBN,age+gender,educ_level,insur_any,26447,151103628.339677,162,quasibinomial (logit),9-11th grade,-1.77379350046535,0.0977476378027058,2.76959555449194e-40,-1.96537887055865,-1.58220813037204,103.755303050241,6.39661855462859e-43,3206,13812650.8379187
racethn_combn,NHW,1999-2020,21.2,WTMEC.COMBN,age+gender,educ_level,insur_any,26447,151103628.339677,162,quasibinomial (logit),Less than 9th grade,-2.03444391295892,0.139788292986355,7.36969029572116e-31,-2.30842896721217,-1.76045885870566,103.755303050241,6.39661855462859e-43,1267,4039699.36455908
racethn_combn,Other/Multi-Racial/NHAsian,1999-2020,21.2,WTMEC.COMBN,age+gender,educ_level,insur_any,1480,6662239.78156803,84,quasibinomial (logit),College graduate or above (Intercept),1.33993904885452,0.296511958004177,2.17998480349444e-05,0.758775611166335,1.92110248654271,10.8673073542219,4.70260176071121e-07,455,2320445.35742519
racethn_combn,Other/Multi-Racial/NHAsian,1999-2020,21.2,WTMEC.COMBN,age+gender,educ_level,insur_any,1480,6662239.78156803,84,quasibinomial (logit),Some college or AA degree,-0.639258718920366,0.23926500097689,0.0091824291107485,-1.10821812083507,-0.170299317005662,10.8673073542219,4.70260176071121e-07,391,1810585.38624459
racethn_combn,Other/Multi-Racial/NHAsian,1999-2020,21.2,WTMEC.COMBN,age+gender,educ_level,insur_any,1480,6662239.78156803,84,quasibinomial (logit),HS graduate or GED,-1.13179605571776,0.227822112206821,3.90896707941056e-06,-1.57832739564313,-0.685264715792392,10.8673073542219,4.70260176071121e-07,300,1256709.87314967
racethn_combn,Other/Multi-Racial/NHAsian,1999-2020,21.2,WTMEC.COMBN,age+gender,educ_level,insur_any,1480,6662239.78156803,84,quasibinomial (logit),9-11th grade,-1.51026811296181,0.300457909460017,3.10530056908693e-06,-2.09916561550345,-0.92137061042018,10.8673073542219,4.70260176071121e-07,182,730411.064679905
racethn_combn,Other/Multi-Racial/NHAsian,1999-2020,21.2,WTMEC.COMBN,age+gender,educ_level,insur_any,1480,6662239.78156803,84,quasibinomial (logit),Less than 9th grade,-1.30424728419234,0.308809767525072,6.45933223351198e-05,-1.90951442854149,-0.698980139843203,10.8673073542219,4.70260176071121e-07,152,544088.100068679
racethn_combn,NHB,1999-2020,21.2,WTMEC.COMBN,age+gender,educ_level,insur_any,13647,25475933.8977921,154,quasibinomial (logit),College graduate or above (Intercept),0.866752564784782,0.119302647093457,1.97728530163124e-11,0.632919376481606,1.10058575308796,30.0105734667666,2.78993584116721e-18,2019,4161226.82560345
racethn_combn,NHB,1999-2020,21.2,WTMEC.COMBN,age+gender,educ_level,insur_any,13647,25475933.8977921,154,quasibinomial (logit),Some college or AA degree,-0.718963069045292,0.0996924775333538,2.64352278443505e-11,-0.914360325010666,-0.523565813079919,30.0105734667666,2.78993584116721e-18,4343,8434499.21466899
racethn_combn,NHB,1999-2020,21.2,WTMEC.COMBN,age+gender,educ_level,insur_any,13647,25475933.8977921,154,quasibinomial (logit),HS graduate or GED,-0.989807083830725,0.100130969497367,5.24037966310037e-18,-1.18606378404557,-0.793550383615885,30.0105734667666,2.78993584116721e-18,3539,6778028.39088705
racethn_combn,NHB,1999-2020,21.2,WTMEC.COMBN,age+gender,educ_level,insur_any,13647,25475933.8977921,154,quasibinomial (logit),9-11th grade,-1.10103075541001,0.116754998096667,7.97371885023193e-17,-1.32987055167948,-0.872190959140544,30.0105734667666,2.78993584116721e-18,3001,5049764.84491004
racethn_combn,NHB,1999-2020,21.2,WTMEC.COMBN,age+gender,educ_level,insur_any,13647,25475933.8977921,154,quasibinomial (logit),Less than 9th grade,-1.27809630514072,0.154466736321845,6.93318836754082e-14,-1.58085110833154,-0.975341501949907,30.0105734667666,2.78993584116721e-18,745,1052414.62172254
racethn_combn,Mexican-American,1999-2020,21.2,WTMEC.COMBN,age+gender,educ_level,insur_any,10968,18502982.0627786,145,quasibinomial (logit),College graduate or above (Intercept),0.00343936111729582,0.142010881085639,0.980712659041648,-0.274901965810557,0.281780688045149,150.508754910798,1.75844517494746e-49,665,1493997.22439417
racethn_combn,Mexican-American,1999-2020,21.2,WTMEC.COMBN,age+gender,educ_level,insur_any,10968,18502982.0627786,145,quasibinomial (logit),Some college or AA degree,-0.705718524961381,0.121498975810584,4.10669301602252e-08,-0.943856517550125,-0.467580532372637,150.508754910798,1.75844517494746e-49,2017,3924667.06512189
racethn_combn,Mexican-American,1999-2020,21.2,WTMEC.COMBN,age+gender,educ_level,insur_any,10968,18502982.0627786,145,quasibinomial (logit),HS graduate or GED,-1.29548746478039,0.137309746295234,1.23104430948694e-16,-1.56461456751905,-1.02636036204173,150.508754910798,1.75844517494746e-49,2218,4288428.8463114
racethn_combn,Mexican-American,1999-2020,21.2,WTMEC.COMBN,age+gender,educ_level,insur_any,10968,18502982.0627786,145,quasibinomial (logit),9-11th grade,-1.79839633030497,0.132573287436857,3.14681171439128e-27,-2.05823997368121,-1.53855268692873,150.508754910798,1.75844517494746e-49,2442,3996529.37424476
racethn_combn,Mexican-American,1999-2020,21.2,WTMEC.COMBN,age+gender,educ_level,insur_any,10968,18502982.0627786,145,quasibinomial (logit),Less than 9th grade,-2.41644758745235,0.138708257944213,9.10112666106573e-37,-2.68831577302301,-2.14457940188169,150.508754910798,1.75844517494746e-49,3626,4799359.5527064
racethn_combn,Other Hispanic,1999-2020,21.2,WTMEC.COMBN,age+gender,educ_level,insur_any,5148,13033784.3934033,140,quasibinomial (logit),College graduate or above (Intercept),0.194585092444139,0.178129307987981,0.276625692525834,-0.154548351212304,0.543718536100581,28.7343242211553,3.03568208811293e-17,737,2114249.59406066
racethn_combn,Other Hispanic,1999-2020,21.2,WTMEC.COMBN,age+gender,educ_level,insur_any,5148,13033784.3934033,140,quasibinomial (logit),Some college or AA degree,-0.348495647215206,0.176887274649838,0.0508822169934321,-0.695194705528888,-0.00179658890152284,28.7343242211553,3.03568208811293e-17,1358,3735053.94809294
racethn_combn,Other Hispanic,1999-2020,21.2,WTMEC.COMBN,age+gender,educ_level,insur_any,5148,13033784.3934033,140,quasibinomial (logit),HS graduate or GED,-0.669931315786764,0.192341561403392,0.000670083252751965,-1.04692077613741,-0.292941855436116,28.7343242211553,3.03568208811293e-17,1059,2885690.01681622
racethn_combn,Other Hispanic,1999-2020,21.2,WTMEC.COMBN,age+gender,educ_level,insur_any,5148,13033784.3934033,140,quasibinomial (logit),9-11th grade,-1.25802141263837,0.160770274197141,1.35529242078442e-12,-1.57313115006476,-0.942911675211968,28.7343242211553,3.03568208811293e-17,939,2189286.5917027
racethn_combn,Other Hispanic,1999-2020,21.2,WTMEC.COMBN,age+gender,educ_level,insur_any,5148,13033784.3934033,140,quasibinomial (logit),Less than 9th grade,-1.51866671849815,0.196592396662686,2.33576574238626e-12,-1.90398781595702,-1.13334562103929,28.7343242211553,3.03568208811293e-17,1055,2109504.24273081
racethn_combn,NHAsian,1999-2020,21.2,WTMEC.COMBN,age+gender,educ_level,insur_any,3372,5800347.14064568,71,quasibinomial (logit),College graduate or above (Intercept),1.83276354069172,0.208576009901527,1.17599672356279e-12,1.42395456128472,2.24157252009871,24.0339331450953,3.12870446404847e-12,1689,3044848.45694928
racethn_combn,NHAsian,1999-2020,21.2,WTMEC.COMBN,age+gender,educ_level,insur_any,3372,5800347.14064568,71,quasibinomial (logit),Some college or AA degree,-1.08338887242226,0.167041484185366,1.39096513241648e-08,-1.41079018142558,-0.755987563418943,24.0339331450953,3.12870446404847e-12,654,1138724.47278345
racethn_combn,NHAsian,1999-2020,21.2,WTMEC.COMBN,age+gender,educ_level,insur_any,3372,5800347.14064568,71,quasibinomial (logit),HS graduate or GED,-1.19785255905476,0.175845082204792,3.72271620103504e-09,-1.54250892017615,-0.853196197933368,24.0339331450953,3.12870446404847e-12,503,826090.852347604
racethn_combn,NHAsian,1999-2020,21.2,WTMEC.COMBN,age+gender,educ_level,insur_any,3372,5800347.14064568,71,quasibinomial (logit),9-11th grade,-1.31685061781172,0.22611531808527,1.94091904579397e-07,-1.76003664125885,-0.87366459436459,24.0339331450953,3.12870446404847e-12,248,370103.383870189
racethn_combn,NHAsian,1999-2020,21.2,WTMEC.COMBN,age+gender,educ_level,insur_any,3372,5800347.14064568,71,quasibinomial (logit),Less than 9th grade,-1.51732662555355,0.209248544400649,6.2308175206406e-10,-1.92745377257882,-1.10719947852828,24.0339331450953,3.12870446404847e-12,278,420579.974695151
racethn_combn,Other/Multi-Racial,1999-2020,21.2,WTMEC.COMBN,age+gender,educ_level,insur_any,1022,3488012.94898128,72,quasibinomial (logit),College graduate or above (Intercept),1.72413765230416,0.399758340444815,5.50271674856836e-05,0.940611305032322,2.507663999576,6.18370478634971,0.000274305286822803,223,769943.602010076
racethn_combn,Other/Multi-Racial,1999-2020,21.2,WTMEC.COMBN,age+gender,educ_level,insur_any,1022,3488012.94898128,72,quasibinomial (logit),Some college or AA degree,-1.51482238919727,0.380835534268757,0.000175444314120996,-2.26126003636404,-0.768384742030511,6.18370478634971,0.000274305286822803,434,1513409.45745064
racethn_combn,Other/Multi-Racial,1999-2020,21.2,WTMEC.COMBN,age+gender,educ_level,insur_any,1022,3488012.94898128,72,quasibinomial (logit),HS graduate or GED,-1.76719085834618,0.384825232716205,2.02598767433132e-05,-2.52144831446994,-1.01293340222242,6.18370478634971,0.000274305286822803,222,795709.095090755
racethn_combn,Other/Multi-Racial,1999-2020,21.2,WTMEC.COMBN,age+gender,educ_level,insur_any,1022,3488012.94898128,72,quasibinomial (logit),9-11th grade,-1.73235627564289,0.494980785297578,0.00083928941736014,-2.70251861482614,-0.762193936459636,6.18370478634971,0.000274305286822803,105,312726.519097359
racethn_combn,Other/Multi-Racial,1999-2020,21.2,WTMEC.COMBN,age+gender,educ_level,insur_any,1022,3488012.94898128,72,quasibinomial (logit),Less than 9th grade,-2.01334392693253,0.535602323843922,0.000363922656305406,-3.06312448166662,-0.963563372198446,6.18370478634971,0.000274305286822803,38,96224.2753324528
racethn_combn,NHW,1999-2020,21.2,WTMEC.COMBN,age+gender,educ_level,uninsur_lastyr,23038,132881689.64383,162,quasibinomial (logit),College graduate or above (Intercept),-1.4253588243691,0.133443074453925,2.4768233381462e-20,-1.68690725029879,-1.1638103984394,20.9150964596278,8.05180664981354e-14,6461,44875824.1776063
racethn_combn,NHW,1999-2020,21.2,WTMEC.COMBN,age+gender,educ_level,uninsur_lastyr,23038,132881689.64383,162,quasibinomial (logit),Some college or AA degree,0.542205298354456,0.0977882340472382,1.23026822630567e-07,0.350540359621869,0.733870237087043,20.9150964596278,8.05180664981354e-14,7096,41938247.2259126
racethn_combn,NHW,1999-2020,21.2,WTMEC.COMBN,age+gender,educ_level,uninsur_lastyr,23038,132881689.64383,162,quasibinomial (logit),HS graduate or GED,0.580325238249217,0.102397991916912,6.82419733430791e-08,0.37962517409207,0.781025302406364,20.9150964596278,8.05180664981354e-14,5859,31981255.3071763
racethn_combn,NHW,1999-2020,21.2,WTMEC.COMBN,age+gender,educ_level,uninsur_lastyr,23038,132881689.64383,162,quasibinomial (logit),9-11th grade,0.688859925213548,0.125905692784929,1.74427584101564e-07,0.442084767355086,0.93563508307201,20.9150964596278,8.05180664981354e-14,2516,10781980.487103
racethn_combn,NHW,1999-2020,21.2,WTMEC.COMBN,age+gender,educ_level,uninsur_lastyr,23038,132881689.64383,162,quasibinomial (logit),Less than 9th grade,1.29634418807632,0.188584476930983,1.41150943408423e-10,0.926718613291595,1.66596976286105,20.9150964596278,8.05180664981354e-14,1106,3304382.44603219
racethn_combn,Other/Multi-Racial/NHAsian,1999-2020,21.2,WTMEC.COMBN,age+gender,educ_level,uninsur_lastyr,1167,5214488.18328624,81,quasibinomial (logit),College graduate or above (Intercept),-1.71720659103152,0.483049439574148,0.000658633924553462,-2.66398349259685,-0.770429689466186,1.99301947581207,0.104206487118369,395,2048105.93618736
racethn_combn,Other/Multi-Racial/NHAsian,1999-2020,21.2,WTMEC.COMBN,age+gender,educ_level,uninsur_lastyr,1167,5214488.18328624,81,quasibinomial (logit),Some college or AA degree,0.499657212967427,0.351252650264869,0.159026824351771,-0.188797981551717,1.18811240748657,1.99301947581207,0.104206487118369,308,1428859.78092459
racethn_combn,Other/Multi-Racial/NHAsian,1999-2020,21.2,WTMEC.COMBN,age+gender,educ_level,uninsur_lastyr,1167,5214488.18328624,81,quasibinomial (logit),HS graduate or GED,0.608660413788923,0.380731209827584,0.114100489626833,-0.137572757473141,1.35489358505099,1.99301947581207,0.104206487118369,219,890363.45972212
racethn_combn,Other/Multi-Racial/NHAsian,1999-2020,21.2,WTMEC.COMBN,age+gender,educ_level,uninsur_lastyr,1167,5214488.18328624,81,quasibinomial (logit),9-11th grade,1.05536463855148,0.43212514785053,0.0169507824504211,0.208399348764442,1.90232992833852,1.99301947581207,0.104206487118369,122,438956.109398867
racethn_combn,Other/Multi-Racial/NHAsian,1999-2020,21.2,WTMEC.COMBN,age+gender,educ_level,uninsur_lastyr,1167,5214488.18328624,81,quasibinomial (logit),Less than 9th grade,0.871740060282836,0.466271601638892,0.0654429940095803,-0.042152278929393,1.78563239949506,1.99301947581207,0.104206487118369,123,408202.897053302
racethn_combn,NHB,1999-2020,21.2,WTMEC.COMBN,age+gender,educ_level,uninsur_lastyr,10893,19741260.2261201,152,quasibinomial (logit),College graduate or above (Intercept),-1.02093926613376,0.150463694980363,2.69423088965736e-10,-1.31584810829527,-0.726030423972248,1.30205463579492,0.272024072653897,1815,3704581.07884283
racethn_combn,NHB,1999-2020,21.2,WTMEC.COMBN,age+gender,educ_level,uninsur_lastyr,10893,19741260.2261201,152,quasibinomial (logit),Some college or AA degree,-0.0490165858781593,0.133477468811012,0.713981134545024,-0.310632424747742,0.212599252991423,1.30205463579492,0.272024072653897,3485,6572765.28824373
racethn_combn,NHB,1999-2020,21.2,WTMEC.COMBN,age+gender,educ_level,uninsur_lastyr,10893,19741260.2261201,152,quasibinomial (logit),HS graduate or GED,0.0823362930693974,0.132333591631511,0.534789113083361,-0.177037546528365,0.341710132667159,1.30205463579492,0.272024072653897,2701,4983536.3983309
racethn_combn,NHB,1999-2020,21.2,WTMEC.COMBN,age+gender,educ_level,uninsur_lastyr,10893,19741260.2261201,152,quasibinomial (logit),9-11th grade,-0.157264014950933,0.141075011276354,0.266787242815717,-0.433771037052587,0.119243007150721,1.30205463579492,0.272024072653897,2265,3634848.82314902
racethn_combn,NHB,1999-2020,21.2,WTMEC.COMBN,age+gender,educ_level,uninsur_lastyr,10893,19741260.2261201,152,quasibinomial (logit),Less than 9th grade,0.182691785402783,0.266094404396673,0.493444253129927,-0.338853247214696,0.704236818020262,1.30205463579492,0.272024072653897,627,845528.637553631
racethn_combn,Mexican-American,1999-2020,21.2,WTMEC.COMBN,age+gender,educ_level,uninsur_lastyr,6442,10038286.6684248,133,quasibinomial (logit),College graduate or above (Intercept),-1.14711715490772,0.22516593046751,1.23326323634958e-06,-1.58844237862404,-0.705791931191399,1.85807205643099,0.121843224993163,562,1257920.75764306
racethn_combn,Mexican-American,1999-2020,21.2,WTMEC.COMBN,age+gender,educ_level,uninsur_lastyr,6442,10038286.6684248,133,quasibinomial (logit),Some college or AA degree,0.234467224824783,0.186137719906924,0.210107865059587,-0.130362706192788,0.599297155842354,1.85807205643099,0.121843224993163,1464,2708522.33874332
racethn_combn,Mexican-American,1999-2020,21.2,WTMEC.COMBN,age+gender,educ_level,uninsur_lastyr,6442,10038286.6684248,133,quasibinomial (logit),HS graduate or GED,0.279462377939853,0.208609825383062,0.182754204104613,-0.129412879810948,0.688337635690654,1.85807205643099,0.121843224993163,1314,2357700.9951133
racethn_combn,Mexican-American,1999-2020,21.2,WTMEC.COMBN,age+gender,educ_level,uninsur_lastyr,6442,10038286.6684248,133,quasibinomial (logit),9-11th grade,0.182815223044109,0.197538880337927,0.356479564580432,-0.204360982418229,0.569991428506447,1.85807205643099,0.121843224993163,1220,1746885.64391768
racethn_combn,Mexican-American,1999-2020,21.2,WTMEC.COMBN,age+gender,educ_level,uninsur_lastyr,6442,10038286.6684248,133,quasibinomial (logit),Less than 9th grade,0.532166488547675,0.212363920634911,0.0134775459970012,0.11593320410325,0.948399772992101,1.85807205643099,0.121843224993163,1882,1967256.93300742
racethn_combn,Other Hispanic,1999-2020,21.2,WTMEC.COMBN,age+gender,educ_level,uninsur_lastyr,3713,8976877.92881174,137,quasibinomial (logit),College graduate or above (Intercept),-0.908064631215548,0.248150329994659,0.000365366323092075,-1.39443927800508,-0.421689984426015,1.4998858759679,0.205920401350228,624,1735787.44602574
racethn_combn,Other Hispanic,1999-2020,21.2,WTMEC.COMBN,age+gender,educ_level,uninsur_lastyr,3713,8976877.92881174,137,quasibinomial (logit),Some college or AA degree,0.202814765597926,0.220915722861653,0.360272581901633,-0.230180051210913,0.635809582406766,1.4998858759679,0.205920401350228,1049,2795245.02885249
racethn_combn,Other Hispanic,1999-2020,21.2,WTMEC.COMBN,age+gender,educ_level,uninsur_lastyr,3713,8976877.92881174,137,quasibinomial (logit),HS graduate or GED,0.462878404885308,0.204320807730923,0.0251263103441587,0.0624096217326992,0.863347188037918,1.4998858759679,0.205920401350228,760,1984249.53567196
racethn_combn,Other Hispanic,1999-2020,21.2,WTMEC.COMBN,age+gender,educ_level,uninsur_lastyr,3713,8976877.92881174,137,quasibinomial (logit),9-11th grade,0.315834928544719,0.226850950835376,0.166203370153319,-0.128792935092619,0.760462792182056,1.4998858759679,0.205920401350228,593,1214505.20020376
racethn_combn,Other Hispanic,1999-2020,21.2,WTMEC.COMBN,age+gender,educ_level,uninsur_lastyr,3713,8976877.92881174,137,quasibinomial (logit),Less than 9th grade,0.122110592437713,0.27689767572495,0.659943291561554,-0.420608851983189,0.664830036858616,1.4998858759679,0.205920401350228,687,1247090.71805779
racethn_combn,NHAsian,1999-2020,21.2,WTMEC.COMBN,age+gender,educ_level,uninsur_lastyr,2891,5056993.14128989,71,quasibinomial (logit),College graduate or above (Intercept),-1.10860947580613,0.303736355770845,0.000524319304748509,-1.70393273311699,-0.513286218495274,4.65921966681797,0.00227922836108842,1550,2829402.07875226
racethn_combn,NHAsian,1999-2020,21.2,WTMEC.COMBN,age+gender,educ_level,uninsur_lastyr,2891,5056993.14128989,71,quasibinomial (logit),Some college or AA degree,0.171710745016317,0.209889511702038,0.416288742743628,-0.239672697919678,0.583094187952311,4.65921966681797,0.00227922836108842,527,924384.801934208
racethn_combn,NHAsian,1999-2020,21.2,WTMEC.COMBN,age+gender,educ_level,uninsur_lastyr,2891,5056993.14128989,71,quasibinomial (logit),HS graduate or GED,0.864168655911314,0.243327567048759,0.000718611680026768,0.387246624495746,1.34109068732688,4.65921966681797,0.00227922836108842,396,666784.540528283
racethn_combn,NHAsian,1999-2020,21.2,WTMEC.COMBN,age+gender,educ_level,uninsur_lastyr,2891,5056993.14128989,71,quasibinomial (logit),9-11th grade,0.527884472455189,0.297481120270992,0.0806608630938089,-0.0551785232759542,1.11094746818633,4.65921966681797,0.00227922836108842,190,295974.850201887
racethn_combn,NHAsian,1999-2020,21.2,WTMEC.COMBN,age+gender,educ_level,uninsur_lastyr,2891,5056993.14128989,71,quasibinomial (logit),Less than 9th grade,1.35927042499594,0.370840601550686,0.000498765683047119,0.632422845956599,2.08611800403529,4.65921966681797,0.00227922836108842,228,340446.869873245
racethn_combn,Other/Multi-Racial,1999-2020,21.2,WTMEC.COMBN,age+gender,educ_level,uninsur_lastyr,829,2864216.86843909,70,quasibinomial (logit),College graduate or above (Intercept),-1.44241401978983,0.555384915981168,0.0116499807681109,-2.53096845511292,-0.353859584466741,0.999121929604006,0.414671790088418,206,730206.037494321
racethn_combn,Other/Multi-Racial,1999-2020,21.2,WTMEC.COMBN,age+gender,educ_level,uninsur_lastyr,829,2864216.86843909,70,quasibinomial (logit),Some college or AA degree,0.66062393357721,0.405948722584706,0.108574882215169,-0.135035562688813,1.45628342984323,0.999121929604006,0.414671790088418,347,1221965.8599033
racethn_combn,Other/Multi-Racial,1999-2020,21.2,WTMEC.COMBN,age+gender,educ_level,uninsur_lastyr,829,2864216.86843909,70,quasibinomial (logit),HS graduate or GED,0.917049626966659,0.513024777848878,0.0785857437669511,-0.0884789376171424,1.92257819155046,0.999121929604006,0.414671790088418,166,609471.486766547
racethn_combn,Other/Multi-Racial,1999-2020,21.2,WTMEC.COMBN,age+gender,educ_level,uninsur_lastyr,829,2864216.86843909,70,quasibinomial (logit),9-11th grade,0.889358203530691,0.851528446807531,0.300217413598032,-0.77963755221207,2.55835395927345,0.999121929604006,0.414671790088418,80,229469.771131755
racethn_combn,Other/Multi-Racial,1999-2020,21.2,WTMEC.COMBN,age+gender,educ_level,uninsur_lastyr,829,2864216.86843909,70,quasibinomial (logit),Less than 9th grade,1.31576626933914,1.02615131231479,0.20438567696982,-0.695490302797842,3.32702284147612,0.999121929604006,0.414671790088418,30,73103.7131431698
