strata_var,strata_level,cycle_yrs,n_yrs.,survweight.,model_covars,exposure,outcome,n_total_raw,n_total_weighted,model_df,model_type,exp_level,beta,se,pval,low95CI,up95CI,fstat,f_pval,n_exp_raw,n_exp_weighted
age_4lvl,over65y,1999-2020,21.2,WTMEC.COMBN,gender,educ_level,bmi,13179,38640629.1980012,163,gaussian (identity),College graduate or above (Intercept),28.1586594743828,0.183381707010022,6.91323694388355e-174,27.7992313286432,28.5180876201225,7.78010354232392,9.49937107776604e-06,2396,9272424.89290162
age_4lvl,over65y,1999-2020,21.2,WTMEC.COMBN,gender,educ_level,bmi,13179,38640629.1980012,163,gaussian (identity),Some college or AA degree,0.931458210019145,0.20231408914669,8.47077952380085e-06,0.534922595291633,1.32799382474666,7.78010354232392,9.49937107776604e-06,3058,10077193.8236912
age_4lvl,over65y,1999-2020,21.2,WTMEC.COMBN,gender,educ_level,bmi,13179,38640629.1980012,163,gaussian (identity),HS graduate or GED,0.807058119737065,0.210894583054475,0.000186617118063972,0.393704736950293,1.22041150252384,7.78010354232392,9.49937107776604e-06,3164,10332824.0216571
age_4lvl,over65y,1999-2020,21.2,WTMEC.COMBN,gender,educ_level,bmi,13179,38640629.1980012,163,gaussian (identity),9-11th grade,0.691702513984407,0.243846185412625,0.0051568097110294,0.213763990575662,1.16964103739315,7.78010354232392,9.49937107776604e-06,1978,4826089.4893573
age_4lvl,over65y,1999-2020,21.2,WTMEC.COMBN,gender,educ_level,bmi,13179,38640629.1980012,163,gaussian (identity),Less than 9th grade,0.170532369737321,0.223574179156626,0.446746671201867,-0.267673021409667,0.608737760884308,7.78010354232392,9.49937107776604e-06,2583,4132096.97039391
age_4lvl,40to64y,1999-2020,21.2,WTMEC.COMBN,gender,educ_level,bmi,22526,95535321.184546,163,gaussian (identity),College graduate or above (Intercept),28.3880963471665,0.143832837914766,5.0566799620029e-191,28.1061839848536,28.6700087094795,42.7143802694356,2.9785371432103e-24,5232,29084998.9470221
age_4lvl,40to64y,1999-2020,21.2,WTMEC.COMBN,gender,educ_level,bmi,22526,95535321.184546,163,gaussian (identity),Some college or AA degree,2.02437878960096,0.166972418649723,2.46978281347805e-24,1.6971128490475,2.35164473015442,42.7143802694356,2.9785371432103e-24,6359,28771583.2983522
age_4lvl,40to64y,1999-2020,21.2,WTMEC.COMBN,gender,educ_level,bmi,22526,95535321.184546,163,gaussian (identity),HS graduate or GED,1.79702839904685,0.180362897457478,1.89555567645638e-18,1.44351712003019,2.1505396780635,42.7143802694356,2.9785371432103e-24,5100,22646329.508841
age_4lvl,40to64y,1999-2020,21.2,WTMEC.COMBN,gender,educ_level,bmi,22526,95535321.184546,163,gaussian (identity),9-11th grade,1.5078090307607,0.200569363211298,3.91781800428322e-12,1.11469307886655,1.90092498265484,42.7143802694356,2.9785371432103e-24,3227,9876040.10908577
age_4lvl,40to64y,1999-2020,21.2,WTMEC.COMBN,gender,educ_level,bmi,22526,95535321.184546,163,gaussian (identity),Less than 9th grade,1.11940045445607,0.206714504216877,2.23867777075213e-07,0.714240026190992,1.52456088272115,42.7143802694356,2.9785371432103e-24,2608,5156369.32124493
age_4lvl,under30y,1999-2020,21.2,WTMEC.COMBN,gender,educ_level,bmi,13126,46802374.0908564,163,gaussian (identity),College graduate or above (Intercept),26.3338440690921,0.234790559419443,1.57237575901329e-152,25.87365457263,26.7940335655542,9.2693452857063,9.37765046496194e-07,1690,8892982.59202577
age_4lvl,under30y,1999-2020,21.2,WTMEC.COMBN,gender,educ_level,bmi,13126,46802374.0908564,163,gaussian (identity),Some college or AA degree,1.09139173148196,0.256515535214801,3.57507278888042e-05,0.588621282460952,1.59416218050297,9.2693452857063,9.37765046496194e-07,4277,16776655.3114371
age_4lvl,under30y,1999-2020,21.2,WTMEC.COMBN,gender,educ_level,bmi,13126,46802374.0908564,163,gaussian (identity),HS graduate or GED,1.44342667670757,0.239229253343575,1.09810122841734e-08,0.974537340154165,1.91231601326098,9.2693452857063,9.37765046496194e-07,3607,12839861.2477747
age_4lvl,under30y,1999-2020,21.2,WTMEC.COMBN,gender,educ_level,bmi,13126,46802374.0908564,163,gaussian (identity),9-11th grade,1.15997319275612,0.283718162087366,6.89519043345231e-05,0.603885595064883,1.71606079044736,9.2693452857063,9.37765046496194e-07,2908,6829545.52292681
age_4lvl,under30y,1999-2020,21.2,WTMEC.COMBN,gender,educ_level,bmi,13126,46802374.0908564,163,gaussian (identity),Less than 9th grade,1.14812309495199,0.376776730255623,0.00270780343687354,0.409640703650968,1.88660548625301,9.2693452857063,9.37765046496194e-07,644,1463329.41669205
age_4lvl,30to39y,1999-2020,21.2,WTMEC.COMBN,gender,educ_level,bmi,9248,40329038.7838969,163,gaussian (identity),College graduate or above (Intercept),27.504684118138,0.213886488881686,8.20987471664771e-162,27.0854665999299,27.9239016363461,27.3715287751524,2.8841894447252e-17,2511,13115866.5896669
age_4lvl,30to39y,1999-2020,21.2,WTMEC.COMBN,gender,educ_level,bmi,9248,40329038.7838969,163,gaussian (identity),Some college or AA degree,2.50258846279079,0.269567841602066,1.22186855103175e-16,1.97423549325074,3.03094143233084,27.3715287751524,2.8841894447252e-17,2717,12183558.7707719
age_4lvl,30to39y,1999-2020,21.2,WTMEC.COMBN,gender,educ_level,bmi,9248,40329038.7838969,163,gaussian (identity),HS graduate or GED,2.17390655956404,0.269508841534969,1.70296568996855e-13,1.6456692301555,2.70214388897258,27.3715287751524,2.8841894447252e-17,2001,8546063.33295187
age_4lvl,30to39y,1999-2020,21.2,WTMEC.COMBN,gender,educ_level,bmi,9248,40329038.7838969,163,gaussian (identity),9-11th grade,2.00706230660525,0.34876898445469,4.38298150336721e-08,1.32347509707405,2.69064951613644,27.3715287751524,2.8841894447252e-17,1322,4495988.24255074
age_4lvl,30to39y,1999-2020,21.2,WTMEC.COMBN,gender,educ_level,bmi,9248,40329038.7838969,163,gaussian (identity),Less than 9th grade,1.55612189663371,0.32085609331908,2.93484033391042e-06,0.927243953728314,2.18499983953911,27.3715287751524,2.8841894447252e-17,697,1987561.84795555
age_4lvl,over65y,1999-2020,21.2,WTMEC.COMBN,gender,educ_level,waist,12388,36500119.9132769,163,gaussian (identity),College graduate or above (Intercept),96.9554389882961,0.447294954483985,1.98070797605964e-197,96.0787408775075,97.8321370990847,9.09831409586599,1.22032729783412e-06,2276,8819049.65022166
age_4lvl,over65y,1999-2020,21.2,WTMEC.COMBN,gender,educ_level,waist,12388,36500119.9132769,163,gaussian (identity),Some college or AA degree,2.21077163306422,0.507164844836718,2.34430536124833e-05,1.21672853718425,3.20481472894419,9.09831409586599,1.22032729783412e-06,2884,9570895.65607804
age_4lvl,over65y,1999-2020,21.2,WTMEC.COMBN,gender,educ_level,waist,12388,36500119.9132769,163,gaussian (identity),HS graduate or GED,1.81610659752332,0.490884109983422,0.00029757176723858,0.853973741955817,2.77823945309083,9.09831409586599,1.22032729783412e-06,3007,9857859.68567574
age_4lvl,over65y,1999-2020,21.2,WTMEC.COMBN,gender,educ_level,waist,12388,36500119.9132769,163,gaussian (identity),9-11th grade,2.00732469901316,0.585914125583429,0.000780848114224544,0.858933012869641,3.15571638515668,9.09831409586599,1.22032729783412e-06,1834,4474149.2569713
age_4lvl,over65y,1999-2020,21.2,WTMEC.COMBN,gender,educ_level,waist,12388,36500119.9132769,163,gaussian (identity),Less than 9th grade,0.197486185188949,0.535786485421914,0.712925860484481,-0.852655326238001,1.2476276966159,9.09831409586599,1.22032729783412e-06,2387,3778165.66433013
age_4lvl,40to64y,1999-2020,21.2,WTMEC.COMBN,gender,educ_level,waist,21887,93183915.1046356,163,gaussian (identity),College graduate or above (Intercept),94.518748132019,0.347558250683135,5.93739779909652e-213,93.83753396068,95.1999623033579,47.6427571361765,3.14942585203107e-26,5113,28511546.7534092
age_4lvl,40to64y,1999-2020,21.2,WTMEC.COMBN,gender,educ_level,waist,21887,93183915.1046356,163,gaussian (identity),Some college or AA degree,4.89592664757196,0.386767688182867,8.40664601253745e-26,4.13786197873354,5.65399131641038,47.6427571361765,3.14942585203107e-26,6173,28063326.6352969
age_4lvl,40to64y,1999-2020,21.2,WTMEC.COMBN,gender,educ_level,waist,21887,93183915.1046356,163,gaussian (identity),HS graduate or GED,4.53818614658017,0.439329501644371,1.95438812039095e-19,3.67710032335721,5.39927196980314,47.6427571361765,3.14942585203107e-26,4938,22044180.1340235
age_4lvl,40to64y,1999-2020,21.2,WTMEC.COMBN,gender,educ_level,waist,21887,93183915.1046356,163,gaussian (identity),9-11th grade,3.49285137528304,0.460177039287009,2.60109589242683e-12,2.5909043782805,4.39479837228558,47.6427571361765,3.14942585203107e-26,3134,9572857.64263191
age_4lvl,40to64y,1999-2020,21.2,WTMEC.COMBN,gender,educ_level,waist,21887,93183915.1046356,163,gaussian (identity),Less than 9th grade,1.86298424683802,0.513740372526276,0.000387429364709696,0.85605311668652,2.86991537698952,47.6427571361765,3.14942585203107e-26,2529,4992003.93927409
age_4lvl,under30y,1999-2020,21.2,WTMEC.COMBN,gender,educ_level,waist,12772,45526447.1014159,163,gaussian (identity),College graduate or above (Intercept),87.8935963990689,0.559127684180763,1.73789702747546e-175,86.7977061380746,88.9894866600632,8.29534420572088,4.23991522714825e-06,1656,8709275.82356449
age_4lvl,under30y,1999-2020,21.2,WTMEC.COMBN,gender,educ_level,waist,12772,45526447.1014159,163,gaussian (identity),Some college or AA degree,2.43134229244808,0.639525848440792,0.000204762931159225,1.17787162950413,3.68481295539203,8.29534420572088,4.23991522714825e-06,4160,16359457.643502
age_4lvl,under30y,1999-2020,21.2,WTMEC.COMBN,gender,educ_level,waist,12772,45526447.1014159,163,gaussian (identity),HS graduate or GED,3.35535586369098,0.600772871103386,9.97595488925666e-08,2.17784103632834,4.53287069105362,8.29534420572088,4.23991522714825e-06,3506,12428192.1950593
age_4lvl,under30y,1999-2020,21.2,WTMEC.COMBN,gender,educ_level,waist,12772,45526447.1014159,163,gaussian (identity),9-11th grade,1.9827798399843,0.662611769807795,0.00321305790534034,0.684060771161023,3.28149890880758,8.29534420572088,4.23991522714825e-06,2832,6630147.45104437
age_4lvl,under30y,1999-2020,21.2,WTMEC.COMBN,gender,educ_level,waist,12772,45526447.1014159,163,gaussian (identity),Less than 9th grade,1.88538383644936,0.980460081197031,0.0562839161045621,-0.0363179226968235,3.80708559559554,8.29534420572088,4.23991522714825e-06,618,1399373.98824574
age_4lvl,30to39y,1999-2020,21.2,WTMEC.COMBN,gender,educ_level,waist,8929,39157598.6697112,163,gaussian (identity),College graduate or above (Intercept),91.329871457415,0.5381536959095,1.03675499658332e-180,90.2750902134323,92.3846527013976,24.0217276697292,1.54851984808816e-15,2425,12775312.8852798
age_4lvl,30to39y,1999-2020,21.2,WTMEC.COMBN,gender,educ_level,waist,8929,39157598.6697112,163,gaussian (identity),Some college or AA degree,5.19159976939775,0.62512577117958,4.23436228026449e-14,3.96635325788577,6.41684628090973,24.0217276697292,1.54851984808816e-15,2642,11863024.4688829
age_4lvl,30to39y,1999-2020,21.2,WTMEC.COMBN,gender,educ_level,waist,8929,39157598.6697112,163,gaussian (identity),HS graduate or GED,4.51102646090347,0.608810203201055,7.18562383642422e-12,3.3177584626294,5.70429445917754,24.0217276697292,1.54851984808816e-15,1928,8267648.72031008
age_4lvl,30to39y,1999-2020,21.2,WTMEC.COMBN,gender,educ_level,waist,8929,39157598.6697112,163,gaussian (identity),9-11th grade,4.08238207928251,0.859013701761508,4.4880949634818e-06,2.39871522382995,5.76604893473506,24.0217276697292,1.54851984808816e-15,1278,4380582.97779234
age_4lvl,30to39y,1999-2020,21.2,WTMEC.COMBN,gender,educ_level,waist,8929,39157598.6697112,163,gaussian (identity),Less than 9th grade,2.39551856862373,0.768467154434949,0.00216913227350496,0.889322945931226,3.90171419131623,24.0217276697292,1.54851984808816e-15,656,1871029.61744602
age_4lvl,under30y,2017-2020,3.2,WTMEC.COMBN,gender,educ_level,whr,1222,42479873.728815,25,gaussian (identity),College graduate or above (Intercept),0.842850895206951,0.00618437027561332,3.65369142080849e-31,0.830729529466748,0.854972260947153,6.31871577318708,0.00186260968058701,248,10892803.501036
age_4lvl,under30y,2017-2020,3.2,WTMEC.COMBN,gender,educ_level,whr,1222,42479873.728815,25,gaussian (identity),Some college or AA degree,0.0250419322328006,0.00643886771309677,0.000911518110309579,0.0124217515151309,0.0376621129504702,6.31871577318708,0.00186260968058701,470,13894528.056631
age_4lvl,under30y,2017-2020,3.2,WTMEC.COMBN,gender,educ_level,whr,1222,42479873.728815,25,gaussian (identity),HS graduate or GED,0.0288350240431078,0.00645488662289408,0.000236169769435473,0.0161834462622354,0.0414866018239802,6.31871577318708,0.00186260968058701,359,14553351.90654
age_4lvl,under30y,2017-2020,3.2,WTMEC.COMBN,gender,educ_level,whr,1222,42479873.728815,25,gaussian (identity),9-11th grade,0.0312301512132491,0.010204529685879,0.00617417475018265,0.0112292730289262,0.051231029397572,6.31871577318708,0.00186260968058701,121,2603388.47962
age_4lvl,under30y,2017-2020,3.2,WTMEC.COMBN,gender,educ_level,whr,1222,42479873.728815,25,gaussian (identity),Less than 9th grade,0.0154531237496639,0.0179510405308605,0.39952446488488,-0.0197309156908226,0.0506371631901505,6.31871577318708,0.00186260968058701,24,535801.784988
age_4lvl,40to64y,2017-2020,3.2,WTMEC.COMBN,gender,educ_level,whr,3587,99300211.55051,25,gaussian (identity),College graduate or above (Intercept),0.884010942283563,0.00562509523218373,2.12025301595334e-32,0.872985755628483,0.895036128938643,9.80780355999541,0.000146873153696189,918,31773045.988665
age_4lvl,40to64y,2017-2020,3.2,WTMEC.COMBN,gender,educ_level,whr,3587,99300211.55051,25,gaussian (identity),Some college or AA degree,0.0193039670691229,0.00457129299171093,0.000417775106775111,0.0103442328053695,0.0282637013328763,9.80780355999541,0.000146873153696189,1152,30411583.118668
age_4lvl,40to64y,2017-2020,3.2,WTMEC.COMBN,gender,educ_level,whr,3587,99300211.55051,25,gaussian (identity),HS graduate or GED,0.0351491971253125,0.00624012531142431,1.63474765872651e-05,0.0229185515149208,0.0473798427357042,9.80780355999541,0.000146873153696189,844,26088881.309583
age_4lvl,40to64y,2017-2020,3.2,WTMEC.COMBN,gender,educ_level,whr,3587,99300211.55051,25,gaussian (identity),9-11th grade,0.030613602312617,0.00689925885838792,0.000253240292478931,0.0170910549501767,0.0441361496750573,9.80780355999541,0.000146873153696189,390,7132296.381965
age_4lvl,40to64y,2017-2020,3.2,WTMEC.COMBN,gender,educ_level,whr,3587,99300211.55051,25,gaussian (identity),Less than 9th grade,0.0301866195875473,0.00565211566348701,3.15622296406002e-05,0.0191084728871128,0.0412647662879819,9.80780355999541,0.000146873153696189,283,3894404.751629
age_4lvl,30to39y,2017-2020,3.2,WTMEC.COMBN,gender,educ_level,whr,1252,40756391.194914,25,gaussian (identity),College graduate or above (Intercept),0.86223002325498,0.00638490511571223,4.38915326873425e-31,0.849715609228184,0.874744437281776,4.93208098272881,0.0062368717686444,373,15976321.637065
age_4lvl,30to39y,2017-2020,3.2,WTMEC.COMBN,gender,educ_level,whr,1252,40756391.194914,25,gaussian (identity),Some college or AA degree,0.0201227503723283,0.00706105117995607,0.00990088149732887,0.00628309005961443,0.0339624106850422,4.93208098272881,0.0062368717686444,428,12943200.217172
age_4lvl,30to39y,2017-2020,3.2,WTMEC.COMBN,gender,educ_level,whr,1252,40756391.194914,25,gaussian (identity),HS graduate or GED,0.0293445894553124,0.00777909191010498,0.00119762522939375,0.0140975693115066,0.0445916095991181,4.93208098272881,0.0062368717686444,243,7880479.509726
age_4lvl,30to39y,2017-2020,3.2,WTMEC.COMBN,gender,educ_level,whr,1252,40756391.194914,25,gaussian (identity),9-11th grade,0.0305166120044813,0.00822034164359146,0.00137710144644562,0.0144047423830421,0.0466284816259206,4.93208098272881,0.0062368717686444,137,2684780.277583
age_4lvl,30to39y,2017-2020,3.2,WTMEC.COMBN,gender,educ_level,whr,1252,40756391.194914,25,gaussian (identity),Less than 9th grade,0.0351193645648892,0.00980549510624497,0.00186640872306469,0.015900594156649,0.0543381349731293,4.93208098272881,0.0062368717686444,71,1271609.553368
age_4lvl,over65y,2017-2020,3.2,WTMEC.COMBN,gender,educ_level,whr,1966,46833506.132768,25,gaussian (identity),College graduate or above (Intercept),0.912105125350993,0.00395341472655517,9.84670305503353e-36,0.904356432486945,0.919853818215041,7.06475055106015,0.00102463242195548,451,14292657.803451
age_4lvl,over65y,2017-2020,3.2,WTMEC.COMBN,gender,educ_level,whr,1966,46833506.132768,25,gaussian (identity),Some college or AA degree,0.0129937255840512,0.00410779652098298,0.00488984941320897,0.00494244440292453,0.0210450067651778,7.06475055106015,0.00102463242195548,569,12703368.411797
age_4lvl,over65y,2017-2020,3.2,WTMEC.COMBN,gender,educ_level,whr,1966,46833506.132768,25,gaussian (identity),HS graduate or GED,0.0152236183684421,0.00501637339667743,0.0065422924496929,0.00539152651095433,0.0250557102259299,7.06475055106015,0.00102463242195548,510,13741761.710674
age_4lvl,over65y,2017-2020,3.2,WTMEC.COMBN,gender,educ_level,whr,1966,46833506.132768,25,gaussian (identity),9-11th grade,0.0186496593642019,0.00680218977021054,0.0125733781162629,0.00531736741458925,0.0319819513138146,7.06475055106015,0.00102463242195548,229,3851795.435342
age_4lvl,over65y,2017-2020,3.2,WTMEC.COMBN,gender,educ_level,whr,1966,46833506.132768,25,gaussian (identity),Less than 9th grade,0.0245224649214353,0.00506618674783938,9.92822616487567e-05,0.0145927388956701,0.0344521909472005,7.06475055106015,0.00102463242195548,207,2243922.771504
age_4lvl,over65y,1999-2020,21.2,WTMEC.COMBN,gender,educ_level,wt,13335,39022985.0850113,163,gaussian (identity),College graduate or above (Intercept),72.4680599091869,0.495393698269773,1.39323874003055e-170,71.4970882605781,73.4390315577956,31.2060335849968,3.79139316792712e-19,2413,9329477.0906377
age_4lvl,over65y,1999-2020,21.2,WTMEC.COMBN,gender,educ_level,wt,13335,39022985.0850113,163,gaussian (identity),Some college or AA degree,1.61063162035747,0.592002261912825,0.00724571443174919,0.450307187008339,2.77095605370661,31.2060335849968,3.79139316792712e-19,3090,10144850.2830461
age_4lvl,over65y,1999-2020,21.2,WTMEC.COMBN,gender,educ_level,wt,13335,39022985.0850113,163,gaussian (identity),HS graduate or GED,0.121266402693737,0.586943550197216,0.836583124744544,-1.02914295569281,1.27167576108028,31.2060335849968,3.79139316792712e-19,3199,10429238.0924474
age_4lvl,over65y,1999-2020,21.2,WTMEC.COMBN,gender,educ_level,wt,13335,39022985.0850113,163,gaussian (identity),9-11th grade,-0.718515249613437,0.70088969339567,0.306860587480729,-2.09225904866895,0.655228549442076,31.2060335849968,3.79139316792712e-19,2006,4887727.58055787
age_4lvl,over65y,1999-2020,21.2,WTMEC.COMBN,gender,educ_level,wt,13335,39022985.0850113,163,gaussian (identity),Less than 9th grade,-4.58936796953443,0.605142713997795,2.69526701313006e-12,-5.77544768897011,-3.40328825009876,31.2060335849968,3.79139316792712e-19,2627,4231692.03832215
age_4lvl,40to64y,1999-2020,21.2,WTMEC.COMBN,gender,educ_level,wt,22566,95674794.1411263,163,gaussian (identity),College graduate or above (Intercept),76.0046142073261,0.423606338514759,1.64535871151888e-184,75.1743457838371,76.834882630815,73.82415062988,3.6270718580274e-35,5238,29104948.6677124
age_4lvl,40to64y,1999-2020,21.2,WTMEC.COMBN,gender,educ_level,wt,22566,95674794.1411263,163,gaussian (identity),Some college or AA degree,4.82454940846789,0.505330254189574,2.44910806185463e-17,3.83410211025632,5.81499670667945,73.82415062988,3.6270718580274e-35,6370,28818357.747944
age_4lvl,40to64y,1999-2020,21.2,WTMEC.COMBN,gender,educ_level,wt,22566,95674794.1411263,163,gaussian (identity),HS graduate or GED,3.15444120849196,0.562621313262737,8.99070024239363e-08,2.051703434497,4.25717898248693,73.82415062988,3.6270718580274e-35,5108,22677144.9852921
age_4lvl,40to64y,1999-2020,21.2,WTMEC.COMBN,gender,educ_level,wt,22566,95674794.1411263,163,gaussian (identity),9-11th grade,1.14695690788495,0.588891982273446,0.053229173957663,-0.00727137737100581,2.3011851931409,73.82415062988,3.6270718580274e-35,3234,9899037.2788533
age_4lvl,40to64y,1999-2020,21.2,WTMEC.COMBN,gender,educ_level,wt,22566,95674794.1411263,163,gaussian (identity),Less than 9th grade,-4.60827779986733,0.607047403576711,2.58549072440283e-12,-5.79809071087768,-3.41846488885697,73.82415062988,3.6270718580274e-35,2616,5175305.46132453
age_4lvl,under30y,1999-2020,21.2,WTMEC.COMBN,gender,educ_level,wt,13137,46841559.2585152,163,gaussian (identity),College graduate or above (Intercept),70.7509830797325,0.677277911253232,1.02133720904674e-147,69.4235183736761,72.0784477857888,17.3710014641116,7.8521292809447e-12,1692,8905713.55048785
age_4lvl,under30y,1999-2020,21.2,WTMEC.COMBN,gender,educ_level,wt,13137,46841559.2585152,163,gaussian (identity),Some college or AA degree,2.86216404529379,0.7686749158737,0.000272888202529605,1.35556121018133,4.36876688040624,17.3710014641116,7.8521292809447e-12,4280,16794751.2487898
age_4lvl,under30y,1999-2020,21.2,WTMEC.COMBN,gender,educ_level,wt,13137,46841559.2585152,163,gaussian (identity),HS graduate or GED,2.8352897063051,0.703163296048392,8.57610134269687e-05,1.45708964605025,4.21348976655995,17.3710014641116,7.8521292809447e-12,3609,12841008.2263987
age_4lvl,under30y,1999-2020,21.2,WTMEC.COMBN,gender,educ_level,wt,13137,46841559.2585152,163,gaussian (identity),9-11th grade,0.672201712785152,0.869120708722807,0.440425127413059,-1.03127487631155,2.37567830188185,17.3710014641116,7.8521292809447e-12,2911,6836102.54691577
age_4lvl,under30y,1999-2020,21.2,WTMEC.COMBN,gender,educ_level,wt,13137,46841559.2585152,163,gaussian (identity),Less than 9th grade,-3.79279867759612,1.09836714531251,0.000711312830731473,-5.94559828240864,-1.63999907278359,17.3710014641116,7.8521292809447e-12,645,1463983.68592308
age_4lvl,30to39y,1999-2020,21.2,WTMEC.COMBN,gender,educ_level,wt,9250,40344484.2279463,163,gaussian (identity),College graduate or above (Intercept),74.7075322715464,0.641699775360661,4.65102700197149e-155,73.4498007118395,75.9652638312533,45.3344798593969,2.5680383821826e-25,2511,13115866.5896669
age_4lvl,30to39y,1999-2020,21.2,WTMEC.COMBN,gender,educ_level,wt,9250,40344484.2279463,163,gaussian (identity),Some college or AA degree,5.81891697615382,0.841892653597617,1.11406880054154e-10,4.16880737510249,7.46902657720515,45.3344798593969,2.5680383821826e-25,2717,12183558.7707719
age_4lvl,30to39y,1999-2020,21.2,WTMEC.COMBN,gender,educ_level,wt,9250,40344484.2279463,163,gaussian (identity),HS graduate or GED,3.76699004919425,0.835722510535003,1.27114257795101e-05,2.12897392854565,5.40500616984286,45.3344798593969,2.5680383821826e-25,2001,8546063.33295187
age_4lvl,30to39y,1999-2020,21.2,WTMEC.COMBN,gender,educ_level,wt,9250,40344484.2279463,163,gaussian (identity),9-11th grade,2.07157381846707,1.13923236185035,0.0708977126310449,-0.161321610759611,4.30446924769374,45.3344798593969,2.5680383821826e-25,1323,4506596.44758149
age_4lvl,30to39y,1999-2020,21.2,WTMEC.COMBN,gender,educ_level,wt,9250,40344484.2279463,163,gaussian (identity),Less than 9th grade,-4.49436029402198,0.979570227093241,9.06099192508185e-06,-6.41431793912474,-2.57440264891923,45.3344798593969,2.5680383821826e-25,698,1992399.08697411
age_4lvl,over65y,1999-2020,21.2,WTMEC.COMBN,gender,educ_level,sbp_mean,12908,37873431.3585958,163,gaussian (identity),College graduate or above (Intercept),133.887443163108,0.589001081481047,1.10964631216919e-200,132.733001043406,135.041885282811,40.4124607962051,2.73457250464951e-23,2332,9083134.77976319
age_4lvl,over65y,1999-2020,21.2,WTMEC.COMBN,gender,educ_level,sbp_mean,12908,37873431.3585958,163,gaussian (identity),Some college or AA degree,3.22600471190257,0.650542189895449,1.8126141458582e-06,1.95094201970749,4.50106740409765,40.4124607962051,2.73457250464951e-23,2993,9877951.61180455
age_4lvl,over65y,1999-2020,21.2,WTMEC.COMBN,gender,educ_level,sbp_mean,12908,37873431.3585958,163,gaussian (identity),HS graduate or GED,4.74075538381395,0.70051740255195,2.42164839156305e-10,3.36774127481213,6.11376949281577,40.4124607962051,2.73457250464951e-23,3093,10095429.4037331
age_4lvl,over65y,1999-2020,21.2,WTMEC.COMBN,gender,educ_level,sbp_mean,12908,37873431.3585958,163,gaussian (identity),9-11th grade,6.76416544054983,0.804741885544681,2.34632706633261e-14,5.18687134488225,8.3414595362174,40.4124607962051,2.73457250464951e-23,1954,4770979.9892511
age_4lvl,over65y,1999-2020,21.2,WTMEC.COMBN,gender,educ_level,sbp_mean,12908,37873431.3585958,163,gaussian (identity),Less than 9th grade,8.98157117325165,0.748328631324572,5.33590472356612e-24,7.51484705585549,10.4482952906478,40.4124607962051,2.73457250464951e-23,2536,4045935.57404385
age_4lvl,40to64y,1999-2020,21.2,WTMEC.COMBN,gender,educ_level,sbp_mean,21709,92612486.1840577,163,gaussian (identity),College graduate or above (Intercept),119.358003375153,0.337525497548479,6.06289211940769e-231,118.696453399958,120.019553350348,46.3231431042137,1.03826897571554e-25,5060,28178409.1775722
age_4lvl,40to64y,1999-2020,21.2,WTMEC.COMBN,gender,educ_level,sbp_mean,21709,92612486.1840577,163,gaussian (identity),Some college or AA degree,3.10924888006206,0.383788460993612,1.38765859184171e-13,2.35702349651458,3.86147426360954,46.3231431042137,1.03826897571554e-25,6152,28043817.938335
age_4lvl,40to64y,1999-2020,21.2,WTMEC.COMBN,gender,educ_level,sbp_mean,21709,92612486.1840577,163,gaussian (identity),HS graduate or GED,4.71360837329279,0.442172501747082,2.48955407864069e-20,3.84695026986851,5.58026647671707,46.3231431042137,1.03826897571554e-25,4915,21994638.4361944
age_4lvl,40to64y,1999-2020,21.2,WTMEC.COMBN,gender,educ_level,sbp_mean,21709,92612486.1840577,163,gaussian (identity),9-11th grade,5.77456726294639,0.581319353337648,2.27934066810387e-18,4.6351813304046,6.91395319548818,46.3231431042137,1.03826897571554e-25,3101,9502959.78649172
age_4lvl,40to64y,1999-2020,21.2,WTMEC.COMBN,gender,educ_level,sbp_mean,21709,92612486.1840577,163,gaussian (identity),Less than 9th grade,5.23453730211462,0.547944992409822,2.36494391272593e-17,4.16056511699137,6.30850948723787,46.3231431042137,1.03826897571554e-25,2481,4892660.84546447
age_4lvl,under30y,1999-2020,21.2,WTMEC.COMBN,gender,educ_level,sbp_mean,12616,44938926.6262335,163,gaussian (identity),College graduate or above (Intercept),108.574066630742,0.369409052473057,2.85099619033894e-218,107.850024887895,109.298108373589,4.06727982493011,0.00363486132479972,1637,8593567.7311486
age_4lvl,under30y,1999-2020,21.2,WTMEC.COMBN,gender,educ_level,sbp_mean,12616,44938926.6262335,163,gaussian (identity),Some college or AA degree,0.834890593397051,0.408087747831125,0.0424281529954282,0.0350386076480458,1.63474257914606,4.06727982493011,0.00363486132479972,4109,16133531.4153634
age_4lvl,under30y,1999-2020,21.2,WTMEC.COMBN,gender,educ_level,sbp_mean,12616,44938926.6262335,163,gaussian (identity),HS graduate or GED,-0.233423282560119,0.40532128514719,0.565504226570396,-1.02785300144861,0.561006436328372,4.06727982493011,0.00363486132479972,3479,12308187.3293321
age_4lvl,under30y,1999-2020,21.2,WTMEC.COMBN,gender,educ_level,sbp_mean,12616,44938926.6262335,163,gaussian (identity),9-11th grade,0.0758130359003746,0.44197254796571,0.864023896269362,-0.790453158112416,0.942079229913165,4.06727982493011,0.00363486132479972,2779,6517280.4997639
age_4lvl,under30y,1999-2020,21.2,WTMEC.COMBN,gender,educ_level,sbp_mean,12616,44938926.6262335,163,gaussian (identity),Less than 9th grade,-0.19823965039361,0.765527588695616,0.796004554583677,-1.69867372423702,1.3021944234498,4.06727982493011,0.00363486132479972,612,1386359.65062544
age_4lvl,30to39y,1999-2020,21.2,WTMEC.COMBN,gender,educ_level,sbp_mean,8761,38457310.3590236,163,gaussian (identity),College graduate or above (Intercept),109.722760882536,0.367798575824051,2.72183400443149e-219,109.001875673921,110.443646091152,12.8736314627307,4.27850310939515e-09,2378,12510496.5707781
age_4lvl,30to39y,1999-2020,21.2,WTMEC.COMBN,gender,educ_level,sbp_mean,8761,38457310.3590236,163,gaussian (identity),Some college or AA degree,2.27238993016855,0.420965676462053,2.42703046193616e-07,1.44729720430293,3.09748265603418,12.8736314627307,4.27850310939515e-09,2580,11622897.6482845
age_4lvl,30to39y,1999-2020,21.2,WTMEC.COMBN,gender,educ_level,sbp_mean,8761,38457310.3590236,163,gaussian (identity),HS graduate or GED,2.46379265127133,0.442646294975379,1.09289678634959e-07,1.59620591311959,3.33137938942307,12.8736314627307,4.27850310939515e-09,1904,8168531.89770923
age_4lvl,30to39y,1999-2020,21.2,WTMEC.COMBN,gender,educ_level,sbp_mean,8761,38457310.3590236,163,gaussian (identity),9-11th grade,3.36275861360379,0.617115584412021,1.90705259601665e-07,2.15321206815623,4.57230515905135,12.8736314627307,4.27850310939515e-09,1271,4365712.51526362
age_4lvl,30to39y,1999-2020,21.2,WTMEC.COMBN,gender,educ_level,sbp_mean,8761,38457310.3590236,163,gaussian (identity),Less than 9th grade,2.3971934002672,0.701608158447184,0.000805978227778197,1.02204140971072,3.77234539082368,12.8736314627307,4.27850310939515e-09,628,1789671.72698813
age_4lvl,over65y,1999-2020,21.2,WTMEC.COMBN,gender,educ_level,dbp_mean,12908,37873431.3585958,163,gaussian (identity),College graduate or above (Intercept),66.568999798912,0.406748154795699,3.10290607463382e-178,65.7717734155124,67.3662261823116,5.68243258678022,0.000267554293749032,2332,9083134.77976319
age_4lvl,over65y,1999-2020,21.2,WTMEC.COMBN,gender,educ_level,dbp_mean,12908,37873431.3585958,163,gaussian (identity),Some college or AA degree,0.111301979030173,0.485098749779163,0.818822219456813,-0.839491570536986,1.06209552859733,5.68243258678022,0.000267554293749032,2993,9877951.61180455
age_4lvl,over65y,1999-2020,21.2,WTMEC.COMBN,gender,educ_level,dbp_mean,12908,37873431.3585958,163,gaussian (identity),HS graduate or GED,-0.445449165464792,0.495011906600907,0.36955589493796,-1.41567250240257,0.524774171472986,5.68243258678022,0.000267554293749032,3093,10095429.4037331
age_4lvl,over65y,1999-2020,21.2,WTMEC.COMBN,gender,educ_level,dbp_mean,12908,37873431.3585958,163,gaussian (identity),9-11th grade,-1.57569658299146,0.613503871542829,0.0111445426022302,-2.77816417121541,-0.37322899476752,5.68243258678022,0.000267554293749032,1954,4770979.9892511
age_4lvl,over65y,1999-2020,21.2,WTMEC.COMBN,gender,educ_level,dbp_mean,12908,37873431.3585958,163,gaussian (identity),Less than 9th grade,-2.05730079636103,0.542137440102218,0.000210121624214712,-3.11989017896138,-0.994711413760685,5.68243258678022,0.000267554293749032,2536,4045935.57404385
age_4lvl,40to64y,1999-2020,21.2,WTMEC.COMBN,gender,educ_level,dbp_mean,21709,92612486.1840577,163,gaussian (identity),College graduate or above (Intercept),72.6230168502939,0.255759714646114,6.55884323856888e-216,72.1217278095875,73.1243058910003,10.1812356133369,2.32936075746161e-07,5060,28178409.1775722
age_4lvl,40to64y,1999-2020,21.2,WTMEC.COMBN,gender,educ_level,dbp_mean,21709,92612486.1840577,163,gaussian (identity),Some college or AA degree,1.00040172818785,0.269247408644559,0.000280901890881876,0.472676807244514,1.52812664913118,10.1812356133369,2.32936075746161e-07,6152,28043817.938335
age_4lvl,40to64y,1999-2020,21.2,WTMEC.COMBN,gender,educ_level,dbp_mean,21709,92612486.1840577,163,gaussian (identity),HS graduate or GED,1.34760486712295,0.273447354861647,2.07787965236111e-06,0.811648051594121,1.88356168265178,10.1812356133369,2.32936075746161e-07,4915,21994638.4361944
age_4lvl,40to64y,1999-2020,21.2,WTMEC.COMBN,gender,educ_level,dbp_mean,21709,92612486.1840577,163,gaussian (identity),9-11th grade,0.655358594570493,0.324366865591058,0.0450286973467936,0.0195995380120194,1.29111765112897,10.1812356133369,2.32936075746161e-07,3101,9502959.78649172
age_4lvl,40to64y,1999-2020,21.2,WTMEC.COMBN,gender,educ_level,dbp_mean,21709,92612486.1840577,163,gaussian (identity),Less than 9th grade,-0.76117759088765,0.387399987784017,0.0511869722216218,-1.52048156694432,-0.00187361483097637,10.1812356133369,2.32936075746161e-07,2481,4892660.84546447
age_4lvl,under30y,1999-2020,21.2,WTMEC.COMBN,gender,educ_level,dbp_mean,12616,44938926.6262335,163,gaussian (identity),College graduate or above (Intercept),66.6945180979723,0.355788319681242,1.6784947590605e-187,65.9971729913971,67.3918632045475,24.6246794892524,7.45137516853704e-16,1637,8593567.7311486
age_4lvl,under30y,1999-2020,21.2,WTMEC.COMBN,gender,educ_level,dbp_mean,12616,44938926.6262335,163,gaussian (identity),Some college or AA degree,-0.803520386836935,0.367171505733912,0.0301081781789034,-1.5231765380754,-0.0838642355984679,24.6246794892524,7.45137516853704e-16,4109,16133531.4153634
age_4lvl,under30y,1999-2020,21.2,WTMEC.COMBN,gender,educ_level,dbp_mean,12616,44938926.6262335,163,gaussian (identity),HS graduate or GED,-1.75217821774634,0.424313648970627,5.87463911941298e-05,-2.58383296972877,-0.92052346576391,24.6246794892524,7.45137516853704e-16,3479,12308187.3293321
age_4lvl,under30y,1999-2020,21.2,WTMEC.COMBN,gender,educ_level,dbp_mean,12616,44938926.6262335,163,gaussian (identity),9-11th grade,-3.68689202762815,0.461108625075673,2.56054140906032e-13,-4.59066493277647,-2.78311912247983,24.6246794892524,7.45137516853704e-16,2779,6517280.4997639
age_4lvl,under30y,1999-2020,21.2,WTMEC.COMBN,gender,educ_level,dbp_mean,12616,44938926.6262335,163,gaussian (identity),Less than 9th grade,-4.72289348601107,0.709004461447601,4.26698440701686e-10,-6.11254223044837,-3.33324474157378,24.6246794892524,7.45137516853704e-16,612,1386359.65062544
age_4lvl,30to39y,1999-2020,21.2,WTMEC.COMBN,gender,educ_level,dbp_mean,8761,38457310.3590236,163,gaussian (identity),College graduate or above (Intercept),69.0946545494469,0.326123274636891,7.2133096233325e-196,68.4554529311586,69.7338561677352,6.1567372175472,0.00012494653990117,2378,12510496.5707781
age_4lvl,30to39y,1999-2020,21.2,WTMEC.COMBN,gender,educ_level,dbp_mean,8761,38457310.3590236,163,gaussian (identity),Some college or AA degree,1.26469650514946,0.371277411961184,0.00083503646659656,0.536992777705536,1.99240023259338,6.1567372175472,0.00012494653990117,2580,11622897.6482845
age_4lvl,30to39y,1999-2020,21.2,WTMEC.COMBN,gender,educ_level,dbp_mean,8761,38457310.3590236,163,gaussian (identity),HS graduate or GED,0.864115213378943,0.448119579409071,0.055609184054604,-0.0141991622628369,1.74242958902072,6.1567372175472,0.00012494653990117,1904,8168531.89770923
age_4lvl,30to39y,1999-2020,21.2,WTMEC.COMBN,gender,educ_level,dbp_mean,8761,38457310.3590236,163,gaussian (identity),9-11th grade,0.867496538578418,0.523197935695363,0.0992882620581128,-0.157971415384494,1.89296449254133,6.1567372175472,0.00012494653990117,1271,4365712.51526362
age_4lvl,30to39y,1999-2020,21.2,WTMEC.COMBN,gender,educ_level,dbp_mean,8761,38457310.3590236,163,gaussian (identity),Less than 9th grade,-1.12096006256389,0.598838469823003,0.0630700656190928,-2.29468346341697,0.0527633382891966,6.1567372175472,0.00012494653990117,628,1789671.72698813
age_4lvl,over65y,1999-2020,21.2,WTSAF.COMBN,gender,educ_level,fg,6381,39083719.6836586,163,gaussian (identity),College graduate or above (Intercept),107.640024007993,0.974423078254878,1.68834907888119e-151,105.730154774614,109.549893241373,7.60981633524019,1.24172048760559e-05,1154,9724993.09863684
age_4lvl,over65y,1999-2020,21.2,WTSAF.COMBN,gender,educ_level,fg,6381,39083719.6836586,163,gaussian (identity),Some college or AA degree,2.78796278299654,1.29786074508195,0.0332280248513186,0.244155722635913,5.33176984335716,7.60981633524019,1.24172048760559e-05,1476,10181536.590493
age_4lvl,over65y,1999-2020,21.2,WTSAF.COMBN,gender,educ_level,fg,6381,39083719.6836586,163,gaussian (identity),HS graduate or GED,5.69520188713323,1.30579544744147,2.32145889160499e-05,3.13584281014795,8.25456096411851,7.60981633524019,1.24172048760559e-05,1526,10288261.4903577
age_4lvl,over65y,1999-2020,21.2,WTSAF.COMBN,gender,educ_level,fg,6381,39083719.6836586,163,gaussian (identity),9-11th grade,8.84698084836317,2.10896956289041,4.53692417982826e-05,4.71340050509796,12.9805611916284,7.60981633524019,1.24172048760559e-05,926,4559519.83047925
age_4lvl,over65y,1999-2020,21.2,WTSAF.COMBN,gender,educ_level,fg,6381,39083719.6836586,163,gaussian (identity),Less than 9th grade,6.60951720668609,1.58415804589665,4.96310025228241e-05,3.50456743672866,9.71446697664351,7.60981633524019,1.24172048760559e-05,1299,4329408.67369192
age_4lvl,40to64y,1999-2020,21.2,WTSAF.COMBN,gender,educ_level,fg,10707,97357861.1204864,163,gaussian (identity),College graduate or above (Intercept),100.530474738296,0.724643108276132,5.67095214433154e-167,99.110174246075,101.950775230517,28.1126600466669,1.22597638015324e-17,2509,29402268.283333
age_4lvl,40to64y,1999-2020,21.2,WTSAF.COMBN,gender,educ_level,fg,10707,97357861.1204864,163,gaussian (identity),Some college or AA degree,4.69772099711844,0.85833885042172,1.70304126933757e-07,3.01537685029187,6.38006514394501,28.1126600466669,1.22597638015324e-17,3016,29349265.5608146
age_4lvl,40to64y,1999-2020,21.2,WTSAF.COMBN,gender,educ_level,fg,10707,97357861.1204864,163,gaussian (identity),HS graduate or GED,7.2686543179565,1.14573773069792,2.25218080640608e-09,5.02300836578859,9.51430027012442,28.1126600466669,1.22597638015324e-17,2385,23044670.1190606
age_4lvl,40to64y,1999-2020,21.2,WTSAF.COMBN,gender,educ_level,fg,10707,97357861.1204864,163,gaussian (identity),9-11th grade,8.95893769687595,1.39396596691597,1.46460666902388e-09,6.22676440172065,11.6911109920313,28.1126600466669,1.22597638015324e-17,1576,10260207.9582184
age_4lvl,40to64y,1999-2020,21.2,WTSAF.COMBN,gender,educ_level,fg,10707,97357861.1204864,163,gaussian (identity),Less than 9th grade,13.244442802672,1.72585550540565,1.61672857039882e-12,9.86176601207696,16.6271195932671,28.1126600466669,1.22597638015324e-17,1221,5301449.19905978
age_4lvl,30to39y,1999-2020,21.2,WTSAF.COMBN,gender,educ_level,fg,4256,40983105.4414033,163,gaussian (identity),College graduate or above (Intercept),94.0470689866819,0.57637487788095,4.97673843622709e-178,92.9173742260352,95.1767637473286,20.8797349851097,7.81339321083168e-14,1154,13123248.3304518
age_4lvl,30to39y,1999-2020,21.2,WTSAF.COMBN,gender,educ_level,fg,4256,40983105.4414033,163,gaussian (identity),Some college or AA degree,5.10610849676918,1.02501730058597,1.63932506452051e-06,3.09707458762067,7.11514240591768,20.8797349851097,7.81339321083168e-14,1231,12255774.6256815
age_4lvl,30to39y,1999-2020,21.2,WTSAF.COMBN,gender,educ_level,fg,4256,40983105.4414033,163,gaussian (identity),HS graduate or GED,4.79406885607268,0.831463566827735,4.15087885561302e-08,3.16440026509032,6.42373744705504,20.8797349851097,7.81339321083168e-14,929,8861526.44130108
age_4lvl,30to39y,1999-2020,21.2,WTSAF.COMBN,gender,educ_level,fg,4256,40983105.4414033,163,gaussian (identity),9-11th grade,7.21053423309529,1.51086424444899,4.11463530982215e-06,4.24924031397528,10.1718281522153,20.8797349851097,7.81339321083168e-14,590,4521008.19447426
age_4lvl,30to39y,1999-2020,21.2,WTSAF.COMBN,gender,educ_level,fg,4256,40983105.4414033,163,gaussian (identity),Less than 9th grade,12.6139813843058,3.23074495074832,0.000139630811578798,6.2817212808391,18.9462414877725,20.8797349851097,7.81339321083168e-14,352,2221547.84949468
age_4lvl,under30y,1999-2020,21.2,WTSAF.COMBN,gender,educ_level,fg,5975,47692248.9004805,163,gaussian (identity),College graduate or above (Intercept),92.183856693037,0.602380310326874,1.17677017924443e-173,91.0031912847964,93.3645221012777,0.884006132172294,0.47498616520248,781,9223192.80978343
age_4lvl,under30y,1999-2020,21.2,WTSAF.COMBN,gender,educ_level,fg,5975,47692248.9004805,163,gaussian (identity),Some college or AA degree,0.7246015267014,0.708067863793612,0.307706476583641,-0.66321148633408,2.11241453973688,0.884006132172294,0.47498616520248,1937,17011236.2635446
age_4lvl,under30y,1999-2020,21.2,WTSAF.COMBN,gender,educ_level,fg,5975,47692248.9004805,163,gaussian (identity),HS graduate or GED,1.12018630225724,0.768835925111055,0.147103643952966,-0.386732110960429,2.62710471547491,0.884006132172294,0.47498616520248,1628,12829664.7045019
age_4lvl,under30y,1999-2020,21.2,WTSAF.COMBN,gender,educ_level,fg,5975,47692248.9004805,163,gaussian (identity),9-11th grade,1.36622770906705,0.859365835364617,0.113876777871401,-0.318129328247605,3.0505847463817,0.884006132172294,0.47498616520248,1343,7101630.32015166
age_4lvl,under30y,1999-2020,21.2,WTSAF.COMBN,gender,educ_level,fg,5975,47692248.9004805,163,gaussian (identity),Less than 9th grade,2.04902175406291,1.42362056220094,0.152042820050986,-0.741274547850936,4.83931805597675,0.884006132172294,0.47498616520248,286,1526524.8024988
age_4lvl,over65y,1999-2020,21.2,WTSAF.COMBN,gender,educ_level,fi,6235,38284207.9850277,163,gaussian (identity),College graduate or above (Intercept),10.4865112140195,0.514542431426019,4.4599749732526e-46,9.47800804842452,11.4950143796145,5.83711560440431,0.000208647278470326,1128,9502599.52897956
age_4lvl,over65y,1999-2020,21.2,WTSAF.COMBN,gender,educ_level,fi,6235,38284207.9850277,163,gaussian (identity),Some college or AA degree,2.39903199529255,0.836050770054596,0.00467439030829973,0.76037248598554,4.03769150459955,5.83711560440431,0.000208647278470326,1447,10035038.708851
age_4lvl,over65y,1999-2020,21.2,WTSAF.COMBN,gender,educ_level,fi,6235,38284207.9850277,163,gaussian (identity),HS graduate or GED,2.94722753383591,0.782180275829938,0.000231940504321191,1.41415419320923,4.48030087446259,5.83711560440431,0.000208647278470326,1486,10041259.7958419
age_4lvl,over65y,1999-2020,21.2,WTSAF.COMBN,gender,educ_level,fi,6235,38284207.9850277,163,gaussian (identity),9-11th grade,2.50673913635633,0.711959365529746,0.000562249267382955,1.11129877991803,3.90217949279463,5.83711560440431,0.000208647278470326,905,4468080.78871514
age_4lvl,over65y,1999-2020,21.2,WTSAF.COMBN,gender,educ_level,fi,6235,38284207.9850277,163,gaussian (identity),Less than 9th grade,1.19096275103947,0.562413694489761,0.0357748682097727,0.0886319098395349,2.2932935922394,5.83711560440431,0.000208647278470326,1269,4237229.16264002
age_4lvl,40to64y,1999-2020,21.2,WTSAF.COMBN,gender,educ_level,fi,10494,95486520.2851426,163,gaussian (identity),College graduate or above (Intercept),9.85256124345882,0.402151604700566,1.10034010436576e-55,9.06434409824571,10.6407783886719,14.6247143273384,3.48432654579329e-10,2469,28842173.7796591
age_4lvl,40to64y,1999-2020,21.2,WTSAF.COMBN,gender,educ_level,fi,10494,95486520.2851426,163,gaussian (identity),Some college or AA degree,2.39002542120717,0.450295896063974,3.70395236010413e-07,1.50744546492178,3.27260537749256,14.6247143273384,3.48432654579329e-10,2960,28825531.2310812
age_4lvl,40to64y,1999-2020,21.2,WTSAF.COMBN,gender,educ_level,fi,10494,95486520.2851426,163,gaussian (identity),HS graduate or GED,2.18914406394736,0.640087624044805,0.000796780439844376,0.934572320819545,3.44371580707518,14.6247143273384,3.48432654579329e-10,2328,22573451.2519209
age_4lvl,40to64y,1999-2020,21.2,WTSAF.COMBN,gender,educ_level,fi,10494,95486520.2851426,163,gaussian (identity),9-11th grade,3.23157124025913,0.546446255645363,1.99979790862168e-08,2.16053657919422,4.30260590132404,14.6247143273384,3.48432654579329e-10,1543,10071013.5248349
age_4lvl,40to64y,1999-2020,21.2,WTSAF.COMBN,gender,educ_level,fi,10494,95486520.2851426,163,gaussian (identity),Less than 9th grade,3.01109129156555,0.612434428821815,2.18756864449384e-06,1.81071981107479,4.21146277205631,14.6247143273384,3.48432654579329e-10,1194,5174350.49764637
age_4lvl,30to39y,1999-2020,21.2,WTSAF.COMBN,gender,educ_level,fi,4192,40419366.5504784,163,gaussian (identity),College graduate or above (Intercept),9.29061774939815,0.327010522121916,5.62827200034117e-64,8.64967712603919,9.9315583727571,11.2398732935211,4.73960787601416e-08,1140,13001857.9804046
age_4lvl,30to39y,1999-2020,21.2,WTSAF.COMBN,gender,educ_level,fi,4192,40419366.5504784,163,gaussian (identity),Some college or AA degree,2.36855484177964,0.47975149842484,1.99797658545628e-06,1.42824190486696,3.30886777869233,11.2398732935211,4.73960787601416e-08,1211,12084302.1968248
age_4lvl,30to39y,1999-2020,21.2,WTSAF.COMBN,gender,educ_level,fi,4192,40419366.5504784,163,gaussian (identity),HS graduate or GED,3.29305534840061,0.673300399914931,2.45042242563375e-06,1.97338656456735,4.61272413223388,11.2398732935211,4.73960787601416e-08,914,8713960.1737915
age_4lvl,30to39y,1999-2020,21.2,WTSAF.COMBN,gender,educ_level,fi,4192,40419366.5504784,163,gaussian (identity),9-11th grade,2.1339142683792,0.635326936530165,0.000981295880049391,0.888673472780075,3.37915506397832,11.2398732935211,4.73960787601416e-08,580,4415844.28494929
age_4lvl,30to39y,1999-2020,21.2,WTSAF.COMBN,gender,educ_level,fi,4192,40419366.5504784,163,gaussian (identity),Less than 9th grade,3.26732509804178,0.828725099172139,0.000120831633450465,1.64302390366439,4.89162629241917,11.2398732935211,4.73960787601416e-08,347,2203401.91450821
age_4lvl,under30y,1999-2020,21.2,WTSAF.COMBN,gender,educ_level,fi,5859,46863858.8709425,163,gaussian (identity),College graduate or above (Intercept),10.0262257715918,0.465565530296701,7.26434342711033e-49,9.11371733221023,10.9387342109733,5.84530713466417,0.000205919455730101,762,9031813.36855583
age_4lvl,under30y,1999-2020,21.2,WTSAF.COMBN,gender,educ_level,fi,5859,46863858.8709425,163,gaussian (identity),Some college or AA degree,1.75830802341648,0.485205098238326,0.000390860658175052,0.807306030869363,2.7093100159636,5.84530713466417,0.000205919455730101,1898,16749214.1770586
age_4lvl,under30y,1999-2020,21.2,WTSAF.COMBN,gender,educ_level,fi,5859,46863858.8709425,163,gaussian (identity),HS graduate or GED,2.90663942070128,0.731388177632636,0.000107159543797868,1.47311859254131,4.34016024886125,5.84530713466417,0.000205919455730101,1603,12653279.9830233
age_4lvl,under30y,1999-2020,21.2,WTSAF.COMBN,gender,educ_level,fi,5859,46863858.8709425,163,gaussian (identity),9-11th grade,2.69528842117383,0.676698163278474,0.000103593654783517,1.36896002114802,4.02161682119964,5.84530713466417,0.000205919455730101,1316,6935227.44643053
age_4lvl,under30y,1999-2020,21.2,WTSAF.COMBN,gender,educ_level,fi,5859,46863858.8709425,163,gaussian (identity),Less than 9th grade,1.62362507175273,0.971016050070418,0.0964859844361387,-0.279566386385293,3.52681652989075,5.84530713466417,0.000205919455730101,280,1494323.89587421
age_4lvl,over65y,1999-2020,21.2,WTSAF.COMBN,gender,educ_level,tg,6251,38593375.3599755,163,gaussian (identity),College graduate or above (Intercept),121.92024252148,3.21089849945357,2.49685794274083e-81,115.626881462551,128.213603580409,6.74493086168647,4.88415245910185e-05,1137,9614029.11880653
age_4lvl,over65y,1999-2020,21.2,WTSAF.COMBN,gender,educ_level,tg,6251,38593375.3599755,163,gaussian (identity),Some college or AA degree,11.8937330913532,4.16148357490388,0.00483737561468124,3.7372252845416,20.0502408981648,6.74493086168647,4.88415245910185e-05,1440,10072060.5283418
age_4lvl,over65y,1999-2020,21.2,WTSAF.COMBN,gender,educ_level,tg,6251,38593375.3599755,163,gaussian (identity),HS graduate or GED,16.6596869598857,3.9695056199077,4.50129472579364e-05,8.87945594486664,24.4399179749048,6.74493086168647,4.88415245910185e-05,1490,10136329.0932953
age_4lvl,over65y,1999-2020,21.2,WTSAF.COMBN,gender,educ_level,tg,6251,38593375.3599755,163,gaussian (identity),9-11th grade,13.342290447475,4.49009225073953,0.00342712851880055,4.54170963602547,22.1428712589244,6.74493086168647,4.88415245910185e-05,911,4507572.21782315
age_4lvl,over65y,1999-2020,21.2,WTSAF.COMBN,gender,educ_level,tg,6251,38593375.3599755,163,gaussian (identity),Less than 9th grade,20.3854448791302,4.58733384020612,1.65540897280262e-05,11.3942705523262,29.3766192059342,6.74493086168647,4.88415245910185e-05,1273,4263384.40170883
age_4lvl,40to64y,1999-2020,21.2,WTSAF.COMBN,gender,educ_level,tg,10526,96311138.5509452,163,gaussian (identity),College graduate or above (Intercept),108.103530305315,2.9605801342616,6.43161715741642e-79,102.300793242162,113.906267368467,13.5250038605909,1.66921872285196e-09,2467,29057583.0218127
age_4lvl,40to64y,1999-2020,21.2,WTSAF.COMBN,gender,educ_level,tg,10526,96311138.5509452,163,gaussian (identity),Some college or AA degree,23.2774867713666,4.58048892790475,1.04397123230009e-06,14.2997284726733,32.2552450700599,13.5250038605909,1.66921872285196e-09,2980,29139002.0807767
age_4lvl,40to64y,1999-2020,21.2,WTSAF.COMBN,gender,educ_level,tg,10526,96311138.5509452,163,gaussian (identity),HS graduate or GED,24.4472981040242,4.7835422121077,9.16078365791371e-07,15.0715553682931,33.8230408397553,13.5250038605909,1.66921872285196e-09,2336,22734140.8260179
age_4lvl,40to64y,1999-2020,21.2,WTSAF.COMBN,gender,educ_level,tg,10526,96311138.5509452,163,gaussian (identity),9-11th grade,26.642985884555,5.26922226963178,1.17160856370657e-06,16.3153102360767,36.9706615330333,13.5250038605909,1.66921872285196e-09,1550,10180949.8322083
age_4lvl,40to64y,1999-2020,21.2,WTSAF.COMBN,gender,educ_level,tg,10526,96311138.5509452,163,gaussian (identity),Less than 9th grade,40.3810376938613,9.08523387463544,1.64971272548576e-05,22.5739792995759,58.1880960881468,13.5250038605909,1.66921872285196e-09,1193,5199462.79012969
age_4lvl,30to39y,1999-2020,21.2,WTSAF.COMBN,gender,educ_level,tg,4183,40664454.9180567,163,gaussian (identity),College graduate or above (Intercept),96.5870249811162,3.33620691261059,4.61863913751876e-65,90.0480594323994,103.125990529833,4.0113729868575,0.00397872745536508,1139,13082121.4464533
age_4lvl,30to39y,1999-2020,21.2,WTSAF.COMBN,gender,educ_level,tg,4183,40664454.9180567,163,gaussian (identity),Some college or AA degree,13.3369533662721,5.37959857503731,0.0142188099472004,2.79294015919899,23.8809665733452,4.0113729868575,0.00397872745536508,1200,12089138.4558356
age_4lvl,30to39y,1999-2020,21.2,WTSAF.COMBN,gender,educ_level,tg,4183,40664454.9180567,163,gaussian (identity),HS graduate or GED,7.78214923170045,4.72597954521113,0.101612565561365,-1.48077067691335,17.0450691403143,4.0113729868575,0.00397872745536508,915,8800751.48838125
age_4lvl,30to39y,1999-2020,21.2,WTSAF.COMBN,gender,educ_level,tg,4183,40664454.9180567,163,gaussian (identity),9-11th grade,14.7009922622815,6.32820921984416,0.0214494320727787,2.29770219138698,27.1042823331761,4.0113729868575,0.00397872745536508,581,4475543.22419909
age_4lvl,30to39y,1999-2020,21.2,WTSAF.COMBN,gender,educ_level,tg,4183,40664454.9180567,163,gaussian (identity),Less than 9th grade,31.9326726083837,9.39764502763037,0.000859264064682319,13.5132883542282,50.3520568625392,4.0113729868575,0.00397872745536508,348,2216900.30318745
age_4lvl,under30y,1999-2020,21.2,WTSAF.COMBN,gender,educ_level,tg,5877,47249411.0093683,163,gaussian (identity),College graduate or above (Intercept),94.9991788579359,3.91592081764499,3.76537640821406e-55,87.3239740553518,102.67438366052,2.53538224516444,0.0423037333751542,766,9120917.51461567
age_4lvl,under30y,1999-2020,21.2,WTSAF.COMBN,gender,educ_level,tg,5877,47249411.0093683,163,gaussian (identity),Some college or AA degree,-1.30945839131938,4.68317313329395,0.780143029508957,-10.4884777325755,7.86956094993676,2.53538224516444,0.0423037333751542,1905,16894586.7020359
age_4lvl,under30y,1999-2020,21.2,WTSAF.COMBN,gender,educ_level,tg,5877,47249411.0093683,163,gaussian (identity),HS graduate or GED,3.41350134357943,5.37269178923109,0.526123903722826,-7.11697456331349,13.9439772504724,2.53538224516444,0.0423037333751542,1600,12715103.5467233
age_4lvl,under30y,1999-2020,21.2,WTSAF.COMBN,gender,educ_level,tg,5877,47249411.0093683,163,gaussian (identity),9-11th grade,11.0651450361973,5.75239788650729,0.0562063915196377,-0.209554821356978,22.3398448937516,2.53538224516444,0.0423037333751542,1323,7006702.36672987
age_4lvl,under30y,1999-2020,21.2,WTSAF.COMBN,gender,educ_level,tg,5877,47249411.0093683,163,gaussian (identity),Less than 9th grade,13.5935899379517,8.88553234021008,0.128051875846534,-3.82205344886003,31.0092333247635,2.53538224516444,0.0423037333751542,283,1512100.87926353
age_4lvl,over65y,1999-2020,21.2,WTMEC.COMBN,gender,educ_level,tc,12776,37647221.1261115,163,gaussian (identity),College graduate or above (Intercept),205.817061356703,1.31151913405538,2.27052157901761e-175,203.246483853954,208.387638859452,1.30744621986943,0.26956792336023,2326,9027815.11901677
age_4lvl,over65y,1999-2020,21.2,WTMEC.COMBN,gender,educ_level,tc,12776,37647221.1261115,163,gaussian (identity),Some college or AA degree,0.864885803996936,1.68292337802247,0.608026819502149,-2.43364401692711,4.16341562492098,1.30744621986943,0.26956792336023,2967,9879249.919104
age_4lvl,over65y,1999-2020,21.2,WTMEC.COMBN,gender,educ_level,tc,12776,37647221.1261115,163,gaussian (identity),HS graduate or GED,-2.31798313848247,1.50819515788035,0.126311799716725,-5.27404564792796,0.638079370963008,1.30744621986943,0.26956792336023,3067,9985919.67172843
age_4lvl,over65y,1999-2020,21.2,WTMEC.COMBN,gender,educ_level,tc,12776,37647221.1261115,163,gaussian (identity),9-11th grade,-0.679087162509503,1.72236292024126,0.693908589614476,-4.05491848618237,2.69674416116337,1.30744621986943,0.26956792336023,1892,4692209.01641953
age_4lvl,over65y,1999-2020,21.2,WTMEC.COMBN,gender,educ_level,tc,12776,37647221.1261115,163,gaussian (identity),Less than 9th grade,-0.553151438007455,1.5999464423795,0.730004615923546,-3.68904646507128,2.58274358905637,1.30744621986943,0.26956792336023,2524,4062027.39984274
age_4lvl,40to64y,1999-2020,21.2,WTMEC.COMBN,gender,educ_level,tc,21588,92468058.1406161,163,gaussian (identity),College graduate or above (Intercept),205.490311841395,0.848514828485277,5.14356939984168e-205,203.827222777564,207.153400905226,1.00419798573187,0.407149866316505,5060,28231207.676836
age_4lvl,40to64y,1999-2020,21.2,WTMEC.COMBN,gender,educ_level,tc,21588,92468058.1406161,163,gaussian (identity),Some college or AA degree,1.87716071490156,1.06188333677604,0.0790303121960681,-0.204130625179487,3.95845205498261,1.00419798573187,0.407149866316505,6109,27983893.6385069
age_4lvl,40to64y,1999-2020,21.2,WTMEC.COMBN,gender,educ_level,tc,21588,92468058.1406161,163,gaussian (identity),HS graduate or GED,1.67155231196945,1.04186973498118,0.110627902231441,-0.370512368593662,3.71361699253256,1.00419798573187,0.407149866316505,4870,21922060.1970923
age_4lvl,40to64y,1999-2020,21.2,WTMEC.COMBN,gender,educ_level,tc,21588,92468058.1406161,163,gaussian (identity),9-11th grade,1.19319908213345,1.23629421449431,0.335948756145322,-1.22993757827539,3.6163357425423,1.00419798573187,0.407149866316505,3058,9394574.86440525
age_4lvl,40to64y,1999-2020,21.2,WTMEC.COMBN,gender,educ_level,tc,21588,92468058.1406161,163,gaussian (identity),Less than 9th grade,1.00595817998075,1.45541448003792,0.490464633714546,-1.84665420089358,3.85857056085508,1.00419798573187,0.407149866316505,2491,4936321.76377564
age_4lvl,under30y,1999-2020,21.2,WTMEC.COMBN,gender,educ_level,tc,12304,44011192.6799564,163,gaussian (identity),College graduate or above (Intercept),181.367362523494,1.17159321322556,1.93276034163762e-174,179.071039825572,183.663685221416,7.41065849004944,1.69983817775668e-05,1567,8302717.25913189
age_4lvl,under30y,1999-2020,21.2,WTMEC.COMBN,gender,educ_level,tc,12304,44011192.6799564,163,gaussian (identity),Some college or AA degree,-5.00849693414619,1.37627705960337,0.000370032254424035,-7.7059999709688,-2.31099389732359,7.41065849004944,1.69983817775668e-05,4013,15810889.3432641
age_4lvl,under30y,1999-2020,21.2,WTMEC.COMBN,gender,educ_level,tc,12304,44011192.6799564,163,gaussian (identity),HS graduate or GED,-6.32500678182353,1.30178174360976,2.82334207951702e-06,-8.87649899929865,-3.7735145643484,7.41065849004944,1.69983817775668e-05,3352,11982399.7568299
age_4lvl,under30y,1999-2020,21.2,WTMEC.COMBN,gender,educ_level,tc,12304,44011192.6799564,163,gaussian (identity),9-11th grade,-6.90444412389645,1.55407812999393,1.6627005729385e-05,-9.95043725868454,-3.85845098910835,7.41065849004944,1.69983817775668e-05,2763,6493163.00651116
age_4lvl,under30y,1999-2020,21.2,WTMEC.COMBN,gender,educ_level,tc,12304,44011192.6799564,163,gaussian (identity),Less than 9th grade,-4.23771590219403,2.32134901885057,0.0698077306715825,-8.78755997914115,0.312128174753091,7.41065849004944,1.69983817775668e-05,609,1422023.31421931
age_4lvl,30to39y,1999-2020,21.2,WTMEC.COMBN,gender,educ_level,tc,8774,38658543.153151,163,gaussian (identity),College graduate or above (Intercept),188.388000295948,1.0476245102727,1.1580591712647e-184,186.334656255814,190.441344336083,2.08412706371765,0.0853720302171456,2384,12643994.7745184
age_4lvl,30to39y,1999-2020,21.2,WTMEC.COMBN,gender,educ_level,tc,8774,38658543.153151,163,gaussian (identity),Some college or AA degree,1.2702413173453,1.18049323325299,0.283555969988639,-1.04352541983056,3.58400805452116,2.08412706371765,0.0853720302171456,2595,11728119.9305
age_4lvl,30to39y,1999-2020,21.2,WTMEC.COMBN,gender,educ_level,tc,8774,38658543.153151,163,gaussian (identity),HS graduate or GED,2.66602013573836,1.51479363623509,0.080344834371416,-0.30297539128242,5.63501566275913,2.08412706371765,0.0853720302171456,1891,8143851.21902734
age_4lvl,30to39y,1999-2020,21.2,WTMEC.COMBN,gender,educ_level,tc,8774,38658543.153151,163,gaussian (identity),9-11th grade,3.88051680787742,1.47438585043401,0.0093313384888272,0.990720541026762,6.77031307472808,2.08412706371765,0.0853720302171456,1247,4276792.70051108
age_4lvl,30to39y,1999-2020,21.2,WTMEC.COMBN,gender,educ_level,tc,8774,38658543.153151,163,gaussian (identity),Less than 9th grade,3.11636506109138,1.96239019773263,0.114275180141857,-0.729919726464568,6.96264984864733,2.08412706371765,0.0853720302171456,657,1865784.52859417
age_4lvl,over65y,1999-2020,21.2,WTMEC.COMBN,gender,educ_level,hdl,12774,37638606.3299801,163,gaussian (identity),College graduate or above (Intercept),64.4730314650885,0.66212070388153,5.73718554628304e-143,63.1752748854807,65.7707880446963,26.4273700850432,8.69147605823694e-17,2326,9027815.11901677
age_4lvl,over65y,1999-2020,21.2,WTMEC.COMBN,gender,educ_level,hdl,12774,37638606.3299801,163,gaussian (identity),Some college or AA degree,-3.28487625941173,0.620864324085152,4.00602058313575e-07,-4.50177033461863,-2.06798218420483,26.4273700850432,8.69147605823694e-17,2967,9879249.919104
age_4lvl,over65y,1999-2020,21.2,WTMEC.COMBN,gender,educ_level,hdl,12774,37638606.3299801,163,gaussian (identity),HS graduate or GED,-4.69383411901763,0.62385337900496,3.78137387691523e-12,-5.91658674186735,-3.47108149616791,26.4273700850432,8.69147605823694e-17,3065,9977304.87559702
age_4lvl,over65y,1999-2020,21.2,WTMEC.COMBN,gender,educ_level,hdl,12774,37638606.3299801,163,gaussian (identity),9-11th grade,-5.71367506481885,0.703934423767066,1.26958807090928e-13,-7.0933865354023,-4.3339635942354,26.4273700850432,8.69147605823694e-17,1892,4692209.01641953
age_4lvl,over65y,1999-2020,21.2,WTMEC.COMBN,gender,educ_level,hdl,12774,37638606.3299801,163,gaussian (identity),Less than 9th grade,-6.85933081993293,0.700681709596988,5.53960663586722e-18,-8.23266697074302,-5.48599466912283,26.4273700850432,8.69147605823694e-17,2524,4062027.39984274
age_4lvl,40to64y,1999-2020,21.2,WTMEC.COMBN,gender,educ_level,hdl,21588,92469454.518288,163,gaussian (identity),College graduate or above (Intercept),62.4788935499272,0.381547047490409,2.84615909099104e-178,61.731061336846,63.2267257630084,77.9192518349612,2.23616535366623e-36,5060,28231207.676836
age_4lvl,40to64y,1999-2020,21.2,WTMEC.COMBN,gender,educ_level,hdl,21588,92469454.518288,163,gaussian (identity),Some college or AA degree,-3.89323608405656,0.396968319097876,4.96120592451067e-18,-4.67129398948839,-3.11517817862472,77.9192518349612,2.23616535366623e-36,6109,27983893.6385069
age_4lvl,40to64y,1999-2020,21.2,WTMEC.COMBN,gender,educ_level,hdl,21588,92469454.518288,163,gaussian (identity),HS graduate or GED,-4.81872309153283,0.421203364499687,1.85184947186654e-22,-5.64428168595221,-3.99316449711344,77.9192518349612,2.23616535366623e-36,4871,21925324.3008323
age_4lvl,40to64y,1999-2020,21.2,WTMEC.COMBN,gender,educ_level,hdl,21588,92469454.518288,163,gaussian (identity),9-11th grade,-5.54799690054005,0.564112402747071,4.18838695515325e-18,-6.65365720992431,-4.44233659115579,77.9192518349612,2.23616535366623e-36,3057,9392707.13833713
age_4lvl,40to64y,1999-2020,21.2,WTMEC.COMBN,gender,educ_level,hdl,21588,92469454.518288,163,gaussian (identity),Less than 9th grade,-7.99107763361074,0.470763672117973,1.90987697941127e-37,-8.91377443096196,-7.06838083625951,77.9192518349612,2.23616535366623e-36,2491,4936321.76377564
age_4lvl,under30y,1999-2020,21.2,WTMEC.COMBN,gender,educ_level,hdl,12304,44011192.6799564,163,gaussian (identity),College graduate or above (Intercept),59.7847066875114,0.502291775746877,1.47063193547179e-156,58.8002148070475,60.7691985679753,34.7655980687624,8.28934459344401e-21,1567,8302717.25913189
age_4lvl,under30y,1999-2020,21.2,WTMEC.COMBN,gender,educ_level,hdl,12304,44011192.6799564,163,gaussian (identity),Some college or AA degree,-3.67294161064874,0.528806529937792,9.2654368626823e-11,-4.70940240932681,-2.63648081197067,34.7655980687624,8.28934459344401e-21,4013,15810889.3432641
age_4lvl,under30y,1999-2020,21.2,WTMEC.COMBN,gender,educ_level,hdl,12304,44011192.6799564,163,gaussian (identity),HS graduate or GED,-5.58523621201304,0.541279478603001,2.09567598504425e-19,-6.64614399007492,-4.52432843395116,34.7655980687624,8.28934459344401e-21,3352,11982399.7568299
age_4lvl,under30y,1999-2020,21.2,WTMEC.COMBN,gender,educ_level,hdl,12304,44011192.6799564,163,gaussian (identity),9-11th grade,-5.71661733101917,0.617381680106208,1.41572230688226e-16,-6.92668542402734,-4.506549238011,34.7655980687624,8.28934459344401e-21,2763,6493163.00651116
age_4lvl,under30y,1999-2020,21.2,WTMEC.COMBN,gender,educ_level,hdl,12304,44011192.6799564,163,gaussian (identity),Less than 9th grade,-6.5474980269808,0.983640067381088,4.37963822931936e-10,-8.47543255904774,-4.61956349491387,34.7655980687624,8.28934459344401e-21,609,1422023.31421931
age_4lvl,30to39y,1999-2020,21.2,WTMEC.COMBN,gender,educ_level,hdl,8774,38658543.153151,163,gaussian (identity),College graduate or above (Intercept),60.118841453587,0.381753135376503,1.31004379376134e-175,59.3706053082491,60.867077598925,42.7453885125513,2.89209833983993e-24,2384,12643994.7745184
age_4lvl,30to39y,1999-2020,21.2,WTMEC.COMBN,gender,educ_level,hdl,8774,38658543.153151,163,gaussian (identity),Some college or AA degree,-4.50700971630352,0.517490544283795,3.87578261683069e-15,-5.52129118309976,-3.49272824950729,42.7453885125513,2.89209833983993e-24,2595,11728119.9305
age_4lvl,30to39y,1999-2020,21.2,WTMEC.COMBN,gender,educ_level,hdl,8774,38658543.153151,163,gaussian (identity),HS graduate or GED,-5.07258692784612,0.542398040205624,8.05915664705655e-17,-6.13568708664914,-4.0094867690431,42.7453885125513,2.89209833983993e-24,1891,8143851.21902734
age_4lvl,30to39y,1999-2020,21.2,WTMEC.COMBN,gender,educ_level,hdl,8774,38658543.153151,163,gaussian (identity),9-11th grade,-6.04669988611316,0.622082645462769,8.48975837987614e-18,-7.26598187122018,-4.82741790100613,42.7453885125513,2.89209833983993e-24,1247,4276792.70051108
age_4lvl,30to39y,1999-2020,21.2,WTMEC.COMBN,gender,educ_level,hdl,8774,38658543.153151,163,gaussian (identity),Less than 9th grade,-6.72980363090171,0.75234453828809,9.45382499151507e-16,-8.20439892594637,-5.25520833585706,42.7453885125513,2.89209833983993e-24,657,1865784.52859417
age_4lvl,over65y,1999-2020,21.2,WTSAF.COMBN,gender,educ_level,ldl_friedewald,6168,38082336.5541008,163,gaussian (identity),College graduate or above (Intercept),116.295011986393,1.98014619692621,3.07812785528857e-109,112.413925440418,120.176098532368,0.251961950262986,0.908126190791444,1127,9511670.9314176
age_4lvl,over65y,1999-2020,21.2,WTSAF.COMBN,gender,educ_level,ldl_friedewald,6168,38082336.5541008,163,gaussian (identity),Some college or AA degree,1.03666535955909,2.23391312249727,0.643244891820018,-3.34180436053555,5.41513507965373,0.251961950262986,0.908126190791444,1421,9931564.87534326
age_4lvl,over65y,1999-2020,21.2,WTSAF.COMBN,gender,educ_level,ldl_friedewald,6168,38082336.5541008,163,gaussian (identity),HS graduate or GED,-0.581163961752652,1.88015120851984,0.757648957242742,-4.26626033045155,3.10393240694624,0.251961950262986,0.908126190791444,1468,9996008.03768955
age_4lvl,over65y,1999-2020,21.2,WTSAF.COMBN,gender,educ_level,ldl_friedewald,6168,38082336.5541008,163,gaussian (identity),9-11th grade,0.380598527676688,2.59452754778075,0.883561501978179,-4.70467546597358,5.46587252132696,0.251961950262986,0.908126190791444,900,4458015.76197314
age_4lvl,over65y,1999-2020,21.2,WTSAF.COMBN,gender,educ_level,ldl_friedewald,6168,38082336.5541008,163,gaussian (identity),Less than 9th grade,0.930006718976516,2.1793975276193,0.670159406679639,-3.34161243515731,5.20162587311035,0.251961950262986,0.908126190791444,1252,4185076.94767722
age_4lvl,40to64y,1999-2020,21.2,WTSAF.COMBN,gender,educ_level,ldl_friedewald,10240,93808420.702741,163,gaussian (identity),College graduate or above (Intercept),119.78911001634,1.01227917631433,3.63752450312493e-156,117.805042830764,121.773177201916,1.32297927145275,0.263739414940201,2438,28750140.8877509
age_4lvl,40to64y,1999-2020,21.2,WTSAF.COMBN,gender,educ_level,ldl_friedewald,10240,93808420.702741,163,gaussian (identity),Some college or AA degree,2.00007093478065,1.30640515674291,0.127775815326372,-0.560483172435449,4.56062504199675,1.32297927145275,0.263739414940201,2897,28130349.7449758
age_4lvl,40to64y,1999-2020,21.2,WTSAF.COMBN,gender,educ_level,ldl_friedewald,10240,93808420.702741,163,gaussian (identity),HS graduate or GED,3.04149810055893,1.47202598252996,0.040442137809294,0.156327174800215,5.92666902631764,1.32297927145275,0.263739414940201,2267,22066589.8721488
age_4lvl,40to64y,1999-2020,21.2,WTSAF.COMBN,gender,educ_level,ldl_friedewald,10240,93808420.702741,163,gaussian (identity),9-11th grade,2.30857050168864,1.56169999842272,0.141333762636703,-0.752361495219886,5.36950249859716,1.32297927145275,0.263739414940201,1492,9864193.09833332
age_4lvl,40to64y,1999-2020,21.2,WTSAF.COMBN,gender,educ_level,ldl_friedewald,10240,93808420.702741,163,gaussian (identity),Less than 9th grade,2.78428569833173,1.68405665733898,0.100251179660059,-0.516465350052677,6.08503674671613,1.32297927145275,0.263739414940201,1146,4997147.09953213
age_4lvl,30to39y,1999-2020,21.2,WTSAF.COMBN,gender,educ_level,ldl_friedewald,4102,40004854.055269,163,gaussian (identity),College graduate or above (Intercept),106.876263739965,1.37012962801506,4.64411115023103e-128,104.190809669055,109.561717810874,5.42755929961409,0.000403322269157452,1125,12872794.7600055
age_4lvl,30to39y,1999-2020,21.2,WTSAF.COMBN,gender,educ_level,ldl_friedewald,4102,40004854.055269,163,gaussian (identity),Some college or AA degree,4.69476872769701,1.58323622714127,0.00349315650231408,1.59162572250013,7.7979117328939,5.42755929961409,0.000403322269157452,1173,11840911.5171636
age_4lvl,30to39y,1999-2020,21.2,WTSAF.COMBN,gender,educ_level,ldl_friedewald,4102,40004854.055269,163,gaussian (identity),HS graduate or GED,7.93435387105251,1.84104384100611,2.86471708464681e-05,4.32590794268053,11.5427997994245,5.42755929961409,0.000403322269157452,899,8740162.38249784
age_4lvl,30to39y,1999-2020,21.2,WTSAF.COMBN,gender,educ_level,ldl_friedewald,4102,40004854.055269,163,gaussian (identity),9-11th grade,7.21565114678372,2.27223637657403,0.00179831507642335,2.76206784869863,11.6692344448688,5.42755929961409,0.000403322269157452,572,4411251.83155374
age_4lvl,30to39y,1999-2020,21.2,WTSAF.COMBN,gender,educ_level,ldl_friedewald,4102,40004854.055269,163,gaussian (identity),Less than 9th grade,5.41700322322285,2.48277900297083,0.0305993787284287,0.550756377400027,10.2832500690457,5.42755929961409,0.000403322269157452,333,2139733.56404825
age_4lvl,under30y,1999-2020,21.2,WTSAF.COMBN,gender,educ_level,ldl_friedewald,5815,46761789.9547669,163,gaussian (identity),College graduate or above (Intercept),100.855548223605,1.46779703543597,1.3249212069815e-119,97.9786660341502,103.732430413059,0.830482273296325,0.507634911039479,756,9016869.38262414
age_4lvl,under30y,1999-2020,21.2,WTSAF.COMBN,gender,educ_level,ldl_friedewald,5815,46761789.9547669,163,gaussian (identity),Some college or AA degree,-1.40315105204916,1.81597527412603,0.440871546942479,-4.96246258933619,2.15616048523787,0.830482273296325,0.507634911039479,1892,16769510.2220694
age_4lvl,under30y,1999-2020,21.2,WTSAF.COMBN,gender,educ_level,ldl_friedewald,5815,46761789.9547669,163,gaussian (identity),HS graduate or GED,-0.76120045613885,1.68890824093323,0.652819611503431,-4.07146060836798,2.54905969609028,0.830482273296325,0.507634911039479,1580,12573570.7711773
age_4lvl,under30y,1999-2020,21.2,WTSAF.COMBN,gender,educ_level,ldl_friedewald,5815,46761789.9547669,163,gaussian (identity),9-11th grade,-2.33770664124497,1.8406739925853,0.205942003283142,-5.94542766671217,1.27001438422222,0.830482273296325,0.507634911039479,1307,6901731.73595324
age_4lvl,under30y,1999-2020,21.2,WTSAF.COMBN,gender,educ_level,ldl_friedewald,5815,46761789.9547669,163,gaussian (identity),Less than 9th grade,1.61778248745692,2.72746785354357,0.553932550438205,-3.72805450548847,6.96361948040231,0.830482273296325,0.507634911039479,280,1500107.84294278
age_4lvl,over65y,1999-2020,21.2,WTMEC.COMBN,gender,educ_level,glu,12732,37522375.6368102,163,gaussian (identity),College graduate or above (Intercept),100.890490960952,0.840922513127495,4.23384290341197e-157,99.242282835222,102.538699086682,16.3487047358943,3.15949382211879e-11,2320,9007980.32213432
age_4lvl,over65y,1999-2020,21.2,WTMEC.COMBN,gender,educ_level,glu,12732,37522375.6368102,163,gaussian (identity),Some college or AA degree,3.12307215551518,0.994111031475288,0.00200669718957771,1.17461453382361,5.07152977720674,16.3487047358943,3.15949382211879e-11,2957,9852272.61490779
age_4lvl,over65y,1999-2020,21.2,WTMEC.COMBN,gender,educ_level,glu,12732,37522375.6368102,163,gaussian (identity),HS graduate or GED,4.92581952174773,0.937395345156239,4.73360131030857e-07,3.0885246452415,6.76311439825396,16.3487047358943,3.15949382211879e-11,3052,9935599.20052128
age_4lvl,over65y,1999-2020,21.2,WTMEC.COMBN,gender,educ_level,glu,12732,37522375.6368102,163,gaussian (identity),9-11th grade,7.69230639695062,1.33037070120969,3.83291404995661e-08,5.08477982257963,10.2998329713216,16.3487047358943,3.15949382211879e-11,1884,4671166.68807896
age_4lvl,over65y,1999-2020,21.2,WTMEC.COMBN,gender,educ_level,glu,12732,37522375.6368102,163,gaussian (identity),Less than 9th grade,8.73498963810594,1.33041179248274,7.07948412305714e-10,6.12738252483976,11.3425967513721,16.3487047358943,3.15949382211879e-11,2519,4055356.81116787
age_4lvl,40to64y,1999-2020,21.2,WTMEC.COMBN,gender,educ_level,glu,21528,92259294.119047,163,gaussian (identity),College graduate or above (Intercept),94.458190005188,0.546718413367162,6.23231898193153e-182,93.3866219149884,95.5297580953877,46.5928272488232,8.12456387275246e-26,5045,28168944.7370594
age_4lvl,40to64y,1999-2020,21.2,WTMEC.COMBN,gender,educ_level,glu,21528,92259294.119047,163,gaussian (identity),Some college or AA degree,4.82417436979915,0.7435614573083,1.06494679688462e-09,3.36679391347488,6.28155482612342,46.5928272488232,8.12456387275246e-26,6091,27949225.0434851
age_4lvl,40to64y,1999-2020,21.2,WTMEC.COMBN,gender,educ_level,glu,21528,92259294.119047,163,gaussian (identity),HS graduate or GED,4.98489872603271,0.844191532941178,2.08979223667434e-08,3.330283321468,6.63951413059742,46.5928272488232,8.12456387275246e-26,4857,21847356.6372782
age_4lvl,40to64y,1999-2020,21.2,WTMEC.COMBN,gender,educ_level,glu,21528,92259294.119047,163,gaussian (identity),9-11th grade,9.40100330582088,1.17550169893525,2.53512356131661e-13,7.09701997590778,11.704986635734,46.5928272488232,8.12456387275246e-26,3049,9369617.75552298
age_4lvl,40to64y,1999-2020,21.2,WTMEC.COMBN,gender,educ_level,glu,21528,92259294.119047,163,gaussian (identity),Less than 9th grade,15.0165051267624,1.3454069687442,1.07339686229812e-21,12.3795074680238,17.6535027855011,46.5928272488232,8.12456387275246e-26,2486,4924149.94570136
age_4lvl,under30y,1999-2020,21.2,WTMEC.COMBN,gender,educ_level,glu,12272,43876849.0004066,163,gaussian (identity),College graduate or above (Intercept),85.9076799880579,0.448326024961363,5.29938175473194e-189,85.0289609791336,86.7863989969822,1.93319989165974,0.107508631571165,1561,8273291.10350187
age_4lvl,under30y,1999-2020,21.2,WTMEC.COMBN,gender,educ_level,glu,12272,43876849.0004066,163,gaussian (identity),Some college or AA degree,0.403533681742977,0.541465336922606,0.457220382755715,-0.657738378625331,1.46480574211128,1.93319989165974,0.107508631571165,4000,15765002.0172099
age_4lvl,under30y,1999-2020,21.2,WTMEC.COMBN,gender,educ_level,glu,12272,43876849.0004066,163,gaussian (identity),HS graduate or GED,0.25843746006764,0.516930421632742,0.617808438933702,-0.754746166332534,1.27162108646781,1.93319989165974,0.107508631571165,3345,11949803.9436943
age_4lvl,under30y,1999-2020,21.2,WTMEC.COMBN,gender,educ_level,glu,12272,43876849.0004066,163,gaussian (identity),9-11th grade,0.841442457938666,0.649820317891684,0.197248988304293,-0.432205365129035,2.11509028100637,1.93319989165974,0.107508631571165,2759,6471263.21357531
age_4lvl,under30y,1999-2020,21.2,WTMEC.COMBN,gender,educ_level,glu,12272,43876849.0004066,163,gaussian (identity),Less than 9th grade,2.53048799217135,0.963564191326134,0.00948440024493831,0.641902177172123,4.41907380717057,1.93319989165974,0.107508631571165,607,1417488.72242516
age_4lvl,30to39y,1999-2020,21.2,WTMEC.COMBN,gender,educ_level,glu,8755,38595828.9194335,163,gaussian (identity),College graduate or above (Intercept),87.6527204724538,0.408803825889891,1.09973145124347e-196,86.8514649737096,88.453975971198,27.9644161446323,1.45373804124604e-17,2379,12628477.8011221
age_4lvl,30to39y,1999-2020,21.2,WTMEC.COMBN,gender,educ_level,glu,8755,38595828.9194335,163,gaussian (identity),Some college or AA degree,3.63474417712035,0.734969276451442,1.92488187390468e-06,2.19420439527553,5.07528395896518,27.9644161446323,1.45373804124604e-17,2591,11718105.2061652
age_4lvl,30to39y,1999-2020,21.2,WTMEC.COMBN,gender,educ_level,glu,8755,38595828.9194335,163,gaussian (identity),HS graduate or GED,4.22702526856083,0.707086726476643,1.4511748783662e-08,2.84113528466661,5.61291525245505,27.9644161446323,1.45373804124604e-17,1886,8124560.19362668
age_4lvl,30to39y,1999-2020,21.2,WTMEC.COMBN,gender,educ_level,glu,8755,38595828.9194335,163,gaussian (identity),9-11th grade,7.67149155047183,1.22342569449901,3.29184842783673e-09,5.27357718925376,10.0694059116899,27.9644161446323,1.45373804124604e-17,1243,4261024.78633043
age_4lvl,30to39y,1999-2020,21.2,WTMEC.COMBN,gender,educ_level,glu,8755,38595828.9194335,163,gaussian (identity),Less than 9th grade,11.0032587191086,2.04564476688676,2.65574799412839e-07,6.99379497601055,15.0127224622067,27.9644161446323,1.45373804124604e-17,656,1863660.93218908
age_4lvl,over65y,1999-2020,21.2,WTSAF.COMBN,gender,educ_level,tgglu,6224,38465254.6669704,163,gaussian (identity),College graduate or above (Intercept),1.20998717131624,0.0293210238808487,1.60586220069975e-86,1.15251796450978,1.26745637812271,4.78006552698192,0.00114742705243614,1135,9609273.31824049
age_4lvl,over65y,1999-2020,21.2,WTSAF.COMBN,gender,educ_level,tgglu,6224,38465254.6669704,163,gaussian (identity),Some college or AA degree,0.105675448123987,0.040381705041518,0.00973435806731164,0.0265273062426119,0.184823590005362,4.78006552698192,0.00114742705243614,1435,10052744.024793
age_4lvl,over65y,1999-2020,21.2,WTSAF.COMBN,gender,educ_level,tgglu,6224,38465254.6669704,163,gaussian (identity),HS graduate or GED,0.121213287890255,0.0365469724303718,0.00113045508612112,0.0495812219267259,0.192845353853783,4.78006552698192,0.00114742705243614,1480,10062844.699972
age_4lvl,over65y,1999-2020,21.2,WTSAF.COMBN,gender,educ_level,tgglu,6224,38465254.6669704,163,gaussian (identity),9-11th grade,0.054484065136465,0.0385417459017672,0.159435529784522,-0.0210577568309988,0.130025887103929,4.78006552698192,0.00114742705243614,907,4494132.46479445
age_4lvl,over65y,1999-2020,21.2,WTSAF.COMBN,gender,educ_level,tgglu,6224,38465254.6669704,163,gaussian (identity),Less than 9th grade,0.142290572133846,0.0389704753310084,0.000354354234546157,0.0659084404850699,0.218672703782623,4.78006552698192,0.00114742705243614,1267,4246260.15917042
age_4lvl,40to64y,1999-2020,21.2,WTSAF.COMBN,gender,educ_level,tgglu,10493,96091983.2518762,163,gaussian (identity),College graduate or above (Intercept),1.14848926860508,0.0281037624862866,6.58379370652417e-86,1.09340589413196,1.2035726430782,8.71512035439708,2.20702110253791e-06,2457,28973419.8147345
age_4lvl,40to64y,1999-2020,21.2,WTSAF.COMBN,gender,educ_level,tgglu,10493,96091983.2518762,163,gaussian (identity),Some college or AA degree,0.185142906189047,0.0414959652131829,1.53752768905213e-05,0.103810814371209,0.266474998006885,8.71512035439708,2.20702110253791e-06,2972,29101255.4082048
age_4lvl,40to64y,1999-2020,21.2,WTSAF.COMBN,gender,educ_level,tgglu,10493,96091983.2518762,163,gaussian (identity),HS graduate or GED,0.20843150781679,0.0481675881653724,2.66859532411064e-05,0.11402303501266,0.30283998062092,8.71512035439708,2.20702110253791e-06,2329,22683714.736702
age_4lvl,40to64y,1999-2020,21.2,WTSAF.COMBN,gender,educ_level,tgglu,10493,96091983.2518762,163,gaussian (identity),9-11th grade,0.183973104823178,0.0488243205828803,0.000231856831616814,0.0882774364807323,0.279668773165623,8.71512035439708,2.20702110253791e-06,1547,10165645.7210578
age_4lvl,40to64y,1999-2020,21.2,WTSAF.COMBN,gender,educ_level,tgglu,10493,96091983.2518762,163,gaussian (identity),Less than 9th grade,0.220261381610892,0.0595718140818097,0.000300013238937766,0.103500626010545,0.337022137211239,8.71512035439708,2.20702110253791e-06,1188,5167947.57117703
age_4lvl,30to39y,1999-2020,21.2,WTSAF.COMBN,gender,educ_level,tgglu,4175,40604079.6377877,163,gaussian (identity),College graduate or above (Intercept),1.11603036239111,0.0369632774782376,1.66390242321603e-67,1.04358233853376,1.18847838624845,1.25801888512963,0.288863090466508,1137,13064607.6420391
age_4lvl,30to39y,1999-2020,21.2,WTSAF.COMBN,gender,educ_level,tgglu,4175,40604079.6377877,163,gaussian (identity),Some college or AA degree,0.0843205897307274,0.0576675566096804,0.145676920691762,-0.0287078212242462,0.197349000685701,1.25801888512963,0.288863090466508,1198,12069271.866541
age_4lvl,30to39y,1999-2020,21.2,WTSAF.COMBN,gender,educ_level,tgglu,4175,40604079.6377877,163,gaussian (identity),HS graduate or GED,0.0351314442561389,0.051088803787417,0.492678626862446,-0.0650026111671983,0.135265499679476,1.25801888512963,0.288863090466508,913,8793199.42828691
age_4lvl,30to39y,1999-2020,21.2,WTSAF.COMBN,gender,educ_level,tgglu,4175,40604079.6377877,163,gaussian (identity),9-11th grade,0.0544780924169372,0.0581969875337826,0.350651231077139,-0.0595880031492767,0.168544187983151,1.25801888512963,0.288863090466508,580,4465379.83405398
age_4lvl,30to39y,1999-2020,21.2,WTSAF.COMBN,gender,educ_level,tgglu,4175,40604079.6377877,163,gaussian (identity),Less than 9th grade,0.185285021080236,0.0931366607608286,0.0483842721666128,0.00273716598901214,0.36783287617146,1.25801888512963,0.288863090466508,347,2211620.8668667
age_4lvl,under30y,1999-2020,21.2,WTSAF.COMBN,gender,educ_level,tgglu,5857,47073259.511452,163,gaussian (identity),College graduate or above (Intercept),1.12131621608137,0.0448197289290304,7.88185033805406e-57,1.03346954738047,1.20916288478227,2.12744289366725,0.0798694745603286,764,9095568.63547076
age_4lvl,under30y,1999-2020,21.2,WTSAF.COMBN,gender,educ_level,tgglu,5857,47073259.511452,163,gaussian (identity),Some college or AA degree,-0.0202176209334767,0.0535794116043015,0.70642778645675,-0.125233267677908,0.0847980258109542,2.12744289366725,0.0798694745603286,1899,16837631.2171204
age_4lvl,under30y,1999-2020,21.2,WTSAF.COMBN,gender,educ_level,tgglu,5857,47073259.511452,163,gaussian (identity),HS graduate or GED,0.0374817085821986,0.063281080194009,0.554492960172341,-0.0865492085980591,0.161512625762456,2.12744289366725,0.0798694745603286,1596,12667332.2972575
age_4lvl,under30y,1999-2020,21.2,WTSAF.COMBN,gender,educ_level,tgglu,5857,47073259.511452,163,gaussian (identity),9-11th grade,0.108971871400492,0.0635045947530119,0.0881278902394935,-0.0154971343154114,0.233440877116395,2.12744289366725,0.0798694745603286,1317,6971348.19224544
age_4lvl,under30y,1999-2020,21.2,WTSAF.COMBN,gender,educ_level,tgglu,5857,47073259.511452,163,gaussian (identity),Less than 9th grade,0.128375558749514,0.0949232093061362,0.178175068113898,-0.0576739314905128,0.314425048989541,2.12744289366725,0.0798694745603286,281,1501379.16935787
age_4lvl,40to64y,2005-2016,12,WTSAF.COMBN,gender,educ_level,ogtt_2hg,4693,83418835.708655,94,gaussian (identity),College graduate or above (Intercept),112.386609774277,1.86117548208515,5.13363759949346e-74,108.73870582939,116.034513719164,10.8286715775496,3.37689726699837e-07,1214,27404039.7224481
age_4lvl,40to64y,2005-2016,12,WTSAF.COMBN,gender,educ_level,ogtt_2hg,4693,83418835.708655,94,gaussian (identity),Some college or AA degree,6.86097063631757,2.06527646361838,0.00129762610823205,2.81302876762554,10.9089125050096,10.8286715775496,3.37689726699837e-07,1333,24970774.0798756
age_4lvl,40to64y,2005-2016,12,WTSAF.COMBN,gender,educ_level,ogtt_2hg,4693,83418835.708655,94,gaussian (identity),HS graduate or GED,10.5062238310909,2.54331441490826,8.14043590860687e-05,5.52132757787076,15.4911200843111,10.8286715775496,3.37689726699837e-07,1040,18666952.4461247
age_4lvl,40to64y,2005-2016,12,WTSAF.COMBN,gender,educ_level,ogtt_2hg,4693,83418835.708655,94,gaussian (identity),9-11th grade,10.9187304334773,3.69141827622009,0.00396706070248459,3.68355061208589,18.1539102548687,10.8286715775496,3.37689726699837e-07,656,8387559.48975429
age_4lvl,40to64y,2005-2016,12,WTSAF.COMBN,gender,educ_level,ogtt_2hg,4693,83418835.708655,94,gaussian (identity),Less than 9th grade,20.5769638515415,3.73749348809487,3.51618563378453e-07,13.2514766148756,27.9024510882074,10.8286715775496,3.37689726699837e-07,450,3989509.97045233
age_4lvl,over65y,2005-2016,12,WTSAF.COMBN,gender,educ_level,ogtt_2hg,2275,28744727.0490627,92,gaussian (identity),College graduate or above (Intercept),130.627051509923,2.80777677011611,2.99599772431502e-63,125.123809040495,136.13029397935,11.3382763914474,1.88457972379031e-07,481,7756893.90399049
age_4lvl,over65y,2005-2016,12,WTSAF.COMBN,gender,educ_level,ogtt_2hg,2275,28744727.0490627,92,gaussian (identity),Some college or AA degree,10.6421687049298,3.9093885708835,0.00783331666520435,2.97976710599816,18.3045703038615,11.3382763914474,1.88457972379031e-07,556,7763227.74904174
age_4lvl,over65y,2005-2016,12,WTSAF.COMBN,gender,educ_level,ogtt_2hg,2275,28744727.0490627,92,gaussian (identity),HS graduate or GED,18.6197642854163,4.16915630199002,2.38153199164997e-05,10.4482179335158,26.7913106373167,11.3382763914474,1.88457972379031e-07,564,7350925.38908256
age_4lvl,over65y,2005-2016,12,WTSAF.COMBN,gender,educ_level,ogtt_2hg,2275,28744727.0490627,92,gaussian (identity),9-11th grade,23.3151881669401,4.55777365720032,1.84519246973609e-06,14.3819517988275,32.2484245350528,11.3382763914474,1.88457972379031e-07,307,3214682.06404821
age_4lvl,over65y,2005-2016,12,WTSAF.COMBN,gender,educ_level,ogtt_2hg,2275,28744727.0490627,92,gaussian (identity),Less than 9th grade,22.2315421374313,3.95899236425963,2.30633982151587e-07,14.4719171034824,29.9911671713802,11.3382763914474,1.88457972379031e-07,367,2658997.94289973
age_4lvl,30to39y,2005-2016,12,WTSAF.COMBN,gender,educ_level,ogtt_2hg,1983,34397893.6001767,93,gaussian (identity),College graduate or above (Intercept),99.5924522211261,1.43857111595771,1.57008288037846e-78,96.772852833849,102.412051608403,9.48688953205617,2.00871370328903e-06,558,11489398.0613047
age_4lvl,30to39y,2005-2016,12,WTSAF.COMBN,gender,educ_level,ogtt_2hg,1983,34397893.6001767,93,gaussian (identity),Some college or AA degree,7.90953416390353,2.47703566155468,0.00195286323961702,3.05454426725637,12.7645240605507,9.48688953205617,2.00871370328903e-06,538,9863824.76341922
age_4lvl,30to39y,2005-2016,12,WTSAF.COMBN,gender,educ_level,ogtt_2hg,1983,34397893.6001767,93,gaussian (identity),HS graduate or GED,12.9661731947915,2.79188462538425,1.18716069837529e-05,7.49407932903834,18.4382670605446,9.48688953205617,2.00871370328903e-06,437,6865861.1050603
age_4lvl,30to39y,2005-2016,12,WTSAF.COMBN,gender,educ_level,ogtt_2hg,1983,34397893.6001767,93,gaussian (identity),9-11th grade,8.09793639155614,3.14788705410128,0.0117726019630852,1.92807776551762,14.2677950175947,9.48688953205617,2.00871370328903e-06,272,3963040.25892006
age_4lvl,30to39y,2005-2016,12,WTSAF.COMBN,gender,educ_level,ogtt_2hg,1983,34397893.6001767,93,gaussian (identity),Less than 9th grade,22.4088050929961,5.5651917994079,0.000119654777440031,11.5010291661566,33.3165810198356,9.48688953205617,2.00871370328903e-06,178,2215769.41147248
age_4lvl,under30y,2005-2016,12,WTSAF.COMBN,gender,educ_level,ogtt_2hg,2633,42094423.6559652,94,gaussian (identity),College graduate or above (Intercept),97.8960699055341,1.87024181473675,1.21247299175637e-68,94.2303959486501,101.561743862418,1.58383547787783,0.18554107743153,394,8279440.13082782
age_4lvl,under30y,2005-2016,12,WTSAF.COMBN,gender,educ_level,ogtt_2hg,2633,42094423.6559652,94,gaussian (identity),Some college or AA degree,-1.30609758478104,2.10018729135666,0.535600296168918,-5.42246467584008,2.81026950627801,1.58383547787783,0.18554107743153,910,15587668.3161845
age_4lvl,under30y,2005-2016,12,WTSAF.COMBN,gender,educ_level,ogtt_2hg,2633,42094423.6559652,94,gaussian (identity),HS graduate or GED,0.508827274107374,2.24381671213154,0.821123693403697,-3.88905348167044,4.90670802988519,1.58383547787783,0.18554107743153,686,10508523.4334376
age_4lvl,under30y,2005-2016,12,WTSAF.COMBN,gender,educ_level,ogtt_2hg,2633,42094423.6559652,94,gaussian (identity),9-11th grade,1.00842425279163,2.30313854557681,0.66255737809265,-3.50572729653891,5.52257580212217,1.58383547787783,0.18554107743153,538,6410924.30980484
age_4lvl,under30y,2005-2016,12,WTSAF.COMBN,gender,educ_level,ogtt_2hg,2633,42094423.6559652,94,gaussian (identity),Less than 9th grade,8.33645363806596,4.25866945878468,0.0534189372673902,-0.0105385011520109,16.6834457772839,1.58383547787783,0.18554107743153,105,1307867.46571039
age_4lvl,over65y,1999-2020,21.2,WTMEC.COMBN,gender,educ_level,hba1c,13010,38298589.973131,163,gaussian (identity),College graduate or above (Intercept),5.72166533717858,0.0232271395279108,3.51521578280396e-206,5.67614014370388,5.76719053065329,26.6572344034143,6.63527254542589e-17,2363,9197911.04270311
age_4lvl,over65y,1999-2020,21.2,WTMEC.COMBN,gender,educ_level,hba1c,13010,38298589.973131,163,gaussian (identity),Some college or AA degree,0.142224243975518,0.0270162645447848,4.52799536985706e-07,0.0892723654677401,0.195176122483297,26.6572344034143,6.63527254542589e-17,3022,10016739.9704383
age_4lvl,over65y,1999-2020,21.2,WTMEC.COMBN,gender,educ_level,hba1c,13010,38298589.973131,163,gaussian (identity),HS graduate or GED,0.172631054337928,0.0252898686777161,1.76823705769114e-10,0.123062911729604,0.222199196946252,26.6572344034143,6.63527254542589e-17,3118,10169498.4252309
age_4lvl,over65y,1999-2020,21.2,WTMEC.COMBN,gender,educ_level,hba1c,13010,38298589.973131,163,gaussian (identity),9-11th grade,0.244821624084735,0.0341064034881078,2.59810414660787e-11,0.177973073248044,0.311670174921426,26.6572344034143,6.63527254542589e-17,1930,4759895.75918015
age_4lvl,over65y,1999-2020,21.2,WTMEC.COMBN,gender,educ_level,hba1c,13010,38298589.973131,163,gaussian (identity),Less than 9th grade,0.353885944953928,0.0389514489205101,4.06291807821097e-16,0.277541105069728,0.430230784838128,26.6572344034143,6.63527254542589e-17,2577,4154544.77557843
age_4lvl,40to64y,1999-2020,21.2,WTMEC.COMBN,gender,educ_level,hba1c,21886,93529643.0205472,163,gaussian (identity),College graduate or above (Intercept),5.49488546306724,0.016082962791666,1.38703637897935e-228,5.46336285599558,5.52640807013891,75.3989988160009,1.22789510977614e-35,5115,28554042.2673432
age_4lvl,40to64y,1999-2020,21.2,WTMEC.COMBN,gender,educ_level,hba1c,21886,93529643.0205472,163,gaussian (identity),Some college or AA degree,0.174786107206452,0.0184426061278229,3.75753111812103e-17,0.138638599195919,0.210933615216985,75.3989988160009,1.22789510977614e-35,6174,28188313.8769491
age_4lvl,40to64y,1999-2020,21.2,WTMEC.COMBN,gender,educ_level,hba1c,21886,93529643.0205472,163,gaussian (identity),HS graduate or GED,0.21387711444585,0.0242310979065725,1.92482295008915e-15,0.166384162548968,0.261370066342732,75.3989988160009,1.22789510977614e-35,4944,22213513.1726279
age_4lvl,40to64y,1999-2020,21.2,WTMEC.COMBN,gender,educ_level,hba1c,21886,93529643.0205472,163,gaussian (identity),9-11th grade,0.349633720882902,0.0304847540593308,1.544748053707e-22,0.289883602926613,0.40938383883919,75.3989988160009,1.22789510977614e-35,3113,9548865.04774545
age_4lvl,40to64y,1999-2020,21.2,WTMEC.COMBN,gender,educ_level,hba1c,21886,93529643.0205472,163,gaussian (identity),Less than 9th grade,0.529493992514774,0.0371330849191116,3.50145028883024e-30,0.456713146073315,0.602274838956233,75.3989988160009,1.22789510977614e-35,2540,5024908.65588162
age_4lvl,under30y,1999-2020,21.2,WTMEC.COMBN,gender,educ_level,hba1c,12433,44406575.1076634,163,gaussian (identity),College graduate or above (Intercept),5.12012488587845,0.0140821639077585,7.56041803020041e-233,5.09252384461924,5.14772592713765,7.50615961057132,1.4620558034775e-05,1582,8370605.04618994
age_4lvl,under30y,1999-2020,21.2,WTMEC.COMBN,gender,educ_level,hba1c,12433,44406575.1076634,163,gaussian (identity),Some college or AA degree,0.0270907341230265,0.0151549211601314,0.0757595100952762,-0.00261291135083099,0.0567943795968841,7.50615961057132,1.4620558034775e-05,4054,15946295.3368851
age_4lvl,under30y,1999-2020,21.2,WTMEC.COMBN,gender,educ_level,hba1c,12433,44406575.1076634,163,gaussian (identity),HS graduate or GED,0.0477840939427807,0.0169503206911346,0.00543306927098119,0.0145614653881569,0.0810067224974045,7.50615961057132,1.4620558034775e-05,3393,12125536.9268175
age_4lvl,under30y,1999-2020,21.2,WTMEC.COMBN,gender,educ_level,hba1c,12433,44406575.1076634,163,gaussian (identity),9-11th grade,0.0865643988805552,0.0181563384335686,4.19998960305667e-06,0.0509779755507607,0.12215082221035,7.50615961057132,1.4620558034775e-05,2790,6534392.99925355
age_4lvl,under30y,1999-2020,21.2,WTMEC.COMBN,gender,educ_level,hba1c,12433,44406575.1076634,163,gaussian (identity),Less than 9th grade,0.105918874216956,0.0260564801435101,7.55472899121699e-05,0.0548481731356759,0.156989575298236,7.50615961057132,1.4620558034775e-05,614,1429744.79851723
age_4lvl,30to39y,1999-2020,21.2,WTMEC.COMBN,gender,educ_level,hba1c,8827,38857230.3626631,163,gaussian (identity),College graduate or above (Intercept),5.17213997471848,0.0131087003513781,1.88698220986286e-238,5.14644692202978,5.19783302740718,48.1119047165104,2.06965313492278e-26,2394,12676961.6092459
age_4lvl,30to39y,1999-2020,21.2,WTMEC.COMBN,gender,educ_level,hba1c,8827,38857230.3626631,163,gaussian (identity),Some college or AA degree,0.165857095168149,0.0229260984819665,1.90425720181446e-11,0.120921942143494,0.210792248192803,48.1119047165104,2.06965313492278e-26,2608,11795269.207378
age_4lvl,30to39y,1999-2020,21.2,WTMEC.COMBN,gender,educ_level,hba1c,8827,38857230.3626631,163,gaussian (identity),HS graduate or GED,0.201152361615948,0.0204486675030551,4.13636601284665e-18,0.161072973309959,0.241231749921936,48.1119047165104,2.06965313492278e-26,1905,8189220.22138247
age_4lvl,30to39y,1999-2020,21.2,WTMEC.COMBN,gender,educ_level,hba1c,8827,38857230.3626631,163,gaussian (identity),9-11th grade,0.28696872491775,0.0381304627699529,3.73833250904152e-12,0.212233017888642,0.361704431946857,48.1119047165104,2.06965313492278e-26,1258,4317105.25395938
age_4lvl,30to39y,1999-2020,21.2,WTMEC.COMBN,gender,educ_level,hba1c,8827,38857230.3626631,163,gaussian (identity),Less than 9th grade,0.3785903713461,0.0607660786271849,4.04635503966201e-09,0.259488857236817,0.497691885455382,48.1119047165104,2.06965313492278e-26,662,1878674.07069738
age_4lvl,over65y,1999-2020,21.2,WTMEC.COMBN,gender,educ_level,uacr,13108,38365471.3517175,163,gaussian (identity),College graduate or above (Intercept),30.2897747820551,6.61015427763347,9.28501094774492e-06,17.3338723978935,43.2456771662167,13.3384500674513,2.18346492829101e-09,2369,9189447.79582581
age_4lvl,over65y,1999-2020,21.2,WTMEC.COMBN,gender,educ_level,uacr,13108,38365471.3517175,163,gaussian (identity),Some college or AA degree,25.6526845912339,9.70560956161118,0.00904301906718664,6.62968985047597,44.6756793319918,13.3384500674513,2.18346492829101e-09,3030,10004619.2102566
age_4lvl,over65y,1999-2020,21.2,WTMEC.COMBN,gender,educ_level,uacr,13108,38365471.3517175,163,gaussian (identity),HS graduate or GED,23.6782504366269,8.49478997783003,0.00596561949823974,7.02846208008005,40.3280387931738,13.3384500674513,2.18346492829101e-09,3142,10221454.5308952
age_4lvl,over65y,1999-2020,21.2,WTMEC.COMBN,gender,educ_level,uacr,13108,38365471.3517175,163,gaussian (identity),9-11th grade,54.1496373894779,13.2120738293428,6.63083359861292e-05,28.2539726839659,80.0453020949898,13.3384500674513,2.18346492829101e-09,1954,4779029.65929896
age_4lvl,over65y,1999-2020,21.2,WTMEC.COMBN,gender,educ_level,uacr,13108,38365471.3517175,163,gaussian (identity),Less than 9th grade,64.8935823404978,9.64162109276748,2.95054650393831e-10,45.9960049986735,83.7911596823221,13.3384500674513,2.18346492829101e-09,2613,4170920.15544091
age_4lvl,40to64y,1999-2020,21.2,WTMEC.COMBN,gender,educ_level,uacr,22460,95390286.6876953,163,gaussian (identity),College graduate or above (Intercept),21.374818345542,4.69873790328214,1.06803006304627e-05,12.165292055109,30.584344635975,3.63870958125831,0.00726268438954012,5231,29090355.4381318
age_4lvl,40to64y,1999-2020,21.2,WTMEC.COMBN,gender,educ_level,uacr,22460,95390286.6876953,163,gaussian (identity),Some college or AA degree,12.5425505176807,6.73179482311389,0.0642930421875944,-0.651767335622468,25.736868370984,3.63870958125831,0.00726268438954012,6335,28774512.115701
age_4lvl,40to64y,1999-2020,21.2,WTMEC.COMBN,gender,educ_level,uacr,22460,95390286.6876953,163,gaussian (identity),HS graduate or GED,14.0256954413685,7.38955211796495,0.0595138671993408,-0.457826709842836,28.5092175925798,3.63870958125831,0.00726268438954012,5082,22608372.7255516
age_4lvl,40to64y,1999-2020,21.2,WTMEC.COMBN,gender,educ_level,uacr,22460,95390286.6876953,163,gaussian (identity),9-11th grade,29.3104613892886,8.76585523828963,0.00103236644026301,12.1293851222409,46.4915376563362,3.63870958125831,0.00726268438954012,3205,9775305.71102487
age_4lvl,40to64y,1999-2020,21.2,WTMEC.COMBN,gender,educ_level,uacr,22460,95390286.6876953,163,gaussian (identity),Less than 9th grade,33.2441560087034,10.8627228956968,0.00259798044807385,11.9532191331377,54.5350928842691,3.63870958125831,0.00726268438954012,2607,5141740.69728606
age_4lvl,under30y,1999-2020,21.2,WTMEC.COMBN,gender,educ_level,uacr,13008,46231115.3307332,163,gaussian (identity),College graduate or above (Intercept),17.6943129568068,2.39603721018939,8.25205995234076e-12,12.9980800248356,22.390545888778,1.93374671429797,0.107419380449358,1667,8772658.20141657
age_4lvl,under30y,1999-2020,21.2,WTMEC.COMBN,gender,educ_level,uacr,13008,46231115.3307332,163,gaussian (identity),Some college or AA degree,4.47819913915138,2.70329006605217,0.0995902338623717,-0.820249390310878,9.77664766861364,1.93374671429797,0.107419380449358,4246,16670078.4294401
age_4lvl,under30y,1999-2020,21.2,WTMEC.COMBN,gender,educ_level,uacr,13008,46231115.3307332,163,gaussian (identity),HS graduate or GED,12.9785518826656,6.1550899265549,0.0365573439764588,0.914575626618008,25.0425281387132,1.93374671429797,0.107419380449358,3571,12595793.1952175
age_4lvl,under30y,1999-2020,21.2,WTMEC.COMBN,gender,educ_level,uacr,13008,46231115.3307332,163,gaussian (identity),9-11th grade,4.89103495485155,2.49176713342214,0.0514163157589154,0.00717137334416673,9.77489853635894,1.93374671429797,0.107419380449358,2879,6718077.62146956
age_4lvl,under30y,1999-2020,21.2,WTMEC.COMBN,gender,educ_level,uacr,13008,46231115.3307332,163,gaussian (identity),Less than 9th grade,6.40418169384387,5.23973102691656,0.223439053783552,-3.86569111891259,16.6740545066003,1.93374671429797,0.107419380449358,645,1474507.8831894
age_4lvl,30to39y,1999-2020,21.2,WTMEC.COMBN,gender,educ_level,uacr,9171,40019316.9839147,163,gaussian (identity),College graduate or above (Intercept),15.4638516624659,2.28264449513958,2.33217279969408e-10,10.9898684519924,19.9378348729395,3.74357655366852,0.00613230847976323,2477,12999007.387708
age_4lvl,30to39y,1999-2020,21.2,WTMEC.COMBN,gender,educ_level,uacr,9171,40019316.9839147,163,gaussian (identity),Some college or AA degree,8.24025591189872,3.18621087255668,0.0106056206728192,1.99528260168762,14.4852292221098,3.74357655366852,0.00613230847976323,2709,12143763.426865
age_4lvl,30to39y,1999-2020,21.2,WTMEC.COMBN,gender,educ_level,uacr,9171,40019316.9839147,163,gaussian (identity),HS graduate or GED,2.31016392302781,2.04088545908485,0.259373834470261,-1.68997157677849,6.3102994228341,3.74357655366852,0.00613230847976323,1979,8431714.36619762
age_4lvl,30to39y,1999-2020,21.2,WTMEC.COMBN,gender,educ_level,uacr,9171,40019316.9839147,163,gaussian (identity),9-11th grade,17.1490988400546,6.91481778393542,0.0141851805797519,3.59605598354114,30.702141696568,3.74357655366852,0.00613230847976323,1311,4470821.22225357
age_4lvl,30to39y,1999-2020,21.2,WTMEC.COMBN,gender,educ_level,uacr,9171,40019316.9839147,163,gaussian (identity),Less than 9th grade,13.647680915035,6.0973780173262,0.0265998622186301,1.69682000107565,25.5985418289944,3.74357655366852,0.00613230847976323,695,1974010.58089051
age_4lvl,over65y,1999-2020,21.2,WTMEC.COMBN,gender,educ_level,egfr,12732,37522375.6368102,163,gaussian (identity),College graduate or above (Intercept),73.5657372141126,0.570871218543611,5.90553213765861e-162,72.4468296257671,74.6846448024581,16.6540495838186,2.07961264396421e-11,2320,9007980.32213432
age_4lvl,over65y,1999-2020,21.2,WTMEC.COMBN,gender,educ_level,egfr,12732,37522375.6368102,163,gaussian (identity),Some college or AA degree,-1.77657942569115,0.651572533445439,0.00712218603819971,-3.05366159124421,-0.499497260138089,16.6540495838186,2.07961264396421e-11,2957,9852272.61490779
age_4lvl,over65y,1999-2020,21.2,WTMEC.COMBN,gender,educ_level,egfr,12732,37522375.6368102,163,gaussian (identity),HS graduate or GED,-3.77332575952446,0.629971506837296,1.36936211785266e-08,-5.00806991292556,-2.53858160612336,16.6540495838186,2.07961264396421e-11,3052,9935599.20052128
age_4lvl,over65y,1999-2020,21.2,WTMEC.COMBN,gender,educ_level,egfr,12732,37522375.6368102,163,gaussian (identity),9-11th grade,-4.97497708480121,0.726602938896426,1.58089846304413e-10,-6.3991188450382,-3.55083532456421,16.6540495838186,2.07961264396421e-11,1884,4671166.68807896
age_4lvl,over65y,1999-2020,21.2,WTMEC.COMBN,gender,educ_level,egfr,12732,37522375.6368102,163,gaussian (identity),Less than 9th grade,-4.05824490772005,0.768099380313995,4.1445145755361e-07,-5.56371969313548,-2.55277012230462,16.6540495838186,2.07961264396421e-11,2519,4055356.81116787
age_4lvl,40to64y,1999-2020,21.2,WTMEC.COMBN,gender,educ_level,egfr,21526,92266024.520457,163,gaussian (identity),College graduate or above (Intercept),91.4996134687313,0.449258571564339,3.60078643172765e-193,90.6190666684652,92.3801602689974,32.9318063976277,5.80756233869417e-20,5045,28168944.7370594
age_4lvl,40to64y,1999-2020,21.2,WTMEC.COMBN,gender,educ_level,egfr,21526,92266024.520457,163,gaussian (identity),Some college or AA degree,-0.330094245027314,0.433965008956362,0.44800150187904,-1.18066566258178,0.520477172527154,32.9318063976277,5.80756233869417e-20,6091,27949225.0434851
age_4lvl,40to64y,1999-2020,21.2,WTMEC.COMBN,gender,educ_level,egfr,21526,92266024.520457,163,gaussian (identity),HS graduate or GED,0.68324514684316,0.505114625805294,0.178098889826592,-0.306779519735216,1.67326981342154,32.9318063976277,5.80756233869417e-20,4858,21858799.1895866
age_4lvl,40to64y,1999-2020,21.2,WTMEC.COMBN,gender,educ_level,egfr,21526,92266024.520457,163,gaussian (identity),9-11th grade,2.16466502939057,0.617800007859947,0.000596753307488134,0.953777013985078,3.37555304479607,32.9318063976277,5.80756233869417e-20,3046,9364905.60462449
age_4lvl,40to64y,1999-2020,21.2,WTMEC.COMBN,gender,educ_level,egfr,21526,92266024.520457,163,gaussian (identity),Less than 9th grade,6.21923856170135,0.655211046161002,3.43560889236529e-17,4.93502491122579,7.50345221217692,32.9318063976277,5.80756233869417e-20,2486,4924149.94570136
age_4lvl,under30y,1999-2020,21.2,WTMEC.COMBN,gender,educ_level,egfr,12272,43877656.1055633,163,gaussian (identity),College graduate or above (Intercept),112.136949642826,0.572249189470263,1.56312406606564e-190,111.015341231464,113.258558054188,34.5613776080729,1.02723358349946e-20,1561,8273291.10350187
age_4lvl,under30y,1999-2020,21.2,WTMEC.COMBN,gender,educ_level,egfr,12272,43877656.1055633,163,gaussian (identity),Some college or AA degree,2.36115210059894,0.617475299767703,0.000188673135749975,1.15090051305425,3.57140368814364,34.5613776080729,1.02723358349946e-20,4001,15769682.3651456
age_4lvl,under30y,1999-2020,21.2,WTMEC.COMBN,gender,educ_level,egfr,12272,43877656.1055633,163,gaussian (identity),HS graduate or GED,4.07118510294518,0.679258536211909,1.34289611967435e-08,2.73983837196983,5.40253183392052,34.5613776080729,1.02723358349946e-20,3344,11945930.7009154
age_4lvl,under30y,1999-2020,21.2,WTMEC.COMBN,gender,educ_level,egfr,12272,43877656.1055633,163,gaussian (identity),9-11th grade,6.26252080075875,0.680899964790517,2.06236964491269e-16,4.92795686976933,7.59708473174816,34.5613776080729,1.02723358349946e-20,2759,6471263.21357531
age_4lvl,under30y,1999-2020,21.2,WTMEC.COMBN,gender,educ_level,egfr,12272,43877656.1055633,163,gaussian (identity),Less than 9th grade,10.3102419295788,0.971495906619884,3.34743113518125e-20,8.40610995260385,12.2143739065538,34.5613776080729,1.02723358349946e-20,607,1417488.72242516
age_4lvl,30to39y,1999-2020,21.2,WTMEC.COMBN,gender,educ_level,egfr,8756,38600108.3299991,163,gaussian (identity),College graduate or above (Intercept),105.67362977406,0.494686064158166,1.974006441267e-196,104.704045088309,106.643214459809,39.1983049398156,9.03095878014585e-23,2379,12628477.8011221
age_4lvl,30to39y,1999-2020,21.2,WTMEC.COMBN,gender,educ_level,egfr,8756,38600108.3299991,163,gaussian (identity),Some college or AA degree,-0.366977727237313,0.586369227272358,0.532317974762025,-1.51626141269113,0.782305958216508,39.1983049398156,9.03095878014585e-23,2591,11718105.2061652
age_4lvl,30to39y,1999-2020,21.2,WTMEC.COMBN,gender,educ_level,egfr,8756,38600108.3299991,163,gaussian (identity),HS graduate or GED,0.899586505809141,0.613019505160565,0.14423656296538,-0.301931724305567,2.10110473592385,39.1983049398156,9.03095878014585e-23,1886,8124560.19362668
age_4lvl,30to39y,1999-2020,21.2,WTMEC.COMBN,gender,educ_level,egfr,8756,38600108.3299991,163,gaussian (identity),9-11th grade,2.97140305056029,0.663803352415762,1.44704573110719e-05,1.6703484798254,4.27245762129519,39.1983049398156,9.03095878014585e-23,1244,4265304.19689602
age_4lvl,30to39y,1999-2020,21.2,WTMEC.COMBN,gender,educ_level,egfr,8756,38600108.3299991,163,gaussian (identity),Less than 9th grade,9.62287232017004,0.851295350925246,4.37830676625145e-22,7.95433343235655,11.2914112079835,39.1983049398156,9.03095878014585e-23,656,1863660.93218908
age_4lvl,over65y,1999-2016,14,WTMEC.COMBN,gender,educ_level,crp,8555,35171373.558787,106,gaussian (identity),College graduate or above (Intercept),4.25864916349755,0.334197142046666,9.5447265487396e-23,3.60362276508608,4.91367556190902,4.22985518736719,0.00330679449857098,1388,7329629.73563914
age_4lvl,over65y,1999-2016,14,WTMEC.COMBN,gender,educ_level,crp,8555,35171373.558787,106,gaussian (identity),Some college or AA degree,0.40904266911145,0.394082963235506,0.301766879630441,-0.363359938830142,1.18144527705304,4.22985518736719,0.00330679449857098,1811,8673886.92339072
age_4lvl,over65y,1999-2016,14,WTMEC.COMBN,gender,educ_level,crp,8555,35171373.558787,106,gaussian (identity),HS graduate or GED,0.318709360733069,0.359708476120159,0.377710789943467,-0.386319252462443,1.02373797392858,4.22985518736719,0.00330679449857098,2056,9671965.71396314
age_4lvl,over65y,1999-2016,14,WTMEC.COMBN,gender,educ_level,crp,8555,35171373.558787,106,gaussian (identity),9-11th grade,1.02890545940254,0.442926384167108,0.0221860569895316,0.160769746435011,1.89704117237008,4.22985518736719,0.00330679449857098,1334,4877995.94540857
age_4lvl,over65y,1999-2016,14,WTMEC.COMBN,gender,educ_level,crp,8555,35171373.558787,106,gaussian (identity),Less than 9th grade,1.43236967939547,0.399361187180267,0.000518151973202058,0.649621752522144,2.21511760626879,4.22985518736719,0.00330679449857098,1966,4617895.24038543
age_4lvl,40to64y,1999-2016,14,WTMEC.COMBN,gender,educ_level,crp,13673,89745070.0275473,106,gaussian (identity),College graduate or above (Intercept),4.00174091817968,0.163616285894126,3.14627617157825e-44,3.68105299782719,4.32242883853216,20.2860070117555,2.74344041891417e-12,2993,26516973.4906407
age_4lvl,40to64y,1999-2016,14,WTMEC.COMBN,gender,educ_level,crp,13673,89745070.0275473,106,gaussian (identity),Some college or AA degree,1.1114360342265,0.210341155170212,7.30773471887092e-07,0.699167370092885,1.52370469836012,20.2860070117555,2.74344041891417e-12,3716,27004902.3607177
age_4lvl,40to64y,1999-2016,14,WTMEC.COMBN,gender,educ_level,crp,13673,89745070.0275473,106,gaussian (identity),HS graduate or GED,1.39610267603315,0.217312530558735,4.39755753205002e-09,0.97017011613803,1.82203523592827,20.2860070117555,2.74344041891417e-12,3081,21335945.2667251
age_4lvl,40to64y,1999-2016,14,WTMEC.COMBN,gender,educ_level,crp,13673,89745070.0275473,106,gaussian (identity),9-11th grade,1.99858832506086,0.273417152155258,6.43633829193959e-11,1.46269070683656,2.53448594328517,20.2860070117555,2.74344041891417e-12,2067,9702353.79776914
age_4lvl,40to64y,1999-2016,14,WTMEC.COMBN,gender,educ_level,crp,13673,89745070.0275473,106,gaussian (identity),Less than 9th grade,1.49469845339098,0.249218432630258,3.1366510384277e-08,1.00623032543568,1.98316658134629,20.2860070117555,2.74344041891417e-12,1816,5184895.11169457
age_4lvl,under30y,1999-2016,14,WTMEC.COMBN,gender,educ_level,crp,8839,43771196.0696738,106,gaussian (identity),College graduate or above (Intercept),3.78204784519542,0.209185490120192,1.95996021672223e-33,3.37204428455985,4.192051405831,4.88214908335964,0.00121934923024937,973,7526354.15987186
age_4lvl,under30y,1999-2016,14,WTMEC.COMBN,gender,educ_level,crp,8839,43771196.0696738,106,gaussian (identity),Some college or AA degree,0.579912897495983,0.258864327509676,0.0272675094530291,0.0725388155770177,1.08728697941495,4.88214908335964,0.00121934923024937,2661,15428666.1553206
age_4lvl,under30y,1999-2016,14,WTMEC.COMBN,gender,educ_level,crp,8839,43771196.0696738,106,gaussian (identity),HS graduate or GED,0.471065622433339,0.246412165223474,0.0587492087885997,-0.0119022214046694,0.954033466271348,4.88214908335964,0.00121934923024937,2462,11832970.4993974
age_4lvl,under30y,1999-2016,14,WTMEC.COMBN,gender,educ_level,crp,8839,43771196.0696738,106,gaussian (identity),9-11th grade,1.24549174236396,0.312123156224851,0.000125118321127768,0.633730356163248,1.85725312856466,4.88214908335964,0.00121934923024937,2216,7276943.78979839
age_4lvl,under30y,1999-2016,14,WTMEC.COMBN,gender,educ_level,crp,8839,43771196.0696738,106,gaussian (identity),Less than 9th grade,0.715611623031157,0.441487747583287,0.108155060449513,-0.149704362232086,1.5809276082944,4.88214908335964,0.00121934923024937,527,1706261.46528558
age_4lvl,30to39y,1999-2016,14,WTMEC.COMBN,gender,educ_level,crp,5769,38512615.0230866,106,gaussian (identity),College graduate or above (Intercept),3.87693866462512,0.213291982268835,1.29587461912755e-33,3.4588863793782,4.29499094987204,7.12833626640793,4.26359097491693e-05,1458,11618270.5219644
age_4lvl,30to39y,1999-2016,14,WTMEC.COMBN,gender,educ_level,crp,5769,38512615.0230866,106,gaussian (identity),Some college or AA degree,0.852640485225583,0.247987083605783,0.000851874531383668,0.366585801358249,1.33869516909292,7.12833626640793,4.26359097491693e-05,1633,11528365.8018573
age_4lvl,30to39y,1999-2016,14,WTMEC.COMBN,gender,educ_level,crp,5769,38512615.0230866,106,gaussian (identity),HS graduate or GED,0.998902991265443,0.264551647024075,0.000269510023381395,0.480381763098256,1.51742421943263,7.12833626640793,4.26359097491693e-05,1294,8557053.92188
age_4lvl,30to39y,1999-2016,14,WTMEC.COMBN,gender,educ_level,crp,5769,38512615.0230866,106,gaussian (identity),9-11th grade,1.66125873377352,0.392782254062257,5.15757806178947e-05,0.891405515811495,2.43111195173554,7.12833626640793,4.26359097491693e-05,889,4755471.18196771
age_4lvl,30to39y,1999-2016,14,WTMEC.COMBN,gender,educ_level,crp,5769,38512615.0230866,106,gaussian (identity),Less than 9th grade,0.849156247906332,0.393968036886301,0.0335067215135048,0.0769788956091834,1.62133360020348,7.12833626640793,4.26359097491693e-05,495,2053453.59541714
age_4lvl,over65y,1999-2020,21.2,WTMEC.COMBN,gender,educ_level,creatinine,12732,37522375.6368102,163,gaussian (identity),College graduate or above (Intercept),0.879763662907429,0.0101089144418508,2.11535502464866e-135,0.859950190601401,0.899577135213457,8.12635105408876,5.52062429257065e-06,2320,9007980.32213432
age_4lvl,over65y,1999-2020,21.2,WTMEC.COMBN,gender,educ_level,creatinine,12732,37522375.6368102,163,gaussian (identity),Some college or AA degree,0.0406765536566397,0.0158256401814753,0.0110849258827714,0.00965829890094818,0.0716948084123312,8.12635105408876,5.52062429257065e-06,2957,9852272.61490779
age_4lvl,over65y,1999-2020,21.2,WTMEC.COMBN,gender,educ_level,creatinine,12732,37522375.6368102,163,gaussian (identity),HS graduate or GED,0.0455757696029263,0.0119408527321827,0.000193699541585704,0.0221716982478483,0.0689798409580043,8.12635105408876,5.52062429257065e-06,3052,9935599.20052128
age_4lvl,over65y,1999-2020,21.2,WTMEC.COMBN,gender,educ_level,creatinine,12732,37522375.6368102,163,gaussian (identity),9-11th grade,0.0859525873074681,0.0172284424438753,1.58524846465718e-06,0.0521848401174724,0.119720334497464,8.12635105408876,5.52062429257065e-06,1884,4671166.68807896
age_4lvl,over65y,1999-2020,21.2,WTMEC.COMBN,gender,educ_level,creatinine,12732,37522375.6368102,163,gaussian (identity),Less than 9th grade,0.0747834280928094,0.0164427609972225,1.07229347293435e-05,0.0425556165382532,0.107011239647365,8.12635105408876,5.52062429257065e-06,2519,4055356.81116787
age_4lvl,40to64y,1999-2020,21.2,WTMEC.COMBN,gender,educ_level,creatinine,21526,92266024.520457,163,gaussian (identity),College graduate or above (Intercept),0.791002198261114,0.0057666297591361,3.34451198259905e-166,0.779699603933207,0.802304792589021,7.29401358793359,2.04385251589207e-05,5045,28168944.7370594
age_4lvl,40to64y,1999-2020,21.2,WTMEC.COMBN,gender,educ_level,creatinine,21526,92266024.520457,163,gaussian (identity),Some college or AA degree,0.00751842098422634,0.00644927873425266,0.245461412494826,-0.00512216533490887,0.0201590073033616,7.29401358793359,2.04385251589207e-05,6091,27949225.0434851
age_4lvl,40to64y,1999-2020,21.2,WTMEC.COMBN,gender,educ_level,creatinine,21526,92266024.520457,163,gaussian (identity),HS graduate or GED,-0.00157675080459886,0.00852673002401949,0.853530049333791,-0.0182891416516771,0.0151356400424793,7.29401358793359,2.04385251589207e-05,4858,21858799.1895866
age_4lvl,40to64y,1999-2020,21.2,WTMEC.COMBN,gender,educ_level,creatinine,21526,92266024.520457,163,gaussian (identity),9-11th grade,-0.01385818504314,0.00910389731652035,0.129951454133577,-0.0317018237835199,0.00398545369723992,7.29401358793359,2.04385251589207e-05,3046,9364905.60462449
age_4lvl,40to64y,1999-2020,21.2,WTMEC.COMBN,gender,educ_level,creatinine,21526,92266024.520457,163,gaussian (identity),Less than 9th grade,-0.0554995860724799,0.0119299284188104,6.90457631478382e-06,-0.0788822457733483,-0.0321169263716116,7.29401358793359,2.04385251589207e-05,2486,4924149.94570136
age_4lvl,under30y,1999-2020,21.2,WTMEC.COMBN,gender,educ_level,creatinine,12272,43877656.1055633,163,gaussian (identity),College graduate or above (Intercept),0.742283894821619,0.00514097157460827,1.08014584440554e-169,0.732207590535387,0.752360199107851,28.6791457345078,6.41380355690444e-18,1561,8273291.10350187
age_4lvl,under30y,1999-2020,21.2,WTMEC.COMBN,gender,educ_level,creatinine,12272,43877656.1055633,163,gaussian (identity),Some college or AA degree,-0.00565251033790735,0.00638429773756455,0.377298795913992,-0.0181657339035339,0.00686071322771918,28.6791457345078,6.41380355690444e-18,4001,15769682.3651456
age_4lvl,under30y,1999-2020,21.2,WTMEC.COMBN,gender,educ_level,creatinine,12272,43877656.1055633,163,gaussian (identity),HS graduate or GED,-0.0182426903024181,0.00692816311018477,0.00930073039543542,-0.0318218899983803,-0.004663490606456,28.6791457345078,6.41380355690444e-18,3344,11945930.7009154
age_4lvl,under30y,1999-2020,21.2,WTMEC.COMBN,gender,educ_level,creatinine,12272,43877656.1055633,163,gaussian (identity),9-11th grade,-0.0404815493166075,0.00618379975507199,7.83463427303877e-10,-0.0526017968365486,-0.0283613017966664,28.6791457345078,6.41380355690444e-18,2759,6471263.21357531
age_4lvl,under30y,1999-2020,21.2,WTMEC.COMBN,gender,educ_level,creatinine,12272,43877656.1055633,163,gaussian (identity),Less than 9th grade,-0.0999332728376572,0.0105640801121575,4.18323587018284e-17,-0.120638869857486,-0.0792276758178286,28.6791457345078,6.41380355690444e-18,607,1417488.72242516
age_4lvl,30to39y,1999-2020,21.2,WTMEC.COMBN,gender,educ_level,creatinine,8756,38600108.3299991,163,gaussian (identity),College graduate or above (Intercept),0.744506510154013,0.00516220148284662,1.28980732351976e-169,0.734388595247634,0.754624425060393,41.6159454789663,8.51420045873945e-24,2379,12628477.8011221
age_4lvl,30to39y,1999-2020,21.2,WTMEC.COMBN,gender,educ_level,creatinine,8756,38600108.3299991,163,gaussian (identity),Some college or AA degree,0.00878670367558359,0.00912156012379283,0.336874211921389,-0.00909155416705037,0.0266649615182175,41.6159454789663,8.51420045873945e-24,2591,11718105.2061652
age_4lvl,30to39y,1999-2020,21.2,WTMEC.COMBN,gender,educ_level,creatinine,8756,38600108.3299991,163,gaussian (identity),HS graduate or GED,0.000346986862346968,0.00770942163866969,0.964157640653159,-0.0147634795494456,0.0154574532741396,41.6159454789663,8.51420045873945e-24,1886,8124560.19362668
age_4lvl,30to39y,1999-2020,21.2,WTMEC.COMBN,gender,educ_level,creatinine,8756,38600108.3299991,163,gaussian (identity),9-11th grade,-0.0337981275641311,0.00692509180101516,2.56519436101338e-06,-0.0473713074941208,-0.0202249476341414,41.6159454789663,8.51420045873945e-24,1244,4265304.19689602
age_4lvl,30to39y,1999-2020,21.2,WTMEC.COMBN,gender,educ_level,creatinine,8756,38600108.3299991,163,gaussian (identity),Less than 9th grade,-0.112759243736417,0.0094990289215216,1.22544250551011e-23,-0.131377340422599,-0.0941411470502342,41.6159454789663,8.51420045873945e-24,656,1863660.93218908
age_4lvl,30to39y,2001-2016,16,WTMEC.COMBN,gender,educ_level,vitd,6678,37443568.2451106,124,gaussian (identity),College graduate or above (Intercept),69.564036770003,0.884544067928855,1.9307889952162e-104,67.8303303968625,71.2977431431436,29.8189389190874,3.52471419634885e-17,1832,12131381.0194824
age_4lvl,30to39y,2001-2016,16,WTMEC.COMBN,gender,educ_level,vitd,6678,37443568.2451106,124,gaussian (identity),Some college or AA degree,-2.89783066956669,1.09174154280944,0.00903360546682759,-5.03764409347319,-0.758017245660182,29.8189389190874,3.52471419634885e-17,1952,11384208.5271455
age_4lvl,30to39y,2001-2016,16,WTMEC.COMBN,gender,educ_level,vitd,6678,37443568.2451106,124,gaussian (identity),HS graduate or GED,-4.15671920401204,1.03216849055871,9.97707866353145e-05,-6.17976944550711,-2.13366896251698,29.8189389190874,3.52471419634885e-17,1444,7781287.45176162
age_4lvl,30to39y,2001-2016,16,WTMEC.COMBN,gender,educ_level,vitd,6678,37443568.2451106,124,gaussian (identity),9-11th grade,-9.32113053619186,1.30506901619111,7.91036577570625e-11,-11.8790658079264,-6.76319526445729,29.8189389190874,3.52471419634885e-17,932,4184126.15790738
age_4lvl,30to39y,2001-2016,16,WTMEC.COMBN,gender,educ_level,vitd,6678,37443568.2451106,124,gaussian (identity),Less than 9th grade,-12.5053803106737,1.26648544370016,3.69663149258395e-17,-14.987691780326,-10.0230688410214,29.8189389190874,3.52471419634885e-17,518,1962565.08881375
age_4lvl,under30y,2001-2016,16,WTMEC.COMBN,gender,educ_level,vitd,9778,44514117.5394289,124,gaussian (identity),College graduate or above (Intercept),70.313446728913,1.05391737036159,3.96795654855999e-96,68.2477686830043,72.3791247748217,17.0616502202553,4.38709397339638e-11,1229,8177652.74026312
age_4lvl,under30y,2001-2016,16,WTMEC.COMBN,gender,educ_level,vitd,9778,44514117.5394289,124,gaussian (identity),Some college or AA degree,-4.15658337724578,0.940475981008919,2.19553125288377e-05,-5.99991630002326,-2.3132504544683,17.0616502202553,4.38709397339638e-11,3200,16247623.7913875
age_4lvl,under30y,2001-2016,16,WTMEC.COMBN,gender,educ_level,vitd,9778,44514117.5394289,124,gaussian (identity),HS graduate or GED,-5.5140736304999,1.08773534242479,1.48175972605034e-06,-7.64603490165248,-3.38211235934732,17.0616502202553,4.38709397339638e-11,2630,11502139.3426531
age_4lvl,under30y,2001-2016,16,WTMEC.COMBN,gender,educ_level,vitd,9778,44514117.5394289,124,gaussian (identity),9-11th grade,-8.45381689885911,1.04635810543227,6.05521018099015e-13,-10.5046787855064,-6.40295501221186,17.0616502202553,4.38709397339638e-11,2241,7070656.53280491
age_4lvl,under30y,2001-2016,16,WTMEC.COMBN,gender,educ_level,vitd,9778,44514117.5394289,124,gaussian (identity),Less than 9th grade,-7.75462223295902,1.56081065210348,2.28596502987725e-06,-10.8138111110818,-4.6954333548362,17.0616502202553,4.38709397339638e-11,478,1516045.13232026
age_4lvl,over65y,2001-2016,16,WTMEC.COMBN,gender,educ_level,vitd,9610,36488396.8188444,124,gaussian (identity),College graduate or above (Intercept),82.8248849604033,1.16019221667055,1.53007652480923e-99,80.550908215729,85.0988617050776,44.3165800361553,9.8500866406389e-23,1742,8541468.4095865
age_4lvl,over65y,2001-2016,16,WTMEC.COMBN,gender,educ_level,vitd,9610,36488396.8188444,124,gaussian (identity),Some college or AA degree,-4.03873461611349,1.06014882854442,0.000221760168879187,-6.11662632006056,-1.96084291216642,44.3165800361553,9.8500866406389e-23,2180,9622096.129835
age_4lvl,over65y,2001-2016,16,WTMEC.COMBN,gender,educ_level,vitd,9610,36488396.8188444,124,gaussian (identity),HS graduate or GED,-6.81502832595276,1.15336533645962,3.3564336624422e-08,-9.07562438541361,-4.55443226649192,44.3165800361553,9.8500866406389e-23,2305,9420674.98063962
age_4lvl,over65y,2001-2016,16,WTMEC.COMBN,gender,educ_level,vitd,9610,36488396.8188444,124,gaussian (identity),9-11th grade,-12.0409068091765,1.4906052206515,6.10065869111363e-13,-14.9624930416534,-9.11932057669955,44.3165800361553,9.8500866406389e-23,1441,4699381.6461025
age_4lvl,over65y,2001-2016,16,WTMEC.COMBN,gender,educ_level,vitd,9610,36488396.8188444,124,gaussian (identity),Less than 9th grade,-15.4257928980172,1.20468372338712,3.94641285809684e-24,-17.7869729958559,-13.0646128001784,44.3165800361553,9.8500866406389e-23,1942,4204775.65268075
age_4lvl,40to64y,2001-2016,16,WTMEC.COMBN,gender,educ_level,vitd,16225,92522091.808964,124,gaussian (identity),College graduate or above (Intercept),74.1849846294653,0.968868582625996,4.37779241918786e-103,72.2860022075183,76.0839670514122,33.0296149654396,1.62750903808521e-18,3820,28518651.9266831
age_4lvl,40to64y,2001-2016,16,WTMEC.COMBN,gender,educ_level,vitd,16225,92522091.808964,124,gaussian (identity),Some college or AA degree,-5.23530280662026,0.800369133792472,1.6056035793488e-09,-6.8040263088535,-3.66657930438701,33.0296149654396,1.62750903808521e-18,4569,28395936.3982641
age_4lvl,40to64y,2001-2016,16,WTMEC.COMBN,gender,educ_level,vitd,16225,92522091.808964,124,gaussian (identity),HS graduate or GED,-5.6474334659797,0.928681648744761,1.48712479014949e-08,-7.46764949751943,-3.82721743443997,33.0296149654396,1.62750903808521e-18,3659,21359480.2348473
age_4lvl,40to64y,2001-2016,16,WTMEC.COMBN,gender,educ_level,vitd,16225,92522091.808964,124,gaussian (identity),9-11th grade,-10.2569150678527,1.24500634788332,2.60174951223231e-13,-12.697127509704,-7.81670262600139,33.0296149654396,1.62750903808521e-18,2304,9249472.08471312
age_4lvl,40to64y,2001-2016,16,WTMEC.COMBN,gender,educ_level,vitd,16225,92522091.808964,124,gaussian (identity),Less than 9th grade,-12.3730793190998,1.09656689113339,1.60112719615582e-20,-14.5223504257212,-10.2238082124783,33.0296149654396,1.62750903808521e-18,1873,4998551.16445638
age_4lvl,30to39y,2001-2006,6,WTMEC.COMBN,gender,educ_level,b_carot,2311,38686396.5845207,45,gaussian (identity),College graduate or above (Intercept),25.4736632062493,1.73411825949057,1.03957090947808e-17,22.0747914176478,28.8725349948509,19.7203419867372,4.93589889121438e-09,590,11492244.9959753
age_4lvl,30to39y,2001-2006,6,WTMEC.COMBN,gender,educ_level,b_carot,2311,38686396.5845207,45,gaussian (identity),Some college or AA degree,-9.22177027467932,1.5482866152843,5.44809283593581e-07,-12.2564120406365,-6.1871285087221,19.7203419867372,4.93589889121438e-09,662,11583035.1456883
age_4lvl,30to39y,2001-2006,6,WTMEC.COMBN,gender,educ_level,b_carot,2311,38686396.5845207,45,gaussian (identity),HS graduate or GED,-10.8344095265396,1.43081815999068,3.0319993872984e-09,-13.6388131201213,-8.03000593295786,19.7203419867372,4.93589889121438e-09,524,9139020.84919567
age_4lvl,30to39y,2001-2006,6,WTMEC.COMBN,gender,educ_level,b_carot,2311,38686396.5845207,45,gaussian (identity),9-11th grade,-11.0368304735576,1.84418749030965,4.96716926728881e-07,-14.6514379545645,-7.42222299255064,19.7203419867372,4.93589889121438e-09,336,4496341.23559833
age_4lvl,30to39y,2001-2006,6,WTMEC.COMBN,gender,educ_level,b_carot,2311,38686396.5845207,45,gaussian (identity),Less than 9th grade,-8.32655379134644,1.82394063800446,4.6787306358345e-05,-11.9014774418352,-4.7516301408577,19.7203419867372,4.93589889121438e-09,199,1975754.358063
age_4lvl,under30y,2001-2006,6,WTMEC.COMBN,gender,educ_level,b_carot,4173,43243574.8082644,45,gaussian (identity),College graduate or above (Intercept),17.2993473941011,0.74242128070139,6.94175965226803e-25,15.8442016839264,18.7544931042759,14.5678158920003,2.00394259425371e-07,382,6737540.35205567
age_4lvl,under30y,2001-2006,6,WTMEC.COMBN,gender,educ_level,b_carot,4173,43243574.8082644,45,gaussian (identity),Some college or AA degree,-3.38550512745455,0.95145522442762,0.000979249439320514,-5.25035736733269,-1.52065288757641,14.5678158920003,2.00394259425371e-07,1200,14853644.9108003
age_4lvl,under30y,2001-2006,6,WTMEC.COMBN,gender,educ_level,b_carot,4173,43243574.8082644,45,gaussian (identity),HS graduate or GED,-5.06872546738946,0.902872786310266,1.64760563224283e-06,-6.83835612855758,-3.29909480622133,14.5678158920003,2.00394259425371e-07,1184,12159732.4413535
age_4lvl,under30y,2001-2006,6,WTMEC.COMBN,gender,educ_level,b_carot,4173,43243574.8082644,45,gaussian (identity),9-11th grade,-5.53684353460974,0.802415990469527,2.58308968048188e-08,-7.10957887593001,-3.96410819328946,14.5678158920003,2.00394259425371e-07,1126,7585930.59191652
age_4lvl,under30y,2001-2006,6,WTMEC.COMBN,gender,educ_level,b_carot,4173,43243574.8082644,45,gaussian (identity),Less than 9th grade,-1.9571992108822,1.06062187315711,0.0724012830512856,-4.03601808227013,0.121619660505729,14.5678158920003,2.00394259425371e-07,281,1906726.51213836
age_4lvl,over65y,2001-2006,6,WTMEC.COMBN,gender,educ_level,b_carot,3479,33116409.8910147,45,gaussian (identity),College graduate or above (Intercept),34.017972399998,1.70794498067967,2.266888330482e-22,30.6704002378659,37.3655445621302,8.64565153029967,3.98265795341811e-05,534,6264366.94048167
age_4lvl,over65y,2001-2006,6,WTMEC.COMBN,gender,educ_level,b_carot,3479,33116409.8910147,45,gaussian (identity),Some college or AA degree,-4.00151931535965,2.02208041991781,0.0547391800396667,-7.96479693839857,-0.0382416923207383,8.64565153029967,3.98265795341811e-05,709,7414214.11836733
age_4lvl,over65y,2001-2006,6,WTMEC.COMBN,gender,educ_level,b_carot,3479,33116409.8910147,45,gaussian (identity),HS graduate or GED,-7.75720150574554,1.59292134993771,1.79126186619729e-05,-10.8793273516234,-4.63507565986763,8.64565153029967,3.98265795341811e-05,873,9774248.146039
age_4lvl,over65y,2001-2006,6,WTMEC.COMBN,gender,educ_level,b_carot,3479,33116409.8910147,45,gaussian (identity),9-11th grade,-10.9272578773102,2.01584802511273,3.07390757099815e-06,-14.8783200065311,-6.97619574808924,8.64565153029967,3.98265795341811e-05,530,4718833.72143767
age_4lvl,over65y,2001-2006,6,WTMEC.COMBN,gender,educ_level,b_carot,3479,33116409.8910147,45,gaussian (identity),Less than 9th grade,-9.16647050178895,1.78814547903128,7.91177741814554e-06,-12.6712356406903,-5.66170536288764,8.64565153029967,3.98265795341811e-05,833,4944746.964689
age_4lvl,40to64y,2001-2006,6,WTMEC.COMBN,gender,educ_level,b_carot,5165,89048857.5895577,45,gaussian (identity),College graduate or above (Intercept),29.212295902276,1.416885366727,6.42041175700896e-23,26.4352005834911,31.9893912210609,22.2931759633303,9.73294572466471e-10,1154,25383054.7455787
age_4lvl,40to64y,2001-2006,6,WTMEC.COMBN,gender,educ_level,b_carot,5165,89048857.5895577,45,gaussian (identity),Some college or AA degree,-8.84999697051493,1.18248740791867,4.00549353866096e-09,-11.1676722900355,-6.53232165099434,22.2931759633303,9.73294572466471e-10,1494,28544962.6769087
age_4lvl,40to64y,2001-2006,6,WTMEC.COMBN,gender,educ_level,b_carot,5165,89048857.5895577,45,gaussian (identity),HS graduate or GED,-10.6018942233918,1.25029829068929,1.79110960339824e-10,-13.0524788731428,-8.1513095736408,22.2931759633303,9.73294572466471e-10,1194,22046840.9318027
age_4lvl,40to64y,2001-2006,6,WTMEC.COMBN,gender,educ_level,b_carot,5165,89048857.5895577,45,gaussian (identity),9-11th grade,-12.4950172383118,1.42779295463102,7.80814420096326e-11,-15.2934914293886,-9.69654304723495,22.2931759633303,9.73294572466471e-10,708,8474876.648225
age_4lvl,40to64y,2001-2006,6,WTMEC.COMBN,gender,educ_level,b_carot,5165,89048857.5895577,45,gaussian (identity),Less than 9th grade,-8.15423210050613,1.29091269547388,1.69596334107193e-07,-10.6844209836349,-5.62404321737732,22.2931759633303,9.73294572466471e-10,615,4599122.58704267
age_4lvl,over65y,1999-2006,8,WTMEC.COMBN,gender,educ_level,g_tocoph,4399,31381920.0169875,59,gaussian (identity),College graduate or above (Intercept),164.291700763497,6.51026233805967,1.45242097834475e-31,151.5315865809,177.051814946094,26.9679588248666,2.54447011229546e-12,636,5508704.45820725
age_4lvl,over65y,1999-2006,8,WTMEC.COMBN,gender,educ_level,g_tocoph,4399,31381920.0169875,59,gaussian (identity),Some college or AA degree,22.5129776160154,7.05173486598653,0.00235265245276983,8.69157727868177,36.334377953349,26.9679588248666,2.54447011229546e-12,871,7000839.010462
age_4lvl,over65y,1999-2006,8,WTMEC.COMBN,gender,educ_level,g_tocoph,4399,31381920.0169875,59,gaussian (identity),HS graduate or GED,44.8837972795324,7.55286200057296,2.10744761639356e-07,30.0801877584094,59.6874068006554,26.9679588248666,2.54447011229546e-12,1087,9292569.76238225
age_4lvl,over65y,1999-2006,8,WTMEC.COMBN,gender,educ_level,g_tocoph,4399,31381920.0169875,59,gaussian (identity),9-11th grade,82.5465437166897,9.1107060012525,1.99435371499444e-12,64.6895599542348,100.403527479145,26.9679588248666,2.54447011229546e-12,703,4752820.80699775
age_4lvl,over65y,1999-2006,8,WTMEC.COMBN,gender,educ_level,g_tocoph,4399,31381920.0169875,59,gaussian (identity),Less than 9th grade,68.6306338586167,8.26577835231382,3.20935735728219e-11,52.4297082880817,84.8315594291518,26.9679588248666,2.54447011229546e-12,1102,4826985.97893825
age_4lvl,40to64y,1999-2006,8,WTMEC.COMBN,gender,educ_level,g_tocoph,6497,82550382.0478133,59,gaussian (identity),College graduate or above (Intercept),196.600297983923,5.46460008990237,2.05234048274119e-39,185.889681807715,207.310914160132,49.7675596465227,1.71487688375007e-17,1413,23388469.602187
age_4lvl,40to64y,1999-2006,8,WTMEC.COMBN,gender,educ_level,g_tocoph,6497,82550382.0478133,59,gaussian (identity),Some college or AA degree,49.8441836373665,5.86712803619477,1.57721532068594e-11,38.3446126864247,61.3437545883082,49.7675596465227,1.71487688375007e-17,1776,25292262.461552
age_4lvl,40to64y,1999-2006,8,WTMEC.COMBN,gender,educ_level,g_tocoph,6497,82550382.0478133,59,gaussian (identity),HS graduate or GED,63.3696119672999,5.58933319911421,6.67702022027118e-16,52.4145188970361,74.3247050375638,49.7675596465227,1.71487688375007e-17,1470,20336906.299681
age_4lvl,40to64y,1999-2006,8,WTMEC.COMBN,gender,educ_level,g_tocoph,6497,82550382.0478133,59,gaussian (identity),9-11th grade,79.2925185332565,7.85197978569734,4.82972298564968e-14,63.9026381532897,94.6823989132232,49.7675596465227,1.71487688375007e-17,997,9035090.09021775
age_4lvl,40to64y,1999-2006,8,WTMEC.COMBN,gender,educ_level,g_tocoph,6497,82550382.0478133,59,gaussian (identity),Less than 9th grade,65.9500341532694,8.22083359124302,9.08030843272182e-11,49.837200314433,82.0628679921057,49.7675596465227,1.71487688375007e-17,841,4497653.5941755
age_4lvl,under30y,1999-2006,8,WTMEC.COMBN,gender,educ_level,g_tocoph,5236,41277628.3960681,59,gaussian (identity),College graduate or above (Intercept),193.227152222634,6.01049573566167,6.84375651921943e-37,181.446580580737,205.007723864531,6.87235008839311,0.000151206637910116,469,6158824.09301875
age_4lvl,under30y,1999-2006,8,WTMEC.COMBN,gender,educ_level,g_tocoph,5236,41277628.3960681,59,gaussian (identity),Some college or AA degree,23.6912906876117,6.0663422497691,0.000263690690571399,11.8012598780643,35.5813214971592,6.87235008839311,0.000151206637910116,1492,14534150.9881288
age_4lvl,under30y,1999-2006,8,WTMEC.COMBN,gender,educ_level,g_tocoph,5236,41277628.3960681,59,gaussian (identity),HS graduate or GED,30.8149163899444,6.30825479677448,9.62298060371775e-06,18.4507369882664,43.1790957916224,6.87235008839311,0.000151206637910116,1477,11447727.9737471
age_4lvl,under30y,1999-2006,8,WTMEC.COMBN,gender,educ_level,g_tocoph,5236,41277628.3960681,59,gaussian (identity),9-11th grade,28.9338912259171,6.58707474777917,5.26904541855488e-05,16.0232247202699,41.8445577315642,6.87235008839311,0.000151206637910116,1438,7315055.61713189
age_4lvl,under30y,1999-2006,8,WTMEC.COMBN,gender,educ_level,g_tocoph,5236,41277628.3960681,59,gaussian (identity),Less than 9th grade,10.6571423301062,10.6627171798792,0.322021401044183,-10.241783342457,31.5560680026693,6.87235008839311,0.000151206637910116,360,1821869.72404152
age_4lvl,30to39y,1999-2006,8,WTMEC.COMBN,gender,educ_level,g_tocoph,2952,38055383.5135617,59,gaussian (identity),College graduate or above (Intercept),191.78393810415,6.2550492843396,7.75744167365375e-36,179.524041506844,204.043834701455,31.0261519083472,2.01080565731858e-13,737,10978371.336909
age_4lvl,30to39y,1999-2006,8,WTMEC.COMBN,gender,educ_level,g_tocoph,2952,38055383.5135617,59,gaussian (identity),Some college or AA degree,49.7250810086913,8.35242784110046,2.02557082395356e-07,33.3543224401344,66.0958395772482,31.0261519083472,2.01080565731858e-13,825,11169751.196808
age_4lvl,30to39y,1999-2006,8,WTMEC.COMBN,gender,educ_level,g_tocoph,2952,38055383.5135617,59,gaussian (identity),HS graduate or GED,67.9402222246267,7.01667876944461,2.1144700329316e-13,54.1875318365153,81.6929126127382,31.0261519083472,2.01080565731858e-13,687,9249006.44908775
age_4lvl,30to39y,1999-2006,8,WTMEC.COMBN,gender,educ_level,g_tocoph,2952,38055383.5135617,59,gaussian (identity),9-11th grade,55.3712823795171,8.84436155782412,6.49627463885974e-08,38.0363337261818,72.7062310328523,31.0261519083472,2.01080565731858e-13,460,4837297.58340125
age_4lvl,30to39y,1999-2006,8,WTMEC.COMBN,gender,educ_level,g_tocoph,2952,38055383.5135617,59,gaussian (identity),Less than 9th grade,22.8321162843354,10.4935157030199,0.0339629646069825,2.26482550641636,43.3994070622544,31.0261519083472,2.01080565731858e-13,243,1820956.94735575
age_4lvl,30to39y,2001-2006,6,WTMEC.COMBN,gender,educ_level,t_lycop,2310,38658468.6349713,45,gaussian (identity),College graduate or above (Intercept),24.468071092744,0.63268619236504,2.62510517296831e-33,23.2280061557085,25.7081360297795,7.27342833716321,0.000168480732535086,590,11492244.9959753
age_4lvl,30to39y,2001-2006,6,WTMEC.COMBN,gender,educ_level,t_lycop,2310,38658468.6349713,45,gaussian (identity),Some college or AA degree,-0.668892321862119,0.77421216051219,0.392758452379148,-2.18634815646601,0.848563512741774,7.27342833716321,0.000168480732535086,661,11555107.196139
age_4lvl,30to39y,2001-2006,6,WTMEC.COMBN,gender,educ_level,t_lycop,2310,38658468.6349713,45,gaussian (identity),HS graduate or GED,-1.07587898084682,0.791122197625147,0.18146502772107,-2.62647848819211,0.474720526498467,7.27342833716321,0.000168480732535086,524,9139020.84919567
age_4lvl,30to39y,2001-2006,6,WTMEC.COMBN,gender,educ_level,t_lycop,2310,38658468.6349713,45,gaussian (identity),9-11th grade,-2.76937780360722,0.895238739080214,0.00360030434814913,-4.52404573220444,-1.01470987501,7.27342833716321,0.000168480732535086,336,4496341.23559833
age_4lvl,30to39y,2001-2006,6,WTMEC.COMBN,gender,educ_level,t_lycop,2310,38658468.6349713,45,gaussian (identity),Less than 9th grade,-4.19549125037429,1.00373297213396,0.000154073031426734,-6.16280787575685,-2.22817462499172,7.27342833716321,0.000168480732535086,199,1975754.358063
age_4lvl,under30y,2001-2006,6,WTMEC.COMBN,gender,educ_level,t_lycop,4172,43241251.0948964,45,gaussian (identity),College graduate or above (Intercept),24.6050740754236,0.712412289328116,2.12810637779982e-31,23.2087459883405,26.0014021625067,16.0854397876345,6.26557530769933e-08,381,6735216.63868767
age_4lvl,under30y,2001-2006,6,WTMEC.COMBN,gender,educ_level,t_lycop,4172,43241251.0948964,45,gaussian (identity),Some college or AA degree,0.128876459776868,0.840902788814115,0.878964087370724,-1.5192930062988,1.77704592585253,16.0854397876345,6.26557530769933e-08,1200,14853644.9108003
age_4lvl,under30y,2001-2006,6,WTMEC.COMBN,gender,educ_level,t_lycop,4172,43241251.0948964,45,gaussian (identity),HS graduate or GED,-1.33009600753255,0.746981646216696,0.0825694965690635,-2.79418003411728,0.133988019052173,16.0854397876345,6.26557530769933e-08,1184,12159732.4413535
age_4lvl,under30y,2001-2006,6,WTMEC.COMBN,gender,educ_level,t_lycop,4172,43241251.0948964,45,gaussian (identity),9-11th grade,-2.15774529315039,0.56746916572176,0.000479728385084655,-3.26998485796505,-1.04550572833574,16.0854397876345,6.26557530769933e-08,1126,7585930.59191652
age_4lvl,under30y,2001-2006,6,WTMEC.COMBN,gender,educ_level,t_lycop,4172,43241251.0948964,45,gaussian (identity),Less than 9th grade,-4.69296750377459,0.980880110006128,2.34715997663273e-05,-6.6154925193866,-2.77044248816258,16.0854397876345,6.26557530769933e-08,281,1906726.51213836
age_4lvl,over65y,2001-2006,6,WTMEC.COMBN,gender,educ_level,t_lycop,3478,33107877.1813673,45,gaussian (identity),College graduate or above (Intercept),20.1417388607336,0.685159617484081,1.05566793437074e-28,18.7988260104648,21.4846517110024,23.5209066349365,4.68540480973004e-10,534,6264366.94048167
age_4lvl,over65y,2001-2006,6,WTMEC.COMBN,gender,educ_level,t_lycop,3478,33107877.1813673,45,gaussian (identity),Some college or AA degree,-1.60472344482688,0.625085552086349,0.0140972770126358,-2.82989112691612,-0.379555762737634,23.5209066349365,4.68540480973004e-10,709,7414214.11836733
age_4lvl,over65y,2001-2006,6,WTMEC.COMBN,gender,educ_level,t_lycop,3478,33107877.1813673,45,gaussian (identity),HS graduate or GED,-1.6968298017013,0.679727051002864,0.0167689164831627,-3.02909482166691,-0.364564781735682,23.5209066349365,4.68540480973004e-10,873,9774248.146039
age_4lvl,over65y,2001-2006,6,WTMEC.COMBN,gender,educ_level,t_lycop,3478,33107877.1813673,45,gaussian (identity),9-11th grade,-3.57812789995216,0.860212991479659,0.000163923922563851,-5.26414536325229,-1.89211043665203,23.5209066349365,4.68540480973004e-10,530,4718833.72143767
age_4lvl,over65y,2001-2006,6,WTMEC.COMBN,gender,educ_level,t_lycop,3478,33107877.1813673,45,gaussian (identity),Less than 9th grade,-5.48815035382753,0.688697502009576,8.71185435466359e-10,-6.8379974577663,-4.13830324988876,23.5209066349365,4.68540480973004e-10,832,4936214.25504167
age_4lvl,40to64y,2001-2006,6,WTMEC.COMBN,gender,educ_level,t_lycop,5161,89017176.7767823,45,gaussian (identity),College graduate or above (Intercept),23.7650716773858,0.419432594283204,8.00429957732559e-40,22.9429837925908,24.5871595621809,26.4044278090737,9.27726905143874e-11,1153,25361143.7700107
age_4lvl,40to64y,2001-2006,6,WTMEC.COMBN,gender,educ_level,t_lycop,5161,89017176.7767823,45,gaussian (identity),Some college or AA degree,-0.695406425944255,0.514063085135247,0.183728363863833,-1.70297007280934,0.312157220920828,26.4044278090737,9.27726905143874e-11,1494,28544962.6769087
age_4lvl,40to64y,2001-2006,6,WTMEC.COMBN,gender,educ_level,t_lycop,5161,89017176.7767823,45,gaussian (identity),HS graduate or GED,-1.0579050634639,0.553615109260656,0.0632024209502814,-2.14299067761479,0.0271805506869849,26.4044278090737,9.27726905143874e-11,1194,22046840.9318027
age_4lvl,40to64y,2001-2006,6,WTMEC.COMBN,gender,educ_level,t_lycop,5161,89017176.7767823,45,gaussian (identity),9-11th grade,-4.09210352443551,0.708897138499247,9.87042895051929e-07,-5.48154191589403,-2.70266513297698,26.4044278090737,9.27726905143874e-11,708,8474876.648225
age_4lvl,40to64y,2001-2006,6,WTMEC.COMBN,gender,educ_level,t_lycop,5161,89017176.7767823,45,gaussian (identity),Less than 9th grade,-5.98703881443389,0.679150098695767,6.42555822178321e-11,-7.31817300787759,-4.65590462099018,26.4044278090737,9.27726905143874e-11,612,4589352.74983533
age_4lvl,under30y,2011-2020,9.2,WTMEC.COMBN,gender,educ_level,manganese,3478,35092713.3051421,72,gaussian (identity),College graduate or above (Intercept),10.6389083730909,0.17364579167729,1.45388435750336e-60,10.2985626214034,10.9792541247784,3.10984260954712,0.0207917599115359,628,8102824.2094127
age_4lvl,under30y,2011-2020,9.2,WTMEC.COMBN,gender,educ_level,manganese,3478,35092713.3051421,72,gaussian (identity),Some college or AA degree,0.455438678816204,0.192869126624789,0.0211222871174872,0.0774151906316174,0.83346216700079,3.10984260954712,0.0207917599115359,1346,12925785.4857967
age_4lvl,under30y,2011-2020,9.2,WTMEC.COMBN,gender,educ_level,manganese,3478,35092713.3051421,72,gaussian (identity),HS graduate or GED,0.623627105013095,0.19424949234184,0.00203611557109146,0.242898100023088,1.0043561100031,3.10984260954712,0.0207917599115359,904,9815956.42032009
age_4lvl,under30y,2011-2020,9.2,WTMEC.COMBN,gender,educ_level,manganese,3478,35092713.3051421,72,gaussian (identity),9-11th grade,0.754486716133126,0.262245939799197,0.00538002802223595,0.240484674126701,1.26848875813955,3.10984260954712,0.0207917599115359,508,3482496.25440731
age_4lvl,under30y,2011-2020,9.2,WTMEC.COMBN,gender,educ_level,manganese,3478,35092713.3051421,72,gaussian (identity),Less than 9th grade,1.02485261270031,0.704713321218669,0.150536648902717,-0.356385496888281,2.4060907222889,3.10984260954712,0.0207917599115359,92,765650.935205348
age_4lvl,40to64y,2011-2020,9.2,WTMEC.COMBN,gender,educ_level,manganese,8048,77862043.7381311,72,gaussian (identity),College graduate or above (Intercept),10.3282205813399,0.163818726742564,2.2068398296522e-61,10.0071358769245,10.6493052857554,9.61223952579066,3.33158074389114e-06,2099,25487885.6778764
age_4lvl,40to64y,2011-2020,9.2,WTMEC.COMBN,gender,educ_level,manganese,8048,77862043.7381311,72,gaussian (identity),Some college or AA degree,-0.224647107890838,0.161276995029218,0.1682466364125,-0.540750018148106,0.0914558023664299,9.61223952579066,3.33158074389114e-06,2387,23663410.0995136
age_4lvl,40to64y,2011-2020,9.2,WTMEC.COMBN,gender,educ_level,manganese,8048,77862043.7381311,72,gaussian (identity),HS graduate or GED,0.00752253326481013,0.210496204741744,0.97159821385672,-0.405050028029009,0.420095094558629,9.61223952579066,3.33158074389114e-06,1819,18181516.6862835
age_4lvl,40to64y,2011-2020,9.2,WTMEC.COMBN,gender,educ_level,manganese,8048,77862043.7381311,72,gaussian (identity),9-11th grade,0.298813722448383,0.227688043197259,0.193869463017911,-0.147454842218244,0.745082287115011,9.61223952579066,3.33158074389114e-06,989,6732331.05121557
age_4lvl,40to64y,2011-2020,9.2,WTMEC.COMBN,gender,educ_level,manganese,8048,77862043.7381311,72,gaussian (identity),Less than 9th grade,0.986620152986811,0.220390175233347,3.0197194849741e-05,0.554655409529452,1.41858489644417,9.61223952579066,3.33158074389114e-06,754,3796900.223242
age_4lvl,over65y,2011-2020,9.2,WTMEC.COMBN,gender,educ_level,manganese,4384,34530460.6483035,72,gaussian (identity),College graduate or above (Intercept),9.52579653883932,0.129464060242836,8.16665419099309e-66,9.27204698076336,9.77954609691528,0.742636117941315,0.566314657031237,958,10136439.9077727
age_4lvl,over65y,2011-2020,9.2,WTMEC.COMBN,gender,educ_level,manganese,4384,34530460.6483035,72,gaussian (identity),Some college or AA degree,-0.114908398979727,0.154794406446938,0.460482556116002,-0.418305435615725,0.18848863765627,0.742636117941315,0.566314657031237,1202,9802690.59770565
age_4lvl,over65y,2011-2020,9.2,WTMEC.COMBN,gender,educ_level,manganese,4384,34530460.6483035,72,gaussian (identity),HS graduate or GED,-0.0704433032651392,0.172488923270691,0.684287334809955,-0.408521592875694,0.267634986345416,0.742636117941315,0.566314657031237,1041,8701090.49021626
age_4lvl,over65y,2011-2020,9.2,WTMEC.COMBN,gender,educ_level,manganese,4384,34530460.6483035,72,gaussian (identity),9-11th grade,0.23294494264529,0.224336222745133,0.302828832560494,-0.20675405393517,0.67264393922575,0.742636117941315,0.566314657031237,549,3309005.94837991
age_4lvl,over65y,2011-2020,9.2,WTMEC.COMBN,gender,educ_level,manganese,4384,34530460.6483035,72,gaussian (identity),Less than 9th grade,-0.18942783200367,0.196094738811858,0.337517366678701,-0.573773520074912,0.194917856067572,0.742636117941315,0.566314657031237,634,2581233.704229
age_4lvl,30to39y,2011-2020,9.2,WTMEC.COMBN,gender,educ_level,manganese,3047,31069498.3170972,72,gaussian (identity),College graduate or above (Intercept),10.7187736731948,0.161535124609433,7.55822449485861e-63,10.4021648289603,11.0353825174292,6.48522168228811,0.000179278483035369,928,11720345.2696561
age_4lvl,30to39y,2011-2020,9.2,WTMEC.COMBN,gender,educ_level,manganese,3047,31069498.3170972,72,gaussian (identity),Some college or AA degree,0.0596707933141544,0.200075327667214,0.766441706023438,-0.332476848913586,0.451818435541895,6.48522168228811,0.000179278483035369,952,9347192.4222427
age_4lvl,30to39y,2011-2020,9.2,WTMEC.COMBN,gender,educ_level,manganese,3047,31069498.3170972,72,gaussian (identity),HS graduate or GED,0.622073118871099,0.281809252539783,0.0307131772789001,0.0697269838931239,1.17441925384907,6.48522168228811,0.000179278483035369,615,6004834.61838178
age_4lvl,30to39y,2011-2020,9.2,WTMEC.COMBN,gender,educ_level,manganese,3047,31069498.3170972,72,gaussian (identity),9-11th grade,0.472319816139386,0.278200493040171,0.0941921388773408,-0.0729531502193481,1.01759278249812,6.48522168228811,0.000179278483035369,358,2603752.34531987
age_4lvl,30to39y,2011-2020,9.2,WTMEC.COMBN,gender,educ_level,manganese,3047,31069498.3170972,72,gaussian (identity),Less than 9th grade,1.25646451124942,0.26341862319379,1.03515517937025e-05,0.740164009789586,1.77276501270924,6.48522168228811,0.000179278483035369,194,1393373.66149678
age_4lvl,under30y,2011-2020,9.2,WTMEC.COMBN,gender,educ_level,selenium,3478,35092713.3051421,72,gaussian (identity),College graduate or above (Intercept),187.948853670847,1.60893242072678,3.69774118994332e-79,184.795346126222,191.102361215471,2.16884504889037,0.0819236780383199,628,8102824.2094127
age_4lvl,under30y,2011-2020,9.2,WTMEC.COMBN,gender,educ_level,selenium,3478,35092713.3051421,72,gaussian (identity),Some college or AA degree,2.59086187857301,1.79785726437427,0.154218628875736,-0.932938359600556,6.11466211674658,2.16884504889037,0.0819236780383199,1346,12925785.4857967
age_4lvl,under30y,2011-2020,9.2,WTMEC.COMBN,gender,educ_level,selenium,3478,35092713.3051421,72,gaussian (identity),HS graduate or GED,-0.292760585162286,1.77421430457585,0.869434077098174,-3.77022062213095,3.18469945180638,2.16884504889037,0.0819236780383199,904,9815956.42032009
age_4lvl,under30y,2011-2020,9.2,WTMEC.COMBN,gender,educ_level,selenium,3478,35092713.3051421,72,gaussian (identity),9-11th grade,0.786418182789392,1.90767149104373,0.681479687180539,-2.95261793965631,4.52545430523509,2.16884504889037,0.0819236780383199,508,3482496.25440731
age_4lvl,under30y,2011-2020,9.2,WTMEC.COMBN,gender,educ_level,selenium,3478,35092713.3051421,72,gaussian (identity),Less than 9th grade,-3.66631953022989,3.40561666047156,0.285542157200883,-10.3413281847541,3.00868912429436,2.16884504889037,0.0819236780383199,92,765650.935205348
age_4lvl,40to64y,2011-2020,9.2,WTMEC.COMBN,gender,educ_level,selenium,8048,77862043.7381311,72,gaussian (identity),College graduate or above (Intercept),193.718872549897,1.1301899218686,2.81030553246933e-90,191.503700303035,195.93404479676,3.29749012119987,0.0158154310923865,2099,25487885.6778764
age_4lvl,40to64y,2011-2020,9.2,WTMEC.COMBN,gender,educ_level,selenium,8048,77862043.7381311,72,gaussian (identity),Some college or AA degree,-2.42579347761871,1.01608643537913,0.0197967206747646,-4.41732289096181,-0.434264064275614,3.29749012119987,0.0158154310923865,2387,23663410.0995136
age_4lvl,40to64y,2011-2020,9.2,WTMEC.COMBN,gender,educ_level,selenium,8048,77862043.7381311,72,gaussian (identity),HS graduate or GED,-4.24346394222733,1.58014782258625,0.00912095803822426,-7.34055367449638,-1.14637420995828,3.29749012119987,0.0158154310923865,1819,18181516.6862835
age_4lvl,40to64y,2011-2020,9.2,WTMEC.COMBN,gender,educ_level,selenium,8048,77862043.7381311,72,gaussian (identity),9-11th grade,-6.93266116052575,1.95424025687007,0.000715640388650444,-10.7629720639911,-3.1023502570604,3.29749012119987,0.0158154310923865,989,6732331.05121557
age_4lvl,40to64y,2011-2020,9.2,WTMEC.COMBN,gender,educ_level,selenium,8048,77862043.7381311,72,gaussian (identity),Less than 9th grade,-4.29479379812909,1.73902098721085,0.0160781568246922,-7.70327493306237,-0.886312663195822,3.29749012119987,0.0158154310923865,754,3796900.223242
age_4lvl,over65y,2011-2020,9.2,WTMEC.COMBN,gender,educ_level,selenium,4384,34530460.6483035,72,gaussian (identity),College graduate or above (Intercept),193.305760597081,1.87904712261629,1.76086170002442e-75,189.622828236753,196.988692957409,4.94426710288131,0.0014900304575634,958,10136439.9077727
age_4lvl,over65y,2011-2020,9.2,WTMEC.COMBN,gender,educ_level,selenium,4384,34530460.6483035,72,gaussian (identity),Some college or AA degree,-2.82342137870276,1.79412908858316,0.120267443349496,-6.33991439232575,0.693071634920225,4.94426710288131,0.0014900304575634,1202,9802690.59770565
age_4lvl,over65y,2011-2020,9.2,WTMEC.COMBN,gender,educ_level,selenium,4384,34530460.6483035,72,gaussian (identity),HS graduate or GED,-7.27739726360191,2.04505254916652,0.000690842543136429,-11.2857002599683,-3.26909426723552,4.94426710288131,0.0014900304575634,1041,8701090.49021626
age_4lvl,over65y,2011-2020,9.2,WTMEC.COMBN,gender,educ_level,selenium,4384,34530460.6483035,72,gaussian (identity),9-11th grade,-6.71334025307842,2.91688001311356,0.0244773895135601,-12.430425078781,-0.996255427375837,4.94426710288131,0.0014900304575634,549,3309005.94837991
age_4lvl,over65y,2011-2020,9.2,WTMEC.COMBN,gender,educ_level,selenium,4384,34530460.6483035,72,gaussian (identity),Less than 9th grade,-8.52889551626553,2.48386571084005,0.00102548873869743,-13.397272309512,-3.66051872301903,4.94426710288131,0.0014900304575634,634,2581233.704229
age_4lvl,30to39y,2011-2020,9.2,WTMEC.COMBN,gender,educ_level,selenium,3047,31069498.3170972,72,gaussian (identity),College graduate or above (Intercept),189.981567235821,1.35329587111154,1.74490845901858e-84,187.329107328443,192.6340271432,1.33217695889548,0.267106242961039,928,11720345.2696561
age_4lvl,30to39y,2011-2020,9.2,WTMEC.COMBN,gender,educ_level,selenium,3047,31069498.3170972,72,gaussian (identity),Some college or AA degree,-1.11554675166509,1.6565312103326,0.502994483006733,-4.36234792391698,2.13125442058681,1.33217695889548,0.267106242961039,952,9347192.4222427
age_4lvl,30to39y,2011-2020,9.2,WTMEC.COMBN,gender,educ_level,selenium,3047,31069498.3170972,72,gaussian (identity),HS graduate or GED,-3.7534068270852,1.80902311098075,0.0418466712336601,-7.29909212460747,-0.207721529562921,1.33217695889548,0.267106242961039,615,6004834.61838178
age_4lvl,30to39y,2011-2020,9.2,WTMEC.COMBN,gender,educ_level,selenium,3047,31069498.3170972,72,gaussian (identity),9-11th grade,-1.12872715122659,2.03272467385452,0.580553885979379,-5.11286751198145,2.85541320952827,1.33217695889548,0.267106242961039,358,2603752.34531987
age_4lvl,30to39y,2011-2020,9.2,WTMEC.COMBN,gender,educ_level,selenium,3047,31069498.3170972,72,gaussian (identity),Less than 9th grade,-3.35177858251159,2.63538044193132,0.207827443111345,-8.51712424869697,1.81356708367378,1.33217695889548,0.267106242961039,194,1393373.66149678
age_4lvl,under30y,1999-2020,21.2,WTMEC.COMBN,gender,educ_level,mercury,10055,35929833.8231483,163,gaussian (identity),College graduate or above (Intercept),1.67580877116802,0.0902506882686489,1.47007647396555e-41,1.49891742216147,1.85270012017457,29.3561811752947,2.97693437643117e-18,1312,6968234.85775815
age_4lvl,under30y,1999-2020,21.2,WTMEC.COMBN,gender,educ_level,mercury,10055,35929833.8231483,163,gaussian (identity),Some college or AA degree,-0.529490280463418,0.0957793191875666,1.30964653826076e-07,-0.717217746071049,-0.341762814855788,29.3561811752947,2.97693437643117e-18,3363,12982215.4466004
age_4lvl,under30y,1999-2020,21.2,WTMEC.COMBN,gender,educ_level,mercury,10055,35929833.8231483,163,gaussian (identity),HS graduate or GED,-0.810383366462901,0.0952176722769311,1.25932405492608e-14,-0.997010004125686,-0.623756728800116,29.3561811752947,2.97693437643117e-18,2716,9798960.71459563
age_4lvl,under30y,1999-2020,21.2,WTMEC.COMBN,gender,educ_level,mercury,10055,35929833.8231483,163,gaussian (identity),9-11th grade,-0.84122617317328,0.0920579690428865,2.95495686836194e-16,-1.02165979249734,-0.660792553849222,29.3561811752947,2.97693437643117e-18,2189,5074735.30254147
age_4lvl,under30y,1999-2020,21.2,WTMEC.COMBN,gender,educ_level,mercury,10055,35929833.8231483,163,gaussian (identity),Less than 9th grade,-0.853971377380079,0.128226938837825,4.30018400227713e-10,-1.10529617750222,-0.602646577257942,29.3561811752947,2.97693437643117e-18,475,1105687.50165271
age_4lvl,30to39y,1999-2020,21.2,WTMEC.COMBN,gender,educ_level,mercury,7288,31675166.4068202,163,gaussian (identity),College graduate or above (Intercept),1.90859677078571,0.0879395635674041,2.89760484109503e-49,1.73623522619359,2.08095831537782,19.4603796528677,4.89183302357096e-13,1985,10482027.601423
age_4lvl,30to39y,1999-2020,21.2,WTMEC.COMBN,gender,educ_level,mercury,7288,31675166.4068202,163,gaussian (identity),Some college or AA degree,-0.609928487840327,0.089616953185364,1.97045423234902e-10,-0.78557771608364,-0.434279259597014,19.4603796528677,4.89183302357096e-13,2167,9683432.17374523
age_4lvl,30to39y,1999-2020,21.2,WTMEC.COMBN,gender,educ_level,mercury,7288,31675166.4068202,163,gaussian (identity),HS graduate or GED,-0.751308631865321,0.0881712813178323,1.18586257213562e-14,-0.924124343248272,-0.578492920482369,19.4603796528677,4.89183302357096e-13,1576,6636305.00740643
age_4lvl,30to39y,1999-2020,21.2,WTMEC.COMBN,gender,educ_level,mercury,7288,31675166.4068202,163,gaussian (identity),9-11th grade,-0.669846799457786,0.121322449934515,1.3542675862911e-07,-0.907638801329436,-0.432054797586136,19.4603796528677,4.89183302357096e-13,1019,3362283.54046353
age_4lvl,30to39y,1999-2020,21.2,WTMEC.COMBN,gender,educ_level,mercury,7288,31675166.4068202,163,gaussian (identity),Less than 9th grade,-0.606851812018415,0.153584905490468,0.00011692433305786,-0.907878226779732,-0.305825397257097,19.4603796528677,4.89183302357096e-13,541,1511118.083782
age_4lvl,40to64y,1999-2020,21.2,WTMEC.COMBN,gender,educ_level,mercury,16919,72507145.4656961,163,gaussian (identity),College graduate or above (Intercept),2.30029028829242,0.0830155779742354,1.51770276789757e-62,2.13757975546292,2.46300082112193,36.1136013633678,2.04096229118798e-21,3967,22133217.1719604
age_4lvl,40to64y,1999-2020,21.2,WTMEC.COMBN,gender,educ_level,mercury,16919,72507145.4656961,163,gaussian (identity),Some college or AA degree,-0.848723514840433,0.0891837995555103,2.95595234571594e-17,-1.02352376196923,-0.673923267711633,36.1136013633678,2.04096229118798e-21,4899,22143666.5025167
age_4lvl,40to64y,1999-2020,21.2,WTMEC.COMBN,gender,educ_level,mercury,16919,72507145.4656961,163,gaussian (identity),HS graduate or GED,-1.02418975444181,0.0870707997244815,2.4224236618539e-23,-1.19484852190179,-0.853530986981822,36.1136013633678,2.04096229118798e-21,3855,17375701.8216214
age_4lvl,40to64y,1999-2020,21.2,WTMEC.COMBN,gender,educ_level,mercury,16919,72507145.4656961,163,gaussian (identity),9-11th grade,-1.03162285085614,0.110410247545594,8.49247127338136e-17,-1.24802693604551,-0.815218765666777,36.1136013633678,2.04096229118798e-21,2307,7009630.00404053
age_4lvl,40to64y,1999-2020,21.2,WTMEC.COMBN,gender,educ_level,mercury,16919,72507145.4656961,163,gaussian (identity),Less than 9th grade,-0.740788184712098,0.145116096364725,9.41001446938106e-07,-1.02521573358696,-0.456360635837237,36.1136013633678,2.04096229118798e-21,1891,3844929.96555709
age_4lvl,over65y,1999-2020,21.2,WTMEC.COMBN,gender,educ_level,mercury,9512,28140152.8278245,134,gaussian (identity),College graduate or above (Intercept),2.03461784096689,0.106256376939391,1.60013550116664e-39,1.82635534216568,2.24288033976809,20.0079742115974,7.7477553934089e-13,1797,7059257.84986315
age_4lvl,over65y,1999-2020,21.2,WTMEC.COMBN,gender,educ_level,mercury,9512,28140152.8278245,134,gaussian (identity),Some college or AA degree,-0.736008447219877,0.0970062901762649,5.73247067357911e-12,-0.926140775965356,-0.545876118474398,20.0079742115974,7.7477553934089e-13,2253,7316632.55022528
age_4lvl,over65y,1999-2020,21.2,WTMEC.COMBN,gender,educ_level,mercury,9512,28140152.8278245,134,gaussian (identity),HS graduate or GED,-0.862963812717462,0.129538755048114,7.08233928670143e-10,-1.11685977261177,-0.609067852823158,20.0079742115974,7.7477553934089e-13,2329,7553102.66639885
age_4lvl,over65y,1999-2020,21.2,WTMEC.COMBN,gender,educ_level,mercury,9512,28140152.8278245,134,gaussian (identity),9-11th grade,-1.01425189199522,0.117168421386824,1.69368257275517e-14,-1.2439019979134,-0.784601786077044,20.0079742115974,7.7477553934089e-13,1381,3333714.65001251
age_4lvl,over65y,1999-2020,21.2,WTMEC.COMBN,gender,educ_level,mercury,9512,28140152.8278245,134,gaussian (identity),Less than 9th grade,-0.740666079558836,0.136152030533859,2.57957458040482e-07,-1.0075240594052,-0.473808099712472,20.0079742115974,7.7477553934089e-13,1752,2877445.11132476
age_4lvl,over65y,1999-2020,21.2,WTMEC.COMBN,gender,educ_level,lead,11807,34130026.7208817,163,gaussian (identity),College graduate or above (Intercept),1.51662429274079,0.0461583856262739,1.62858447822652e-72,1.42615385691329,1.60709472856829,24.9519218594405,5.02348040459458e-16,2105,8028199.68659428
age_4lvl,over65y,1999-2020,21.2,WTMEC.COMBN,gender,educ_level,lead,11807,34130026.7208817,163,gaussian (identity),Some college or AA degree,0.197466655935244,0.0528978934915605,0.000263627476050703,0.0937867846917853,0.301146527178703,24.9519218594405,5.02348040459458e-16,2698,8646587.23468453
age_4lvl,over65y,1999-2020,21.2,WTMEC.COMBN,gender,educ_level,lead,11807,34130026.7208817,163,gaussian (identity),HS graduate or GED,0.312951641499804,0.0662279406147203,5.04387875664872e-06,0.183144877894953,0.442758405104656,24.9519218594405,5.02348040459458e-16,2847,9255562.76102904
age_4lvl,over65y,1999-2020,21.2,WTMEC.COMBN,gender,educ_level,lead,11807,34130026.7208817,163,gaussian (identity),9-11th grade,0.567081273058764,0.0665171713930685,1.15591447801977e-14,0.43670761712835,0.697454928989178,24.9519218594405,5.02348040459458e-16,1769,4330967.64381855
age_4lvl,over65y,1999-2020,21.2,WTMEC.COMBN,gender,educ_level,lead,11807,34130026.7208817,163,gaussian (identity),Less than 9th grade,0.647608882798724,0.0852019524880204,2.4492417811642e-12,0.480613055922204,0.814604709675244,24.9519218594405,5.02348040459458e-16,2388,3868709.39475532
age_4lvl,40to64y,1999-2020,21.2,WTMEC.COMBN,gender,educ_level,lead,19616,84168143.6390239,163,gaussian (identity),College graduate or above (Intercept),1.17349375500753,0.0238620957118809,1.0917999964468e-97,1.12672404741225,1.22026346260282,69.445884621941,7.98210672734615e-34,4546,25470260.4041851
age_4lvl,40to64y,1999-2020,21.2,WTMEC.COMBN,gender,educ_level,lead,19616,84168143.6390239,163,gaussian (identity),Some college or AA degree,0.194258183836562,0.0312822319030394,4.49249203365973e-09,0.132945009306605,0.255571358366519,69.445884621941,7.98210672734615e-34,5504,25246058.3772142
age_4lvl,40to64y,1999-2020,21.2,WTMEC.COMBN,gender,educ_level,lead,19616,84168143.6390239,163,gaussian (identity),HS graduate or GED,0.361163260373263,0.0403302146450501,8.89993601935957e-16,0.282116039668965,0.440210481077561,69.445884621941,7.98210672734615e-34,4445,20224516.4099099
age_4lvl,40to64y,1999-2020,21.2,WTMEC.COMBN,gender,educ_level,lead,19616,84168143.6390239,163,gaussian (identity),9-11th grade,0.692671856005531,0.0476188773862825,5.82064880463524e-31,0.599338856328418,0.786004855682645,69.445884621941,7.98210672734615e-34,2790,8640126.47915298
age_4lvl,40to64y,1999-2020,21.2,WTMEC.COMBN,gender,educ_level,lead,19616,84168143.6390239,163,gaussian (identity),Less than 9th grade,0.748404949577031,0.0703900193651034,2.96313026330985e-20,0.610440511621428,0.886369387532633,69.445884621941,7.98210672734615e-34,2331,4587181.96856162
age_4lvl,under30y,1999-2020,21.2,WTMEC.COMBN,gender,educ_level,lead,11268,39936001.8250614,163,gaussian (identity),College graduate or above (Intercept),0.676765439759174,0.0269065986667119,4.00971485338132e-57,0.624028506372419,0.72950237314593,24.728913667655,6.57060496545347e-16,1388,7438809.97437759
age_4lvl,under30y,1999-2020,21.2,WTMEC.COMBN,gender,educ_level,lead,11268,39936001.8250614,163,gaussian (identity),Some college or AA degree,0.0163870277650414,0.0322492535845579,0.612066200912035,-0.046821509260692,0.0795955647907748,24.728913667655,6.57060496545347e-16,3651,14293408.8445934
age_4lvl,under30y,1999-2020,21.2,WTMEC.COMBN,gender,educ_level,lead,11268,39936001.8250614,163,gaussian (identity),HS graduate or GED,0.152446895755365,0.0385308614418664,0.000114616580345723,0.0769264073293071,0.227967384181423,24.728913667655,6.57060496545347e-16,3072,10997510.7780468
age_4lvl,under30y,1999-2020,21.2,WTMEC.COMBN,gender,educ_level,lead,11268,39936001.8250614,163,gaussian (identity),9-11th grade,0.461739065387055,0.0630283407248285,1.14620273639662e-11,0.338203517566391,0.585274613207719,24.728913667655,6.57060496545347e-16,2577,5885818.16508034
age_4lvl,under30y,1999-2020,21.2,WTMEC.COMBN,gender,educ_level,lead,11268,39936001.8250614,163,gaussian (identity),Less than 9th grade,1.13647251178712,0.168070344038481,2.49561917037186e-10,0.8070546374717,1.46589038610255,24.728913667655,6.57060496545347e-16,580,1320454.06296327
age_4lvl,30to39y,1999-2020,21.2,WTMEC.COMBN,gender,educ_level,lead,7970,35351567.1835472,163,gaussian (identity),College graduate or above (Intercept),0.702980464598804,0.0298323353091771,1.38642666348962e-53,0.644509087392817,0.761451841804791,36.5731781287352,1.27268907520688e-21,2133,11488551.0485502
age_4lvl,30to39y,1999-2020,21.2,WTMEC.COMBN,gender,educ_level,lead,7970,35351567.1835472,163,gaussian (identity),Some college or AA degree,0.181486235192419,0.0519855618987969,0.000623782419250597,0.0795945338707774,0.283377936514061,36.5731781287352,1.27268907520688e-21,2328,10579815.6655656
age_4lvl,30to39y,1999-2020,21.2,WTMEC.COMBN,gender,educ_level,lead,7970,35351567.1835472,163,gaussian (identity),HS graduate or GED,0.368229027572683,0.0681709665423643,2.38727257897163e-07,0.234613933149649,0.501844121995717,36.5731781287352,1.27268907520688e-21,1743,7599716.76385247
age_4lvl,30to39y,1999-2020,21.2,WTMEC.COMBN,gender,educ_level,lead,7970,35351567.1835472,163,gaussian (identity),9-11th grade,0.74315315636709,0.0794625491103346,8.05446041305542e-17,0.587406560110834,0.898899752623345,36.5731781287352,1.27268907520688e-21,1156,3965184.76009164
age_4lvl,30to39y,1999-2020,21.2,WTMEC.COMBN,gender,educ_level,lead,7970,35351567.1835472,163,gaussian (identity),Less than 9th grade,0.908337469115283,0.108115370903441,2.39980012449811e-14,0.696431342144539,1.12024359608603,36.5731781287352,1.27268907520688e-21,610,1718298.94548728
age_4lvl,over65y,1999-2020,21.2,WTMEC.COMBN,gender,educ_level,cadmium,11807,34130026.7208817,163,gaussian (identity),College graduate or above (Intercept),0.448097802603462,0.0140837060376716,1.35287030861516e-70,0.420493738769626,0.475701866437299,37.3961382693644,5.50074436648809e-22,2105,8028199.68659428
age_4lvl,over65y,1999-2020,21.2,WTMEC.COMBN,gender,educ_level,cadmium,11807,34130026.7208817,163,gaussian (identity),Some college or AA degree,0.0897820694539784,0.0157576376184107,5.78827097117726e-08,0.0588970997218935,0.120667039186063,37.3961382693644,5.50074436648809e-22,2698,8646587.23468453
age_4lvl,over65y,1999-2020,21.2,WTMEC.COMBN,gender,educ_level,cadmium,11807,34130026.7208817,163,gaussian (identity),HS graduate or GED,0.0956652768597974,0.0140919647836122,2.16230192162942e-10,0.0680450258839174,0.123285527835677,37.3961382693644,5.50074436648809e-22,2847,9255562.76102904
age_4lvl,over65y,1999-2020,21.2,WTMEC.COMBN,gender,educ_level,cadmium,11807,34130026.7208817,163,gaussian (identity),9-11th grade,0.21528622411733,0.0192152792915989,8.21074872521812e-22,0.177624276705797,0.252948171528864,37.3961382693644,5.50074436648809e-22,1769,4330967.64381855
age_4lvl,over65y,1999-2020,21.2,WTMEC.COMBN,gender,educ_level,cadmium,11807,34130026.7208817,163,gaussian (identity),Less than 9th grade,0.158075215550333,0.0185535988483451,1.19354014568372e-14,0.121710161807577,0.19444026929309,37.3961382693644,5.50074436648809e-22,2388,3868709.39475532
age_4lvl,40to64y,1999-2020,21.2,WTMEC.COMBN,gender,educ_level,cadmium,19616,84168143.6390239,163,gaussian (identity),College graduate or above (Intercept),0.425113599558631,0.00976396137957222,6.65922594278938e-90,0.405976235254669,0.444250963862592,145.32090073439,7.21066145732493e-52,4546,25470260.4041851
age_4lvl,40to64y,1999-2020,21.2,WTMEC.COMBN,gender,educ_level,cadmium,19616,84168143.6390239,163,gaussian (identity),Some college or AA degree,0.179092568004145,0.0135321411760468,2.20794924299137e-27,0.152569571299093,0.205615564709197,145.32090073439,7.21066145732493e-52,5504,25246058.3772142
age_4lvl,40to64y,1999-2020,21.2,WTMEC.COMBN,gender,educ_level,cadmium,19616,84168143.6390239,163,gaussian (identity),HS graduate or GED,0.26158439249978,0.016598428027139,3.13820665932929e-34,0.229051473566588,0.294117311432973,145.32090073439,7.21066145732493e-52,4445,20224516.4099099
age_4lvl,40to64y,1999-2020,21.2,WTMEC.COMBN,gender,educ_level,cadmium,19616,84168143.6390239,163,gaussian (identity),9-11th grade,0.402684299202172,0.0216450033420337,1.1933375772735e-41,0.360260092651786,0.445108505752558,145.32090073439,7.21066145732493e-52,2790,8640126.47915298
age_4lvl,40to64y,1999-2020,21.2,WTMEC.COMBN,gender,educ_level,cadmium,19616,84168143.6390239,163,gaussian (identity),Less than 9th grade,0.207850539071779,0.0194966278794127,2.47815886079472e-20,0.16963714842813,0.246063929715428,145.32090073439,7.21066145732493e-52,2331,4587181.96856162
age_4lvl,under30y,1999-2020,21.2,WTMEC.COMBN,gender,educ_level,cadmium,11268,39936001.8250614,163,gaussian (identity),College graduate or above (Intercept),0.293148665238657,0.0125523705624878,4.17583512072145e-53,0.26854601893618,0.317751311541133,52.7908784110614,3.53313407537808e-28,1388,7438809.97437759
age_4lvl,under30y,1999-2020,21.2,WTMEC.COMBN,gender,educ_level,cadmium,11268,39936001.8250614,163,gaussian (identity),Some college or AA degree,0.108207807472601,0.0172311732610981,3.13857847752842e-09,0.0744347078808488,0.141980907064353,52.7908784110614,3.53313407537808e-28,3651,14293408.8445934
age_4lvl,under30y,1999-2020,21.2,WTMEC.COMBN,gender,educ_level,cadmium,11268,39936001.8250614,163,gaussian (identity),HS graduate or GED,0.190369953506895,0.0185355742183149,2.82563648892592e-19,0.154040228038998,0.226699678974792,52.7908784110614,3.53313407537808e-28,3072,10997510.7780468
age_4lvl,under30y,1999-2020,21.2,WTMEC.COMBN,gender,educ_level,cadmium,11268,39936001.8250614,163,gaussian (identity),9-11th grade,0.265635573201422,0.0200489702530195,2.01192864056461e-27,0.226339591505504,0.30493155489734,52.7908784110614,3.53313407537808e-28,2577,5885818.16508034
age_4lvl,under30y,1999-2020,21.2,WTMEC.COMBN,gender,educ_level,cadmium,11268,39936001.8250614,163,gaussian (identity),Less than 9th grade,0.183702743683163,0.0368616733897302,1.6241300638255e-06,0.111453863839292,0.255951623527034,52.7908784110614,3.53313407537808e-28,580,1320454.06296327
age_4lvl,30to39y,1999-2020,21.2,WTMEC.COMBN,gender,educ_level,cadmium,7970,35351567.1835472,163,gaussian (identity),College graduate or above (Intercept),0.338921184160837,0.0107560516590544,5.08679109141025e-70,0.31783932290909,0.360003045412584,68.6216822990441,1.44814489630721e-33,2133,11488551.0485502
age_4lvl,30to39y,1999-2020,21.2,WTMEC.COMBN,gender,educ_level,cadmium,7970,35351567.1835472,163,gaussian (identity),Some college or AA degree,0.160070007865897,0.018274027505314,2.87511777922422e-15,0.124252913955481,0.195887101776312,68.6216822990441,1.44814489630721e-33,2328,10579815.6655656
age_4lvl,30to39y,1999-2020,21.2,WTMEC.COMBN,gender,educ_level,cadmium,7970,35351567.1835472,163,gaussian (identity),HS graduate or GED,0.282596580620425,0.0266113842028746,3.21140219961537e-20,0.230438267582791,0.334754893658059,68.6216822990441,1.44814489630721e-33,1743,7599716.76385247
age_4lvl,30to39y,1999-2020,21.2,WTMEC.COMBN,gender,educ_level,cadmium,7970,35351567.1835472,163,gaussian (identity),9-11th grade,0.389181874630644,0.0285544960549144,1.83173480574361e-28,0.333215062363012,0.445148686898276,68.6216822990441,1.44814489630721e-33,1156,3965184.76009164
age_4lvl,30to39y,1999-2020,21.2,WTMEC.COMBN,gender,educ_level,cadmium,7970,35351567.1835472,163,gaussian (identity),Less than 9th grade,0.136057120909129,0.0264352334585129,7.772768321734e-07,0.084244063330444,0.187870178487815,68.6216822990441,1.44814489630721e-33,610,1718298.94548728
age_4lvl,over65y,1999-2004,6,WTMEC.COMBN,gender,educ_level,hcb,1037,9355832.81902,44,gaussian (identity),College graduate or above (Intercept),0.150943057346269,0.0102600168396365,1.66517299069987e-17,0.130833424340581,0.171052690351957,0.851531342344061,0.50142344017521,133,1479438.80690867
age_4lvl,over65y,1999-2004,6,WTMEC.COMBN,gender,educ_level,hcb,1037,9355832.81902,44,gaussian (identity),Some college or AA degree,0.0126522733041706,0.0103531445740907,0.229015967222819,-0.00763989006104708,0.0329444366693883,0.851531342344061,0.50142344017521,209,2261260.06769167
age_4lvl,over65y,1999-2004,6,WTMEC.COMBN,gender,educ_level,hcb,1037,9355832.81902,44,gaussian (identity),HS graduate or GED,0.00314380315087914,0.0112435494296951,0.781254737665142,-0.0188935537313233,0.0251811600330816,0.851531342344061,0.50142344017521,236,2638713.54211267
age_4lvl,over65y,1999-2004,6,WTMEC.COMBN,gender,educ_level,hcb,1037,9355832.81902,44,gaussian (identity),9-11th grade,0.000668952843739882,0.0123175809275489,0.95696640835075,-0.0234735057742559,0.0248114114617357,0.851531342344061,0.50142344017521,163,1406108.21157
age_4lvl,over65y,1999-2004,6,WTMEC.COMBN,gender,educ_level,hcb,1037,9355832.81902,44,gaussian (identity),Less than 9th grade,0.0141794994809068,0.00944250772393582,0.141237207420723,-0.00432781565800743,0.032686814619821,0.851531342344061,0.50142344017521,296,1570312.190737
age_4lvl,40to64y,1999-2004,6,WTMEC.COMBN,gender,educ_level,hcb,1494,24856613.483654,44,gaussian (identity),College graduate or above (Intercept),0.11790783383897,0.00518238570121412,4.03364267667564e-24,0.10775035786459,0.12806530981335,3.70993294601492,0.0118499432128003,314,6917832.126142
age_4lvl,40to64y,1999-2004,6,WTMEC.COMBN,gender,educ_level,hcb,1494,24856613.483654,44,gaussian (identity),Some college or AA degree,0.00516080086830287,0.00843463481048195,0.544182279008025,-0.0113710833602417,0.0216926850968475,3.70993294601492,0.0118499432128003,413,7883304.86254233
age_4lvl,40to64y,1999-2004,6,WTMEC.COMBN,gender,educ_level,hcb,1494,24856613.483654,44,gaussian (identity),HS graduate or GED,0.0171816569119764,0.00899058165368792,0.0633652890086972,-0.000439883129251955,0.0348031969532047,3.70993294601492,0.0118499432128003,320,5729746.03755867
age_4lvl,40to64y,1999-2004,6,WTMEC.COMBN,gender,educ_level,hcb,1494,24856613.483654,44,gaussian (identity),9-11th grade,0.0255194106199054,0.00803787832508993,0.00292499950631165,0.00976516910272914,0.0412736521370817,3.70993294601492,0.0118499432128003,242,2917518.81547133
age_4lvl,40to64y,1999-2004,6,WTMEC.COMBN,gender,educ_level,hcb,1494,24856613.483654,44,gaussian (identity),Less than 9th grade,0.0400492794037668,0.014872051267142,0.0103855909466885,0.0109000589201684,0.0691984998873652,3.70993294601492,0.0118499432128003,205,1408211.64193967
age_4lvl,30to39y,1999-2004,6,WTMEC.COMBN,gender,educ_level,hcb,709,12279522.415158,44,gaussian (identity),College graduate or above (Intercept),0.111209669406312,0.00941760642212409,1.88654175904167e-14,0.0927511608189488,0.129668177993675,2.41121199334028,0.0654241702936061,163,3370435.21921333
age_4lvl,30to39y,1999-2004,6,WTMEC.COMBN,gender,educ_level,hcb,709,12279522.415158,44,gaussian (identity),Some college or AA degree,0.017093945078408,0.0102065585442652,0.101975299183816,-0.00291090966835169,0.0370987998251677,2.41121199334028,0.0654241702936061,204,3705571.91883833
age_4lvl,30to39y,1999-2004,6,WTMEC.COMBN,gender,educ_level,hcb,709,12279522.415158,44,gaussian (identity),HS graduate or GED,0.0102452697814947,0.0142507884125149,0.476471922022598,-0.0176862755070346,0.0381768150700239,2.41121199334028,0.0654241702936061,169,2946632.61530133
age_4lvl,30to39y,1999-2004,6,WTMEC.COMBN,gender,educ_level,hcb,709,12279522.415158,44,gaussian (identity),9-11th grade,0.0378437890098577,0.0133411491538726,0.00719496764006278,0.0116951366682675,0.0639924413514479,2.41121199334028,0.0654241702936061,115,1681208.808107
age_4lvl,30to39y,1999-2004,6,WTMEC.COMBN,gender,educ_level,hcb,709,12279522.415158,44,gaussian (identity),Less than 9th grade,0.0131038589884171,0.0152540003548915,0.395565666644868,-0.0167939817071702,0.0430016996840043,2.41121199334028,0.0654241702936061,58,575673.853698
age_4lvl,under30y,1999-2004,6,WTMEC.COMBN,gender,educ_level,hcb,1232,13164205.938538,44,gaussian (identity),College graduate or above (Intercept),0.0974566256416483,0.00845925443411747,4.00793472263634e-14,0.080876486950778,0.114036764332519,1.17442911377003,0.33702618713956,106,1754000.573169
age_4lvl,under30y,1999-2004,6,WTMEC.COMBN,gender,educ_level,hcb,1232,13164205.938538,44,gaussian (identity),Some college or AA degree,0.0182736543427912,0.0107683565248643,0.097669310306606,-0.00283232444594272,0.0393796331315252,1.17442911377003,0.33702618713956,358,4798672.25849843
age_4lvl,under30y,1999-2004,6,WTMEC.COMBN,gender,educ_level,hcb,1232,13164205.938538,44,gaussian (identity),HS graduate or GED,0.0108887885755403,0.0116011739858857,0.353716243757283,-0.0118495124367956,0.0336270895878762,1.17442911377003,0.33702618713956,320,3553680.83007941
age_4lvl,under30y,1999-2004,6,WTMEC.COMBN,gender,educ_level,hcb,1232,13164205.938538,44,gaussian (identity),9-11th grade,0.00899053315656353,0.011035754590642,0.42020647489818,-0.0126395458410948,0.0306206121542219,1.17442911377003,0.33702618713956,378,2621742.01352645
age_4lvl,under30y,1999-2004,6,WTMEC.COMBN,gender,educ_level,hcb,1232,13164205.938538,44,gaussian (identity),Less than 9th grade,0.0249508983862813,0.0163778467417945,0.135713602949412,-0.00714968122763595,0.0570514780001986,1.17442911377003,0.33702618713956,70,436110.263264667
age_4lvl,over65y,1999-2004,6,WTMEC.COMBN,gender,educ_level,hcb_adj,1037,9355832.81902,44,gaussian (identity),College graduate or above (Intercept),22.4968315815108,1.60959898363655,9.00640425311445e-17,19.3420175735831,25.6516455894384,0.54233957538369,0.705554955015371,133,1479438.80690867
age_4lvl,over65y,1999-2004,6,WTMEC.COMBN,gender,educ_level,hcb_adj,1037,9355832.81902,44,gaussian (identity),Some college or AA degree,1.58116367891661,1.67705778041071,0.351577108397167,-1.70586957068838,4.86819692852161,0.54233957538369,0.705554955015371,209,2261260.06769167
age_4lvl,over65y,1999-2004,6,WTMEC.COMBN,gender,educ_level,hcb_adj,1037,9355832.81902,44,gaussian (identity),HS graduate or GED,0.913489259050611,1.93698475491648,0.639837465431563,-2.8830008605857,4.70997937868692,0.54233957538369,0.705554955015371,236,2638713.54211267
age_4lvl,over65y,1999-2004,6,WTMEC.COMBN,gender,educ_level,hcb_adj,1037,9355832.81902,44,gaussian (identity),9-11th grade,0.210110361054912,1.82862334523714,0.909113263363868,-3.37399139560988,3.7942121177197,0.54233957538369,0.705554955015371,163,1406108.21157
age_4lvl,over65y,1999-2004,6,WTMEC.COMBN,gender,educ_level,hcb_adj,1037,9355832.81902,44,gaussian (identity),Less than 9th grade,2.38071628045396,1.74628537989083,0.180605972725781,-1.04200306413207,5.80343562503999,0.54233957538369,0.705554955015371,296,1570312.190737
age_4lvl,40to64y,1999-2004,6,WTMEC.COMBN,gender,educ_level,hcb_adj,1494,24856613.483654,44,gaussian (identity),College graduate or above (Intercept),19.6324380148743,0.882898295635707,9.26029201952018e-24,17.9019573554283,21.3629186743203,2.17617982789212,0.0896613307136406,314,6917832.126142
age_4lvl,40to64y,1999-2004,6,WTMEC.COMBN,gender,educ_level,hcb_adj,1494,24856613.483654,44,gaussian (identity),Some college or AA degree,0.0379675727867262,1.33350547925666,0.977430898016213,-2.57570316655633,2.65163831212978,2.17617982789212,0.0896613307136406,413,7883304.86254233
age_4lvl,40to64y,1999-2004,6,WTMEC.COMBN,gender,educ_level,hcb_adj,1494,24856613.483654,44,gaussian (identity),HS graduate or GED,1.03100673742788,1.23091925471682,0.407364320637064,-1.38159500181709,3.44360847667286,2.17617982789212,0.0896613307136406,320,5729746.03755867
age_4lvl,40to64y,1999-2004,6,WTMEC.COMBN,gender,educ_level,hcb_adj,1494,24856613.483654,44,gaussian (identity),9-11th grade,2.72648721484507,1.25914412910114,0.0365392060401511,0.258564721806826,5.19440970788331,2.17617982789212,0.0896613307136406,242,2917518.81547133
age_4lvl,40to64y,1999-2004,6,WTMEC.COMBN,gender,educ_level,hcb_adj,1494,24856613.483654,44,gaussian (identity),Less than 9th grade,5.42536464203275,2.61218374029923,0.0444407864816304,0.305484511046264,10.5452447730192,2.17617982789212,0.0896613307136406,205,1408211.64193967
age_4lvl,30to39y,1999-2004,6,WTMEC.COMBN,gender,educ_level,hcb_adj,709,12279522.415158,44,gaussian (identity),College graduate or above (Intercept),20.0889811046963,1.85494929044152,2.55117502068566e-13,16.4532804954309,23.7246817139617,1.95303527235707,0.12094512661512,163,3370435.21921333
age_4lvl,30to39y,1999-2004,6,WTMEC.COMBN,gender,educ_level,hcb_adj,709,12279522.415158,44,gaussian (identity),Some college or AA degree,1.98122687373046,1.76537250982081,0.268609139249238,-1.47890324551833,5.44135699297926,1.95303527235707,0.12094512661512,204,3705571.91883833
age_4lvl,30to39y,1999-2004,6,WTMEC.COMBN,gender,educ_level,hcb_adj,709,12279522.415158,44,gaussian (identity),HS graduate or GED,1.15596326308718,2.60284087050954,0.659413321532537,-3.94560484311152,6.25753136928589,1.95303527235707,0.12094512661512,169,2946632.61530133
age_4lvl,30to39y,1999-2004,6,WTMEC.COMBN,gender,educ_level,hcb_adj,709,12279522.415158,44,gaussian (identity),9-11th grade,6.91349193038469,2.67650653596859,0.0136593477716945,1.66753911988625,12.1594447408831,1.95303527235707,0.12094512661512,115,1681208.808107
age_4lvl,30to39y,1999-2004,6,WTMEC.COMBN,gender,educ_level,hcb_adj,709,12279522.415158,44,gaussian (identity),Less than 9th grade,1.41687214495836,2.94883726411466,0.633566913678992,-4.36284889270637,7.1965931826231,1.95303527235707,0.12094512661512,58,575673.853698
age_4lvl,under30y,1999-2004,6,WTMEC.COMBN,gender,educ_level,hcb_adj,1232,13164205.938538,44,gaussian (identity),College graduate or above (Intercept),17.9310220807837,1.57318751549906,5.54479509944632e-14,14.8475745504055,21.0144696111618,1.16225880800025,0.342272835217676,106,1754000.573169
age_4lvl,under30y,1999-2004,6,WTMEC.COMBN,gender,educ_level,hcb_adj,1232,13164205.938538,44,gaussian (identity),Some college or AA degree,3.39041575189924,2.01673881393022,0.100729015402448,-0.562392323403982,7.34322382720246,1.16225880800025,0.342272835217676,358,4798672.25849843
age_4lvl,under30y,1999-2004,6,WTMEC.COMBN,gender,educ_level,hcb_adj,1232,13164205.938538,44,gaussian (identity),HS graduate or GED,1.75024597859435,2.0482525850446,0.398042951516892,-2.26432908809307,5.76482104528176,1.16225880800025,0.342272835217676,320,3553680.83007941
age_4lvl,under30y,1999-2004,6,WTMEC.COMBN,gender,educ_level,hcb_adj,1232,13164205.938538,44,gaussian (identity),9-11th grade,2.69406771090391,2.25967161917866,0.240371763196783,-1.73488866268626,7.12302408449409,1.16225880800025,0.342272835217676,378,2621742.01352645
age_4lvl,under30y,1999-2004,6,WTMEC.COMBN,gender,educ_level,hcb_adj,1232,13164205.938538,44,gaussian (identity),Less than 9th grade,6.14405465303046,4.11765623855541,0.1437123026767,-1.92655157453814,14.2146608805991,1.16225880800025,0.342272835217676,70,436110.263264667
age_4lvl,40to64y,1999-2004,6,WTMEC.COMBN,gender,educ_level,hepox,1438,23604559.602897,44,gaussian (identity),College graduate or above (Intercept),0.0506122047964912,0.00512474926591123,3.63880336914864e-12,0.0405676962353052,0.0606567133576772,2.50487580092692,0.0577162556093436,299,6586981.81978133
age_4lvl,40to64y,1999-2004,6,WTMEC.COMBN,gender,educ_level,hepox,1438,23604559.602897,44,gaussian (identity),Some college or AA degree,-0.00160336114872652,0.00444993930131289,0.720558861431931,-0.0103252421792998,0.00711851988184674,2.50487580092692,0.0577162556093436,401,7528337.52366167
age_4lvl,40to64y,1999-2004,6,WTMEC.COMBN,gender,educ_level,hepox,1438,23604559.602897,44,gaussian (identity),HS graduate or GED,0.0042972228923888,0.00500834164453654,0.396127719053189,-0.00551912673090282,0.0141135725156804,2.50487580092692,0.0577162556093436,320,5612832.906958
age_4lvl,40to64y,1999-2004,6,WTMEC.COMBN,gender,educ_level,hepox,1438,23604559.602897,44,gaussian (identity),9-11th grade,0.0113518132513664,0.00647236953135217,0.0873058554846419,-0.00133403103008384,0.0240376575328167,2.50487580092692,0.0577162556093436,226,2606048.92609367
age_4lvl,40to64y,1999-2004,6,WTMEC.COMBN,gender,educ_level,hepox,1438,23604559.602897,44,gaussian (identity),Less than 9th grade,0.0553985242268546,0.039312227507241,0.166702159357119,-0.0216534416873378,0.132450490141047,2.50487580092692,0.0577162556093436,192,1270358.42640233
age_4lvl,over65y,1999-2004,6,WTMEC.COMBN,gender,educ_level,hepox,996,8709921.073405,43,gaussian (identity),College graduate or above (Intercept),0.083859626041395,0.011947906692678,2.31965557390366e-08,0.0604417289237462,0.107277523159044,1.8841667618242,0.133202433349284,123,1326234.86277867
age_4lvl,over65y,1999-2004,6,WTMEC.COMBN,gender,educ_level,hepox,996,8709921.073405,43,gaussian (identity),Some college or AA degree,0.025303996113159,0.0113908163408491,0.0323540665282383,0.00297799608509481,0.0476299961412233,1.8841667618242,0.133202433349284,197,2063197.630124
age_4lvl,over65y,1999-2004,6,WTMEC.COMBN,gender,educ_level,hepox,996,8709921.073405,43,gaussian (identity),HS graduate or GED,0.0203262514858445,0.0148037240480625,0.177785392891585,-0.00868904764835787,0.049341550620047,1.8841667618242,0.133202433349284,220,2460722.16209467
age_4lvl,over65y,1999-2004,6,WTMEC.COMBN,gender,educ_level,hepox,996,8709921.073405,43,gaussian (identity),9-11th grade,0.0294728615747331,0.0210884090036939,0.170344056601601,-0.0118604200725071,0.0708061432219732,1.8841667618242,0.133202433349284,157,1335634.738002
age_4lvl,over65y,1999-2004,6,WTMEC.COMBN,gender,educ_level,hepox,996,8709921.073405,43,gaussian (identity),Less than 9th grade,0.0326062604349642,0.017012451708309,0.0628306111768719,-0.000738144913321345,0.0659506657832498,1.8841667618242,0.133202433349284,299,1524131.68040567
age_4lvl,30to39y,1999-2004,6,WTMEC.COMBN,gender,educ_level,hepox,665,11184433.818153,41,gaussian (identity),College graduate or above (Intercept),0.0385966461130982,0.00543640936158773,2.43057600025766e-08,0.0279412837643862,0.0492520084618101,0.41832214668048,0.794308920440906,148,2978993.56570067
age_4lvl,30to39y,1999-2004,6,WTMEC.COMBN,gender,educ_level,hepox,665,11184433.818153,41,gaussian (identity),Some college or AA degree,-0.00403286805367442,0.00622862350731544,0.521433444900933,-0.0162409701280127,0.00817523402066384,0.41832214668048,0.794308920440906,191,3330524.09490067
age_4lvl,30to39y,1999-2004,6,WTMEC.COMBN,gender,educ_level,hepox,665,11184433.818153,41,gaussian (identity),HS graduate or GED,-0.0038263416573685,0.00416123602727582,0.363943948092547,-0.0119823642708291,0.00432968095609211,0.41832214668048,0.794308920440906,164,2848056.39317867
age_4lvl,30to39y,1999-2004,6,WTMEC.COMBN,gender,educ_level,hepox,665,11184433.818153,41,gaussian (identity),9-11th grade,0.000149646515345997,0.00632156028509873,0.981244650877907,-0.0122406116434475,0.0125399046741395,0.41832214668048,0.794308920440906,107,1503738.685943
age_4lvl,30to39y,1999-2004,6,WTMEC.COMBN,gender,educ_level,hepox,665,11184433.818153,41,gaussian (identity),Less than 9th grade,0.000433934844546133,0.00770244217708624,0.955384626256134,-0.0146628518225429,0.0155307215116352,0.41832214668048,0.794308920440906,55,523121.07843
age_4lvl,under30y,1999-2004,6,WTMEC.COMBN,gender,educ_level,hepox,1203,12334228.7721245,44,gaussian (identity),College graduate or above (Intercept),0.0233649047367393,0.00179018536491163,8.22042069918835e-16,0.0198561414215125,0.0268736680519661,3.17397119644409,0.023766719962565,96,1544159.443305
age_4lvl,under30y,1999-2004,6,WTMEC.COMBN,gender,educ_level,hepox,1203,12334228.7721245,44,gaussian (identity),Some college or AA degree,0.00628102302929283,0.00243713370644094,0.013856384244222,0.00150424096466859,0.0110578050939171,3.17397119644409,0.023766719962565,345,4421450.34161843
age_4lvl,under30y,1999-2004,6,WTMEC.COMBN,gender,educ_level,hepox,1203,12334228.7721245,44,gaussian (identity),HS graduate or GED,0.00722637771558161,0.00242305237696771,0.0049115270802194,0.00247719505672491,0.0119755603744383,3.17397119644409,0.023766719962565,320,3481040.37059158
age_4lvl,under30y,1999-2004,6,WTMEC.COMBN,gender,educ_level,hepox,1203,12334228.7721245,44,gaussian (identity),9-11th grade,0.00291137043296992,0.00271096522391607,0.289456642878486,-0.00240212140590558,0.00822486227184542,3.17397119644409,0.023766719962565,374,2487232.29276845
age_4lvl,under30y,1999-2004,6,WTMEC.COMBN,gender,educ_level,hepox,1203,12334228.7721245,44,gaussian (identity),Less than 9th grade,0.00263028300778589,0.00336884537881451,0.439653217583033,-0.00397265393469056,0.00923321995026233,3.17397119644409,0.023766719962565,68,400346.323841
age_4lvl,over65y,1999-2004,6,WTSPO.COMBN,gender,educ_level,pcb180,1050,30098389.3485007,43,gaussian (identity),College graduate or above (Intercept),0.395799906386965,0.0281642006365365,1.24041771517411e-16,0.340598073139353,0.451001739634576,1.43192902618961,0.242201571502183,152,5252134.89664261
age_4lvl,over65y,1999-2004,6,WTSPO.COMBN,gender,educ_level,pcb180,1050,30098389.3485007,43,gaussian (identity),Some college or AA degree,0.0215280863747473,0.0384580422990956,0.578913781798637,-0.05384967653148,0.0969058492809746,1.43192902618961,0.242201571502183,195,6643890.25395142
age_4lvl,over65y,1999-2004,6,WTSPO.COMBN,gender,educ_level,pcb180,1050,30098389.3485007,43,gaussian (identity),HS graduate or GED,0.000990431561933906,0.0347814628763174,0.977431661660538,-0.0671812356756483,0.0691620987995161,1.43192902618961,0.242201571502183,237,8152505.40740498
age_4lvl,over65y,1999-2004,6,WTSPO.COMBN,gender,educ_level,pcb180,1050,30098389.3485007,43,gaussian (identity),9-11th grade,0.0117852792178667,0.0421543088486758,0.781319955972947,-0.0708371661255379,0.0944077245612712,1.43192902618961,0.242201571502183,169,4924848.04060376
age_4lvl,over65y,1999-2004,6,WTSPO.COMBN,gender,educ_level,pcb180,1050,30098389.3485007,43,gaussian (identity),Less than 9th grade,0.0706578234092156,0.0408633079955227,0.091903956756715,-0.00943426026200883,0.15074990708044,1.43192902618961,0.242201571502183,297,5125010.74989796
age_4lvl,40to64y,1999-2004,6,WTSPO.COMBN,gender,educ_level,pcb180,1537,81277135.4828053,44,gaussian (identity),College graduate or above (Intercept),0.21012963340514,0.0123196500473311,1.11237145098824e-19,0.185983119312371,0.234276147497909,1.96326782431066,0.119298054318952,325,23089574.9075415
age_4lvl,40to64y,1999-2004,6,WTSPO.COMBN,gender,educ_level,pcb180,1537,81277135.4828053,44,gaussian (identity),Some college or AA degree,0.0144628848146979,0.0178960755742783,0.423901062868658,-0.0206134233108875,0.0495391929402833,1.96326782431066,0.119298054318952,415,24549211.6743088
age_4lvl,40to64y,1999-2004,6,WTSPO.COMBN,gender,educ_level,pcb180,1537,81277135.4828053,44,gaussian (identity),HS graduate or GED,0.0158338645440848,0.0144327887985337,0.279336069471966,-0.0124544015010413,0.0441221305892108,1.96326782431066,0.119298054318952,337,19197932.3434004
age_4lvl,40to64y,1999-2004,6,WTSPO.COMBN,gender,educ_level,pcb180,1537,81277135.4828053,44,gaussian (identity),9-11th grade,0.0815197146532475,0.0305159568526489,0.0109637994077809,0.0217084392220556,0.141330990084439,1.96326782431066,0.119298054318952,256,9936128.15553054
age_4lvl,40to64y,1999-2004,6,WTSPO.COMBN,gender,educ_level,pcb180,1537,81277135.4828053,44,gaussian (identity),Less than 9th grade,-0.00457887184069601,0.0246072904601227,0.85334820702492,-0.0528091611425365,0.0436514174611445,1.96326782431066,0.119298054318952,204,4504288.40202407
age_4lvl,30to39y,1999-2004,6,WTSPO.COMBN,gender,educ_level,pcb180,721,38715588.2908704,44,gaussian (identity),College graduate or above (Intercept),0.0894518643959726,0.00714656118262288,3.09279059146104e-15,0.0754446044780317,0.103459124313913,0.145253486139736,0.964024062125098,169,10653021.1940336
age_4lvl,30to39y,1999-2004,6,WTSPO.COMBN,gender,educ_level,pcb180,721,38715588.2908704,44,gaussian (identity),Some college or AA degree,0.00442802522729233,0.0142784201596397,0.758120812671108,-0.0235576782856015,0.0324137287401862,0.145253486139736,0.964024062125098,206,11633371.6772023
age_4lvl,30to39y,1999-2004,6,WTSPO.COMBN,gender,educ_level,pcb180,721,38715588.2908704,44,gaussian (identity),HS graduate or GED,-0.00312574307430713,0.00965891015795702,0.747960520084016,-0.0220572069839029,0.0158057208352886,0.145253486139736,0.964024062125098,161,9047662.45102829
age_4lvl,30to39y,1999-2004,6,WTSPO.COMBN,gender,educ_level,pcb180,721,38715588.2908704,44,gaussian (identity),9-11th grade,0.00272771977363582,0.00932340591097223,0.771404160506207,-0.0155461558118697,0.0210015953591414,0.145253486139736,0.964024062125098,127,5589583.888758
age_4lvl,30to39y,1999-2004,6,WTSPO.COMBN,gender,educ_level,pcb180,721,38715588.2908704,44,gaussian (identity),Less than 9th grade,0.0186753049431571,0.0350605684316019,0.59729221384252,-0.0500434091827826,0.0873940190690968,0.145253486139736,0.964024062125098,58,1791949.07984826
age_4lvl,under30y,1999-2004,6,WTSPO.COMBN,gender,educ_level,pcb180,1270,41532602.7836307,44,gaussian (identity),College graduate or above (Intercept),0.0542322397692788,0.00602736205819424,4.66359488698904e-11,0.0424186101352181,0.0660458694033396,2.31429382671326,0.0744978930645772,119,6400655.12467801
age_4lvl,under30y,1999-2004,6,WTSPO.COMBN,gender,educ_level,pcb180,1270,41532602.7836307,44,gaussian (identity),Some college or AA degree,-0.00809078673561167,0.00801173322383985,0.31878361633308,-0.0237937838543378,0.00761221038311443,2.31429382671326,0.0744978930645772,383,15331773.7883051
age_4lvl,under30y,1999-2004,6,WTSPO.COMBN,gender,educ_level,pcb180,1270,41532602.7836307,44,gaussian (identity),HS graduate or GED,-0.0117297801704487,0.00762658297714649,0.132120274183538,-0.0266778828056558,0.00321832246475841,2.31429382671326,0.0744978930645772,324,10784303.2819545
age_4lvl,under30y,1999-2004,6,WTSPO.COMBN,gender,educ_level,pcb180,1270,41532602.7836307,44,gaussian (identity),9-11th grade,-0.013340203790725,0.00823446933367693,0.113281931755912,-0.0294797636847318,0.00279935610328174,2.31429382671326,0.0744978930645772,371,7530501.00277004
age_4lvl,under30y,1999-2004,6,WTSPO.COMBN,gender,educ_level,pcb180,1270,41532602.7836307,44,gaussian (identity),Less than 9th grade,-0.0223164611491395,0.00888199286698332,0.0162317392453844,-0.0397251671684268,-0.00490775512985217,2.31429382671326,0.0744978930645772,73,1485369.58592305
age_4lvl,over65y,1999-2004,6,WTSPO.COMBN,gender,educ_level,pcbdiox,989,28237582.0136357,43,gaussian (identity),College graduate or above (Intercept),58.4675949627382,6.29519455468367,2.55472784784248e-11,46.1290136355582,70.8061762899182,2.03995170090401,0.10820026448989,146,5083906.60828435
age_4lvl,over65y,1999-2004,6,WTSPO.COMBN,gender,educ_level,pcbdiox,989,28237582.0136357,43,gaussian (identity),Some college or AA degree,1.50668586524534,4.47212085318725,0.738041220709337,-7.25867100700167,10.2720427374924,2.03995170090401,0.10820026448989,173,6045669.95171863
age_4lvl,over65y,1999-2004,6,WTSPO.COMBN,gender,educ_level,pcbdiox,989,28237582.0136357,43,gaussian (identity),HS graduate or GED,0.225470641512259,6.81756963861006,0.973790281121224,-13.1369658501635,13.587907133188,2.03995170090401,0.10820026448989,228,7622996.13167886
age_4lvl,over65y,1999-2004,6,WTSPO.COMBN,gender,educ_level,pcbdiox,989,28237582.0136357,43,gaussian (identity),9-11th grade,10.6407505645676,7.74988661071157,0.177794555440737,-4.54902719242704,25.8305283215623,2.03995170090401,0.10820026448989,157,4618540.96924978
age_4lvl,over65y,1999-2004,6,WTSPO.COMBN,gender,educ_level,pcbdiox,989,28237582.0136357,43,gaussian (identity),Less than 9th grade,15.0050360689357,8.39136612262174,0.0817275894478288,-1.44204153140292,31.4521136692743,2.03995170090401,0.10820026448989,285,4866468.3527041
age_4lvl,40to64y,1999-2004,6,WTSPO.COMBN,gender,educ_level,pcbdiox,1411,74713018.8252687,44,gaussian (identity),College graduate or above (Intercept),25.4533418341139,1.88981599083446,2.99626883159561e-16,21.7493024920784,29.1573811761495,3.42400073770894,0.0171455960432919,291,21044870.0635441
age_4lvl,40to64y,1999-2004,6,WTSPO.COMBN,gender,educ_level,pcbdiox,1411,74713018.8252687,44,gaussian (identity),Some college or AA degree,3.90976026154485,2.75607514236207,0.163958866627531,-1.4921470174848,9.31166754057451,3.42400073770894,0.0171455960432919,374,22248726.5954183
age_4lvl,40to64y,1999-2004,6,WTSPO.COMBN,gender,educ_level,pcbdiox,1411,74713018.8252687,44,gaussian (identity),HS graduate or GED,6.79736576455875,2.21255486038656,0.00386383868698514,2.46075823820109,11.1339732909164,3.42400073770894,0.0171455960432919,313,18114831.5449726
age_4lvl,40to64y,1999-2004,6,WTSPO.COMBN,gender,educ_level,pcbdiox,1411,74713018.8252687,44,gaussian (identity),9-11th grade,9.79497868726045,4.36672647539917,0.0306454955978454,1.23619479547807,18.3537625790428,3.42400073770894,0.0171455960432919,236,8961258.28272126
age_4lvl,40to64y,1999-2004,6,WTSPO.COMBN,gender,educ_level,pcbdiox,1411,74713018.8252687,44,gaussian (identity),Less than 9th grade,2.74885272617316,3.24103040979734,0.401534703359583,-3.60356687702963,9.10127232937595,3.42400073770894,0.0171455960432919,197,4343332.3386124
age_4lvl,30to39y,1999-2004,6,WTSPO.COMBN,gender,educ_level,pcbdiox,667,35763135.7580317,44,gaussian (identity),College graduate or above (Intercept),17.7258099797853,1.32333421729948,3.57752323745302e-16,15.1320749138783,20.3195450456923,1.24518944547526,0.30790615675186,157,9877666.35196867
age_4lvl,30to39y,1999-2004,6,WTSPO.COMBN,gender,educ_level,pcbdiox,667,35763135.7580317,44,gaussian (identity),Some college or AA degree,3.81510405261756,2.19100813962,0.0895231376156326,-0.479271901037631,8.10948000627276,1.24518944547526,0.30790615675186,186,10744080.8947398
age_4lvl,30to39y,1999-2004,6,WTSPO.COMBN,gender,educ_level,pcbdiox,667,35763135.7580317,44,gaussian (identity),HS graduate or GED,2.99082678098431,1.99965577739895,0.142788397217968,-0.928498542717634,6.91015210468625,1.24518944547526,0.30790615675186,149,8227386.69439756
age_4lvl,30to39y,1999-2004,6,WTSPO.COMBN,gender,educ_level,pcbdiox,667,35763135.7580317,44,gaussian (identity),9-11th grade,2.29409370920455,2.31867681697384,0.328567571712081,-2.25051285206418,6.83870027047328,1.24518944547526,0.30790615675186,122,5249009.39547033
age_4lvl,30to39y,1999-2004,6,WTSPO.COMBN,gender,educ_level,pcbdiox,667,35763135.7580317,44,gaussian (identity),Less than 9th grade,1.98512866102177,2.93103189213113,0.502226525701899,-3.75969384755524,7.72995116959877,1.24518944547526,0.30790615675186,53,1664992.42145532
age_4lvl,under30y,1999-2004,6,WTSPO.COMBN,gender,educ_level,pcbdiox,1011,35822035.7963793,44,gaussian (identity),College graduate or above (Intercept),13.7977290078203,0.938478806009231,1.70143549101814e-17,11.9583105480422,15.6371474675984,2.30750342041101,0.0751792799632449,112,6043139.72155146
age_4lvl,under30y,1999-2004,6,WTSPO.COMBN,gender,educ_level,pcbdiox,1011,35822035.7963793,44,gaussian (identity),Some college or AA degree,2.91155332993668,1.30575778149213,0.0315903727311563,0.3522680782121,5.47083858166126,2.30750342041101,0.0751792799632449,316,13213943.7606464
age_4lvl,under30y,1999-2004,6,WTSPO.COMBN,gender,educ_level,pcbdiox,1011,35822035.7963793,44,gaussian (identity),HS graduate or GED,3.49804546352579,2.66839014074097,0.197551790326558,-1.73199921232651,8.72809013937809,2.30750342041101,0.0751792799632449,249,9309491.06551274
age_4lvl,under30y,1999-2004,6,WTSPO.COMBN,gender,educ_level,pcbdiox,1011,35822035.7963793,44,gaussian (identity),9-11th grade,2.69840398989873,1.28793941610114,0.0427024854191336,0.1740427343405,5.22276524545695,2.30750342041101,0.0751792799632449,275,5954523.26589576
age_4lvl,under30y,1999-2004,6,WTSPO.COMBN,gender,educ_level,pcbdiox,1011,35822035.7963793,44,gaussian (identity),Less than 9th grade,-0.286405969093785,1.55846282120365,0.855142423607723,-3.34099309865294,2.76818116046537,2.30750342041101,0.0751792799632449,59,1300937.98277287
age_4lvl,under30y,2003-2016,14,WTSEPH.COMBN,gender,educ_level,u_bpa,2961,48391044.7426429,109,gaussian (identity),College graduate or above (Intercept),4.32018498155035,1.67116216911936,0.011119657489438,1.0447071300764,7.59566283302429,0.800745056749751,0.527396044118823,385,9353358.5129839
age_4lvl,under30y,2003-2016,14,WTSEPH.COMBN,gender,educ_level,u_bpa,2961,48391044.7426429,109,gaussian (identity),Some college or AA degree,0.0284265729949521,1.23429017204541,0.981669910941056,-2.39078216421406,2.44763531020396,0.800745056749751,0.527396044118823,1021,18018362.5255891
age_4lvl,under30y,2003-2016,14,WTSEPH.COMBN,gender,educ_level,u_bpa,2961,48391044.7426429,109,gaussian (identity),HS graduate or GED,-0.1598785539153,1.55049984306342,0.91807090529279,-3.19885824631961,2.87910113848901,0.800745056749751,0.527396044118823,777,11979486.6117407
age_4lvl,under30y,2003-2016,14,WTSEPH.COMBN,gender,educ_level,u_bpa,2961,48391044.7426429,109,gaussian (identity),9-11th grade,0.590568504705788,1.60796256906698,0.71415832592529,-2.5610381306655,3.74217514007708,0.800745056749751,0.527396044118823,659,7614932.88568809
age_4lvl,under30y,2003-2016,14,WTSEPH.COMBN,gender,educ_level,u_bpa,2961,48391044.7426429,109,gaussian (identity),Less than 9th grade,-0.4746730265896,1.59244863519872,0.766238735616806,-3.59587235157909,2.64652629839989,0.800745056749751,0.527396044118823,119,1424904.20664119
age_4lvl,40to64y,2003-2016,14,WTSEPH.COMBN,gender,educ_level,u_bpa,4939,96759591.3782597,109,gaussian (identity),College graduate or above (Intercept),2.86095834922452,0.473399752734301,2.38147821972825e-08,1.93309483386529,3.78882186458375,0.73064421507504,0.573034612590906,1167,29560044.6815731
age_4lvl,40to64y,2003-2016,14,WTSEPH.COMBN,gender,educ_level,u_bpa,4939,96759591.3782597,109,gaussian (identity),Some college or AA degree,1.20217621181918,0.954616259854066,0.210730489386165,-0.668871657494795,3.07322408113315,0.73064421507504,0.573034612590906,1398,29872519.75308
age_4lvl,40to64y,2003-2016,14,WTSEPH.COMBN,gender,educ_level,u_bpa,4939,96759591.3782597,109,gaussian (identity),HS graduate or GED,0.734565525220717,0.642233700646257,0.255346233199975,-0.524212528045946,1.99334357848738,0.73064421507504,0.573034612590906,1123,22313351.4111247
age_4lvl,40to64y,2003-2016,14,WTSEPH.COMBN,gender,educ_level,u_bpa,4939,96759591.3782597,109,gaussian (identity),9-11th grade,0.0895781737213685,0.408519152940698,0.826865352654142,-0.7111193660424,0.890275713485137,0.73064421507504,0.573034612590906,713,9704244.38758547
age_4lvl,40to64y,2003-2016,14,WTSEPH.COMBN,gender,educ_level,u_bpa,4939,96759591.3782597,109,gaussian (identity),Less than 9th grade,0.329258848604555,0.676565476399128,0.627521766330815,-0.996809485137737,1.65532718234685,0.73064421507504,0.573034612590906,538,5309431.14489645
age_4lvl,30to39y,2003-2016,14,WTSEPH.COMBN,gender,educ_level,u_bpa,2048,39693015.8271908,109,gaussian (identity),College graduate or above (Intercept),2.06410532916132,0.439959807043832,8.28287395685452e-06,1.20178410735541,2.92642655096723,4.34646215039011,0.00272735083043653,569,12759213.3425535
age_4lvl,30to39y,2003-2016,14,WTSEPH.COMBN,gender,educ_level,u_bpa,2048,39693015.8271908,109,gaussian (identity),Some college or AA degree,2.40159286441084,1.16135419972945,0.0411287781416964,0.125338632941122,4.67784709588055,4.34646215039011,0.00272735083043653,591,12201512.0887839
age_4lvl,30to39y,2003-2016,14,WTSEPH.COMBN,gender,educ_level,u_bpa,2048,39693015.8271908,109,gaussian (identity),HS graduate or GED,1.08616454107485,0.438835881621315,0.0149352961303882,0.22604621309707,1.94628286905263,4.34646215039011,0.00272735083043653,455,8318772.37078402
age_4lvl,30to39y,2003-2016,14,WTSEPH.COMBN,gender,educ_level,u_bpa,2048,39693015.8271908,109,gaussian (identity),9-11th grade,1.17768846256392,0.439254648670385,0.00853494288693843,0.316749351169962,2.03862757395787,4.34646215039011,0.00272735083043653,296,4605057.49606183
age_4lvl,30to39y,2003-2016,14,WTSEPH.COMBN,gender,educ_level,u_bpa,2048,39693015.8271908,109,gaussian (identity),Less than 9th grade,-0.14051623347728,0.43611235755854,0.747946518084786,-0.995296454292018,0.714263987337457,4.34646215039011,0.00272735083043653,137,1808460.52900751
age_4lvl,over65y,2003-2016,14,WTSEPH.COMBN,gender,educ_level,u_bpa,2794,38399245.058467,109,gaussian (identity),College graduate or above (Intercept),2.27699685805246,0.311398570284574,5.63720677046644e-11,1.66665566029469,2.88733805581022,0.509765404802256,0.728655093157284,515,9455005.58451104
age_4lvl,over65y,2003-2016,14,WTSEPH.COMBN,gender,educ_level,u_bpa,2794,38399245.058467,109,gaussian (identity),Some college or AA degree,0.190313152653791,0.369637858486902,0.607740734645086,-0.534177049980537,0.91480335528812,0.509765404802256,0.728655093157284,599,9469503.33114392
age_4lvl,over65y,2003-2016,14,WTSEPH.COMBN,gender,educ_level,u_bpa,2794,38399245.058467,109,gaussian (identity),HS graduate or GED,0.651839450150848,0.59458975983861,0.275486435362014,-0.513556479132827,1.81723537943452,0.509765404802256,0.728655093157284,676,9784966.57519602
age_4lvl,over65y,2003-2016,14,WTSEPH.COMBN,gender,educ_level,u_bpa,2794,38399245.058467,109,gaussian (identity),9-11th grade,0.750690841012138,0.658873730695414,0.257172713461955,-0.540701671150873,2.04208335317515,0.509765404802256,0.728655093157284,438,5212274.33947893
age_4lvl,over65y,2003-2016,14,WTSEPH.COMBN,gender,educ_level,u_bpa,2794,38399245.058467,109,gaussian (identity),Less than 9th grade,0.255550622828253,0.34682853551979,0.462890018914523,-0.424233306790536,0.935334552447042,0.509765404802256,0.728655093157284,566,4477495.2281371
age_4lvl,40to64y,1999-2016,12,WTMEC.COMBN,gender,educ_level,testosterone,6954,51957405.5930222,88,gaussian (identity),College graduate or above (Intercept),21.4241998692425,4.25275924594765,2.70733168082203e-06,13.0887917471851,29.7596079912999,1.96166720496494,0.107945800558576,1803,17245718.0717365
age_4lvl,40to64y,1999-2016,12,WTMEC.COMBN,gender,educ_level,testosterone,6954,51957405.5930222,88,gaussian (identity),Some college or AA degree,-5.14330994317632,6.44974123644822,0.427468462210989,-17.7848027666148,7.49818288026218,1.96166720496494,0.107945800558576,1980,15947944.978233
age_4lvl,40to64y,1999-2016,12,WTMEC.COMBN,gender,educ_level,testosterone,6954,51957405.5930222,88,gaussian (identity),HS graduate or GED,3.96208299721251,7.48854385607262,0.59815803388055,-10.7154629606898,18.6396289551148,1.96166720496494,0.107945800558576,1521,11062587.1207528
age_4lvl,40to64y,1999-2016,12,WTMEC.COMBN,gender,educ_level,testosterone,6954,51957405.5930222,88,gaussian (identity),9-11th grade,7.01490509228888,7.46519411577036,0.350107626346733,-7.61687537462103,21.6466855591988,1.96166720496494,0.107945800558576,947,4996468.98050267
age_4lvl,40to64y,1999-2016,12,WTMEC.COMBN,gender,educ_level,testosterone,6954,51957405.5930222,88,gaussian (identity),Less than 9th grade,15.7698498334189,9.75567742848287,0.109785532322514,-3.35127792640756,34.8909775932453,1.96166720496494,0.107945800558576,703,2704686.44179717
age_4lvl,over65y,1999-2016,12,WTMEC.COMBN,gender,educ_level,testosterone,3677,21296877.5563845,78,gaussian (identity),College graduate or above (Intercept),35.7572409234532,6.7613310128358,1.23622471597096e-06,22.505032138295,49.0094497086114,2.36541448702894,0.0606855363289537,779,5934506.65846283
age_4lvl,over65y,1999-2016,12,WTMEC.COMBN,gender,educ_level,testosterone,3677,21296877.5563845,78,gaussian (identity),Some college or AA degree,-22.204344179931,9.37509883720158,0.0205123344974866,-40.5795379008461,-3.82915045901594,2.36541448702894,0.0606855363289537,945,6471993.85744583
age_4lvl,over65y,1999-2016,12,WTMEC.COMBN,gender,educ_level,testosterone,3677,21296877.5563845,78,gaussian (identity),HS graduate or GED,-21.58535081759,8.94813602279154,0.0183670510027466,-39.1236974222615,-4.04700421291862,2.36541448702894,0.0606855363289537,821,4716233.88748317
age_4lvl,over65y,1999-2016,12,WTMEC.COMBN,gender,educ_level,testosterone,3677,21296877.5563845,78,gaussian (identity),9-11th grade,-24.2946878253723,11.8037369438401,0.0431393129666376,-47.430012235299,-1.15936341544568,2.36541448702894,0.0606855363289537,480,2246552.76482617
age_4lvl,over65y,1999-2016,12,WTMEC.COMBN,gender,educ_level,testosterone,3677,21296877.5563845,78,gaussian (identity),Less than 9th grade,-6.32587768688178,11.5268474918001,0.584820727968959,-28.9184987708101,16.2667433970465,2.36541448702894,0.0606855363289537,652,1927590.3881665
age_4lvl,under30y,1999-2016,12,WTMEC.COMBN,gender,educ_level,testosterone,3686,25047906.5425008,85,gaussian (identity),College graduate or above (Intercept),21.4429564316405,5.44792820045327,0.000175727123253535,10.7650171587521,32.1208957045289,1.90084952475094,0.118368894258091,605,5250720.95607733
age_4lvl,under30y,1999-2016,12,WTMEC.COMBN,gender,educ_level,testosterone,3686,25047906.5425008,85,gaussian (identity),Some college or AA degree,13.0363235657965,7.58707407275135,0.0896232079225085,-1.83434161679616,27.9069887483891,1.90084952475094,0.118368894258091,1350,9746970.27251634
age_4lvl,under30y,1999-2016,12,WTMEC.COMBN,gender,educ_level,testosterone,3686,25047906.5425008,85,gaussian (identity),HS graduate or GED,14.063340304255,9.7057414795779,0.151254189287061,-4.95991299571767,33.0865936042277,1.90084952475094,0.118368894258091,918,5889223.03134511
age_4lvl,under30y,1999-2016,12,WTMEC.COMBN,gender,educ_level,testosterone,3686,25047906.5425008,85,gaussian (identity),9-11th grade,26.1389439851169,10.3976179749502,0.0139457241627969,5.75961275421456,46.5182752160192,1.90084952475094,0.118368894258091,698,3466043.33039487
age_4lvl,under30y,1999-2016,12,WTMEC.COMBN,gender,educ_level,testosterone,3686,25047906.5425008,85,gaussian (identity),Less than 9th grade,22.0133335281845,17.0195920447816,0.199591089085987,-11.3450668795875,55.3717339359564,1.90084952475094,0.118368894258091,115,694948.952167167
age_4lvl,30to39y,1999-2016,12,WTMEC.COMBN,gender,educ_level,testosterone,2808,20593617.1027922,77,gaussian (identity),College graduate or above (Intercept),29.0761484230212,3.86515891622433,1.18943944833736e-10,21.5004369472215,36.6518598988209,0.721336233525621,0.580165504398798,856,7312786.37367283
age_4lvl,30to39y,1999-2016,12,WTMEC.COMBN,gender,educ_level,testosterone,2808,20593617.1027922,77,gaussian (identity),Some college or AA degree,-3.443900985425,7.566948238958,0.650389364089328,-18.2751195337827,11.3873175629327,0.721336233525621,0.580165504398798,849,6256563.0605805
age_4lvl,30to39y,1999-2016,12,WTMEC.COMBN,gender,educ_level,testosterone,2808,20593617.1027922,77,gaussian (identity),HS graduate or GED,10.6295994212294,9.90377961134297,0.286726356975052,-8.7818086170028,30.0410074594617,0.721336233525621,0.580165504398798,573,3859310.13639317
age_4lvl,30to39y,1999-2016,12,WTMEC.COMBN,gender,educ_level,testosterone,2808,20593617.1027922,77,gaussian (identity),9-11th grade,-3.86017505147454,10.3263554216815,0.709638437267616,-24.0998316779702,16.3794815750212,0.721336233525621,0.580165504398798,345,2086769.98256683
age_4lvl,30to39y,1999-2016,12,WTMEC.COMBN,gender,educ_level,testosterone,2808,20593617.1027922,77,gaussian (identity),Less than 9th grade,-7.20001873870223,10.3810479153155,0.490181321265995,-27.5468726527205,13.1468351753161,0.721336233525621,0.580165504398798,185,1078187.54957883
age_4lvl,40to64y,1999-2020,13.2,WTMEC.COMBN,gender,educ_level,estradiol,7797,52567797.0902663,96,gaussian (identity),College graduate or above (Intercept),60.0945164100014,3.62206636992492,2.9188216676079e-29,52.9952663249486,67.1937664950543,4.81379583294838,0.00144167452315344,1997,17073970.1115985
age_4lvl,40to64y,1999-2020,13.2,WTMEC.COMBN,gender,educ_level,estradiol,7797,52567797.0902663,96,gaussian (identity),Some college or AA degree,-9.14201597086413,3.47378432833812,0.00997882977853303,-15.9506332544068,-2.33339868732143,4.81379583294838,0.00144167452315344,2339,16345852.0304098
age_4lvl,40to64y,1999-2020,13.2,WTMEC.COMBN,gender,educ_level,estradiol,7797,52567797.0902663,96,gaussian (identity),HS graduate or GED,-11.6746735470289,2.99519018500066,0.00018533627482018,-17.5452463096302,-5.80410078442764,4.81379583294838,0.00144167452315344,1747,12237363.6439561
age_4lvl,40to64y,1999-2020,13.2,WTMEC.COMBN,gender,educ_level,estradiol,7797,52567797.0902663,96,gaussian (identity),9-11th grade,-6.92805860424832,3.3666955567709,0.042467798601667,-13.5267818955193,-0.329335312977353,4.81379583294838,0.00144167452315344,968,4420097.06618388
age_4lvl,40to64y,1999-2020,13.2,WTMEC.COMBN,gender,educ_level,estradiol,7797,52567797.0902663,96,gaussian (identity),Less than 9th grade,-10.4491102084052,2.95298828198355,0.000635987008621908,-16.2369672410929,-4.66125317571741,4.81379583294838,0.00144167452315344,746,2490514.23811812
age_4lvl,over65y,1999-2020,13.2,WTMEC.COMBN,gender,educ_level,estradiol,4343,23843278.7206724,86,gaussian (identity),College graduate or above (Intercept),10.5945695088535,1.43736592762159,1.28635115667209e-10,7.77733229071519,13.4118067269918,1.94627753364413,0.110661646768629,971,7135939.89703455
age_4lvl,over65y,1999-2020,13.2,WTMEC.COMBN,gender,educ_level,estradiol,4343,23843278.7206724,86,gaussian (identity),Some college or AA degree,-2.51762453928663,0.957478917645159,0.0102319075684319,-4.39428321787114,-0.640965860702116,1.94627753364413,0.110661646768629,1192,7032674.05609743
age_4lvl,over65y,1999-2020,13.2,WTMEC.COMBN,gender,educ_level,estradiol,4343,23843278.7206724,86,gaussian (identity),HS graduate or GED,-2.394101831028,1.19983266135547,0.0493651561560311,-4.74577384728471,-0.0424298147712858,1.94627753364413,0.110661646768629,1010,5799428.44547791
age_4lvl,over65y,1999-2020,13.2,WTMEC.COMBN,gender,educ_level,estradiol,4343,23843278.7206724,86,gaussian (identity),9-11th grade,-0.956047193615549,1.594384617509,0.550423904005394,-4.08104104393319,2.16894665670209,1.94627753364413,0.110661646768629,525,2214163.18251664
age_4lvl,over65y,1999-2020,13.2,WTMEC.COMBN,gender,educ_level,estradiol,4343,23843278.7206724,86,gaussian (identity),Less than 9th grade,-1.80897024695267,1.68594354325218,0.286469933277916,-5.11341959172694,1.49547909782161,1.94627753364413,0.110661646768629,645,1661073.13954591
age_4lvl,under30y,1999-2020,13.2,WTMEC.COMBN,gender,educ_level,estradiol,3488,24033887.528885,93,gaussian (identity),College graduate or above (Intercept),272.073375052748,54.8511453027338,3.40267379512701e-06,164.565130259389,379.581619846106,0.882905881886083,0.477635686997931,594,5400626.07411152
age_4lvl,under30y,1999-2020,13.2,WTMEC.COMBN,gender,educ_level,estradiol,3488,24033887.528885,93,gaussian (identity),Some college or AA degree,-34.2933487438462,47.2105044598965,0.469526016772926,-126.825937485243,58.239239997551,0.882905881886083,0.477635686997931,1239,8483166.47363234
age_4lvl,under30y,1999-2020,13.2,WTMEC.COMBN,gender,educ_level,estradiol,3488,24033887.528885,93,gaussian (identity),HS graduate or GED,-0.804809518568431,59.7536515593158,0.989284272253467,-117.921966574827,116.312347537691,0.882905881886083,0.477635686997931,948,6764191.45315031
age_4lvl,under30y,1999-2020,13.2,WTMEC.COMBN,gender,educ_level,estradiol,3488,24033887.528885,93,gaussian (identity),9-11th grade,18.0975374703144,61.024625706834,0.767500322512071,-101.51072891508,137.705803855709,0.882905881886083,0.477635686997931,602,2810152.66951409
age_4lvl,under30y,1999-2020,13.2,WTMEC.COMBN,gender,educ_level,estradiol,3488,24033887.528885,93,gaussian (identity),Less than 9th grade,353.103798931736,278.370850733343,0.207977144999773,-192.503068505617,898.710666369089,0.882905881886083,0.477635686997931,105,575750.858476727
age_4lvl,30to39y,1999-2020,13.2,WTMEC.COMBN,gender,educ_level,estradiol,2938,21167092.4721759,85,gaussian (identity),College graduate or above (Intercept),258.826781979287,53.7349040476788,6.80289441880942e-06,153.506370045837,364.147193912738,0.640304004727088,0.635294402532909,854,7611755.27966591
age_4lvl,30to39y,1999-2020,13.2,WTMEC.COMBN,gender,educ_level,estradiol,2938,21167092.4721759,85,gaussian (identity),Some college or AA degree,11.9768557509438,68.8171085053758,0.862274526738381,-122.904676919593,146.85838842148,0.640304004727088,0.635294402532909,947,6674826.17911661
age_4lvl,30to39y,1999-2020,13.2,WTMEC.COMBN,gender,educ_level,estradiol,2938,21167092.4721759,85,gaussian (identity),HS graduate or GED,-36.5747967609987,40.5528286836001,0.369814773129031,-116.058340980855,42.9087474588575,0.640304004727088,0.635294402532909,593,4105957.1850223
age_4lvl,30to39y,1999-2020,13.2,WTMEC.COMBN,gender,educ_level,estradiol,2938,21167092.4721759,85,gaussian (identity),9-11th grade,-22.9589713416872,47.1901522433479,0.627928454222607,-115.451669738649,69.5337270552747,0.640304004727088,0.635294402532909,344,1811551.39171215
age_4lvl,30to39y,1999-2020,13.2,WTMEC.COMBN,gender,educ_level,estradiol,2938,21167092.4721759,85,gaussian (identity),Less than 9th grade,-37.2807787210083,56.4788719215666,0.511096207251249,-147.979367687279,73.4178102452623,0.640304004727088,0.635294402532909,200,963002.43665894
age_4lvl,30to39y,2009-2016,8,WTMEC.COMBN,gender,educ_level,hpv_oral,3528,37129103.3404625,63,quasibinomial (logit),College graduate or above (Intercept),-4.15762634235746,0.21979349195075,1.74200273494488e-26,-4.58842158658093,-3.72683109813399,3.13346931370247,0.0211341672405352,1052,13119432.8433368
age_4lvl,30to39y,2009-2016,8,WTMEC.COMBN,gender,educ_level,hpv_oral,3528,37129103.3404625,63,quasibinomial (logit),Some college or AA degree,0.770941286555046,0.30535439179718,0.0143358115694352,0.172446678632573,1.36943589447752,3.13346931370247,0.0211341672405352,1053,11406761.897449
age_4lvl,30to39y,2009-2016,8,WTMEC.COMBN,gender,educ_level,hpv_oral,3528,37129103.3404625,63,quasibinomial (logit),HS graduate or GED,0.92154156132603,0.289542384267228,0.00234546530911162,0.354038488162264,1.4890446344898,3.13346931370247,0.0211341672405352,715,6734816.918861
age_4lvl,30to39y,2009-2016,8,WTMEC.COMBN,gender,educ_level,hpv_oral,3528,37129103.3404625,63,quasibinomial (logit),9-11th grade,1.11621681624751,0.349935183063682,0.00229755084096304,0.430343857442691,1.80208977505232,3.13346931370247,0.0211341672405352,457,3873294.8808065
age_4lvl,30to39y,2009-2016,8,WTMEC.COMBN,gender,educ_level,hpv_oral,3528,37129103.3404625,63,quasibinomial (logit),Less than 9th grade,0.878952134778692,0.322122778477985,0.00840387106590344,0.247591488961841,1.51031278059554,3.13346931370247,0.0211341672405352,251,1994796.80000925
age_4lvl,40to64y,2009-2016,8,WTMEC.COMBN,gender,educ_level,hpv_oral,8777,94341321.7314427,63,quasibinomial (logit),College graduate or above (Intercept),-3.65726599126255,0.16249406759945,2.40270455788753e-30,-3.97575436375747,-3.33877761876763,5.19785350784227,0.00119857521602214,2195,30939988.3242005
age_4lvl,40to64y,2009-2016,8,WTMEC.COMBN,gender,educ_level,hpv_oral,8777,94341321.7314427,63,quasibinomial (logit),Some college or AA degree,0.508450454809188,0.152669656025917,0.00151232469297751,0.209217928998391,0.807682980619986,5.19785350784227,0.00119857521602214,2469,28529179.2507088
age_4lvl,40to64y,2009-2016,8,WTMEC.COMBN,gender,educ_level,hpv_oral,8777,94341321.7314427,63,quasibinomial (logit),HS graduate or GED,0.623830571909926,0.149428441198528,0.000101353330670357,0.330950827160811,0.916710316659042,5.19785350784227,0.00119857521602214,1939,20191709.7270198
age_4lvl,40to64y,2009-2016,8,WTMEC.COMBN,gender,educ_level,hpv_oral,8777,94341321.7314427,63,quasibinomial (logit),9-11th grade,0.566538558536109,0.186706741861193,0.00360391162362245,0.20059334448817,0.932483772584048,5.19785350784227,0.00119857521602214,1248,9740677.9409145
age_4lvl,40to64y,2009-2016,8,WTMEC.COMBN,gender,educ_level,hpv_oral,8777,94341321.7314427,63,quasibinomial (logit),Less than 9th grade,0.334332753906438,0.226128355491189,0.144682252472081,-0.108878822856292,0.777544330669169,5.19785350784227,0.00119857521602214,926,4939766.48859925
age_4lvl,under30y,2009-2016,8,WTMEC.COMBN,gender,educ_level,hpv_oral,4782,47641415.1107673,63,quasibinomial (logit),College graduate or above (Intercept),-3.53688258410777,0.25638862454414,5.7400918500126e-20,-4.03940428821429,-3.03436088000126,1.3531223683805,0.261414347224636,769,10032687.6185485
age_4lvl,under30y,2009-2016,8,WTMEC.COMBN,gender,educ_level,hpv_oral,4782,47641415.1107673,63,quasibinomial (logit),Some college or AA degree,0.149900140586521,0.27304727502941,0.585119922211232,-0.385272518471124,0.685072799644165,1.3531223683805,0.261414347224636,1752,18353449.1991253
age_4lvl,under30y,2009-2016,8,WTMEC.COMBN,gender,educ_level,hpv_oral,4782,47641415.1107673,63,quasibinomial (logit),HS graduate or GED,0.400388116583583,0.259288803255806,0.127984315852159,-0.107817937797797,0.908594170964962,1.3531223683805,0.261414347224636,1248,11592703.5584695
age_4lvl,under30y,2009-2016,8,WTMEC.COMBN,gender,educ_level,hpv_oral,4782,47641415.1107673,63,quasibinomial (logit),9-11th grade,0.274146296901015,0.288771255784796,0.346379472490725,-0.291845364437185,0.840137958239216,1.3531223683805,0.261414347224636,865,6471617.552196
age_4lvl,under30y,2009-2016,8,WTMEC.COMBN,gender,educ_level,hpv_oral,4782,47641415.1107673,63,quasibinomial (logit),Less than 9th grade,0.830006433879043,0.434356692067021,0.0609658333810113,-0.0213326825723181,1.6813455503304,1.3531223683805,0.261414347224636,148,1190957.182428
age_4lvl,over65y,2009-2016,8,WTMEC.COMBN,gender,educ_level,hpv_oral,1428,13084674.062561,62,quasibinomial (logit),College graduate or above (Intercept),-4.54860563363565,0.490758880945428,5.64162977924284e-13,-5.51049304028869,-3.58671822698261,1.71005619850931,0.160357841022,299,4319028.09837375
age_4lvl,over65y,2009-2016,8,WTMEC.COMBN,gender,educ_level,hpv_oral,1428,13084674.062561,62,quasibinomial (logit),Some college or AA degree,0.878624310990921,0.476548224895547,0.0704233765202528,-0.0554102098043513,1.81265883178619,1.71005619850931,0.160357841022,396,4301210.45597525
age_4lvl,over65y,2009-2016,8,WTMEC.COMBN,gender,educ_level,hpv_oral,1428,13084674.062561,62,quasibinomial (logit),HS graduate or GED,0.811913961257161,0.590567681037754,0.174573206431798,-0.345598693576837,1.96942661609116,1.71005619850931,0.160357841022,287,2417111.13165
age_4lvl,over65y,2009-2016,8,WTMEC.COMBN,gender,educ_level,hpv_oral,1428,13084674.062561,62,quasibinomial (logit),9-11th grade,1.24840424516241,0.577158466227313,0.034747851467115,0.11717365135688,2.37963483896795,1.71005619850931,0.160357841022,202,1172126.7158855
age_4lvl,over65y,2009-2016,8,WTMEC.COMBN,gender,educ_level,hpv_oral,1428,13084674.062561,62,quasibinomial (logit),Less than 9th grade,1.12106332520809,0.487735828008708,0.0252210817632112,0.165101102311027,2.07702554810516,1.71005619850931,0.160357841022,244,875197.6606765
