strata_var,strata_level,cycle_yrs,n_yrs.,survweight.,model_covars,exposure,outcome,n_total_raw,n_total_weighted,model_df,model_type,exp_level,beta,se,pval,low95CI,up95CI,fstat,f_pval,n_exp_raw,n_exp_weighted
racethn_combn,NHW,1999-2020,21.2,WTMEC.COMBN,age+gender,inc_to_pov_level,diabetes,24764,142556110.9177,162,quasibinomial (logit),High income (Intercept),-5.1600209870333,0.0992085165375699,2.60793803027335e-101,-5.35446967944694,-4.96557229461966,30.120445382111,8.27858187895334e-12,8283,61293639.4167784
racethn_combn,NHW,1999-2020,21.2,WTMEC.COMBN,age+gender,inc_to_pov_level,diabetes,24764,142556110.9177,162,quasibinomial (logit),Middle income,0.275917611973104,0.065449596930779,4.17699609034532e-05,0.147636401988778,0.404198821957431,30.120445382111,8.27858187895334e-12,12910,67438943.489069
racethn_combn,NHW,1999-2020,21.2,WTMEC.COMBN,age+gender,inc_to_pov_level,diabetes,24764,142556110.9177,162,quasibinomial (logit),Low income,0.628372899434281,0.0824534750862015,2.18618905491473e-12,0.466764088265327,0.789981710603236,30.120445382111,8.27858187895334e-12,3571,13823528.0118521
racethn_combn,Other/Multi-Racial/NHAsian,1999-2020,21.2,WTMEC.COMBN,age+gender,inc_to_pov_level,diabetes,1350,6110566.02552643,84,quasibinomial (logit),High income (Intercept),-5.48360199558263,0.380406177749468,5.99746827468116e-24,-6.22919810397158,-4.73800588719367,1.19230127508716,0.308856997329935,369,2007767.83024123
racethn_combn,Other/Multi-Racial/NHAsian,1999-2020,21.2,WTMEC.COMBN,age+gender,inc_to_pov_level,diabetes,1350,6110566.02552643,84,quasibinomial (logit),Middle income,0.24004640848086,0.256498054006469,0.352161501449448,-0.262689777371819,0.74278259433354,1.19230127508716,0.308856997329935,658,2989584.626605
racethn_combn,Other/Multi-Racial/NHAsian,1999-2020,21.2,WTMEC.COMBN,age+gender,inc_to_pov_level,diabetes,1350,6110566.02552643,84,quasibinomial (logit),Low income,0.542648933646152,0.352451226525037,0.12759374858297,-0.14815547034292,1.23345333763522,1.19230127508716,0.308856997329935,323,1113213.5686802
racethn_combn,Mexican-American,1999-2020,21.2,WTMEC.COMBN,age+gender,inc_to_pov_level,diabetes,9756,16685825.7569652,144,quasibinomial (logit),High income (Intercept),-5.32596037550759,0.163568103619132,3.42901539114084e-67,-5.64655385860109,-5.00536689241409,4.58913973339075,0.0117373733972309,1127,2088622.52521459
racethn_combn,Mexican-American,1999-2020,21.2,WTMEC.COMBN,age+gender,inc_to_pov_level,diabetes,9756,16685825.7569652,144,quasibinomial (logit),Middle income,0.34501838836145,0.132701545309993,0.0103234546588835,0.0849233595538635,0.605113417169037,4.58913973339075,0.0117373733972309,5512,9497547.23135021
racethn_combn,Mexican-American,1999-2020,21.2,WTMEC.COMBN,age+gender,inc_to_pov_level,diabetes,9756,16685825.7569652,144,quasibinomial (logit),Low income,0.395522325858186,0.131339770695547,0.00308584394395683,0.138096375294913,0.652948276421458,4.58913973339075,0.0117373733972309,3117,5099656.00040036
racethn_combn,NHB,1999-2020,21.2,WTMEC.COMBN,age+gender,inc_to_pov_level,diabetes,12343,23202912.6290451,153,quasibinomial (logit),High income (Intercept),-4.74171252476296,0.140065354202315,7.54151307464567e-72,-5.0162406189995,-4.46718443052642,4.68894191972209,0.0105958078827462,2355,4577061.0169181
racethn_combn,NHB,1999-2020,21.2,WTMEC.COMBN,age+gender,inc_to_pov_level,diabetes,12343,23202912.6290451,153,quasibinomial (logit),Middle income,0.166716250178542,0.081222630646879,0.0418626382244783,0.00751989411065937,0.325912606246425,4.68894191972209,0.0105958078827462,6648,12598132.1328467
racethn_combn,NHB,1999-2020,21.2,WTMEC.COMBN,age+gender,inc_to_pov_level,diabetes,12343,23202912.6290451,153,quasibinomial (logit),Low income,0.278142131342725,0.0908295156489392,0.00260723932566498,0.100116280670804,0.456167982014646,4.68894191972209,0.0105958078827462,3340,6027719.47928029
racethn_combn,Other Hispanic,1999-2020,21.2,WTMEC.COMBN,age+gender,inc_to_pov_level,diabetes,4507,11655953.8571825,138,quasibinomial (logit),High income (Intercept),-4.91568732821174,0.280151565050757,1.56764283425089e-36,-5.46478439571123,-4.36659026071226,0.665822362454824,0.515542381431496,733,2039958.03679889
racethn_combn,Other Hispanic,1999-2020,21.2,WTMEC.COMBN,age+gender,inc_to_pov_level,diabetes,4507,11655953.8571825,138,quasibinomial (logit),Middle income,0.19895623853296,0.183086098791514,0.279128575330959,-0.159892515098408,0.557804992164327,0.665822362454824,0.515542381431496,2415,6315342.4182755
racethn_combn,Other Hispanic,1999-2020,21.2,WTMEC.COMBN,age+gender,inc_to_pov_level,diabetes,4507,11655953.8571825,138,quasibinomial (logit),Low income,0.242293554173657,0.221901444451616,0.276837608375373,-0.19263327695151,0.677220385298825,0.665822362454824,0.515542381431496,1359,3300653.40210814
racethn_combn,NHAsian,1999-2020,21.2,WTMEC.COMBN,age+gender,inc_to_pov_level,diabetes,2964,5093595.09645102,71,quasibinomial (logit),High income (Intercept),-5.53021667506704,0.28696979807304,4.9415602555455e-29,-6.0926774792902,-4.96775587084389,2.70129953131698,0.0744289080621601,1160,2104897.24888066
racethn_combn,NHAsian,1999-2020,21.2,WTMEC.COMBN,age+gender,inc_to_pov_level,diabetes,2964,5093595.09645102,71,quasibinomial (logit),Middle income,0.257830441024959,0.142356355450331,0.0745985589512617,-0.0211880156576889,0.536848897707607,2.70129953131698,0.0744289080621601,1359,2324396.49657396
racethn_combn,NHAsian,1999-2020,21.2,WTMEC.COMBN,age+gender,inc_to_pov_level,diabetes,2964,5093595.09645102,71,quasibinomial (logit),Low income,0.270608949897544,0.165999131690324,0.107755569171617,-0.054749348215492,0.595967248010579,2.70129953131698,0.0744289080621601,445,664301.350996396
racethn_combn,Other/Multi-Racial,1999-2020,21.2,WTMEC.COMBN,age+gender,inc_to_pov_level,diabetes,953,3250195.78718183,71,quasibinomial (logit),High income (Intercept),-4.41080485446386,0.467435039702678,6.37437316418008e-14,-5.32697753228111,-3.49463217664662,2.30187664622861,0.107933685690586,200,772660.519632623
racethn_combn,Other/Multi-Racial,1999-2020,21.2,WTMEC.COMBN,age+gender,inc_to_pov_level,diabetes,953,3250195.78718183,71,quasibinomial (logit),Middle income,0.450108801056487,0.470595406796955,0.342275078717055,-0.472258196265544,1.37247579837852,2.30187664622861,0.107933685690586,519,1867756.08099038
racethn_combn,Other/Multi-Racial,1999-2020,21.2,WTMEC.COMBN,age+gender,inc_to_pov_level,diabetes,953,3250195.78718183,71,quasibinomial (logit),Low income,0.732523078354403,0.387482738927935,0.0630213849932604,-0.0269430899443486,1.49198924665315,2.30187664622861,0.107933685690586,234,609779.18655883
racethn_combn,NHW,1999-2020,21.2,WTMEC.COMBN,age+gender,inc_to_pov_level,diabetes_undx,24764,142556110.9177,162,quasibinomial (logit),High income (Intercept),-8.19896603256203,0.352073319244296,5.92061560456467e-53,-8.88902973828085,-7.50890232684321,0.241363459312363,0.78584516448207,8283,61293639.4167784
racethn_combn,NHW,1999-2020,21.2,WTMEC.COMBN,age+gender,inc_to_pov_level,diabetes_undx,24764,142556110.9177,162,quasibinomial (logit),Middle income,-0.139559196665423,0.255918931051953,0.586298457891267,-0.641160301527251,0.362041908196404,0.241363459312363,0.78584516448207,12910,67438943.489069
racethn_combn,NHW,1999-2020,21.2,WTMEC.COMBN,age+gender,inc_to_pov_level,diabetes_undx,24764,142556110.9177,162,quasibinomial (logit),Low income,-0.219767115334587,0.406398388731813,0.589429265965715,-1.01630795724894,0.576773726579766,0.241363459312363,0.78584516448207,3571,13823528.0118521
racethn_combn,Other/Multi-Racial/NHAsian,1999-2020,21.2,WTMEC.COMBN,age+gender,inc_to_pov_level,diabetes_undx,1350,6110566.02552643,84,quasibinomial (logit),High income (Intercept),-7.47604612907841,2.03332063602221,0.000426149060916142,-11.4613545756819,-3.49073768247488,363.631994113015,6.96588519029229e-41,369,2007767.83024123
racethn_combn,Other/Multi-Racial/NHAsian,1999-2020,21.2,WTMEC.COMBN,age+gender,inc_to_pov_level,diabetes_undx,1350,6110566.02552643,84,quasibinomial (logit),Middle income,-1.10923863551143,1.11737961169095,0.323842401461794,-3.29930267442569,1.08082540340284,363.631994113015,6.96588519029229e-41,658,2989584.626605
racethn_combn,Other/Multi-Racial/NHAsian,1999-2020,21.2,WTMEC.COMBN,age+gender,inc_to_pov_level,diabetes_undx,1350,6110566.02552643,84,quasibinomial (logit),Low income,-16.4007333403136,0.879683461529635,7.50060443871787e-31,-18.1249129249117,-14.6765537557155,363.631994113015,6.96588519029229e-41,323,1113213.5686802
racethn_combn,Mexican-American,1999-2020,21.2,WTMEC.COMBN,age+gender,inc_to_pov_level,diabetes_undx,9756,16685825.7569652,144,quasibinomial (logit),High income (Intercept),-7.6759264898451,0.567119869426367,3.27775157628948e-27,-8.78748143392078,-6.56437154576942,0.33609459020787,0.715130447047148,1127,2088622.52521459
racethn_combn,Mexican-American,1999-2020,21.2,WTMEC.COMBN,age+gender,inc_to_pov_level,diabetes_undx,9756,16685825.7569652,144,quasibinomial (logit),Middle income,0.0808112371611067,0.392984139097773,0.837374857762748,-0.689437675470528,0.851060149792741,0.33609459020787,0.715130447047148,5512,9497547.23135021
racethn_combn,Mexican-American,1999-2020,21.2,WTMEC.COMBN,age+gender,inc_to_pov_level,diabetes_undx,9756,16685825.7569652,144,quasibinomial (logit),Low income,-0.233943359129796,0.474247532997248,0.622577927473609,-1.1634685238044,0.695581805544811,0.33609459020787,0.715130447047148,3117,5099656.00040036
racethn_combn,NHB,1999-2020,21.2,WTMEC.COMBN,age+gender,inc_to_pov_level,diabetes_undx,12343,23202912.6290451,153,quasibinomial (logit),High income (Intercept),-7.0433025268263,0.437646927391187,2.08741720795866e-34,-7.90109050451303,-6.18551454913958,0.845750998085934,0.431284899304869,2355,4577061.0169181
racethn_combn,NHB,1999-2020,21.2,WTMEC.COMBN,age+gender,inc_to_pov_level,diabetes_undx,12343,23202912.6290451,153,quasibinomial (logit),Middle income,0.213686692509507,0.368964427476695,0.563360778085419,-0.509483585344814,0.936856970363828,0.845750998085934,0.431284899304869,6648,12598132.1328467
racethn_combn,NHB,1999-2020,21.2,WTMEC.COMBN,age+gender,inc_to_pov_level,diabetes_undx,12343,23202912.6290451,153,quasibinomial (logit),Low income,-0.295994709392051,0.448745226551268,0.510525411527873,-1.17553535343254,0.583545934648434,0.845750998085934,0.431284899304869,3340,6027719.47928029
racethn_combn,Other Hispanic,1999-2020,21.2,WTMEC.COMBN,age+gender,inc_to_pov_level,diabetes_undx,4507,11655953.8571825,138,quasibinomial (logit),High income (Intercept),-6.89666082919521,0.7157097865311,5.10478440538332e-17,-8.29945201079617,-5.49386964759426,0.0620395795953678,0.93987266645731,733,2039958.03679889
racethn_combn,Other Hispanic,1999-2020,21.2,WTMEC.COMBN,age+gender,inc_to_pov_level,diabetes_undx,4507,11655953.8571825,138,quasibinomial (logit),Middle income,-0.214897140792177,0.655721007283602,0.743629953334988,-1.50011031506804,1.07031603348368,0.0620395795953678,0.93987266645731,2415,6315342.4182755
racethn_combn,Other Hispanic,1999-2020,21.2,WTMEC.COMBN,age+gender,inc_to_pov_level,diabetes_undx,4507,11655953.8571825,138,quasibinomial (logit),Low income,-0.123465352807197,0.680918761942071,0.856389046291554,-1.45806612621366,1.21113542059926,0.0620395795953678,0.93987266645731,1359,3300653.40210814
racethn_combn,NHAsian,1999-2020,21.2,WTMEC.COMBN,age+gender,inc_to_pov_level,diabetes_undx,2964,5093595.09645102,71,quasibinomial (logit),High income (Intercept),-7.29295867034222,0.781350512699971,9.6985569988821e-14,-8.82440567523416,-5.76151166545028,1.39781871216019,0.254248606248148,1160,2104897.24888066
racethn_combn,NHAsian,1999-2020,21.2,WTMEC.COMBN,age+gender,inc_to_pov_level,diabetes_undx,2964,5093595.09645102,71,quasibinomial (logit),Middle income,0.685814544815219,0.708957875163245,0.336845174585461,-0.703742890504741,2.07537198013518,1.39781871216019,0.254248606248148,1359,2324396.49657396
racethn_combn,NHAsian,1999-2020,21.2,WTMEC.COMBN,age+gender,inc_to_pov_level,diabetes_undx,2964,5093595.09645102,71,quasibinomial (logit),Low income,1.05753274992904,0.636317069046397,0.101193304908423,-0.189648705401894,2.30471420525998,1.39781871216019,0.254248606248148,445,664301.350996396
racethn_combn,Other/Multi-Racial,1999-2020,21.2,WTMEC.COMBN,age+gender,inc_to_pov_level,diabetes_undx,953,3250195.78718183,71,quasibinomial (logit),High income (Intercept),-21.0746239949917,1.1351168501786,4.07156299626227e-28,-23.2994530213417,-18.8497949686416,602.57086410472,1.48445383058739e-43,200,772660.519632623
racethn_combn,Other/Multi-Racial,1999-2020,21.2,WTMEC.COMBN,age+gender,inc_to_pov_level,diabetes_undx,953,3250195.78718183,71,quasibinomial (logit),Middle income,18.255623017856,0.525869033049978,1.47995456036416e-44,17.2249197130781,19.286326322634,602.57086410472,1.48445383058739e-43,519,1867756.08099038
racethn_combn,Other/Multi-Racial,1999-2020,21.2,WTMEC.COMBN,age+gender,inc_to_pov_level,diabetes_undx,953,3250195.78718183,71,quasibinomial (logit),Low income,-0.270575105520907,0.259768553754471,0.30134087836086,-0.77972147087967,0.238571259837857,602.57086410472,1.48445383058739e-43,234,609779.18655883
racethn_combn,NHW,1999-2020,21.2,WTMEC.COMBN,age+gender,inc_to_pov_level,htn,24764,142556110.9177,162,quasibinomial (logit),High income (Intercept),-3.23846577402099,0.0735852265177639,1.38503150263118e-90,-3.3826928179958,-3.09423873004617,18.3125257893194,7.03411325275407e-08,8283,61293639.4167784
racethn_combn,NHW,1999-2020,21.2,WTMEC.COMBN,age+gender,inc_to_pov_level,htn,24764,142556110.9177,162,quasibinomial (logit),Middle income,0.237195008707518,0.0434660693146809,1.83740780079127e-07,0.152001512850743,0.322388504564293,18.3125257893194,7.03411325275407e-08,12910,67438943.489069
racethn_combn,NHW,1999-2020,21.2,WTMEC.COMBN,age+gender,inc_to_pov_level,htn,24764,142556110.9177,162,quasibinomial (logit),Low income,0.332686097063345,0.0627401426193553,3.79241606947716e-07,0.209715417529409,0.455656776597282,18.3125257893194,7.03411325275407e-08,3571,13823528.0118521
racethn_combn,Other/Multi-Racial/NHAsian,1999-2020,21.2,WTMEC.COMBN,age+gender,inc_to_pov_level,htn,1350,6110566.02552643,84,quasibinomial (logit),High income (Intercept),-3.19385798971438,0.28759218716301,7.07245911784284e-18,-3.75753867655388,-2.63017730287489,1.29393611781823,0.27986487165071,369,2007767.83024123
racethn_combn,Other/Multi-Racial/NHAsian,1999-2020,21.2,WTMEC.COMBN,age+gender,inc_to_pov_level,htn,1350,6110566.02552643,84,quasibinomial (logit),Middle income,-0.214271512475017,0.19181336593552,0.267302428106365,-0.590225709708636,0.161682684758602,1.29393611781823,0.27986487165071,658,2989584.626605
racethn_combn,Other/Multi-Racial/NHAsian,1999-2020,21.2,WTMEC.COMBN,age+gender,inc_to_pov_level,htn,1350,6110566.02552643,84,quasibinomial (logit),Low income,0.159028698469064,0.289071481914283,0.583758707447671,-0.407551406082931,0.725608803021059,1.29393611781823,0.27986487165071,323,1113213.5686802
racethn_combn,Mexican-American,1999-2020,21.2,WTMEC.COMBN,age+gender,inc_to_pov_level,htn,9756,16685825.7569652,144,quasibinomial (logit),High income (Intercept),-3.69497264908879,0.139522544156326,2.22675287187855e-56,-3.96843683563519,-3.42150846254239,4.90875379189943,0.00870127224415024,1127,2088622.52521459
racethn_combn,Mexican-American,1999-2020,21.2,WTMEC.COMBN,age+gender,inc_to_pov_level,htn,9756,16685825.7569652,144,quasibinomial (logit),Middle income,-0.167793856300682,0.0958919036094025,0.0823398979250183,-0.355741987375111,0.0201542747737469,4.90875379189943,0.00870127224415024,5512,9497547.23135021
racethn_combn,Mexican-American,1999-2020,21.2,WTMEC.COMBN,age+gender,inc_to_pov_level,htn,9756,16685825.7569652,144,quasibinomial (logit),Low income,-0.332736615746175,0.109055952824157,0.00272859649641457,-0.546486283281523,-0.118986948210828,4.90875379189943,0.00870127224415024,3117,5099656.00040036
racethn_combn,NHB,1999-2020,21.2,WTMEC.COMBN,age+gender,inc_to_pov_level,htn,12343,23202912.6290451,153,quasibinomial (logit),High income (Intercept),-3.28457338181249,0.0970380220044457,7.69770854810136e-72,-3.4747679049412,-3.09437885868377,6.80859836765125,0.00148072689220225,2355,4577061.0169181
racethn_combn,NHB,1999-2020,21.2,WTMEC.COMBN,age+gender,inc_to_pov_level,htn,12343,23202912.6290451,153,quasibinomial (logit),Middle income,0.145247700827089,0.0655620607408633,0.0282481082011696,0.0167460617749966,0.273749339879181,6.80859836765125,0.00148072689220225,6648,12598132.1328467
racethn_combn,NHB,1999-2020,21.2,WTMEC.COMBN,age+gender,inc_to_pov_level,htn,12343,23202912.6290451,153,quasibinomial (logit),Low income,0.294386734352523,0.0804791046737873,0.000352085002752468,0.1366476891919,0.452125779513145,6.80859836765125,0.00148072689220225,3340,6027719.47928029
racethn_combn,Other Hispanic,1999-2020,21.2,WTMEC.COMBN,age+gender,inc_to_pov_level,htn,4507,11655953.8571825,138,quasibinomial (logit),High income (Intercept),-3.95470475125192,0.200820437590868,2.20776251150469e-41,-4.34831280893002,-3.56109669357382,3.35411977078705,0.0378977143652662,733,2039958.03679889
racethn_combn,Other Hispanic,1999-2020,21.2,WTMEC.COMBN,age+gender,inc_to_pov_level,htn,4507,11655953.8571825,138,quasibinomial (logit),Middle income,0.188556352946799,0.11320226792343,0.0981175601480122,-0.033320092183124,0.410432798076723,3.35411977078705,0.0378977143652662,2415,6315342.4182755
racethn_combn,Other Hispanic,1999-2020,21.2,WTMEC.COMBN,age+gender,inc_to_pov_level,htn,4507,11655953.8571825,138,quasibinomial (logit),Low income,0.336021286099605,0.129753034724688,0.010667775745375,0.0817053380392161,0.590337234159995,3.35411977078705,0.0378977143652662,1359,3300653.40210814
racethn_combn,NHAsian,1999-2020,21.2,WTMEC.COMBN,age+gender,inc_to_pov_level,htn,2964,5093595.09645102,71,quasibinomial (logit),High income (Intercept),-3.95809292330398,0.199894842973929,1.04926313885325e-29,-4.34988681553288,-3.56629903107508,0.908119205828309,0.408187538227155,1160,2104897.24888066
racethn_combn,NHAsian,1999-2020,21.2,WTMEC.COMBN,age+gender,inc_to_pov_level,htn,2964,5093595.09645102,71,quasibinomial (logit),Middle income,-0.0450505922317679,0.0993102684228182,0.651557662335453,-0.239698718340491,0.149597533876956,0.908119205828309,0.408187538227155,1359,2324396.49657396
racethn_combn,NHAsian,1999-2020,21.2,WTMEC.COMBN,age+gender,inc_to_pov_level,htn,2964,5093595.09645102,71,quasibinomial (logit),Low income,-0.208044805885495,0.154858375565416,0.183658303905906,-0.511567221993711,0.0954776102227211,0.908119205828309,0.408187538227155,445,664301.350996396
racethn_combn,Other/Multi-Racial,1999-2020,21.2,WTMEC.COMBN,age+gender,inc_to_pov_level,htn,953,3250195.78718183,71,quasibinomial (logit),High income (Intercept),-2.89602087871292,0.328341244357286,8.03829153687705e-13,-3.5395697176532,-2.25247203977264,0.809199356025412,0.449517383410679,200,772660.519632623
racethn_combn,Other/Multi-Racial,1999-2020,21.2,WTMEC.COMBN,age+gender,inc_to_pov_level,htn,953,3250195.78718183,71,quasibinomial (logit),Middle income,0.318484074527485,0.26365413261389,0.231308630246102,-0.19827802539574,0.83524617445071,0.809199356025412,0.449517383410679,519,1867756.08099038
racethn_combn,Other/Multi-Racial,1999-2020,21.2,WTMEC.COMBN,age+gender,inc_to_pov_level,htn,953,3250195.78718183,71,quasibinomial (logit),Low income,0.161014853622641,0.279807106785742,0.566915049436875,-0.387407075677414,0.709436782922696,0.809199356025412,0.449517383410679,234,609779.18655883
racethn_combn,NHW,1999-2020,21.2,WTMEC.COMBN,age+gender,inc_to_pov_level,htn_undx,22552,137069898.696309,162,quasibinomial (logit),High income (Intercept),-2.89684076483858,0.0658916119417553,1.6137551650533e-90,-3.02598832424442,-2.76769320543274,10.5854345945818,4.85048568536327e-05,7593,59157382.0436307
racethn_combn,NHW,1999-2020,21.2,WTMEC.COMBN,age+gender,inc_to_pov_level,htn_undx,22552,137069898.696309,162,quasibinomial (logit),Middle income,0.181309458723429,0.0400894272106477,1.19313237517743e-05,0.102734181390559,0.259884736056298,10.5854345945818,4.85048568536327e-05,11742,64840544.308374
racethn_combn,NHW,1999-2020,21.2,WTMEC.COMBN,age+gender,inc_to_pov_level,htn_undx,22552,137069898.696309,162,quasibinomial (logit),Low income,0.195030469381799,0.0610383328149919,0.00168727688567609,0.0753953370644154,0.314665601699184,10.5854345945818,4.85048568536327e-05,3217,13071972.3443042
racethn_combn,Other/Multi-Racial/NHAsian,1999-2020,21.2,WTMEC.COMBN,age+gender,inc_to_pov_level,htn_undx,1173,5595180.56371133,83,quasibinomial (logit),High income (Intercept),-2.88230438627539,0.265956172209457,2.70754061725756e-17,-3.40357848380593,-2.36103028874486,1.77996320145529,0.175340753719374,328,1884166.87345274
racethn_combn,Other/Multi-Racial/NHAsian,1999-2020,21.2,WTMEC.COMBN,age+gender,inc_to_pov_level,htn_undx,1173,5595180.56371133,83,quasibinomial (logit),Middle income,-0.266924075483466,0.202370089478237,0.190983105498711,-0.66356945086081,0.129721299893879,1.77996320145529,0.175340753719374,566,2711398.82588406
racethn_combn,Other/Multi-Racial/NHAsian,1999-2020,21.2,WTMEC.COMBN,age+gender,inc_to_pov_level,htn_undx,1173,5595180.56371133,83,quasibinomial (logit),Low income,0.177967199872126,0.330765422146948,0.592057550902539,-0.470333027535891,0.826267427280143,1.77996320145529,0.175340753719374,279,999614.864374539
racethn_combn,Mexican-American,1999-2020,21.2,WTMEC.COMBN,age+gender,inc_to_pov_level,htn_undx,8901,15739033.0925941,144,quasibinomial (logit),High income (Intercept),-3.57634027982794,0.138604052489387,4.60253375559101e-55,-3.84800422270713,-3.30467633694874,3.73306161296433,0.026333226759505,1039,2010507.68073632
racethn_combn,Mexican-American,1999-2020,21.2,WTMEC.COMBN,age+gender,inc_to_pov_level,htn_undx,8901,15739033.0925941,144,quasibinomial (logit),Middle income,-0.148039446360414,0.0949239382409486,0.121121929657243,-0.334090365312673,0.0380114725918453,3.73306161296433,0.026333226759505,5030,8928780.37372202
racethn_combn,Mexican-American,1999-2020,21.2,WTMEC.COMBN,age+gender,inc_to_pov_level,htn_undx,8901,15739033.0925941,144,quasibinomial (logit),Low income,-0.285187290313792,0.10686189863903,0.00851275025048397,-0.494636611646292,-0.0757379689812928,3.73306161296433,0.026333226759505,2832,4799745.03813572
racethn_combn,NHB,1999-2020,21.2,WTMEC.COMBN,age+gender,inc_to_pov_level,htn_undx,11127,21689375.7637384,153,quasibinomial (logit),High income (Intercept),-2.69423487119033,0.0942759711600745,2.40833543001366e-62,-2.87901577466407,-2.50945396771658,2.89769000727006,0.058264817723709,2113,4295868.99890499
racethn_combn,NHB,1999-2020,21.2,WTMEC.COMBN,age+gender,inc_to_pov_level,htn_undx,11127,21689375.7637384,153,quasibinomial (logit),Middle income,0.108995058249892,0.0594563366977187,0.0687693122725472,-0.0075393616776363,0.225529478177421,2.89769000727006,0.058264817723709,6023,11804261.3835372
racethn_combn,NHB,1999-2020,21.2,WTMEC.COMBN,age+gender,inc_to_pov_level,htn_undx,11127,21689375.7637384,153,quasibinomial (logit),Low income,0.171288657069189,0.0737410376180964,0.0215409488835202,0.0267562233377203,0.315821090800658,2.89769000727006,0.058264817723709,2991,5589245.38129622
racethn_combn,Other Hispanic,1999-2020,21.2,WTMEC.COMBN,age+gender,inc_to_pov_level,htn_undx,4055,10937557.7670757,136,quasibinomial (logit),High income (Intercept),-3.7674117335385,0.178077244504729,3.07939959125036e-44,-4.11644313276777,-3.41838033430923,4.59406588040608,0.0117814519503222,660,1885463.16205826
racethn_combn,Other Hispanic,1999-2020,21.2,WTMEC.COMBN,age+gender,inc_to_pov_level,htn_undx,4055,10937557.7670757,136,quasibinomial (logit),Middle income,0.0850331247565908,0.122949505832993,0.490396838309292,-0.155947906676075,0.326014156189256,4.59406588040608,0.0117814519503222,2191,6009972.11013048
racethn_combn,Other Hispanic,1999-2020,21.2,WTMEC.COMBN,age+gender,inc_to_pov_level,htn_undx,4055,10937557.7670757,136,quasibinomial (logit),Low income,0.360007494047995,0.132015830372923,0.00726041031312317,0.101256466517066,0.618758521578925,4.59406588040608,0.0117814519503222,1204,3042122.49488697
racethn_combn,NHAsian,1999-2020,21.2,WTMEC.COMBN,age+gender,inc_to_pov_level,htn_undx,2601,4687961.43911177,71,quasibinomial (logit),High income (Intercept),-3.52906796893532,0.207040124752823,4.65472158928315e-26,-3.93486661345085,-3.12326932441979,0.69062988640738,0.504792770057796,1030,1964807.77146285
racethn_combn,NHAsian,1999-2020,21.2,WTMEC.COMBN,age+gender,inc_to_pov_level,htn_undx,2601,4687961.43911177,71,quasibinomial (logit),Middle income,0.0243821284380221,0.104028586714426,0.815405430766117,-0.179513901522254,0.228278158398298,0.69062988640738,0.504792770057796,1188,2110199.27649877
racethn_combn,NHAsian,1999-2020,21.2,WTMEC.COMBN,age+gender,inc_to_pov_level,htn_undx,2601,4687961.43911177,71,quasibinomial (logit),Low income,-0.174330445242936,0.172098525797353,0.314719275727242,-0.511643555805748,0.162982665319875,0.69062988640738,0.504792770057796,383,612954.391150151
racethn_combn,Other/Multi-Racial,1999-2020,21.2,WTMEC.COMBN,age+gender,inc_to_pov_level,htn_undx,861,3112343.97370685,70,quasibinomial (logit),High income (Intercept),-2.21532261506372,0.33443665266379,7.50963192627609e-09,-2.87081845428475,-1.55982677584269,0.00509994153944109,0.994913433119713,176,741975.360086679
racethn_combn,Other/Multi-Racial,1999-2020,21.2,WTMEC.COMBN,age+gender,inc_to_pov_level,htn_undx,861,3112343.97370685,70,quasibinomial (logit),Middle income,0.0208887235842354,0.279318247511775,0.940612248878311,-0.526575041538843,0.568352488707314,0.00509994153944109,0.994913433119713,475,1789524.31128847
racethn_combn,Other/Multi-Racial,1999-2020,21.2,WTMEC.COMBN,age+gender,inc_to_pov_level,htn_undx,861,3112343.97370685,70,quasibinomial (logit),Low income,0.00226407264047259,0.277378418840192,0.9935120444992,-0.541397628286303,0.545925773567248,0.00509994153944109,0.994913433119713,210,580844.302331698
racethn_combn,NHW,1999-2020,21.2,WTMEC.COMBN,age+gender,inc_to_pov_level,htn_stg1,24764,142556110.9177,162,quasibinomial (logit),High income (Intercept),-2.88358298352596,0.0650121631488205,4.42405267637578e-91,-3.01100682329765,-2.75615914375428,8.61706301049643,0.000280565073489319,8283,61293639.4167784
racethn_combn,NHW,1999-2020,21.2,WTMEC.COMBN,age+gender,inc_to_pov_level,htn_stg1,24764,142556110.9177,162,quasibinomial (logit),Middle income,0.165308107188014,0.0398784414103056,5.51977425481821e-05,0.0871463620238147,0.243469852352213,8.61706301049643,0.000280565073489319,12910,67438943.489069
racethn_combn,NHW,1999-2020,21.2,WTMEC.COMBN,age+gender,inc_to_pov_level,htn_stg1,24764,142556110.9177,162,quasibinomial (logit),Low income,0.153278547278871,0.0606891007147111,0.0125338620758832,0.0343279098780374,0.272229184679705,8.61706301049643,0.000280565073489319,3571,13823528.0118521
racethn_combn,Other/Multi-Racial/NHAsian,1999-2020,21.2,WTMEC.COMBN,age+gender,inc_to_pov_level,htn_stg1,1350,6110566.02552643,84,quasibinomial (logit),High income (Intercept),-2.70820982010337,0.25052298613431,2.60581418581091e-17,-3.19923487292662,-2.21718476728012,2.21414508899607,0.115899006832545,369,2007767.83024123
racethn_combn,Other/Multi-Racial/NHAsian,1999-2020,21.2,WTMEC.COMBN,age+gender,inc_to_pov_level,htn_stg1,1350,6110566.02552643,84,quasibinomial (logit),Middle income,-0.330327629219579,0.194156057319589,0.0927609113336028,-0.710873501565973,0.0502182431268141,2.21414508899607,0.115899006832545,658,2989584.626605
racethn_combn,Other/Multi-Racial/NHAsian,1999-2020,21.2,WTMEC.COMBN,age+gender,inc_to_pov_level,htn_stg1,1350,6110566.02552643,84,quasibinomial (logit),Low income,0.0457131860750308,0.32436279248229,0.888277711736287,-0.590037887190258,0.681464259340319,2.21414508899607,0.115899006832545,323,1113213.5686802
racethn_combn,Mexican-American,1999-2020,21.2,WTMEC.COMBN,age+gender,inc_to_pov_level,htn_stg1,9756,16685825.7569652,144,quasibinomial (logit),High income (Intercept),-3.52081253143086,0.135002548823973,1.33264543629006e-55,-3.78541752712585,-3.25620753573587,4.74298318644948,0.0101609160550669,1127,2088622.52521459
racethn_combn,Mexican-American,1999-2020,21.2,WTMEC.COMBN,age+gender,inc_to_pov_level,htn_stg1,9756,16685825.7569652,144,quasibinomial (logit),Middle income,-0.200676351382394,0.0913272818227622,0.0296408675787175,-0.379677823755008,-0.0216748790097805,4.74298318644948,0.0101609160550669,5512,9497547.23135021
racethn_combn,Mexican-American,1999-2020,21.2,WTMEC.COMBN,age+gender,inc_to_pov_level,htn_stg1,9756,16685825.7569652,144,quasibinomial (logit),Low income,-0.323785907285219,0.105242381899725,0.00251921333438062,-0.530060975808679,-0.117510838761758,4.74298318644948,0.0101609160550669,3117,5099656.00040036
racethn_combn,NHB,1999-2020,21.2,WTMEC.COMBN,age+gender,inc_to_pov_level,htn_stg1,12343,23202912.6290451,153,quasibinomial (logit),High income (Intercept),-2.62943728611928,0.0903881938726078,2.54410449065871e-63,-2.80659814610959,-2.45227642612897,1.70198647503145,0.185846119646527,2355,4577061.0169181
racethn_combn,NHB,1999-2020,21.2,WTMEC.COMBN,age+gender,inc_to_pov_level,htn_stg1,12343,23202912.6290451,153,quasibinomial (logit),Middle income,0.0822198593061368,0.0555257783119525,0.140784394462095,-0.0266106661852901,0.191050384797564,1.70198647503145,0.185846119646527,6648,12598132.1328467
racethn_combn,NHB,1999-2020,21.2,WTMEC.COMBN,age+gender,inc_to_pov_level,htn_stg1,12343,23202912.6290451,153,quasibinomial (logit),Low income,0.124140307828959,0.071332945011795,0.083871965434049,-0.015672264394159,0.263952880052077,1.70198647503145,0.185846119646527,3340,6027719.47928029
racethn_combn,Other Hispanic,1999-2020,21.2,WTMEC.COMBN,age+gender,inc_to_pov_level,htn_stg1,4507,11655953.8571825,138,quasibinomial (logit),High income (Intercept),-3.7679706528263,0.171681497350027,3.30164288184788e-46,-4.10446638763235,-3.43147491802024,3.21003365336436,0.0434777078924256,733,2039958.03679889
racethn_combn,Other Hispanic,1999-2020,21.2,WTMEC.COMBN,age+gender,inc_to_pov_level,htn_stg1,4507,11655953.8571825,138,quasibinomial (logit),Middle income,0.108641575991571,0.117569313295978,0.357113986071831,-0.121794278068546,0.339077430051689,3.21003365336436,0.0434777078924256,2415,6315342.4182755
racethn_combn,Other Hispanic,1999-2020,21.2,WTMEC.COMBN,age+gender,inc_to_pov_level,htn_stg1,4507,11655953.8571825,138,quasibinomial (logit),Low income,0.312816002246947,0.128264448091456,0.0160434939763502,0.0614176839876924,0.564214320506201,3.21003365336436,0.0434777078924256,1359,3300653.40210814
racethn_combn,NHAsian,1999-2020,21.2,WTMEC.COMBN,age+gender,inc_to_pov_level,htn_stg1,2964,5093595.09645102,71,quasibinomial (logit),High income (Intercept),-3.46333638361602,0.198716925080967,1.37525034363215e-26,-3.85282155677472,-3.07385121045733,0.790575701912898,0.457768624231529,1160,2104897.24888066
racethn_combn,NHAsian,1999-2020,21.2,WTMEC.COMBN,age+gender,inc_to_pov_level,htn_stg1,2964,5093595.09645102,71,quasibinomial (logit),Middle income,-0.0306632945249293,0.098024378452289,0.755394399814176,-0.222791076291416,0.161464487241557,0.790575701912898,0.457768624231529,1359,2324396.49657396
racethn_combn,NHAsian,1999-2020,21.2,WTMEC.COMBN,age+gender,inc_to_pov_level,htn_stg1,2964,5093595.09645102,71,quasibinomial (logit),Low income,-0.218245195404677,0.17356920643642,0.212975651593716,-0.558440840020061,0.121950449210706,0.790575701912898,0.457768624231529,445,664301.350996396
racethn_combn,Other/Multi-Racial,1999-2020,21.2,WTMEC.COMBN,age+gender,inc_to_pov_level,htn_stg1,953,3250195.78718183,71,quasibinomial (logit),High income (Intercept),-2.18488620323298,0.33545369552546,1.11449789546232e-08,-2.84237544646288,-1.52739696000307,0.00818510451404893,0.991849293872941,200,772660.519632623
racethn_combn,Other/Multi-Racial,1999-2020,21.2,WTMEC.COMBN,age+gender,inc_to_pov_level,htn_stg1,953,3250195.78718183,71,quasibinomial (logit),Middle income,-0.0075993436182388,0.277667510734159,0.978247177697011,-0.551827664657191,0.536628977420714,0.00818510451404893,0.991849293872941,519,1867756.08099038
racethn_combn,Other/Multi-Racial,1999-2020,21.2,WTMEC.COMBN,age+gender,inc_to_pov_level,htn_stg1,953,3250195.78718183,71,quasibinomial (logit),Low income,-0.0289659600748356,0.275353811284853,0.916535045736847,-0.568659430193147,0.510727510043476,0.00818510451404893,0.991849293872941,234,609779.18655883
racethn_combn,NHW,1999-2020,21.2,WTMEC.COMBN,age+gender,inc_to_pov_level,obese,24764,142556110.9177,162,quasibinomial (logit),High income (Intercept),-0.805272249401614,0.0636030857190311,8.28385761579164e-26,-0.929934297410914,-0.680610201392313,0.81990791171214,0.442337380920014,8283,61293639.4167784
racethn_combn,NHW,1999-2020,21.2,WTMEC.COMBN,age+gender,inc_to_pov_level,obese,24764,142556110.9177,162,quasibinomial (logit),Middle income,0.0455176394143978,0.0426935944287258,0.287983721021056,-0.0381618056659049,0.1291970844947,0.81990791171214,0.442337380920014,12910,67438943.489069
racethn_combn,NHW,1999-2020,21.2,WTMEC.COMBN,age+gender,inc_to_pov_level,obese,24764,142556110.9177,162,quasibinomial (logit),Low income,-0.00408512372640445,0.0564255223559864,0.94237633741331,-0.114679147544138,0.106508900091329,0.81990791171214,0.442337380920014,3571,13823528.0118521
racethn_combn,Other/Multi-Racial/NHAsian,1999-2020,21.2,WTMEC.COMBN,age+gender,inc_to_pov_level,obese,1350,6110566.02552643,84,quasibinomial (logit),High income (Intercept),-1.12314998425967,0.221414965723946,2.49000250232421e-06,-1.5571233170786,-0.689176651440733,0.108656454341857,0.897170691732622,369,2007767.83024123
racethn_combn,Other/Multi-Racial/NHAsian,1999-2020,21.2,WTMEC.COMBN,age+gender,inc_to_pov_level,obese,1350,6110566.02552643,84,quasibinomial (logit),Middle income,0.0679344819148323,0.183072688913536,0.711559359996019,-0.290887988355699,0.426756952185364,0.108656454341857,0.897170691732622,658,2989584.626605
racethn_combn,Other/Multi-Racial/NHAsian,1999-2020,21.2,WTMEC.COMBN,age+gender,inc_to_pov_level,obese,1350,6110566.02552643,84,quasibinomial (logit),Low income,0.111610277397952,0.267607606948619,0.677746533803241,-0.412900632221342,0.636121187017245,0.108656454341857,0.897170691732622,323,1113213.5686802
racethn_combn,Mexican-American,1999-2020,21.2,WTMEC.COMBN,age+gender,inc_to_pov_level,obese,9756,16685825.7569652,144,quasibinomial (logit),High income (Intercept),-0.380646927248225,0.117266738057245,0.00146445303251045,-0.610489733840424,-0.150804120656025,1.19630522055328,0.305380193172419,1127,2088622.52521459
racethn_combn,Mexican-American,1999-2020,21.2,WTMEC.COMBN,age+gender,inc_to_pov_level,obese,9756,16685825.7569652,144,quasibinomial (logit),Middle income,-0.0843091417045164,0.0921826845661968,0.361980680114149,-0.264987203454262,0.0963689200452294,1.19630522055328,0.305380193172419,5512,9497547.23135021
racethn_combn,Mexican-American,1999-2020,21.2,WTMEC.COMBN,age+gender,inc_to_pov_level,obese,9756,16685825.7569652,144,quasibinomial (logit),Low income,-0.149805496696378,0.0994133093651329,0.134090504917903,-0.344655583052038,0.0450445896592826,1.19630522055328,0.305380193172419,3117,5099656.00040036
racethn_combn,NHB,1999-2020,21.2,WTMEC.COMBN,age+gender,inc_to_pov_level,obese,12343,23202912.6290451,153,quasibinomial (logit),High income (Intercept),0.114513914654828,0.0882582457933762,0.196468951803309,-0.0584722471001895,0.287500076409845,20.9988975729437,9.24197173307469e-09,2355,4577061.0169181
racethn_combn,NHB,1999-2020,21.2,WTMEC.COMBN,age+gender,inc_to_pov_level,obese,12343,23202912.6290451,153,quasibinomial (logit),Middle income,-0.207494950323689,0.0548064121428837,0.000221437290439738,-0.314915518123741,-0.100074382523637,20.9988975729437,9.24197173307469e-09,6648,12598132.1328467
racethn_combn,NHB,1999-2020,21.2,WTMEC.COMBN,age+gender,inc_to_pov_level,obese,12343,23202912.6290451,153,quasibinomial (logit),Low income,-0.385009230730965,0.0594443435725139,1.2825439229239e-09,-0.501520144133092,-0.268498317328837,20.9988975729437,9.24197173307469e-09,3340,6027719.47928029
racethn_combn,Other Hispanic,1999-2020,21.2,WTMEC.COMBN,age+gender,inc_to_pov_level,obese,4507,11655953.8571825,138,quasibinomial (logit),High income (Intercept),-0.374107105518069,0.151575475590746,0.01484198916019,-0.671195037675932,-0.0770191733602066,0.57861789738562,0.562067296195567,733,2039958.03679889
racethn_combn,Other Hispanic,1999-2020,21.2,WTMEC.COMBN,age+gender,inc_to_pov_level,obese,4507,11655953.8571825,138,quasibinomial (logit),Middle income,-0.0756881924219598,0.120080870753249,0.529565105663133,-0.311046699098327,0.159670314254407,0.57861789738562,0.562067296195567,2415,6315342.4182755
racethn_combn,Other Hispanic,1999-2020,21.2,WTMEC.COMBN,age+gender,inc_to_pov_level,obese,4507,11655953.8571825,138,quasibinomial (logit),Low income,-0.127377809248281,0.121661142725323,0.296989767652968,-0.365833648989915,0.111078030493353,0.57861789738562,0.562067296195567,1359,3300653.40210814
racethn_combn,NHAsian,1999-2020,21.2,WTMEC.COMBN,age+gender,inc_to_pov_level,obese,2964,5093595.09645102,71,quasibinomial (logit),High income (Intercept),-0.925455291232925,0.140704304368195,8.58132804586126e-09,-1.20123572779459,-0.649674854671264,2.30963465038191,0.107153094243614,1160,2104897.24888066
racethn_combn,NHAsian,1999-2020,21.2,WTMEC.COMBN,age+gender,inc_to_pov_level,obese,2964,5093595.09645102,71,quasibinomial (logit),Middle income,-0.103079931339057,0.123304191062117,0.406137264857851,-0.344756145820805,0.138596283142692,2.30963465038191,0.107153094243614,1359,2324396.49657396
racethn_combn,NHAsian,1999-2020,21.2,WTMEC.COMBN,age+gender,inc_to_pov_level,obese,2964,5093595.09645102,71,quasibinomial (logit),Low income,-0.314968919840987,0.14689335118413,0.0356484711659118,-0.602879888161881,-0.0270579515200928,2.30963465038191,0.107153094243614,445,664301.350996396
racethn_combn,Other/Multi-Racial,1999-2020,21.2,WTMEC.COMBN,age+gender,inc_to_pov_level,obese,953,3250195.78718183,71,quasibinomial (logit),High income (Intercept),-0.591499485891548,0.329251468950836,0.0769232448436977,-1.23683236503519,0.0538333932520899,1.80560483256659,0.172281467169849,200,772660.519632623
racethn_combn,Other/Multi-Racial,1999-2020,21.2,WTMEC.COMBN,age+gender,inc_to_pov_level,obese,953,3250195.78718183,71,quasibinomial (logit),Middle income,0.388459500192701,0.24496047918873,0.117492443408539,-0.0916630390172103,0.868582039402612,1.80560483256659,0.172281467169849,519,1867756.08099038
racethn_combn,Other/Multi-Racial,1999-2020,21.2,WTMEC.COMBN,age+gender,inc_to_pov_level,obese,953,3250195.78718183,71,quasibinomial (logit),Low income,0.0849499302931334,0.260849389841474,0.745691545991923,-0.426314873796155,0.596214734382422,1.80560483256659,0.172281467169849,234,609779.18655883
racethn_combn,NHW,1999-2020,21.2,WTMEC.COMBN,age+gender,inc_to_pov_level,obese_abd,24764,142556110.9177,162,quasibinomial (logit),High income (Intercept),-0.895881369429755,0.0646263136284214,4.22704308185871e-29,-1.02254894414146,-0.769213794718049,4.66672585438467,0.0107367061366619,8283,61293639.4167784
racethn_combn,NHW,1999-2020,21.2,WTMEC.COMBN,age+gender,inc_to_pov_level,obese_abd,24764,142556110.9177,162,quasibinomial (logit),Middle income,0.136908969625826,0.0452023209628512,0.0028686628902757,0.0483124205386371,0.225505518713014,4.66672585438467,0.0107367061366619,12910,67438943.489069
racethn_combn,NHW,1999-2020,21.2,WTMEC.COMBN,age+gender,inc_to_pov_level,obese_abd,24764,142556110.9177,162,quasibinomial (logit),Low income,0.0679145425962843,0.0528747922415636,0.200867814364122,-0.0357200501971804,0.171549135389749,4.66672585438467,0.0107367061366619,3571,13823528.0118521
racethn_combn,Other/Multi-Racial/NHAsian,1999-2020,21.2,WTMEC.COMBN,age+gender,inc_to_pov_level,obese_abd,1350,6110566.02552643,84,quasibinomial (logit),High income (Intercept),-1.37044728862598,0.224113516936685,3.34741691209974e-08,-1.80970978182188,-0.931184795430074,0.730496604764679,0.484854514549386,369,2007767.83024123
racethn_combn,Other/Multi-Racial/NHAsian,1999-2020,21.2,WTMEC.COMBN,age+gender,inc_to_pov_level,obese_abd,1350,6110566.02552643,84,quasibinomial (logit),Middle income,0.18247678939157,0.175076693229346,0.300427071766268,-0.160673529337948,0.525627108121088,0.730496604764679,0.484854514549386,658,2989584.626605
racethn_combn,Other/Multi-Racial/NHAsian,1999-2020,21.2,WTMEC.COMBN,age+gender,inc_to_pov_level,obese_abd,1350,6110566.02552643,84,quasibinomial (logit),Low income,0.275226243865841,0.25728874203286,0.287963494953647,-0.229059690518564,0.779512178250246,0.730496604764679,0.484854514549386,323,1113213.5686802
racethn_combn,Mexican-American,1999-2020,21.2,WTMEC.COMBN,age+gender,inc_to_pov_level,obese_abd,9756,16685825.7569652,144,quasibinomial (logit),High income (Intercept),-0.322884624847394,0.135981042027806,0.0189301810402647,-0.589407467221893,-0.0563617824728947,1.1641231109101,0.315199586219958,1127,2088622.52521459
racethn_combn,Mexican-American,1999-2020,21.2,WTMEC.COMBN,age+gender,inc_to_pov_level,obese_abd,9756,16685825.7569652,144,quasibinomial (logit),Middle income,0.101027960079431,0.0944190200657169,0.286462457864241,-0.0840333192493744,0.286089239408236,1.1641231109101,0.315199586219958,5512,9497547.23135021
racethn_combn,Mexican-American,1999-2020,21.2,WTMEC.COMBN,age+gender,inc_to_pov_level,obese_abd,9756,16685825.7569652,144,quasibinomial (logit),Low income,0.0346070191235369,0.110630790038449,0.754886379362386,-0.182229329351823,0.251443367598897,1.1641231109101,0.315199586219958,3117,5099656.00040036
racethn_combn,NHB,1999-2020,21.2,WTMEC.COMBN,age+gender,inc_to_pov_level,obese_abd,12343,23202912.6290451,153,quasibinomial (logit),High income (Intercept),0.0533721228900892,0.0962509402613547,0.580061131032729,-0.135279720022166,0.242023965802344,10.4525710007084,5.64925355745969e-05,2355,4577061.0169181
racethn_combn,NHB,1999-2020,21.2,WTMEC.COMBN,age+gender,inc_to_pov_level,obese_abd,12343,23202912.6290451,153,quasibinomial (logit),Middle income,-0.200352870108449,0.0578510379458944,0.000696927026334352,-0.313740904482402,-0.0869648357344962,10.4525710007084,5.64925355745969e-05,6648,12598132.1328467
racethn_combn,NHB,1999-2020,21.2,WTMEC.COMBN,age+gender,inc_to_pov_level,obese_abd,12343,23202912.6290451,153,quasibinomial (logit),Low income,-0.286525762798806,0.0657788302521873,2.45358494350542e-05,-0.415452270093093,-0.157599255504519,10.4525710007084,5.64925355745969e-05,3340,6027719.47928029
racethn_combn,Other Hispanic,1999-2020,21.2,WTMEC.COMBN,age+gender,inc_to_pov_level,obese_abd,4507,11655953.8571825,138,quasibinomial (logit),High income (Intercept),-0.721011781189937,0.159537533935705,1.34871673576685e-05,-1.03370534770392,-0.408318214675956,0.261906568722818,0.769975952225174,733,2039958.03679889
racethn_combn,Other Hispanic,1999-2020,21.2,WTMEC.COMBN,age+gender,inc_to_pov_level,obese_abd,4507,11655953.8571825,138,quasibinomial (logit),Middle income,0.0575813650928525,0.130263620734892,0.659174876776557,-0.197735331547536,0.312898061733241,0.261906568722818,0.769975952225174,2415,6315342.4182755
racethn_combn,Other Hispanic,1999-2020,21.2,WTMEC.COMBN,age+gender,inc_to_pov_level,obese_abd,4507,11655953.8571825,138,quasibinomial (logit),Low income,0.093064947939239,0.131617590566367,0.480740910526621,-0.16490552957084,0.351035425449318,0.261906568722818,0.769975952225174,1359,3300653.40210814
racethn_combn,NHAsian,1999-2020,21.2,WTMEC.COMBN,age+gender,inc_to_pov_level,obese_abd,2964,5093595.09645102,71,quasibinomial (logit),High income (Intercept),-1.50275983607348,0.136399149644436,1.0938748162359e-16,-1.77010216937657,-1.23541750277038,2.55575260885894,0.0851830332504121,1160,2104897.24888066
racethn_combn,NHAsian,1999-2020,21.2,WTMEC.COMBN,age+gender,inc_to_pov_level,obese_abd,2964,5093595.09645102,71,quasibinomial (logit),Middle income,0.095473276166081,0.116788422162101,0.41654654487076,-0.133432031271637,0.324378583603799,2.55575260885894,0.0851830332504121,1359,2324396.49657396
racethn_combn,NHAsian,1999-2020,21.2,WTMEC.COMBN,age+gender,inc_to_pov_level,obese_abd,2964,5093595.09645102,71,quasibinomial (logit),Low income,-0.232840136996003,0.161106046861695,0.153046028762888,-0.548607988844926,0.0829277148529198,2.55575260885894,0.0851830332504121,445,664301.350996396
racethn_combn,Other/Multi-Racial,1999-2020,21.2,WTMEC.COMBN,age+gender,inc_to_pov_level,obese_abd,953,3250195.78718183,71,quasibinomial (logit),High income (Intercept),-0.748143873913819,0.296841851080167,0.0141124774836084,-1.32995390203095,-0.166333845796692,5.78152396227431,0.00482716382306063,200,772660.519632623
racethn_combn,Other/Multi-Racial,1999-2020,21.2,WTMEC.COMBN,age+gender,inc_to_pov_level,obese_abd,953,3250195.78718183,71,quasibinomial (logit),Middle income,0.88911770702743,0.264227914925787,0.00127030262898176,0.371230993772888,1.40700442028197,5.78152396227431,0.00482716382306063,519,1867756.08099038
racethn_combn,Other/Multi-Racial,1999-2020,21.2,WTMEC.COMBN,age+gender,inc_to_pov_level,obese_abd,953,3250195.78718183,71,quasibinomial (logit),Low income,0.407058258774719,0.277750608079176,0.147447503367921,-0.137332933060465,0.951449450609904,5.78152396227431,0.00482716382306063,234,609779.18655883
racethn_combn,NHW,1999-2020,21.2,WTMEC.COMBN,age+gender,inc_to_pov_level,cvd,24764,142556110.9177,162,quasibinomial (logit),High income (Intercept),-7.65947971928523,0.146074792926063,7.76573043824027e-102,-7.94578631342031,-7.37317312515014,35.7325001066495,1.57510708924145e-13,8283,61293639.4167784
racethn_combn,NHW,1999-2020,21.2,WTMEC.COMBN,age+gender,inc_to_pov_level,cvd,24764,142556110.9177,162,quasibinomial (logit),Middle income,0.409694679745677,0.0803800407528628,9.75002779993301e-07,0.252149799870066,0.567239559621288,35.7325001066495,1.57510708924145e-13,12910,67438943.489069
racethn_combn,NHW,1999-2020,21.2,WTMEC.COMBN,age+gender,inc_to_pov_level,cvd,24764,142556110.9177,162,quasibinomial (logit),Low income,0.934065291882794,0.111511101859386,2.78206975947511e-14,0.715503532238397,1.15262705152719,35.7325001066495,1.57510708924145e-13,3571,13823528.0118521
racethn_combn,Other/Multi-Racial/NHAsian,1999-2020,21.2,WTMEC.COMBN,age+gender,inc_to_pov_level,cvd,1350,6110566.02552643,84,quasibinomial (logit),High income (Intercept),-7.67188192433985,0.434566552331532,2.53634875718078e-29,-8.52363236690965,-6.82013148177005,0.743007352384808,0.478934762833641,369,2007767.83024123
racethn_combn,Other/Multi-Racial/NHAsian,1999-2020,21.2,WTMEC.COMBN,age+gender,inc_to_pov_level,cvd,1350,6110566.02552643,84,quasibinomial (logit),Middle income,-0.0745667365514623,0.361041931143304,0.836900059640889,-0.782208921592338,0.633075448489414,0.743007352384808,0.478934762833641,658,2989584.626605
racethn_combn,Other/Multi-Racial/NHAsian,1999-2020,21.2,WTMEC.COMBN,age+gender,inc_to_pov_level,cvd,1350,6110566.02552643,84,quasibinomial (logit),Low income,0.347846200193159,0.43969615946562,0.43122141603306,-0.513958272359457,1.20965067274577,0.743007352384808,0.478934762833641,323,1113213.5686802
racethn_combn,Mexican-American,1999-2020,21.2,WTMEC.COMBN,age+gender,inc_to_pov_level,cvd,9756,16685825.7569652,144,quasibinomial (logit),High income (Intercept),-8.33767181071378,0.331306751752988,8.20874195084827e-54,-8.98703304414964,-7.68831057727792,5.71071440209939,0.00412903636936953,1127,2088622.52521459
racethn_combn,Mexican-American,1999-2020,21.2,WTMEC.COMBN,age+gender,inc_to_pov_level,cvd,9756,16685825.7569652,144,quasibinomial (logit),Middle income,0.58861122318567,0.233423721750935,0.012800892875848,0.131100728553837,1.0461217178175,5.71071440209939,0.00412903636936953,5512,9497547.23135021
racethn_combn,Mexican-American,1999-2020,21.2,WTMEC.COMBN,age+gender,inc_to_pov_level,cvd,9756,16685825.7569652,144,quasibinomial (logit),Low income,0.835936945996572,0.254128647536084,0.00127000875662463,0.337844796825847,1.3340290951673,5.71071440209939,0.00412903636936953,3117,5099656.00040036
racethn_combn,NHB,1999-2020,21.2,WTMEC.COMBN,age+gender,inc_to_pov_level,cvd,12343,23202912.6290451,153,quasibinomial (logit),High income (Intercept),-6.95529558915246,0.210745783260174,2.14363906842439e-70,-7.3683573243424,-6.54223385396252,21.2583712427296,7.55047728051306e-09,2355,4577061.0169181
racethn_combn,NHB,1999-2020,21.2,WTMEC.COMBN,age+gender,inc_to_pov_level,cvd,12343,23202912.6290451,153,quasibinomial (logit),Middle income,0.366984970283355,0.123005346857383,0.00333106311285586,0.125894490442885,0.608075450123825,21.2583712427296,7.55047728051306e-09,6648,12598132.1328467
racethn_combn,NHB,1999-2020,21.2,WTMEC.COMBN,age+gender,inc_to_pov_level,cvd,12343,23202912.6290451,153,quasibinomial (logit),Low income,0.848383260384252,0.134126666232196,2.79348501247534e-09,0.585494994569148,1.11127152619936,21.2583712427296,7.55047728051306e-09,3340,6027719.47928029
racethn_combn,Other Hispanic,1999-2020,21.2,WTMEC.COMBN,age+gender,inc_to_pov_level,cvd,4507,11655953.8571825,138,quasibinomial (logit),High income (Intercept),-7.4755748538726,0.390536647968803,3.67588445666497e-40,-8.24102668389145,-6.71012302385375,9.72151920623176,0.00011417204650087,733,2039958.03679889
racethn_combn,Other Hispanic,1999-2020,21.2,WTMEC.COMBN,age+gender,inc_to_pov_level,cvd,4507,11655953.8571825,138,quasibinomial (logit),Middle income,0.424360108811134,0.266218561087574,0.113285561918075,-0.0974282709205119,0.94614848854278,9.72151920623176,0.00011417204650087,2415,6315342.4182755
racethn_combn,Other Hispanic,1999-2020,21.2,WTMEC.COMBN,age+gender,inc_to_pov_level,cvd,4507,11655953.8571825,138,quasibinomial (logit),Low income,1.04720411429016,0.272422018378689,0.000186188587633339,0.513256958267928,1.58115127031239,9.72151920623176,0.00011417204650087,1359,3300653.40210814
racethn_combn,NHAsian,1999-2020,21.2,WTMEC.COMBN,age+gender,inc_to_pov_level,cvd,2964,5093595.09645102,71,quasibinomial (logit),High income (Intercept),-8.3974263123352,0.498174553302245,8.54639217591959e-26,-9.3738484368076,-7.4210041878628,2.67571491044537,0.0762127149334187,1160,2104897.24888066
racethn_combn,NHAsian,1999-2020,21.2,WTMEC.COMBN,age+gender,inc_to_pov_level,cvd,2964,5093595.09645102,71,quasibinomial (logit),Middle income,0.230892355550709,0.285867080925,0.422126647191003,-0.329407123062291,0.791191834163708,2.67571491044537,0.0762127149334187,1359,2324396.49657396
racethn_combn,NHAsian,1999-2020,21.2,WTMEC.COMBN,age+gender,inc_to_pov_level,cvd,2964,5093595.09645102,71,quasibinomial (logit),Low income,0.65448380807065,0.28552593022278,0.0250418957349762,0.0948529848340019,1.2141146313073,2.67571491044537,0.0762127149334187,445,664301.350996396
racethn_combn,Other/Multi-Racial,1999-2020,21.2,WTMEC.COMBN,age+gender,inc_to_pov_level,cvd,953,3250195.78718183,71,quasibinomial (logit),High income (Intercept),-7.82302042078386,0.976550862429057,2.30030044072667e-11,-9.73706011114481,-5.9089807304229,0.979719560024762,0.380729258918798,200,772660.519632623
racethn_combn,Other/Multi-Racial,1999-2020,21.2,WTMEC.COMBN,age+gender,inc_to_pov_level,cvd,953,3250195.78718183,71,quasibinomial (logit),Middle income,0.995820978391567,0.725135641220571,0.174240793198671,-0.425444878400752,2.41708683518389,0.979719560024762,0.380729258918798,519,1867756.08099038
racethn_combn,Other/Multi-Racial,1999-2020,21.2,WTMEC.COMBN,age+gender,inc_to_pov_level,cvd,953,3250195.78718183,71,quasibinomial (logit),Low income,0.951394942203398,0.743728048951175,0.205230725584984,-0.506312033740905,2.4091019181477,0.979719560024762,0.380729258918798,234,609779.18655883
racethn_combn,NHW,1999-2020,21.2,WTMEC.COMBN,age+gender,inc_to_pov_level,ascvd,24764,142556110.9177,162,quasibinomial (logit),High income (Intercept),-7.30105651744024,0.131958011880461,2.47695575078894e-105,-7.55969422072594,-7.04241881415454,61.3604511782388,1.90635827212533e-20,8283,61293639.4167784
racethn_combn,NHW,1999-2020,21.2,WTMEC.COMBN,age+gender,inc_to_pov_level,ascvd,24764,142556110.9177,162,quasibinomial (logit),Middle income,0.478174678998592,0.06951492996422,1.3314832388893e-10,0.341925416268721,0.614423941728463,61.3604511782388,1.90635827212533e-20,12910,67438943.489069
racethn_combn,NHW,1999-2020,21.2,WTMEC.COMBN,age+gender,inc_to_pov_level,ascvd,24764,142556110.9177,162,quasibinomial (logit),Low income,1.03281375419134,0.0970257752792224,2.74079459235433e-20,0.842643234644065,1.22298427373862,61.3604511782388,1.90635827212533e-20,3571,13823528.0118521
racethn_combn,Other/Multi-Racial/NHAsian,1999-2020,21.2,WTMEC.COMBN,age+gender,inc_to_pov_level,ascvd,1350,6110566.02552643,84,quasibinomial (logit),High income (Intercept),-7.50333889803535,0.427141414360629,3.48479667791695e-29,-8.34053607018218,-6.66614172588851,0.531187900422939,0.589965150700043,369,2007767.83024123
racethn_combn,Other/Multi-Racial/NHAsian,1999-2020,21.2,WTMEC.COMBN,age+gender,inc_to_pov_level,ascvd,1350,6110566.02552643,84,quasibinomial (logit),Middle income,0.223748341295162,0.307710491017807,0.469263283359738,-0.379364221099741,0.826860903690064,0.531187900422939,0.589965150700043,658,2989584.626605
racethn_combn,Other/Multi-Racial/NHAsian,1999-2020,21.2,WTMEC.COMBN,age+gender,inc_to_pov_level,ascvd,1350,6110566.02552643,84,quasibinomial (logit),Low income,0.398149376267302,0.391599763784597,0.312349197752218,-0.369386160750507,1.16568491328511,0.531187900422939,0.589965150700043,323,1113213.5686802
racethn_combn,Mexican-American,1999-2020,21.2,WTMEC.COMBN,age+gender,inc_to_pov_level,ascvd,9756,16685825.7569652,144,quasibinomial (logit),High income (Intercept),-7.72837685022455,0.248792935742372,1.12802756342725e-64,-8.21601100427959,-7.2407426961695,7.39818467020006,0.000882487522689339,1127,2088622.52521459
racethn_combn,Mexican-American,1999-2020,21.2,WTMEC.COMBN,age+gender,inc_to_pov_level,ascvd,9756,16685825.7569652,144,quasibinomial (logit),Middle income,0.471200227436767,0.170991314148349,0.00663643902924376,0.136057251706003,0.806343203167532,7.39818467020006,0.000882487522689339,5512,9497547.23135021
racethn_combn,Mexican-American,1999-2020,21.2,WTMEC.COMBN,age+gender,inc_to_pov_level,ascvd,9756,16685825.7569652,144,quasibinomial (logit),Low income,0.730633833148043,0.191683840667758,0.000206123928435358,0.354933505439238,1.10633416085685,7.39818467020006,0.000882487522689339,3117,5099656.00040036
racethn_combn,NHB,1999-2020,21.2,WTMEC.COMBN,age+gender,inc_to_pov_level,ascvd,12343,23202912.6290451,153,quasibinomial (logit),High income (Intercept),-6.51517839996123,0.175094791419994,2.53834644574902e-77,-6.85836419114442,-6.17199260877804,36.0380710707185,1.71398545396596e-13,2355,4577061.0169181
racethn_combn,NHB,1999-2020,21.2,WTMEC.COMBN,age+gender,inc_to_pov_level,ascvd,12343,23202912.6290451,153,quasibinomial (logit),Middle income,0.336534018279546,0.105883937730144,0.00180153091266093,0.129001500328463,0.54406653623063,36.0380710707185,1.71398545396596e-13,6648,12598132.1328467
racethn_combn,NHB,1999-2020,21.2,WTMEC.COMBN,age+gender,inc_to_pov_level,ascvd,12343,23202912.6290451,153,quasibinomial (logit),Low income,0.880674795625718,0.114528961923387,1.8514518794758e-12,0.656198030255879,1.10515156099556,36.0380710707185,1.71398545396596e-13,3340,6027719.47928029
racethn_combn,Other Hispanic,1999-2020,21.2,WTMEC.COMBN,age+gender,inc_to_pov_level,ascvd,4507,11655953.8571825,138,quasibinomial (logit),High income (Intercept),-7.19883721361512,0.347102213086926,1.17103703340453e-43,-7.87915755126549,-6.51851687596474,13.8624611129569,3.37260730383508e-06,733,2039958.03679889
racethn_combn,Other Hispanic,1999-2020,21.2,WTMEC.COMBN,age+gender,inc_to_pov_level,ascvd,4507,11655953.8571825,138,quasibinomial (logit),Middle income,0.56076555333509,0.246717192207868,0.0246231540618509,0.0771998566076687,1.04433125006251,13.8624611129569,3.37260730383508e-06,2415,6315342.4182755
racethn_combn,Other Hispanic,1999-2020,21.2,WTMEC.COMBN,age+gender,inc_to_pov_level,ascvd,4507,11655953.8571825,138,quasibinomial (logit),Low income,1.20417940162205,0.245519177059186,2.66628731886706e-06,0.722961814586044,1.68539698865805,13.8624611129569,3.37260730383508e-06,1359,3300653.40210814
racethn_combn,NHAsian,1999-2020,21.2,WTMEC.COMBN,age+gender,inc_to_pov_level,ascvd,2964,5093595.09645102,71,quasibinomial (logit),High income (Intercept),-8.31929999743859,0.487224816963704,4.23456249855015e-26,-9.27426063868745,-7.36433935618973,0.447891125169005,0.640873351247608,1160,2104897.24888066
racethn_combn,NHAsian,1999-2020,21.2,WTMEC.COMBN,age+gender,inc_to_pov_level,ascvd,2964,5093595.09645102,71,quasibinomial (logit),Middle income,0.0905047779738946,0.226267843431178,0.690436613335573,-0.352980195151214,0.533989751099004,0.447891125169005,0.640873351247608,1359,2324396.49657396
racethn_combn,NHAsian,1999-2020,21.2,WTMEC.COMBN,age+gender,inc_to_pov_level,ascvd,2964,5093595.09645102,71,quasibinomial (logit),Low income,0.238632454369624,0.252939903014033,0.348847914705268,-0.257129755537881,0.734394664277128,0.447891125169005,0.640873351247608,445,664301.350996396
racethn_combn,Other/Multi-Racial,1999-2020,21.2,WTMEC.COMBN,age+gender,inc_to_pov_level,ascvd,953,3250195.78718183,71,quasibinomial (logit),High income (Intercept),-7.13447304310557,0.640586302947207,6.81427103531008e-17,-8.3900221968821,-5.87892388932904,1.95978499035265,0.148881849363331,200,772660.519632623
racethn_combn,Other/Multi-Racial,1999-2020,21.2,WTMEC.COMBN,age+gender,inc_to_pov_level,ascvd,953,3250195.78718183,71,quasibinomial (logit),Middle income,0.873605168206474,0.5047121018023,0.0880731650304677,-0.115630551326033,1.86284088773898,1.95978499035265,0.148881849363331,519,1867756.08099038
racethn_combn,Other/Multi-Racial,1999-2020,21.2,WTMEC.COMBN,age+gender,inc_to_pov_level,ascvd,953,3250195.78718183,71,quasibinomial (logit),Low income,0.783740389123211,0.406215134711012,0.0579210347813325,-0.0124412749103729,1.57992205315679,1.95978499035265,0.148881849363331,234,609779.18655883
racethn_combn,NHW,1999-2020,21.2,WTMEC.COMBN,age+gender,inc_to_pov_level,chf,23622,138400110.862026,162,quasibinomial (logit),High income (Intercept),-8.94220323339889,0.210628149458084,2.619655328678e-88,-9.35503440633674,-8.52937206046105,54.4831978537816,1.00887791522034e-18,8012,60057665.6355752
racethn_combn,NHW,1999-2020,21.2,WTMEC.COMBN,age+gender,inc_to_pov_level,chf,23622,138400110.862026,162,quasibinomial (logit),Middle income,0.884095643710663,0.118089600588117,4.66406931381475e-12,0.652640026557953,1.11555126086337,54.4831978537816,1.00887791522034e-18,12356,65429043.0366172
racethn_combn,NHW,1999-2020,21.2,WTMEC.COMBN,age+gender,inc_to_pov_level,chf,23622,138400110.862026,162,quasibinomial (logit),Low income,1.54400254764148,0.148831829576952,1.48303140313603e-19,1.25229216167065,1.83571293361231,54.4831978537816,1.00887791522034e-18,3254,12913402.1898336
racethn_combn,Mexican-American,1999-2020,21.2,WTMEC.COMBN,age+gender,inc_to_pov_level,chf,8633,15737364.3854088,137,quasibinomial (logit),High income (Intercept),-10.3670254196866,0.6763149061661,3.50339992821483e-31,-11.6926026357722,-9.04144820360107,6.98139678390645,0.00130870604426631,1057,2020664.98099404
racethn_combn,Mexican-American,1999-2020,21.2,WTMEC.COMBN,age+gender,inc_to_pov_level,chf,8633,15737364.3854088,137,quasibinomial (logit),Middle income,1.55722794582753,0.451141792325141,0.00074709925424321,0.672990032870251,2.4414658587848,6.98139678390645,0.00130870604426631,4922,9020535.93297953
racethn_combn,Mexican-American,1999-2020,21.2,WTMEC.COMBN,age+gender,inc_to_pov_level,chf,8633,15737364.3854088,137,quasibinomial (logit),Low income,1.72989339795408,0.471098399278151,0.000347449578059467,0.806540535368905,2.65324626053926,6.98139678390645,0.00130870604426631,2654,4696163.47143519
racethn_combn,NHB,1999-2020,21.2,WTMEC.COMBN,age+gender,inc_to_pov_level,chf,11260,22225476.4253746,152,quasibinomial (logit),High income (Intercept),-7.40996515048869,0.262835265126115,2.21048492213758e-61,-7.92512227013587,-6.8948080308415,17.296386186632,1.77656792801402e-07,2249,4481472.42814017
racethn_combn,NHB,1999-2020,21.2,WTMEC.COMBN,age+gender,inc_to_pov_level,chf,11260,22225476.4253746,152,quasibinomial (logit),Middle income,0.721175292007519,0.176703117428484,7.29925779186269e-05,0.374837181847689,1.06751340216735,17.296386186632,1.77656792801402e-07,6178,12173517.2544315
racethn_combn,NHB,1999-2020,21.2,WTMEC.COMBN,age+gender,inc_to_pov_level,chf,11260,22225476.4253746,152,quasibinomial (logit),Low income,1.09639916114574,0.18699363816187,2.84509285551903e-08,0.729891630348477,1.46290669194301,17.296386186632,1.77656792801402e-07,2833,5570486.74280298
racethn_combn,Other Hispanic,1999-2020,21.2,WTMEC.COMBN,age+gender,inc_to_pov_level,chf,4234,11189653.3020013,135,quasibinomial (logit),High income (Intercept),-8.18692972522322,0.663272489427255,1.0665820389897e-23,-9.48694380450064,-6.8869156459458,4.68546196047173,0.0108296890553496,713,2003630.66772198
racethn_combn,Other Hispanic,1999-2020,21.2,WTMEC.COMBN,age+gender,inc_to_pov_level,chf,4234,11189653.3020013,135,quasibinomial (logit),Middle income,0.994456593446794,0.532802341211369,0.0642121773475956,-0.0498359953274883,2.03874918222108,4.68546196047173,0.0108296890553496,2279,6084899.41203238
racethn_combn,Other Hispanic,1999-2020,21.2,WTMEC.COMBN,age+gender,inc_to_pov_level,chf,4234,11189653.3020013,135,quasibinomial (logit),Low income,1.53387250782727,0.54113624150385,0.00531710619182095,0.473245474479721,2.59449954117481,4.68546196047173,0.0108296890553496,1242,3101123.22224694
racethn_combn,Other/Multi-Racial/NHAsian,1999-2020,21.2,WTMEC.COMBN,age+gender,inc_to_pov_level,chf,1218,5793931.68432142,83,quasibinomial (logit),High income (Intercept),-9.12713061065388,1.28200337497899,4.41281525897586e-10,-11.6398572256127,-6.61440399569506,1.3541882409093,0.264082817416702,347,1949431.08603991
racethn_combn,Other/Multi-Racial/NHAsian,1999-2020,21.2,WTMEC.COMBN,age+gender,inc_to_pov_level,chf,1218,5793931.68432142,83,quasibinomial (logit),Middle income,0.911240992031507,0.553824296548369,0.10386869168622,-0.174254629203295,1.99673661326631,1.3541882409093,0.264082817416702,603,2853967.40542396
racethn_combn,Other/Multi-Racial/NHAsian,1999-2020,21.2,WTMEC.COMBN,age+gender,inc_to_pov_level,chf,1218,5793931.68432142,83,quasibinomial (logit),Low income,0.467329955737222,0.800720328250772,0.561127280418285,-1.10208188763429,2.03674179910874,1.3541882409093,0.264082817416702,268,990533.192857547
racethn_combn,NHAsian,1999-2020,21.2,WTMEC.COMBN,age+gender,inc_to_pov_level,chf,2822,4957732.42146432,71,quasibinomial (logit),High income (Intercept),-8.72322069316265,0.778784997712715,5.30526031628523e-17,-10.2496392886796,-7.19680209764573,0.915198671986403,0.405384017634841,1137,2079265.72073687
racethn_combn,NHAsian,1999-2020,21.2,WTMEC.COMBN,age+gender,inc_to_pov_level,chf,2822,4957732.42146432,71,quasibinomial (logit),Middle income,0.514430999309437,0.484870966241142,0.292515532420163,-0.435916094523201,1.46477809314207,0.915198671986403,0.405384017634841,1297,2260132.10787326
racethn_combn,NHAsian,1999-2020,21.2,WTMEC.COMBN,age+gender,inc_to_pov_level,chf,2822,4957732.42146432,71,quasibinomial (logit),Low income,0.752416132249368,0.584548962894801,0.202462749902042,-0.393299835024442,1.89813209952318,0.915198671986403,0.405384017634841,388,618334.592854189
racethn_combn,Other/Multi-Racial,1999-2020,21.2,WTMEC.COMBN,age+gender,inc_to_pov_level,chf,874,3090633.46443894,68,quasibinomial (logit),High income (Intercept),-8.56394858154198,1.35602900016623,2.90460188268781e-08,-11.2217654218678,-5.90613174121618,0.0297177840246106,0.97073283435558,184,741213.937269963
racethn_combn,Other/Multi-Racial,1999-2020,21.2,WTMEC.COMBN,age+gender,inc_to_pov_level,chf,874,3090633.46443894,68,quasibinomial (logit),Middle income,0.224707614496028,0.960541969536177,0.815779551665012,-1.65795464579488,2.10736987478693,0.0297177840246106,0.97073283435558,481,1768554.82078628
racethn_combn,Other/Multi-Racial,1999-2020,21.2,WTMEC.COMBN,age+gender,inc_to_pov_level,chf,874,3090633.46443894,68,quasibinomial (logit),Low income,0.127104699708708,0.929059342445288,0.891610369851211,-1.69385161148406,1.94806101090147,0.0297177840246106,0.97073283435558,209,580864.706382698
racethn_combn,NHW,1999-2020,21.2,WTMEC.COMBN,age+gender,inc_to_pov_level,mdd,24764,142556110.9177,162,quasibinomial (logit),High income (Intercept),-3.04821667296783,0.130507355050553,4.11878417783678e-53,-3.30401108886691,-2.79242225706875,90.7427700947331,5.74154367073757e-27,8283,61293639.4167784
racethn_combn,NHW,1999-2020,21.2,WTMEC.COMBN,age+gender,inc_to_pov_level,mdd,24764,142556110.9177,162,quasibinomial (logit),Middle income,0.710753820147534,0.0954279963236259,5.79223511377175e-12,0.523714947353227,0.897792692941841,90.7427700947331,5.74154367073757e-27,12910,67438943.489069
racethn_combn,NHW,1999-2020,21.2,WTMEC.COMBN,age+gender,inc_to_pov_level,mdd,24764,142556110.9177,162,quasibinomial (logit),Low income,1.52861883590732,0.116743677726866,5.37109019809404e-27,1.29980122756267,1.75743644425198,90.7427700947331,5.74154367073757e-27,3571,13823528.0118521
racethn_combn,Other/Multi-Racial/NHAsian,1999-2020,21.2,WTMEC.COMBN,age+gender,inc_to_pov_level,mdd,1350,6110566.02552643,84,quasibinomial (logit),High income (Intercept),-3.9818742420537,0.645210863225991,2.62923333730622e-08,-5.24648753397665,-2.71726095013076,3.08198439035349,0.0513536943286542,369,2007767.83024123
racethn_combn,Other/Multi-Racial/NHAsian,1999-2020,21.2,WTMEC.COMBN,age+gender,inc_to_pov_level,mdd,1350,6110566.02552643,84,quasibinomial (logit),Middle income,0.672317520475443,0.50873973378812,0.19008988196608,-0.324812357749272,1.66944739870016,3.08198439035349,0.0513536943286542,658,2989584.626605
racethn_combn,Other/Multi-Racial/NHAsian,1999-2020,21.2,WTMEC.COMBN,age+gender,inc_to_pov_level,mdd,1350,6110566.02552643,84,quasibinomial (logit),Low income,1.2095114059454,0.517872402837655,0.0220209569899242,0.1944814963836,2.22454131550721,3.08198439035349,0.0513536943286542,323,1113213.5686802
racethn_combn,Mexican-American,1999-2020,21.2,WTMEC.COMBN,age+gender,inc_to_pov_level,mdd,9756,16685825.7569652,144,quasibinomial (logit),High income (Intercept),-3.94612245474275,0.270643350436596,7.17603571786334e-30,-4.47658342159848,-3.41566148788702,10.7859039444125,4.39917848802147e-05,1127,2088622.52521459
racethn_combn,Mexican-American,1999-2020,21.2,WTMEC.COMBN,age+gender,inc_to_pov_level,mdd,9756,16685825.7569652,144,quasibinomial (logit),Middle income,0.489856607287322,0.249304032423961,0.0514060321237729,0.00122070373635913,0.978492510838285,10.7859039444125,4.39917848802147e-05,5512,9497547.23135021
racethn_combn,Mexican-American,1999-2020,21.2,WTMEC.COMBN,age+gender,inc_to_pov_level,mdd,9756,16685825.7569652,144,quasibinomial (logit),Low income,0.861937570114927,0.228983974071615,0.00024509582607728,0.413128980934562,1.31074615929529,10.7859039444125,4.39917848802147e-05,3117,5099656.00040036
racethn_combn,NHB,1999-2020,21.2,WTMEC.COMBN,age+gender,inc_to_pov_level,mdd,12343,23202912.6290451,153,quasibinomial (logit),High income (Intercept),-3.39569976849571,0.189500292593261,5.25228976206692e-39,-3.7671203419785,-3.02427919501291,62.4218441891747,2.03433837278162e-20,2355,4577061.0169181
racethn_combn,NHB,1999-2020,21.2,WTMEC.COMBN,age+gender,inc_to_pov_level,mdd,12343,23202912.6290451,153,quasibinomial (logit),Middle income,0.762991328958691,0.152865936010046,1.65395638146552e-06,0.463374094379,1.06260856353838,62.4218441891747,2.03433837278162e-20,6648,12598132.1328467
racethn_combn,NHB,1999-2020,21.2,WTMEC.COMBN,age+gender,inc_to_pov_level,mdd,12343,23202912.6290451,153,quasibinomial (logit),Low income,1.37907104924995,0.148067378929379,1.52069134734892e-16,1.08885898654837,1.66928311195153,62.4218441891747,2.03433837278162e-20,3340,6027719.47928029
racethn_combn,Other Hispanic,1999-2020,21.2,WTMEC.COMBN,age+gender,inc_to_pov_level,mdd,4507,11655953.8571825,138,quasibinomial (logit),High income (Intercept),-3.02209402517032,0.26756840663813,3.3721677807203e-21,-3.54652810218106,-2.49765994815959,11.5005158845736,2.45783970557975e-05,733,2039958.03679889
racethn_combn,Other Hispanic,1999-2020,21.2,WTMEC.COMBN,age+gender,inc_to_pov_level,mdd,4507,11655953.8571825,138,quasibinomial (logit),Middle income,0.564406843753759,0.219028221872268,0.0110520768575135,0.135111528884113,0.993702158623405,11.5005158845736,2.45783970557975e-05,2415,6315342.4182755
racethn_combn,Other Hispanic,1999-2020,21.2,WTMEC.COMBN,age+gender,inc_to_pov_level,mdd,4507,11655953.8571825,138,quasibinomial (logit),Low income,0.992346703113843,0.219374595047265,1.32603379367833e-05,0.562372496821203,1.42232090940648,11.5005158845736,2.45783970557975e-05,1359,3300653.40210814
racethn_combn,NHAsian,1999-2020,21.2,WTMEC.COMBN,age+gender,inc_to_pov_level,mdd,2964,5093595.09645102,71,quasibinomial (logit),High income (Intercept),-3.70355202601135,0.44846654395065,8.23780090675005e-12,-4.58254645215462,-2.82455759986807,2.86014058507535,0.0642754292366712,1160,2104897.24888066
racethn_combn,NHAsian,1999-2020,21.2,WTMEC.COMBN,age+gender,inc_to_pov_level,mdd,2964,5093595.09645102,71,quasibinomial (logit),Middle income,-0.0477368043781257,0.263568213911315,0.856822166629851,-0.564330503644302,0.468856894888051,2.86014058507535,0.0642754292366712,1359,2324396.49657396
racethn_combn,NHAsian,1999-2020,21.2,WTMEC.COMBN,age+gender,inc_to_pov_level,mdd,2964,5093595.09645102,71,quasibinomial (logit),Low income,0.557031627576827,0.293383250630628,0.0619183373018732,-0.0179995436592043,1.13206279881286,2.86014058507535,0.0642754292366712,445,664301.350996396
racethn_combn,Other/Multi-Racial,1999-2020,21.2,WTMEC.COMBN,age+gender,inc_to_pov_level,mdd,953,3250195.78718183,71,quasibinomial (logit),High income (Intercept),-1.92169478412507,0.536093730978605,0.000635456916263857,-2.97243849684313,-0.870951071407003,0.788139379837068,0.458859519721962,200,772660.519632623
racethn_combn,Other/Multi-Racial,1999-2020,21.2,WTMEC.COMBN,age+gender,inc_to_pov_level,mdd,953,3250195.78718183,71,quasibinomial (logit),Middle income,0.3110733379052,0.464720965204137,0.505555484640456,-0.599779753894909,1.22192642970531,0.788139379837068,0.458859519721962,519,1867756.08099038
racethn_combn,Other/Multi-Racial,1999-2020,21.2,WTMEC.COMBN,age+gender,inc_to_pov_level,mdd,953,3250195.78718183,71,quasibinomial (logit),Low income,0.578053358278985,0.504658406531141,0.256104035441503,-0.411077118522052,1.56718383508002,0.788139379837068,0.458859519721962,234,609779.18655883
racethn_combn,NHW,1999-2020,21.2,WTMEC.COMBN,age+gender,inc_to_pov_level,ckd,24764,142556110.9177,162,quasibinomial (logit),High income (Intercept),-6.66971164156942,0.197350110986152,3.28839925753151e-74,-7.05651785910228,-6.28290542403657,22.5268220196511,2.46977636951381e-09,8283,61293639.4167784
racethn_combn,NHW,1999-2020,21.2,WTMEC.COMBN,age+gender,inc_to_pov_level,ckd,24764,142556110.9177,162,quasibinomial (logit),Middle income,0.494896880624334,0.0897358223277502,1.39468899514388e-07,0.319014668861943,0.670779092386724,22.5268220196511,2.46977636951381e-09,12910,67438943.489069
racethn_combn,NHW,1999-2020,21.2,WTMEC.COMBN,age+gender,inc_to_pov_level,ckd,24764,142556110.9177,162,quasibinomial (logit),Low income,0.860380733099591,0.136759008343314,2.9589438597622e-09,0.592333076746697,1.12842838945249,22.5268220196511,2.46977636951381e-09,3571,13823528.0118521
racethn_combn,Other/Multi-Racial/NHAsian,1999-2020,21.2,WTMEC.COMBN,age+gender,inc_to_pov_level,ckd,1350,6110566.02552643,84,quasibinomial (logit),High income (Intercept),-6.13856458094148,0.733253117542714,1.50880969494483e-12,-7.5757406913252,-4.70138847055776,1.33293742698166,0.269493831950621,369,2007767.83024123
racethn_combn,Other/Multi-Racial/NHAsian,1999-2020,21.2,WTMEC.COMBN,age+gender,inc_to_pov_level,ckd,1350,6110566.02552643,84,quasibinomial (logit),Middle income,0.759770432361414,0.509639489805874,0.139946632381644,-0.2391229676581,1.75866383238093,1.33293742698166,0.269493831950621,658,2989584.626605
racethn_combn,Other/Multi-Racial/NHAsian,1999-2020,21.2,WTMEC.COMBN,age+gender,inc_to_pov_level,ckd,1350,6110566.02552643,84,quasibinomial (logit),Low income,0.884217704434546,0.598101335479123,0.143234207225144,-0.288060913104534,2.05649632197363,1.33293742698166,0.269493831950621,323,1113213.5686802
racethn_combn,Mexican-American,1999-2020,21.2,WTMEC.COMBN,age+gender,inc_to_pov_level,ckd,9756,16685825.7569652,144,quasibinomial (logit),High income (Intercept),-6.60612049041415,0.318996285953215,1.84803460139997e-44,-7.23135321088245,-5.98088776994585,4.67142444015226,0.0108655640722482,1127,2088622.52521459
racethn_combn,Mexican-American,1999-2020,21.2,WTMEC.COMBN,age+gender,inc_to_pov_level,ckd,9756,16685825.7569652,144,quasibinomial (logit),Middle income,0.57469021747629,0.251035683074628,0.0235592321871229,0.0826602786500184,1.06672015630256,4.67142444015226,0.0108655640722482,5512,9497547.23135021
racethn_combn,Mexican-American,1999-2020,21.2,WTMEC.COMBN,age+gender,inc_to_pov_level,ckd,9756,16685825.7569652,144,quasibinomial (logit),Low income,0.742282256162162,0.246812474708806,0.00312391298747271,0.258529805732903,1.22603470659142,4.67142444015226,0.0108655640722482,3117,5099656.00040036
racethn_combn,NHB,1999-2020,21.2,WTMEC.COMBN,age+gender,inc_to_pov_level,ckd,12343,23202912.6290451,153,quasibinomial (logit),High income (Intercept),-5.90057297505231,0.163792396387717,1.95115762494401e-75,-6.22160607197224,-5.57953987813239,5.63610566581188,0.00436957230419249,2355,4577061.0169181
racethn_combn,NHB,1999-2020,21.2,WTMEC.COMBN,age+gender,inc_to_pov_level,ckd,12343,23202912.6290451,153,quasibinomial (logit),Middle income,0.157155401515427,0.107345413710061,0.145296151712945,-0.053241609356293,0.367552412387147,5.63610566581188,0.00436957230419249,6648,12598132.1328467
racethn_combn,NHB,1999-2020,21.2,WTMEC.COMBN,age+gender,inc_to_pov_level,ckd,12343,23202912.6290451,153,quasibinomial (logit),Low income,0.378189106188156,0.116344147084925,0.00142388573670758,0.150154577901704,0.606223634474609,5.63610566581188,0.00436957230419249,3340,6027719.47928029
racethn_combn,Other Hispanic,1999-2020,21.2,WTMEC.COMBN,age+gender,inc_to_pov_level,ckd,4507,11655953.8571825,138,quasibinomial (logit),High income (Intercept),-5.20870533079012,0.68649858684444,4.91932165830098e-12,-6.55424256100522,-3.86316810057502,3.37759300988899,0.0370600798286861,733,2039958.03679889
racethn_combn,Other Hispanic,1999-2020,21.2,WTMEC.COMBN,age+gender,inc_to_pov_level,ckd,4507,11655953.8571825,138,quasibinomial (logit),Middle income,-0.0916289265535755,0.35775725304028,0.798250650054059,-0.792833142512525,0.609575289405374,3.37759300988899,0.0370600798286861,2415,6315342.4182755
racethn_combn,Other Hispanic,1999-2020,21.2,WTMEC.COMBN,age+gender,inc_to_pov_level,ckd,4507,11655953.8571825,138,quasibinomial (logit),Low income,0.552422529418197,0.346663074036395,0.113394513526105,-0.127037095693137,1.23188215452953,3.37759300988899,0.0370600798286861,1359,3300653.40210814
racethn_combn,NHAsian,1999-2020,21.2,WTMEC.COMBN,age+gender,inc_to_pov_level,ckd,2964,5093595.09645102,71,quasibinomial (logit),High income (Intercept),-6.68548276017752,0.572172629406805,8.04963869636982e-18,-7.80694111381486,-5.56402440654018,2.00514527968022,0.142640445209077,1160,2104897.24888066
racethn_combn,NHAsian,1999-2020,21.2,WTMEC.COMBN,age+gender,inc_to_pov_level,ckd,2964,5093595.09645102,71,quasibinomial (logit),Middle income,0.372605892673846,0.362100560450714,0.307174499525281,-0.337111205809553,1.08232299115724,2.00514527968022,0.142640445209077,1359,2324396.49657396
racethn_combn,NHAsian,1999-2020,21.2,WTMEC.COMBN,age+gender,inc_to_pov_level,ckd,2964,5093595.09645102,71,quasibinomial (logit),Low income,0.689725450933703,0.344723798951899,0.0494673591348052,0.0140668049879806,1.36538409687943,2.00514527968022,0.142640445209077,445,664301.350996396
racethn_combn,Other/Multi-Racial,1999-2020,21.2,WTMEC.COMBN,age+gender,inc_to_pov_level,ckd,953,3250195.78718183,71,quasibinomial (logit),High income (Intercept),-5.79897398352665,1.1632356620845,4.62945970313389e-06,-8.07891588121226,-3.51903208584104,2.63356209699245,0.0792483091925314,200,772660.519632623
racethn_combn,Other/Multi-Racial,1999-2020,21.2,WTMEC.COMBN,age+gender,inc_to_pov_level,ckd,953,3250195.78718183,71,quasibinomial (logit),Middle income,-0.139812059470033,0.689214604623641,0.839861530068365,-1.49067268453237,1.2110485655923,2.63356209699245,0.0792483091925314,519,1867756.08099038
racethn_combn,Other/Multi-Racial,1999-2020,21.2,WTMEC.COMBN,age+gender,inc_to_pov_level,ckd,953,3250195.78718183,71,quasibinomial (logit),Low income,0.818804271840043,0.673671866221695,0.228465829114247,-0.501592585954479,2.13920112963456,2.63356209699245,0.0792483091925314,234,609779.18655883
racethn_combn,NHW,1999-2020,21.2,WTMEC.COMBN,age+gender,inc_to_pov_level,ckd_gfr_gte3,22394,136090817.885524,162,quasibinomial (logit),High income (Intercept),-9.75809207313747,0.279245528515673,3.1146656729415e-76,-10.3054133090282,-9.21077083724674,6.94308216886621,0.00128788522659341,7560,59007631.3238087
racethn_combn,NHW,1999-2020,21.2,WTMEC.COMBN,age+gender,inc_to_pov_level,ckd_gfr_gte3,22394,136090817.885524,162,quasibinomial (logit),Middle income,0.194502837546806,0.0732893516621186,0.00877017098553307,0.0508557082890535,0.338149966804558,6.94308216886621,0.00128788522659341,11645,64163380.0444074
racethn_combn,NHW,1999-2020,21.2,WTMEC.COMBN,age+gender,inc_to_pov_level,ckd_gfr_gte3,22394,136090817.885524,162,quasibinomial (logit),Low income,0.449276035963231,0.132289702543759,0.0008645188163129,0.189988218977464,0.708563852948998,6.94308216886621,0.00128788522659341,3189,12919806.5173084
racethn_combn,Other/Multi-Racial/NHAsian,1999-2020,21.2,WTMEC.COMBN,age+gender,inc_to_pov_level,ckd_gfr_gte3,1191,5705697.00022463,84,quasibinomial (logit),High income (Intercept),-8.18207400099818,0.98217736541913,1.81733633027061e-12,-10.1071416372197,-6.25700636477669,2.87100959723071,0.0624958542217341,330,1900918.86849085
racethn_combn,Other/Multi-Racial/NHAsian,1999-2020,21.2,WTMEC.COMBN,age+gender,inc_to_pov_level,ckd_gfr_gte3,1191,5705697.00022463,84,quasibinomial (logit),Middle income,0.731074031757441,0.441640637120422,0.101769588999914,-0.134541616998586,1.59668968051347,2.87100959723071,0.0624958542217341,580,2799836.84362698
racethn_combn,Other/Multi-Racial/NHAsian,1999-2020,21.2,WTMEC.COMBN,age+gender,inc_to_pov_level,ckd_gfr_gte3,1191,5705697.00022463,84,quasibinomial (logit),Low income,1.10570422234483,0.46562457235441,0.0199596006358125,0.193080060530186,2.01832838415947,2.87100959723071,0.0624958542217341,281,1004941.2881068
racethn_combn,Mexican-American,1999-2020,21.2,WTMEC.COMBN,age+gender,inc_to_pov_level,ckd_gfr_gte3,8950,15952885.6874494,143,quasibinomial (logit),High income (Intercept),-9.80858088788527,0.391028894286127,1.86656152064873e-53,-10.5749975206861,-9.04216425508446,2.42438895537821,0.0922676250461532,1032,2021587.4049663
racethn_combn,Mexican-American,1999-2020,21.2,WTMEC.COMBN,age+gender,inc_to_pov_level,ckd_gfr_gte3,8950,15952885.6874494,143,quasibinomial (logit),Middle income,0.196712968901264,0.219493911259987,0.371689286454838,-0.23349509716831,0.626921034970839,2.42438895537821,0.0922676250461532,5071,9078427.2766206
racethn_combn,Mexican-American,1999-2020,21.2,WTMEC.COMBN,age+gender,inc_to_pov_level,ckd_gfr_gte3,8950,15952885.6874494,143,quasibinomial (logit),Low income,0.521013416067668,0.243362545045717,0.0340272808224701,0.0440228277780622,0.998004004357274,2.42438895537821,0.0922676250461532,2847,4852871.00586249
racethn_combn,NHB,1999-2020,21.2,WTMEC.COMBN,age+gender,inc_to_pov_level,ckd_gfr_gte3,10644,20829731.946539,151,quasibinomial (logit),High income (Intercept),-7.82825686060974,0.181574152471187,2.59564123243517e-85,-8.18414219945327,-7.47237152176622,1.18853092814046,0.307578875486654,2028,4112401.88544369
racethn_combn,NHB,1999-2020,21.2,WTMEC.COMBN,age+gender,inc_to_pov_level,ckd_gfr_gte3,10644,20829731.946539,151,quasibinomial (logit),Middle income,0.0658567205688738,0.105395326576834,0.533035408514631,-0.14071811952172,0.272431560659468,1.18853092814046,0.307578875486654,5755,11329784.747765
racethn_combn,NHB,1999-2020,21.2,WTMEC.COMBN,age+gender,inc_to_pov_level,ckd_gfr_gte3,10644,20829731.946539,151,quasibinomial (logit),Low income,0.181252693984422,0.124892518866913,0.148835574103241,-0.0635366429947276,0.426042030963571,1.18853092814046,0.307578875486654,2861,5387545.3133303
racethn_combn,Other Hispanic,1999-2020,21.2,WTMEC.COMBN,age+gender,inc_to_pov_level,ckd_gfr_gte3,4049,11025045.7810261,136,quasibinomial (logit),High income (Intercept),-8.64522824763126,0.776568392367054,1.03811844178719e-20,-10.1673022966707,-7.12315419859184,0.952975415176936,0.388228607965402,662,1934472.94764504
racethn_combn,Other Hispanic,1999-2020,21.2,WTMEC.COMBN,age+gender,inc_to_pov_level,ckd_gfr_gte3,4049,11025045.7810261,136,quasibinomial (logit),Middle income,0.0597801784981066,0.351749172568656,0.865308745665722,-0.629648199736458,0.749208556732672,0.952975415176936,0.388228607965402,2178,5980394.1252311
racethn_combn,Other Hispanic,1999-2020,21.2,WTMEC.COMBN,age+gender,inc_to_pov_level,ckd_gfr_gte3,4049,11025045.7810261,136,quasibinomial (logit),Low income,0.332269279974086,0.327077826387563,0.311548640064901,-0.308803259745537,0.973341819693709,0.952975415176936,0.388228607965402,1209,3110178.70814993
racethn_combn,NHAsian,1999-2020,21.2,WTMEC.COMBN,age+gender,inc_to_pov_level,ckd_gfr_gte3,2606,4726695.75856353,71,quasibinomial (logit),High income (Intercept),-9.67621277822049,1.17503198012789,9.07804407659233e-12,-11.9792754592712,-7.37315009716982,5.05991637652111,0.00898343111664574,1028,1975482.86093851
racethn_combn,NHAsian,1999-2020,21.2,WTMEC.COMBN,age+gender,inc_to_pov_level,ckd_gfr_gte3,2606,4726695.75856353,71,quasibinomial (logit),Middle income,0.493852516534283,0.373922452356208,0.191083246206897,-0.239035490083885,1.22674052315245,5.05991637652111,0.00898343111664574,1207,2155537.57264976
racethn_combn,NHAsian,1999-2020,21.2,WTMEC.COMBN,age+gender,inc_to_pov_level,ckd_gfr_gte3,2606,4726695.75856353,71,quasibinomial (logit),Low income,1.23159646324193,0.394582357584584,0.0026571634408657,0.458215042376147,2.00497788410772,5.05991637652111,0.00898343111664574,371,595675.324975264
racethn_combn,Other/Multi-Racial,1999-2020,21.2,WTMEC.COMBN,age+gender,inc_to_pov_level,ckd_gfr_gte3,851,3093335.88209836,70,quasibinomial (logit),High income (Intercept),-11.5487556499464,1.3450604266143,2.37248970945215e-12,-14.1850740861104,-8.91243721378236,2.86626339329046,0.0640202860063733,175,747763.243281227
racethn_combn,Other/Multi-Racial,1999-2020,21.2,WTMEC.COMBN,age+gender,inc_to_pov_level,ckd_gfr_gte3,851,3093335.88209836,70,quasibinomial (logit),Middle income,-0.12859184922329,0.658644432233546,0.84580711249612,-1.41953493640104,1.16235123795446,2.86626339329046,0.0640202860063733,468,1767505.6878027
racethn_combn,Other/Multi-Racial,1999-2020,21.2,WTMEC.COMBN,age+gender,inc_to_pov_level,ckd_gfr_gte3,851,3093335.88209836,70,quasibinomial (logit),Low income,0.872368520110088,0.738142776488834,0.241508942518789,-0.574391321808026,2.3191283620282,2.86626339329046,0.0640202860063733,208,578066.951014434
racethn_combn,NHW,1999-2020,21.2,WTMEC.COMBN,age+gender,inc_to_pov_level,ckd_any,23326,141366138.033925,162,quasibinomial (logit),High income (Intercept),-3.23873253315415,0.0781430187022872,8.5735071643e-87,-3.39189284981064,-3.08557221649767,2.44718478018017,0.08981111483177,7825,60932720.8474977
racethn_combn,NHW,1999-2020,21.2,WTMEC.COMBN,age+gender,inc_to_pov_level,ckd_any,23326,141366138.033925,162,quasibinomial (logit),Middle income,0.0858255970186407,0.0409147890121447,0.0375262398093158,0.00563261055483719,0.166018583482444,2.44718478018017,0.08981111483177,12135,66764672.3835225
racethn_combn,NHW,1999-2020,21.2,WTMEC.COMBN,age+gender,inc_to_pov_level,ckd_any,23326,141366138.033925,162,quasibinomial (logit),Low income,0.12765851532046,0.0786830911861866,0.106703065901302,-0.0265603434044659,0.281877374045386,2.44718478018017,0.08981111483177,3366,13668744.8029048
racethn_combn,Other/Multi-Racial/NHAsian,1999-2020,21.2,WTMEC.COMBN,age+gender,inc_to_pov_level,ckd_any,1259,6002313.48256945,84,quasibinomial (logit),High income (Intercept),-3.36636351391794,0.316016483149651,5.24554747451e-17,-3.98575582089125,-2.74697120694462,2.00605874079743,0.141228465113259,345,1978795.31084679
racethn_combn,Other/Multi-Racial/NHAsian,1999-2020,21.2,WTMEC.COMBN,age+gender,inc_to_pov_level,ckd_any,1259,6002313.48256945,84,quasibinomial (logit),Middle income,-0.118474626944021,0.173475658919309,0.496613564506563,-0.458486918425867,0.221537664537825,2.00605874079743,0.141228465113259,614,2941258.68540991
racethn_combn,Other/Multi-Racial/NHAsian,1999-2020,21.2,WTMEC.COMBN,age+gender,inc_to_pov_level,ckd_any,1259,6002313.48256945,84,quasibinomial (logit),Low income,0.248137489768179,0.207313677006884,0.234873363328434,-0.158197317165314,0.654472296701673,2.00605874079743,0.141228465113259,300,1082259.48631275
racethn_combn,Mexican-American,1999-2020,21.2,WTMEC.COMBN,age+gender,inc_to_pov_level,ckd_any,9313,16561448.6199918,144,quasibinomial (logit),High income (Intercept),-3.48160931934709,0.134317435050838,2.7095142178425e-55,-3.74487149204673,-3.21834714664744,1.64340796772217,0.197027230771594,1065,2078759.90781655
racethn_combn,Mexican-American,1999-2020,21.2,WTMEC.COMBN,age+gender,inc_to_pov_level,ckd_any,9313,16561448.6199918,144,quasibinomial (logit),Middle income,-0.0776858314090263,0.0932547433082986,0.406235649332931,-0.260465128293292,0.105093465475239,1.64340796772217,0.197027230771594,5267,9427520.38697781
racethn_combn,Mexican-American,1999-2020,21.2,WTMEC.COMBN,age+gender,inc_to_pov_level,ckd_any,9313,16561448.6199918,144,quasibinomial (logit),Low income,-0.193545472912516,0.110894769747898,0.0831254027107935,-0.410899221618396,0.0238082757933635,1.64340796772217,0.197027230771594,2981,5055168.32519743
racethn_combn,NHB,1999-2020,21.2,WTMEC.COMBN,age+gender,inc_to_pov_level,ckd_any,11690,22835596.7232316,152,quasibinomial (logit),High income (Intercept),-2.55956500159861,0.0988646507812697,8.01216340018105e-57,-2.7533397171299,-2.36579028606732,0.0375405092496184,0.963164568556952,2204,4493438.83511365
racethn_combn,NHB,1999-2020,21.2,WTMEC.COMBN,age+gender,inc_to_pov_level,ckd_any,11690,22835596.7232316,152,quasibinomial (logit),Middle income,-0.0176777881754101,0.0654702516871129,0.787526749012183,-0.145999481482151,0.110643905131331,0.0375405092496184,0.963164568556952,6325,12410898.2344875
racethn_combn,NHB,1999-2020,21.2,WTMEC.COMBN,age+gender,inc_to_pov_level,ckd_any,11690,22835596.7232316,152,quasibinomial (logit),Low income,-0.0123252254446156,0.0778162242117578,0.874366280552832,-0.164845024899661,0.14019457401043,0.0375405092496184,0.963164568556952,3161,5931259.6536304
racethn_combn,Other Hispanic,1999-2020,21.2,WTMEC.COMBN,age+gender,inc_to_pov_level,ckd_any,4262,11551270.1657975,138,quasibinomial (logit),High income (Intercept),-3.14744459993456,0.204650801144649,2.17760412108645e-31,-3.54856017017807,-2.74632902969104,0.346234756537615,0.707977326173036,699,2029721.20404275
racethn_combn,Other Hispanic,1999-2020,21.2,WTMEC.COMBN,age+gender,inc_to_pov_level,ckd_any,4262,11551270.1657975,138,quasibinomial (logit),Middle income,-0.0795623549057463,0.129502391589149,0.540012734091253,-0.333387042420478,0.174262332608986,0.346234756537615,0.707977326173036,2283,6248463.61915456
racethn_combn,Other Hispanic,1999-2020,21.2,WTMEC.COMBN,age+gender,inc_to_pov_level,ckd_any,4262,11551270.1657975,138,quasibinomial (logit),Low income,0.0145616879023018,0.161712530499946,0.928384519583456,-0.302394871877592,0.331518247682195,0.346234756537615,0.707977326173036,1280,3273085.34260023
racethn_combn,NHAsian,1999-2020,21.2,WTMEC.COMBN,age+gender,inc_to_pov_level,ckd_any,2798,5054341.51439783,71,quasibinomial (logit),High income (Intercept),-4.58636952184818,0.189510864419599,7.77760068489401e-35,-4.95781081611059,-4.21492822758576,4.97381824222534,0.00968197273755546,1091,2091644.2207544
racethn_combn,NHAsian,1999-2020,21.2,WTMEC.COMBN,age+gender,inc_to_pov_level,ckd_any,2798,5054341.51439783,71,quasibinomial (logit),Middle income,0.201589326002478,0.125605800768982,0.11321149100848,-0.0445980435047264,0.447776695509681,4.97381824222534,0.00968197273755546,1291,2302853.46711166
racethn_combn,NHAsian,1999-2020,21.2,WTMEC.COMBN,age+gender,inc_to_pov_level,ckd_any,2798,5054341.51439783,71,quasibinomial (logit),Low income,0.532004342700536,0.168861427328885,0.00243604167270543,0.201035945135921,0.862972740265152,4.97381824222534,0.00968197273755546,416,659843.826531774
racethn_combn,Other/Multi-Racial,1999-2020,21.2,WTMEC.COMBN,age+gender,inc_to_pov_level,ckd_any,905,3244139.14112138,71,quasibinomial (logit),High income (Intercept),-3.44638192267698,0.347919336064215,9.39888658461989e-15,-4.12830382136284,-2.76446002399112,3.04250290956967,0.0543573546916859,187,772660.519632623
racethn_combn,Other/Multi-Racial,1999-2020,21.2,WTMEC.COMBN,age+gender,inc_to_pov_level,ckd_any,905,3244139.14112138,71,quasibinomial (logit),Middle income,-0.285835380464949,0.277220781734641,0.306213436164258,-0.829188112664846,0.257517351734948,3.04250290956967,0.0543573546916859,497,1866102.09985113
racethn_combn,Other/Multi-Racial,1999-2020,21.2,WTMEC.COMBN,age+gender,inc_to_pov_level,ckd_any,905,3244139.14112138,71,quasibinomial (logit),Low income,0.236616211053179,0.30754834831162,0.44438196471246,-0.366178551637597,0.839410973743956,3.04250290956967,0.0543573546916859,221,605376.521637623
racethn_combn,NHW,1999-2020,21.2,WTMEC.COMBN,age+gender,inc_to_pov_level,copd,24764,142556110.9177,162,quasibinomial (logit),High income (Intercept),-4.20592961595992,0.098129981877248,6.56445300366977e-89,-4.39826438043932,-4.01359485148051,137.438952880173,2.6365845467083e-35,8283,61293639.4167784
racethn_combn,NHW,1999-2020,21.2,WTMEC.COMBN,age+gender,inc_to_pov_level,copd,24764,142556110.9177,162,quasibinomial (logit),Middle income,0.657283292594347,0.0695447278904982,4.40578824319603e-17,0.520975625928971,0.793590959259724,137.438952880173,2.6365845467083e-35,12910,67438943.489069
racethn_combn,NHW,1999-2020,21.2,WTMEC.COMBN,age+gender,inc_to_pov_level,copd,24764,142556110.9177,162,quasibinomial (logit),Low income,1.29839143198903,0.081089095121782,6.66531704656406e-35,1.13945680555034,1.45732605842773,137.438952880173,2.6365845467083e-35,3571,13823528.0118521
racethn_combn,Other/Multi-Racial/NHAsian,1999-2020,21.2,WTMEC.COMBN,age+gender,inc_to_pov_level,copd,1350,6110566.02552643,84,quasibinomial (logit),High income (Intercept),-5.22998992532884,0.545442296440806,6.15191861160417e-15,-6.29905682635282,-4.16092302430486,5.41840526932021,0.00621046909328866,369,2007767.83024123
racethn_combn,Other/Multi-Racial/NHAsian,1999-2020,21.2,WTMEC.COMBN,age+gender,inc_to_pov_level,copd,1350,6110566.02552643,84,quasibinomial (logit),Middle income,0.809037116385301,0.351768675256425,0.024059659315322,0.119570512882708,1.49850371988789,5.41840526932021,0.00621046909328866,658,2989584.626605
racethn_combn,Other/Multi-Racial/NHAsian,1999-2020,21.2,WTMEC.COMBN,age+gender,inc_to_pov_level,copd,1350,6110566.02552643,84,quasibinomial (logit),Low income,1.24754116267462,0.380088574914058,0.00152795891682137,0.502567555843068,1.99251476950618,5.41840526932021,0.00621046909328866,323,1113213.5686802
racethn_combn,Mexican-American,1999-2020,21.2,WTMEC.COMBN,age+gender,inc_to_pov_level,copd,9756,16685825.7569652,144,quasibinomial (logit),High income (Intercept),-5.28213381694752,0.32457664483611,4.34250234051575e-34,-5.9183040408263,-4.64596359306874,0.859618519845165,0.42554560119573,1127,2088622.52521459
racethn_combn,Mexican-American,1999-2020,21.2,WTMEC.COMBN,age+gender,inc_to_pov_level,copd,9756,16685825.7569652,144,quasibinomial (logit),Middle income,0.19120227359951,0.258528706844877,0.460794102270275,-0.31551399181645,0.697918539015469,0.859618519845165,0.42554560119573,5512,9497547.23135021
racethn_combn,Mexican-American,1999-2020,21.2,WTMEC.COMBN,age+gender,inc_to_pov_level,copd,9756,16685825.7569652,144,quasibinomial (logit),Low income,0.298332621551029,0.242842376090558,0.221319300051861,-0.177638435586464,0.774303678688522,0.859618519845165,0.42554560119573,3117,5099656.00040036
racethn_combn,NHB,1999-2020,21.2,WTMEC.COMBN,age+gender,inc_to_pov_level,copd,12343,23202912.6290451,153,quasibinomial (logit),High income (Intercept),-4.32152226376216,0.203575497785818,6.6932435803417e-47,-4.72053023942236,-3.92251428810195,19.0109940952315,4.42968774530777e-08,2355,4577061.0169181
racethn_combn,NHB,1999-2020,21.2,WTMEC.COMBN,age+gender,inc_to_pov_level,copd,12343,23202912.6290451,153,quasibinomial (logit),Middle income,0.565878289456629,0.131384764903569,2.98797676357593e-05,0.308364150245634,0.823392428667625,19.0109940952315,4.42968774530777e-08,6648,12598132.1328467
racethn_combn,NHB,1999-2020,21.2,WTMEC.COMBN,age+gender,inc_to_pov_level,copd,12343,23202912.6290451,153,quasibinomial (logit),Low income,0.859031049117579,0.139825687193347,7.00939904776552e-09,0.584972702218619,1.13308939601654,19.0109940952315,4.42968774530777e-08,3340,6027719.47928029
racethn_combn,Other Hispanic,1999-2020,21.2,WTMEC.COMBN,age+gender,inc_to_pov_level,copd,4507,11655953.8571825,138,quasibinomial (logit),High income (Intercept),-3.90727301755549,0.404332065930689,4.36010528121393e-17,-4.69976386677964,-3.11478216833134,0.873620941411112,0.419801058847988,733,2039958.03679889
racethn_combn,Other Hispanic,1999-2020,21.2,WTMEC.COMBN,age+gender,inc_to_pov_level,copd,4507,11655953.8571825,138,quasibinomial (logit),Middle income,0.104324114450278,0.267897232184094,0.697584841227346,-0.420754460630547,0.629402689531103,0.873620941411112,0.419801058847988,2415,6315342.4182755
racethn_combn,Other Hispanic,1999-2020,21.2,WTMEC.COMBN,age+gender,inc_to_pov_level,copd,4507,11655953.8571825,138,quasibinomial (logit),Low income,0.338441621475675,0.29079677324254,0.246555970024619,-0.231520054079703,0.908403297031054,0.873620941411112,0.419801058847988,1359,3300653.40210814
racethn_combn,NHAsian,1999-2020,21.2,WTMEC.COMBN,age+gender,inc_to_pov_level,copd,2964,5093595.09645102,71,quasibinomial (logit),High income (Intercept),-6.18895593139164,0.584955731660956,6.21134092286309e-16,-7.33546916544711,-5.04244269733616,1.87416239228781,0.16144124622099,1160,2104897.24888066
racethn_combn,NHAsian,1999-2020,21.2,WTMEC.COMBN,age+gender,inc_to_pov_level,copd,2964,5093595.09645102,71,quasibinomial (logit),Middle income,0.527311941553104,0.293905440595869,0.0773001322019966,-0.0487427220148003,1.10336660512101,1.87416239228781,0.16144124622099,1359,2324396.49657396
racethn_combn,NHAsian,1999-2020,21.2,WTMEC.COMBN,age+gender,inc_to_pov_level,copd,2964,5093595.09645102,71,quasibinomial (logit),Low income,0.713266256698126,0.491290585138127,0.151218008108677,-0.249663290172603,1.67619580356885,1.87416239228781,0.16144124622099,445,664301.350996396
racethn_combn,Other/Multi-Racial,1999-2020,21.2,WTMEC.COMBN,age+gender,inc_to_pov_level,copd,953,3250195.78718183,71,quasibinomial (logit),High income (Intercept),-5.09536681996452,0.604442943239832,4.04317235244214e-12,-6.28007498871459,-3.91065865121445,4.34997147814225,0.0167419056660188,200,772660.519632623
racethn_combn,Other/Multi-Racial,1999-2020,21.2,WTMEC.COMBN,age+gender,inc_to_pov_level,copd,953,3250195.78718183,71,quasibinomial (logit),Middle income,1.31310536068284,0.517459782758628,0.013494497733365,0.298884186475926,2.32732653488975,4.34997147814225,0.0167419056660188,519,1867756.08099038
racethn_combn,Other/Multi-Racial,1999-2020,21.2,WTMEC.COMBN,age+gender,inc_to_pov_level,copd,953,3250195.78718183,71,quasibinomial (logit),Low income,1.72991577627271,0.592126628184581,0.00474354822168206,0.569347585030934,2.89048396751449,4.34997147814225,0.0167419056660188,234,609779.18655883
racethn_combn,NHW,1999-2020,21.2,WTMEC.COMBN,age+gender,inc_to_pov_level,copd_pft,24764,142556110.9177,162,quasibinomial (logit),High income (Intercept),-3.8246932590048,0.086135662878848,3.76873937739214e-91,-3.99351915824734,-3.65586735976225,96.9089181697917,3.42609539743895e-28,8283,61293639.4167784
racethn_combn,NHW,1999-2020,21.2,WTMEC.COMBN,age+gender,inc_to_pov_level,copd_pft,24764,142556110.9177,162,quasibinomial (logit),Middle income,0.395857054186488,0.0563138740837145,5.87368334473899e-11,0.285481860982408,0.506232247390568,96.9089181697917,3.42609539743895e-28,12910,67438943.489069
racethn_combn,NHW,1999-2020,21.2,WTMEC.COMBN,age+gender,inc_to_pov_level,copd_pft,24764,142556110.9177,162,quasibinomial (logit),Low income,0.982533615644065,0.0720752788798075,1.80193787956999e-28,0.841266069039642,1.12380116224849,96.9089181697917,3.42609539743895e-28,3571,13823528.0118521
racethn_combn,Other/Multi-Racial/NHAsian,1999-2020,21.2,WTMEC.COMBN,age+gender,inc_to_pov_level,copd_pft,1350,6110566.02552643,84,quasibinomial (logit),High income (Intercept),-4.57696213491855,0.563468716507738,4.64609669319856e-12,-5.68136081927371,-3.47256345056338,1.03431299513909,0.360174516789649,369,2007767.83024123
racethn_combn,Other/Multi-Racial/NHAsian,1999-2020,21.2,WTMEC.COMBN,age+gender,inc_to_pov_level,copd_pft,1350,6110566.02552643,84,quasibinomial (logit),Middle income,0.32315309285327,0.345186209948618,0.352002981341248,-0.353411878646021,0.999718064352562,1.03431299513909,0.360174516789649,658,2989584.626605
racethn_combn,Other/Multi-Racial/NHAsian,1999-2020,21.2,WTMEC.COMBN,age+gender,inc_to_pov_level,copd_pft,1350,6110566.02552643,84,quasibinomial (logit),Low income,0.564208199139352,0.395793541788758,0.157899626896216,-0.211547142766614,1.33996354104532,1.03431299513909,0.360174516789649,323,1113213.5686802
racethn_combn,Mexican-American,1999-2020,21.2,WTMEC.COMBN,age+gender,inc_to_pov_level,copd_pft,9756,16685825.7569652,144,quasibinomial (logit),High income (Intercept),-5.41633548538062,0.301048168959681,3.14322389715619e-38,-6.00638989654159,-4.82628107421964,1.47149242199852,0.233111254262131,1127,2088622.52521459
racethn_combn,Mexican-American,1999-2020,21.2,WTMEC.COMBN,age+gender,inc_to_pov_level,copd_pft,9756,16685825.7569652,144,quasibinomial (logit),Middle income,0.290795974429913,0.227768827668008,0.203816354326103,-0.155630927799382,0.737222876659209,1.47149242199852,0.233111254262131,5512,9497547.23135021
racethn_combn,Mexican-American,1999-2020,21.2,WTMEC.COMBN,age+gender,inc_to_pov_level,copd_pft,9756,16685825.7569652,144,quasibinomial (logit),Low income,0.378038581778183,0.22418757239277,0.0939729687871417,-0.0613690601116463,0.817446223668013,1.47149242199852,0.233111254262131,3117,5099656.00040036
racethn_combn,NHB,1999-2020,21.2,WTMEC.COMBN,age+gender,inc_to_pov_level,copd_pft,12343,23202912.6290451,153,quasibinomial (logit),High income (Intercept),-4.23561844266607,0.16762355055459,9.79584451378757e-56,-4.56416060175306,-3.90707628357907,18.956225962604,4.62730917227337e-08,2355,4577061.0169181
racethn_combn,NHB,1999-2020,21.2,WTMEC.COMBN,age+gender,inc_to_pov_level,copd_pft,12343,23202912.6290451,153,quasibinomial (logit),Middle income,0.451865155940411,0.107858380349952,4.7705996571451e-05,0.240462730454505,0.663267581426316,18.956225962604,4.62730917227337e-08,6648,12598132.1328467
racethn_combn,NHB,1999-2020,21.2,WTMEC.COMBN,age+gender,inc_to_pov_level,copd_pft,12343,23202912.6290451,153,quasibinomial (logit),Low income,0.731321852804936,0.119832371089219,8.59705532750243e-09,0.496450405470067,0.966193300139805,18.956225962604,4.62730917227337e-08,3340,6027719.47928029
racethn_combn,Other Hispanic,1999-2020,21.2,WTMEC.COMBN,age+gender,inc_to_pov_level,copd_pft,4507,11655953.8571825,138,quasibinomial (logit),High income (Intercept),-4.07862225970129,0.378691671799071,7.15852787486501e-20,-4.82085793642747,-3.33638658297511,1.49926464775228,0.22701568198128,733,2039958.03679889
racethn_combn,Other Hispanic,1999-2020,21.2,WTMEC.COMBN,age+gender,inc_to_pov_level,copd_pft,4507,11655953.8571825,138,quasibinomial (logit),Middle income,0.190073254870488,0.232145959681607,0.414373568336678,-0.264932826105461,0.645079335846436,1.49926464775228,0.22701568198128,2415,6315342.4182755
racethn_combn,Other Hispanic,1999-2020,21.2,WTMEC.COMBN,age+gender,inc_to_pov_level,copd_pft,4507,11655953.8571825,138,quasibinomial (logit),Low income,0.410580310977486,0.248798290644944,0.101233092361538,-0.0770643386866038,0.898224960641576,1.49926464775228,0.22701568198128,1359,3300653.40210814
racethn_combn,NHAsian,1999-2020,21.2,WTMEC.COMBN,age+gender,inc_to_pov_level,copd_pft,2964,5093595.09645102,71,quasibinomial (logit),High income (Intercept),-5.98139338304732,0.489278326839277,1.00933227893649e-18,-6.9403789036523,-5.02240786244234,3.45844494654868,0.0372042395105034,1160,2104897.24888066
racethn_combn,NHAsian,1999-2020,21.2,WTMEC.COMBN,age+gender,inc_to_pov_level,copd_pft,2964,5093595.09645102,71,quasibinomial (logit),Middle income,0.611343665386312,0.234970904861436,0.0114044624457455,0.150800691857898,1.07188663891473,3.45844494654868,0.0372042395105034,1359,2324396.49657396
racethn_combn,NHAsian,1999-2020,21.2,WTMEC.COMBN,age+gender,inc_to_pov_level,copd_pft,2964,5093595.09645102,71,quasibinomial (logit),Low income,0.679513752001182,0.399115390339326,0.0932879939080822,-0.102752413063897,1.46177991706626,3.45844494654868,0.0372042395105034,445,664301.350996396
racethn_combn,Other/Multi-Racial,1999-2020,21.2,WTMEC.COMBN,age+gender,inc_to_pov_level,copd_pft,953,3250195.78718183,71,quasibinomial (logit),High income (Intercept),-4.91081899109621,0.543769802665457,3.36704592123623e-13,-5.97660780432051,-3.84503017787192,4.93093088342547,0.0100505712276621,200,772660.519632623
racethn_combn,Other/Multi-Racial,1999-2020,21.2,WTMEC.COMBN,age+gender,inc_to_pov_level,copd_pft,953,3250195.78718183,71,quasibinomial (logit),Middle income,1.39068007030861,0.475188092051497,0.00467580071131166,0.459311409887677,2.32204873072954,4.93093088342547,0.0100505712276621,519,1867756.08099038
racethn_combn,Other/Multi-Racial,1999-2020,21.2,WTMEC.COMBN,age+gender,inc_to_pov_level,copd_pft,953,3250195.78718183,71,quasibinomial (logit),Low income,1.61035200545627,0.548468406493109,0.00455098050930861,0.53535392872978,2.68535008218277,4.93093088342547,0.0100505712276621,234,609779.18655883
racethn_combn,Other/Multi-Racial/NHAsian,2007-2012,6,WTMEC.COMBN,age+gender,inc_to_pov_level,pft_lt07,398,6858930.88913967,28,quasibinomial (logit),High income (Intercept),-5.3743174039926,1.27369282549465,0.000302191847126898,-7.87075534196211,-2.87787946602309,0.0782944735473044,0.924927279389516,117,2661880.00922167
racethn_combn,Other/Multi-Racial/NHAsian,2007-2012,6,WTMEC.COMBN,age+gender,inc_to_pov_level,pft_lt07,398,6858930.88913967,28,quasibinomial (logit),Middle income,-0.22212300658766,0.581425284117923,0.705799596108563,-1.36171656345879,0.917470550283468,0.0782944735473044,0.924927279389516,191,3165928.19326633
racethn_combn,Other/Multi-Racial/NHAsian,2007-2012,6,WTMEC.COMBN,age+gender,inc_to_pov_level,pft_lt07,398,6858930.88913967,28,quasibinomial (logit),Low income,-0.238801948607414,0.693644322283256,0.733640472765291,-1.5983448202826,1.12074092306777,0.0782944735473044,0.924927279389516,90,1031122.68665167
racethn_combn,Mexican-American,2007-2012,6,WTMEC.COMBN,age+gender,inc_to_pov_level,pft_lt07,2039,14348626.46873,46,quasibinomial (logit),High income (Intercept),-7.34311124583072,0.674173776195019,8.23470824712493e-14,-8.66449184717295,-6.02173064448848,0.999346325949349,0.376703694245361,244,1725835.653476
racethn_combn,Mexican-American,2007-2012,6,WTMEC.COMBN,age+gender,inc_to_pov_level,pft_lt07,2039,14348626.46873,46,quasibinomial (logit),Middle income,0.568915003405388,0.406762705048561,0.169261826845317,-0.228339898489791,1.36616990530057,0.999346325949349,0.376703694245361,1160,8053430.008013
racethn_combn,Mexican-American,2007-2012,6,WTMEC.COMBN,age+gender,inc_to_pov_level,pft_lt07,2039,14348626.46873,46,quasibinomial (logit),Low income,0.543660177601676,0.424463265056278,0.20728535469644,-0.288287821908628,1.37560817711198,0.999346325949349,0.376703694245361,635,4569360.807241
racethn_combn,NHB,2007-2012,6,WTMEC.COMBN,age+gender,inc_to_pov_level,pft_lt07,2852,19433443.1370513,44,quasibinomial (logit),High income (Intercept),-5.77015609446124,0.249406431780218,9.0590993178208e-25,-6.25899270075047,-5.28131948817202,8.05791172360755,0.00114681409818674,595,3948326.11259267
racethn_combn,NHB,2007-2012,6,WTMEC.COMBN,age+gender,inc_to_pov_level,pft_lt07,2852,19433443.1370513,44,quasibinomial (logit),Middle income,0.301965413071344,0.18772763114991,0.115584811764866,-0.0659807439824786,0.669911570125167,8.05791172360755,0.00114681409818674,1532,10510063.843995
racethn_combn,NHB,2007-2012,6,WTMEC.COMBN,age+gender,inc_to_pov_level,pft_lt07,2852,19433443.1370513,44,quasibinomial (logit),Low income,0.67076526328982,0.185973602678492,0.000850998770448502,0.306257002039977,1.03527352453966,8.05791172360755,0.00114681409818674,725,4975053.18046367
racethn_combn,NHW,2007-2012,6,WTMEC.COMBN,age+gender,inc_to_pov_level,pft_lt07,5636,120146949.292553,48,quasibinomial (logit),High income (Intercept),-5.00956525464681,0.162574188537386,2.02009456707542e-31,-5.32821066418009,-4.69091984511354,11.2480478622222,0.000113355776078259,1956,54474668.5858523
racethn_combn,NHW,2007-2012,6,WTMEC.COMBN,age+gender,inc_to_pov_level,pft_lt07,5636,120146949.292553,48,quasibinomial (logit),Middle income,0.168087545021671,0.113158372073464,0.144563102707532,-0.0537028642423196,0.389877954285661,11.2480478622222,0.000113355776078259,2698,53252805.121938
racethn_combn,NHW,2007-2012,6,WTMEC.COMBN,age+gender,inc_to_pov_level,pft_lt07,5636,120146949.292553,48,quasibinomial (logit),Low income,0.613318738407831,0.129656757963185,2.3367337887922e-05,0.359191492799988,0.867445984015673,11.2480478622222,0.000113355776078259,982,12419475.5847623
racethn_combn,Other Hispanic,2007-2012,6,WTMEC.COMBN,age+gender,inc_to_pov_level,pft_lt07,1332,9328797.35366433,45,quasibinomial (logit),High income (Intercept),-7.29556272515876,0.586555428095293,1.68120058729642e-15,-8.44521136422553,-6.14591408609198,2.33886369937009,0.1091759680952,222,1455341.753097
racethn_combn,Other Hispanic,2007-2012,6,WTMEC.COMBN,age+gender,inc_to_pov_level,pft_lt07,1332,9328797.35366433,45,quasibinomial (logit),Middle income,0.699234665296108,0.386715600619885,0.0779243824794535,-0.0587279119188668,1.45719724251108,2.33886369937009,0.1091759680952,713,4959790.79951833
racethn_combn,Other Hispanic,2007-2012,6,WTMEC.COMBN,age+gender,inc_to_pov_level,pft_lt07,1332,9328797.35366433,45,quasibinomial (logit),Low income,0.926080447375595,0.446949200188522,0.0445945724163365,0.0500600150060925,1.8021008797451,2.33886369937009,0.1091759680952,397,2913664.801049
racethn_combn,NHAsian,2007-2012,6,WTMEC.COMBN,age+gender,inc_to_pov_level,pft_lt07,589,3053969.95326733,17,quasibinomial (logit),High income (Intercept),-6.42820476371205,0.900790114240712,7.63173949581985e-06,-8.19375338762385,-4.66265613980026,4.16805768122224,0.0399376042617559,214,1172813.04157133
racethn_combn,NHAsian,2007-2012,6,WTMEC.COMBN,age+gender,inc_to_pov_level,pft_lt07,589,3053969.95326733,17,quasibinomial (logit),Middle income,0.948870222661754,0.332306878341513,0.013516214599755,0.297548741112389,1.60019170421112,4.16805768122224,0.0399376042617559,272,1398645.88972933
racethn_combn,NHAsian,2007-2012,6,WTMEC.COMBN,age+gender,inc_to_pov_level,pft_lt07,589,3053969.95326733,17,quasibinomial (logit),Low income,0.436061012332438,0.644056191956519,0.510240598943634,-0.82628912390234,1.69841114856722,4.16805768122224,0.0399376042617559,103,482511.021966667
racethn_combn,Other/Multi-Racial,2007-2012,6,WTMEC.COMBN,age+gender,inc_to_pov_level,pft_lt07,131,1600864.14340367,15,quasibinomial (logit),High income (Intercept),-5.55146329180847,0.999742398796437,0.000172010773113734,-7.51095839344948,-3.59196819016745,2.57181573080894,0.121241968205282,33,354788.147910667
racethn_combn,Other/Multi-Racial,2007-2012,6,WTMEC.COMBN,age+gender,inc_to_pov_level,pft_lt07,131,1600864.14340367,15,quasibinomial (logit),Middle income,1.85326838900196,0.864495163059095,0.0552432955054368,0.158857869406135,3.54767890859779,2.57181573080894,0.121241968205282,64,963933.569264667
racethn_combn,Other/Multi-Racial,2007-2012,6,WTMEC.COMBN,age+gender,inc_to_pov_level,pft_lt07,131,1600864.14340367,15,quasibinomial (logit),Low income,0.344073244689671,1.3519836196507,0.803807970583949,-2.30581464982571,2.99396113920505,2.57181573080894,0.121241968205282,34,282142.426228333
racethn_combn,NHW,1999-2020,21.2,WTMEC.COMBN,age+gender,inc_to_pov_level,nfs,21866,133681165.393517,162,gaussian (identity),High income (Intercept),-4.93458935781258,0.0328294399411184,1.96877814103147e-172,-4.99893506009717,-4.87024365552799,16.8381634629439,2.3496332105867e-07,7436,58250570.3094307
racethn_combn,NHW,1999-2020,21.2,WTMEC.COMBN,age+gender,inc_to_pov_level,nfs,21866,133681165.393517,162,gaussian (identity),Middle income,0.105215195467895,0.0227059112752082,7.46442249759439e-06,0.0607116093684866,0.149718781567303,16.8381634629439,2.3496332105867e-07,11338,62870525.4069915
racethn_combn,NHW,1999-2020,21.2,WTMEC.COMBN,age+gender,inc_to_pov_level,nfs,21866,133681165.393517,162,gaussian (identity),Low income,0.181165792902414,0.0361518828923588,1.4349859678617e-06,0.110308102433391,0.252023483371437,16.8381634629439,2.3496332105867e-07,3092,12560069.6770945
racethn_combn,Other/Multi-Racial/NHAsian,1999-2020,21.2,WTMEC.COMBN,age+gender,inc_to_pov_level,nfs,1164,5601786.64905688,83,gaussian (identity),High income (Intercept),-5.24520823231196,0.120086636161536,4.35911525799328e-57,-5.48057803918857,-5.00983842543535,2.34632059587057,0.102358237023552,321,1864124.14453123
racethn_combn,Other/Multi-Racial/NHAsian,1999-2020,21.2,WTMEC.COMBN,age+gender,inc_to_pov_level,nfs,1164,5601786.64905688,83,gaussian (identity),Middle income,0.206237058176001,0.101544339499598,0.0456182208290896,0.00721015275678819,0.405263963595214,2.34632059587057,0.102358237023552,570,2752204.03981508
racethn_combn,Other/Multi-Racial/NHAsian,1999-2020,21.2,WTMEC.COMBN,age+gender,inc_to_pov_level,nfs,1164,5601786.64905688,83,gaussian (identity),Low income,0.227933201009242,0.11711267194623,0.0551775118627343,-0.00160763600536867,0.457474038023853,2.34632059587057,0.102358237023552,273,985458.464710576
racethn_combn,Mexican-American,1999-2020,21.2,WTMEC.COMBN,age+gender,inc_to_pov_level,nfs,8794,15713266.3999741,143,gaussian (identity),High income (Intercept),-4.986580525046,0.0625331751114977,6.10799186399189e-118,-5.10914554826454,-4.86401550182747,1.1087653786403,0.332866419874125,1023,2012142.12098751
racethn_combn,Mexican-American,1999-2020,21.2,WTMEC.COMBN,age+gender,inc_to_pov_level,nfs,8794,15713266.3999741,143,gaussian (identity),Middle income,0.0635087283403497,0.0536667653566085,0.238674464797178,-0.0416781317586029,0.168695588439302,1.1087653786403,0.332866419874125,4993,8942271.16815111
racethn_combn,Mexican-American,1999-2020,21.2,WTMEC.COMBN,age+gender,inc_to_pov_level,nfs,8794,15713266.3999741,143,gaussian (identity),Low income,0.0838033662160594,0.0566265483378718,0.141154680018445,-0.0271846685261693,0.194791400958288,1.1087653786403,0.332866419874125,2778,4758853.11083543
racethn_combn,NHB,1999-2020,21.2,WTMEC.COMBN,age+gender,inc_to_pov_level,nfs,10406,20407011.1670389,151,gaussian (identity),High income (Intercept),-4.5170483381611,0.0538056786613724,4.25535272205899e-126,-4.62250746833739,-4.41158920798481,5.2484525570512,0.00628536250992666,2000,4058462.31423676
racethn_combn,NHB,1999-2020,21.2,WTMEC.COMBN,age+gender,inc_to_pov_level,nfs,10406,20407011.1670389,151,gaussian (identity),Middle income,0.0741517436742445,0.0395509372669842,0.0627984121219445,-0.00336809336904455,0.151671580717534,5.2484525570512,0.00628536250992666,5631,11112554.8718486
racethn_combn,NHB,1999-2020,21.2,WTMEC.COMBN,age+gender,inc_to_pov_level,nfs,10406,20407011.1670389,151,gaussian (identity),Low income,0.143236290435014,0.0446988861029041,0.0016596826606886,0.0556264736733222,0.230846107196706,5.2484525570512,0.00628536250992666,2775,5235993.98095352
racethn_combn,Other Hispanic,1999-2020,21.2,WTMEC.COMBN,age+gender,inc_to_pov_level,nfs,3971,10798916.8907009,136,gaussian (identity),High income (Intercept),-4.99347447574937,0.0819641403925031,1.6355804664119e-98,-5.15412419091868,-4.83282476058006,0.936615672445188,0.394541061100676,656,1924051.54370574
racethn_combn,Other Hispanic,1999-2020,21.2,WTMEC.COMBN,age+gender,inc_to_pov_level,nfs,3971,10798916.8907009,136,gaussian (identity),Middle income,0.0240450904580851,0.058273673319387,0.68055185074445,-0.0901713092479134,0.138261490164084,0.936615672445188,0.394541061100676,2139,5868715.15329616
racethn_combn,Other Hispanic,1999-2020,21.2,WTMEC.COMBN,age+gender,inc_to_pov_level,nfs,3971,10798916.8907009,136,gaussian (identity),Low income,0.106470902342218,0.0799375090689377,0.18517948652172,-0.0502066154328998,0.263148420117336,0.936615672445188,0.394541061100676,1176,3006150.19369904
racethn_combn,NHAsian,1999-2020,21.2,WTMEC.COMBN,age+gender,inc_to_pov_level,nfs,2571,4666739.5484097,71,gaussian (identity),High income (Intercept),-5.06110431739012,0.0628750816129065,2.12283501127711e-68,-5.18433947735142,-4.93786915742883,1.70687394655284,0.1892260600213,1016,1955229.51062808
racethn_combn,NHAsian,1999-2020,21.2,WTMEC.COMBN,age+gender,inc_to_pov_level,nfs,2571,4666739.5484097,71,gaussian (identity),Middle income,0.0727129520721441,0.0464878339168109,0.12249870492945,-0.0184032024048053,0.163829106549094,1.70687394655284,0.1892260600213,1189,2122984.21948913
racethn_combn,NHAsian,1999-2020,21.2,WTMEC.COMBN,age+gender,inc_to_pov_level,nfs,2571,4666739.5484097,71,gaussian (identity),Low income,0.0838043873487051,0.0669760538763302,0.215191450365623,-0.047468678248902,0.215077452946312,1.70687394655284,0.1892260600213,366,588525.818292491
racethn_combn,Other/Multi-Racial,1999-2020,21.2,WTMEC.COMBN,age+gender,inc_to_pov_level,nfs,834,3045896.79377698,70,gaussian (identity),High income (Intercept),-4.85364816289409,0.158628975145628,1.04287391200715e-40,-5.16456095417953,-4.54273537160866,6.28474564776681,0.00317372878378895,173,744889.427891981
racethn_combn,Other/Multi-Racial,1999-2020,21.2,WTMEC.COMBN,age+gender,inc_to_pov_level,nfs,834,3045896.79377698,70,gaussian (identity),Middle income,0.28373430259278,0.120068823462892,0.0210778735107337,0.0483994086055111,0.519069196580049,6.28474564776681,0.00317372878378895,455,1726690.13415206
racethn_combn,Other/Multi-Racial,1999-2020,21.2,WTMEC.COMBN,age+gender,inc_to_pov_level,nfs,834,3045896.79377698,70,gaussian (identity),Low income,0.446345916600881,0.132389094101152,0.00125367826672484,0.186863292162622,0.705828541039139,6.28474564776681,0.00317372878378895,206,574317.231732944
racethn_combn,NHW,1999-2020,21.2,WTMEC.COMBN,age+gender,inc_to_pov_level,nfs_mod_vs_low,20564,128053564.632302,162,quasibinomial (logit),High income (Intercept),-5.93331767988025,0.10378912240646,1.8073409643832e-107,-6.13674435979691,-5.72989099996359,14.587233296651,1.53613060198307e-06,7163,56660153.2336932
racethn_combn,NHW,1999-2020,21.2,WTMEC.COMBN,age+gender,inc_to_pov_level,nfs_mod_vs_low,20564,128053564.632302,162,quasibinomial (logit),Middle income,0.204634001312847,0.0444123635766322,8.34364906017612e-06,0.117585768702648,0.291682233923046,14.587233296651,1.53613060198307e-06,10487,59407953.7771827
racethn_combn,NHW,1999-2020,21.2,WTMEC.COMBN,age+gender,inc_to_pov_level,nfs_mod_vs_low,20564,128053564.632302,162,quasibinomial (logit),Low income,0.321459723676412,0.0792366566713782,7.79317093633182e-05,0.166155876600511,0.476763570752313,14.587233296651,1.53613060198307e-06,2914,11985457.6214259
racethn_combn,Other/Multi-Racial/NHAsian,1999-2020,21.2,WTMEC.COMBN,age+gender,inc_to_pov_level,nfs_mod_vs_low,1136,5494314.68733849,83,quasibinomial (logit),High income (Intercept),-6.33139810493244,0.553790310058222,2.01161319571181e-18,-7.41682711264655,-5.24596909721832,3.70756093537587,0.0289051420990591,315,1836706.85334226
racethn_combn,Other/Multi-Racial/NHAsian,1999-2020,21.2,WTMEC.COMBN,age+gender,inc_to_pov_level,nfs_mod_vs_low,1136,5494314.68733849,83,quasibinomial (logit),Middle income,0.731239202829127,0.272436604492293,0.00885784067866981,0.197263458024233,1.26521494763402,3.70756093537587,0.0289051420990591,555,2690560.00306848
racethn_combn,Other/Multi-Racial/NHAsian,1999-2020,21.2,WTMEC.COMBN,age+gender,inc_to_pov_level,nfs_mod_vs_low,1136,5494314.68733849,83,quasibinomial (logit),Low income,0.464986449303623,0.329664875573897,0.162322830515057,-0.181156706821215,1.11112960542846,3.70756093537587,0.0289051420990591,266,967047.830927746
racethn_combn,Mexican-American,1999-2020,21.2,WTMEC.COMBN,age+gender,inc_to_pov_level,nfs_mod_vs_low,8433,15277040.2916869,143,quasibinomial (logit),High income (Intercept),-5.90654850850531,0.177003398245966,3.14712883370698e-68,-6.2534751690674,-5.55962184794321,1.85502778799602,0.160300780350707,993,1959387.15874698
racethn_combn,Mexican-American,1999-2020,21.2,WTMEC.COMBN,age+gender,inc_to_pov_level,nfs_mod_vs_low,8433,15277040.2916869,143,quasibinomial (logit),Middle income,0.138253437738477,0.125567055964873,0.272785406953142,-0.107857991952673,0.384364867429628,1.85502778799602,0.160300780350707,4780,8686625.84335442
racethn_combn,Mexican-American,1999-2020,21.2,WTMEC.COMBN,age+gender,inc_to_pov_level,nfs_mod_vs_low,8433,15277040.2916869,143,quasibinomial (logit),Low income,0.251104817988762,0.1330235834441,0.0611546878058232,-0.00962140556167518,0.511831041539198,1.85502778799602,0.160300780350707,2660,4631027.28958553
racethn_combn,NHB,1999-2020,21.2,WTMEC.COMBN,age+gender,inc_to_pov_level,nfs_mod_vs_low,9599,19199547.7090844,151,quasibinomial (logit),High income (Intercept),-4.45841112409916,0.139288359704058,3.89321638503055e-68,-4.73141630911912,-4.18540593907921,2.00698090643513,0.13805977364425,1875,3870241.38000369
racethn_combn,NHB,1999-2020,21.2,WTMEC.COMBN,age+gender,inc_to_pov_level,nfs_mod_vs_low,9599,19199547.7090844,151,quasibinomial (logit),Middle income,0.0517365458795717,0.0720631586903064,0.473937799472586,-0.0895072451534288,0.192980336912572,2.00698090643513,0.13805977364425,5156,10403043.3375841
racethn_combn,NHB,1999-2020,21.2,WTMEC.COMBN,age+gender,inc_to_pov_level,nfs_mod_vs_low,9599,19199547.7090844,151,quasibinomial (logit),Low income,0.163430812667658,0.0846178387851476,0.0553578108034539,-0.00242015135123117,0.329281776686547,2.00698090643513,0.13805977364425,2568,4926262.99149658
racethn_combn,Other Hispanic,1999-2020,21.2,WTMEC.COMBN,age+gender,inc_to_pov_level,nfs_mod_vs_low,3782,10512481.0787156,136,quasibinomial (logit),High income (Intercept),-5.81934928675383,0.264436621108789,5.30084441595001e-46,-6.33764506412705,-5.3010535093806,0.589125337606979,0.556264392360038,625,1880766.54783266
racethn_combn,Other Hispanic,1999-2020,21.2,WTMEC.COMBN,age+gender,inc_to_pov_level,nfs_mod_vs_low,3782,10512481.0787156,136,quasibinomial (logit),Middle income,0.1128798285995,0.157384145121863,0.474502590442113,-0.195593095839351,0.421352753038351,0.589125337606979,0.556264392360038,2047,5725596.14608858
racethn_combn,Other Hispanic,1999-2020,21.2,WTMEC.COMBN,age+gender,inc_to_pov_level,nfs_mod_vs_low,3782,10512481.0787156,136,quasibinomial (logit),Low income,0.242313062598052,0.22323323862691,0.279691787600946,-0.19522408511069,0.679850210306795,0.589125337606979,0.556264392360038,1110,2906118.38479438
racethn_combn,NHAsian,1999-2020,21.2,WTMEC.COMBN,age+gender,inc_to_pov_level,nfs_mod_vs_low,2509,4555854.68989944,71,quasibinomial (logit),High income (Intercept),-7.9430618249351,0.348741985590079,2.93573874965829e-33,-8.62659611669166,-7.25952753317855,1.17076023747247,0.31639405813015,1003,1934770.18670047
racethn_combn,NHAsian,1999-2020,21.2,WTMEC.COMBN,age+gender,inc_to_pov_level,nfs_mod_vs_low,2509,4555854.68989944,71,quasibinomial (logit),Middle income,0.100643178122819,0.139380361324971,0.472760616954914,-0.172542330074124,0.373828686319762,1.17076023747247,0.31639405813015,1158,2063496.53845938
racethn_combn,NHAsian,1999-2020,21.2,WTMEC.COMBN,age+gender,inc_to_pov_level,nfs_mod_vs_low,2509,4555854.68989944,71,quasibinomial (logit),Low income,0.339460668570397,0.222559438147296,0.131901508087769,-0.0967558301983022,0.775677167339096,1.17076023747247,0.31639405813015,348,557587.964739585
racethn_combn,Other/Multi-Racial,1999-2020,21.2,WTMEC.COMBN,age+gender,inc_to_pov_level,nfs_mod_vs_low,781,2850162.62389313,70,quasibinomial (logit),High income (Intercept),-5.07654424177702,0.451872160578143,5.73690523413851e-17,-5.96221367651018,-4.19087480704386,2.14896588104946,0.124694068422465,170,711845.464754283
racethn_combn,Other/Multi-Racial,1999-2020,21.2,WTMEC.COMBN,age+gender,inc_to_pov_level,nfs_mod_vs_low,781,2850162.62389313,70,quasibinomial (logit),Middle income,0.562611985580416,0.350781099925802,0.113514929073702,-0.124918970274157,1.25014294143499,2.14896588104946,0.124694068422465,420,1614410.02867532
racethn_combn,Other/Multi-Racial,1999-2020,21.2,WTMEC.COMBN,age+gender,inc_to_pov_level,nfs_mod_vs_low,781,2850162.62389313,70,quasibinomial (logit),Low income,0.710964341935986,0.346478980101036,0.0441431894745685,0.0318655409379554,1.39006314293402,2.14896588104946,0.124694068422465,191,523907.130463528
racethn_combn,NHW,1999-2020,21.2,WTMEC.COMBN,age+gender,inc_to_pov_level,nfs_high_vs_low,15066,98008698.1843948,161,quasibinomial (logit),High income (Intercept),-10.7738787968972,0.240332414366854,2.17868409454811e-91,-11.2449303290562,-10.3028272647381,19.1141524626284,3.71975389766725e-08,5353,43574381.8969206
racethn_combn,NHW,1999-2020,21.2,WTMEC.COMBN,age+gender,inc_to_pov_level,nfs_high_vs_low,15066,98008698.1843948,161,quasibinomial (logit),Middle income,0.55254361951653,0.110821344084563,1.61628129265394e-06,0.335333785110788,0.769753453922273,19.1141524626284,3.71975389766725e-08,7377,44572445.7077347
racethn_combn,NHW,1999-2020,21.2,WTMEC.COMBN,age+gender,inc_to_pov_level,nfs_high_vs_low,15066,98008698.1843948,161,quasibinomial (logit),Low income,0.927731003593665,0.16583500957828,9.62192085607332e-08,0.602694384820236,1.25276762236709,19.1141524626284,3.71975389766725e-08,2336,9861870.57973953
racethn_combn,Other/Multi-Racial/NHAsian,1999-2020,21.2,WTMEC.COMBN,age+gender,inc_to_pov_level,nfs_high_vs_low,942,4740729.40419886,80,quasibinomial (logit),High income (Intercept),-12.7832790857466,1.44273974269012,2.47042216052164e-13,-15.6110489814192,-9.95550919007393,2.09848846589395,0.129691823560257,270,1641214.56229009
racethn_combn,Other/Multi-Racial/NHAsian,1999-2020,21.2,WTMEC.COMBN,age+gender,inc_to_pov_level,nfs_high_vs_low,942,4740729.40419886,80,quasibinomial (logit),Middle income,1.02804441585067,0.507098201141523,0.0461374784188596,0.0341319416132849,2.02195689008805,2.09848846589395,0.129691823560257,447,2266976.27921215
racethn_combn,Other/Multi-Racial/NHAsian,1999-2020,21.2,WTMEC.COMBN,age+gender,inc_to_pov_level,nfs_high_vs_low,942,4740729.40419886,80,quasibinomial (logit),Low income,0.533196690649016,0.703925470270988,0.451115367706019,-0.846497231082121,1.91289061238015,2.09848846589395,0.129691823560257,225,832538.562696614
racethn_combn,Mexican-American,1999-2020,21.2,WTMEC.COMBN,age+gender,inc_to_pov_level,nfs_high_vs_low,6624,12788751.9996064,139,quasibinomial (logit),High income (Intercept),-11.3327714306553,0.484037261509197,2.23803547077359e-49,-12.2814844632134,-10.3840583980973,0.458540439611281,0.633186684051128,750,1606456.6167274
racethn_combn,Mexican-American,1999-2020,21.2,WTMEC.COMBN,age+gender,inc_to_pov_level,nfs_high_vs_low,6624,12788751.9996064,139,quasibinomial (logit),Middle income,0.255229100185277,0.350157202673666,0.467326298609109,-0.431079017055109,0.941537217425663,0.458540439611281,0.633186684051128,3741,7282285.28462228
racethn_combn,Mexican-American,1999-2020,21.2,WTMEC.COMBN,age+gender,inc_to_pov_level,nfs_high_vs_low,6624,12788751.9996064,139,quasibinomial (logit),Low income,0.291769244388007,0.304681440811912,0.339965886601853,-0.30540637960334,0.888944868379353,0.458540439611281,0.633186684051128,2133,3900010.09825668
racethn_combn,NHB,1999-2020,21.2,WTMEC.COMBN,age+gender,inc_to_pov_level,nfs_high_vs_low,7008,14407052.4763105,143,quasibinomial (logit),High income (Intercept),-9.5045631047192,0.310079247263245,1.03835463181841e-63,-10.1123184293552,-8.89680778008325,5.58642154174934,0.00463901859562765,1255,2710019.58071723
racethn_combn,NHB,1999-2020,21.2,WTMEC.COMBN,age+gender,inc_to_pov_level,nfs_high_vs_low,7008,14407052.4763105,143,quasibinomial (logit),Middle income,0.381005711812761,0.152705857208644,0.0137651381286674,0.0817022316838184,0.680309191941704,5.58642154174934,0.00463901859562765,3769,7862113.28421523
racethn_combn,NHB,1999-2020,21.2,WTMEC.COMBN,age+gender,inc_to_pov_level,nfs_high_vs_low,7008,14407052.4763105,143,quasibinomial (logit),Low income,0.595900029352626,0.178884963606214,0.00110784664621084,0.245285500684445,0.946514558020806,5.58642154174934,0.00463901859562765,1984,3834919.611378
racethn_combn,Other Hispanic,1999-2020,21.2,WTMEC.COMBN,age+gender,inc_to_pov_level,nfs_high_vs_low,2862,8685785.12897949,127,quasibinomial (logit),High income (Intercept),-11.1057147754407,0.683723685583737,2.15750958541563e-32,-12.4458131991848,-9.76561635169654,0.515591756483285,0.598431926015015,484,1546659.75426364
racethn_combn,Other Hispanic,1999-2020,21.2,WTMEC.COMBN,age+gender,inc_to_pov_level,nfs_high_vs_low,2862,8685785.12897949,127,quasibinomial (logit),Middle income,0.0088964155253895,0.343492755676973,0.979379181996819,-0.664349385601478,0.682142216652257,0.515591756483285,0.598431926015015,1535,4711289.6881231
racethn_combn,Other Hispanic,1999-2020,21.2,WTMEC.COMBN,age+gender,inc_to_pov_level,nfs_high_vs_low,2862,8685785.12897949,127,quasibinomial (logit),Low income,0.274475768737967,0.375353698400314,0.466019889142294,-0.461217480126649,1.01016901760258,0.515591756483285,0.598431926015015,843,2427835.68659274
racethn_combn,NHAsian,1999-2020,21.2,WTMEC.COMBN,age+gender,inc_to_pov_level,nfs_high_vs_low,2008,3715659.81713834,70,quasibinomial (logit),High income (Intercept),-14.0209219519514,2.0957143965756,5.7362707532947e-09,-18.1285221692396,-9.91332173466327,3.49107777368152,0.0362075573788696,820,1612311.54638615
racethn_combn,NHAsian,1999-2020,21.2,WTMEC.COMBN,age+gender,inc_to_pov_level,nfs_high_vs_low,2008,3715659.81713834,70,quasibinomial (logit),Middle income,1.0234522335578,0.409482367986118,0.0149361217907949,0.220866792305013,1.82603767481059,3.49107777368152,0.0362075573788696,919,1669764.77640826
racethn_combn,NHAsian,1999-2020,21.2,WTMEC.COMBN,age+gender,inc_to_pov_level,nfs_high_vs_low,2008,3715659.81713834,70,quasibinomial (logit),Low income,0.847979919353945,0.419050726464514,0.0470664775031702,0.0266404954834973,1.66931934322439,3.49107777368152,0.0362075573788696,269,433583.494343925
racethn_combn,Other/Multi-Racial,1999-2020,21.2,WTMEC.COMBN,age+gender,inc_to_pov_level,nfs_high_vs_low,597,2204149.55557611,69,quasibinomial (logit),High income (Intercept),-10.2583053386214,1.13413282746923,4.12659344838729e-13,-12.4812056804611,-8.03540499678169,1.79948095737772,0.173525745904887,132,575493.686800623
racethn_combn,Other/Multi-Racial,1999-2020,21.2,WTMEC.COMBN,age+gender,inc_to_pov_level,nfs_high_vs_low,597,2204149.55557611,69,quasibinomial (logit),Middle income,0.54787785531281,0.815392501443576,0.504016461079296,-1.0502914475166,2.14604715814222,1.79948095737772,0.173525745904887,318,1210088.13764606
racethn_combn,Other/Multi-Racial,1999-2020,21.2,WTMEC.COMBN,age+gender,inc_to_pov_level,nfs_high_vs_low,597,2204149.55557611,69,quasibinomial (logit),Low income,1.40560761848731,0.798300075803033,0.0829842603641864,-0.159060530086632,2.97027576706126,1.79948095737772,0.173525745904887,147,418567.731129434
racethn_combn,NHAsian,2017-2020,3.2,WTMEC.COMBN,age+gender,inc_to_pov_level,liver_cap_any,834,11156989.175079,24,quasibinomial (logit),High income (Intercept),-0.931829459204871,0.266128103614429,0.00224765862588045,-1.45344054228915,-0.41021837612059,0.467269009721909,0.63338262095871,363,5006777.314428
racethn_combn,NHAsian,2017-2020,3.2,WTMEC.COMBN,age+gender,inc_to_pov_level,liver_cap_any,834,11156989.175079,24,quasibinomial (logit),Middle income,0.0765954428162317,0.192966398148693,0.695618074074012,-0.301618697555206,0.45480958318767,0.467269009721909,0.63338262095871,382,5103434.212767
racethn_combn,NHAsian,2017-2020,3.2,WTMEC.COMBN,age+gender,inc_to_pov_level,liver_cap_any,834,11156989.175079,24,quasibinomial (logit),Low income,-0.203070033875084,0.232203889259426,0.392208923027273,-0.658189656823559,0.25204958907339,0.467269009721909,0.63338262095871,89,1046777.647884
racethn_combn,NHW,2017-2020,3.2,WTMEC.COMBN,age+gender,inc_to_pov_level,liver_cap_any,2492,129138317.777341,25,quasibinomial (logit),High income (Intercept),-1.23437824687825,0.253164478325177,8.04078150563388e-05,-1.73058062439559,-0.738175869360902,0.480262106904127,0.625250740858654,829,62032861.862475
racethn_combn,NHW,2017-2020,3.2,WTMEC.COMBN,age+gender,inc_to_pov_level,liver_cap_any,2492,129138317.777341,25,quasibinomial (logit),Middle income,0.102014969081268,0.127045287348325,0.430980585334096,-0.146993794121448,0.351023732283984,0.480262106904127,0.625250740858654,1324,56221825.759417
racethn_combn,NHW,2017-2020,3.2,WTMEC.COMBN,age+gender,inc_to_pov_level,liver_cap_any,2492,129138317.777341,25,quasibinomial (logit),Low income,0.176216108078287,0.224439621113375,0.441140989943853,-0.263685549303927,0.616117765460501,0.480262106904127,0.625250740858654,339,10883630.155449
racethn_combn,Other/Multi-Racial,2017-2020,3.2,WTMEC.COMBN,age+gender,inc_to_pov_level,liver_cap_any,359,8358295.064997,25,quasibinomial (logit),High income (Intercept),-1.50412358986554,0.543703317651796,0.0115665364556143,-2.56978209246306,-0.43846508726802,0.935059869497209,0.408304335497214,82,2283827.341884
racethn_combn,Other/Multi-Racial,2017-2020,3.2,WTMEC.COMBN,age+gender,inc_to_pov_level,liver_cap_any,359,8358295.064997,25,quasibinomial (logit),Middle income,0.553201464396424,0.430083320640185,0.212351461409771,-0.289761844058338,1.39616477285119,0.935059869497209,0.408304335497214,196,4594296.477858
racethn_combn,Other/Multi-Racial,2017-2020,3.2,WTMEC.COMBN,age+gender,inc_to_pov_level,liver_cap_any,359,8358295.064997,25,quasibinomial (logit),Low income,0.28237517517756,0.677087564834396,0.680878787040823,-1.04471645189786,1.60946680225298,0.935059869497209,0.408304335497214,81,1480171.245255
racethn_combn,NHB,2017-2020,3.2,WTMEC.COMBN,age+gender,inc_to_pov_level,liver_cap_any,1793,21814610.694327,25,quasibinomial (logit),High income (Intercept),-0.610447514240796,0.213139484919154,0.00928937322173715,-1.02820090468234,-0.192694123799253,1.08035761176498,0.357607768591342,350,4913785.563878
racethn_combn,NHB,2017-2020,3.2,WTMEC.COMBN,age+gender,inc_to_pov_level,liver_cap_any,1793,21814610.694327,25,quasibinomial (logit),Middle income,-0.0572337881076214,0.145282693816076,0.697591325121274,-0.34198786798713,0.227520291771888,1.08035761176498,0.357607768591342,976,11919016.110079
racethn_combn,NHB,2017-2020,3.2,WTMEC.COMBN,age+gender,inc_to_pov_level,liver_cap_any,1793,21814610.694327,25,quasibinomial (logit),Low income,-0.189422645712524,0.147773606893519,0.213869665556956,-0.479058915223821,0.100213623798773,1.08035761176498,0.357607768591342,467,4981809.02037
racethn_combn,Other Hispanic,2017-2020,3.2,WTMEC.COMBN,age+gender,inc_to_pov_level,liver_cap_any,689,14405437.699751,24,quasibinomial (logit),High income (Intercept),-1.26801247288787,0.354123009738359,0.00187026219785598,-1.96209357197506,-0.573931373800688,2.22334005852685,0.134307745212036,140,3616412.730376
racethn_combn,Other Hispanic,2017-2020,3.2,WTMEC.COMBN,age+gender,inc_to_pov_level,liver_cap_any,689,14405437.699751,24,quasibinomial (logit),Middle income,0.407450048445297,0.284748964356396,0.167896352143993,-0.15065792169324,0.965558018583833,2.22334005852685,0.134307745212036,354,7033936.343862
racethn_combn,Other Hispanic,2017-2020,3.2,WTMEC.COMBN,age+gender,inc_to_pov_level,liver_cap_any,689,14405437.699751,24,quasibinomial (logit),Low income,0.0294045173880984,0.303648949731473,0.923819507565443,-0.565747424085588,0.624556458861785,2.22334005852685,0.134307745212036,195,3755088.625513
racethn_combn,Mexican-American,2017-2020,3.2,WTMEC.COMBN,age+gender,inc_to_pov_level,liver_cap_any,812,16635493.352904,19,quasibinomial (logit),High income (Intercept),-0.83754322862196,0.402296585453097,0.0548901165153359,-1.62604453611003,-0.0490419211338905,0.532451137931122,0.597859015412802,138,3118408.50443
racethn_combn,Mexican-American,2017-2020,3.2,WTMEC.COMBN,age+gender,inc_to_pov_level,liver_cap_any,812,16635493.352904,19,quasibinomial (logit),Middle income,0.123572758586468,0.159151451064737,0.449555686843555,-0.188364085500417,0.435509602673353,0.532451137931122,0.597859015412802,466,9420620.669203
racethn_combn,Mexican-American,2017-2020,3.2,WTMEC.COMBN,age+gender,inc_to_pov_level,liver_cap_any,812,16635493.352904,19,quasibinomial (logit),Low income,0.26009513158161,0.272717118610656,0.355344118170614,-0.274430420895276,0.794620684058496,0.532451137931122,0.597859015412802,208,4096464.179271
racethn_combn,NHAsian,2017-2020,3.2,WTMEC.COMBN,age+gender,inc_to_pov_level,liver_cap_mod_sev,834,11156989.175079,24,quasibinomial (logit),High income (Intercept),-1.4160948216786,0.193090876642666,4.34702564563687e-07,-1.79455293989822,-1.03763670345897,1.05696233323214,0.3661353813369,363,5006777.314428
racethn_combn,NHAsian,2017-2020,3.2,WTMEC.COMBN,age+gender,inc_to_pov_level,liver_cap_mod_sev,834,11156989.175079,24,quasibinomial (logit),Middle income,-0.224351430850057,0.240416917206553,0.361858819284868,-0.6955685885749,0.246865726874786,1.05696233323214,0.3661353813369,382,5103434.212767
racethn_combn,NHAsian,2017-2020,3.2,WTMEC.COMBN,age+gender,inc_to_pov_level,liver_cap_mod_sev,834,11156989.175079,24,quasibinomial (logit),Low income,-0.345981007224099,0.25772647068789,0.194495353267916,-0.851124889772363,0.159162875324166,1.05696233323214,0.3661353813369,89,1046777.647884
racethn_combn,NHW,2017-2020,3.2,WTMEC.COMBN,age+gender,inc_to_pov_level,liver_cap_mod_sev,2492,129138317.777341,25,quasibinomial (logit),High income (Intercept),-1.72553923231426,0.22195059417216,1.29860084646021e-07,-2.16056239689169,-1.29051606773683,1.49170108352088,0.247878751274708,829,62032861.862475
racethn_combn,NHW,2017-2020,3.2,WTMEC.COMBN,age+gender,inc_to_pov_level,liver_cap_mod_sev,2492,129138317.777341,25,quasibinomial (logit),Middle income,0.110354394993073,0.131778082050006,0.411782735582832,-0.147930645824938,0.368639435811084,1.49170108352088,0.247878751274708,1324,56221825.759417
racethn_combn,NHW,2017-2020,3.2,WTMEC.COMBN,age+gender,inc_to_pov_level,liver_cap_mod_sev,2492,129138317.777341,25,quasibinomial (logit),Low income,0.318362569265552,0.184650466734333,0.0993746736864994,-0.0435523455337407,0.680277484064844,1.49170108352088,0.247878751274708,339,10883630.155449
racethn_combn,Other/Multi-Racial,2017-2020,3.2,WTMEC.COMBN,age+gender,inc_to_pov_level,liver_cap_mod_sev,359,8358295.064997,25,quasibinomial (logit),High income (Intercept),-2.31991485836819,0.551613897044295,0.000397327226722524,-3.40107809657501,-1.23875162016138,4.22293492372993,0.0287439546607086,82,2283827.341884
racethn_combn,Other/Multi-Racial,2017-2020,3.2,WTMEC.COMBN,age+gender,inc_to_pov_level,liver_cap_mod_sev,359,8358295.064997,25,quasibinomial (logit),Middle income,1.10912895686995,0.454629106309442,0.0236592755185461,0.218055908503445,2.00020200523646,4.22293492372993,0.0287439546607086,196,4594296.477858
racethn_combn,Other/Multi-Racial,2017-2020,3.2,WTMEC.COMBN,age+gender,inc_to_pov_level,liver_cap_mod_sev,359,8358295.064997,25,quasibinomial (logit),Low income,0.765026479216502,0.659082067267418,0.25877102729931,-0.526774372627637,2.05682733106064,4.22293492372993,0.0287439546607086,81,1480171.245255
racethn_combn,NHB,2017-2020,3.2,WTMEC.COMBN,age+gender,inc_to_pov_level,liver_cap_mod_sev,1793,21814610.694327,25,quasibinomial (logit),High income (Intercept),-1.11799638508572,0.149487982961857,2.38319241432437e-07,-1.41099283169096,-0.824999938480478,0.312117681797662,0.735232367565676,350,4913785.563878
racethn_combn,NHB,2017-2020,3.2,WTMEC.COMBN,age+gender,inc_to_pov_level,liver_cap_mod_sev,1793,21814610.694327,25,quasibinomial (logit),Middle income,-0.0542426035634662,0.124192390974573,0.666741418403773,-0.29765968987363,0.189174482746698,0.312117681797662,0.735232367565676,976,11919016.110079
racethn_combn,NHB,2017-2020,3.2,WTMEC.COMBN,age+gender,inc_to_pov_level,liver_cap_mod_sev,1793,21814610.694327,25,quasibinomial (logit),Low income,-0.10978117837956,0.141718435290249,0.447185560910151,-0.387549311548448,0.167986954789327,0.312117681797662,0.735232367565676,467,4981809.02037
racethn_combn,Other Hispanic,2017-2020,3.2,WTMEC.COMBN,age+gender,inc_to_pov_level,liver_cap_mod_sev,689,14405437.699751,24,quasibinomial (logit),High income (Intercept),-1.53697405019699,0.397995306059725,0.000971746786844008,-2.31704485007405,-0.756903250319924,2.10331105526462,0.148237489715821,140,3616412.730376
racethn_combn,Other Hispanic,2017-2020,3.2,WTMEC.COMBN,age+gender,inc_to_pov_level,liver_cap_mod_sev,689,14405437.699751,24,quasibinomial (logit),Middle income,0.208310520140983,0.247569864110185,0.410060331038811,-0.276926413514979,0.693547453796945,2.10331105526462,0.148237489715821,354,7033936.343862
racethn_combn,Other Hispanic,2017-2020,3.2,WTMEC.COMBN,age+gender,inc_to_pov_level,liver_cap_mod_sev,689,14405437.699751,24,quasibinomial (logit),Low income,-0.0874731064198777,0.274153985675262,0.752985216985599,-0.624814918343391,0.449868705503636,2.10331105526462,0.148237489715821,195,3755088.625513
racethn_combn,Mexican-American,2017-2020,3.2,WTMEC.COMBN,age+gender,inc_to_pov_level,liver_cap_mod_sev,812,16635493.352904,19,quasibinomial (logit),High income (Intercept),-1.07009093675209,0.463153989280794,0.0355000269970249,-1.97787275574245,-0.162309117761732,2.11989771882766,0.15458988226761,138,3118408.50443
racethn_combn,Mexican-American,2017-2020,3.2,WTMEC.COMBN,age+gender,inc_to_pov_level,liver_cap_mod_sev,812,16635493.352904,19,quasibinomial (logit),Middle income,0.26953265518917,0.159483678878447,0.111691146840903,-0.043055355412585,0.582120665790926,2.11989771882766,0.15458988226761,466,9420620.669203
racethn_combn,Mexican-American,2017-2020,3.2,WTMEC.COMBN,age+gender,inc_to_pov_level,liver_cap_mod_sev,812,16635493.352904,19,quasibinomial (logit),Low income,0.40083639583757,0.228737081196904,0.100116861496312,-0.0474882833083619,0.849161074983502,2.11989771882766,0.15458988226761,208,4096464.179271
