strata_var,strata_level,cycle_yrs,n_yrs.,survweight.,model_covars,exposure,outcome,n_total_raw,n_total_weighted,model_df,model_type,exp_level,beta,se,pval,low95CI,up95CI,fstat,f_pval,n_exp_raw,n_exp_weighted
age_4lvl,over65y,1999-2020,21.2,WTMEC.COMBN,gender,educ_level,diabetes,14883,39959786.9291295,163,quasibinomial (logit),College graduate or above (Intercept),-1.59062461540337,0.0702409924120233,1.78691446414645e-51,-1.72829696053094,-1.45295227027581,24.6163070267229,7.5271097610203e-16,2633,9499711.08193621
age_4lvl,over65y,1999-2020,21.2,WTMEC.COMBN,gender,educ_level,diabetes,14883,39959786.9291295,163,quasibinomial (logit),Some college or AA degree,0.451307263271891,0.0753629050852362,1.37777800516361e-08,0.303595969304828,0.599018557238954,24.6163070267229,7.5271097610203e-16,3385,10392602.684622
age_4lvl,over65y,1999-2020,21.2,WTMEC.COMBN,gender,educ_level,diabetes,14883,39959786.9291295,163,quasibinomial (logit),HS graduate or GED,0.475302389879511,0.0798157832117028,1.62871869030374e-08,0.318863454784574,0.631741324974449,24.6163070267229,7.5271097610203e-16,3579,10652007.1500161
age_4lvl,over65y,1999-2020,21.2,WTMEC.COMBN,gender,educ_level,diabetes,14883,39959786.9291295,163,quasibinomial (logit),9-11th grade,0.654079743578409,0.087146560458467,4.19464945155187e-12,0.483272485079814,0.824887002077004,24.6163070267229,7.5271097610203e-16,2270,5024786.59162644
age_4lvl,over65y,1999-2020,21.2,WTMEC.COMBN,gender,educ_level,diabetes,14883,39959786.9291295,163,quasibinomial (logit),Less than 9th grade,0.830134811262238,0.0906620871859197,2.64439407996217e-16,0.652437120377836,1.00783250214664,24.6163070267229,7.5271097610203e-16,3016,4390679.42092872
age_4lvl,40to64y,1999-2020,21.2,WTMEC.COMBN,gender,educ_level,diabetes,23815,96793586.9279816,163,quasibinomial (logit),College graduate or above (Intercept),-2.28632043233284,0.0612280505991604,2.6949175085155e-80,-2.40632741150719,-2.16631345315848,44.6232746447853,4.95800992547488e-25,5528,29415697.5759598
age_4lvl,40to64y,1999-2020,21.2,WTMEC.COMBN,gender,educ_level,diabetes,23815,96793586.9279816,163,quasibinomial (logit),Some college or AA degree,0.428266321407451,0.0727014147986974,2.24221614983807e-08,0.285771548402004,0.570761094412898,44.6232746447853,4.95800992547488e-25,6688,29106176.3211252
age_4lvl,40to64y,1999-2020,21.2,WTMEC.COMBN,gender,educ_level,diabetes,23815,96793586.9279816,163,quasibinomial (logit),HS graduate or GED,0.476634568777135,0.0794645503608506,1.31290848999785e-08,0.320884050069868,0.632385087484402,44.6232746447853,4.95800992547488e-25,5378,22979274.4484935
age_4lvl,40to64y,1999-2020,21.2,WTMEC.COMBN,gender,educ_level,diabetes,23815,96793586.9279816,163,quasibinomial (logit),9-11th grade,0.704860704414508,0.0793475132850434,1.37083261009164e-15,0.549339578375823,0.860381830453193,44.6232746447853,4.95800992547488e-25,3448,10049398.0067172
age_4lvl,40to64y,1999-2020,21.2,WTMEC.COMBN,gender,educ_level,diabetes,23815,96793586.9279816,163,quasibinomial (logit),Less than 9th grade,1.04083164038006,0.0808473807522499,2.15320376627521e-26,0.882370774105646,1.19929250665447,44.6232746447853,4.95800992547488e-25,2773,5243040.57568589
age_4lvl,under30y,1999-2020,21.2,WTMEC.COMBN,gender,educ_level,diabetes,13930,47428278.6887958,163,quasibinomial (logit),College graduate or above (Intercept),-4.13526083209164,0.212450358110712,8.14141804007599e-44,-4.55166353398864,-3.71885813019465,2.04543471900152,0.0905920786625085,1793,8936337.63426247
age_4lvl,under30y,1999-2020,21.2,WTMEC.COMBN,gender,educ_level,diabetes,13930,47428278.6887958,163,quasibinomial (logit),Some college or AA degree,0.204228265738214,0.229443701255866,0.374764497147833,-0.245481388723284,0.653937920199711,2.04543471900152,0.0905920786625085,4524,16991024.7226768
age_4lvl,under30y,1999-2020,21.2,WTMEC.COMBN,gender,educ_level,diabetes,13930,47428278.6887958,163,quasibinomial (logit),HS graduate or GED,0.307008877216642,0.23445642232208,0.192283050127783,-0.152525710534636,0.766543464967919,2.04543471900152,0.0905920786625085,3827,13018649.8796797
age_4lvl,under30y,1999-2020,21.2,WTMEC.COMBN,gender,educ_level,diabetes,13930,47428278.6887958,163,quasibinomial (logit),9-11th grade,0.660414379980588,0.247047265299208,0.00830141028166629,0.17620173999414,1.14462701996704,2.04543471900152,0.0905920786625085,3088,6967785.35225882
age_4lvl,under30y,1999-2020,21.2,WTMEC.COMBN,gender,educ_level,diabetes,13930,47428278.6887958,163,quasibinomial (logit),Less than 9th grade,0.305177350198146,0.50045945075702,0.542874011855637,-0.675723173285614,1.28607787368191,2.04543471900152,0.0905920786625085,698,1514481.09991799
age_4lvl,30to39y,1999-2020,21.2,WTMEC.COMBN,gender,educ_level,diabetes,9826,40799340.5711238,163,quasibinomial (logit),College graduate or above (Intercept),-3.74952857948388,0.165153513486899,1.31062346152698e-51,-4.0732294659182,-3.42582769304956,12.0619314199504,1.40206025144576e-08,2689,13225246.5211184
age_4lvl,30to39y,1999-2020,21.2,WTMEC.COMBN,gender,educ_level,diabetes,9826,40799340.5711238,163,quasibinomial (logit),Some college or AA degree,0.961869663390412,0.200737935241188,3.78510662234752e-06,0.568423310317685,1.35531601646314,12.0619314199504,1.40206025144576e-08,2861,12310778.3140139
age_4lvl,30to39y,1999-2020,21.2,WTMEC.COMBN,gender,educ_level,diabetes,9826,40799340.5711238,163,quasibinomial (logit),HS graduate or GED,1.12040078474274,0.193084637727667,3.46472649455952e-08,0.74195489479651,1.49884667468897,12.0619314199504,1.40206025144576e-08,2139,8681391.10364896
age_4lvl,30to39y,1999-2020,21.2,WTMEC.COMBN,gender,educ_level,diabetes,9826,40799340.5711238,163,quasibinomial (logit),9-11th grade,1.18646454373514,0.198628580698315,1.48647072850814e-08,0.797152525566441,1.57577656190383,12.0619314199504,1.40206025144576e-08,1400,4570590.68588113
age_4lvl,30to39y,1999-2020,21.2,WTMEC.COMBN,gender,educ_level,diabetes,9826,40799340.5711238,163,quasibinomial (logit),Less than 9th grade,1.26284753553626,0.23032996275804,1.6261150915421e-07,0.811400808530497,1.71429426254201,12.0619314199504,1.40206025144576e-08,737,2011333.94646136
age_4lvl,over65y,1999-2020,21.2,WTMEC.COMBN,gender,educ_level,diabetes_undx,14883,39959786.9291295,163,quasibinomial (logit),College graduate or above (Intercept),-5.00376181717729,0.237856416626012,1.13687075386328e-47,-5.46996039376428,-4.53756324059031,0.663723937883269,0.618093101293951,2633,9499711.08193621
age_4lvl,over65y,1999-2020,21.2,WTMEC.COMBN,gender,educ_level,diabetes_undx,14883,39959786.9291295,163,quasibinomial (logit),Some college or AA degree,0.200310231910404,0.338104239542085,0.554395474351648,-0.462374077592081,0.86299454141289,0.663723937883269,0.618093101293951,3385,10392602.684622
age_4lvl,over65y,1999-2020,21.2,WTMEC.COMBN,gender,educ_level,diabetes_undx,14883,39959786.9291295,163,quasibinomial (logit),HS graduate or GED,0.175503879828403,0.305605763721277,0.56659370429206,-0.423483417065299,0.774491176722106,0.663723937883269,0.618093101293951,3579,10652007.1500161
age_4lvl,over65y,1999-2020,21.2,WTMEC.COMBN,gender,educ_level,diabetes_undx,14883,39959786.9291295,163,quasibinomial (logit),9-11th grade,-0.0838286286866013,0.344550465455622,0.808089716981966,-0.759147540979621,0.591490283606419,0.663723937883269,0.618093101293951,2270,5024786.59162644
age_4lvl,over65y,1999-2020,21.2,WTMEC.COMBN,gender,educ_level,diabetes_undx,14883,39959786.9291295,163,quasibinomial (logit),Less than 9th grade,-0.249981196200928,0.337530017014066,0.46002359616629,-0.911540029548498,0.411577637146641,0.663723937883269,0.618093101293951,3016,4390679.42092872
age_4lvl,40to64y,1999-2020,21.2,WTMEC.COMBN,gender,educ_level,diabetes_undx,23815,96793586.9279816,163,quasibinomial (logit),College graduate or above (Intercept),-5.15341188009553,0.236225274870574,1.57139786494002e-49,-5.61641341884185,-4.69041034134921,0.809669390974072,0.52072187587964,5528,29415697.5759598
age_4lvl,40to64y,1999-2020,21.2,WTMEC.COMBN,gender,educ_level,diabetes_undx,23815,96793586.9279816,163,quasibinomial (logit),Some college or AA degree,0.0671325934393795,0.293872602872367,0.819598698489649,-0.508857708190459,0.643122895069218,0.809669390974072,0.52072187587964,6688,29106176.3211252
age_4lvl,40to64y,1999-2020,21.2,WTMEC.COMBN,gender,educ_level,diabetes_undx,23815,96793586.9279816,163,quasibinomial (logit),HS graduate or GED,-0.232526156869661,0.285846717854225,0.417175961141891,-0.792785723863942,0.327733410124621,0.809669390974072,0.52072187587964,5378,22979274.4484935
age_4lvl,40to64y,1999-2020,21.2,WTMEC.COMBN,gender,educ_level,diabetes_undx,23815,96793586.9279816,163,quasibinomial (logit),9-11th grade,-0.20613948677166,0.375290142806784,0.583588571347225,-0.941708166672957,0.529429193129637,0.809669390974072,0.52072187587964,3448,10049398.0067172
age_4lvl,40to64y,1999-2020,21.2,WTMEC.COMBN,gender,educ_level,diabetes_undx,23815,96793586.9279816,163,quasibinomial (logit),Less than 9th grade,0.399399559469019,0.385440816714908,0.301685147036945,-0.356064441292201,1.15486356023024,0.809669390974072,0.52072187587964,2773,5243040.57568589
age_4lvl,under30y,1999-2020,21.2,WTMEC.COMBN,gender,educ_level,diabetes_undx,13930,47428278.6887958,163,quasibinomial (logit),College graduate or above (Intercept),-23.4907297791266,0.222398344764928,1.82601280196974e-148,-23.9266305348659,-23.0548290233873,574.856203602519,5.25500074927852e-93,1793,8936337.63426247
age_4lvl,under30y,1999-2020,21.2,WTMEC.COMBN,gender,educ_level,diabetes_undx,13930,47428278.6887958,163,quasibinomial (logit),Some college or AA degree,17.0359929733638,0.465580592539542,4.78318146128546e-79,16.1234550119863,17.9485309347413,574.856203602519,5.25500074927852e-93,4524,16991024.7226768
age_4lvl,under30y,1999-2020,21.2,WTMEC.COMBN,gender,educ_level,diabetes_undx,13930,47428278.6887958,163,quasibinomial (logit),HS graduate or GED,15.4150231139168,1.0167082959624,1.26111306872287e-32,13.4222748538305,17.4077713740032,574.856203602519,5.25500074927852e-93,3827,13018649.8796797
age_4lvl,under30y,1999-2020,21.2,WTMEC.COMBN,gender,educ_level,diabetes_undx,13930,47428278.6887958,163,quasibinomial (logit),9-11th grade,16.4331074043955,0.615846331014968,2.06910421504834e-60,15.2260485956062,17.6401662131849,574.856203602519,5.25500074927852e-93,3088,6967785.35225882
age_4lvl,under30y,1999-2020,21.2,WTMEC.COMBN,gender,educ_level,diabetes_undx,13930,47428278.6887958,163,quasibinomial (logit),Less than 9th grade,0.437816150123726,0.134611221162885,0.00139895085815967,0.173978156644471,0.701654143602981,574.856203602519,5.25500074927852e-93,698,1514481.09991799
age_4lvl,30to39y,1999-2020,21.2,WTMEC.COMBN,gender,educ_level,diabetes_undx,9826,40799340.5711238,163,quasibinomial (logit),College graduate or above (Intercept),-6.7317682155979,0.658451634191219,3.78112293300097e-19,-8.02233341861269,-5.44120301258311,0.28378188865257,0.888164747442394,2689,13225246.5211184
age_4lvl,30to39y,1999-2020,21.2,WTMEC.COMBN,gender,educ_level,diabetes_undx,9826,40799340.5711238,163,quasibinomial (logit),Some college or AA degree,0.335611504464916,0.778269626429841,0.666890517229769,-1.18979696333757,1.8610199722674,0.28378188865257,0.888164747442394,2861,12310778.3140139
age_4lvl,30to39y,1999-2020,21.2,WTMEC.COMBN,gender,educ_level,diabetes_undx,9826,40799340.5711238,163,quasibinomial (logit),HS graduate or GED,-0.415157982551042,0.795525272842464,0.602494113418761,-1.97438751732227,1.14407155222019,0.28378188865257,0.888164747442394,2139,8681391.10364896
age_4lvl,30to39y,1999-2020,21.2,WTMEC.COMBN,gender,educ_level,diabetes_undx,9826,40799340.5711238,163,quasibinomial (logit),9-11th grade,0.169325590343417,0.707973872318687,0.81128429324312,-1.21830319940121,1.55695438008804,0.28378188865257,0.888164747442394,1400,4570590.68588113
age_4lvl,30to39y,1999-2020,21.2,WTMEC.COMBN,gender,educ_level,diabetes_undx,9826,40799340.5711238,163,quasibinomial (logit),Less than 9th grade,0.0468846679467931,1.16588643803817,0.967973483400869,-2.23825275060802,2.3320220865016,0.28378188865257,0.888164747442394,737,2011333.94646136
age_4lvl,over65y,1999-2020,21.2,WTMEC.COMBN,gender,educ_level,htn,14883,39959786.9291295,163,quasibinomial (logit),College graduate or above (Intercept),0.961235085061127,0.0605924308321017,1.65228898163837e-34,0.842473920630207,1.07999624949205,12.0945397010421,1.33637360570466e-08,2633,9499711.08193621
age_4lvl,over65y,1999-2020,21.2,WTMEC.COMBN,gender,educ_level,htn,14883,39959786.9291295,163,quasibinomial (logit),Some college or AA degree,0.266339875651616,0.0824971358173907,0.00151364030419294,0.10464548944953,0.428034261853702,12.0945397010421,1.33637360570466e-08,3385,10392602.684622
age_4lvl,over65y,1999-2020,21.2,WTMEC.COMBN,gender,educ_level,htn,14883,39959786.9291295,163,quasibinomial (logit),HS graduate or GED,0.358993092908758,0.0726409754989276,1.95433311788445e-06,0.21661678093086,0.501369404886656,12.0945397010421,1.33637360570466e-08,3579,10652007.1500161
age_4lvl,over65y,1999-2020,21.2,WTMEC.COMBN,gender,educ_level,htn,14883,39959786.9291295,163,quasibinomial (logit),9-11th grade,0.508763110909878,0.0892628459516106,5.73445308780616e-08,0.333807932844722,0.683718288975035,12.0945397010421,1.33637360570466e-08,2270,5024786.59162644
age_4lvl,over65y,1999-2020,21.2,WTMEC.COMBN,gender,educ_level,htn,14883,39959786.9291295,163,quasibinomial (logit),Less than 9th grade,0.519135760414697,0.0852575645096384,8.30512958611649e-09,0.352030933975806,0.686240586853589,12.0945397010421,1.33637360570466e-08,3016,4390679.42092872
age_4lvl,40to64y,1999-2020,21.2,WTMEC.COMBN,gender,educ_level,htn,23815,96793586.9279816,163,quasibinomial (logit),College graduate or above (Intercept),-0.345632672548143,0.0416545552777583,4.41926097534685e-14,-0.427275600892549,-0.263989744203737,39.9633263760477,4.24537213918284e-23,5528,29415697.5759598
age_4lvl,40to64y,1999-2020,21.2,WTMEC.COMBN,gender,educ_level,htn,23815,96793586.9279816,163,quasibinomial (logit),Some college or AA degree,0.475311289816474,0.052419626524985,4.52588987495128e-16,0.372568821827503,0.578053757805445,39.9633263760477,4.24537213918284e-23,6688,29106176.3211252
age_4lvl,40to64y,1999-2020,21.2,WTMEC.COMBN,gender,educ_level,htn,23815,96793586.9279816,163,quasibinomial (logit),HS graduate or GED,0.595753501961061,0.0548019134472049,6.64494247865121e-21,0.488341751604539,0.703165252317582,39.9633263760477,4.24537213918284e-23,5378,22979274.4484935
age_4lvl,40to64y,1999-2020,21.2,WTMEC.COMBN,gender,educ_level,htn,23815,96793586.9279816,163,quasibinomial (logit),9-11th grade,0.572900762464962,0.0571104753983491,1.24457309527979e-18,0.460964230684197,0.684837294245726,39.9633263760477,4.24537213918284e-23,3448,10049398.0067172
age_4lvl,40to64y,1999-2020,21.2,WTMEC.COMBN,gender,educ_level,htn,23815,96793586.9279816,163,quasibinomial (logit),Less than 9th grade,0.319646807624508,0.0687084449673898,6.90194450669751e-06,0.184978255488424,0.454315359760592,39.9633263760477,4.24537213918284e-23,2773,5243040.57568589
age_4lvl,under30y,1999-2020,21.2,WTMEC.COMBN,gender,educ_level,htn,13930,47428278.6887958,163,quasibinomial (logit),College graduate or above (Intercept),-2.20166525687946,0.0956862026512691,2.57613545765357e-52,-2.38921021407595,-2.01412029968297,1.26648173076805,0.285477453682502,1793,8936337.63426247
age_4lvl,under30y,1999-2020,21.2,WTMEC.COMBN,gender,educ_level,htn,13930,47428278.6887958,163,quasibinomial (logit),Some college or AA degree,0.0632029701431664,0.107077212628549,0.555862275723847,-0.146668366608789,0.273074306895122,1.26648173076805,0.285477453682502,4524,16991024.7226768
age_4lvl,under30y,1999-2020,21.2,WTMEC.COMBN,gender,educ_level,htn,13930,47428278.6887958,163,quasibinomial (logit),HS graduate or GED,-0.00444094628459782,0.108548304623981,0.967417570823872,-0.217195623347601,0.208313730778406,1.26648173076805,0.285477453682502,3827,13018649.8796797
age_4lvl,under30y,1999-2020,21.2,WTMEC.COMBN,gender,educ_level,htn,13930,47428278.6887958,163,quasibinomial (logit),9-11th grade,-0.092905704000818,0.112122723510919,0.408576624351728,-0.312666242082219,0.126854834080583,1.26648173076805,0.285477453682502,3088,6967785.35225882
age_4lvl,under30y,1999-2020,21.2,WTMEC.COMBN,gender,educ_level,htn,13930,47428278.6887958,163,quasibinomial (logit),Less than 9th grade,-0.222278060142054,0.162640577153777,0.173666395683403,-0.541053591363456,0.096497471079348,1.26648173076805,0.285477453682502,698,1514481.09991799
age_4lvl,30to39y,1999-2020,21.2,WTMEC.COMBN,gender,educ_level,htn,9826,40799340.5711238,163,quasibinomial (logit),College graduate or above (Intercept),-1.53308097001742,0.0813911190985911,3.0841231920613e-42,-1.69260756345066,-1.37355437658418,9.78433421505488,4.26050610204373e-07,2689,13225246.5211184
age_4lvl,30to39y,1999-2020,21.2,WTMEC.COMBN,gender,educ_level,htn,9826,40799340.5711238,163,quasibinomial (logit),Some college or AA degree,0.357385756125057,0.0810450474065042,1.90545163509966e-05,0.198537463208308,0.516234049041805,9.78433421505488,4.26050610204373e-07,2861,12310778.3140139
age_4lvl,30to39y,1999-2020,21.2,WTMEC.COMBN,gender,educ_level,htn,9826,40799340.5711238,163,quasibinomial (logit),HS graduate or GED,0.325395583462364,0.090449036935103,0.000429203280178179,0.148115471069562,0.502675695855165,9.78433421505488,4.26050610204373e-07,2139,8681391.10364896
age_4lvl,30to39y,1999-2020,21.2,WTMEC.COMBN,gender,educ_level,htn,9826,40799340.5711238,163,quasibinomial (logit),9-11th grade,0.434222576887153,0.0992405252372174,2.19270977531752e-05,0.239711147422207,0.628734006352099,9.78433421505488,4.26050610204373e-07,1400,4570590.68588113
age_4lvl,30to39y,1999-2020,21.2,WTMEC.COMBN,gender,educ_level,htn,9826,40799340.5711238,163,quasibinomial (logit),Less than 9th grade,-0.132354216291793,0.122509766061786,0.281629803953583,-0.372473357772894,0.107764925189308,9.78433421505488,4.26050610204373e-07,737,2011333.94646136
age_4lvl,over65y,1999-2020,21.2,WTMEC.COMBN,gender,educ_level,htn_undx,12908,37873431.3585958,163,quasibinomial (logit),College graduate or above (Intercept),0.197295748635085,0.0603261024954123,0.00131805164390374,0.0790565877440773,0.315534909526094,19.6378176611492,3.88074069738084e-13,2332,9083134.77976319
age_4lvl,over65y,1999-2020,21.2,WTMEC.COMBN,gender,educ_level,htn_undx,12908,37873431.3585958,163,quasibinomial (logit),Some college or AA degree,0.287422575523507,0.0712726068330097,8.55861578003882e-05,0.147728266130808,0.427116884916206,19.6378176611492,3.88074069738084e-13,2993,9877951.61180455
age_4lvl,over65y,1999-2020,21.2,WTMEC.COMBN,gender,educ_level,htn_undx,12908,37873431.3585958,163,quasibinomial (logit),HS graduate or GED,0.389168732688773,0.0727468640805573,3.0456315626983e-07,0.246584879090881,0.531752586286665,19.6378176611492,3.88074069738084e-13,3093,10095429.4037331
age_4lvl,over65y,1999-2020,21.2,WTMEC.COMBN,gender,educ_level,htn_undx,12908,37873431.3585958,163,quasibinomial (logit),9-11th grade,0.507322789942623,0.0811437349931496,3.61728324577764e-09,0.34828106935605,0.666364510529196,19.6378176611492,3.88074069738084e-13,1954,4770979.9892511
age_4lvl,over65y,1999-2020,21.2,WTMEC.COMBN,gender,educ_level,htn_undx,12908,37873431.3585958,163,quasibinomial (logit),Less than 9th grade,0.649066149547024,0.0794603594566418,9.39996758391667e-14,0.493323845012006,0.804808454082042,19.6378176611492,3.88074069738084e-13,2536,4045935.57404385
age_4lvl,40to64y,1999-2020,21.2,WTMEC.COMBN,gender,educ_level,htn_undx,21709,92612486.1840577,163,quasibinomial (logit),College graduate or above (Intercept),-0.73312664041384,0.0433131075910074,2.5593244147164e-37,-0.818020331292215,-0.648232949535466,25.2863538048686,3.36404758474267e-16,5060,28178409.1775722
age_4lvl,40to64y,1999-2020,21.2,WTMEC.COMBN,gender,educ_level,htn_undx,21709,92612486.1840577,163,quasibinomial (logit),Some college or AA degree,0.334328313836888,0.0520476174402479,1.49104243069541e-09,0.232314983654002,0.436341644019774,25.2863538048686,3.36404758474267e-16,6152,28043817.938335
age_4lvl,40to64y,1999-2020,21.2,WTMEC.COMBN,gender,educ_level,htn_undx,21709,92612486.1840577,163,quasibinomial (logit),HS graduate or GED,0.485446463709654,0.0553719954741597,2.74794890547201e-15,0.376917352580301,0.593975574839007,25.2863538048686,3.36404758474267e-16,4915,21994638.4361944
age_4lvl,40to64y,1999-2020,21.2,WTMEC.COMBN,gender,educ_level,htn_undx,21709,92612486.1840577,163,quasibinomial (logit),9-11th grade,0.51085631851926,0.0613434816062085,3.70193097749002e-14,0.390623094571091,0.631089542467428,25.2863538048686,3.36404758474267e-16,3101,9502959.78649172
age_4lvl,40to64y,1999-2020,21.2,WTMEC.COMBN,gender,educ_level,htn_undx,21709,92612486.1840577,163,quasibinomial (logit),Less than 9th grade,0.328358053887973,0.0635860086420797,7.18596350670957e-07,0.203729476949497,0.452986630826449,25.2863538048686,3.36404758474267e-16,2481,4892660.84546447
age_4lvl,under30y,1999-2020,21.2,WTMEC.COMBN,gender,educ_level,htn_undx,12616,44938926.6262335,163,quasibinomial (logit),College graduate or above (Intercept),-2.4560257643834,0.110219540581992,1.2483677361767e-50,-2.67205606392411,-2.2399954648427,1.10517119306034,0.356106526945276,1637,8593567.7311486
age_4lvl,under30y,1999-2020,21.2,WTMEC.COMBN,gender,educ_level,htn_undx,12616,44938926.6262335,163,quasibinomial (logit),Some college or AA degree,-0.0145858867770535,0.11841698601134,0.902125905105746,-0.246683179359281,0.217511405805174,1.10517119306034,0.356106526945276,4109,16133531.4153634
age_4lvl,under30y,1999-2020,21.2,WTMEC.COMBN,gender,educ_level,htn_undx,12616,44938926.6262335,163,quasibinomial (logit),HS graduate or GED,-0.0389077859527026,0.120297787220837,0.746798094351038,-0.274691448905543,0.196875877000138,1.10517119306034,0.356106526945276,3479,12308187.3293321
age_4lvl,under30y,1999-2020,21.2,WTMEC.COMBN,gender,educ_level,htn_undx,12616,44938926.6262335,163,quasibinomial (logit),9-11th grade,-0.148151338237259,0.123901052964381,0.233596138499507,-0.390997402047446,0.0946947255729274,1.10517119306034,0.356106526945276,2779,6517280.4997639
age_4lvl,under30y,1999-2020,21.2,WTMEC.COMBN,gender,educ_level,htn_undx,12616,44938926.6262335,163,quasibinomial (logit),Less than 9th grade,-0.242373442136325,0.173118882816222,0.163461736242188,-0.58168645245612,0.0969395681834698,1.10517119306034,0.356106526945276,612,1386359.65062544
age_4lvl,30to39y,1999-2020,21.2,WTMEC.COMBN,gender,educ_level,htn_undx,8761,38457310.3590236,163,quasibinomial (logit),College graduate or above (Intercept),-1.78336857565227,0.0942416712446269,1.85557082501855e-42,-1.96808225129174,-1.5986549000128,4.58213196386733,0.00158039202476793,2378,12510496.5707781
age_4lvl,30to39y,1999-2020,21.2,WTMEC.COMBN,gender,educ_level,htn_undx,8761,38457310.3590236,163,quasibinomial (logit),Some college or AA degree,0.2728173109732,0.0928682491343306,0.00380187152284505,0.0907955426699117,0.454839079276488,4.58213196386733,0.00158039202476793,2580,11622897.6482845
age_4lvl,30to39y,1999-2020,21.2,WTMEC.COMBN,gender,educ_level,htn_undx,8761,38457310.3590236,163,quasibinomial (logit),HS graduate or GED,0.229741874829267,0.107970470046363,0.0349033957381657,0.0181197535383958,0.441363996120137,4.58213196386733,0.00158039202476793,1904,8168531.89770923
age_4lvl,30to39y,1999-2020,21.2,WTMEC.COMBN,gender,educ_level,htn_undx,8761,38457310.3590236,163,quasibinomial (logit),9-11th grade,0.33290953123986,0.106396857312626,0.0020896566698665,0.124371690907113,0.541447371572608,4.58213196386733,0.00158039202476793,1271,4365712.51526362
age_4lvl,30to39y,1999-2020,21.2,WTMEC.COMBN,gender,educ_level,htn_undx,8761,38457310.3590236,163,quasibinomial (logit),Less than 9th grade,-0.0636495691805522,0.139169609734677,0.648045943393018,-0.336422004260519,0.209122865899414,4.58213196386733,0.00158039202476793,628,1789671.72698813
age_4lvl,over65y,1999-2020,21.2,WTMEC.COMBN,gender,educ_level,htn_stg1,14883,39959786.9291295,163,quasibinomial (logit),College graduate or above (Intercept),0.0680400226555918,0.058483887098407,0.246422116692823,-0.0465883960572859,0.182668441368469,15.0438875219505,1.93178354694818e-10,2633,9499711.08193621
age_4lvl,over65y,1999-2020,21.2,WTMEC.COMBN,gender,educ_level,htn_stg1,14883,39959786.9291295,163,quasibinomial (logit),Some college or AA degree,0.267662324014062,0.0704533677114245,0.000206776015487258,0.12957372329967,0.405750924728454,15.0438875219505,1.93178354694818e-10,3385,10392602.684622
age_4lvl,over65y,1999-2020,21.2,WTMEC.COMBN,gender,educ_level,htn_stg1,14883,39959786.9291295,163,quasibinomial (logit),HS graduate or GED,0.355110720554411,0.0706848587956154,1.35600842343733e-06,0.216568397315005,0.493653043793817,15.0438875219505,1.93178354694818e-10,3579,10652007.1500161
age_4lvl,over65y,1999-2020,21.2,WTMEC.COMBN,gender,educ_level,htn_stg1,14883,39959786.9291295,163,quasibinomial (logit),9-11th grade,0.468834448595923,0.0766162543508334,7.12635262691032e-09,0.31866659006829,0.619002307123557,15.0438875219505,1.93178354694818e-10,2270,5024786.59162644
age_4lvl,over65y,1999-2020,21.2,WTMEC.COMBN,gender,educ_level,htn_stg1,14883,39959786.9291295,163,quasibinomial (logit),Less than 9th grade,0.513828825521166,0.0757572105183021,2.23380967158561e-10,0.365344692905294,0.662312958137038,15.0438875219505,1.93178354694818e-10,3016,4390679.42092872
age_4lvl,40to64y,1999-2020,21.2,WTMEC.COMBN,gender,educ_level,htn_stg1,23815,96793586.9279816,163,quasibinomial (logit),College graduate or above (Intercept),-0.80351763133411,0.0433991806360802,2.0143279930092e-41,-0.888580025380827,-0.718455237287392,22.7270012188636,7.61775524083798e-15,5528,29415697.5759598
age_4lvl,40to64y,1999-2020,21.2,WTMEC.COMBN,gender,educ_level,htn_stg1,23815,96793586.9279816,163,quasibinomial (logit),Some college or AA degree,0.336289697106488,0.051576121873043,8.988366885728e-10,0.235200498235324,0.437378895977652,22.7270012188636,7.61775524083798e-15,6688,29106176.3211252
age_4lvl,40to64y,1999-2020,21.2,WTMEC.COMBN,gender,educ_level,htn_stg1,23815,96793586.9279816,163,quasibinomial (logit),HS graduate or GED,0.469544442577616,0.0552093426806825,1.30518512372504e-14,0.361334130923478,0.577754754231753,22.7270012188636,7.61775524083798e-15,5378,22979274.4484935
age_4lvl,40to64y,1999-2020,21.2,WTMEC.COMBN,gender,educ_level,htn_stg1,23815,96793586.9279816,163,quasibinomial (logit),9-11th grade,0.47166878311333,0.0598488063841201,4.95836342206888e-13,0.354365122600455,0.588972443626205,22.7270012188636,7.61775524083798e-15,3448,10049398.0067172
age_4lvl,40to64y,1999-2020,21.2,WTMEC.COMBN,gender,educ_level,htn_stg1,23815,96793586.9279816,163,quasibinomial (logit),Less than 9th grade,0.274434716416299,0.0640328298900709,3.15432115322923e-05,0.14893036983176,0.399939063000838,22.7270012188636,7.61775524083798e-15,2773,5243040.57568589
age_4lvl,under30y,1999-2020,21.2,WTMEC.COMBN,gender,educ_level,htn_stg1,13930,47428278.6887958,163,quasibinomial (logit),College graduate or above (Intercept),-2.5055485089651,0.110321949840459,1.25619077776598e-51,-2.7217795306524,-2.2893174872778,1.49568351569189,0.206034255230831,1793,8936337.63426247
age_4lvl,under30y,1999-2020,21.2,WTMEC.COMBN,gender,educ_level,htn_stg1,13930,47428278.6887958,163,quasibinomial (logit),Some college or AA degree,-0.0276237565297248,0.119196961028121,0.817032974466514,-0.261249800144841,0.206002287085392,1.49568351569189,0.206034255230831,4524,16991024.7226768
age_4lvl,under30y,1999-2020,21.2,WTMEC.COMBN,gender,educ_level,htn_stg1,13930,47428278.6887958,163,quasibinomial (logit),HS graduate or GED,-0.0580827906436236,0.122255983996639,0.635377769190009,-0.297704519277036,0.181538937989788,1.49568351569189,0.206034255230831,3827,13018649.8796797
age_4lvl,under30y,1999-2020,21.2,WTMEC.COMBN,gender,educ_level,htn_stg1,13930,47428278.6887958,163,quasibinomial (logit),9-11th grade,-0.17957502940313,0.122561553063902,0.144858257809428,-0.419795673408378,0.060645614602117,1.49568351569189,0.206034255230831,3088,6967785.35225882
age_4lvl,under30y,1999-2020,21.2,WTMEC.COMBN,gender,educ_level,htn_stg1,13930,47428278.6887958,163,quasibinomial (logit),Less than 9th grade,-0.293603608724543,0.174426718327841,0.0943017482276969,-0.635479976647111,0.0482727591980257,1.49568351569189,0.206034255230831,698,1514481.09991799
age_4lvl,30to39y,1999-2020,21.2,WTMEC.COMBN,gender,educ_level,htn_stg1,9826,40799340.5711238,163,quasibinomial (logit),College graduate or above (Intercept),-1.86082838125131,0.0940022701435501,1.22491345201761e-44,-2.04507283073266,-1.67658393176995,5.59225754487418,0.00030933903244586,2689,13225246.5211184
age_4lvl,30to39y,1999-2020,21.2,WTMEC.COMBN,gender,educ_level,htn_stg1,9826,40799340.5711238,163,quasibinomial (logit),Some college or AA degree,0.271358646039974,0.0922669913945519,0.00376331620827921,0.0905153429066518,0.452201949173295,5.59225754487418,0.00030933903244586,2861,12310778.3140139
age_4lvl,30to39y,1999-2020,21.2,WTMEC.COMBN,gender,educ_level,htn_stg1,9826,40799340.5711238,163,quasibinomial (logit),HS graduate or GED,0.216762124793231,0.10528697801052,0.0411577032563195,0.0103996478926112,0.42312460169385,5.59225754487418,0.00030933903244586,2139,8681391.10364896
age_4lvl,30to39y,1999-2020,21.2,WTMEC.COMBN,gender,educ_level,htn_stg1,9826,40799340.5711238,163,quasibinomial (logit),9-11th grade,0.336255872417592,0.105445377466796,0.00172219432637643,0.129582932582672,0.542928812252512,5.59225754487418,0.00030933903244586,1400,4570590.68588113
age_4lvl,30to39y,1999-2020,21.2,WTMEC.COMBN,gender,educ_level,htn_stg1,9826,40799340.5711238,163,quasibinomial (logit),Less than 9th grade,-0.145159600891255,0.137704926875663,0.293430379676285,-0.415061257567554,0.124742055785044,5.59225754487418,0.00030933903244586,737,2011333.94646136
age_4lvl,over65y,1999-2020,21.2,WTMEC.COMBN,gender,educ_level,obese,14883,39959786.9291295,163,quasibinomial (logit),College graduate or above (Intercept),-0.166094985250704,0.0648859189582879,0.011411203222794,-0.293271386408948,-0.0389185840924594,6.32127137801547,9.60189498083253e-05,2633,9499711.08193621
age_4lvl,over65y,1999-2020,21.2,WTMEC.COMBN,gender,educ_level,obese,14883,39959786.9291295,163,quasibinomial (logit),Some college or AA degree,0.142448617482783,0.0780402815710746,0.0698408533860909,-0.0105103343965232,0.295407569362089,6.32127137801547,9.60189498083253e-05,3385,10392602.684622
age_4lvl,over65y,1999-2020,21.2,WTMEC.COMBN,gender,educ_level,obese,14883,39959786.9291295,163,quasibinomial (logit),HS graduate or GED,0.0925738326288235,0.0707936847152593,0.192889320170011,-0.0461817894130848,0.231329454670732,6.32127137801547,9.60189498083253e-05,3579,10652007.1500161
age_4lvl,over65y,1999-2020,21.2,WTMEC.COMBN,gender,educ_level,obese,14883,39959786.9291295,163,quasibinomial (logit),9-11th grade,0.0756365576106778,0.0824694506354758,0.360463761815789,-0.0860035656348547,0.23727668085621,6.32127137801547,9.60189498083253e-05,2270,5024786.59162644
age_4lvl,over65y,1999-2020,21.2,WTMEC.COMBN,gender,educ_level,obese,14883,39959786.9291295,163,quasibinomial (logit),Less than 9th grade,-0.19556089228127,0.0800264309570495,0.015637900254869,-0.352412696957088,-0.0387090876054533,6.32127137801547,9.60189498083253e-05,3016,4390679.42092872
age_4lvl,40to64y,1999-2020,21.2,WTMEC.COMBN,gender,educ_level,obese,23815,96793586.9279816,163,quasibinomial (logit),College graduate or above (Intercept),-0.162386279429475,0.0419209346641142,0.000156720178637542,-0.244551311371139,-0.0802212474878117,18.9956576184339,8.99847595032875e-13,5528,29415697.5759598
age_4lvl,40to64y,1999-2020,21.2,WTMEC.COMBN,gender,educ_level,obese,23815,96793586.9279816,163,quasibinomial (logit),Some college or AA degree,0.4636351568891,0.0568136098039858,9.83640716258944e-14,0.352280481673288,0.574989832104912,18.9956576184339,8.99847595032875e-13,6688,29106176.3211252
age_4lvl,40to64y,1999-2020,21.2,WTMEC.COMBN,gender,educ_level,obese,23815,96793586.9279816,163,quasibinomial (logit),HS graduate or GED,0.326375502592241,0.0512923854601507,2.04156139334393e-09,0.225842427090346,0.426908578094136,18.9956576184339,8.99847595032875e-13,5378,22979274.4484935
age_4lvl,40to64y,1999-2020,21.2,WTMEC.COMBN,gender,educ_level,obese,23815,96793586.9279816,163,quasibinomial (logit),9-11th grade,0.217673675655033,0.0583719309245995,0.000267399645494509,0.103264691042818,0.332082660267248,18.9956576184339,8.99847595032875e-13,3448,10049398.0067172
age_4lvl,40to64y,1999-2020,21.2,WTMEC.COMBN,gender,educ_level,obese,23815,96793586.9279816,163,quasibinomial (logit),Less than 9th grade,0.181714641075127,0.0693396352524666,0.00963292157830428,0.0458089559802923,0.317620326169961,18.9956576184339,8.99847595032875e-13,2773,5243040.57568589
age_4lvl,under30y,1999-2020,21.2,WTMEC.COMBN,gender,educ_level,obese,13930,47428278.6887958,163,quasibinomial (logit),College graduate or above (Intercept),-0.833659436905363,0.0779819717783917,2.05974046571742e-20,-0.986504101591011,-0.680814772219715,5.95009290824302,0.000174029735058189,1793,8936337.63426247
age_4lvl,under30y,1999-2020,21.2,WTMEC.COMBN,gender,educ_level,obese,13930,47428278.6887958,163,quasibinomial (logit),Some college or AA degree,0.30515623271972,0.0855765690816814,0.000480108256899199,0.137426157319624,0.472886308119815,5.95009290824302,0.000174029735058189,4524,16991024.7226768
age_4lvl,under30y,1999-2020,21.2,WTMEC.COMBN,gender,educ_level,obese,13930,47428278.6887958,163,quasibinomial (logit),HS graduate or GED,0.359594999185541,0.0879115038666964,6.84299284481294e-05,0.187288451606817,0.531901546764266,5.95009290824302,0.000174029735058189,3827,13018649.8796797
age_4lvl,under30y,1999-2020,21.2,WTMEC.COMBN,gender,educ_level,obese,13930,47428278.6887958,163,quasibinomial (logit),9-11th grade,0.277238921422491,0.0912624924993613,0.00278886768131747,0.0983644361237427,0.456113406721239,5.95009290824302,0.000174029735058189,3088,6967785.35225882
age_4lvl,under30y,1999-2020,21.2,WTMEC.COMBN,gender,educ_level,obese,13930,47428278.6887958,163,quasibinomial (logit),Less than 9th grade,0.0318629541795869,0.142556500757784,0.823426504820025,-0.247547787305669,0.311273695664843,5.95009290824302,0.000174029735058189,698,1514481.09991799
age_4lvl,30to39y,1999-2020,21.2,WTMEC.COMBN,gender,educ_level,obese,9826,40799340.5711238,163,quasibinomial (logit),College graduate or above (Intercept),-0.440157424105682,0.0634733946855557,9.84576095494004e-11,-0.564565277689372,-0.315749570521993,16.2445383452079,3.64574034597401e-11,2689,13225246.5211184
age_4lvl,30to39y,1999-2020,21.2,WTMEC.COMBN,gender,educ_level,obese,9826,40799340.5711238,163,quasibinomial (logit),Some college or AA degree,0.506004333225296,0.0734492630073444,1.25850722234163e-10,0.362043777730901,0.649964888719691,16.2445383452079,3.64574034597401e-11,2861,12310778.3140139
age_4lvl,30to39y,1999-2020,21.2,WTMEC.COMBN,gender,educ_level,obese,9826,40799340.5711238,163,quasibinomial (logit),HS graduate or GED,0.418286532255289,0.0787979060599423,3.69245313607025e-07,0.263842636377802,0.572730428132776,16.2445383452079,3.64574034597401e-11,2139,8681391.10364896
age_4lvl,30to39y,1999-2020,21.2,WTMEC.COMBN,gender,educ_level,obese,9826,40799340.5711238,163,quasibinomial (logit),9-11th grade,0.219825662706326,0.0864276571156918,0.0119362474068528,0.0504274547595701,0.389223870653082,16.2445383452079,3.64574034597401e-11,1400,4570590.68588113
age_4lvl,30to39y,1999-2020,21.2,WTMEC.COMBN,gender,educ_level,obese,9826,40799340.5711238,163,quasibinomial (logit),Less than 9th grade,0.0914966570176748,0.111151858487979,0.41165314571376,-0.126360985618765,0.309354299654114,16.2445383452079,3.64574034597401e-11,737,2011333.94646136
age_4lvl,over65y,1999-2020,21.2,WTMEC.COMBN,gender,educ_level,obese_abd,14883,39959786.9291295,163,quasibinomial (logit),College graduate or above (Intercept),0.653341463065057,0.061636016333865,3.62512577575498e-20,0.532534871050682,0.774148055079433,8.47678477735544,3.1958595803045e-06,2633,9499711.08193621
age_4lvl,over65y,1999-2020,21.2,WTMEC.COMBN,gender,educ_level,obese_abd,14883,39959786.9291295,163,quasibinomial (logit),Some college or AA degree,0.196539065235434,0.0772722676531265,0.0119363284512161,0.0450854206353064,0.347992709835562,8.47678477735544,3.1958595803045e-06,3385,10392602.684622
age_4lvl,over65y,1999-2020,21.2,WTMEC.COMBN,gender,educ_level,obese_abd,14883,39959786.9291295,163,quasibinomial (logit),HS graduate or GED,0.234733482701139,0.0661085718050702,0.000506435371759615,0.105160681963201,0.364306283439076,8.47678477735544,3.1958595803045e-06,3579,10652007.1500161
age_4lvl,over65y,1999-2020,21.2,WTMEC.COMBN,gender,educ_level,obese_abd,14883,39959786.9291295,163,quasibinomial (logit),9-11th grade,0.130068801577122,0.084929492450709,0.127647724616396,-0.0363930036262673,0.296530606780512,8.47678477735544,3.1958595803045e-06,2270,5024786.59162644
age_4lvl,over65y,1999-2020,21.2,WTMEC.COMBN,gender,educ_level,obese_abd,14883,39959786.9291295,163,quasibinomial (logit),Less than 9th grade,-0.13427562249711,0.0745809300315722,0.0737048015485743,-0.280454245358992,0.0119030003647712,8.47678477735544,3.1958595803045e-06,3016,4390679.42092872
age_4lvl,40to64y,1999-2020,21.2,WTMEC.COMBN,gender,educ_level,obese_abd,23815,96793586.9279816,163,quasibinomial (logit),College graduate or above (Intercept),0.342820451006289,0.0489593100832172,6.81745041574367e-11,0.246860203243183,0.438780698769394,28.399936890928,8.82091939141957e-18,5528,29415697.5759598
age_4lvl,40to64y,1999-2020,21.2,WTMEC.COMBN,gender,educ_level,obese_abd,23815,96793586.9279816,163,quasibinomial (logit),Some college or AA degree,0.566605026100531,0.058205294587733,7.76565270165017e-18,0.452522648708574,0.680687403492487,28.399936890928,8.82091939141957e-18,6688,29106176.3211252
age_4lvl,40to64y,1999-2020,21.2,WTMEC.COMBN,gender,educ_level,obese_abd,23815,96793586.9279816,163,quasibinomial (logit),HS graduate or GED,0.490352127006028,0.0534398770981387,2.35125972073808e-16,0.385609967893676,0.595094286118379,28.399936890928,8.82091939141957e-18,5378,22979274.4484935
age_4lvl,40to64y,1999-2020,21.2,WTMEC.COMBN,gender,educ_level,obese_abd,23815,96793586.9279816,163,quasibinomial (logit),9-11th grade,0.383812992682321,0.0696139007804467,1.4052933222903e-07,0.247369747152646,0.520256238211997,28.399936890928,8.82091939141957e-18,3448,10049398.0067172
age_4lvl,40to64y,1999-2020,21.2,WTMEC.COMBN,gender,educ_level,obese_abd,23815,96793586.9279816,163,quasibinomial (logit),Less than 9th grade,0.305261254487497,0.0731100852642393,4.9025329842944e-05,0.161965487369588,0.448557021605405,28.399936890928,8.82091939141957e-18,2773,5243040.57568589
age_4lvl,under30y,1999-2020,21.2,WTMEC.COMBN,gender,educ_level,obese_abd,13930,47428278.6887958,163,quasibinomial (logit),College graduate or above (Intercept),-0.512033019356884,0.0761182379580604,3.01032460078124e-10,-0.661224765754682,-0.362841272959085,6.4196449252014,8.20484179020043e-05,1793,8936337.63426247
age_4lvl,under30y,1999-2020,21.2,WTMEC.COMBN,gender,educ_level,obese_abd,13930,47428278.6887958,163,quasibinomial (logit),Some college or AA degree,0.28625705943702,0.0912688381056102,0.00204018884235539,0.107370136750024,0.465143982124016,6.4196449252014,8.20484179020043e-05,4524,16991024.7226768
age_4lvl,under30y,1999-2020,21.2,WTMEC.COMBN,gender,educ_level,obese_abd,13930,47428278.6887958,163,quasibinomial (logit),HS graduate or GED,0.413606936068217,0.0859490464155054,3.4606824405668e-06,0.245146805093826,0.582067067042607,6.4196449252014,8.20484179020043e-05,3827,13018649.8796797
age_4lvl,under30y,1999-2020,21.2,WTMEC.COMBN,gender,educ_level,obese_abd,13930,47428278.6887958,163,quasibinomial (logit),9-11th grade,0.299617145064961,0.0922054071073292,0.00141282730321292,0.118894547134595,0.480339742995326,6.4196449252014,8.20484179020043e-05,3088,6967785.35225882
age_4lvl,under30y,1999-2020,21.2,WTMEC.COMBN,gender,educ_level,obese_abd,13930,47428278.6887958,163,quasibinomial (logit),Less than 9th grade,0.152237512559557,0.130192808927355,0.244034340147754,-0.102940392938059,0.407415418057174,6.4196449252014,8.20484179020043e-05,698,1514481.09991799
age_4lvl,30to39y,1999-2020,21.2,WTMEC.COMBN,gender,educ_level,obese_abd,9826,40799340.5711238,163,quasibinomial (logit),College graduate or above (Intercept),-0.0699686547771661,0.0641838555233412,0.277316278477828,-0.195769011602915,0.0558317020485827,17.1855493125471,1.00910609044213e-11,2689,13225246.5211184
age_4lvl,30to39y,1999-2020,21.2,WTMEC.COMBN,gender,educ_level,obese_abd,9826,40799340.5711238,163,quasibinomial (logit),Some college or AA degree,0.582784375421506,0.0748379818376772,8.48385621144031e-13,0.436101931019658,0.729466819823353,17.1855493125471,1.00910609044213e-11,2861,12310778.3140139
age_4lvl,30to39y,1999-2020,21.2,WTMEC.COMBN,gender,educ_level,obese_abd,9826,40799340.5711238,163,quasibinomial (logit),HS graduate or GED,0.479980274946318,0.0789940406844095,8.86331508409067e-09,0.325151955204875,0.63480859468776,17.1855493125471,1.00910609044213e-11,2139,8681391.10364896
age_4lvl,30to39y,1999-2020,21.2,WTMEC.COMBN,gender,educ_level,obese_abd,9826,40799340.5711238,163,quasibinomial (logit),9-11th grade,0.424810813220262,0.0945555731646093,1.35176932416404e-05,0.239481889817627,0.610139736622896,17.1855493125471,1.00910609044213e-11,1400,4570590.68588113
age_4lvl,30to39y,1999-2020,21.2,WTMEC.COMBN,gender,educ_level,obese_abd,9826,40799340.5711238,163,quasibinomial (logit),Less than 9th grade,0.346523342653023,0.100125245705575,0.000692500951487,0.150277861070097,0.54276882423595,17.1855493125471,1.00910609044213e-11,737,2011333.94646136
age_4lvl,over65y,1999-2020,21.2,WTMEC.COMBN,gender,educ_level,cvd,14883,39959786.9291295,163,quasibinomial (logit),College graduate or above (Intercept),-2.13046293372533,0.0812373190464649,1.93910393552334e-59,-2.28968807905641,-1.97123778839426,9.32146582347708,8.65556110705928e-07,2633,9499711.08193621
age_4lvl,over65y,1999-2020,21.2,WTMEC.COMBN,gender,educ_level,cvd,14883,39959786.9291295,163,quasibinomial (logit),Some college or AA degree,0.310371471492869,0.0872246940996789,0.000493120187716468,0.139411071057498,0.481331871928239,9.32146582347708,8.65556110705928e-07,3385,10392602.684622
age_4lvl,over65y,1999-2020,21.2,WTMEC.COMBN,gender,educ_level,cvd,14883,39959786.9291295,163,quasibinomial (logit),HS graduate or GED,0.353814299429811,0.0847275363995331,4.89202920666834e-05,0.187748328086726,0.519880270772895,9.32146582347708,8.65556110705928e-07,3579,10652007.1500161
age_4lvl,over65y,1999-2020,21.2,WTMEC.COMBN,gender,educ_level,cvd,14883,39959786.9291295,163,quasibinomial (logit),9-11th grade,0.48189210002374,0.0886041731963134,2.00363241905558e-07,0.308227920558966,0.655556279488514,9.32146582347708,8.65556110705928e-07,2270,5024786.59162644
age_4lvl,over65y,1999-2020,21.2,WTMEC.COMBN,gender,educ_level,cvd,14883,39959786.9291295,163,quasibinomial (logit),Less than 9th grade,0.473745811384686,0.0929200632708226,9.68601591847998e-07,0.291622487373874,0.655869135395498,9.32146582347708,8.65556110705928e-07,3016,4390679.42092872
age_4lvl,40to64y,1999-2020,21.2,WTMEC.COMBN,gender,educ_level,cvd,23815,96793586.9279816,163,quasibinomial (logit),College graduate or above (Intercept),-3.82190353664763,0.0977563841358914,3.84348505057579e-83,-4.01350604955398,-3.63030102374128,26.2818974812924,1.03154647106215e-16,5528,29415697.5759598
age_4lvl,40to64y,1999-2020,21.2,WTMEC.COMBN,gender,educ_level,cvd,23815,96793586.9279816,163,quasibinomial (logit),Some college or AA degree,0.725009843476862,0.110512607657113,7.2762704706891e-10,0.508405132468919,0.941614554484804,26.2818974812924,1.03154647106215e-16,6688,29106176.3211252
age_4lvl,40to64y,1999-2020,21.2,WTMEC.COMBN,gender,educ_level,cvd,23815,96793586.9279816,163,quasibinomial (logit),HS graduate or GED,0.821504237680189,0.132304810546758,4.50809455101508e-09,0.562186809008543,1.08082166635183,26.2818974812924,1.03154647106215e-16,5378,22979274.4484935
age_4lvl,40to64y,1999-2020,21.2,WTMEC.COMBN,gender,educ_level,cvd,23815,96793586.9279816,163,quasibinomial (logit),9-11th grade,1.20433958936172,0.120793230693851,1.81695887728355e-18,0.967584857201775,1.44109432152167,26.2818974812924,1.03154647106215e-16,3448,10049398.0067172
age_4lvl,40to64y,1999-2020,21.2,WTMEC.COMBN,gender,educ_level,cvd,23815,96793586.9279816,163,quasibinomial (logit),Less than 9th grade,0.96275337243411,0.135717946780327,4.1318835430088e-11,0.69674619674467,1.22876054812355,26.2818974812924,1.03154647106215e-16,2773,5243040.57568589
age_4lvl,under30y,1999-2020,21.2,WTMEC.COMBN,gender,educ_level,cvd,13930,47428278.6887958,163,quasibinomial (logit),College graduate or above (Intercept),-6.2588779475571,0.700846864070988,1.03241840966669e-15,-7.63253780113624,-4.88521809397796,0.597045382092368,0.665294702752365,1793,8936337.63426247
age_4lvl,under30y,1999-2020,21.2,WTMEC.COMBN,gender,educ_level,cvd,13930,47428278.6887958,163,quasibinomial (logit),Some college or AA degree,0.755398754355611,0.705661710194701,0.286034575225894,-0.627698197626002,2.13849570633722,0.597045382092368,0.665294702752365,4524,16991024.7226768
age_4lvl,under30y,1999-2020,21.2,WTMEC.COMBN,gender,educ_level,cvd,13930,47428278.6887958,163,quasibinomial (logit),HS graduate or GED,0.736903358055866,0.739299297570962,0.3204054951402,-0.712123265183219,2.18592998129495,0.597045382092368,0.665294702752365,3827,13018649.8796797
age_4lvl,under30y,1999-2020,21.2,WTMEC.COMBN,gender,educ_level,cvd,13930,47428278.6887958,163,quasibinomial (logit),9-11th grade,0.481772101936487,0.755073832755183,0.524367164777409,-0.998172610263672,1.96171681413665,0.597045382092368,0.665294702752365,3088,6967785.35225882
age_4lvl,under30y,1999-2020,21.2,WTMEC.COMBN,gender,educ_level,cvd,13930,47428278.6887958,163,quasibinomial (logit),Less than 9th grade,1.17698826921818,0.844448593562107,0.165336767668512,-0.478130974163551,2.83210751259991,0.597045382092368,0.665294702752365,698,1514481.09991799
age_4lvl,30to39y,1999-2020,21.2,WTMEC.COMBN,gender,educ_level,cvd,9826,40799340.5711238,163,quasibinomial (logit),College graduate or above (Intercept),-5.64528437658939,0.437579090872637,1.81376962638361e-26,-6.50293939469976,-4.78762935847902,3.33951137597147,0.0117562356256276,2689,13225246.5211184
age_4lvl,30to39y,1999-2020,21.2,WTMEC.COMBN,gender,educ_level,cvd,9826,40799340.5711238,163,quasibinomial (logit),Some college or AA degree,1.11184780658002,0.419485623560089,0.00885506725273916,0.289655984402241,1.93403962875779,3.33951137597147,0.0117562356256276,2861,12310778.3140139
age_4lvl,30to39y,1999-2020,21.2,WTMEC.COMBN,gender,educ_level,cvd,9826,40799340.5711238,163,quasibinomial (logit),HS graduate or GED,1.09166618294326,0.438841383233286,0.0138986050165325,0.231537071806022,1.9517952940805,3.33951137597147,0.0117562356256276,2139,8681391.10364896
age_4lvl,30to39y,1999-2020,21.2,WTMEC.COMBN,gender,educ_level,cvd,9826,40799340.5711238,163,quasibinomial (logit),9-11th grade,1.56967139522288,0.451138117464429,0.000649684821748046,0.685440684992602,2.45390210545316,3.33951137597147,0.0117562356256276,1400,4570590.68588113
age_4lvl,30to39y,1999-2020,21.2,WTMEC.COMBN,gender,educ_level,cvd,9826,40799340.5711238,163,quasibinomial (logit),Less than 9th grade,1.54705785349599,0.488555767246071,0.0018512992468357,0.589488549693687,2.50462715729829,3.33951137597147,0.0117562356256276,737,2011333.94646136
age_4lvl,over65y,1999-2020,21.2,WTMEC.COMBN,gender,educ_level,ascvd,14883,39959786.9291295,163,quasibinomial (logit),College graduate or above (Intercept),-1.72531304543282,0.0888510053781865,1.06381745953373e-43,-1.89946101597407,-1.55116507489158,12.4645881156102,7.7662381575184e-09,2633,9499711.08193621
age_4lvl,over65y,1999-2020,21.2,WTMEC.COMBN,gender,educ_level,ascvd,14883,39959786.9291295,163,quasibinomial (logit),Some college or AA degree,0.327165252059665,0.0789082090785659,5.50135254872668e-05,0.172505162265676,0.481825341853655,12.4645881156102,7.7662381575184e-09,3385,10392602.684622
age_4lvl,over65y,1999-2020,21.2,WTMEC.COMBN,gender,educ_level,ascvd,14883,39959786.9291295,163,quasibinomial (logit),HS graduate or GED,0.422993113267037,0.0835108029708807,1.12605598065076e-06,0.259311939444111,0.586674287089963,12.4645881156102,7.7662381575184e-09,3579,10652007.1500161
age_4lvl,over65y,1999-2020,21.2,WTMEC.COMBN,gender,educ_level,ascvd,14883,39959786.9291295,163,quasibinomial (logit),9-11th grade,0.577805218074056,0.0892103103896528,1.12832636011783e-09,0.402953009710336,0.752657426437775,12.4645881156102,7.7662381575184e-09,2270,5024786.59162644
age_4lvl,over65y,1999-2020,21.2,WTMEC.COMBN,gender,educ_level,ascvd,14883,39959786.9291295,163,quasibinomial (logit),Less than 9th grade,0.543150301504481,0.0953753928338167,5.86811153556099e-08,0.3562145315502,0.730086071458762,12.4645881156102,7.7662381575184e-09,3016,4390679.42092872
age_4lvl,40to64y,1999-2020,21.2,WTMEC.COMBN,gender,educ_level,ascvd,23815,96793586.9279816,163,quasibinomial (logit),College graduate or above (Intercept),-3.39839140524172,0.0850427905103272,1.66166145199322e-84,-3.56507527464196,-3.23170753584148,34.7015222302651,8.86583578707834e-21,5528,29415697.5759598
age_4lvl,40to64y,1999-2020,21.2,WTMEC.COMBN,gender,educ_level,ascvd,23815,96793586.9279816,163,quasibinomial (logit),Some college or AA degree,0.679016837033851,0.0982971595310556,1.13790569394199e-10,0.486354404352982,0.87167926971472,34.7015222302651,8.86583578707834e-21,6688,29106176.3211252
age_4lvl,40to64y,1999-2020,21.2,WTMEC.COMBN,gender,educ_level,ascvd,23815,96793586.9279816,163,quasibinomial (logit),HS graduate or GED,0.887839779180773,0.10759664077717,5.78625269543908e-14,0.67695036325752,1.09872919510403,34.7015222302651,8.86583578707834e-21,5378,22979274.4484935
age_4lvl,40to64y,1999-2020,21.2,WTMEC.COMBN,gender,educ_level,ascvd,23815,96793586.9279816,163,quasibinomial (logit),9-11th grade,1.21375872444128,0.107907714248118,6.21660324641127e-22,1.00225960451497,1.42525784436759,34.7015222302651,8.86583578707834e-21,3448,10049398.0067172
age_4lvl,40to64y,1999-2020,21.2,WTMEC.COMBN,gender,educ_level,ascvd,23815,96793586.9279816,163,quasibinomial (logit),Less than 9th grade,1.01318559290792,0.123701310813646,8.26125207544032e-14,0.77073102371317,1.25564016210266,34.7015222302651,8.86583578707834e-21,2773,5243040.57568589
age_4lvl,under30y,1999-2020,21.2,WTMEC.COMBN,gender,educ_level,ascvd,13930,47428278.6887958,163,quasibinomial (logit),College graduate or above (Intercept),-5.67878206848709,0.505581191138077,6.87229767312948e-22,-6.66972120311772,-4.68784293385646,0.578580447469304,0.678582598601239,1793,8936337.63426247
age_4lvl,under30y,1999-2020,21.2,WTMEC.COMBN,gender,educ_level,ascvd,13930,47428278.6887958,163,quasibinomial (logit),Some college or AA degree,0.62121090918694,0.518925813319232,0.233056974739669,-0.395883684918754,1.63830550329263,0.578580447469304,0.678582598601239,4524,16991024.7226768
age_4lvl,under30y,1999-2020,21.2,WTMEC.COMBN,gender,educ_level,ascvd,13930,47428278.6887958,163,quasibinomial (logit),HS graduate or GED,0.620913858007673,0.528832992450837,0.242113299668501,-0.415598807195967,1.65742652321131,0.578580447469304,0.678582598601239,3827,13018649.8796797
age_4lvl,under30y,1999-2020,21.2,WTMEC.COMBN,gender,educ_level,ascvd,13930,47428278.6887958,163,quasibinomial (logit),9-11th grade,0.606609964508035,0.55102057003352,0.272621296002058,-0.473390352757665,1.68661028177374,0.578580447469304,0.678582598601239,3088,6967785.35225882
age_4lvl,under30y,1999-2020,21.2,WTMEC.COMBN,gender,educ_level,ascvd,13930,47428278.6887958,163,quasibinomial (logit),Less than 9th grade,0.946788356332328,0.659441897105479,0.153052612938499,-0.34571776199441,2.23929447465907,0.578580447469304,0.678582598601239,698,1514481.09991799
age_4lvl,30to39y,1999-2020,21.2,WTMEC.COMBN,gender,educ_level,ascvd,9826,40799340.5711238,163,quasibinomial (logit),College graduate or above (Intercept),-4.89736157180088,0.308738687937431,1.66722998416028e-34,-5.50248940015824,-4.29223374344351,4.02764634994898,0.00387541637213612,2689,13225246.5211184
age_4lvl,30to39y,1999-2020,21.2,WTMEC.COMBN,gender,educ_level,ascvd,9826,40799340.5711238,163,quasibinomial (logit),Some college or AA degree,0.802247837891281,0.307010855618008,0.00983921256733473,0.200506560879985,1.40398911490258,4.02764634994898,0.00387541637213612,2861,12310778.3140139
age_4lvl,30to39y,1999-2020,21.2,WTMEC.COMBN,gender,educ_level,ascvd,9826,40799340.5711238,163,quasibinomial (logit),HS graduate or GED,0.844998685084161,0.325606200415108,0.0103451155800935,0.20681053227055,1.48318683789777,4.02764634994898,0.00387541637213612,2139,8681391.10364896
age_4lvl,30to39y,1999-2020,21.2,WTMEC.COMBN,gender,educ_level,ascvd,9826,40799340.5711238,163,quasibinomial (logit),9-11th grade,1.16630817589539,0.350631766052353,0.00109448282760124,0.47906991443278,1.853546437358,4.02764634994898,0.00387541637213612,1400,4570590.68588113
age_4lvl,30to39y,1999-2020,21.2,WTMEC.COMBN,gender,educ_level,ascvd,9826,40799340.5711238,163,quasibinomial (logit),Less than 9th grade,1.35688834555858,0.381696744692164,0.000499079990556858,0.608762725961944,2.10501396515523,4.02764634994898,0.00387541637213612,737,2011333.94646136
age_4lvl,over65y,1999-2020,21.2,WTMEC.COMBN,gender,educ_level,chf,14758,39752980.7491815,163,quasibinomial (logit),College graduate or above (Intercept),-3.17962814968358,0.114549713097711,1.20652854960211e-62,-3.4041455873551,-2.95511071201207,18.3207697586658,2.19808333491379e-12,2626,9487582.78831585
age_4lvl,over65y,1999-2020,21.2,WTMEC.COMBN,gender,educ_level,chf,14758,39752980.7491815,163,quasibinomial (logit),Some college or AA degree,0.665490754534592,0.12938688562135,7.89397037953974e-07,0.411892458716746,0.919089050352437,18.3207697586658,2.19808333491379e-12,3366,10359239.174767
age_4lvl,over65y,1999-2020,21.2,WTMEC.COMBN,gender,educ_level,chf,14758,39752980.7491815,163,quasibinomial (logit),HS graduate or GED,0.738304356423528,0.134087667157223,1.45517246624773e-07,0.47549252879537,1.00111618405169,18.3207697586658,2.19808333491379e-12,3553,10583624.3534826
age_4lvl,over65y,1999-2020,21.2,WTMEC.COMBN,gender,educ_level,chf,14758,39752980.7491815,163,quasibinomial (logit),9-11th grade,0.89017668750825,0.136697432113892,9.38564698530616e-10,0.622249720565022,1.15810365445148,18.3207697586658,2.19808333491379e-12,2244,4976648.87688583
age_4lvl,over65y,1999-2020,21.2,WTMEC.COMBN,gender,educ_level,chf,14758,39752980.7491815,163,quasibinomial (logit),Less than 9th grade,1.02034609819215,0.12316210514277,4.76946395384519e-14,0.778948372112325,1.26174382427198,18.3207697586658,2.19808333491379e-12,2969,4345885.55573021
age_4lvl,40to64y,1999-2020,21.2,WTMEC.COMBN,gender,educ_level,chf,23769,96657878.7985411,163,quasibinomial (logit),College graduate or above (Intercept),-5.2474863025808,0.196286635956161,1.62346652373943e-60,-5.63220810905487,-4.86276449610672,18.9174584406465,9.97471402649655e-13,5526,29404577.5419081
age_4lvl,40to64y,1999-2020,21.2,WTMEC.COMBN,gender,educ_level,chf,23769,96657878.7985411,163,quasibinomial (logit),Some college or AA degree,1.15045767657254,0.216057906920352,3.42057352877581e-07,0.726984179008654,1.57393117413643,18.9174584406465,9.97471402649655e-13,6676,29072955.7477676
age_4lvl,40to64y,1999-2020,21.2,WTMEC.COMBN,gender,educ_level,chf,23769,96657878.7985411,163,quasibinomial (logit),HS graduate or GED,1.18464111408786,0.210344031879763,7.96062534514902e-08,0.772366811603523,1.59691541657219,18.9174584406465,9.97471402649655e-13,5367,22950937.3962386
age_4lvl,40to64y,1999-2020,21.2,WTMEC.COMBN,gender,educ_level,chf,23769,96657878.7985411,163,quasibinomial (logit),9-11th grade,1.86770892861555,0.223846071485193,3.37169493549901e-14,1.42897062850457,2.30644722872653,18.9174584406465,9.97471402649655e-13,3441,10013836.398773
age_4lvl,40to64y,1999-2020,21.2,WTMEC.COMBN,gender,educ_level,chf,23769,96657878.7985411,163,quasibinomial (logit),Less than 9th grade,1.74028143161345,0.240031683055563,1.74483832249412e-11,1.26981933282455,2.21074353040235,18.9174584406465,9.97471402649655e-13,2759,5215571.71385385
age_4lvl,30to39y,1999-2020,21.2,WTMEC.COMBN,gender,educ_level,chf,9819,40771382.1708125,163,quasibinomial (logit),College graduate or above (Intercept),-6.16218222748027,0.472938461886925,8.05893369023048e-27,-7.08914161277864,-5.23522284218189,2.09811262163778,0.0835569174060982,2689,13225246.5211184
age_4lvl,30to39y,1999-2020,21.2,WTMEC.COMBN,gender,educ_level,chf,9819,40771382.1708125,163,quasibinomial (logit),Some college or AA degree,1.18453789607839,0.432274555532695,0.00684621638760044,0.337279767234309,2.03179602492247,2.09811262163778,0.0835569174060982,2860,12310778.3140139
age_4lvl,30to39y,1999-2020,21.2,WTMEC.COMBN,gender,educ_level,chf,9819,40771382.1708125,163,quasibinomial (logit),HS graduate or GED,1.07564608910184,0.57457227646331,0.06304347988268,-0.0505155727662492,2.20180775096993,2.09811262163778,0.0835569174060982,2136,8666629.22053321
age_4lvl,30to39y,1999-2020,21.2,WTMEC.COMBN,gender,educ_level,chf,9819,40771382.1708125,163,quasibinomial (logit),9-11th grade,1.43809487037959,0.565907324686425,0.0120100544807834,0.328916513994193,2.54727322676498,2.09811262163778,0.0835569174060982,1398,4558856.03096613
age_4lvl,30to39y,1999-2020,21.2,WTMEC.COMBN,gender,educ_level,chf,9819,40771382.1708125,163,quasibinomial (logit),Less than 9th grade,1.22154649777021,0.690212229582343,0.0786871763673047,-0.131269472211179,2.57436246775161,2.09811262163778,0.0835569174060982,736,2009872.08418079
age_4lvl,under30y,1999-2020,21.2,WTMEC.COMBN,gender,educ_level,chf,10095,40961361.5507077,163,quasibinomial (logit),College graduate or above (Intercept),-22.9103745342491,0.365340692125348,1.49271778165429e-113,-23.6264422908148,-22.1943067776835,715.242553792238,4.62494557579481e-100,1793,8936337.63426247
age_4lvl,under30y,1999-2020,21.2,WTMEC.COMBN,gender,educ_level,chf,10095,40961361.5507077,163,quasibinomial (logit),Some college or AA degree,15.8302929859936,0.647922049076006,1.55210228274413e-55,14.5603657698046,17.1002202021826,715.242553792238,4.62494557579481e-100,3628,15208748.6441547
age_4lvl,under30y,1999-2020,21.2,WTMEC.COMBN,gender,educ_level,chf,10095,40961361.5507077,163,quasibinomial (logit),HS graduate or GED,16.2167926807099,0.664006795705527,1.63178044011337e-55,14.915339361127,17.5182460002927,715.242553792238,4.62494557579481e-100,2537,10653294.7017192
age_4lvl,under30y,1999-2020,21.2,WTMEC.COMBN,gender,educ_level,chf,10095,40961361.5507077,163,quasibinomial (logit),9-11th grade,16.6905655418523,0.504921131015964,7.08075516583339e-73,15.700920125061,17.6802109586436,715.242553792238,4.62494557579481e-100,1586,4805407.91693053
age_4lvl,under30y,1999-2020,21.2,WTMEC.COMBN,gender,educ_level,chf,10095,40961361.5507077,163,quasibinomial (logit),Less than 9th grade,18.1200502634533,0.708989277370776,5.26673289521709e-58,16.7304312798066,19.5096692471,715.242553792238,4.62494557579481e-100,551,1357572.65364081
age_4lvl,over65y,1999-2020,21.2,WTMEC.COMBN,gender,educ_level,mdd,14883,39959786.9291295,163,quasibinomial (logit),College graduate or above (Intercept),-3.73234100336358,0.241313541732053,1.90824740269915e-33,-4.2053155451584,-3.25936646156875,5.10136112078557,0.00068268484018769,2633,9499711.08193621
age_4lvl,over65y,1999-2020,21.2,WTMEC.COMBN,gender,educ_level,mdd,14883,39959786.9291295,163,quasibinomial (logit),Some college or AA degree,0.887239660097199,0.262548223528534,0.000915324499575535,0.372645141981273,1.40183417821313,5.10136112078557,0.00068268484018769,3385,10392602.684622
age_4lvl,over65y,1999-2020,21.2,WTMEC.COMBN,gender,educ_level,mdd,14883,39959786.9291295,163,quasibinomial (logit),HS graduate or GED,0.774996554464045,0.25759422857818,0.00305525080858857,0.270111866450812,1.27988124247728,5.10136112078557,0.00068268484018769,3579,10652007.1500161
age_4lvl,over65y,1999-2020,21.2,WTMEC.COMBN,gender,educ_level,mdd,14883,39959786.9291295,163,quasibinomial (logit),9-11th grade,0.952882710793721,0.261329816865798,0.000360711063933961,0.440676269736756,1.46508915185069,5.10136112078557,0.00068268484018769,2270,5024786.59162644
age_4lvl,over65y,1999-2020,21.2,WTMEC.COMBN,gender,educ_level,mdd,14883,39959786.9291295,163,quasibinomial (logit),Less than 9th grade,1.13021357695903,0.263131548264496,3.03705219567241e-05,0.614475742360622,1.64595141155745,5.10136112078557,0.00068268484018769,3016,4390679.42092872
age_4lvl,40to64y,1999-2020,21.2,WTMEC.COMBN,gender,educ_level,mdd,23815,96793586.9279816,163,quasibinomial (logit),College graduate or above (Intercept),-3.25023856122384,0.120440587344552,4.79363540208305e-61,-3.48630211241916,-3.01417501002851,21.7808568147279,2.48934034871019e-14,5528,29415697.5759598
age_4lvl,40to64y,1999-2020,21.2,WTMEC.COMBN,gender,educ_level,mdd,23815,96793586.9279816,163,quasibinomial (logit),Some college or AA degree,0.766155357341677,0.145858059240053,4.77862836842404e-07,0.480273561231174,1.05203715345218,21.7808568147279,2.48934034871019e-14,6688,29106176.3211252
age_4lvl,40to64y,1999-2020,21.2,WTMEC.COMBN,gender,educ_level,mdd,23815,96793586.9279816,163,quasibinomial (logit),HS graduate or GED,0.932504113118637,0.147471686151626,2.50796620045541e-09,0.643459608261451,1.22154861797582,21.7808568147279,2.48934034871019e-14,5378,22979274.4484935
age_4lvl,40to64y,1999-2020,21.2,WTMEC.COMBN,gender,educ_level,mdd,23815,96793586.9279816,163,quasibinomial (logit),9-11th grade,1.27561031015066,0.142565057280831,9.31521387588557e-16,0.996182797880232,1.55503782242109,21.7808568147279,2.48934034871019e-14,3448,10049398.0067172
age_4lvl,40to64y,1999-2020,21.2,WTMEC.COMBN,gender,educ_level,mdd,23815,96793586.9279816,163,quasibinomial (logit),Less than 9th grade,1.27250287536779,0.165395142235586,1.44642472066221e-12,0.948328396586044,1.59667735414954,21.7808568147279,2.48934034871019e-14,2773,5243040.57568589
age_4lvl,under30y,1999-2020,21.2,WTMEC.COMBN,gender,educ_level,mdd,13930,47428278.6887958,163,quasibinomial (logit),College graduate or above (Intercept),-3.18808580222397,0.174733242613167,9.78828799551743e-41,-3.53056295774578,-2.84560864670216,4.89731103105573,0.00094929544382925,1793,8936337.63426247
age_4lvl,under30y,1999-2020,21.2,WTMEC.COMBN,gender,educ_level,mdd,13930,47428278.6887958,163,quasibinomial (logit),Some college or AA degree,0.592412790699356,0.188269228635405,0.00197437381810986,0.223405102573961,0.961420478824751,4.89731103105573,0.00094929544382925,4524,16991024.7226768
age_4lvl,under30y,1999-2020,21.2,WTMEC.COMBN,gender,educ_level,mdd,13930,47428278.6887958,163,quasibinomial (logit),HS graduate or GED,0.807362995953217,0.206679043632952,0.000138579906281481,0.402272070432631,1.2124539214738,4.89731103105573,0.00094929544382925,3827,13018649.8796797
age_4lvl,under30y,1999-2020,21.2,WTMEC.COMBN,gender,educ_level,mdd,13930,47428278.6887958,163,quasibinomial (logit),9-11th grade,0.775169869235079,0.191505598857295,8.07543153187688e-05,0.399818895474781,1.15052084299538,4.89731103105573,0.00094929544382925,3088,6967785.35225882
age_4lvl,under30y,1999-2020,21.2,WTMEC.COMBN,gender,educ_level,mdd,13930,47428278.6887958,163,quasibinomial (logit),Less than 9th grade,0.810932166529226,0.298172422403342,0.0072661529022531,0.226514218618677,1.39535011443978,4.89731103105573,0.00094929544382925,698,1514481.09991799
age_4lvl,30to39y,1999-2020,21.2,WTMEC.COMBN,gender,educ_level,mdd,9826,40799340.5711238,163,quasibinomial (logit),College graduate or above (Intercept),-3.06580590860721,0.148140561357634,7.61977638628476e-47,-3.35616140886817,-2.77545040834625,10.8030947186009,9.11258005850958e-08,2689,13225246.5211184
age_4lvl,30to39y,1999-2020,21.2,WTMEC.COMBN,gender,educ_level,mdd,9826,40799340.5711238,163,quasibinomial (logit),Some college or AA degree,0.729682802251948,0.168938035089701,2.7563341801174e-05,0.398564253476133,1.06080135102776,10.8030947186009,9.11258005850958e-08,2861,12310778.3140139
age_4lvl,30to39y,1999-2020,21.2,WTMEC.COMBN,gender,educ_level,mdd,9826,40799340.5711238,163,quasibinomial (logit),HS graduate or GED,0.733161081893432,0.176920435454531,5.54773133559549e-05,0.386397028402551,1.07992513538431,10.8030947186009,9.11258005850958e-08,2139,8681391.10364896
age_4lvl,30to39y,1999-2020,21.2,WTMEC.COMBN,gender,educ_level,mdd,9826,40799340.5711238,163,quasibinomial (logit),9-11th grade,0.988289776531995,0.155696878636083,2.21240930517865e-09,0.683123894405273,1.29345565865872,10.8030947186009,9.11258005850958e-08,1400,4570590.68588113
age_4lvl,30to39y,1999-2020,21.2,WTMEC.COMBN,gender,educ_level,mdd,9826,40799340.5711238,163,quasibinomial (logit),Less than 9th grade,0.520479617920935,0.225071080062145,0.0220398839944572,0.0793403009991314,0.961618934842739,10.8030947186009,9.11258005850958e-08,737,2011333.94646136
age_4lvl,over65y,1999-2020,21.2,WTMEC.COMBN,gender,educ_level,ckd,14883,39959786.9291295,163,quasibinomial (logit),College graduate or above (Intercept),-2.63142983109888,0.0970195532688066,2.48699683632331e-61,-2.82158815550574,-2.44127150669202,19.5799047836091,4.18508281177856e-13,2633,9499711.08193621
age_4lvl,over65y,1999-2020,21.2,WTMEC.COMBN,gender,educ_level,ckd,14883,39959786.9291295,163,quasibinomial (logit),Some college or AA degree,0.169637192411606,0.114671535634009,0.141042810984938,-0.0551190174310514,0.394393402254264,19.5799047836091,4.18508281177856e-13,3385,10392602.684622
age_4lvl,over65y,1999-2020,21.2,WTMEC.COMBN,gender,educ_level,ckd,14883,39959786.9291295,163,quasibinomial (logit),HS graduate or GED,0.435734128303414,0.104187226963089,4.77129423914489e-05,0.23152716345576,0.639941093151068,19.5799047836091,4.18508281177856e-13,3579,10652007.1500161
age_4lvl,over65y,1999-2020,21.2,WTMEC.COMBN,gender,educ_level,ckd,14883,39959786.9291295,163,quasibinomial (logit),9-11th grade,0.694319220202777,0.125590540186604,1.30837284437382e-07,0.448161761437034,0.94047667896852,19.5799047836091,4.18508281177856e-13,2270,5024786.59162644
age_4lvl,over65y,1999-2020,21.2,WTMEC.COMBN,gender,educ_level,ckd,14883,39959786.9291295,163,quasibinomial (logit),Less than 9th grade,0.773453548098865,0.109561834859501,4.98461409082946e-11,0.558712351774243,0.988194744423486,19.5799047836091,4.18508281177856e-13,3016,4390679.42092872
age_4lvl,40to64y,1999-2020,21.2,WTMEC.COMBN,gender,educ_level,ckd,23815,96793586.9279816,163,quasibinomial (logit),College graduate or above (Intercept),-3.82947804433593,0.123346372568834,3.82254572755434e-69,-4.07123693457085,-3.58771915410102,5.31472786375156,0.00048379547055829,5528,29415697.5759598
age_4lvl,40to64y,1999-2020,21.2,WTMEC.COMBN,gender,educ_level,ckd,23815,96793586.9279816,163,quasibinomial (logit),Some college or AA degree,0.37463009193117,0.146251913215397,0.0113565283438678,0.0879763420289918,0.661283841833348,5.31472786375156,0.00048379547055829,6688,29106176.3211252
age_4lvl,40to64y,1999-2020,21.2,WTMEC.COMBN,gender,educ_level,ckd,23815,96793586.9279816,163,quasibinomial (logit),HS graduate or GED,0.170401201710304,0.148754438557978,0.253725871899318,-0.121157497863332,0.461959901283941,5.31472786375156,0.00048379547055829,5378,22979274.4484935
age_4lvl,40to64y,1999-2020,21.2,WTMEC.COMBN,gender,educ_level,ckd,23815,96793586.9279816,163,quasibinomial (logit),9-11th grade,0.548302191809368,0.158384485989663,0.000690248715895028,0.237868599269628,0.858735784349108,5.31472786375156,0.00048379547055829,3448,10049398.0067172
age_4lvl,40to64y,1999-2020,21.2,WTMEC.COMBN,gender,educ_level,ckd,23815,96793586.9279816,163,quasibinomial (logit),Less than 9th grade,0.629479369318932,0.166189414126369,0.000215676642798248,0.30374811763125,0.955210621006615,5.31472786375156,0.00048379547055829,2773,5243040.57568589
age_4lvl,under30y,1999-2020,21.2,WTMEC.COMBN,gender,educ_level,ckd,13930,47428278.6887958,163,quasibinomial (logit),College graduate or above (Intercept),-4.31179721736743,0.246313285766617,7.89826938564012e-39,-4.79457125747,-3.82902317726486,0.46274557999843,0.762988617379772,1793,8936337.63426247
age_4lvl,under30y,1999-2020,21.2,WTMEC.COMBN,gender,educ_level,ckd,13930,47428278.6887958,163,quasibinomial (logit),Some college or AA degree,-0.183929152452335,0.34317259486882,0.592735141060839,-0.856547438395223,0.488689133490552,0.46274557999843,0.762988617379772,4524,16991024.7226768
age_4lvl,under30y,1999-2020,21.2,WTMEC.COMBN,gender,educ_level,ckd,13930,47428278.6887958,163,quasibinomial (logit),HS graduate or GED,0.125345034062503,0.349089616869427,0.720027620172147,-0.558870615001573,0.809560683126579,0.46274557999843,0.762988617379772,3827,13018649.8796797
age_4lvl,under30y,1999-2020,21.2,WTMEC.COMBN,gender,educ_level,ckd,13930,47428278.6887958,163,quasibinomial (logit),9-11th grade,0.0818806926919604,0.342642166378751,0.811439675439914,-0.589697953410392,0.753459338794313,0.46274557999843,0.762988617379772,3088,6967785.35225882
age_4lvl,under30y,1999-2020,21.2,WTMEC.COMBN,gender,educ_level,ckd,13930,47428278.6887958,163,quasibinomial (logit),Less than 9th grade,-0.225973998526647,0.634136748938,0.72205461537397,-1.46888202644513,1.01693402939183,0.46274557999843,0.762988617379772,698,1514481.09991799
age_4lvl,30to39y,1999-2020,21.2,WTMEC.COMBN,gender,educ_level,ckd,9826,40799340.5711238,163,quasibinomial (logit),College graduate or above (Intercept),-4.66151155778058,0.239102422508554,6.80310097671472e-44,-5.13015230589735,-4.19287080966382,5.77779191765777,0.000229517460375018,2689,13225246.5211184
age_4lvl,30to39y,1999-2020,21.2,WTMEC.COMBN,gender,educ_level,ckd,9826,40799340.5711238,163,quasibinomial (logit),Some college or AA degree,0.976277027456509,0.271824627614207,0.000438419403891288,0.443500757332663,1.50905329758035,5.77779191765777,0.000229517460375018,2861,12310778.3140139
age_4lvl,30to39y,1999-2020,21.2,WTMEC.COMBN,gender,educ_level,ckd,9826,40799340.5711238,163,quasibinomial (logit),HS graduate or GED,0.851740035009301,0.273356845015601,0.00217895149125317,0.315960618778722,1.38751945123988,5.77779191765777,0.000229517460375018,2139,8681391.10364896
age_4lvl,30to39y,1999-2020,21.2,WTMEC.COMBN,gender,educ_level,ckd,9826,40799340.5711238,163,quasibinomial (logit),9-11th grade,1.21240022698696,0.302307331251884,9.32343098661246e-05,0.61987785773327,1.80492259624066,5.77779191765777,0.000229517460375018,1400,4570590.68588113
age_4lvl,30to39y,1999-2020,21.2,WTMEC.COMBN,gender,educ_level,ckd,9826,40799340.5711238,163,quasibinomial (logit),Less than 9th grade,0.269830743270231,0.427625239587054,0.528953442865263,-0.568314726320395,1.10797621286086,5.77779191765777,0.000229517460375018,737,2011333.94646136
age_4lvl,over65y,1999-2020,21.2,WTMEC.COMBN,gender,educ_level,ckd_gfr_gte3,12758,37542091.7191194,163,quasibinomial (logit),College graduate or above (Intercept),-1.26375201476371,0.0786461326271879,4.70295368166223e-35,-1.417898434713,-1.10960559481442,16.7917458040715,1.72331613261414e-11,2322,9008627.21273281
age_4lvl,over65y,1999-2020,21.2,WTMEC.COMBN,gender,educ_level,ckd_gfr_gte3,12758,37542091.7191194,163,quasibinomial (logit),Some college or AA degree,0.219212853160191,0.0883241760106195,0.0141141248646189,0.0460974681793771,0.392328238141006,16.7917458040715,1.72331613261414e-11,2961,9854755.63200553
age_4lvl,over65y,1999-2020,21.2,WTMEC.COMBN,gender,educ_level,ckd_gfr_gte3,12758,37542091.7191194,163,quasibinomial (logit),HS graduate or GED,0.440552338195979,0.0801505620087291,1.52299737969192e-07,0.28345723665887,0.597647439733089,16.7917458040715,1.72331613261414e-11,3055,9936647.17938043
age_4lvl,over65y,1999-2020,21.2,WTMEC.COMBN,gender,educ_level,ckd_gfr_gte3,12758,37542091.7191194,163,quasibinomial (logit),9-11th grade,0.625045678365714,0.09038445417772,1.09196206499236e-10,0.447892148177383,0.802199208554045,16.7917458040715,1.72331613261414e-11,1888,4675224.31094868
age_4lvl,over65y,1999-2020,21.2,WTMEC.COMBN,gender,educ_level,ckd_gfr_gte3,12758,37542091.7191194,163,quasibinomial (logit),Less than 9th grade,0.624259823297166,0.0995827882384827,3.32157133744239e-09,0.42907755834974,0.819442088244592,16.7917458040715,1.72331613261414e-11,2532,4066837.38405196
age_4lvl,40to64y,1999-2020,21.2,WTMEC.COMBN,gender,educ_level,ckd_gfr_gte3,21547,92318666.7524734,163,quasibinomial (logit),College graduate or above (Intercept),-3.47966431004834,0.115308847128888,1.78748030396259e-67,-3.70566965042097,-3.25365896967572,3.99513250137928,0.00408456793431993,5047,28183910.4873013
age_4lvl,40to64y,1999-2020,21.2,WTMEC.COMBN,gender,educ_level,ckd_gfr_gte3,21547,92318666.7524734,163,quasibinomial (logit),Some college or AA degree,0.390631224119787,0.115489876468557,0.000905920112648755,0.164271066241415,0.61699138199816,3.99513250137928,0.00408456793431993,6095,27954710.4659062
age_4lvl,40to64y,1999-2020,21.2,WTMEC.COMBN,gender,educ_level,ckd_gfr_gte3,21547,92318666.7524734,163,quasibinomial (logit),HS graduate or GED,0.348939060209285,0.144222182285406,0.0166791551291507,0.0662635829298899,0.631614537488681,3.99513250137928,0.00408456793431993,4867,21877328.8503658
age_4lvl,40to64y,1999-2020,21.2,WTMEC.COMBN,gender,educ_level,ckd_gfr_gte3,21547,92318666.7524734,163,quasibinomial (logit),9-11th grade,0.527486017103498,0.157543039552246,0.00101686822649586,0.218701659581096,0.8362703746259,3.99513250137928,0.00408456793431993,3050,9375239.64185306
age_4lvl,40to64y,1999-2020,21.2,WTMEC.COMBN,gender,educ_level,ckd_gfr_gte3,21547,92318666.7524734,163,quasibinomial (logit),Less than 9th grade,0.220975415110719,0.176286587123869,0.211875096877469,-0.124546295652065,0.566497125873503,3.99513250137928,0.00408456793431993,2488,4927477.30704702
age_4lvl,under30y,1999-2020,21.2,WTMEC.COMBN,gender,educ_level,ckd_gfr_gte3,12273,43879261.2037442,163,quasibinomial (logit),College graduate or above (Intercept),-21.9484404732359,0.249275547838804,3.47991788134231e-136,-22.437020547,-21.4598603994719,1363.16873824716,2.58558017517356e-121,1561,8273291.10350187
age_4lvl,under30y,1999-2020,21.2,WTMEC.COMBN,gender,educ_level,ckd_gfr_gte3,12273,43879261.2037442,163,quasibinomial (logit),Some college or AA degree,15.4871042333565,0.39194289906034,8.37726703265691e-84,14.7188961511982,16.2553123155148,1363.16873824716,2.58558017517356e-121,4002,15771287.4633265
age_4lvl,under30y,1999-2020,21.2,WTMEC.COMBN,gender,educ_level,ckd_gfr_gte3,12273,43879261.2037442,163,quasibinomial (logit),HS graduate or GED,16.262372716962,0.389858046290888,3.3779841793704e-87,15.4982509462319,17.0264944876922,1363.16873824716,2.58558017517356e-121,3344,11945930.7009154
age_4lvl,under30y,1999-2020,21.2,WTMEC.COMBN,gender,educ_level,ckd_gfr_gte3,12273,43879261.2037442,163,quasibinomial (logit),9-11th grade,14.3823117074999,0.717439133317155,2.936229468783e-45,12.9761310061983,15.7884924088015,1363.16873824716,2.58558017517356e-121,2759,6471263.21357531
age_4lvl,under30y,1999-2020,21.2,WTMEC.COMBN,gender,educ_level,ckd_gfr_gte3,12273,43879261.2037442,163,quasibinomial (logit),Less than 9th grade,15.2294955288149,1.01317826189932,2.83137221130701e-32,13.2436661354922,17.2153249221376,1363.16873824716,2.58558017517356e-121,607,1417488.72242516
age_4lvl,30to39y,1999-2020,21.2,WTMEC.COMBN,gender,educ_level,ckd_gfr_gte3,8758,38602909.8615769,163,quasibinomial (logit),College graduate or above (Intercept),-6.12765957878758,0.445208354479666,7.87387476569823e-29,-7.00026795356773,-5.25505120400744,2.01904261078914,0.0943258536726745,2380,12628477.8011221
age_4lvl,30to39y,1999-2020,21.2,WTMEC.COMBN,gender,educ_level,ckd_gfr_gte3,8758,38602909.8615769,163,quasibinomial (logit),Some college or AA degree,1.0441334601279,0.485688636941712,0.0330926700323779,0.0921837317221449,1.99608318853366,2.01904261078914,0.0943258536726745,2591,11718105.2061652
age_4lvl,30to39y,1999-2020,21.2,WTMEC.COMBN,gender,educ_level,ckd_gfr_gte3,8758,38602909.8615769,163,quasibinomial (logit),HS graduate or GED,1.34086978001968,0.482135914834594,0.00607669024673082,0.395883386943871,2.28585617309548,2.01904261078914,0.0943258536726745,1886,8124560.19362668
age_4lvl,30to39y,1999-2020,21.2,WTMEC.COMBN,gender,educ_level,ckd_gfr_gte3,8758,38602909.8615769,163,quasibinomial (logit),9-11th grade,1.0336364489874,0.558368993998943,0.0660117465373983,-0.0607667792505273,2.12803967722533,2.01904261078914,0.0943258536726745,1244,4265304.19689602
age_4lvl,30to39y,1999-2020,21.2,WTMEC.COMBN,gender,educ_level,ckd_gfr_gte3,8758,38602909.8615769,163,quasibinomial (logit),Less than 9th grade,0.743005896887666,0.708104668167071,0.2956478228569,-0.644879252719792,2.13089104649512,2.01904261078914,0.0943258536726745,657,1866462.46376691
age_4lvl,over65y,1999-2020,21.2,WTMEC.COMBN,gender,educ_level,ckd_any,13559,39507526.9531883,163,quasibinomial (logit),College graduate or above (Intercept),1.15198105238573,0.0800051099281714,1.46208121907027e-30,0.995171036926515,1.30879106784495,4.24198898496321,0.00274009833281486,2439,9416062.8859577
age_4lvl,over65y,1999-2020,21.2,WTMEC.COMBN,gender,educ_level,ckd_any,13559,39507526.9531883,163,quasibinomial (logit),Some college or AA degree,0.133309289674591,0.0960357965950108,0.16705443682438,-0.0549208716516305,0.321539451000812,4.24198898496321,0.00274009833281486,3128,10278489.4755454
age_4lvl,over65y,1999-2020,21.2,WTMEC.COMBN,gender,educ_level,ckd_any,13559,39507526.9531883,163,quasibinomial (logit),HS graduate or GED,0.328735072406408,0.0974218000322226,0.00093093781573912,0.137788344343251,0.519681800469564,4.24198898496321,0.00274009833281486,3244,10535414.6352401
age_4lvl,over65y,1999-2020,21.2,WTMEC.COMBN,gender,educ_level,ckd_any,13559,39507526.9531883,163,quasibinomial (logit),9-11th grade,0.3428316901333,0.112196689229922,0.00263718709193598,0.122926179242654,0.562737201023947,4.24198898496321,0.00274009833281486,2042,4958845.88811196
age_4lvl,over65y,1999-2020,21.2,WTMEC.COMBN,gender,educ_level,ckd_any,13559,39507526.9531883,163,quasibinomial (logit),Less than 9th grade,0.136137640120595,0.0945401033389503,0.151846199975309,-0.0491609624237477,0.321436242664937,4.24198898496321,0.00274009833281486,2706,4318714.06833311
age_4lvl,40to64y,1999-2020,21.2,WTMEC.COMBN,gender,educ_level,ckd_any,22681,96122298.5867558,163,quasibinomial (logit),College graduate or above (Intercept),-0.189538917588865,0.0470471163822695,8.69223057919231e-05,-0.281751265698114,-0.0973265694796173,14.1362290082224,6.96378465548468e-10,5263,29230714.729943
age_4lvl,40to64y,1999-2020,21.2,WTMEC.COMBN,gender,educ_level,ckd_any,22681,96122298.5867558,163,quasibinomial (logit),Some college or AA degree,0.115752915937053,0.0495606806631484,0.0207700659746126,0.0186139818372821,0.212891850036824,14.1362290082224,6.96378465548468e-10,6381,28918096.8773742
age_4lvl,40to64y,1999-2020,21.2,WTMEC.COMBN,gender,educ_level,ckd_any,22681,96122298.5867558,163,quasibinomial (logit),HS graduate or GED,-0.0248842218127187,0.0557627584298407,0.656026464823063,-0.134179228335207,0.0844107847097691,14.1362290082224,6.96378465548468e-10,5142,22830156.8706008
age_4lvl,40to64y,1999-2020,21.2,WTMEC.COMBN,gender,educ_level,ckd_any,22681,96122298.5867558,163,quasibinomial (logit),9-11th grade,-0.0960505136903896,0.0656663116028883,0.145534160252639,-0.224756484432051,0.0326554570512715,14.1362290082224,6.96378465548468e-10,3259,9935287.504128
age_4lvl,40to64y,1999-2020,21.2,WTMEC.COMBN,gender,educ_level,ckd_any,22681,96122298.5867558,163,quasibinomial (logit),Less than 9th grade,-0.400170070400615,0.0773165830433952,6.81031643563819e-07,-0.55171057316567,-0.248629567635561,14.1362290082224,6.96378465548468e-10,2636,5208042.60470983
age_4lvl,under30y,1999-2020,21.2,WTMEC.COMBN,gender,educ_level,ckd_any,13140,46764268.040384,163,quasibinomial (logit),College graduate or above (Intercept),-1.5566218853937,0.0889141600878506,7.81932914827767e-39,-1.73089363916589,-1.38235013162152,3.33503767146155,0.0118410324150494,1678,8841842.42990362
age_4lvl,under30y,1999-2020,21.2,WTMEC.COMBN,gender,educ_level,ckd_any,13140,46764268.040384,163,quasibinomial (logit),Some college or AA degree,0.135185176691137,0.0995031417463817,0.176209199708345,-0.0598409811317707,0.330211334514045,3.33503767146155,0.0118410324150494,4276,16789134.5848547
age_4lvl,under30y,1999-2020,21.2,WTMEC.COMBN,gender,educ_level,ckd_any,13140,46764268.040384,163,quasibinomial (logit),HS graduate or GED,0.162513104298969,0.10356237084696,0.118595041385307,-0.0404691425610719,0.365495351159011,3.33503767146155,0.0118410324150494,3615,12804687.3851994
age_4lvl,under30y,1999-2020,21.2,WTMEC.COMBN,gender,educ_level,ckd_any,13140,46764268.040384,163,quasibinomial (logit),9-11th grade,0.129537277237284,0.0991273520914976,0.193187505472975,-0.0647523328620515,0.323826887336619,3.33503767146155,0.0118410324150494,2922,6839833.19262383
age_4lvl,under30y,1999-2020,21.2,WTMEC.COMBN,gender,educ_level,ckd_any,13140,46764268.040384,163,quasibinomial (logit),Less than 9th grade,-0.543014078048496,0.203890011879405,0.00854009956621956,-0.942638501332129,-0.143389654764862,3.33503767146155,0.0118410324150494,649,1488770.44780242
age_4lvl,30to39y,1999-2020,21.2,WTMEC.COMBN,gender,educ_level,ckd_any,9249,40346839.0887424,163,quasibinomial (logit),College graduate or above (Intercept),-1.22340453136162,0.0726326691098032,4.21257892942389e-37,-1.36576456281683,-1.0810444999064,2.80731179471131,0.027521981826057,2496,13072008.2349335
age_4lvl,30to39y,1999-2020,21.2,WTMEC.COMBN,gender,educ_level,ckd_any,9249,40346839.0887424,163,quasibinomial (logit),Some college or AA degree,0.150353303733898,0.0838584999157429,0.0748954098856123,-0.014009356100958,0.314715963568754,2.80731179471131,0.027521981826057,2726,12219892.6858991
age_4lvl,30to39y,1999-2020,21.2,WTMEC.COMBN,gender,educ_level,ckd_any,9249,40346839.0887424,163,quasibinomial (logit),HS graduate or GED,0.0689690630375288,0.101526378964759,0.497928071227976,-0.1300226397334,0.267960765808457,2.80731179471131,0.027521981826057,2006,8564790.88549806
age_4lvl,30to39y,1999-2020,21.2,WTMEC.COMBN,gender,educ_level,ckd_any,9249,40346839.0887424,163,quasibinomial (logit),9-11th grade,0.0543792727372262,0.102863334096486,0.597786240744434,-0.147232862091887,0.25599140756634,2.80731179471131,0.027521981826057,1322,4509025.67273759
age_4lvl,30to39y,1999-2020,21.2,WTMEC.COMBN,gender,educ_level,ckd_any,9249,40346839.0887424,163,quasibinomial (logit),Less than 9th grade,-0.24478105093887,0.140233522451366,0.0828375600907866,-0.519638754943548,0.0300766530658084,2.80731179471131,0.027521981826057,699,1981121.60967409
age_4lvl,over65y,1999-2020,21.2,WTMEC.COMBN,gender,educ_level,copd,14883,39959786.9291295,163,quasibinomial (logit),College graduate or above (Intercept),-2.12910724433258,0.116295737235279,6.78528386125964e-41,-2.35704688931372,-1.90116759935143,6.22075448241857,0.0001127725575645,2633,9499711.08193621
age_4lvl,over65y,1999-2020,21.2,WTMEC.COMBN,gender,educ_level,copd,14883,39959786.9291295,163,quasibinomial (logit),Some college or AA degree,0.262933493200173,0.119930564869139,0.0298145826815425,0.0278695860566603,0.497997400343686,6.22075448241857,0.0001127725575645,3385,10392602.684622
age_4lvl,over65y,1999-2020,21.2,WTMEC.COMBN,gender,educ_level,copd,14883,39959786.9291295,163,quasibinomial (logit),HS graduate or GED,0.423505871772599,0.122845243582884,0.000725284199102434,0.182729194350146,0.664282549195053,6.22075448241857,0.0001127725575645,3579,10652007.1500161
age_4lvl,over65y,1999-2020,21.2,WTMEC.COMBN,gender,educ_level,copd,14883,39959786.9291295,163,quasibinomial (logit),9-11th grade,0.574875042592331,0.131902415735381,2.35141684632911e-05,0.316346307750984,0.833403777433677,6.22075448241857,0.0001127725575645,2270,5024786.59162644
age_4lvl,over65y,1999-2020,21.2,WTMEC.COMBN,gender,educ_level,copd,14883,39959786.9291295,163,quasibinomial (logit),Less than 9th grade,0.265824257520964,0.123395787750166,0.0327368292003995,0.0239685135306387,0.507680001511289,6.22075448241857,0.0001127725575645,3016,4390679.42092872
age_4lvl,40to64y,1999-2020,21.2,WTMEC.COMBN,gender,educ_level,copd,23815,96793586.9279816,163,quasibinomial (logit),College graduate or above (Intercept),-2.8270803591354,0.0908582309578951,2.82988718958839e-69,-3.00516249181287,-2.64899822645792,31.9337395108882,1.70963345687482e-19,5528,29415697.5759598
age_4lvl,40to64y,1999-2020,21.2,WTMEC.COMBN,gender,educ_level,copd,23815,96793586.9279816,163,quasibinomial (logit),Some college or AA degree,0.730377826094529,0.104334416758628,6.88449763022059e-11,0.525882369247618,0.93487328294144,31.9337395108882,1.70963345687482e-19,6688,29106176.3211252
age_4lvl,40to64y,1999-2020,21.2,WTMEC.COMBN,gender,educ_level,copd,23815,96793586.9279816,163,quasibinomial (logit),HS graduate or GED,0.887945118113924,0.112980017114293,5.61605509376012e-13,0.66650428456991,1.10938595165794,31.9337395108882,1.70963345687482e-19,5378,22979274.4484935
age_4lvl,40to64y,1999-2020,21.2,WTMEC.COMBN,gender,educ_level,copd,23815,96793586.9279816,163,quasibinomial (logit),9-11th grade,1.16474583112547,0.110160727881475,4.28703077191757e-20,0.948830804477775,1.38066085777316,31.9337395108882,1.70963345687482e-19,3448,10049398.0067172
age_4lvl,40to64y,1999-2020,21.2,WTMEC.COMBN,gender,educ_level,copd,23815,96793586.9279816,163,quasibinomial (logit),Less than 9th grade,0.603287819183179,0.168433992652551,0.00045394396987824,0.273157193584179,0.933418444782179,31.9337395108882,1.70963345687482e-19,2773,5243040.57568589
age_4lvl,under30y,1999-2020,21.2,WTMEC.COMBN,gender,educ_level,copd,13930,47428278.6887958,163,quasibinomial (logit),College graduate or above (Intercept),-3.94011621742422,0.244744644687233,3.91277163385994e-35,-4.41981572101119,-3.46041671383724,2.47705992103648,0.0463632664269813,1793,8936337.63426247
age_4lvl,under30y,1999-2020,21.2,WTMEC.COMBN,gender,educ_level,copd,13930,47428278.6887958,163,quasibinomial (logit),Some college or AA degree,0.768089517369872,0.262831339885855,0.00398366003290902,0.252940091193596,1.28323894354615,2.47705992103648,0.0463632664269813,4524,16991024.7226768
age_4lvl,under30y,1999-2020,21.2,WTMEC.COMBN,gender,educ_level,copd,13930,47428278.6887958,163,quasibinomial (logit),HS graduate or GED,0.785190011492866,0.270021072538598,0.00416286436535608,0.255948709317213,1.31443131366852,2.47705992103648,0.0463632664269813,3827,13018649.8796797
age_4lvl,under30y,1999-2020,21.2,WTMEC.COMBN,gender,educ_level,copd,13930,47428278.6887958,163,quasibinomial (logit),9-11th grade,0.806517908058025,0.304372978482105,0.00887349865385282,0.209946870233099,1.40308894588295,2.47705992103648,0.0463632664269813,3088,6967785.35225882
age_4lvl,under30y,1999-2020,21.2,WTMEC.COMBN,gender,educ_level,copd,13930,47428278.6887958,163,quasibinomial (logit),Less than 9th grade,0.484774199992737,0.471212999795273,0.305155712536345,-0.438803279605997,1.40835167959147,2.47705992103648,0.0463632664269813,698,1514481.09991799
age_4lvl,30to39y,1999-2020,21.2,WTMEC.COMBN,gender,educ_level,copd,9826,40799340.5711238,163,quasibinomial (logit),College graduate or above (Intercept),-3.51967327585485,0.165925846782661,4.30479597543199e-48,-3.84488793554887,-3.19445861616084,13.7047371119635,1.28966965280981e-09,2689,13225246.5211184
age_4lvl,30to39y,1999-2020,21.2,WTMEC.COMBN,gender,educ_level,copd,9826,40799340.5711238,163,quasibinomial (logit),Some college or AA degree,1.13318371410649,0.166990307992073,2.19401936192218e-10,0.805882710442021,1.46048471777095,13.7047371119635,1.28966965280981e-09,2861,12310778.3140139
age_4lvl,30to39y,1999-2020,21.2,WTMEC.COMBN,gender,educ_level,copd,9826,40799340.5711238,163,quasibinomial (logit),HS graduate or GED,0.901368881189765,0.181847900976643,1.83068872184417e-06,0.544946995275546,1.25779076710398,13.7047371119635,1.28966965280981e-09,2139,8681391.10364896
age_4lvl,30to39y,1999-2020,21.2,WTMEC.COMBN,gender,educ_level,copd,9826,40799340.5711238,163,quasibinomial (logit),9-11th grade,1.02780885944277,0.197555459492891,6.01989178491626e-07,0.640600158836704,1.41501756004883,13.7047371119635,1.28966965280981e-09,1400,4570590.68588113
age_4lvl,30to39y,1999-2020,21.2,WTMEC.COMBN,gender,educ_level,copd,9826,40799340.5711238,163,quasibinomial (logit),Less than 9th grade,0.289462494085741,0.297520585273185,0.332082250479923,-0.293677853049702,0.872602841221183,13.7047371119635,1.28966965280981e-09,737,2011333.94646136
age_4lvl,over65y,1999-2020,21.2,WTMEC.COMBN,gender,educ_level,copd_pft,14883,39959786.9291295,163,quasibinomial (logit),College graduate or above (Intercept),-1.83165569497421,0.0979005400286162,6.45033209544934e-42,-2.02354075343029,-1.63977063651812,9.95064651893697,3.30663285856145e-07,2633,9499711.08193621
age_4lvl,over65y,1999-2020,21.2,WTMEC.COMBN,gender,educ_level,copd_pft,14883,39959786.9291295,163,quasibinomial (logit),Some college or AA degree,0.250986742346305,0.104610218642518,0.017592920132987,0.0459507138069692,0.456022770885641,9.95064651893697,3.30663285856145e-07,3385,10392602.684622
age_4lvl,over65y,1999-2020,21.2,WTMEC.COMBN,gender,educ_level,copd_pft,14883,39959786.9291295,163,quasibinomial (logit),HS graduate or GED,0.347866441047422,0.101355783607115,0.000764533178080546,0.149209105177477,0.546523776917367,9.95064651893697,3.30663285856145e-07,3579,10652007.1500161
age_4lvl,over65y,1999-2020,21.2,WTMEC.COMBN,gender,educ_level,copd_pft,14883,39959786.9291295,163,quasibinomial (logit),9-11th grade,0.512450924263428,0.108481980566457,5.07740545055661e-06,0.299826242353172,0.725075606173684,9.95064651893697,3.30663285856145e-07,2270,5024786.59162644
age_4lvl,over65y,1999-2020,21.2,WTMEC.COMBN,gender,educ_level,copd_pft,14883,39959786.9291295,163,quasibinomial (logit),Less than 9th grade,0.1298367611735,0.110999311896906,0.243880059276139,-0.087721890144435,0.347395412491436,9.95064651893697,3.30663285856145e-07,3016,4390679.42092872
age_4lvl,40to64y,1999-2020,21.2,WTMEC.COMBN,gender,educ_level,copd_pft,23815,96793586.9279816,163,quasibinomial (logit),College graduate or above (Intercept),-2.32257716998554,0.0770831979201096,2.19663360774555e-67,-2.47366023790896,-2.17149410206213,23.0483168640606,5.11510935377254e-15,5528,29415697.5759598
age_4lvl,40to64y,1999-2020,21.2,WTMEC.COMBN,gender,educ_level,copd_pft,23815,96793586.9279816,163,quasibinomial (logit),Some college or AA degree,0.478204712221369,0.0908125352337475,4.49767500413654e-07,0.300212143163224,0.656197281279515,23.0483168640606,5.11510935377254e-15,6688,29106176.3211252
age_4lvl,40to64y,1999-2020,21.2,WTMEC.COMBN,gender,educ_level,copd_pft,23815,96793586.9279816,163,quasibinomial (logit),HS graduate or GED,0.605144091594383,0.0873879640629161,1.03783009526604e-10,0.433863682031067,0.776424501157698,23.0483168640606,5.11510935377254e-15,5378,22979274.4484935
age_4lvl,40to64y,1999-2020,21.2,WTMEC.COMBN,gender,educ_level,copd_pft,23815,96793586.9279816,163,quasibinomial (logit),9-11th grade,0.820828970769598,0.0946575697947276,4.85404154638651e-15,0.635300133971932,1.00635780756726,23.0483168640606,5.11510935377254e-15,3448,10049398.0067172
age_4lvl,40to64y,1999-2020,21.2,WTMEC.COMBN,gender,educ_level,copd_pft,23815,96793586.9279816,163,quasibinomial (logit),Less than 9th grade,0.211278013482852,0.139317264589996,0.131385020850523,-0.0617838251135395,0.484339852079243,23.0483168640606,5.11510935377254e-15,2773,5243040.57568589
age_4lvl,under30y,1999-2020,21.2,WTMEC.COMBN,gender,educ_level,copd_pft,13930,47428278.6887958,163,quasibinomial (logit),College graduate or above (Intercept),-3.7705860507474,0.20563304088735,5.72874932878349e-41,-4.17362681088661,-3.3675452906082,3.36327582630649,0.0113157768271004,1793,8936337.63426247
age_4lvl,under30y,1999-2020,21.2,WTMEC.COMBN,gender,educ_level,copd_pft,13930,47428278.6887958,163,quasibinomial (logit),Some college or AA degree,0.606459577170816,0.236118959593783,0.0111416775441717,0.143666416367001,1.06925273797463,3.36327582630649,0.0113157768271004,4524,16991024.7226768
age_4lvl,under30y,1999-2020,21.2,WTMEC.COMBN,gender,educ_level,copd_pft,13930,47428278.6887958,163,quasibinomial (logit),HS graduate or GED,0.74857122917722,0.220893476618053,0.000886302716297897,0.315620015005835,1.1815224433486,3.36327582630649,0.0113157768271004,3827,13018649.8796797
age_4lvl,under30y,1999-2020,21.2,WTMEC.COMBN,gender,educ_level,copd_pft,13930,47428278.6887958,163,quasibinomial (logit),9-11th grade,0.800588733735602,0.249703175237703,0.00162817617784969,0.311170510269704,1.2900069572015,3.36327582630649,0.0113157768271004,3088,6967785.35225882
age_4lvl,under30y,1999-2020,21.2,WTMEC.COMBN,gender,educ_level,copd_pft,13930,47428278.6887958,163,quasibinomial (logit),Less than 9th grade,0.124285920748529,0.458607340397622,0.786739173107819,-0.77458446643081,1.02315630792787,3.36327582630649,0.0113157768271004,698,1514481.09991799
age_4lvl,30to39y,1999-2020,21.2,WTMEC.COMBN,gender,educ_level,copd_pft,9826,40799340.5711238,163,quasibinomial (logit),College graduate or above (Intercept),-3.17455720373584,0.138410220286118,3.80130234647678e-52,-3.44584123549663,-2.90327317197505,10.1103940380913,2.59371372222151e-07,2689,13225246.5211184
age_4lvl,30to39y,1999-2020,21.2,WTMEC.COMBN,gender,educ_level,copd_pft,9826,40799340.5711238,163,quasibinomial (logit),Some college or AA degree,0.830769776508072,0.147002577702591,7.24546460821144e-08,0.542644724210993,1.11889482880515,10.1103940380913,2.59371372222151e-07,2861,12310778.3140139
age_4lvl,30to39y,1999-2020,21.2,WTMEC.COMBN,gender,educ_level,copd_pft,9826,40799340.5711238,163,quasibinomial (logit),HS graduate or GED,0.630847398322865,0.156766464726946,8.84706104417989e-05,0.323585127458051,0.938109669187679,10.1103940380913,2.59371372222151e-07,2139,8681391.10364896
age_4lvl,30to39y,1999-2020,21.2,WTMEC.COMBN,gender,educ_level,copd_pft,9826,40799340.5711238,163,quasibinomial (logit),9-11th grade,0.838961838487534,0.188161323314959,1.55657166988086e-05,0.470165644790215,1.20775803218485,10.1103940380913,2.59371372222151e-07,1400,4570590.68588113
age_4lvl,30to39y,1999-2020,21.2,WTMEC.COMBN,gender,educ_level,copd_pft,9826,40799340.5711238,163,quasibinomial (logit),Less than 9th grade,0.152379881334475,0.245009170357618,0.534880746209671,-0.327838092566455,0.632597855235405,10.1103940380913,2.59371372222151e-07,737,2011333.94646136
age_4lvl,40to64y,2007-2012,6,WTMEC.COMBN,gender,educ_level,pft_lt07,6096,86766502.3921227,49,quasibinomial (logit),College graduate or above (Intercept),-2.01687615834893,0.121401911214739,1.41600554380632e-20,-2.25482390432982,-1.77892841236804,4.0734892489539,0.00678622140425634,1450,27676595.3978417
age_4lvl,40to64y,2007-2012,6,WTMEC.COMBN,gender,educ_level,pft_lt07,6096,86766502.3921227,49,quasibinomial (logit),Some college or AA degree,0.161606277192552,0.1547622084986,0.302085419654087,-0.141727651464703,0.464940205849807,4.0734892489539,0.00678622140425634,1696,25438208.5039677
age_4lvl,40to64y,2007-2012,6,WTMEC.COMBN,gender,educ_level,pft_lt07,6096,86766502.3921227,49,quasibinomial (logit),HS graduate or GED,0.221348459650519,0.0993188676092768,0.0309927473981681,0.0266834791363362,0.416013440164701,4.0734892489539,0.00678622140425634,1372,19734670.0138203
age_4lvl,40to64y,2007-2012,6,WTMEC.COMBN,gender,educ_level,pft_lt07,6096,86766502.3921227,49,quasibinomial (logit),9-11th grade,0.257165007094627,0.131136384439436,0.0562214611661632,0.0001376935933316,0.514192320595922,4.0734892489539,0.00678622140425634,911,9385041.747014
age_4lvl,40to64y,2007-2012,6,WTMEC.COMBN,gender,educ_level,pft_lt07,6096,86766502.3921227,49,quasibinomial (logit),Less than 9th grade,-0.374393797616846,0.219957003787952,0.0957888112754567,-0.805509525041232,0.0567219298075391,4.0734892489539,0.00678622140425634,667,4531986.729479
age_4lvl,under30y,2007-2012,6,WTMEC.COMBN,gender,educ_level,pft_lt07,3320,44160491.2729623,49,quasibinomial (logit),College graduate or above (Intercept),-4.62335147351013,0.432622683588246,8.2774853751529e-14,-5.47129193334309,-3.77541101367717,1362.20222010473,1.73327517197003e-45,465,8613258.36305667
age_4lvl,under30y,2007-2012,6,WTMEC.COMBN,gender,educ_level,pft_lt07,3320,44160491.2729623,49,quasibinomial (logit),Some college or AA degree,0.246761902774145,0.512497311054461,0.632554988792941,-0.757732826892598,1.25125663244089,1362.20222010473,1.73327517197003e-45,1225,17034392.591497
age_4lvl,under30y,2007-2012,6,WTMEC.COMBN,gender,educ_level,pft_lt07,3320,44160491.2729623,49,quasibinomial (logit),HS graduate or GED,0.803352581868608,0.380586178390508,0.0405050807472573,0.0574036722232119,1.549301491514,1362.20222010473,1.73327517197003e-45,836,10823481.0087673
age_4lvl,under30y,2007-2012,6,WTMEC.COMBN,gender,educ_level,pft_lt07,3320,44160491.2729623,49,quasibinomial (logit),9-11th grade,0.941058347237833,0.406471690264387,0.0253279687056745,0.144373834319635,1.73774286015603,1362.20222010473,1.73327517197003e-45,674,6500600.78400767
age_4lvl,under30y,2007-2012,6,WTMEC.COMBN,gender,educ_level,pft_lt07,3320,44160491.2729623,49,quasibinomial (logit),Less than 9th grade,-13.7259002860125,0.410433048439676,6.36638960609166e-33,-14.5303490609542,-12.9214515110707,1362.20222010473,1.73327517197003e-45,120,1188758.52563367
age_4lvl,over65y,2007-2012,6,WTMEC.COMBN,gender,educ_level,pft_lt07,2258,22014814.6249607,49,quasibinomial (logit),College graduate or above (Intercept),-1.3722796210167,0.14764827964175,6.07504447343612e-12,-1.66167024911453,-1.08288899291887,2.50901595819071,0.0553728581894844,435,5780209.66754533
age_4lvl,over65y,2007-2012,6,WTMEC.COMBN,gender,educ_level,pft_lt07,2258,22014814.6249607,49,quasibinomial (logit),Some college or AA degree,0.490487977699642,0.193839612867319,0.0150469308897373,0.110562336479697,0.870413618919587,2.50901595819071,0.0553728581894844,506,5636933.58474467
age_4lvl,over65y,2007-2012,6,WTMEC.COMBN,gender,educ_level,pft_lt07,2258,22014814.6249607,49,quasibinomial (logit),HS graduate or GED,0.422277370595089,0.15453378076366,0.00901330718396221,0.119391160298315,0.725163580891862,2.50901595819071,0.0553728581894844,544,5539927.85047667
age_4lvl,over65y,2007-2012,6,WTMEC.COMBN,gender,educ_level,pft_lt07,2258,22014814.6249607,49,quasibinomial (logit),9-11th grade,0.433940398171139,0.192896214675757,0.0295270968139855,0.0558638174066546,0.812016978935623,2.50901595819071,0.0553728581894844,401,3161995.82604667
age_4lvl,over65y,2007-2012,6,WTMEC.COMBN,gender,educ_level,pft_lt07,2258,22014814.6249607,49,quasibinomial (logit),Less than 9th grade,0.175720092614826,0.187084939856208,0.352728653207878,-0.190966389503342,0.542406574732995,2.50901595819071,0.0553728581894844,372,1895747.69614733
age_4lvl,30to39y,2007-2012,6,WTMEC.COMBN,gender,educ_level,pft_lt07,2509,34460855.4069043,49,quasibinomial (logit),College graduate or above (Intercept),-3.34618150542095,0.268555464024603,4.99457027453051e-16,-3.87255021490917,-2.81981279593273,0.531543793260306,0.713169678428078,681,11376035.4641733
age_4lvl,30to39y,2007-2012,6,WTMEC.COMBN,gender,educ_level,pft_lt07,2509,34460855.4069043,49,quasibinomial (logit),Some college or AA degree,-0.107386853026314,0.292899587211772,0.715649546389706,-0.681470043961387,0.466696337908759,0.531543793260306,0.713169678428078,726,10525602.6954247
age_4lvl,30to39y,2007-2012,6,WTMEC.COMBN,gender,educ_level,pft_lt07,2509,34460855.4069043,49,quasibinomial (logit),HS graduate or GED,-0.0352399847177452,0.297876707021176,0.906365289841643,-0.619078330479249,0.548598361043759,0.531543793260306,0.713169678428078,535,6577105.77188667
age_4lvl,30to39y,2007-2012,6,WTMEC.COMBN,gender,educ_level,pft_lt07,2509,34460855.4069043,49,quasibinomial (logit),9-11th grade,0.350733365512804,0.340459836584982,0.308557429563772,-0.31656791419376,1.01803464521937,0.531543793260306,0.713169678428078,385,4227666.73688833
age_4lvl,30to39y,2007-2012,6,WTMEC.COMBN,gender,educ_level,pft_lt07,2509,34460855.4069043,49,quasibinomial (logit),Less than 9th grade,-0.0900683274393994,0.372943674924353,0.810284551779177,-0.821037930291131,0.640901275412332,0.531543793260306,0.713169678428078,182,1754444.73853133
age_4lvl,over65y,1999-2020,21.2,WTMEC.COMBN,gender,educ_level,nfs,12221,36226494.0516163,163,gaussian (identity),College graduate or above (Intercept),-0.875249214886146,0.0431500817482672,7.67961253512659e-46,-0.959823375112749,-0.790675054659542,11.0160633579519,6.62169054280251e-08,2250,8775871.1123547
age_4lvl,over65y,1999-2020,21.2,WTMEC.COMBN,gender,educ_level,nfs,12221,36226494.0516163,163,gaussian (identity),Some college or AA degree,0.205249417371722,0.0453794031313997,1.19144226979239e-05,0.116305787234178,0.294193047509265,11.0160633579519,6.62169054280251e-08,2857,9537969.95713672
age_4lvl,over65y,1999-2020,21.2,WTMEC.COMBN,gender,educ_level,nfs,12221,36226494.0516163,163,gaussian (identity),HS graduate or GED,0.209981415852124,0.0431435412434663,2.72209001922623e-06,0.125420075014931,0.294542756689318,11.0160633579519,6.62169054280251e-08,2941,9618032.39472659
age_4lvl,over65y,1999-2020,21.2,WTMEC.COMBN,gender,educ_level,nfs,12221,36226494.0516163,163,gaussian (identity),9-11th grade,0.273364414784407,0.0568939503336002,3.57462396690605e-06,0.16185227213055,0.384876557438263,11.0160633579519,6.62169054280251e-08,1796,4476127.58768183
age_4lvl,over65y,1999-2020,21.2,WTMEC.COMBN,gender,educ_level,nfs,12221,36226494.0516163,163,gaussian (identity),Less than 9th grade,0.371832078843884,0.0599320879537891,4.62375284240792e-09,0.254365186454458,0.489298971233311,11.0160633579519,6.62169054280251e-08,2377,3818492.99971645
age_4lvl,40to64y,1999-2020,21.2,WTMEC.COMBN,gender,educ_level,nfs,21174,90906096.7000031,163,gaussian (identity),College graduate or above (Intercept),-2.1037523253379,0.0288362327695924,1.36640646809579e-123,-2.1602713415663,-2.04723330910949,7.84947597682863,8.51883861027069e-06,4975,27840834.211613
age_4lvl,40to64y,1999-2020,21.2,WTMEC.COMBN,gender,educ_level,nfs,21174,90906096.7000031,163,gaussian (identity),Some college or AA degree,0.164796412659586,0.0334367846528443,2.0742862591016e-06,0.0992603147400112,0.230332510579161,7.84947597682863,8.51883861027069e-06,6001,27548790.7343482
age_4lvl,40to64y,1999-2020,21.2,WTMEC.COMBN,gender,educ_level,nfs,21174,90906096.7000031,163,gaussian (identity),HS graduate or GED,0.140636303001788,0.0388106459020677,0.000391128849825533,0.0645674370337355,0.216705168969841,7.84947597682863,8.51883861027069e-06,4778,21502260.7851131
age_4lvl,40to64y,1999-2020,21.2,WTMEC.COMBN,gender,educ_level,nfs,21174,90906096.7000031,163,gaussian (identity),9-11th grade,0.165134738838387,0.0418302293220112,0.000118494141230588,0.0831474893672453,0.247121988309529,7.84947597682863,8.51883861027069e-06,2976,9168748.78813553
age_4lvl,40to64y,1999-2020,21.2,WTMEC.COMBN,gender,educ_level,nfs,21174,90906096.7000031,163,gaussian (identity),Less than 9th grade,0.221939990792186,0.0525228129256956,4.0159706626794e-05,0.118995277457823,0.32488470412655,7.84947597682863,8.51883861027069e-06,2444,4845462.18079332
age_4lvl,under30y,1999-2020,21.2,WTMEC.COMBN,gender,educ_level,nfs,12092,43233838.1981881,163,gaussian (identity),College graduate or above (Intercept),-3.25028912663161,0.0376895032604778,8.67422642581976e-135,-3.32416055302214,-3.17641770024107,3.19077203936125,0.0149252286047698,1547,8194601.97855545
age_4lvl,under30y,1999-2020,21.2,WTMEC.COMBN,gender,educ_level,nfs,12092,43233838.1981881,163,gaussian (identity),Some college or AA degree,-0.0551383888608287,0.0408840891278033,0.17937882682593,-0.135271203551323,0.0249944258296657,3.19077203936125,0.0149252286047698,3952,15542954.8060948
age_4lvl,under30y,1999-2020,21.2,WTMEC.COMBN,gender,educ_level,nfs,12092,43233838.1981881,163,gaussian (identity),HS graduate or GED,-0.0311114796889495,0.0403457607080333,0.441786622820401,-0.110189170676695,0.0479662112987958,3.19077203936125,0.0149252286047698,3288,11769409.9888767
age_4lvl,under30y,1999-2020,21.2,WTMEC.COMBN,gender,educ_level,nfs,12092,43233838.1981881,163,gaussian (identity),9-11th grade,-0.1366719155855,0.0466170493177754,0.00387075064734761,-0.22804133224834,-0.0453024989226603,3.19077203936125,0.0149252286047698,2705,6343936.44500755
age_4lvl,under30y,1999-2020,21.2,WTMEC.COMBN,gender,educ_level,nfs,12092,43233838.1981881,163,gaussian (identity),Less than 9th grade,-0.125283799396011,0.0641612975753199,0.0526296928800632,-0.251039942643638,0.000472343851616403,3.19077203936125,0.0149252286047698,600,1382934.97965365
age_4lvl,30to39y,1999-2020,21.2,WTMEC.COMBN,gender,educ_level,nfs,8641,38130621.8998945,163,gaussian (identity),College graduate or above (Intercept),-2.8165874288167,0.0314358324488713,2.33444692468091e-137,-2.87820166041649,-2.75497319721692,2.88168868631444,0.024452890343465,2359,12523580.9174119
age_4lvl,30to39y,1999-2020,21.2,WTMEC.COMBN,gender,educ_level,nfs,8641,38130621.8998945,163,gaussian (identity),Some college or AA degree,0.140677175432457,0.0430660289114015,0.00133534534669173,0.0562677587661099,0.225086592098804,2.88168868631444,0.024452890343465,2552,11548747.2660093
age_4lvl,30to39y,1999-2020,21.2,WTMEC.COMBN,gender,educ_level,nfs,8641,38130621.8998945,163,gaussian (identity),HS graduate or GED,0.0553860833688364,0.0423880833654097,0.193232769086881,-0.0276945600273665,0.138466726765039,2.88168868631444,0.024452890343465,1860,8024533.27137721
age_4lvl,30to39y,1999-2020,21.2,WTMEC.COMBN,gender,educ_level,nfs,8641,38130621.8998945,163,gaussian (identity),9-11th grade,0.0491127268097257,0.055336339229867,0.376142021781803,-0.0593464980808136,0.157571951700265,2.88168868631444,0.024452890343465,1224,4187622.98401259
age_4lvl,30to39y,1999-2020,21.2,WTMEC.COMBN,gender,educ_level,nfs,8641,38130621.8998945,163,gaussian (identity),Less than 9th grade,0.0916518442729843,0.0559042679718578,0.10311067687318,-0.017920520951857,0.201224209497826,2.88168868631444,0.024452890343465,646,1846137.46108353
age_4lvl,over65y,1999-2020,21.2,WTMEC.COMBN,gender,educ_level,nfs_mod_vs_low,10087,30652959.2041637,163,quasibinomial (logit),College graduate or above (Intercept),0.605584800327695,0.0785130311750324,1.29478839007931e-12,0.451699259224631,0.759470341430758,2.52305922680753,0.0431315597191331,1952,7793057.41679776
age_4lvl,over65y,1999-2020,21.2,WTMEC.COMBN,gender,educ_level,nfs_mod_vs_low,10087,30652959.2041637,163,quasibinomial (logit),Some college or AA degree,0.213472964720629,0.0885774541620749,0.0171008539945905,0.0398611545629617,0.387084774878295,2.52305922680753,0.0431315597191331,2351,8040069.03626368
age_4lvl,over65y,1999-2020,21.2,WTMEC.COMBN,gender,educ_level,nfs_mod_vs_low,10087,30652959.2041637,163,quasibinomial (logit),HS graduate or GED,0.15978618186461,0.0922653001169337,0.0852587190949403,-0.0210538063645803,0.3406261700938,2.52305922680753,0.0431315597191331,2426,8088740.25440968
age_4lvl,over65y,1999-2020,21.2,WTMEC.COMBN,gender,educ_level,nfs_mod_vs_low,10087,30652959.2041637,163,quasibinomial (logit),9-11th grade,0.231166193793456,0.105162244877771,0.0293902590033385,0.025048193833025,0.437284193753886,2.52305922680753,0.0431315597191331,1444,3688655.89412194
age_4lvl,over65y,1999-2020,21.2,WTMEC.COMBN,gender,educ_level,nfs_mod_vs_low,10087,30652959.2041637,163,quasibinomial (logit),Less than 9th grade,0.328966629808419,0.111002604484171,0.003511528944696,0.111401525019443,0.546531734597394,2.52305922680753,0.0431315597191331,1914,3042436.60257064
age_4lvl,40to64y,1999-2020,21.2,WTMEC.COMBN,gender,educ_level,nfs_mod_vs_low,20241,87932809.9747419,163,quasibinomial (logit),College graduate or above (Intercept),-1.1236752280077,0.0527470313871188,2.6084383595365e-48,-1.22705940952645,-1.02029104648894,6.51250432420283,7.07419029195428e-05,4837,27288369.1573506
age_4lvl,40to64y,1999-2020,21.2,WTMEC.COMBN,gender,educ_level,nfs_mod_vs_low,20241,87932809.9747419,163,quasibinomial (logit),Some college or AA degree,0.241508546101863,0.0588199303002328,6.44196327955983e-05,0.126221482713407,0.35679560949032,6.51250432420283,7.07419029195428e-05,5698,26430057.0899458
age_4lvl,40to64y,1999-2020,21.2,WTMEC.COMBN,gender,educ_level,nfs_mod_vs_low,20241,87932809.9747419,163,quasibinomial (logit),HS graduate or GED,0.217703871065841,0.065802972777152,0.00116194148887611,0.0887300444226232,0.346677697709059,6.51250432420283,7.07419029195428e-05,4559,20773088.7059095
age_4lvl,40to64y,1999-2020,21.2,WTMEC.COMBN,gender,educ_level,nfs_mod_vs_low,20241,87932809.9747419,163,quasibinomial (logit),9-11th grade,0.296074728283572,0.0744887913853507,0.000106908315326346,0.150076697168284,0.442072759398859,6.51250432420283,7.07419029195428e-05,2817,8790158.45261679
age_4lvl,40to64y,1999-2020,21.2,WTMEC.COMBN,gender,educ_level,nfs_mod_vs_low,20241,87932809.9747419,163,quasibinomial (logit),Less than 9th grade,0.380895575506776,0.0897513401546476,3.73279864931288e-05,0.204982948803667,0.556808202209885,6.51250432420283,7.07419029195428e-05,2330,4651136.56891919
age_4lvl,under30y,1999-2020,21.2,WTMEC.COMBN,gender,educ_level,nfs_mod_vs_low,12078,43178660.549274,163,quasibinomial (logit),College graduate or above (Intercept),-3.24209489900871,0.179079708357107,2.25166403679043e-40,-3.59309112738864,-2.89109867062878,1.92540702886248,0.108788216348876,1546,8184801.18466126
age_4lvl,under30y,1999-2020,21.2,WTMEC.COMBN,gender,educ_level,nfs_mod_vs_low,12078,43178660.549274,163,quasibinomial (logit),Some college or AA degree,0.0823622764523118,0.199189870903575,0.679811049388505,-0.308049870518696,0.47277442342332,1.92540702886248,0.108788216348876,3948,15533186.6195871
age_4lvl,under30y,1999-2020,21.2,WTMEC.COMBN,gender,educ_level,nfs_mod_vs_low,12078,43178660.549274,163,quasibinomial (logit),HS graduate or GED,0.416056544505209,0.207444926590618,0.0466033336287355,0.00946448838759717,0.822648600622821,1.92540702886248,0.108788216348876,3283,11749886.3045515
age_4lvl,under30y,1999-2020,21.2,WTMEC.COMBN,gender,educ_level,nfs_mod_vs_low,12078,43178660.549274,163,quasibinomial (logit),9-11th grade,0.41199158737327,0.220738146901264,0.0638349638159506,-0.0206551805532079,0.844638355299747,1.92540702886248,0.108788216348876,2701,6327851.46082044
age_4lvl,under30y,1999-2020,21.2,WTMEC.COMBN,gender,educ_level,nfs_mod_vs_low,12078,43178660.549274,163,quasibinomial (logit),Less than 9th grade,0.212657444608077,0.349339549438604,0.543570069096699,-0.472048072291587,0.897362961507741,1.92540702886248,0.108788216348876,600,1382934.97965365
age_4lvl,30to39y,1999-2020,21.2,WTMEC.COMBN,gender,educ_level,nfs_mod_vs_low,8592,37949918.3711758,163,quasibinomial (logit),College graduate or above (Intercept),-2.1845174736487,0.0992138051996388,5.22354105846489e-50,-2.37897653183999,-1.99005841545741,2.34378459025316,0.0571117002617749,2355,12512049.5895449
age_4lvl,30to39y,1999-2020,21.2,WTMEC.COMBN,gender,educ_level,nfs_mod_vs_low,8592,37949918.3711758,163,quasibinomial (logit),Some college or AA degree,0.370387524671466,0.123459734591539,0.00313727883076608,0.12840644487205,0.612368604470882,2.34378459025316,0.0571117002617749,2531,11468682.7193212
age_4lvl,30to39y,1999-2020,21.2,WTMEC.COMBN,gender,educ_level,nfs_mod_vs_low,8592,37949918.3711758,163,quasibinomial (logit),HS graduate or GED,0.242235262318532,0.138635325649459,0.0825310305367823,-0.0294899759544074,0.513960500591472,2.34378459025316,0.0571117002617749,1850,7982072.98708021
age_4lvl,30to39y,1999-2020,21.2,WTMEC.COMBN,gender,educ_level,nfs_mod_vs_low,8592,37949918.3711758,163,quasibinomial (logit),9-11th grade,0.217283321117967,0.160854715797067,0.178689325879776,-0.0979919218442839,0.532558564080218,2.34378459025316,0.0571117002617749,1212,4146145.72373798
age_4lvl,30to39y,1999-2020,21.2,WTMEC.COMBN,gender,educ_level,nfs_mod_vs_low,8592,37949918.3711758,163,quasibinomial (logit),Less than 9th grade,0.158996262891727,0.192509056999365,0.410097260373713,-0.218321488827029,0.536314014610482,2.34378459025316,0.0571117002617749,644,1840967.35149153
age_4lvl,40to64y,1999-2020,21.2,WTMEC.COMBN,gender,educ_level,nfs_high_vs_low,14174,64703405.638216,163,quasibinomial (logit),College graduate or above (Intercept),-3.67665275540191,0.134940987595213,1.37433001071665e-61,-3.94113709108853,-3.41216841971529,9.45242555308187,7.07912225999208e-07,3549,20676879.4104595
age_4lvl,40to64y,1999-2020,21.2,WTMEC.COMBN,gender,educ_level,nfs_high_vs_low,14174,64703405.638216,163,quasibinomial (logit),Some college or AA degree,0.809477945951606,0.139982159614797,3.8208076336945e-08,0.535112913106604,1.08384297879661,9.45242555308187,7.07912225999208e-07,3960,19340660.1974419
age_4lvl,40to64y,1999-2020,21.2,WTMEC.COMBN,gender,educ_level,nfs_high_vs_low,14174,64703405.638216,163,quasibinomial (logit),HS graduate or GED,0.609022605163536,0.159929002338672,0.000200052490396564,0.295561760579739,0.922483449747333,9.45242555308187,7.07912225999208e-07,3166,15119696.2941185
age_4lvl,40to64y,1999-2020,21.2,WTMEC.COMBN,gender,educ_level,nfs_high_vs_low,14174,64703405.638216,163,quasibinomial (logit),9-11th grade,0.840500883360375,0.180881647213194,7.06659121318021e-06,0.485972854822514,1.19502891189824,9.45242555308187,7.07912225999208e-07,1954,6320221.39610872
age_4lvl,40to64y,1999-2020,21.2,WTMEC.COMBN,gender,educ_level,nfs_high_vs_low,14174,64703405.638216,163,quasibinomial (logit),Less than 9th grade,0.83258606138741,0.17969439253624,7.4796517879393e-06,0.480385052016379,1.18478707075844,9.45242555308187,7.07912225999208e-07,1545,3245948.34008732
age_4lvl,under30y,1999-2020,21.2,WTMEC.COMBN,gender,educ_level,nfs_high_vs_low,11587,41788492.9059357,163,quasibinomial (logit),College graduate or above (Intercept),-6.32947362735334,1.04866040529431,1.08647318550315e-08,-8.38484802173018,-4.27409923297649,425.061815865672,1.99404965916318e-83,1492,7962221.44954136
age_4lvl,under30y,1999-2020,21.2,WTMEC.COMBN,gender,educ_level,nfs_high_vs_low,11587,41788492.9059357,163,quasibinomial (logit),Some college or AA degree,-0.604235348415085,1.16027023926523,0.603255205077655,-2.87836501737494,1.66989432054477,425.061815865672,1.99404965916318e-83,3790,15076989.178279
age_4lvl,under30y,1999-2020,21.2,WTMEC.COMBN,gender,educ_level,nfs_high_vs_low,11587,41788492.9059357,163,quasibinomial (logit),HS graduate or GED,0.463141944459607,1.12208335298873,0.68034800795066,-1.73614142739831,2.66242531631753,425.061815865672,1.99404965916318e-83,3144,11313095.5427276
age_4lvl,under30y,1999-2020,21.2,WTMEC.COMBN,gender,educ_level,nfs_high_vs_low,11587,41788492.9059357,163,quasibinomial (logit),9-11th grade,0.884968167780467,1.15765884102553,0.445741428876719,-1.38404316062957,3.15397949619051,425.061815865672,1.99404965916318e-83,2583,6096973.05720069
age_4lvl,under30y,1999-2020,21.2,WTMEC.COMBN,gender,educ_level,nfs_high_vs_low,11587,41788492.9059357,163,quasibinomial (logit),Less than 9th grade,-13.6408655798752,0.989847232081526,7.06629239181001e-29,-15.580966154755,-11.7007650049954,425.061815865672,1.99404965916318e-83,578,1339213.67818706
age_4lvl,30to39y,1999-2020,21.2,WTMEC.COMBN,gender,educ_level,nfs_high_vs_low,7679,34366654.6899094,163,quasibinomial (logit),College graduate or above (Intercept),-6.71920799074431,0.501359376794716,7.68068494163648e-28,-7.70187236926195,-5.73654361222666,4.54623264086657,0.00167489705394034,2150,11480871.9874462
age_4lvl,30to39y,1999-2020,21.2,WTMEC.COMBN,gender,educ_level,nfs_high_vs_low,7679,34366654.6899094,163,quasibinomial (logit),Some college or AA degree,2.05280238815854,0.556811868373617,0.000311858911814417,0.96145112614625,3.14415365017083,4.54623264086657,0.00167489705394034,2218,10201458.1142768
age_4lvl,30to39y,1999-2020,21.2,WTMEC.COMBN,gender,educ_level,nfs_high_vs_low,7679,34366654.6899094,163,quasibinomial (logit),HS graduate or GED,1.80599486386765,0.643316988516512,0.00562530510145818,0.545093566375288,3.06689616136001,4.54623264086657,0.00167489705394034,1633,7229456.80139532
age_4lvl,30to39y,1999-2020,21.2,WTMEC.COMBN,gender,educ_level,nfs_high_vs_low,7679,34366654.6899094,163,quasibinomial (logit),9-11th grade,2.429771125975,0.636698676881764,0.000194124344613855,1.18184171928674,3.67770053266325,4.54623264086657,0.00167489705394034,1099,3781264.84848847
age_4lvl,30to39y,1999-2020,21.2,WTMEC.COMBN,gender,educ_level,nfs_high_vs_low,7679,34366654.6899094,163,quasibinomial (logit),Less than 9th grade,1.15083453442689,0.981085540736611,0.242552538208506,-0.772093125416867,3.07376219427065,4.54623264086657,0.00167489705394034,579,1673602.93830258
age_4lvl,over65y,1999-2020,21.2,WTMEC.COMBN,gender,educ_level,nfs_high_vs_low,4670,14014070.2495636,163,quasibinomial (logit),College graduate or above (Intercept),-1.14950899753283,0.106621584917596,1.16677312483877e-20,-1.35848730397132,-0.940530691094342,11.0302778960608,6.48231165795013e-08,800,3278227.49031919
age_4lvl,over65y,1999-2020,21.2,WTMEC.COMBN,gender,educ_level,nfs_high_vs_low,4670,14014070.2495636,163,quasibinomial (logit),Some college or AA degree,0.570659813260843,0.11768948775405,2.94834002984238e-06,0.339988417262905,0.80133120925878,11.0302778960608,6.48231165795013e-08,1094,3657760.99914736
age_4lvl,over65y,1999-2020,21.2,WTMEC.COMBN,gender,educ_level,nfs_high_vs_low,4670,14014070.2495636,163,quasibinomial (logit),HS graduate or GED,0.535834635605364,0.126376367906934,3.7915904015831e-05,0.288136954507772,0.783532316702955,11.0302778960608,6.48231165795013e-08,1158,3798150.22825321
age_4lvl,over65y,1999-2020,21.2,WTMEC.COMBN,gender,educ_level,nfs_high_vs_low,4670,14014070.2495636,163,quasibinomial (logit),9-11th grade,0.710042207327249,0.145978995827705,2.7587007271341e-06,0.423923375504947,0.996161039149552,11.0302778960608,6.48231165795013e-08,717,1765780.36574989
age_4lvl,over65y,1999-2020,21.2,WTMEC.COMBN,gender,educ_level,nfs_high_vs_low,4670,14014070.2495636,163,quasibinomial (logit),Less than 9th grade,0.942200618914668,0.146775867324962,1.52396742765353e-09,0.654519918957742,1.22988131887159,11.0302778960608,6.48231165795013e-08,901,1514151.166094
age_4lvl,under30y,2017-2020,3.2,WTMEC.COMBN,gender,educ_level,liver_cap_any,1165,41225845.578643,25,quasibinomial (logit),College graduate or above (Intercept),-0.696427743054364,0.201484195365962,0.00249393891192822,-1.09133676597165,-0.301518720137079,0.76539952070205,0.56015663794947,236,10669961.824348
age_4lvl,under30y,2017-2020,3.2,WTMEC.COMBN,gender,educ_level,liver_cap_any,1165,41225845.578643,25,quasibinomial (logit),Some college or AA degree,0.279647544023892,0.207628916512253,0.193089345387828,-0.127305132340123,0.686600220387907,0.76539952070205,0.56015663794947,443,13385365.458819
age_4lvl,under30y,2017-2020,3.2,WTMEC.COMBN,gender,educ_level,liver_cap_any,1165,41225845.578643,25,quasibinomial (logit),HS graduate or GED,0.121635184747379,0.230880484867152,0.604105219231943,-0.33089056559224,0.574160935086997,0.76539952070205,0.56015663794947,348,14185180.74395
age_4lvl,under30y,2017-2020,3.2,WTMEC.COMBN,gender,educ_level,liver_cap_any,1165,41225845.578643,25,quasibinomial (logit),9-11th grade,-0.112502524002475,0.314681173432204,0.724453044423397,-0.729277623929596,0.504272575924645,0.76539952070205,0.56015663794947,114,2461822.044054
age_4lvl,under30y,2017-2020,3.2,WTMEC.COMBN,gender,educ_level,liver_cap_any,1165,41225845.578643,25,quasibinomial (logit),Less than 9th grade,-0.0364225178817502,0.409994957086685,0.930095410506765,-0.840012633771652,0.767167598008152,0.76539952070205,0.56015663794947,24,523515.507472
age_4lvl,40to64y,2017-2020,3.2,WTMEC.COMBN,gender,educ_level,liver_cap_any,3465,95728505.509952,25,quasibinomial (logit),College graduate or above (Intercept),0.160485417634265,0.110482075177158,0.161846561447219,-0.0560594497129643,0.377030284981494,4.5277744088618,0.00911209442122671,889,30392125.964577
age_4lvl,40to64y,2017-2020,3.2,WTMEC.COMBN,gender,educ_level,liver_cap_any,3465,95728505.509952,25,quasibinomial (logit),Some college or AA degree,0.387554469584094,0.126860353224581,0.00625073803127946,0.138908177263916,0.636200761904272,4.5277744088618,0.00911209442122671,1100,29032300.233761
age_4lvl,40to64y,2017-2020,3.2,WTMEC.COMBN,gender,educ_level,liver_cap_any,3465,95728505.509952,25,quasibinomial (logit),HS graduate or GED,0.674037615225041,0.186829454964454,0.00175635354424172,0.307851883494712,1.04022334695537,4.5277744088618,0.00911209442122671,814,25212750.820725
age_4lvl,40to64y,2017-2020,3.2,WTMEC.COMBN,gender,educ_level,liver_cap_any,3465,95728505.509952,25,quasibinomial (logit),9-11th grade,0.427546086723148,0.197301111788039,0.0424858511255252,0.0408359076185911,0.814256265827705,4.5277744088618,0.00911209442122671,376,7172141.75771
age_4lvl,40to64y,2017-2020,3.2,WTMEC.COMBN,gender,educ_level,liver_cap_any,3465,95728505.509952,25,quasibinomial (logit),Less than 9th grade,0.515653501234415,0.196761871250266,0.0163761748379956,0.130000233583893,0.901306768884937,4.5277744088618,0.00911209442122671,286,3919186.733179
age_4lvl,30to39y,2017-2020,3.2,WTMEC.COMBN,gender,educ_level,liver_cap_any,1203,38912907.939,25,quasibinomial (logit),College graduate or above (Intercept),-0.201049117530529,0.154326547069611,0.207461080515005,-0.503529149786966,0.101430914725907,1.53172773757024,0.231112214406027,360,15359255.710128
age_4lvl,30to39y,2017-2020,3.2,WTMEC.COMBN,gender,educ_level,liver_cap_any,1203,38912907.939,25,quasibinomial (logit),Some college or AA degree,0.371529390100307,0.199466250728928,0.0772721081324621,-0.0194244613283924,0.762483241529005,1.53172773757024,0.231112214406027,404,12178663.647387
age_4lvl,30to39y,2017-2020,3.2,WTMEC.COMBN,gender,educ_level,liver_cap_any,1203,38912907.939,25,quasibinomial (logit),HS graduate or GED,0.296002144364465,0.218302898493406,0.190236614642858,-0.131871536682612,0.723875825411541,1.53172773757024,0.231112214406027,234,7435995.807483
age_4lvl,30to39y,2017-2020,3.2,WTMEC.COMBN,gender,educ_level,liver_cap_any,1203,38912907.939,25,quasibinomial (logit),9-11th grade,0.423670670482647,0.257666083448676,0.115749775835144,-0.0813548530767567,0.928696194042051,1.53172773757024,0.231112214406027,130,2586124.427495
age_4lvl,30to39y,2017-2020,3.2,WTMEC.COMBN,gender,educ_level,liver_cap_any,1203,38912907.939,25,quasibinomial (logit),Less than 9th grade,0.562834171110901,0.309265167893549,0.0837742857793023,-0.0433255579604545,1.16899390018226,1.53172773757024,0.231112214406027,75,1352868.346507
age_4lvl,over65y,2017-2020,3.2,WTMEC.COMBN,gender,educ_level,liver_cap_any,1864,44052797.566244,25,quasibinomial (logit),College graduate or above (Intercept),0.527187542976946,0.192116030466594,0.0125073200382057,0.150640123262422,0.90373496269147,1.04314708233208,0.409845889987582,426,13557179.84858
age_4lvl,over65y,2017-2020,3.2,WTMEC.COMBN,gender,educ_level,liver_cap_any,1864,44052797.566244,25,quasibinomial (logit),Some college or AA degree,0.355524290814648,0.197361840635429,0.0867396799126835,-0.0313049168307924,0.742353498460088,1.04314708233208,0.409845889987582,547,12131964.03574
age_4lvl,over65y,2017-2020,3.2,WTMEC.COMBN,gender,educ_level,liver_cap_any,1864,44052797.566244,25,quasibinomial (logit),HS graduate or GED,0.141764342129009,0.192838881796461,0.470785185658452,-0.236199866192055,0.519728550450072,1.04314708233208,0.409845889987582,470,12449576.739367
age_4lvl,over65y,2017-2020,3.2,WTMEC.COMBN,gender,educ_level,liver_cap_any,1864,44052797.566244,25,quasibinomial (logit),9-11th grade,0.178063119123376,0.240570038928174,0.467796564317023,-0.293454157175844,0.649580395422597,1.04314708233208,0.409845889987582,219,3640385.87418
age_4lvl,over65y,2017-2020,3.2,WTMEC.COMBN,gender,educ_level,liver_cap_any,1864,44052797.566244,25,quasibinomial (logit),Less than 9th grade,0.0752178635790159,0.233489369858486,0.750684500513141,-0.382421301343616,0.532857028501648,1.04314708233208,0.409845889987582,202,2273691.068377
age_4lvl,under30y,2017-2020,3.2,WTMEC.COMBN,gender,educ_level,liver_cap_mod_sev,1165,41225845.578643,25,quasibinomial (logit),College graduate or above (Intercept),-1.30358793753691,0.267519293750304,9.21129721114926e-05,-1.8279257532875,-0.779250121786312,0.685371369027573,0.610405829543158,236,10669961.824348
age_4lvl,under30y,2017-2020,3.2,WTMEC.COMBN,gender,educ_level,liver_cap_mod_sev,1165,41225845.578643,25,quasibinomial (logit),Some college or AA degree,0.311016112107486,0.219244467709404,0.171416851882606,-0.118703044602945,0.740735268817917,0.685371369027573,0.610405829543158,443,13385365.458819
age_4lvl,under30y,2017-2020,3.2,WTMEC.COMBN,gender,educ_level,liver_cap_mod_sev,1165,41225845.578643,25,quasibinomial (logit),HS graduate or GED,0.294316057412335,0.209417707424591,0.175245897342786,-0.116142649139864,0.704774763964534,0.685371369027573,0.610405829543158,348,14185180.74395
age_4lvl,under30y,2017-2020,3.2,WTMEC.COMBN,gender,educ_level,liver_cap_mod_sev,1165,41225845.578643,25,quasibinomial (logit),9-11th grade,0.0794602566492318,0.311244071273726,0.80109933054709,-0.530578123047272,0.689498636345735,0.685371369027573,0.610405829543158,114,2461822.044054
age_4lvl,under30y,2017-2020,3.2,WTMEC.COMBN,gender,educ_level,liver_cap_mod_sev,1165,41225845.578643,25,quasibinomial (logit),Less than 9th grade,-0.00611144464003379,0.652493026583833,0.992619683684221,-1.28499777674435,1.27277488746428,0.685371369027573,0.610405829543158,24,523515.507472
age_4lvl,40to64y,2017-2020,3.2,WTMEC.COMBN,gender,educ_level,liver_cap_mod_sev,3465,95728505.509952,25,quasibinomial (logit),College graduate or above (Intercept),-0.460726808728596,0.134239955922944,0.0026384082361188,-0.723837122337566,-0.197616495119627,2.81590975868098,0.0528355258088503,889,30392125.964577
age_4lvl,40to64y,2017-2020,3.2,WTMEC.COMBN,gender,educ_level,liver_cap_mod_sev,3465,95728505.509952,25,quasibinomial (logit),Some college or AA degree,0.386520704574031,0.173715197173118,0.0377492290469983,0.0460389181147199,0.727002491033342,2.81590975868098,0.0528355258088503,1100,29032300.233761
age_4lvl,40to64y,2017-2020,3.2,WTMEC.COMBN,gender,educ_level,liver_cap_mod_sev,3465,95728505.509952,25,quasibinomial (logit),HS graduate or GED,0.569802644557748,0.197489800298505,0.00915069538580568,0.182722635972679,0.956882653142818,2.81590975868098,0.0528355258088503,814,25212750.820725
age_4lvl,40to64y,2017-2020,3.2,WTMEC.COMBN,gender,educ_level,liver_cap_mod_sev,3465,95728505.509952,25,quasibinomial (logit),9-11th grade,0.463486614054172,0.168146893438695,0.0121726168972128,0.13391870291433,0.793054525194014,2.81590975868098,0.0528355258088503,376,7172141.75771
age_4lvl,40to64y,2017-2020,3.2,WTMEC.COMBN,gender,educ_level,liver_cap_mod_sev,3465,95728505.509952,25,quasibinomial (logit),Less than 9th grade,0.314222686099674,0.211596804200588,0.153133968203475,-0.100507050133478,0.728952422332826,2.81590975868098,0.0528355258088503,286,3919186.733179
age_4lvl,30to39y,2017-2020,3.2,WTMEC.COMBN,gender,educ_level,liver_cap_mod_sev,1203,38912907.939,25,quasibinomial (logit),College graduate or above (Intercept),-0.934172032482122,0.13273463991644,7.95136382903034e-07,-1.19433192671834,-0.6740121382459,3.43409043404234,0.0271937575433566,360,15359255.710128
age_4lvl,30to39y,2017-2020,3.2,WTMEC.COMBN,gender,educ_level,liver_cap_mod_sev,1203,38912907.939,25,quasibinomial (logit),Some college or AA degree,0.398410670651048,0.197985277713116,0.0578490681635653,0.0103595263333411,0.786461814968754,3.43409043404234,0.0271937575433566,404,12178663.647387
age_4lvl,30to39y,2017-2020,3.2,WTMEC.COMBN,gender,educ_level,liver_cap_mod_sev,1203,38912907.939,25,quasibinomial (logit),HS graduate or GED,0.513960907198498,0.215808234270347,0.0272862411951735,0.0909767680286171,0.936945046368379,3.43409043404234,0.0271937575433566,234,7435995.807483
age_4lvl,30to39y,2017-2020,3.2,WTMEC.COMBN,gender,educ_level,liver_cap_mod_sev,1203,38912907.939,25,quasibinomial (logit),9-11th grade,0.343997742190314,0.247333141281914,0.17955989737269,-0.140775214722237,0.828770699102866,3.43409043404234,0.0271937575433566,130,2586124.427495
age_4lvl,30to39y,2017-2020,3.2,WTMEC.COMBN,gender,educ_level,liver_cap_mod_sev,1203,38912907.939,25,quasibinomial (logit),Less than 9th grade,0.924131020558062,0.298801819186699,0.00573791458893825,0.338479454952131,1.50978258616399,3.43409043404234,0.0271937575433566,75,1352868.346507
age_4lvl,over65y,2017-2020,3.2,WTMEC.COMBN,gender,educ_level,liver_cap_mod_sev,1864,44052797.566244,25,quasibinomial (logit),College graduate or above (Intercept),-0.143443096675511,0.179944383695838,0.434724713506724,-0.496134088719353,0.209247895368331,3.17390230650878,0.0358170433815614,426,13557179.84858
age_4lvl,over65y,2017-2020,3.2,WTMEC.COMBN,gender,educ_level,liver_cap_mod_sev,1864,44052797.566244,25,quasibinomial (logit),Some college or AA degree,0.356325166995449,0.194483852513834,0.0818621976249063,-0.0248631839316656,0.737513517922564,3.17390230650878,0.0358170433815614,547,12131964.03574
age_4lvl,over65y,2017-2020,3.2,WTMEC.COMBN,gender,educ_level,liver_cap_mod_sev,1864,44052797.566244,25,quasibinomial (logit),HS graduate or GED,-0.0400919187016451,0.185342294066245,0.83093495060709,-0.403362815071486,0.323178977668196,3.17390230650878,0.0358170433815614,470,12449576.739367
age_4lvl,over65y,2017-2020,3.2,WTMEC.COMBN,gender,educ_level,liver_cap_mod_sev,1864,44052797.566244,25,quasibinomial (logit),9-11th grade,-0.236233585217666,0.203447578425794,0.259251795764956,-0.634990838932224,0.162523668496891,3.17390230650878,0.0358170433815614,219,3640385.87418
age_4lvl,over65y,2017-2020,3.2,WTMEC.COMBN,gender,educ_level,liver_cap_mod_sev,1864,44052797.566244,25,quasibinomial (logit),Less than 9th grade,-0.0564652380564295,0.202601239683883,0.783335330823206,-0.45356366783684,0.340633191723981,3.17390230650878,0.0358170433815614,202,2273691.068377
