strata_var,strata_level,cycle_yrs,n_yrs.,survweight.,model_covars,exposure,outcome,n_total_raw,n_total_weighted,model_df,model_type,exp_level,beta,se,pval,low95CI,up95CI,fstat,f_pval,n_exp_raw,n_exp_weighted
age_4lvl,over65y,1999-2020,21.2,WTMEC.COMBN,gender,employ_status,fib4,12689,37342099.0003753,163,gaussian (identity),Full-time employed (Intercept),1.61819797682691,0.0840899076397217,2.25182489073658e-43,1.45338175785306,1.78301419580077,22.0201536611357,5.59935964549199e-12,1082,3563265.33579762
age_4lvl,over65y,1999-2020,21.2,WTMEC.COMBN,gender,employ_status,fib4,12689,37342099.0003753,163,gaussian (identity),Part-time employed,-0.0166212163948903,0.0914692326704158,0.856038832133197,-0.195900912428905,0.162658479639125,22.0201536611357,5.59935964549199e-12,892,3141250.85326028
age_4lvl,over65y,1999-2020,21.2,WTMEC.COMBN,gender,employ_status,fib4,12689,37342099.0003753,163,gaussian (identity),Student,-0.234148467778611,0.16029485985506,0.146061167095923,-0.54832639309453,0.0800294575373073,22.0201536611357,5.59935964549199e-12,10,20276.7463937547
age_4lvl,over65y,1999-2020,21.2,WTMEC.COMBN,gender,employ_status,fib4,12689,37342099.0003753,163,gaussian (identity),Unemployed,0.177375536065939,0.0903303755295706,0.0513169544874212,0.000328000027980474,0.354423072103897,22.0201536611357,5.59935964549199e-12,10705,30617306.0649236
age_4lvl,40to64y,1999-2020,21.2,WTMEC.COMBN,gender,employ_status,fib4,21463,92006776.5779584,163,gaussian (identity),Full-time employed (Intercept),0.9564040978824,0.00937478809764828,8.15259103399905e-147,0.938029513211009,0.97477868255379,44.7911175572374,4.8911516381337e-21,12362,58611230.8801063
age_4lvl,40to64y,1999-2020,21.2,WTMEC.COMBN,gender,employ_status,fib4,21463,92006776.5779584,163,gaussian (identity),Part-time employed,0.118974612611121,0.0191227355473085,4.18054250078626e-09,0.0814940509383966,0.156455174283846,44.7911175572374,4.8911516381337e-21,1814,8258884.19112892
age_4lvl,40to64y,1999-2020,21.2,WTMEC.COMBN,gender,employ_status,fib4,21463,92006776.5779584,163,gaussian (identity),Student,-0.0950781909527666,0.0686774467029602,0.168170812892244,-0.229685986490569,0.0395296045850354,44.7911175572374,4.8911516381337e-21,86,265863.440682981
age_4lvl,40to64y,1999-2020,21.2,WTMEC.COMBN,gender,employ_status,fib4,21463,92006776.5779584,163,gaussian (identity),Unemployed,0.206225163490721,0.0187839835337056,3.15723360015602e-21,0.169408555764658,0.243041771216784,44.7911175572374,4.8911516381337e-21,7201,24870798.0660402
age_4lvl,under30y,1999-2020,21.2,WTMEC.COMBN,gender,employ_status,fib4,12607,44686627.7089392,163,gaussian (identity),Full-time employed (Intercept),0.473532829559487,0.0040067983406565,7.71555240956373e-157,0.4656795048118,0.481386154307174,19.1914451011134,1.13389608980984e-10,5949,24697709.5917361
age_4lvl,under30y,1999-2020,21.2,WTMEC.COMBN,gender,employ_status,fib4,12607,44686627.7089392,163,gaussian (identity),Part-time employed,-0.0307959433800706,0.00683339344194208,1.27040089144809e-05,-0.044189394526277,-0.0174024922338641,19.1914451011134,1.13389608980984e-10,2193,7375331.71922739
age_4lvl,under30y,1999-2020,21.2,WTMEC.COMBN,gender,employ_status,fib4,12607,44686627.7089392,163,gaussian (identity),Student,-0.0518756261982619,0.00738206134269478,5.84175816684296e-11,-0.0663444664299436,-0.0374067859665801,19.1914451011134,1.13389608980984e-10,1398,3780730.62449767
age_4lvl,under30y,1999-2020,21.2,WTMEC.COMBN,gender,employ_status,fib4,12607,44686627.7089392,163,gaussian (identity),Unemployed,-0.0248692712300613,0.00575823167572264,2.75085684844309e-05,-0.0361554053144776,-0.0135831371456449,19.1914451011134,1.13389608980984e-10,3067,8832855.77347805
age_4lvl,30to39y,1999-2020,21.2,WTMEC.COMBN,gender,employ_status,fib4,8722,38441010.1707448,163,gaussian (identity),Full-time employed (Intercept),0.661781400418912,0.00674437932652364,3.61236557831593e-144,0.648562416938926,0.675000383898898,1.12065107836107,0.342482127577397,5737,26933862.9584988
age_4lvl,30to39y,1999-2020,21.2,WTMEC.COMBN,gender,employ_status,fib4,8722,38441010.1707448,163,gaussian (identity),Part-time employed,-0.00410065229444957,0.0121389841169081,0.735953068604616,-0.0278930611635895,0.0196917565746904,1.12065107836107,0.342482127577397,787,3342708.98024349
age_4lvl,30to39y,1999-2020,21.2,WTMEC.COMBN,gender,employ_status,fib4,8722,38441010.1707448,163,gaussian (identity),Student,-0.0344632466299131,0.0251823308735498,0.173070944114675,-0.0838206151420708,0.0148941218822445,1.12065107836107,0.342482127577397,87,306160.477459208
age_4lvl,30to39y,1999-2020,21.2,WTMEC.COMBN,gender,employ_status,fib4,8722,38441010.1707448,163,gaussian (identity),Unemployed,0.00815607763699263,0.00860778566785227,0.344810017586102,-0.00871518227199782,0.0250273375459831,1.12065107836107,0.342482127577397,2111,7858277.75454326
age_4lvl,over65y,1999-2020,21.2,WTMEC.COMBN,gender,employ_status,fib4_mod_vs_low,11239,33579672.9515559,163,quasibinomial (logit),Full-time employed (Intercept),-1.87385812434914,0.12782639004549,2.48910007874515e-31,-2.1243978488383,-1.62331839985998,9.98899399569092,4.53801121742695e-06,1014,3386699.09117953
age_4lvl,over65y,1999-2020,21.2,WTMEC.COMBN,gender,employ_status,fib4_mod_vs_low,11239,33579672.9515559,163,quasibinomial (logit),Part-time employed,0.113396518558739,0.174843645835359,0.517558683741807,-0.229297027278565,0.456090064396044,9.98899399569092,4.53801121742695e-06,815,2916783.07888604
age_4lvl,over65y,1999-2020,21.2,WTMEC.COMBN,gender,employ_status,fib4_mod_vs_low,11239,33579672.9515559,163,quasibinomial (logit),Student,-0.563436063970735,0.850462405876878,0.508606456182973,-2.23034237948942,1.10347025154795,9.98899399569092,4.53801121742695e-06,10,20276.7463937547
age_4lvl,over65y,1999-2020,21.2,WTMEC.COMBN,gender,employ_status,fib4_mod_vs_low,11239,33579672.9515559,163,quasibinomial (logit),Unemployed,0.563570367002119,0.131205717102236,3.02627231109504e-05,0.306407161481738,0.820733572522501,9.98899399569092,4.53801121742695e-06,9400,27255914.0350965
age_4lvl,40to64y,1999-2020,21.2,WTMEC.COMBN,gender,employ_status,fib4_mod_vs_low,21034,90570755.2753435,163,quasibinomial (logit),Full-time employed (Intercept),-1.7253585647529,0.0470866636016289,1.98790477738502e-79,-1.81764842541209,-1.63306870409371,40.9832282525102,1.1228773029537e-19,12221,58065651.9505799
age_4lvl,40to64y,1999-2020,21.2,WTMEC.COMBN,gender,employ_status,fib4_mod_vs_low,21034,90570755.2753435,163,quasibinomial (logit),Part-time employed,0.388542429732234,0.0887664166034344,2.1701899501631e-05,0.214560253189502,0.562524606274965,40.9832282525102,1.1228773029537e-19,1779,8122848.05683519
age_4lvl,40to64y,1999-2020,21.2,WTMEC.COMBN,gender,employ_status,fib4_mod_vs_low,21034,90570755.2753435,163,quasibinomial (logit),Student,-0.646520284638878,0.477555382885388,0.177717529678123,-1.58252883509424,0.289488265816481,40.9832282525102,1.1228773029537e-19,85,263496.777694208
age_4lvl,40to64y,1999-2020,21.2,WTMEC.COMBN,gender,employ_status,fib4_mod_vs_low,21034,90570755.2753435,163,quasibinomial (logit),Unemployed,0.517674583208478,0.0481658379467391,1.34912392193164e-20,0.423269540832869,0.612079625584086,40.9832282525102,1.1228773029537e-19,6949,24118758.4902342
age_4lvl,under30y,1999-2020,21.2,WTMEC.COMBN,gender,employ_status,fib4_mod_vs_low,12598,44670867.7518065,163,quasibinomial (logit),Full-time employed (Intercept),-5.99868030241587,0.310768081964486,1.59914748942011e-43,-6.60778574306626,-5.38957486176548,3.08557868853114,0.0289552429093697,5945,24690396.8540079
age_4lvl,under30y,1999-2020,21.2,WTMEC.COMBN,gender,employ_status,fib4_mod_vs_low,12598,44670867.7518065,163,quasibinomial (logit),Part-time employed,0.494782892075363,0.388686462322703,0.204889823474532,-0.267042574077136,1.25660835822786,3.08557868853114,0.0289552429093697,2190,7372141.49445192
age_4lvl,under30y,1999-2020,21.2,WTMEC.COMBN,gender,employ_status,fib4_mod_vs_low,12598,44670867.7518065,163,quasibinomial (logit),Student,-0.920556906468827,0.720768108563655,0.203397516368628,-2.33326239925359,0.492148586315937,3.08557868853114,0.0289552429093697,1398,3780730.62449767
age_4lvl,under30y,1999-2020,21.2,WTMEC.COMBN,gender,employ_status,fib4_mod_vs_low,12598,44670867.7518065,163,quasibinomial (logit),Unemployed,-0.860001853867171,0.482051758685531,0.0763235950998888,-1.80482330089081,0.0848195931564701,3.08557868853114,0.0289552429093697,3065,8827598.77884903
age_4lvl,30to39y,1999-2020,21.2,WTMEC.COMBN,gender,employ_status,fib4_mod_vs_low,8697,38356032.6428847,163,quasibinomial (logit),Full-time employed (Intercept),-4.13791178508326,0.196225977560699,6.3504101143471e-48,-4.52251470110223,-3.75330886906429,0.833327983440961,0.477408588048555,5722,26880470.9157722
age_4lvl,30to39y,1999-2020,21.2,WTMEC.COMBN,gender,employ_status,fib4_mod_vs_low,8697,38356032.6428847,163,quasibinomial (logit),Part-time employed,-0.166713545724646,0.397886350826116,0.675783149980197,-0.946570793343833,0.61314370189454,0.833327983440961,0.477408588048555,786,3340419.63702689
age_4lvl,30to39y,1999-2020,21.2,WTMEC.COMBN,gender,employ_status,fib4_mod_vs_low,8697,38356032.6428847,163,quasibinomial (logit),Student,-0.760312727030658,1.022848564391,0.458379613039402,-2.76509591323701,1.24447045917569,0.833327983440961,0.477408588048555,87,306160.477459208
age_4lvl,30to39y,1999-2020,21.2,WTMEC.COMBN,gender,employ_status,fib4_mod_vs_low,8697,38356032.6428847,163,quasibinomial (logit),Unemployed,0.261637926599586,0.228310739235335,0.253528141705323,-0.185851122301672,0.709126975500843,0.833327983440961,0.477408588048555,2102,7828981.61262642
age_4lvl,over65y,1999-2020,21.2,WTMEC.COMBN,gender,employ_status,fib4_high_vs_low,9957,29605897.3494181,163,quasibinomial (logit),Full-time employed (Intercept),-3.09258548169496,0.2072088663785,4.72988235072536e-32,-3.49871485979682,-2.6864561035931,242.796331961594,3.96639754981077e-59,908,2997773.37482964
age_4lvl,over65y,1999-2020,21.2,WTMEC.COMBN,gender,employ_status,fib4_high_vs_low,9957,29605897.3494181,163,quasibinomial (logit),Part-time employed,0.463788035205901,0.263649223108362,0.080482331310365,-0.0529644420864882,0.980540512498291,242.796331961594,3.96639754981077e-59,750,2630341.92951675
age_4lvl,over65y,1999-2020,21.2,WTMEC.COMBN,gender,employ_status,fib4_high_vs_low,9957,29605897.3494181,163,quasibinomial (logit),Student,-9.598889382655,0.516575616139203,1.07174899495092e-41,-10.6113775902878,-8.58640117502216,242.796331961594,3.96639754981077e-59,8,18491.8704719623
age_4lvl,over65y,1999-2020,21.2,WTMEC.COMBN,gender,employ_status,fib4_high_vs_low,9957,29605897.3494181,163,quasibinomial (logit),Unemployed,1.0558578485426,0.214479392081127,2.11632310008489e-06,0.635478240063591,1.47623745702161,242.796331961594,3.96639754981077e-59,8291,23959290.1745997
age_4lvl,40to64y,1999-2020,21.2,WTMEC.COMBN,gender,employ_status,fib4_high_vs_low,16429,71792037.9612203,163,quasibinomial (logit),Full-time employed (Intercept),-5.15581565512029,0.163257311098272,2.12614246758005e-70,-5.47579998487291,-4.83583132536768,34.6965963649067,2.63147030215493e-17,9786,46919278.1156883
age_4lvl,40to64y,1999-2020,21.2,WTMEC.COMBN,gender,employ_status,fib4_high_vs_low,16429,71792037.9612203,163,quasibinomial (logit),Part-time employed,0.95404432198084,0.258813864143263,0.000311821423992431,0.446769148260045,1.46131949570164,34.6965963649067,2.63147030215493e-17,1366,6319921.33468704
age_4lvl,40to64y,1999-2020,21.2,WTMEC.COMBN,gender,employ_status,fib4_high_vs_low,16429,71792037.9612203,163,quasibinomial (logit),Student,0.0918399812288178,1.02862581277422,0.928968454676156,-1.92426661180865,2.10794657426628,34.6965963649067,2.63147030215493e-17,77,238583.142278434
age_4lvl,40to64y,1999-2020,21.2,WTMEC.COMBN,gender,employ_status,fib4_high_vs_low,16429,71792037.9612203,163,quasibinomial (logit),Unemployed,1.5244505865888,0.150439022967804,6.27058646181126e-19,1.2295901015719,1.81931107160569,34.6965963649067,2.63147030215493e-17,5200,18314255.3685665
age_4lvl,under30y,1999-2020,21.2,WTMEC.COMBN,gender,employ_status,fib4_high_vs_low,12551,44456875.6720916,163,quasibinomial (logit),Full-time employed (Intercept),-8.00669423721566,0.445814739308215,4.23945734514102e-40,-8.88049112625977,-7.13289734817156,808.262781296734,5.34206211648196e-96,5920,24553086.9193148
age_4lvl,under30y,1999-2020,21.2,WTMEC.COMBN,gender,employ_status,fib4_high_vs_low,12551,44456875.6720916,163,quasibinomial (logit),Part-time employed,0.349340863195522,0.880841124534649,0.69219484016532,-1.37710774089239,2.07578946728343,808.262781296734,5.34206211648196e-96,2177,7316078.69924907
age_4lvl,under30y,1999-2020,21.2,WTMEC.COMBN,gender,employ_status,fib4_high_vs_low,12551,44456875.6720916,163,quasibinomial (logit),Student,-14.5036871077449,0.493758473988799,4.00029098325744e-66,-15.4714537167629,-13.5359204987269,808.262781296734,5.34206211648196e-96,1395,3772620.05872234
age_4lvl,under30y,1999-2020,21.2,WTMEC.COMBN,gender,employ_status,fib4_high_vs_low,12551,44456875.6720916,163,quasibinomial (logit),Unemployed,0.656204651931294,1.01963268739797,0.520781698101566,-1.34227541536873,2.65468471923132,808.262781296734,5.34206211648196e-96,3059,8815089.99480533
age_4lvl,30to39y,1999-2020,21.2,WTMEC.COMBN,gender,employ_status,fib4_high_vs_low,8537,37660126.1212286,163,quasibinomial (logit),Full-time employed (Intercept),-6.33133447610542,0.454677252459883,2.51710187708205e-29,-7.22250189092679,-5.44016706128405,736.453062705508,5.39848237613682e-93,5613,26387049.6960346
age_4lvl,30to39y,1999-2020,21.2,WTMEC.COMBN,gender,employ_status,fib4_high_vs_low,8537,37660126.1212286,163,quasibinomial (logit),Part-time employed,-0.993734047150898,1.15012731883028,0.388877963626853,-3.24798359205824,1.26051549775644,736.453062705508,5.39848237613682e-93,774,3292876.29343125
age_4lvl,30to39y,1999-2020,21.2,WTMEC.COMBN,gender,employ_status,fib4_high_vs_low,8537,37660126.1212286,163,quasibinomial (logit),Student,-12.3133723835389,0.347015947825199,1.89136792703199e-77,-12.9935236412763,-11.6332211258015,736.453062705508,5.39848237613682e-93,86,303419.248786849
age_4lvl,30to39y,1999-2020,21.2,WTMEC.COMBN,gender,employ_status,fib4_high_vs_low,8537,37660126.1212286,163,quasibinomial (logit),Unemployed,0.702031941514261,0.524933966085792,0.183011261109147,-0.326838632013892,1.73090251504241,736.453062705508,5.39848237613682e-93,2064,7676780.88297596
age_4lvl,over65y,1999-2020,21.2,WTMEC.COMBN,gender,employ_status,prevent_cvd_10yr_base,8611,27124200.4453762,163,gaussian (identity),Full-time employed (Intercept),0.188955620915848,0.00325579439521711,6.31296602418552e-109,0.182574263901223,0.195336977930474,82.1948139975002,3.68942749003744e-32,986,3357265.06620623
age_4lvl,over65y,1999-2020,21.2,WTMEC.COMBN,gender,employ_status,prevent_cvd_10yr_base,8611,27124200.4453762,163,gaussian (identity),Part-time employed,0.0150830535046528,0.00452329956018632,0.00106331273632699,0.00621738636668767,0.023948720642618,82.1948139975002,3.68942749003744e-32,751,2745707.31956468
age_4lvl,over65y,1999-2020,21.2,WTMEC.COMBN,gender,employ_status,prevent_cvd_10yr_base,8611,27124200.4453762,163,gaussian (identity),Student,-0.0222319754283407,0.0231294134675917,0.33791143742255,-0.0675656258248205,0.023101674968139,82.1948139975002,3.68942749003744e-32,9,18549.8460165849
age_4lvl,over65y,1999-2020,21.2,WTMEC.COMBN,gender,employ_status,prevent_cvd_10yr_base,8611,27124200.4453762,163,gaussian (identity),Unemployed,0.0410981499463912,0.00301191515908801,1.47116696172163e-28,0.0351947962345787,0.0470015036582037,82.1948139975002,3.68942749003744e-32,6865,21002678.2135887
age_4lvl,40to64y,1999-2020,21.2,WTMEC.COMBN,gender,employ_status,prevent_cvd_10yr_base,20316,87811924.3650581,163,gaussian (identity),Full-time employed (Intercept),0.0775713888570365,0.00126578804146784,1.59122971668657e-112,0.0750904442957596,0.0800523334183135,237.211758752548,1.80127250243352e-58,11753,56159105.6509422
age_4lvl,40to64y,1999-2020,21.2,WTMEC.COMBN,gender,employ_status,prevent_cvd_10yr_base,20316,87811924.3650581,163,gaussian (identity),Part-time employed,0.0108640721711701,0.00221859376076872,2.3750645113917e-06,0.00651562840006341,0.0152125159422768,237.211758752548,1.80127250243352e-58,1747,7976124.46650281
age_4lvl,40to64y,1999-2020,21.2,WTMEC.COMBN,gender,employ_status,prevent_cvd_10yr_base,20316,87811924.3650581,163,gaussian (identity),Student,-0.00683939585101782,0.00641804689138454,0.288197121703224,-0.0194187677581315,0.00573997605609589,237.211758752548,1.80127250243352e-58,81,255660.15312534
age_4lvl,40to64y,1999-2020,21.2,WTMEC.COMBN,gender,employ_status,prevent_cvd_10yr_base,20316,87811924.3650581,163,gaussian (identity),Unemployed,0.0407857703397328,0.00155948847436685,1.79183953707869e-59,0.0377291729299738,0.0438423677494919,237.211758752548,1.80127250243352e-58,6735,23421034.0944878
age_4lvl,30to39y,1999-2020,21.2,WTMEC.COMBN,gender,employ_status,prevent_cvd_10yr_base,7363,32918529.2489852,163,gaussian (identity),Full-time employed (Intercept),0.02699828259331,0.00066585001085603,9.51648529544251e-86,0.0256932165720322,0.0283033486145879,13.7717706128167,4.97402972743276e-08,4892,23284338.529455
age_4lvl,30to39y,1999-2020,21.2,WTMEC.COMBN,gender,employ_status,prevent_cvd_10yr_base,7363,32918529.2489852,163,gaussian (identity),Part-time employed,-0.000384272974775973,0.00126591206164106,0.761864363309514,-0.00286546061559245,0.0020969146660405,13.7717706128167,4.97402972743276e-08,660,2827557.11438034
age_4lvl,30to39y,1999-2020,21.2,WTMEC.COMBN,gender,employ_status,prevent_cvd_10yr_base,7363,32918529.2489852,163,gaussian (identity),Student,-0.000311526435795485,0.00329806275109791,0.924864750575077,-0.0067757294279474,0.00615267655635643,13.7717706128167,4.97402972743276e-08,66,222234.415949019
age_4lvl,30to39y,1999-2020,21.2,WTMEC.COMBN,gender,employ_status,prevent_cvd_10yr_base,7363,32918529.2489852,163,gaussian (identity),Unemployed,0.00859936859959326,0.00138511518557376,4.47338559510392e-09,0.0058845428358687,0.0113141943633178,13.7717706128167,4.97402972743276e-08,1745,6584399.18920089
age_4lvl,over65y,1999-2020,21.2,WTMEC.COMBN,gender,employ_status,prevent_cvd_10yr_hba1c,8598,27088430.3942475,163,gaussian (identity),Full-time employed (Intercept),0.189706591828166,0.00319273454781445,1.76574605803616e-110,0.18344883211445,0.195964351541883,78.1727527913318,4.03148343789551e-31,985,3355842.65816962
age_4lvl,over65y,1999-2020,21.2,WTMEC.COMBN,gender,employ_status,prevent_cvd_10yr_hba1c,8598,27088430.3942475,163,gaussian (identity),Part-time employed,0.0128791820630529,0.00437588250726988,0.0037348377177544,0.00430245234880395,0.0214559117773019,78.1727527913318,4.03148343789551e-31,751,2745707.31956468
age_4lvl,over65y,1999-2020,21.2,WTMEC.COMBN,gender,employ_status,prevent_cvd_10yr_hba1c,8598,27088430.3942475,163,gaussian (identity),Student,-0.0196417503869076,0.021429644543652,0.360756576895472,-0.0616438536924655,0.0223603529186502,78.1727527913318,4.03148343789551e-31,9,18549.8460165849
age_4lvl,over65y,1999-2020,21.2,WTMEC.COMBN,gender,employ_status,prevent_cvd_10yr_hba1c,8598,27088430.3942475,163,gaussian (identity),Unemployed,0.0401430657653214,0.00300716508156918,9.56605512746932e-28,0.0342490222054458,0.046037109325197,78.1727527913318,4.03148343789551e-31,6853,20968330.5704966
age_4lvl,40to64y,1999-2020,21.2,WTMEC.COMBN,gender,employ_status,prevent_cvd_10yr_hba1c,20291,87725000.4072924,163,gaussian (identity),Full-time employed (Intercept),0.0780727206153873,0.00122634062728114,4.71054681658101e-115,0.0756690929859163,0.0804763482448583,241.913876552872,5.0282147608193e-59,11737,56088188.9081657
age_4lvl,40to64y,1999-2020,21.2,WTMEC.COMBN,gender,employ_status,prevent_cvd_10yr_hba1c,20291,87725000.4072924,163,gaussian (identity),Part-time employed,0.0105284793482036,0.00215236102455855,2.43059535342821e-06,0.00630985174006887,0.0147471069563384,241.913876552872,5.0282147608193e-59,1746,7972981.74098376
age_4lvl,40to64y,1999-2020,21.2,WTMEC.COMBN,gender,employ_status,prevent_cvd_10yr_hba1c,20291,87725000.4072924,163,gaussian (identity),Student,-0.00692215597136754,0.00643140794641591,0.283421304727284,-0.0195277155463427,0.00568340360360764,241.913876552872,5.0282147608193e-59,81,255660.15312534
age_4lvl,40to64y,1999-2020,21.2,WTMEC.COMBN,gender,employ_status,prevent_cvd_10yr_hba1c,20291,87725000.4072924,163,gaussian (identity),Unemployed,0.0402049700756935,0.00152391500441146,5.78794781900948e-60,0.0372180966670471,0.04319184348434,241.913876552872,5.0282147608193e-59,6727,23408169.6050176
age_4lvl,30to39y,1999-2020,21.2,WTMEC.COMBN,gender,employ_status,prevent_cvd_10yr_hba1c,7346,32848170.2617495,163,gaussian (identity),Full-time employed (Intercept),0.027092146160698,0.000697548311612488,4.77948774224298e-83,0.0257249514699376,0.0284593408514585,13.9242578692279,4.1661937103758e-08,4882,23240434.0846129
age_4lvl,30to39y,1999-2020,21.2,WTMEC.COMBN,gender,employ_status,prevent_cvd_10yr_hba1c,7346,32848170.2617495,163,gaussian (identity),Part-time employed,-0.000420820709583727,0.00131220981304087,0.748861723180546,-0.00299275194314384,0.00215111052397639,13.9242578692279,4.1661937103758e-08,656,2816244.37358053
age_4lvl,30to39y,1999-2020,21.2,WTMEC.COMBN,gender,employ_status,prevent_cvd_10yr_hba1c,7346,32848170.2617495,163,gaussian (identity),Student,-0.000488469046095082,0.00311410854217247,0.875556719114828,-0.00659212178875313,0.00561518369656297,13.9242578692279,4.1661937103758e-08,66,222234.415949019
age_4lvl,30to39y,1999-2020,21.2,WTMEC.COMBN,gender,employ_status,prevent_cvd_10yr_hba1c,7346,32848170.2617495,163,gaussian (identity),Unemployed,0.00830483477051482,0.00134563344651766,5.39689904151689e-09,0.00566739321534021,0.0109422763256894,13.9242578692279,4.1661937103758e-08,1742,6569257.38760711
age_4lvl,over65y,1999-2020,21.2,WTMEC.COMBN,gender,employ_status,prevent_cvd_10yr_uacr,8479,26770272.4165326,163,gaussian (identity),Full-time employed (Intercept),0.170290492544213,0.00336595037418862,6.23160250612153e-100,0.163693229810804,0.176887755277623,84.3674611796021,1.04393356064731e-32,978,3338592.7664703
age_4lvl,over65y,1999-2020,21.2,WTMEC.COMBN,gender,employ_status,prevent_cvd_10yr_uacr,8479,26770272.4165326,163,gaussian (identity),Part-time employed,0.0130718531589306,0.00464369600607345,0.00549543498891804,0.00397020898702664,0.0221734973308345,84.3674611796021,1.04393356064731e-32,747,2733620.73062836
age_4lvl,over65y,1999-2020,21.2,WTMEC.COMBN,gender,employ_status,prevent_cvd_10yr_uacr,8479,26770272.4165326,163,gaussian (identity),Student,-0.0244994444160613,0.0221789725588372,0.270990975668625,-0.0679702306313823,0.0189713417992596,84.3674611796021,1.04393356064731e-32,9,18549.8460165849
age_4lvl,over65y,1999-2020,21.2,WTMEC.COMBN,gender,employ_status,prevent_cvd_10yr_uacr,8479,26770272.4165326,163,gaussian (identity),Unemployed,0.0439124293260096,0.00310250116640153,5.94884622866059e-30,0.0378315270398626,0.0499933316121566,84.3674611796021,1.04393356064731e-32,6745,20679509.0734174
age_4lvl,40to64y,1999-2020,21.2,WTMEC.COMBN,gender,employ_status,prevent_cvd_10yr_uacr,20187,87401598.3317829,163,gaussian (identity),Full-time employed (Intercept),0.064501857966428,0.00124107723567634,1.09931373504159e-101,0.0620693465845024,0.0669343693483536,233.188803230771,5.45588039428282e-58,11714,56000133.883726
age_4lvl,40to64y,1999-2020,21.2,WTMEC.COMBN,gender,employ_status,prevent_cvd_10yr_uacr,20187,87401598.3317829,163,gaussian (identity),Part-time employed,0.00868126313920298,0.00198018753588521,2.10950980750704e-05,0.00480009556886797,0.012562430709538,233.188803230771,5.45588039428282e-58,1739,7958954.8240207
age_4lvl,40to64y,1999-2020,21.2,WTMEC.COMBN,gender,employ_status,prevent_cvd_10yr_uacr,20187,87401598.3317829,163,gaussian (identity),Student,-0.00482467528415562,0.00624039324235882,0.440589503765235,-0.0170558460391789,0.00740649547086767,233.188803230771,5.45588039428282e-58,81,255660.15312534
age_4lvl,40to64y,1999-2020,21.2,WTMEC.COMBN,gender,employ_status,prevent_cvd_10yr_uacr,20187,87401598.3317829,163,gaussian (identity),Unemployed,0.0374513646967046,0.00144722093850179,7.00819860590679e-59,0.0346148116572411,0.0402879177361681,233.188803230771,5.45588039428282e-58,6653,23186849.4709108
age_4lvl,30to39y,1999-2020,21.2,WTMEC.COMBN,gender,employ_status,prevent_cvd_10yr_uacr,7323,32741835.1374796,163,gaussian (identity),Full-time employed (Intercept),0.0213502632928454,0.000562695077487067,1.36599327076001e-81,0.0202473809409707,0.02245314564472,14.9166426761245,1.32628459738396e-08,4869,23169867.7077225
age_4lvl,30to39y,1999-2020,21.2,WTMEC.COMBN,gender,employ_status,prevent_cvd_10yr_uacr,7323,32741835.1374796,163,gaussian (identity),Part-time employed,-0.00109296268133093,0.000975176938523316,0.264069789907861,-0.00300430948083663,0.000818384118174772,14.9166426761245,1.32628459738396e-08,655,2810141.1315626
age_4lvl,30to39y,1999-2020,21.2,WTMEC.COMBN,gender,employ_status,prevent_cvd_10yr_uacr,7323,32741835.1374796,163,gaussian (identity),Student,-0.00169069612400262,0.00229229679412634,0.46187166613902,-0.00618359784049024,0.00280220559248501,14.9166426761245,1.32628459738396e-08,66,222234.415949019
age_4lvl,30to39y,1999-2020,21.2,WTMEC.COMBN,gender,employ_status,prevent_cvd_10yr_uacr,7323,32741835.1374796,163,gaussian (identity),Unemployed,0.00676215924343676,0.00109247599375055,4.92135451360226e-09,0.00462090629568568,0.00890341219118783,14.9166426761245,1.32628459738396e-08,1733,6539591.88224553
age_4lvl,over65y,1999-2020,21.2,WTMEC.COMBN,gender,employ_status,prevent_cvd_10yr_full,8468,26739222.9114922,163,gaussian (identity),Full-time employed (Intercept),0.168376073059435,0.0032424395566281,1.24720248221801e-101,0.162020891528444,0.174731254590426,80.0752525430137,1.28928850384479e-31,977,3337170.3584337
age_4lvl,over65y,1999-2020,21.2,WTMEC.COMBN,gender,employ_status,prevent_cvd_10yr_full,8468,26739222.9114922,163,gaussian (identity),Part-time employed,0.0111671080250573,0.00451696586594974,0.0144793233238346,0.00231385492779576,0.0200203611223187,80.0752525430137,1.28928850384479e-31,747,2733620.73062836
age_4lvl,over65y,1999-2020,21.2,WTMEC.COMBN,gender,employ_status,prevent_cvd_10yr_full,8468,26739222.9114922,163,gaussian (identity),Student,-0.0191596228443829,0.0213987665760047,0.371947555989525,-0.061101205333352,0.0227819596445862,80.0752525430137,1.28928850384479e-31,9,18549.8460165849
age_4lvl,over65y,1999-2020,21.2,WTMEC.COMBN,gender,employ_status,prevent_cvd_10yr_full,8468,26739222.9114922,163,gaussian (identity),Unemployed,0.0420664856993994,0.00305336497907978,6.39573800257071e-29,0.0360818903404031,0.0480510810583958,80.0752525430137,1.28928850384479e-31,6735,20649881.9764136
age_4lvl,40to64y,1999-2020,21.2,WTMEC.COMBN,gender,employ_status,prevent_cvd_10yr_full,20162,87314674.3740172,163,gaussian (identity),Full-time employed (Intercept),0.0670458382768917,0.00119249542328169,7.78468520687293e-107,0.0647085472472596,0.0693831293065238,227.061038887831,3.04154484340031e-57,11698,55929217.1409496
age_4lvl,40to64y,1999-2020,21.2,WTMEC.COMBN,gender,employ_status,prevent_cvd_10yr_full,20162,87314674.3740172,163,gaussian (identity),Part-time employed,0.00804163865098911,0.00190409230486264,4.03975115255317e-05,0.00430961773345833,0.0117736595685199,227.061038887831,3.04154484340031e-57,1738,7955812.09850164
age_4lvl,40to64y,1999-2020,21.2,WTMEC.COMBN,gender,employ_status,prevent_cvd_10yr_full,20162,87314674.3740172,163,gaussian (identity),Student,-0.00647082468868463,0.00563537011498768,0.252589167468486,-0.0175161501140605,0.00457450073669121,227.061038887831,3.04154484340031e-57,81,255660.15312534
age_4lvl,40to64y,1999-2020,21.2,WTMEC.COMBN,gender,employ_status,prevent_cvd_10yr_full,20162,87314674.3740172,163,gaussian (identity),Unemployed,0.0359520601750448,0.0014049164860611,2.9484888021626e-58,0.0331984238623651,0.0387056964877246,227.061038887831,3.04154484340031e-57,6645,23173984.9814406
age_4lvl,30to39y,1999-2020,21.2,WTMEC.COMBN,gender,employ_status,prevent_cvd_10yr_full,7306,32671476.1502439,163,gaussian (identity),Full-time employed (Intercept),0.023094727359363,0.000617019613713899,9.59411212160813e-81,0.0218853689164838,0.0243040858022423,14.334457579856,2.59098366655539e-08,4859,23125963.2628803
age_4lvl,30to39y,1999-2020,21.2,WTMEC.COMBN,gender,employ_status,prevent_cvd_10yr_full,7306,32671476.1502439,163,gaussian (identity),Part-time employed,-0.00122373680685587,0.00100136823612197,0.22349175526429,-0.00318641854965493,0.000738944935943187,14.334457579856,2.59098366655539e-08,651,2798828.39076279
age_4lvl,30to39y,1999-2020,21.2,WTMEC.COMBN,gender,employ_status,prevent_cvd_10yr_full,7306,32671476.1502439,163,gaussian (identity),Student,-0.00174549031949646,0.00214799545824574,0.417654669090062,-0.00595556141765812,0.0024645807786652,14.334457579856,2.59098366655539e-08,66,222234.415949019
age_4lvl,30to39y,1999-2020,21.2,WTMEC.COMBN,gender,employ_status,prevent_cvd_10yr_full,7306,32671476.1502439,163,gaussian (identity),Unemployed,0.00628754058094862,0.00106310867773621,1.97521237033558e-08,0.00420384757258565,0.00837123358931159,14.334457579856,2.59098366655539e-08,1730,6524450.08065176
age_4lvl,over65y,1999-2020,21.2,WTMEC.COMBN,gender,employ_status,prevent_cvd_30yr_base,8611,27124200.4453762,163,gaussian (identity),Full-time employed (Intercept),0.360351401428043,0.0031635625986171,2.52517826874204e-154,0.354150818734754,0.366551984121333,6.27469360639342,0.000473243517892945,986,3357265.06620623
age_4lvl,over65y,1999-2020,21.2,WTMEC.COMBN,gender,employ_status,prevent_cvd_30yr_base,8611,27124200.4453762,163,gaussian (identity),Part-time employed,-0.00070714546536268,0.00407138348129538,0.862332562037263,-0.00868705708870163,0.00727276615797627,6.27469360639342,0.000473243517892945,751,2745707.31956468
age_4lvl,over65y,1999-2020,21.2,WTMEC.COMBN,gender,employ_status,prevent_cvd_30yr_base,8611,27124200.4453762,163,gaussian (identity),Student,-0.0166246044149045,0.0286922443419144,0.563131849018539,-0.0728614033250568,0.0396121944952478,6.27469360639342,0.000473243517892945,9,18549.8460165849
age_4lvl,over65y,1999-2020,21.2,WTMEC.COMBN,gender,employ_status,prevent_cvd_30yr_base,8611,27124200.4453762,163,gaussian (identity),Unemployed,0.0086794234305577,0.00290291093969822,0.00323477932489744,0.00298971798874918,0.0143691288723662,6.27469360639342,0.000473243517892945,6865,21002678.2135887
age_4lvl,40to64y,1999-2020,21.2,WTMEC.COMBN,gender,employ_status,prevent_cvd_30yr_base,20316,87811924.3650581,163,gaussian (identity),Full-time employed (Intercept),0.243359679735659,0.00234691601267778,6.36114132569901e-148,0.23875972435081,0.247959635120507,170.772306085684,1.64871950283915e-49,11753,56159105.6509422
age_4lvl,40to64y,1999-2020,21.2,WTMEC.COMBN,gender,employ_status,prevent_cvd_30yr_base,20316,87811924.3650581,163,gaussian (identity),Part-time employed,0.0111456041139423,0.00361844564978874,0.00243785308548513,0.00405345064035639,0.0182377575875283,170.772306085684,1.64871950283915e-49,1747,7976124.46650281
age_4lvl,40to64y,1999-2020,21.2,WTMEC.COMBN,gender,employ_status,prevent_cvd_30yr_base,20316,87811924.3650581,163,gaussian (identity),Student,-0.0102681494804932,0.0131376162647836,0.435621410052082,-0.036017877359469,0.0154815783984827,170.772306085684,1.64871950283915e-49,81,255660.15312534
age_4lvl,40to64y,1999-2020,21.2,WTMEC.COMBN,gender,employ_status,prevent_cvd_30yr_base,20316,87811924.3650581,163,gaussian (identity),Unemployed,0.0563299204865869,0.00254237814941379,1.77864739911742e-50,0.0513468593137359,0.0613129816594379,170.772306085684,1.64871950283915e-49,6735,23421034.0944878
age_4lvl,30to39y,1999-2020,21.2,WTMEC.COMBN,gender,employ_status,prevent_cvd_30yr_base,7363,32918529.2489852,163,gaussian (identity),Full-time employed (Intercept),0.103095504429547,0.00178174621210636,9.97717994503743e-109,0.0996032818538184,0.106587727005275,14.6093955452525,1.88729205028068e-08,4892,23284338.529455
age_4lvl,30to39y,1999-2020,21.2,WTMEC.COMBN,gender,employ_status,prevent_cvd_30yr_base,7363,32918529.2489852,163,gaussian (identity),Part-time employed,-0.0013571982180259,0.00369980482782492,0.714233790814525,-0.00860881568056274,0.00589441924451095,14.6093955452525,1.88729205028068e-08,660,2827557.11438034
age_4lvl,30to39y,1999-2020,21.2,WTMEC.COMBN,gender,employ_status,prevent_cvd_30yr_base,7363,32918529.2489852,163,gaussian (identity),Student,0.000479098837087337,0.0105891371423245,0.963969302021195,-0.0202756099618687,0.0212338076360434,14.6093955452525,1.88729205028068e-08,66,222234.415949019
age_4lvl,30to39y,1999-2020,21.2,WTMEC.COMBN,gender,employ_status,prevent_cvd_30yr_base,7363,32918529.2489852,163,gaussian (identity),Unemployed,0.020706598600053,0.00326132252373248,2.16660186490775e-09,0.0143144064535373,0.0270987907465687,14.6093955452525,1.88729205028068e-08,1745,6584399.18920089
age_4lvl,over65y,1999-2020,21.2,WTMEC.COMBN,gender,employ_status,prevent_cvd_30yr_hba1c,8598,27088430.3942475,163,gaussian (identity),Full-time employed (Intercept),0.354067043448663,0.00304368955777546,9.2658606588347e-156,0.348101411915423,0.360032674981903,5.49886442257389,0.00127923716519158,985,3355842.65816962
age_4lvl,over65y,1999-2020,21.2,WTMEC.COMBN,gender,employ_status,prevent_cvd_30yr_hba1c,8598,27088430.3942475,163,gaussian (identity),Part-time employed,-0.0027552269297127,0.00380501755184174,0.470066206718713,-0.0102130613313225,0.0047026074718971,5.49886442257389,0.00127923716519158,751,2745707.31956468
age_4lvl,over65y,1999-2020,21.2,WTMEC.COMBN,gender,employ_status,prevent_cvd_30yr_hba1c,8598,27088430.3942475,163,gaussian (identity),Student,-0.0145122549918968,0.0253135886852338,0.567252210669422,-0.064126888814955,0.0351023788311614,5.49886442257389,0.00127923716519158,9,18549.8460165849
age_4lvl,over65y,1999-2020,21.2,WTMEC.COMBN,gender,employ_status,prevent_cvd_30yr_hba1c,8598,27088430.3942475,163,gaussian (identity),Unemployed,0.00680784100178194,0.00279338258228857,0.0159071805246442,0.00133281114049635,0.0122828708630675,5.49886442257389,0.00127923716519158,6853,20968330.5704966
age_4lvl,40to64y,1999-2020,21.2,WTMEC.COMBN,gender,employ_status,prevent_cvd_30yr_hba1c,20291,87725000.4072924,163,gaussian (identity),Full-time employed (Intercept),0.240381003249694,0.00223385905405475,1.9073709199676e-150,0.236002639503747,0.244759366995641,176.216342897149,2.44791365563445e-50,11737,56088188.9081657
age_4lvl,40to64y,1999-2020,21.2,WTMEC.COMBN,gender,employ_status,prevent_cvd_30yr_hba1c,20291,87725000.4072924,163,gaussian (identity),Part-time employed,0.0103069098068861,0.00347335138552078,0.00346732412762267,0.00349914109126539,0.0171146785225068,176.216342897149,2.44791365563445e-50,1746,7972981.74098376
age_4lvl,40to64y,1999-2020,21.2,WTMEC.COMBN,gender,employ_status,prevent_cvd_30yr_hba1c,20291,87725000.4072924,163,gaussian (identity),Student,-0.0109583136879979,0.012768608885116,0.39206121922849,-0.0359847871028252,0.0140681597268294,176.216342897149,2.44791365563445e-50,81,255660.15312534
age_4lvl,40to64y,1999-2020,21.2,WTMEC.COMBN,gender,employ_status,prevent_cvd_30yr_hba1c,20291,87725000.4072924,163,gaussian (identity),Unemployed,0.0541503628144608,0.00240629249528637,2.71806016597075e-51,0.0494340295236995,0.0588666961052221,176.216342897149,2.44791365563445e-50,6727,23408169.6050176
age_4lvl,30to39y,1999-2020,21.2,WTMEC.COMBN,gender,employ_status,prevent_cvd_30yr_hba1c,7346,32848170.2617495,163,gaussian (identity),Full-time employed (Intercept),0.101467140722535,0.00173794026359944,2.55335581423076e-109,0.0980607778058796,0.104873503639189,14.7633042203959,1.58131092701058e-08,4882,23240434.0846129
age_4lvl,30to39y,1999-2020,21.2,WTMEC.COMBN,gender,employ_status,prevent_cvd_30yr_hba1c,7346,32848170.2617495,163,gaussian (identity),Part-time employed,-0.00142997704958805,0.00355350385668371,0.68792039931576,-0.00839484460868812,0.00553489050951203,14.7633042203959,1.58131092701058e-08,656,2816244.37358053
age_4lvl,30to39y,1999-2020,21.2,WTMEC.COMBN,gender,employ_status,prevent_cvd_30yr_hba1c,7346,32848170.2617495,163,gaussian (identity),Student,0.000345098226282242,0.00991066081512588,0.972266222998011,-0.0190797969713645,0.019769993423929,14.7633042203959,1.58131092701058e-08,66,222234.415949019
age_4lvl,30to39y,1999-2020,21.2,WTMEC.COMBN,gender,employ_status,prevent_cvd_30yr_hba1c,7346,32848170.2617495,163,gaussian (identity),Unemployed,0.0195885360111859,0.00309215821618831,2.3324065445866e-09,0.0135279059074568,0.025649166114915,14.7633042203959,1.58131092701058e-08,1742,6569257.38760711
age_4lvl,over65y,1999-2020,21.2,WTMEC.COMBN,gender,employ_status,prevent_cvd_30yr_uacr,8479,26770272.4165326,163,gaussian (identity),Full-time employed (Intercept),0.342630568083613,0.00323007282578695,1.80955606232485e-149,0.33629962534507,0.348961510822155,13.1969455671263,9.73347368968775e-08,978,3338592.7664703
age_4lvl,over65y,1999-2020,21.2,WTMEC.COMBN,gender,employ_status,prevent_cvd_30yr_uacr,8479,26770272.4165326,163,gaussian (identity),Part-time employed,-0.00149401451854429,0.00398285990995468,0.708077818883916,-0.00930041994205546,0.00631239090496689,13.1969455671263,9.73347368968775e-08,747,2733620.73062836
age_4lvl,over65y,1999-2020,21.2,WTMEC.COMBN,gender,employ_status,prevent_cvd_30yr_uacr,8479,26770272.4165326,163,gaussian (identity),Student,-0.0195780607853128,0.0290053947767202,0.500668825749653,-0.0764286345476844,0.0372725129770587,13.1969455671263,9.73347368968775e-08,9,18549.8460165849
age_4lvl,over65y,1999-2020,21.2,WTMEC.COMBN,gender,employ_status,prevent_cvd_30yr_uacr,8479,26770272.4165326,163,gaussian (identity),Unemployed,0.0131770068678089,0.00292061444044383,1.24393418467523e-05,0.00745260256453898,0.0189014111710788,13.1969455671263,9.73347368968775e-08,6745,20679509.0734174
age_4lvl,40to64y,1999-2020,21.2,WTMEC.COMBN,gender,employ_status,prevent_cvd_30yr_uacr,20187,87401598.3317829,163,gaussian (identity),Full-time employed (Intercept),0.22082041196869,0.00232467117317686,5.77452671850446e-142,0.216264056469263,0.225376767468116,181.949617601687,3.44659364518834e-51,11714,56000133.883726
age_4lvl,40to64y,1999-2020,21.2,WTMEC.COMBN,gender,employ_status,prevent_cvd_30yr_uacr,20187,87401598.3317829,163,gaussian (identity),Part-time employed,0.0107472241316374,0.00342376592112941,0.0020211344704103,0.00403664292622377,0.0174578053370511,181.949617601687,3.44659364518834e-51,1739,7958954.8240207
age_4lvl,40to64y,1999-2020,21.2,WTMEC.COMBN,gender,employ_status,prevent_cvd_30yr_uacr,20187,87401598.3317829,163,gaussian (identity),Student,-0.00894532328381108,0.0127491108753182,0.483927613479499,-0.0339335805994348,0.0160429340318126,181.949617601687,3.44659364518834e-51,81,255660.15312534
age_4lvl,40to64y,1999-2020,21.2,WTMEC.COMBN,gender,employ_status,prevent_cvd_30yr_uacr,20187,87401598.3317829,163,gaussian (identity),Unemployed,0.0566645198367894,0.00247683072324527,3.65221254903818e-52,0.0518099316192287,0.0615191080543501,181.949617601687,3.44659364518834e-51,6653,23186849.4709108
age_4lvl,30to39y,1999-2020,21.2,WTMEC.COMBN,gender,employ_status,prevent_cvd_30yr_uacr,7323,32741835.1374796,163,gaussian (identity),Full-time employed (Intercept),0.089896741820518,0.00160953635088954,2.11840672460684e-106,0.0867420505727745,0.0930514330682615,15.4492069243294,7.22048802392409e-09,4869,23169867.7077225
age_4lvl,30to39y,1999-2020,21.2,WTMEC.COMBN,gender,employ_status,prevent_cvd_30yr_uacr,7323,32741835.1374796,163,gaussian (identity),Part-time employed,-0.00270715253053779,0.0031935782899799,0.397886928754551,-0.0089665659788984,0.00355226091782282,15.4492069243294,7.22048802392409e-09,655,2810141.1315626
age_4lvl,30to39y,1999-2020,21.2,WTMEC.COMBN,gender,employ_status,prevent_cvd_30yr_uacr,7323,32741835.1374796,163,gaussian (identity),Student,-0.0019096976972112,0.00877030653371615,0.827906340707284,-0.0190994985032949,0.0152801031088725,15.4492069243294,7.22048802392409e-09,66,222234.415949019
age_4lvl,30to39y,1999-2020,21.2,WTMEC.COMBN,gender,employ_status,prevent_cvd_30yr_uacr,7323,32741835.1374796,163,gaussian (identity),Unemployed,0.0184918307331563,0.00290586831511075,2.00989111701026e-09,0.0127963288355392,0.0241873326307733,15.4492069243294,7.22048802392409e-09,1733,6539591.88224553
age_4lvl,over65y,1999-2020,21.2,WTMEC.COMBN,gender,employ_status,prevent_cvd_30yr_full,8468,26739222.9114922,163,gaussian (identity),Full-time employed (Intercept),0.325100014646012,0.00311400207621451,2.19634366835333e-148,0.318996570576632,0.331203458715393,9.97096713188898,4.63918481452261e-06,977,3337170.3584337
age_4lvl,over65y,1999-2020,21.2,WTMEC.COMBN,gender,employ_status,prevent_cvd_30yr_full,8468,26739222.9114922,163,gaussian (identity),Part-time employed,-0.00386294336728555,0.00372230557557017,0.300946997133677,-0.0111586622954031,0.00343277556083198,9.97096713188898,4.63918481452261e-06,747,2733620.73062836
age_4lvl,over65y,1999-2020,21.2,WTMEC.COMBN,gender,employ_status,prevent_cvd_30yr_full,8468,26739222.9114922,163,gaussian (identity),Student,-0.0161412012913049,0.0261752719409347,0.538342009523778,-0.0674447342955369,0.0351623317129271,9.97096713188898,4.63918481452261e-06,9,18549.8460165849
age_4lvl,over65y,1999-2020,21.2,WTMEC.COMBN,gender,employ_status,prevent_cvd_30yr_full,8468,26739222.9114922,163,gaussian (identity),Unemployed,0.0098128517156833,0.00281831633054319,0.000643189009949042,0.00428895170781865,0.015336751723548,9.97096713188898,4.63918481452261e-06,6735,20649881.9764136
age_4lvl,40to64y,1999-2020,21.2,WTMEC.COMBN,gender,employ_status,prevent_cvd_30yr_full,20162,87314674.3740172,163,gaussian (identity),Full-time employed (Intercept),0.217942659685165,0.00217278656364773,1.15591309586646e-145,0.213683998020415,0.222201321349915,180.898421440508,4.91963152751619e-51,11698,55929217.1409496
age_4lvl,40to64y,1999-2020,21.2,WTMEC.COMBN,gender,employ_status,prevent_cvd_30yr_full,20162,87314674.3740172,163,gaussian (identity),Part-time employed,0.00914517981343331,0.00322141412950409,0.00511871700728087,0.00283120811960529,0.0154591515072613,180.898421440508,4.91963152751619e-51,1738,7955812.09850164
age_4lvl,40to64y,1999-2020,21.2,WTMEC.COMBN,gender,employ_status,prevent_cvd_30yr_full,20162,87314674.3740172,163,gaussian (identity),Student,-0.0104825938745896,0.011981813853624,0.38296133899502,-0.0339669490276927,0.0130017612785135,180.898421440508,4.91963152751619e-51,81,255660.15312534
age_4lvl,40to64y,1999-2020,21.2,WTMEC.COMBN,gender,employ_status,prevent_cvd_30yr_full,20162,87314674.3740172,163,gaussian (identity),Unemployed,0.052715483583195,0.00231277673077448,5.74313375948155e-52,0.048182441190877,0.057248525975513,180.898421440508,4.91963152751619e-51,6645,23173984.9814406
age_4lvl,30to39y,1999-2020,21.2,WTMEC.COMBN,gender,employ_status,prevent_cvd_30yr_full,7306,32671476.1502439,163,gaussian (identity),Full-time employed (Intercept),0.0908511849615358,0.00156865015534801,8.64288830653966e-109,0.0877766306570538,0.0939257392660179,14.8093547899653,1.49989988233183e-08,4859,23125963.2628803
age_4lvl,30to39y,1999-2020,21.2,WTMEC.COMBN,gender,employ_status,prevent_cvd_30yr_full,7306,32671476.1502439,163,gaussian (identity),Part-time employed,-0.0029710095650771,0.00300657218609024,0.324569937859392,-0.00886389104981397,0.00292187191965977,14.8093547899653,1.49989988233183e-08,651,2798828.39076279
age_4lvl,30to39y,1999-2020,21.2,WTMEC.COMBN,gender,employ_status,prevent_cvd_30yr_full,7306,32671476.1502439,163,gaussian (identity),Student,-0.00237364595582376,0.00785208314096037,0.762822216767022,-0.0177637289121061,0.0130164370004586,14.8093547899653,1.49989988233183e-08,66,222234.415949019
age_4lvl,30to39y,1999-2020,21.2,WTMEC.COMBN,gender,employ_status,prevent_cvd_30yr_full,7306,32671476.1502439,163,gaussian (identity),Unemployed,0.0164330229573088,0.00268470010659136,6.98599365853775e-09,0.0111710107483898,0.0216950351662279,14.8093547899653,1.49989988233183e-08,1730,6524450.08065176
age_4lvl,over65y,1999-2020,21.2,WTMEC.COMBN,gender,employ_status,prevent_ascvd_10yr_base,8611,27124200.4453762,163,gaussian (identity),Full-time employed (Intercept),0.0982317474735479,0.00189057555338555,1.14415210617349e-101,0.0945262193889122,0.101937275558184,73.9587472168706,5.34583057280441e-30,986,3357265.06620623
age_4lvl,over65y,1999-2020,21.2,WTMEC.COMBN,gender,employ_status,prevent_ascvd_10yr_base,8611,27124200.4453762,163,gaussian (identity),Part-time employed,0.00932669544687186,0.00263342535270491,0.0005219707127653,0.00416518175557024,0.0144882091381735,73.9587472168706,5.34583057280441e-30,751,2745707.31956468
age_4lvl,over65y,1999-2020,21.2,WTMEC.COMBN,gender,employ_status,prevent_ascvd_10yr_base,8611,27124200.4453762,163,gaussian (identity),Student,-0.0084301801908632,0.0119347731153287,0.481001503027788,-0.0318223354969075,0.0149619751151811,73.9587472168706,5.34583057280441e-30,9,18549.8460165849
age_4lvl,over65y,1999-2020,21.2,WTMEC.COMBN,gender,employ_status,prevent_ascvd_10yr_base,8611,27124200.4453762,163,gaussian (identity),Unemployed,0.0229333687673737,0.00175634742180981,6.06880792473135e-27,0.0194909278206265,0.026375809714121,73.9587472168706,5.34583057280441e-30,6865,21002678.2135887
age_4lvl,40to64y,1999-2020,21.2,WTMEC.COMBN,gender,employ_status,prevent_ascvd_10yr_base,20316,87811924.3650581,163,gaussian (identity),Full-time employed (Intercept),0.042720363898625,0.000753686992454594,2.27330235893301e-107,0.041243137393414,0.044197590403836,206.528381432099,1.28233672743409e-54,11753,56159105.6509422
age_4lvl,40to64y,1999-2020,21.2,WTMEC.COMBN,gender,employ_status,prevent_ascvd_10yr_base,20316,87811924.3650581,163,gaussian (identity),Part-time employed,0.00618023591826053,0.00140465641673921,1.97749027267818e-05,0.00342710934145167,0.00893336249506939,206.528381432099,1.28233672743409e-54,1747,7976124.46650281
age_4lvl,40to64y,1999-2020,21.2,WTMEC.COMBN,gender,employ_status,prevent_ascvd_10yr_base,20316,87811924.3650581,163,gaussian (identity),Student,-0.00336396953923376,0.00371865338403419,0.367035185564829,-0.0106525301719408,0.00392459109347324,206.528381432099,1.28233672743409e-54,81,255660.15312534
age_4lvl,40to64y,1999-2020,21.2,WTMEC.COMBN,gender,employ_status,prevent_ascvd_10yr_base,20316,87811924.3650581,163,gaussian (identity),Unemployed,0.0223818976739415,0.000917718819804648,1.31906799128778e-55,0.0205831687871244,0.0241806265607586,206.528381432099,1.28233672743409e-54,6735,23421034.0944878
age_4lvl,30to39y,1999-2020,21.2,WTMEC.COMBN,gender,employ_status,prevent_ascvd_10yr_base,7363,32918529.2489852,163,gaussian (identity),Full-time employed (Intercept),0.0154915856142374,0.000399657461294176,6.35783042249908e-83,0.0147082569901008,0.016274914238374,12.5718619242593,2.03173618973982e-07,4892,23284338.529455
age_4lvl,30to39y,1999-2020,21.2,WTMEC.COMBN,gender,employ_status,prevent_ascvd_10yr_base,7363,32918529.2489852,163,gaussian (identity),Part-time employed,-0.000205103263259104,0.00076596527131681,0.789222664266243,-0.00170639519504005,0.00129618866852184,12.5718619242593,2.03173618973982e-07,660,2827557.11438034
age_4lvl,30to39y,1999-2020,21.2,WTMEC.COMBN,gender,employ_status,prevent_ascvd_10yr_base,7363,32918529.2489852,163,gaussian (identity),Student,-0.000452141037775701,0.00180394514447042,0.80241594335286,-0.00398787352093773,0.00308359144538633,12.5718619242593,2.03173618973982e-07,66,222234.415949019
age_4lvl,30to39y,1999-2020,21.2,WTMEC.COMBN,gender,employ_status,prevent_ascvd_10yr_base,7363,32918529.2489852,163,gaussian (identity),Unemployed,0.00476775435327504,0.000804518389255331,1.86130963275743e-08,0.00319089831033459,0.00634461039621549,12.5718619242593,2.03173618973982e-07,1745,6584399.18920089
age_4lvl,over65y,1999-2020,21.2,WTMEC.COMBN,gender,employ_status,prevent_ascvd_10yr_hba1c,8598,27088430.3942475,163,gaussian (identity),Full-time employed (Intercept),0.0976119889095339,0.00181871896829849,8.70624963495255e-104,0.0940472997316688,0.101176678087399,71.1986580635724,3.04430567132516e-29,985,3355842.65816962
age_4lvl,over65y,1999-2020,21.2,WTMEC.COMBN,gender,employ_status,prevent_ascvd_10yr_hba1c,8598,27088430.3942475,163,gaussian (identity),Part-time employed,0.00785355402847212,0.00251839856400048,0.00215855597876743,0.00291749284303117,0.0127896152139131,71.1986580635724,3.04430567132516e-29,751,2745707.31956468
age_4lvl,over65y,1999-2020,21.2,WTMEC.COMBN,gender,employ_status,prevent_ascvd_10yr_hba1c,8598,27088430.3942475,163,gaussian (identity),Student,-0.00660700402230375,0.0113434758443551,0.561088859224799,-0.0288402166772398,0.0156262086326323,71.1986580635724,3.04430567132516e-29,9,18549.8460165849
age_4lvl,over65y,1999-2020,21.2,WTMEC.COMBN,gender,employ_status,prevent_ascvd_10yr_hba1c,8598,27088430.3942475,163,gaussian (identity),Unemployed,0.0220309135878562,0.00170859216541873,1.70786750812923e-26,0.0186820729436355,0.0253797542320769,71.1986580635724,3.04430567132516e-29,6853,20968330.5704966
age_4lvl,40to64y,1999-2020,21.2,WTMEC.COMBN,gender,employ_status,prevent_ascvd_10yr_hba1c,20291,87725000.4072924,163,gaussian (identity),Full-time employed (Intercept),0.0422714451777657,0.00072213043251714,1.71288044604326e-109,0.0408560695300322,0.0436868208254993,209.276761383836,5.55734473598767e-55,11737,56088188.9081657
age_4lvl,40to64y,1999-2020,21.2,WTMEC.COMBN,gender,employ_status,prevent_ascvd_10yr_hba1c,20291,87725000.4072924,163,gaussian (identity),Part-time employed,0.00579993610169466,0.00130732907788948,1.70041852526591e-05,0.00323757110903128,0.00836230109435805,209.276761383836,5.55734473598767e-55,1746,7972981.74098376
age_4lvl,40to64y,1999-2020,21.2,WTMEC.COMBN,gender,employ_status,prevent_ascvd_10yr_hba1c,20291,87725000.4072924,163,gaussian (identity),Student,-0.00370021448709064,0.00359349837135068,0.304716078172141,-0.010743471294938,0.00334304232075669,209.276761383836,5.55734473598767e-55,81,255660.15312534
age_4lvl,40to64y,1999-2020,21.2,WTMEC.COMBN,gender,employ_status,prevent_ascvd_10yr_hba1c,20291,87725000.4072924,163,gaussian (identity),Unemployed,0.021729604079793,0.000884138979230116,5.00439164653516e-56,0.019996691680502,0.0234625164790841,209.276761383836,5.55734473598767e-55,6727,23408169.6050176
age_4lvl,30to39y,1999-2020,21.2,WTMEC.COMBN,gender,employ_status,prevent_ascvd_10yr_hba1c,7346,32848170.2617495,163,gaussian (identity),Full-time employed (Intercept),0.0151797426305512,0.000422713644622551,3.48712855617287e-78,0.014351223887091,0.0160082613740114,12.5939373903886,1.97940620483494e-07,4882,23240434.0846129
age_4lvl,30to39y,1999-2020,21.2,WTMEC.COMBN,gender,employ_status,prevent_ascvd_10yr_hba1c,7346,32848170.2617495,163,gaussian (identity),Part-time employed,-0.000234976794509447,0.00077940603295919,0.763440997720582,-0.00176261261910946,0.00129265903009057,12.5939373903886,1.97940620483494e-07,656,2816244.37358053
age_4lvl,30to39y,1999-2020,21.2,WTMEC.COMBN,gender,employ_status,prevent_ascvd_10yr_hba1c,7346,32848170.2617495,163,gaussian (identity),Student,-0.000529423596210982,0.00166559756530855,0.751009680626503,-0.00379399482421573,0.00273514763179377,12.5939373903886,1.97940620483494e-07,66,222234.415949019
age_4lvl,30to39y,1999-2020,21.2,WTMEC.COMBN,gender,employ_status,prevent_ascvd_10yr_hba1c,7346,32848170.2617495,163,gaussian (identity),Unemployed,0.00447819001579799,0.000768096648886649,2.99616191317385e-08,0.00297272058398016,0.00598365944761582,12.5939373903886,1.97940620483494e-07,1742,6569257.38760711
age_4lvl,over65y,1999-2020,21.2,WTMEC.COMBN,gender,employ_status,prevent_ascvd_10yr_uacr,8479,26770272.4165326,163,gaussian (identity),Full-time employed (Intercept),0.0895378604115904,0.00194163841559134,6.12690178145015e-94,0.0857322491170314,0.0933434717061495,80.0157243414559,1.33578067465566e-31,978,3338592.7664703
age_4lvl,over65y,1999-2020,21.2,WTMEC.COMBN,gender,employ_status,prevent_ascvd_10yr_uacr,8479,26770272.4165326,163,gaussian (identity),Part-time employed,0.00831690872254077,0.0027067873266567,0.0024972227975476,0.00301160556229363,0.0136222118827879,80.0157243414559,1.33578067465566e-31,747,2733620.73062836
age_4lvl,over65y,1999-2020,21.2,WTMEC.COMBN,gender,employ_status,prevent_ascvd_10yr_uacr,8479,26770272.4165326,163,gaussian (identity),Student,-0.00992526725002843,0.0110829867114034,0.371851798238631,-0.0316479212043792,0.0117973867043223,80.0157243414559,1.33578067465566e-31,9,18549.8460165849
age_4lvl,over65y,1999-2020,21.2,WTMEC.COMBN,gender,employ_status,prevent_ascvd_10yr_uacr,8479,26770272.4165326,163,gaussian (identity),Unemployed,0.0247287178729751,0.00178994388762604,5.0233388553087e-29,0.021220427853228,0.0282370078927221,80.0157243414559,1.33578067465566e-31,6745,20679509.0734174
age_4lvl,40to64y,1999-2020,21.2,WTMEC.COMBN,gender,employ_status,prevent_ascvd_10yr_uacr,20187,87401598.3317829,163,gaussian (identity),Full-time employed (Intercept),0.0363742649706795,0.000747727001374083,2.18406273998574e-97,0.0349087200479863,0.0378398098933727,204.094710126736,2.70877971737701e-54,11714,56000133.883726
age_4lvl,40to64y,1999-2020,21.2,WTMEC.COMBN,gender,employ_status,prevent_ascvd_10yr_uacr,20187,87401598.3317829,163,gaussian (identity),Part-time employed,0.00515529520073658,0.0012574400514576,6.57818302445294e-05,0.00269071269987968,0.00761987770159348,204.094710126736,2.70877971737701e-54,1739,7958954.8240207
age_4lvl,40to64y,1999-2020,21.2,WTMEC.COMBN,gender,employ_status,prevent_ascvd_10yr_uacr,20187,87401598.3317829,163,gaussian (identity),Student,-0.00231494190998662,0.00366214037273669,0.528211054830921,-0.00949273704055054,0.0048628532205773,204.094710126736,2.70877971737701e-54,81,255660.15312534
age_4lvl,40to64y,1999-2020,21.2,WTMEC.COMBN,gender,employ_status,prevent_ascvd_10yr_uacr,20187,87401598.3317829,163,gaussian (identity),Unemployed,0.0210628460928548,0.000873317680009154,5.33817283733912e-55,0.0193511434400368,0.0227745487456727,204.094710126736,2.70877971737701e-54,6653,23186849.4709108
age_4lvl,30to39y,1999-2020,21.2,WTMEC.COMBN,gender,employ_status,prevent_ascvd_10yr_uacr,7323,32741835.1374796,163,gaussian (identity),Full-time employed (Intercept),0.0126528399273638,0.000346713305064514,3.54194608926304e-79,0.0119732818494374,0.0133323980052903,13.5033354949577,6.80117695878033e-08,4869,23169867.7077225
age_4lvl,30to39y,1999-2020,21.2,WTMEC.COMBN,gender,employ_status,prevent_ascvd_10yr_uacr,7323,32741835.1374796,163,gaussian (identity),Part-time employed,-0.000506932848275907,0.000614676767494208,0.410769217407778,-0.00171169931256456,0.000697833616012741,13.5033354949577,6.80117695878033e-08,655,2810141.1315626
age_4lvl,30to39y,1999-2020,21.2,WTMEC.COMBN,gender,employ_status,prevent_ascvd_10yr_uacr,7323,32741835.1374796,163,gaussian (identity),Student,-0.00103030096638494,0.00133459318435651,0.441262542195981,-0.0036461036077237,0.00158550167495381,13.5033354949577,6.80117695878033e-08,66,222234.415949019
age_4lvl,30to39y,1999-2020,21.2,WTMEC.COMBN,gender,employ_status,prevent_ascvd_10yr_uacr,7323,32741835.1374796,163,gaussian (identity),Unemployed,0.00396325888229223,0.000663056010869437,1.4423363351725e-08,0.00266366910098814,0.00526284866359633,13.5033354949577,6.80117695878033e-08,1733,6539591.88224553
age_4lvl,over65y,1999-2020,21.2,WTMEC.COMBN,gender,employ_status,prevent_ascvd_10yr_full,8468,26739222.9114922,163,gaussian (identity),Full-time employed (Intercept),0.0892156109445801,0.00179364068253272,7.9123971968508e-99,0.085700075206816,0.0927311466823443,76.4893092961992,1.12086877443829e-30,977,3337170.3584337
age_4lvl,over65y,1999-2020,21.2,WTMEC.COMBN,gender,employ_status,prevent_ascvd_10yr_full,8468,26739222.9114922,163,gaussian (identity),Part-time employed,0.00681873430443832,0.00253647121930626,0.0079473657234839,0.00184725071459805,0.0117902178942786,76.4893092961992,1.12086877443829e-30,747,2733620.73062836
age_4lvl,over65y,1999-2020,21.2,WTMEC.COMBN,gender,employ_status,prevent_ascvd_10yr_full,8468,26739222.9114922,163,gaussian (identity),Student,-0.00652636481492752,0.0113760916282708,0.566987307394693,-0.0288235044063384,0.0157707747764833,76.4893092961992,1.12086877443829e-30,9,18549.8460165849
age_4lvl,over65y,1999-2020,21.2,WTMEC.COMBN,gender,employ_status,prevent_ascvd_10yr_full,8468,26739222.9114922,163,gaussian (identity),Unemployed,0.0227746119174457,0.00167868198356867,2.411956100171e-28,0.0194843952296511,0.0260648286052403,76.4893092961992,1.12086877443829e-30,6735,20649881.9764136
age_4lvl,40to64y,1999-2020,21.2,WTMEC.COMBN,gender,employ_status,prevent_ascvd_10yr_full,20162,87314674.3740172,163,gaussian (identity),Full-time employed (Intercept),0.0375153914709204,0.000708423340594895,6.55587817168055e-103,0.0361268817233544,0.0389039012184863,195.612156113113,3.88372463221807e-53,11698,55929217.1409496
age_4lvl,40to64y,1999-2020,21.2,WTMEC.COMBN,gender,employ_status,prevent_ascvd_10yr_full,20162,87314674.3740172,163,gaussian (identity),Part-time employed,0.00460442487933634,0.00115109386649984,9.68043309913263e-05,0.00234828090099666,0.00686056885767601,195.612156113113,3.88372463221807e-53,1738,7955812.09850164
age_4lvl,40to64y,1999-2020,21.2,WTMEC.COMBN,gender,employ_status,prevent_ascvd_10yr_full,20162,87314674.3740172,163,gaussian (identity),Student,-0.00352751371583726,0.00319883315192375,0.27180199388842,-0.00979722669360781,0.00274219926193328,195.612156113113,3.88372463221807e-53,81,255660.15312534
age_4lvl,40to64y,1999-2020,21.2,WTMEC.COMBN,gender,employ_status,prevent_ascvd_10yr_full,20162,87314674.3740172,163,gaussian (identity),Unemployed,0.0196956441264578,0.000829029199824411,3.49402249527234e-54,0.018070746894802,0.0213205413581136,195.612156113113,3.88372463221807e-53,6645,23173984.9814406
age_4lvl,30to39y,1999-2020,21.2,WTMEC.COMBN,gender,employ_status,prevent_ascvd_10yr_full,7306,32671476.1502439,163,gaussian (identity),Full-time employed (Intercept),0.0132865443375599,0.000374101294712019,1.66313771301314e-77,0.0125533057999244,0.0140197828751955,13.1779752965559,9.95240487156761e-08,4859,23125963.2628803
age_4lvl,30to39y,1999-2020,21.2,WTMEC.COMBN,gender,employ_status,prevent_ascvd_10yr_full,7306,32671476.1502439,163,gaussian (identity),Part-time employed,-0.000607150033391224,0.000617126648632872,0.326691956464399,-0.00181671826471165,0.000602418197929206,13.1779752965559,9.95240487156761e-08,651,2798828.39076279
age_4lvl,30to39y,1999-2020,21.2,WTMEC.COMBN,gender,employ_status,prevent_ascvd_10yr_full,7306,32671476.1502439,163,gaussian (identity),Student,-0.00114919075762616,0.00120922212354141,0.34337403856258,-0.00351926611976732,0.001220884604515,13.1779752965559,9.95240487156761e-08,66,222234.415949019
age_4lvl,30to39y,1999-2020,21.2,WTMEC.COMBN,gender,employ_status,prevent_ascvd_10yr_full,7306,32671476.1502439,163,gaussian (identity),Unemployed,0.00358920341949755,0.000628286682957595,5.33383351538106e-08,0.00235776152090067,0.00482064531809444,13.1779752965559,9.95240487156761e-08,1730,6524450.08065176
age_4lvl,over65y,1999-2020,21.2,WTMEC.COMBN,gender,employ_status,prevent_ascvd_30yr_base,8611,27124200.4453762,163,gaussian (identity),Full-time employed (Intercept),0.197585319786096,0.00231061870787828,7.60924768852982e-135,0.193056507118655,0.202114132453538,2.45612991523621,0.065054218638827,986,3357265.06620623
age_4lvl,over65y,1999-2020,21.2,WTMEC.COMBN,gender,employ_status,prevent_ascvd_30yr_base,8611,27124200.4453762,163,gaussian (identity),Part-time employed,0.000450238851228891,0.00311318912532789,0.885191666553358,-0.00565161183441377,0.00655208953687155,2.45612991523621,0.065054218638827,751,2745707.31956468
age_4lvl,over65y,1999-2020,21.2,WTMEC.COMBN,gender,employ_status,prevent_ascvd_30yr_base,8611,27124200.4453762,163,gaussian (identity),Student,-0.00457974719353695,0.0169959998383881,0.787924862414931,-0.0378919068767776,0.0287324124897037,2.45612991523621,0.065054218638827,9,18549.8460165849
age_4lvl,over65y,1999-2020,21.2,WTMEC.COMBN,gender,employ_status,prevent_ascvd_30yr_base,8611,27124200.4453762,163,gaussian (identity),Unemployed,0.00405041894507907,0.00219121052745763,0.0663895997526949,-0.000244353688737882,0.00834519157889602,2.45612991523621,0.065054218638827,6865,21002678.2135887
age_4lvl,40to64y,1999-2020,21.2,WTMEC.COMBN,gender,employ_status,prevent_ascvd_30yr_base,20316,87811924.3650581,163,gaussian (identity),Full-time employed (Intercept),0.135520282349773,0.00156601447818059,1.18742540500152e-135,0.132450893972539,0.138589670727007,142.777551089356,6.63600646170286e-45,11753,56159105.6509422
age_4lvl,40to64y,1999-2020,21.2,WTMEC.COMBN,gender,employ_status,prevent_ascvd_30yr_base,20316,87811924.3650581,163,gaussian (identity),Part-time employed,0.00737903706435266,0.00249275207768398,0.0035453030515778,0.00249324299209207,0.0122648311366133,142.777551089356,6.63600646170286e-45,1747,7976124.46650281
age_4lvl,40to64y,1999-2020,21.2,WTMEC.COMBN,gender,employ_status,prevent_ascvd_30yr_base,20316,87811924.3650581,163,gaussian (identity),Student,-0.00484171781062444,0.00877307347738256,0.581802762106963,-0.0220369418262942,0.0123535062050454,142.777551089356,6.63600646170286e-45,81,255660.15312534
age_4lvl,40to64y,1999-2020,21.2,WTMEC.COMBN,gender,employ_status,prevent_ascvd_30yr_base,20316,87811924.3650581,163,gaussian (identity),Unemployed,0.0350681969211441,0.00173101687407674,6.68399465985068e-46,0.0316754038479537,0.0384609899943345,142.777551089356,6.63600646170286e-45,6735,23421034.0944878
age_4lvl,30to39y,1999-2020,21.2,WTMEC.COMBN,gender,employ_status,prevent_ascvd_30yr_base,7363,32918529.2489852,163,gaussian (identity),Full-time employed (Intercept),0.0557340722559466,0.00108657035926848,7.91224831787408e-101,0.0536043943517804,0.0578637501601128,13.4119453809131,7.56754275823949e-08,4892,23284338.529455
age_4lvl,30to39y,1999-2020,21.2,WTMEC.COMBN,gender,employ_status,prevent_ascvd_30yr_base,7363,32918529.2489852,163,gaussian (identity),Part-time employed,-0.000531678197636936,0.00228799235854059,0.816543573678341,-0.00501614322037649,0.00395278682510261,13.4119453809131,7.56754275823949e-08,660,2827557.11438034
age_4lvl,30to39y,1999-2020,21.2,WTMEC.COMBN,gender,employ_status,prevent_ascvd_30yr_base,7363,32918529.2489852,163,gaussian (identity),Student,-0.000919366007628639,0.00581489756368376,0.874574459850561,-0.0123165652324488,0.0104778332171915,13.4119453809131,7.56754275823949e-08,66,222234.415949019
age_4lvl,30to39y,1999-2020,21.2,WTMEC.COMBN,gender,employ_status,prevent_ascvd_30yr_base,7363,32918529.2489852,163,gaussian (identity),Unemployed,0.0120775270310465,0.00198297905089642,8.15009859304078e-09,0.00819088809128949,0.0159641659708034,13.4119453809131,7.56754275823949e-08,1745,6584399.18920089
age_4lvl,over65y,1999-2020,21.2,WTMEC.COMBN,gender,employ_status,prevent_ascvd_30yr_hba1c,8598,27088430.3942475,163,gaussian (identity),Full-time employed (Intercept),0.192629467366639,0.0021613782881145,1.21018068994391e-137,0.188393165921935,0.196865768811344,1.92216631171898,0.128143419650552,985,3355842.65816962
age_4lvl,over65y,1999-2020,21.2,WTMEC.COMBN,gender,employ_status,prevent_ascvd_30yr_hba1c,8598,27088430.3942475,163,gaussian (identity),Part-time employed,-0.000864546193095389,0.00287643754607553,0.764141581282722,-0.00650236378340342,0.00477327139721264,1.92216631171898,0.128143419650552,751,2745707.31956468
age_4lvl,over65y,1999-2020,21.2,WTMEC.COMBN,gender,employ_status,prevent_ascvd_30yr_hba1c,8598,27088430.3942475,163,gaussian (identity),Student,-0.00340093170977094,0.0150971376636739,0.822058534619112,-0.0329913215305719,0.02618945811103,1.92216631171898,0.128143419650552,9,18549.8460165849
age_4lvl,over65y,1999-2020,21.2,WTMEC.COMBN,gender,employ_status,prevent_ascvd_30yr_hba1c,8598,27088430.3942475,163,gaussian (identity),Unemployed,0.00276033045641808,0.00203567285619898,0.177028356295578,-0.00122958834173192,0.00675024925456807,1.92216631171898,0.128143419650552,6853,20968330.5704966
age_4lvl,40to64y,1999-2020,21.2,WTMEC.COMBN,gender,employ_status,prevent_ascvd_30yr_hba1c,20291,87725000.4072924,163,gaussian (identity),Full-time employed (Intercept),0.131688605258662,0.00145356384529679,9.37914169254779e-139,0.12883962012188,0.134537590395444,147.698944279306,9.2609745549335e-46,11737,56088188.9081657
age_4lvl,40to64y,1999-2020,21.2,WTMEC.COMBN,gender,employ_status,prevent_ascvd_30yr_hba1c,20291,87725000.4072924,163,gaussian (identity),Part-time employed,0.00662951374310924,0.00230420110549383,0.00456437699511908,0.00211327957634133,0.0111457479098772,147.698944279306,9.2609745549335e-46,1746,7972981.74098376
age_4lvl,40to64y,1999-2020,21.2,WTMEC.COMBN,gender,employ_status,prevent_ascvd_30yr_hba1c,20291,87725000.4072924,163,gaussian (identity),Student,-0.00587339936090783,0.00816281272534644,0.472869880353088,-0.0218725123025869,0.0101257135807712,147.698944279306,9.2609745549335e-46,81,255660.15312534
age_4lvl,40to64y,1999-2020,21.2,WTMEC.COMBN,gender,employ_status,prevent_ascvd_30yr_hba1c,20291,87725000.4072924,163,gaussian (identity),Unemployed,0.032841970037569,0.00159165808739717,8.03822316243649e-47,0.0297223201862706,0.0359616198888675,147.698944279306,9.2609745549335e-46,6727,23408169.6050176
age_4lvl,30to39y,1999-2020,21.2,WTMEC.COMBN,gender,employ_status,prevent_ascvd_30yr_hba1c,7346,32848170.2617495,163,gaussian (identity),Full-time employed (Intercept),0.0537762555924986,0.00104565267545591,5.33645225078488e-101,0.051726776348605,0.0558257348363922,13.5370593176019,6.53863492867444e-08,4882,23240434.0846129
age_4lvl,30to39y,1999-2020,21.2,WTMEC.COMBN,gender,employ_status,prevent_ascvd_30yr_hba1c,7346,32848170.2617495,163,gaussian (identity),Part-time employed,-0.000620975909192129,0.00214820379854505,0.772906271885694,-0.00483145535434043,0.00358950353595617,13.5370593176019,6.53863492867444e-08,656,2816244.37358053
age_4lvl,30to39y,1999-2020,21.2,WTMEC.COMBN,gender,employ_status,prevent_ascvd_30yr_hba1c,7346,32848170.2617495,163,gaussian (identity),Student,-0.000872388088839081,0.00535103759004761,0.870700599622152,-0.0113604217653324,0.00961564558765423,13.5370593176019,6.53863492867444e-08,66,222234.415949019
age_4lvl,30to39y,1999-2020,21.2,WTMEC.COMBN,gender,employ_status,prevent_ascvd_30yr_hba1c,7346,32848170.2617495,163,gaussian (identity),Unemployed,0.010986437521251,0.00181450045580663,9.76684419434684e-09,0.00743001662786999,0.014542858414632,13.5370593176019,6.53863492867444e-08,1742,6569257.38760711
age_4lvl,over65y,1999-2020,21.2,WTMEC.COMBN,gender,employ_status,prevent_ascvd_30yr_uacr,8479,26770272.4165326,163,gaussian (identity),Full-time employed (Intercept),0.188505739739017,0.00228579024897456,2.13239963855508e-132,0.184025590851027,0.192985888627007,7.01089193532264,0.000185445600752264,978,3338592.7664703
age_4lvl,over65y,1999-2020,21.2,WTMEC.COMBN,gender,employ_status,prevent_ascvd_30yr_uacr,8479,26770272.4165326,163,gaussian (identity),Part-time employed,0.000119814977341269,0.00300295413633643,0.968223673900719,-0.00576597512987813,0.00600560508456067,7.01089193532264,0.000185445600752264,747,2733620.73062836
age_4lvl,over65y,1999-2020,21.2,WTMEC.COMBN,gender,employ_status,prevent_ascvd_30yr_uacr,8479,26770272.4165326,163,gaussian (identity),Student,-0.00609044894069077,0.0163733468042998,0.71040795378881,-0.0381822086771183,0.0260013107957368,7.01089193532264,0.000185445600752264,9,18549.8460165849
age_4lvl,over65y,1999-2020,21.2,WTMEC.COMBN,gender,employ_status,prevent_ascvd_30yr_uacr,8479,26770272.4165326,163,gaussian (identity),Unemployed,0.00663321009008564,0.00212563996258196,0.00214412001869384,0.002466955763425,0.0107994644167463,7.01089193532264,0.000185445600752264,6745,20679509.0734174
age_4lvl,40to64y,1999-2020,21.2,WTMEC.COMBN,gender,employ_status,prevent_ascvd_30yr_uacr,20187,87401598.3317829,163,gaussian (identity),Full-time employed (Intercept),0.124113462315269,0.00153058574653266,2.93068133885712e-131,0.121113514252065,0.127113410378473,150.711705593829,2.8402103646454e-46,11714,56000133.883726
age_4lvl,40to64y,1999-2020,21.2,WTMEC.COMBN,gender,employ_status,prevent_ascvd_30yr_uacr,20187,87401598.3317829,163,gaussian (identity),Part-time employed,0.00708641271372814,0.00233615318538517,0.00282532047876761,0.00250755247037321,0.0116652729570831,150.711705593829,2.8402103646454e-46,1739,7958954.8240207
age_4lvl,40to64y,1999-2020,21.2,WTMEC.COMBN,gender,employ_status,prevent_ascvd_30yr_uacr,20187,87401598.3317829,163,gaussian (identity),Student,-0.00433137199194121,0.00833622233211174,0.604075761342783,-0.0206703677628802,0.0120076237789978,150.711705593829,2.8402103646454e-46,81,255660.15312534
age_4lvl,40to64y,1999-2020,21.2,WTMEC.COMBN,gender,employ_status,prevent_ascvd_30yr_uacr,20187,87401598.3317829,163,gaussian (identity),Unemployed,0.0348776412542713,0.00167669688430228,3.1378460656843e-47,0.0315913153610388,0.0381639671475038,150.711705593829,2.8402103646454e-46,6653,23186849.4709108
age_4lvl,30to39y,1999-2020,21.2,WTMEC.COMBN,gender,employ_status,prevent_ascvd_30yr_uacr,7323,32741835.1374796,163,gaussian (identity),Full-time employed (Intercept),0.0495869396002993,0.000990768820714829,3.13459522404494e-99,0.0476450327116982,0.0515288464889003,14.3104216353265,2.66391498086137e-08,4869,23169867.7077225
age_4lvl,30to39y,1999-2020,21.2,WTMEC.COMBN,gender,employ_status,prevent_ascvd_30yr_uacr,7323,32741835.1374796,163,gaussian (identity),Part-time employed,-0.00121952244293431,0.00201658340541522,0.546209270439255,-0.00517202591754813,0.00273298103167952,14.3104216353265,2.66391498086137e-08,655,2810141.1315626
age_4lvl,30to39y,1999-2020,21.2,WTMEC.COMBN,gender,employ_status,prevent_ascvd_30yr_uacr,7323,32741835.1374796,163,gaussian (identity),Student,-0.00203447053871924,0.00494716302755783,0.681450432248483,-0.0117309100727326,0.00766196899529411,14.3104216353265,2.66391498086137e-08,66,222234.415949019
age_4lvl,30to39y,1999-2020,21.2,WTMEC.COMBN,gender,employ_status,prevent_ascvd_30yr_uacr,7323,32741835.1374796,163,gaussian (identity),Unemployed,0.0109484393766821,0.00177621211775482,5.61495868795404e-09,0.00746706362588264,0.0144298151274815,14.3104216353265,2.66391498086137e-08,1733,6539591.88224553
age_4lvl,over65y,1999-2020,21.2,WTMEC.COMBN,gender,employ_status,prevent_ascvd_30yr_full,8468,26739222.9114922,163,gaussian (identity),Full-time employed (Intercept),0.181554020479803,0.00206092029241996,7.40515451650893e-137,0.17751461670666,0.185593424252946,4.42215873559556,0.00513329177691796,977,3337170.3584337
age_4lvl,over65y,1999-2020,21.2,WTMEC.COMBN,gender,employ_status,prevent_ascvd_30yr_full,8468,26739222.9114922,163,gaussian (identity),Part-time employed,-0.00162572797576351,0.00268615104371674,0.545891808914886,-0.00689058402144833,0.00363912806992131,4.42215873559556,0.00513329177691796,747,2733620.73062836
age_4lvl,over65y,1999-2020,21.2,WTMEC.COMBN,gender,employ_status,prevent_ascvd_30yr_full,8468,26739222.9114922,163,gaussian (identity),Student,-0.00400951254166965,0.0151392515337791,0.791474052154997,-0.0336824455478767,0.0256634204645374,4.42215873559556,0.00513329177691796,9,18549.8460165849
age_4lvl,over65y,1999-2020,21.2,WTMEC.COMBN,gender,employ_status,prevent_ascvd_30yr_full,8468,26739222.9114922,163,gaussian (identity),Unemployed,0.00394006684427635,0.00191267186985214,0.0410303575806728,0.00019122997936615,0.00768890370918655,4.42215873559556,0.00513329177691796,6735,20649881.9764136
age_4lvl,40to64y,1999-2020,21.2,WTMEC.COMBN,gender,employ_status,prevent_ascvd_30yr_full,20162,87314674.3740172,163,gaussian (identity),Full-time employed (Intercept),0.122791000562577,0.00140256524914755,1.95166332669748e-136,0.120041972674248,0.125540028450906,147.499867808026,1.00194734740762e-45,11698,55929217.1409496
age_4lvl,40to64y,1999-2020,21.2,WTMEC.COMBN,gender,employ_status,prevent_ascvd_30yr_full,20162,87314674.3740172,163,gaussian (identity),Part-time employed,0.00571769518626237,0.00211816987422458,0.0076988941659029,0.00156608223278219,0.00986930813974255,147.499867808026,1.00194734740762e-45,1738,7955812.09850164
age_4lvl,40to64y,1999-2020,21.2,WTMEC.COMBN,gender,employ_status,prevent_ascvd_30yr_full,20162,87314674.3740172,163,gaussian (identity),Student,-0.0062064413935479,0.00760839412324511,0.41587144317626,-0.0211188938751083,0.00870601108801251,147.499867808026,1.00194734740762e-45,81,255660.15312534
age_4lvl,40to64y,1999-2020,21.2,WTMEC.COMBN,gender,employ_status,prevent_ascvd_30yr_full,20162,87314674.3740172,163,gaussian (identity),Unemployed,0.0313128955154132,0.00151810505056388,8.38481550933327e-47,0.028337409616308,0.0342883814145184,147.499867808026,1.00194734740762e-45,6645,23173984.9814406
age_4lvl,30to39y,1999-2020,21.2,WTMEC.COMBN,gender,employ_status,prevent_ascvd_30yr_full,7306,32671476.1502439,163,gaussian (identity),Full-time employed (Intercept),0.0494954868355996,0.000954093314430377,1.44904502306749e-101,0.0476254639393161,0.0513655097318831,13.8793389175921,4.38931051574326e-08,4859,23125963.2628803
age_4lvl,30to39y,1999-2020,21.2,WTMEC.COMBN,gender,employ_status,prevent_ascvd_30yr_full,7306,32671476.1502439,163,gaussian (identity),Part-time employed,-0.00139599162593673,0.00186362255900042,0.454919221949795,-0.00504869184157756,0.00225670858970409,13.8793389175921,4.38931051574326e-08,651,2798828.39076279
age_4lvl,30to39y,1999-2020,21.2,WTMEC.COMBN,gender,employ_status,prevent_ascvd_30yr_full,7306,32671476.1502439,163,gaussian (identity),Student,-0.00226736306318594,0.00432720150778359,0.601022719824317,-0.0107486780184418,0.00621395189206989,13.8793389175921,4.38931051574326e-08,66,222234.415949019
age_4lvl,30to39y,1999-2020,21.2,WTMEC.COMBN,gender,employ_status,prevent_ascvd_30yr_full,7306,32671476.1502439,163,gaussian (identity),Unemployed,0.00942621833115457,0.00158597450514782,1.70772195166056e-08,0.00631770830106484,0.0125347283612443,13.8793389175921,4.38931051574326e-08,1730,6524450.08065176
age_4lvl,over65y,1999-2020,21.2,WTMEC.COMBN,gender,employ_status,prevent_hf_10yr_base,8611,27124200.4453762,163,gaussian (identity),Full-time employed (Intercept),0.140808101980553,0.00325529512058776,7.64048591058141e-90,0.134427723544201,0.147188480416905,68.8089377695808,1.41632641878228e-28,986,3357265.06620623
age_4lvl,over65y,1999-2020,21.2,WTMEC.COMBN,gender,employ_status,prevent_hf_10yr_base,8611,27124200.4453762,163,gaussian (identity),Part-time employed,0.0154501241964584,0.00464178466280511,0.00108507485687195,0.00635222625736041,0.0245480221355564,68.8089377695808,1.41632641878228e-28,751,2745707.31956468
age_4lvl,over65y,1999-2020,21.2,WTMEC.COMBN,gender,employ_status,prevent_hf_10yr_base,8611,27124200.4453762,163,gaussian (identity),Student,-0.0300922047527351,0.0165391588387122,0.0707236109955137,-0.0625089560766111,0.00232454657114082,68.8089377695808,1.41632641878228e-28,9,18549.8460165849
age_4lvl,over65y,1999-2020,21.2,WTMEC.COMBN,gender,employ_status,prevent_hf_10yr_base,8611,27124200.4453762,163,gaussian (identity),Unemployed,0.0373655711179673,0.00304709906839974,9.37817065622605e-25,0.0313932569439038,0.0433378852920308,68.8089377695808,1.41632641878228e-28,6865,21002678.2135887
age_4lvl,40to64y,1999-2020,21.2,WTMEC.COMBN,gender,employ_status,prevent_hf_10yr_base,20316,87811924.3650581,163,gaussian (identity),Full-time employed (Intercept),0.0511113248803255,0.00102138050738662,3.205998591249e-99,0.0491094190858478,0.0531132306748033,220.168425292558,2.19885082377514e-56,11753,56159105.6509422
age_4lvl,40to64y,1999-2020,21.2,WTMEC.COMBN,gender,employ_status,prevent_hf_10yr_base,20316,87811924.3650581,163,gaussian (identity),Part-time employed,0.00950435811116494,0.00194937729218719,2.60841067539299e-06,0.00568357861847804,0.0133251376038518,220.168425292558,2.19885082377514e-56,1747,7976124.46650281
age_4lvl,40to64y,1999-2020,21.2,WTMEC.COMBN,gender,employ_status,prevent_hf_10yr_base,20316,87811924.3650581,163,gaussian (identity),Student,-0.00445711135569888,0.00635642061722363,0.484204240425771,-0.0169156957654572,0.00800147305405944,220.168425292558,2.19885082377514e-56,81,255660.15312534
age_4lvl,40to64y,1999-2020,21.2,WTMEC.COMBN,gender,employ_status,prevent_hf_10yr_base,20316,87811924.3650581,163,gaussian (identity),Unemployed,0.034579785030265,0.00136752737536105,1.3572530954321e-57,0.0318994313745573,0.0372601386859726,220.168425292558,2.19885082377514e-56,6735,23421034.0944878
age_4lvl,30to39y,1999-2020,21.2,WTMEC.COMBN,gender,employ_status,prevent_hf_10yr_base,7363,32918529.2489852,163,gaussian (identity),Full-time employed (Intercept),0.0156007111882595,0.000503796600815241,3.13416407622583e-69,0.0146132698506616,0.0165881525258574,9.92363806881733,4.91579838097196e-06,4892,23284338.529455
age_4lvl,30to39y,1999-2020,21.2,WTMEC.COMBN,gender,employ_status,prevent_hf_10yr_base,7363,32918529.2489852,163,gaussian (identity),Part-time employed,-0.00073089100949414,0.000725475241158755,0.315242026963897,-0.0021528224821653,0.00069104046317702,9.92363806881733,4.91579838097196e-06,660,2827557.11438034
age_4lvl,30to39y,1999-2020,21.2,WTMEC.COMBN,gender,employ_status,prevent_hf_10yr_base,7363,32918529.2489852,163,gaussian (identity),Student,-0.00150435013737196,0.00212180104441157,0.479364743592563,-0.00566308018441864,0.00265437990967472,9.92363806881733,4.91579838097196e-06,66,222234.415949019
age_4lvl,30to39y,1999-2020,21.2,WTMEC.COMBN,gender,employ_status,prevent_hf_10yr_base,7363,32918529.2489852,163,gaussian (identity),Unemployed,0.00552748299113146,0.00112312727307947,2.1292773647238e-06,0.00332615353589569,0.00772881244636723,9.92363806881733,4.91579838097196e-06,1745,6584399.18920089
age_4lvl,over65y,1999-2020,21.2,WTMEC.COMBN,gender,employ_status,prevent_hf_10yr_hba1c,8598,27088430.3942475,163,gaussian (identity),Full-time employed (Intercept),0.14665889152066,0.00336859081102865,2.94451899236124e-90,0.140056453531044,0.153261329510276,70.167226689566,5.88962824109917e-29,985,3355842.65816962
age_4lvl,over65y,1999-2020,21.2,WTMEC.COMBN,gender,employ_status,prevent_hf_10yr_hba1c,8598,27088430.3942475,163,gaussian (identity),Part-time employed,0.0135344041560183,0.00466902820178523,0.00427603043448886,0.00438310888051927,0.0226856994315174,70.167226689566,5.88962824109917e-29,751,2745707.31956468
age_4lvl,over65y,1999-2020,21.2,WTMEC.COMBN,gender,employ_status,prevent_hf_10yr_hba1c,8598,27088430.3942475,163,gaussian (identity),Student,-0.0281978196880345,0.0166198598696955,0.0917226798997924,-0.0607727450326376,0.00437710565656873,70.167226689566,5.88962824109917e-29,9,18549.8460165849
age_4lvl,over65y,1999-2020,21.2,WTMEC.COMBN,gender,employ_status,prevent_hf_10yr_hba1c,8598,27088430.3942475,163,gaussian (identity),Unemployed,0.0382480133920493,0.00313893906030385,1.5347484913014e-24,0.0320956928338538,0.0444003339502449,70.167226689566,5.88962824109917e-29,6853,20968330.5704966
age_4lvl,40to64y,1999-2020,21.2,WTMEC.COMBN,gender,employ_status,prevent_hf_10yr_hba1c,20291,87725000.4072924,163,gaussian (identity),Full-time employed (Intercept),0.0536349692648052,0.00104861999036251,1.21120289499801e-100,0.0515796740836947,0.0556902644459157,222.690772055038,1.06004328261509e-56,11737,56088188.9081657
age_4lvl,40to64y,1999-2020,21.2,WTMEC.COMBN,gender,employ_status,prevent_hf_10yr_hba1c,20291,87725000.4072924,163,gaussian (identity),Part-time employed,0.00893554378307199,0.00198076158985415,1.24684036108153e-05,0.00505325106695786,0.0128178364991861,222.690772055038,1.06004328261509e-56,1746,7972981.74098376
age_4lvl,40to64y,1999-2020,21.2,WTMEC.COMBN,gender,employ_status,prevent_hf_10yr_hba1c,20291,87725000.4072924,163,gaussian (identity),Student,-0.00573776556347705,0.00626325997619213,0.361002365669736,-0.0180137551168136,0.00653822398985952,222.690772055038,1.06004328261509e-56,81,255660.15312534
age_4lvl,40to64y,1999-2020,21.2,WTMEC.COMBN,gender,employ_status,prevent_hf_10yr_hba1c,20291,87725000.4072924,163,gaussian (identity),Unemployed,0.0352841388951781,0.00139362216026623,1.1553888939043e-57,0.0325526394610563,0.0380156383293,222.690772055038,1.06004328261509e-56,6727,23408169.6050176
age_4lvl,30to39y,1999-2020,21.2,WTMEC.COMBN,gender,employ_status,prevent_hf_10yr_hba1c,7346,32848170.2617495,163,gaussian (identity),Full-time employed (Intercept),0.0160149859064658,0.000518337365778046,4.2580275151876e-69,0.0149990446695409,0.0170309271433908,10.497593736524,2.44122137886471e-06,4882,23240434.0846129
age_4lvl,30to39y,1999-2020,21.2,WTMEC.COMBN,gender,employ_status,prevent_hf_10yr_hba1c,7346,32848170.2617495,163,gaussian (identity),Part-time employed,-0.00083737967355142,0.000766871324666129,0.276510017862658,-0.00234044746989703,0.000665688122794191,10.497593736524,2.44122137886471e-06,656,2816244.37358053
age_4lvl,30to39y,1999-2020,21.2,WTMEC.COMBN,gender,employ_status,prevent_hf_10yr_hba1c,7346,32848170.2617495,163,gaussian (identity),Student,-0.00172075137155835,0.00186086935022043,0.356521719356143,-0.0053680552979904,0.0019265525548737,10.497593736524,2.44122137886471e-06,66,222234.415949019
age_4lvl,30to39y,1999-2020,21.2,WTMEC.COMBN,gender,employ_status,prevent_hf_10yr_hba1c,7346,32848170.2617495,163,gaussian (identity),Unemployed,0.00552374400299283,0.00109893264578699,1.33270914706718e-06,0.00336983601725033,0.00767765198873532,10.497593736524,2.44122137886471e-06,1742,6569257.38760711
age_4lvl,over65y,1999-2020,21.2,WTMEC.COMBN,gender,employ_status,prevent_hf_10yr_uacr,8479,26770272.4165326,163,gaussian (identity),Full-time employed (Intercept),0.125009673793346,0.00337738297324835,4.72426325480485e-80,0.118390003165779,0.131629344420913,66.7950630777249,5.29655763059992e-28,978,3338592.7664703
age_4lvl,over65y,1999-2020,21.2,WTMEC.COMBN,gender,employ_status,prevent_hf_10yr_uacr,8479,26770272.4165326,163,gaussian (identity),Part-time employed,0.0122096317501054,0.00454065809410277,0.00793189767766277,0.00330994188566399,0.0211093216145468,66.7950630777249,5.29655763059992e-28,747,2733620.73062836
age_4lvl,over65y,1999-2020,21.2,WTMEC.COMBN,gender,employ_status,prevent_hf_10yr_uacr,8479,26770272.4165326,163,gaussian (identity),Student,-0.0301316360204487,0.0161001942804961,0.0631117823333612,-0.0616880168102211,0.0014247447693236,66.7950630777249,5.29655763059992e-28,9,18549.8460165849
age_4lvl,over65y,1999-2020,21.2,WTMEC.COMBN,gender,employ_status,prevent_hf_10yr_uacr,8479,26770272.4165326,163,gaussian (identity),Unemployed,0.0388181434645724,0.00316048790149667,8.27883146069156e-25,0.0326235871776389,0.0450126997515059,66.7950630777249,5.29655763059992e-28,6745,20679509.0734174
age_4lvl,40to64y,1999-2020,21.2,WTMEC.COMBN,gender,employ_status,prevent_hf_10yr_uacr,20187,87401598.3317829,163,gaussian (identity),Full-time employed (Intercept),0.0410884114681071,0.00100554417055411,3.09705186621443e-86,0.039117544893821,0.0430592780423931,221.40482121461,1.53641699735687e-56,11714,56000133.883726
age_4lvl,40to64y,1999-2020,21.2,WTMEC.COMBN,gender,employ_status,prevent_hf_10yr_uacr,20187,87401598.3317829,163,gaussian (identity),Part-time employed,0.00675869716896351,0.00171022096764062,0.000116333277073817,0.00340666407238789,0.0101107302655391,221.40482121461,1.53641699735687e-56,1739,7958954.8240207
age_4lvl,40to64y,1999-2020,21.2,WTMEC.COMBN,gender,employ_status,prevent_hf_10yr_uacr,20187,87401598.3317829,163,gaussian (identity),Student,-0.00205693554026675,0.00599753226723944,0.732078818588223,-0.013812098784056,0.00969822770352255,221.40482121461,1.53641699735687e-56,81,255660.15312534
age_4lvl,40to64y,1999-2020,21.2,WTMEC.COMBN,gender,employ_status,prevent_hf_10yr_uacr,20187,87401598.3317829,163,gaussian (identity),Unemployed,0.0302520393246892,0.00120837800993268,4.83438221859697e-57,0.0278836184252211,0.0326204602241572,221.40482121461,1.53641699735687e-56,6653,23186849.4709108
age_4lvl,30to39y,1999-2020,21.2,WTMEC.COMBN,gender,employ_status,prevent_hf_10yr_uacr,7323,32741835.1374796,163,gaussian (identity),Full-time employed (Intercept),0.011770802281342,0.000394872742790506,5.51982267087588e-67,0.0109968517054726,0.0125447528572114,12.8620341592476,1.44269234081299e-07,4869,23169867.7077225
age_4lvl,30to39y,1999-2020,21.2,WTMEC.COMBN,gender,employ_status,prevent_hf_10yr_uacr,7323,32741835.1374796,163,gaussian (identity),Part-time employed,-0.00117388988580297,0.000521199542907503,0.0256729882484307,-0.00219544098990168,-0.000152338781704264,12.8620341592476,1.44269234081299e-07,655,2810141.1315626
age_4lvl,30to39y,1999-2020,21.2,WTMEC.COMBN,gender,employ_status,prevent_hf_10yr_uacr,7323,32741835.1374796,163,gaussian (identity),Student,-0.00198850428089134,0.00134059914734051,0.139975487208992,-0.00461607860967875,0.000639070047896065,12.8620341592476,1.44269234081299e-07,66,222234.415949019
age_4lvl,30to39y,1999-2020,21.2,WTMEC.COMBN,gender,employ_status,prevent_hf_10yr_uacr,7323,32741835.1374796,163,gaussian (identity),Unemployed,0.00422760297728917,0.000827845280120012,9.27138818533006e-07,0.00260502622825394,0.00585017972632439,12.8620341592476,1.44269234081299e-07,1733,6539591.88224553
age_4lvl,over65y,1999-2020,21.2,WTMEC.COMBN,gender,employ_status,prevent_hf_10yr_full,8468,26739222.9114922,163,gaussian (identity),Full-time employed (Intercept),0.13142768058372,0.00342157310782728,2.3479807027318e-82,0.124721397292379,0.138133963875062,65.6919040730309,1.10113041200391e-27,977,3337170.3584337
age_4lvl,over65y,1999-2020,21.2,WTMEC.COMBN,gender,employ_status,prevent_hf_10yr_full,8468,26739222.9114922,163,gaussian (identity),Part-time employed,0.0103468589296382,0.00460598435289683,0.0260558524921951,0.00131912959796043,0.019374588261316,65.6919040730309,1.10113041200391e-27,747,2733620.73062836
age_4lvl,over65y,1999-2020,21.2,WTMEC.COMBN,gender,employ_status,prevent_hf_10yr_full,8468,26739222.9114922,163,gaussian (identity),Student,-0.0268703573047014,0.0173444059403083,0.123316194290025,-0.0608653929477057,0.00712467833830291,65.6919040730309,1.10113041200391e-27,9,18549.8460165849
age_4lvl,over65y,1999-2020,21.2,WTMEC.COMBN,gender,employ_status,prevent_hf_10yr_full,8468,26739222.9114922,163,gaussian (identity),Unemployed,0.0384836160604302,0.00321171580111468,5.55125574692956e-24,0.0321886530902454,0.044778579030615,65.6919040730309,1.10113041200391e-27,6735,20649881.9764136
age_4lvl,40to64y,1999-2020,21.2,WTMEC.COMBN,gender,employ_status,prevent_hf_10yr_full,20162,87314674.3740172,163,gaussian (identity),Full-time employed (Intercept),0.0454175590072907,0.00102927891874618,4.09617402727584e-91,0.0434001723265482,0.0474349456880333,219.515696688263,2.6587108226395e-56,11698,55929217.1409496
age_4lvl,40to64y,1999-2020,21.2,WTMEC.COMBN,gender,employ_status,prevent_hf_10yr_full,20162,87314674.3740172,163,gaussian (identity),Part-time employed,0.00630722394810743,0.00175252131209928,0.0004263563308359,0.00287228217639284,0.00974216571982202,219.515696688263,2.6587108226395e-56,1738,7955812.09850164
age_4lvl,40to64y,1999-2020,21.2,WTMEC.COMBN,gender,employ_status,prevent_hf_10yr_full,20162,87314674.3740172,163,gaussian (identity),Student,-0.00460055980685201,0.00548784448273691,0.403110503606479,-0.0153567349930164,0.00615561537931234,219.515696688263,2.6587108226395e-56,81,255660.15312534
age_4lvl,40to64y,1999-2020,21.2,WTMEC.COMBN,gender,employ_status,prevent_hf_10yr_full,20162,87314674.3740172,163,gaussian (identity),Unemployed,0.0304982424273998,0.00122268400756479,7.69702391707336e-57,0.0281017817725728,0.0328947030822268,219.515696688263,2.6587108226395e-56,6645,23173984.9814406
age_4lvl,30to39y,1999-2020,21.2,WTMEC.COMBN,gender,employ_status,prevent_hf_10yr_full,7306,32671476.1502439,163,gaussian (identity),Full-time employed (Intercept),0.0131808006134995,0.000438418626182407,1.7426014594569e-67,0.012321500106182,0.014040101120817,12.5215276383093,2.15634756652151e-07,4859,23125963.2628803
age_4lvl,30to39y,1999-2020,21.2,WTMEC.COMBN,gender,employ_status,prevent_hf_10yr_full,7306,32671476.1502439,163,gaussian (identity),Part-time employed,-0.00125048102680095,0.000547308494570375,0.0236477262475723,-0.00232320567615889,-0.000177756377443017,12.5215276383093,2.15634756652151e-07,651,2798828.39076279
age_4lvl,30to39y,1999-2020,21.2,WTMEC.COMBN,gender,employ_status,prevent_hf_10yr_full,7306,32671476.1502439,163,gaussian (identity),Student,-0.00217247133849107,0.00123226985195947,0.0798243917896604,-0.00458772024833164,0.000242777571349501,12.5215276383093,2.15634756652151e-07,66,222234.415949019
age_4lvl,30to39y,1999-2020,21.2,WTMEC.COMBN,gender,employ_status,prevent_hf_10yr_full,7306,32671476.1502439,163,gaussian (identity),Unemployed,0.00403715726565212,0.000832294633493303,2.91095223213992e-06,0.00240585978400524,0.00566845474729899,12.5215276383093,2.15634756652151e-07,1730,6524450.08065176
age_4lvl,over65y,1999-2020,21.2,WTMEC.COMBN,gender,employ_status,prevent_hf_30yr_base,8611,27124200.4453762,163,gaussian (identity),Full-time employed (Intercept),0.288403201134719,0.00333474294512768,1.30850406711916e-135,0.281867104962269,0.29493929730717,7.66478394904962,8.11916529657126e-05,986,3357265.06620623
age_4lvl,over65y,1999-2020,21.2,WTMEC.COMBN,gender,employ_status,prevent_hf_30yr_base,8611,27124200.4453762,163,gaussian (identity),Part-time employed,0.00167899074884072,0.0042533709465355,0.693561166998235,-0.00665761630636886,0.0100155978040503,7.66478394904962,8.11916529657126e-05,751,2745707.31956468
age_4lvl,over65y,1999-2020,21.2,WTMEC.COMBN,gender,employ_status,prevent_hf_30yr_base,8611,27124200.4453762,163,gaussian (identity),Student,-0.0310345665933569,0.0207365713878345,0.136477071926865,-0.0716782465135125,0.00960911332679874,7.66478394904962,8.11916529657126e-05,9,18549.8460165849
age_4lvl,over65y,1999-2020,21.2,WTMEC.COMBN,gender,employ_status,prevent_hf_30yr_base,8611,27124200.4453762,163,gaussian (identity),Unemployed,0.0108864782281303,0.00302165521570373,0.000420521717564478,0.00496403400535099,0.0168089224509096,7.66478394904962,8.11916529657126e-05,6865,21002678.2135887
age_4lvl,40to64y,1999-2020,21.2,WTMEC.COMBN,gender,employ_status,prevent_hf_30yr_base,20316,87811924.3650581,163,gaussian (identity),Full-time employed (Intercept),0.178333002672953,0.00207765987859443,4.24127027938394e-135,0.174260789310908,0.182405216034998,176.772882259732,2.01940233370361e-50,11753,56159105.6509422
age_4lvl,40to64y,1999-2020,21.2,WTMEC.COMBN,gender,employ_status,prevent_hf_30yr_base,20316,87811924.3650581,163,gaussian (identity),Part-time employed,0.0133944350548176,0.00346908322209003,0.000163888445539085,0.00659503193952114,0.0201938381701141,176.772882259732,2.01940233370361e-50,1747,7976124.46650281
age_4lvl,40to64y,1999-2020,21.2,WTMEC.COMBN,gender,employ_status,prevent_hf_30yr_base,20316,87811924.3650581,163,gaussian (identity),Student,-0.0125393360290918,0.0138030070636868,0.365015629067841,-0.039593229873918,0.0145145578157343,176.772882259732,2.01940233370361e-50,81,255660.15312534
age_4lvl,40to64y,1999-2020,21.2,WTMEC.COMBN,gender,employ_status,prevent_hf_30yr_base,20316,87811924.3650581,163,gaussian (identity),Unemployed,0.0556718102664337,0.00245109316384931,8.82036409594389e-52,0.050867667665289,0.0604759528675783,176.772882259732,2.01940233370361e-50,6735,23421034.0944878
age_4lvl,30to39y,1999-2020,21.2,WTMEC.COMBN,gender,employ_status,prevent_hf_30yr_base,7363,32918529.2489852,163,gaussian (identity),Full-time employed (Intercept),0.066642125446984,0.00141063340104835,1.70274057343759e-95,0.0638772839809293,0.0694069669130388,10.5014009878503,2.4299551050835e-06,4892,23284338.529455
age_4lvl,30to39y,1999-2020,21.2,WTMEC.COMBN,gender,employ_status,prevent_hf_30yr_base,7363,32918529.2489852,163,gaussian (identity),Part-time employed,-0.0029054346601263,0.00230488968953321,0.209316802293488,-0.00742301845161139,0.00161214913135879,10.5014009878503,2.4299551050835e-06,660,2827557.11438034
age_4lvl,30to39y,1999-2020,21.2,WTMEC.COMBN,gender,employ_status,prevent_hf_30yr_base,7363,32918529.2489852,163,gaussian (identity),Student,-0.00550265600382423,0.00699562393125144,0.432695367389339,-0.0192140789090771,0.0082087669014286,10.5014009878503,2.4299551050835e-06,66,222234.415949019
age_4lvl,30to39y,1999-2020,21.2,WTMEC.COMBN,gender,employ_status,prevent_hf_30yr_base,7363,32918529.2489852,163,gaussian (identity),Unemployed,0.0138784318780205,0.0027501951512258,1.21861445805319e-06,0.00848804938161797,0.0192688143744231,10.5014009878503,2.4299551050835e-06,1745,6584399.18920089
age_4lvl,over65y,1999-2020,21.2,WTMEC.COMBN,gender,employ_status,prevent_hf_30yr_hba1c,8598,27088430.3942475,163,gaussian (identity),Full-time employed (Intercept),0.292536335716992,0.00336990293881038,7.30752637272986e-136,0.285931325956924,0.29914134547706,8.85172980243715,1.84210939335253e-05,985,3355842.65816962
age_4lvl,over65y,1999-2020,21.2,WTMEC.COMBN,gender,employ_status,prevent_hf_30yr_hba1c,8598,27088430.3942475,163,gaussian (identity),Part-time employed,-0.0002705548924966,0.00417503011001814,0.948412176655205,-0.00845361390813216,0.00791250412313896,8.85172980243715,1.84210939335253e-05,751,2745707.31956468
age_4lvl,over65y,1999-2020,21.2,WTMEC.COMBN,gender,employ_status,prevent_hf_30yr_hba1c,8598,27088430.3942475,163,gaussian (identity),Student,-0.0282827640554673,0.0192274774001116,0.143279431645359,-0.065968619759686,0.00940309164875138,8.85172980243715,1.84210939335253e-05,9,18549.8460165849
age_4lvl,over65y,1999-2020,21.2,WTMEC.COMBN,gender,employ_status,prevent_hf_30yr_hba1c,8598,27088430.3942475,163,gaussian (identity),Unemployed,0.0106809682141702,0.00300069124703716,0.00049021398875036,0.00479961336997737,0.016562323058363,8.85172980243715,1.84210939335253e-05,6853,20968330.5704966
age_4lvl,40to64y,1999-2020,21.2,WTMEC.COMBN,gender,employ_status,prevent_hf_30yr_hba1c,20291,87725000.4072924,163,gaussian (identity),Full-time employed (Intercept),0.181904378152259,0.00205952930701576,4.93584897079645e-137,0.177867700710508,0.18594105559401,181.514857653386,3.99229721003194e-51,11737,56088188.9081657
age_4lvl,40to64y,1999-2020,21.2,WTMEC.COMBN,gender,employ_status,prevent_hf_30yr_hba1c,20291,87725000.4072924,163,gaussian (identity),Part-time employed,0.0121028426832003,0.00347508779112754,0.000641115831480969,0.00529167061259036,0.0189140147538103,181.514857653386,3.99229721003194e-51,1746,7972981.74098376
age_4lvl,40to64y,1999-2020,21.2,WTMEC.COMBN,gender,employ_status,prevent_hf_30yr_hba1c,20291,87725000.4072924,163,gaussian (identity),Student,-0.0140580148327118,0.0133999976741733,0.295721462398121,-0.0403220102740915,0.0122059806086679,181.514857653386,3.99229721003194e-51,81,255660.15312534
age_4lvl,40to64y,1999-2020,21.2,WTMEC.COMBN,gender,employ_status,prevent_hf_30yr_hba1c,20291,87725000.4072924,163,gaussian (identity),Unemployed,0.0554516685597351,0.00241655791379415,2.53105195388942e-52,0.0507152150486986,0.0601881220707717,181.514857653386,3.99229721003194e-51,6727,23408169.6050176
age_4lvl,30to39y,1999-2020,21.2,WTMEC.COMBN,gender,employ_status,prevent_hf_30yr_hba1c,7346,32848170.2617495,163,gaussian (identity),Full-time employed (Intercept),0.0673747438819119,0.00141660904396828,6.28759494359172e-96,0.064598190155734,0.0701512976080897,10.5932711500892,2.17346516023952e-06,4882,23240434.0846129
age_4lvl,30to39y,1999-2020,21.2,WTMEC.COMBN,gender,employ_status,prevent_hf_30yr_hba1c,7346,32848170.2617495,163,gaussian (identity),Part-time employed,-0.0029162594753406,0.00234626042266144,0.215719956221481,-0.00751492990375702,0.00168241095307583,10.5932711500892,2.17346516023952e-06,656,2816244.37358053
age_4lvl,30to39y,1999-2020,21.2,WTMEC.COMBN,gender,employ_status,prevent_hf_30yr_hba1c,7346,32848170.2617495,163,gaussian (identity),Student,-0.00581176269316091,0.00653884809861036,0.375450407196736,-0.0186279049664372,0.00700437958011538,10.5932711500892,2.17346516023952e-06,66,222234.415949019
age_4lvl,30to39y,1999-2020,21.2,WTMEC.COMBN,gender,employ_status,prevent_hf_30yr_hba1c,7346,32848170.2617495,163,gaussian (identity),Unemployed,0.0135833918753793,0.00270233799261159,1.33228655016243e-06,0.0082868094098606,0.018879974340898,10.5932711500892,2.17346516023952e-06,1742,6569257.38760711
age_4lvl,over65y,1999-2020,21.2,WTMEC.COMBN,gender,employ_status,prevent_hf_30yr_uacr,8479,26770272.4165326,163,gaussian (identity),Full-time employed (Intercept),0.26883759478737,0.00355614796805454,1.5379656850181e-126,0.261867544769983,0.275807644804757,14.4328856389442,2.31279182366368e-08,978,3338592.7664703
age_4lvl,over65y,1999-2020,21.2,WTMEC.COMBN,gender,employ_status,prevent_hf_30yr_uacr,8479,26770272.4165326,163,gaussian (identity),Part-time employed,0.000613410316721928,0.0042106580924071,0.884358223443557,-0.00763947954439598,0.00886630017783984,14.4328856389442,2.31279182366368e-08,747,2733620.73062836
age_4lvl,over65y,1999-2020,21.2,WTMEC.COMBN,gender,employ_status,prevent_hf_30yr_uacr,8479,26770272.4165326,163,gaussian (identity),Student,-0.0319914859559348,0.0212776374432536,0.134687060224937,-0.0736956553447118,0.00971268343284224,14.4328856389442,2.31279182366368e-08,9,18549.8460165849
age_4lvl,over65y,1999-2020,21.2,WTMEC.COMBN,gender,employ_status,prevent_hf_30yr_uacr,8479,26770272.4165326,163,gaussian (identity),Unemployed,0.0156634391686502,0.00319952639359549,2.38852067606962e-06,0.00939236743720304,0.0219345109000974,14.4328856389442,2.31279182366368e-08,6745,20679509.0734174
age_4lvl,40to64y,1999-2020,21.2,WTMEC.COMBN,gender,employ_status,prevent_hf_30yr_uacr,20187,87401598.3317829,163,gaussian (identity),Full-time employed (Intercept),0.157417223183521,0.00205321956336138,1.74481755715161e-127,0.153392912839333,0.161441533527709,189.079861431923,3.21361692287963e-52,11714,56000133.883726
age_4lvl,40to64y,1999-2020,21.2,WTMEC.COMBN,gender,employ_status,prevent_hf_30yr_uacr,20187,87401598.3317829,163,gaussian (identity),Part-time employed,0.0113564892982317,0.00320411568192766,0.000517071354162451,0.00507642256165348,0.0176365560348099,189.079861431923,3.21361692287963e-52,1739,7958954.8240207
age_4lvl,40to64y,1999-2020,21.2,WTMEC.COMBN,gender,employ_status,prevent_hf_30yr_uacr,20187,87401598.3317829,163,gaussian (identity),Student,-0.00924843566938928,0.0136622592597623,0.499432054180925,-0.0360264638185234,0.0175295924797448,189.079861431923,3.21361692287963e-52,81,255660.15312534
age_4lvl,40to64y,1999-2020,21.2,WTMEC.COMBN,gender,employ_status,prevent_hf_30yr_uacr,20187,87401598.3317829,163,gaussian (identity),Unemployed,0.0538029960313189,0.00229889025636425,2.23834319771434e-53,0.049297171128845,0.0583088209337929,189.079861431923,3.21361692287963e-52,6653,23186849.4709108
age_4lvl,30to39y,1999-2020,21.2,WTMEC.COMBN,gender,employ_status,prevent_hf_30yr_uacr,7323,32741835.1374796,163,gaussian (identity),Full-time employed (Intercept),0.0559219702241348,0.00120666944442991,2.93804559191032e-94,0.0535568981130522,0.0582870423352174,12.1637052869587,3.29605447203482e-07,4869,23169867.7077225
age_4lvl,30to39y,1999-2020,21.2,WTMEC.COMBN,gender,employ_status,prevent_hf_30yr_uacr,7323,32741835.1374796,163,gaussian (identity),Part-time employed,-0.00364296960504204,0.00188048406312595,0.0544871486392777,-0.0073287183687689,4.27791586848168e-05,12.1637052869587,3.29605447203482e-07,655,2810141.1315626
age_4lvl,30to39y,1999-2020,21.2,WTMEC.COMBN,gender,employ_status,prevent_hf_30yr_uacr,7323,32741835.1374796,163,gaussian (identity),Student,-0.00647308506716661,0.00540152862907612,0.232552191790815,-0.0170600811801558,0.00411391104582258,12.1637052869587,3.29605447203482e-07,66,222234.415949019
age_4lvl,30to39y,1999-2020,21.2,WTMEC.COMBN,gender,employ_status,prevent_hf_30yr_uacr,7323,32741835.1374796,163,gaussian (identity),Unemployed,0.0119385762668086,0.00232929865261544,8.5177609737249e-07,0.00737315090768237,0.0165040016259349,12.1637052869587,3.29605447203482e-07,1733,6539591.88224553
age_4lvl,over65y,1999-2020,21.2,WTMEC.COMBN,gender,employ_status,prevent_hf_30yr_full,8468,26739222.9114922,163,gaussian (identity),Full-time employed (Intercept),0.266765782962653,0.00349512058180684,3.49524791217563e-127,0.259915346622312,0.273616219302994,14.0986087962397,3.40350615336553e-08,977,3337170.3584337
age_4lvl,over65y,1999-2020,21.2,WTMEC.COMBN,gender,employ_status,prevent_hf_30yr_full,8468,26739222.9114922,163,gaussian (identity),Part-time employed,-0.00166067450118504,0.00412810916063834,0.688014918811377,-0.00975176845603619,0.00643041945366611,14.0986087962397,3.40350615336553e-08,747,2733620.73062836
age_4lvl,over65y,1999-2020,21.2,WTMEC.COMBN,gender,employ_status,prevent_hf_30yr_full,8468,26739222.9114922,163,gaussian (identity),Student,-0.0299801822654784,0.0197341785344864,0.130697897229827,-0.0686591721930717,0.00869880766211499,14.0986087962397,3.40350615336553e-08,9,18549.8460165849
age_4lvl,over65y,1999-2020,21.2,WTMEC.COMBN,gender,employ_status,prevent_hf_30yr_full,8468,26739222.9114922,163,gaussian (identity),Unemployed,0.0135587907515012,0.00310622522305381,2.28017254780951e-05,0.00747058931431574,0.0196469921886867,14.0986087962397,3.40350615336553e-08,6735,20649881.9764136
age_4lvl,40to64y,1999-2020,21.2,WTMEC.COMBN,gender,employ_status,prevent_hf_30yr_full,20162,87314674.3740172,163,gaussian (identity),Full-time employed (Intercept),0.162190540958923,0.0019870539956225,1.05600151625398e-131,0.158295915127503,0.166085166790343,190.799557742923,1.83237036609564e-52,11698,55929217.1409496
age_4lvl,40to64y,1999-2020,21.2,WTMEC.COMBN,gender,employ_status,prevent_hf_30yr_full,20162,87314674.3740172,163,gaussian (identity),Part-time employed,0.0098479076623475,0.00315328591868594,0.00212710560107842,0.00366746726172306,0.0160283480629719,190.799557742923,1.83237036609564e-52,1738,7955812.09850164
age_4lvl,40to64y,1999-2020,21.2,WTMEC.COMBN,gender,employ_status,prevent_hf_30yr_full,20162,87314674.3740172,163,gaussian (identity),Student,-0.0114178358679526,0.012561204596662,0.364738444658108,-0.0360377968774102,0.013202125141505,190.799557742923,1.83237036609564e-52,81,255660.15312534
age_4lvl,40to64y,1999-2020,21.2,WTMEC.COMBN,gender,employ_status,prevent_hf_30yr_full,20162,87314674.3740172,163,gaussian (identity),Unemployed,0.0520564524963714,0.00222168541558255,1.93962737164306e-53,0.0477019490818296,0.0564109559109132,190.799557742923,1.83237036609564e-52,6645,23173984.9814406
age_4lvl,30to39y,1999-2020,21.2,WTMEC.COMBN,gender,employ_status,prevent_hf_30yr_full,7306,32671476.1502439,163,gaussian (identity),Full-time employed (Intercept),0.0585177147129292,0.00120527720655866,2.92452338057284e-97,0.0561553713880742,0.0608800580377841,11.510619739746,7.18774429027431e-07,4859,23125963.2628803
age_4lvl,30to39y,1999-2020,21.2,WTMEC.COMBN,gender,employ_status,prevent_hf_30yr_full,7306,32671476.1502439,163,gaussian (identity),Part-time employed,-0.00348552663878587,0.00185949679278122,0.0627032992300246,-0.00713014035263706,0.000159087075065331,11.510619739746,7.18774429027431e-07,651,2798828.39076279
age_4lvl,30to39y,1999-2020,21.2,WTMEC.COMBN,gender,employ_status,prevent_hf_30yr_full,7306,32671476.1502439,163,gaussian (identity),Student,-0.00623707796679539,0.00487956943966156,0.203040818337895,-0.0158010340685321,0.00332687813494128,11.510619739746,7.18774429027431e-07,66,222234.415949019
age_4lvl,30to39y,1999-2020,21.2,WTMEC.COMBN,gender,employ_status,prevent_hf_30yr_full,7306,32671476.1502439,163,gaussian (identity),Unemployed,0.0108474421502323,0.00221417504669219,2.35144542601749e-06,0.00650765905871556,0.0151872252417489,11.510619739746,7.18774429027431e-07,1730,6524450.08065176
age_4lvl,over65y,1999-2020,21.2,WTMEC.COMBN,gender,employ_status,prevent_chd_10yr_base,8611,27124200.4453762,163,gaussian (identity),Full-time employed (Intercept),0.0510125254025802,0.0013094454037404,3.08525277669953e-83,0.048446012411249,0.0535790383939113,74.3256547944717,4.25419283646323e-30,986,3357265.06620623
age_4lvl,over65y,1999-2020,21.2,WTMEC.COMBN,gender,employ_status,prevent_chd_10yr_base,8611,27124200.4453762,163,gaussian (identity),Part-time employed,0.00717242608379134,0.00179636838321097,9.9554862838738e-05,0.00365154405269784,0.0106933081148848,74.3256547944717,4.25419283646323e-30,751,2745707.31956468
age_4lvl,over65y,1999-2020,21.2,WTMEC.COMBN,gender,employ_status,prevent_chd_10yr_base,8611,27124200.4453762,163,gaussian (identity),Student,-0.00296933409252882,0.00744771984361638,0.690656278652534,-0.0175668649860169,0.0116281968009593,74.3256547944717,4.25419283646323e-30,9,18549.8460165849
age_4lvl,over65y,1999-2020,21.2,WTMEC.COMBN,gender,employ_status,prevent_chd_10yr_base,8611,27124200.4453762,163,gaussian (identity),Unemployed,0.0162945561304994,0.00121817214283767,8.05865783429755e-28,0.0139069387305375,0.0186821735304612,74.3256547944717,4.25419283646323e-30,6865,21002678.2135887
age_4lvl,40to64y,1999-2020,21.2,WTMEC.COMBN,gender,employ_status,prevent_chd_10yr_base,20316,87811924.3650581,163,gaussian (identity),Full-time employed (Intercept),0.0213007531294896,0.000471061493021441,1.11348187774876e-92,0.0203774726031675,0.0222240336558116,182.23485153809,3.13022209788503e-51,11753,56159105.6509422
age_4lvl,40to64y,1999-2020,21.2,WTMEC.COMBN,gender,employ_status,prevent_chd_10yr_base,20316,87811924.3650581,163,gaussian (identity),Part-time employed,0.00392729126357717,0.00100029102499098,0.000128297273267045,0.00196672085459486,0.00588786167255949,182.23485153809,3.13022209788503e-51,1747,7976124.46650281
age_4lvl,40to64y,1999-2020,21.2,WTMEC.COMBN,gender,employ_status,prevent_chd_10yr_base,20316,87811924.3650581,163,gaussian (identity),Student,-0.00187986386553222,0.00226880609753523,0.408590008085677,-0.00632672381670127,0.00256699608563683,182.23485153809,3.13022209788503e-51,81,255660.15312534
age_4lvl,40to64y,1999-2020,21.2,WTMEC.COMBN,gender,employ_status,prevent_chd_10yr_base,20316,87811924.3650581,163,gaussian (identity),Unemployed,0.0139707467287684,0.000609616083486858,2.95861883643314e-52,0.0127758992051341,0.0151655942524026,182.23485153809,3.13022209788503e-51,6735,23421034.0944878
age_4lvl,30to39y,1999-2020,21.2,WTMEC.COMBN,gender,employ_status,prevent_chd_10yr_base,7363,32918529.2489852,163,gaussian (identity),Full-time employed (Intercept),0.00739997524485332,0.000263910367199808,1.97687940684922e-63,0.0068827109251417,0.00791723956456495,11.2231261524539,1.01525614178089e-06,4892,23284338.529455
age_4lvl,30to39y,1999-2020,21.2,WTMEC.COMBN,gender,employ_status,prevent_chd_10yr_base,7363,32918529.2489852,163,gaussian (identity),Part-time employed,-7.70345903264431e-05,0.000492913469046206,0.876007259894172,-0.00104314498965701,0.00088907580900412,11.2231261524539,1.01525614178089e-06,660,2827557.11438034
age_4lvl,30to39y,1999-2020,21.2,WTMEC.COMBN,gender,employ_status,prevent_chd_10yr_base,7363,32918529.2489852,163,gaussian (identity),Student,-0.000533456545426797,0.00110797665311656,0.630845094397589,-0.00270509078553525,0.00163817769468166,11.2231261524539,1.01525614178089e-06,66,222234.415949019
age_4lvl,30to39y,1999-2020,21.2,WTMEC.COMBN,gender,employ_status,prevent_chd_10yr_base,7363,32918529.2489852,163,gaussian (identity),Unemployed,0.00301093234828298,0.000545035646985213,1.32415635307751e-07,0.00194266248019196,0.00407920221637399,11.2231261524539,1.01525614178089e-06,1745,6584399.18920089
age_4lvl,over65y,1999-2020,21.2,WTMEC.COMBN,gender,employ_status,prevent_chd_10yr_hba1c,8598,27088430.3942475,163,gaussian (identity),Full-time employed (Intercept),0.0514390775280601,0.00130387396235552,5.02189726612256e-84,0.0488834845618433,0.0539946704942769,69.1499890453738,1.13523238130468e-28,985,3355842.65816962
age_4lvl,over65y,1999-2020,21.2,WTMEC.COMBN,gender,employ_status,prevent_chd_10yr_hba1c,8598,27088430.3942475,163,gaussian (identity),Part-time employed,0.00571781127976534,0.00170632515497249,0.00100614266660068,0.00237341397601925,0.00906220858351143,69.1499890453738,1.13523238130468e-28,751,2745707.31956468
age_4lvl,over65y,1999-2020,21.2,WTMEC.COMBN,gender,employ_status,prevent_chd_10yr_hba1c,8598,27088430.3942475,163,gaussian (identity),Student,-0.00248751664379999,0.00756026364467019,0.742569684773779,-0.0173056333873536,0.0123306000997536,69.1499890453738,1.13523238130468e-28,9,18549.8460165849
age_4lvl,over65y,1999-2020,21.2,WTMEC.COMBN,gender,employ_status,prevent_chd_10yr_hba1c,8598,27088430.3942475,163,gaussian (identity),Unemployed,0.0154628108073221,0.00120144978593625,1.98938037023949e-26,0.0131079692268871,0.0178176523877572,69.1499890453738,1.13523238130468e-28,6853,20968330.5704966
age_4lvl,40to64y,1999-2020,21.2,WTMEC.COMBN,gender,employ_status,prevent_chd_10yr_hba1c,20291,87725000.4072924,163,gaussian (identity),Full-time employed (Intercept),0.021108724966305,0.000477481660533309,3.10855571189304e-91,0.0201728609116597,0.0220445890209503,173.620268902333,6.04409900223638e-50,11737,56088188.9081657
age_4lvl,40to64y,1999-2020,21.2,WTMEC.COMBN,gender,employ_status,prevent_chd_10yr_hba1c,20291,87725000.4072924,163,gaussian (identity),Part-time employed,0.0034147357238313,0.000920835380681106,0.000287838312338788,0.00160989837769633,0.00521957306996627,173.620268902333,6.04409900223638e-50,1746,7972981.74098376
age_4lvl,40to64y,1999-2020,21.2,WTMEC.COMBN,gender,employ_status,prevent_chd_10yr_hba1c,20291,87725000.4072924,163,gaussian (identity),Student,-0.00207180933685163,0.00238339892511721,0.386011564947086,-0.00674327123008136,0.00259965255637811,173.620268902333,6.04409900223638e-50,81,255660.15312534
age_4lvl,40to64y,1999-2020,21.2,WTMEC.COMBN,gender,employ_status,prevent_chd_10yr_hba1c,20291,87725000.4072924,163,gaussian (identity),Unemployed,0.0135789435364061,0.000608253310868628,7.15066006816787e-51,0.0123867670471036,0.0147711200257086,173.620268902333,6.04409900223638e-50,6727,23408169.6050176
age_4lvl,30to39y,1999-2020,21.2,WTMEC.COMBN,gender,employ_status,prevent_chd_10yr_hba1c,7346,32848170.2617495,163,gaussian (identity),Full-time employed (Intercept),0.00707811744009139,0.000318017392440822,1.03041069777312e-50,0.00645480335090738,0.00770143152927541,10.8389686021697,1.6138932456098e-06,4882,23240434.0846129
age_4lvl,30to39y,1999-2020,21.2,WTMEC.COMBN,gender,employ_status,prevent_chd_10yr_hba1c,7346,32848170.2617495,163,gaussian (identity),Part-time employed,-0.000164655301771493,0.00054775769545307,0.764113142508629,-0.00123826038485951,0.000908949781316523,10.8389686021697,1.6138932456098e-06,656,2816244.37358053
age_4lvl,30to39y,1999-2020,21.2,WTMEC.COMBN,gender,employ_status,prevent_chd_10yr_hba1c,7346,32848170.2617495,163,gaussian (identity),Student,-0.000798535606866503,0.00100391503998329,0.427554190846014,-0.00276620908523375,0.00116913787150075,10.8389686021697,1.6138932456098e-06,66,222234.415949019
age_4lvl,30to39y,1999-2020,21.2,WTMEC.COMBN,gender,employ_status,prevent_chd_10yr_hba1c,7346,32848170.2617495,163,gaussian (identity),Unemployed,0.00284651421852525,0.000546539258027577,5.8291889653161e-07,0.0017752972727912,0.0039177311642593,10.8389686021697,1.6138932456098e-06,1742,6569257.38760711
age_4lvl,over65y,1999-2020,21.2,WTMEC.COMBN,gender,employ_status,prevent_chd_10yr_uacr,8479,26770272.4165326,163,gaussian (identity),Full-time employed (Intercept),0.0460940230812243,0.00132894653221507,4.68324104825201e-76,0.0434892878780828,0.0486987582843659,80.510091484694,9.95802075018989e-32,978,3338592.7664703
age_4lvl,over65y,1999-2020,21.2,WTMEC.COMBN,gender,employ_status,prevent_chd_10yr_uacr,8479,26770272.4165326,163,gaussian (identity),Part-time employed,0.00636373317270828,0.00182531671041984,0.00063309733584996,0.00278611242028539,0.00994135392513117,80.510091484694,9.95802075018989e-32,747,2733620.73062836
age_4lvl,over65y,1999-2020,21.2,WTMEC.COMBN,gender,employ_status,prevent_chd_10yr_uacr,8479,26770272.4165326,163,gaussian (identity),Student,-0.00471675558590149,0.00674898971410215,0.485646046724321,-0.0179447754255417,0.00851126425373873,80.510091484694,9.95802075018989e-32,9,18549.8460165849
age_4lvl,over65y,1999-2020,21.2,WTMEC.COMBN,gender,employ_status,prevent_chd_10yr_uacr,8479,26770272.4165326,163,gaussian (identity),Unemployed,0.0172451978562871,0.00122012776045802,6.74483246303697e-30,0.0148537474457893,0.0196366482667848,80.510091484694,9.95802075018989e-32,6745,20679509.0734174
age_4lvl,40to64y,1999-2020,21.2,WTMEC.COMBN,gender,employ_status,prevent_chd_10yr_uacr,20187,87401598.3317829,163,gaussian (identity),Full-time employed (Intercept),0.0178338331912201,0.000466485167391704,4.63014565127847e-82,0.0169195222631324,0.0187481441193079,179.453683811108,8.04389373114143e-51,11714,56000133.883726
age_4lvl,40to64y,1999-2020,21.2,WTMEC.COMBN,gender,employ_status,prevent_chd_10yr_uacr,20187,87401598.3317829,163,gaussian (identity),Part-time employed,0.0032009576108813,0.00086696687308076,0.000305218120986303,0.00150170253964301,0.00490021268211959,179.453683811108,8.04389373114143e-51,1739,7958954.8240207
age_4lvl,40to64y,1999-2020,21.2,WTMEC.COMBN,gender,employ_status,prevent_chd_10yr_uacr,20187,87401598.3317829,163,gaussian (identity),Student,-0.00132340551545901,0.0021057635976262,0.530598997042599,-0.00545070216680637,0.00280389113588835,179.453683811108,8.04389373114143e-51,81,255660.15312534
age_4lvl,40to64y,1999-2020,21.2,WTMEC.COMBN,gender,employ_status,prevent_chd_10yr_uacr,20187,87401598.3317829,163,gaussian (identity),Unemployed,0.0128884632382064,0.000569418730268596,1.34506366841538e-51,0.01177240252688,0.0140045239495329,179.453683811108,8.04389373114143e-51,6653,23186849.4709108
age_4lvl,30to39y,1999-2020,21.2,WTMEC.COMBN,gender,employ_status,prevent_chd_10yr_uacr,7323,32741835.1374796,163,gaussian (identity),Full-time employed (Intercept),0.00590884387517924,0.000222644172164903,2.68388522448139e-60,0.00547246129773603,0.00634522645262245,11.9277505721966,4.3650510093476e-07,4869,23169867.7077225
age_4lvl,30to39y,1999-2020,21.2,WTMEC.COMBN,gender,employ_status,prevent_chd_10yr_uacr,7323,32741835.1374796,163,gaussian (identity),Part-time employed,-0.000267181482261491,0.00038865699316254,0.492801986450776,-0.00102894918886007,0.000494586224337086,11.9277505721966,4.3650510093476e-07,655,2810141.1315626
age_4lvl,30to39y,1999-2020,21.2,WTMEC.COMBN,gender,employ_status,prevent_chd_10yr_uacr,7323,32741835.1374796,163,gaussian (identity),Student,-0.000856400810098858,0.000770068863419396,0.267769793872982,-0.00236573578240088,0.000652934162203159,11.9277505721966,4.3650510093476e-07,66,222234.415949019
age_4lvl,30to39y,1999-2020,21.2,WTMEC.COMBN,gender,employ_status,prevent_chd_10yr_uacr,7323,32741835.1374796,163,gaussian (identity),Unemployed,0.00243905560784699,0.000440493265291272,1.24547744338517e-07,0.0015756888078761,0.00330242240781788,11.9277505721966,4.3650510093476e-07,1733,6539591.88224553
age_4lvl,over65y,1999-2020,21.2,WTMEC.COMBN,gender,employ_status,prevent_chd_10yr_full,8468,26739222.9114922,163,gaussian (identity),Full-time employed (Intercept),0.0465851801483481,0.0012754594908469,3.1445042178396e-79,0.0440852795462882,0.0490850807504081,72.2734033979694,1.53941001614017e-29,977,3337170.3584337
age_4lvl,over65y,1999-2020,21.2,WTMEC.COMBN,gender,employ_status,prevent_chd_10yr_full,8468,26739222.9114922,163,gaussian (identity),Part-time employed,0.00498013108535192,0.00173375082195997,0.00462910573358884,0.00158197947431038,0.00837828269639346,72.2734033979694,1.53941001614017e-29,747,2733620.73062836
age_4lvl,over65y,1999-2020,21.2,WTMEC.COMBN,gender,employ_status,prevent_chd_10yr_full,8468,26739222.9114922,163,gaussian (identity),Student,-0.00235207372148184,0.00759234983919112,0.757122329195056,-0.0172330794062964,0.0125289319633328,72.2734033979694,1.53941001614017e-29,9,18549.8460165849
age_4lvl,over65y,1999-2020,21.2,WTMEC.COMBN,gender,employ_status,prevent_chd_10yr_full,8468,26739222.9114922,163,gaussian (identity),Unemployed,0.0159417726890233,0.00118482505979276,4.89722710624191e-28,0.0136195155718295,0.0182640298062171,72.2734033979694,1.53941001614017e-29,6735,20649881.9764136
age_4lvl,40to64y,1999-2020,21.2,WTMEC.COMBN,gender,employ_status,prevent_chd_10yr_full,20162,87314674.3740172,163,gaussian (identity),Full-time employed (Intercept),0.0180839857824034,0.000465530777299027,4.65961573013186e-83,0.0171715454588973,0.0189964261059095,159.797195745964,8.91281212349618e-48,11698,55929217.1409496
age_4lvl,40to64y,1999-2020,21.2,WTMEC.COMBN,gender,employ_status,prevent_chd_10yr_full,20162,87314674.3740172,163,gaussian (identity),Part-time employed,0.00269382978450603,0.000796170645363044,0.000901293595891001,0.00113333531959447,0.0042543242494176,159.797195745964,8.91281212349618e-48,1738,7955812.09850164
age_4lvl,40to64y,1999-2020,21.2,WTMEC.COMBN,gender,employ_status,prevent_chd_10yr_full,20162,87314674.3740172,163,gaussian (identity),Student,-0.00213500069803015,0.00189470999880609,0.261515515420469,-0.00584863229569008,0.00157863089962978,159.797195745964,8.91281212349618e-48,81,255660.15312534
age_4lvl,40to64y,1999-2020,21.2,WTMEC.COMBN,gender,employ_status,prevent_chd_10yr_full,20162,87314674.3740172,163,gaussian (identity),Unemployed,0.0121198764503926,0.000568224681755014,1.65822822114221e-48,0.0110061560741528,0.0132335968266324,159.797195745964,8.91281212349618e-48,6645,23173984.9814406
age_4lvl,30to39y,1999-2020,21.2,WTMEC.COMBN,gender,employ_status,prevent_chd_10yr_full,7306,32671476.1502439,163,gaussian (identity),Full-time employed (Intercept),0.00583395699618175,0.000259755673267287,3.45020723886521e-51,0.00532483587657787,0.00634307811578563,11.424281405054,7.97213935196522e-07,4859,23125963.2628803
age_4lvl,30to39y,1999-2020,21.2,WTMEC.COMBN,gender,employ_status,prevent_chd_10yr_full,7306,32671476.1502439,163,gaussian (identity),Part-time employed,-0.00030001489025497,0.000415709910958115,0.471543266714298,-0.00111480631573288,0.000514776535222936,11.424281405054,7.97213935196522e-07,651,2798828.39076279
age_4lvl,30to39y,1999-2020,21.2,WTMEC.COMBN,gender,employ_status,prevent_chd_10yr_full,7306,32671476.1502439,163,gaussian (identity),Student,-0.00104547186510909,0.000674695599656029,0.12323866782066,-0.00236787524043491,0.000276931510216723,11.424281405054,7.97213935196522e-07,66,222234.415949019
age_4lvl,30to39y,1999-2020,21.2,WTMEC.COMBN,gender,employ_status,prevent_chd_10yr_full,7306,32671476.1502439,163,gaussian (identity),Unemployed,0.0021932758857981,0.000433597610819088,1.15452446487326e-06,0.00134342456859269,0.00304312720300351,11.424281405054,7.97213935196522e-07,1730,6524450.08065176
age_4lvl,over65y,1999-2020,21.2,WTMEC.COMBN,gender,employ_status,prevent_chd_30yr_base,8611,27124200.4453762,163,gaussian (identity),Full-time employed (Intercept),0.110301996200886,0.00181134451648274,4.19262970676694e-112,0.10675176094858,0.113852231453192,4.33966055921237,0.0057117197635709,986,3357265.06620623
age_4lvl,over65y,1999-2020,21.2,WTMEC.COMBN,gender,employ_status,prevent_chd_30yr_base,8611,27124200.4453762,163,gaussian (identity),Part-time employed,0.00205412428418706,0.00238095248475307,0.389584152064869,-0.00261254258592895,0.00672079115430307,4.33966055921237,0.0057117197635709,751,2745707.31956468
age_4lvl,over65y,1999-2020,21.2,WTMEC.COMBN,gender,employ_status,prevent_chd_30yr_base,8611,27124200.4453762,163,gaussian (identity),Student,-0.000421064043066197,0.0125625099108305,0.973303942398923,-0.0250435834682939,0.0242014553821615,4.33966055921237,0.0057117197635709,9,18549.8460165849
age_4lvl,over65y,1999-2020,21.2,WTMEC.COMBN,gender,employ_status,prevent_chd_30yr_base,8611,27124200.4453762,163,gaussian (identity),Unemployed,0.00497997765764807,0.0017106609230797,0.00411852856339789,0.00162708224841186,0.00833287306688428,4.33966055921237,0.0057117197635709,6865,21002678.2135887
age_4lvl,40to64y,1999-2020,21.2,WTMEC.COMBN,gender,employ_status,prevent_chd_30yr_base,20316,87811924.3650581,163,gaussian (identity),Full-time employed (Intercept),0.072174667405043,0.00108645139182053,6.91224306998382e-118,0.0700452226770748,0.0743041121330113,123.264049327437,2.74210644317075e-41,11753,56159105.6509422
age_4lvl,40to64y,1999-2020,21.2,WTMEC.COMBN,gender,employ_status,prevent_chd_30yr_base,20316,87811924.3650581,163,gaussian (identity),Part-time employed,0.0052864601066858,0.00190418973064956,0.00615993866590022,0.00155424823461266,0.00901867197875894,123.264049327437,2.74210644317075e-41,1747,7976124.46650281
age_4lvl,40to64y,1999-2020,21.2,WTMEC.COMBN,gender,employ_status,prevent_chd_30yr_base,20316,87811924.3650581,163,gaussian (identity),Student,-0.00235962578501208,0.00626503660798419,0.70694775785287,-0.0146390975366611,0.00991984596663693,123.264049327437,2.74210644317075e-41,81,255660.15312534
age_4lvl,40to64y,1999-2020,21.2,WTMEC.COMBN,gender,employ_status,prevent_chd_30yr_base,20316,87811924.3650581,163,gaussian (identity),Unemployed,0.0245960067999377,0.00130052669163835,1.54668294021535e-42,0.0220469744843265,0.0271450391155488,123.264049327437,2.74210644317075e-41,6735,23421034.0944878
age_4lvl,30to39y,1999-2020,21.2,WTMEC.COMBN,gender,employ_status,prevent_chd_30yr_base,7363,32918529.2489852,163,gaussian (identity),Full-time employed (Intercept),0.0273103557151523,0.000739186269251727,6.12237737391076e-80,0.025861550627419,0.0287591608028857,12.2206470120662,3.08042878106792e-07,4892,23284338.529455
age_4lvl,30to39y,1999-2020,21.2,WTMEC.COMBN,gender,employ_status,prevent_chd_30yr_base,7363,32918529.2489852,163,gaussian (identity),Part-time employed,-9.51977140328459e-05,0.0015927919953387,0.952415606046563,-0.00321707002489669,0.003026674596831,12.2206470120662,3.08042878106792e-07,660,2827557.11438034
age_4lvl,30to39y,1999-2020,21.2,WTMEC.COMBN,gender,employ_status,prevent_chd_30yr_base,7363,32918529.2489852,163,gaussian (identity),Student,-0.00142170811404283,0.00380339372599753,0.709051172286433,-0.00887635981699799,0.00603294358891234,12.2206470120662,3.08042878106792e-07,66,222234.415949019
age_4lvl,30to39y,1999-2020,21.2,WTMEC.COMBN,gender,employ_status,prevent_chd_30yr_base,7363,32918529.2489852,163,gaussian (identity),Unemployed,0.00829623235075726,0.00143562336576493,3.85896834208024e-08,0.005482410553858,0.0111100541476565,12.2206470120662,3.08042878106792e-07,1745,6584399.18920089
age_4lvl,over65y,1999-2020,21.2,WTMEC.COMBN,gender,employ_status,prevent_chd_30yr_hba1c,8598,27088430.3942475,163,gaussian (identity),Full-time employed (Intercept),0.107423019315495,0.00170622029314165,2.57810483755258e-114,0.104078827540937,0.110767211090053,4.78161871345115,0.00322496582061341,985,3355842.65816962
age_4lvl,over65y,1999-2020,21.2,WTMEC.COMBN,gender,employ_status,prevent_chd_30yr_hba1c,8598,27088430.3942475,163,gaussian (identity),Part-time employed,0.000968421024285872,0.0021721039342457,0.656315937762622,-0.00328890268683569,0.00522574473540744,4.78161871345115,0.00322496582061341,751,2745707.31956468
age_4lvl,over65y,1999-2020,21.2,WTMEC.COMBN,gender,employ_status,prevent_chd_30yr_hba1c,8598,27088430.3942475,163,gaussian (identity),Student,-0.000819686311144403,0.0114816559415674,0.943176331521071,-0.0233237319566165,0.0216843593343277,4.78161871345115,0.00322496582061341,9,18549.8460165849
age_4lvl,over65y,1999-2020,21.2,WTMEC.COMBN,gender,employ_status,prevent_chd_30yr_hba1c,8598,27088430.3942475,163,gaussian (identity),Unemployed,0.00439718295282797,0.00156226607589288,0.00550111742925426,0.00133514144407792,0.00745922446157801,4.78161871345115,0.00322496582061341,6853,20968330.5704966
age_4lvl,40to64y,1999-2020,21.2,WTMEC.COMBN,gender,employ_status,prevent_chd_30yr_hba1c,20291,87725000.4072924,163,gaussian (identity),Full-time employed (Intercept),0.0694679351132935,0.00102325917493808,2.46535297411183e-119,0.0674623471304149,0.0714735230961722,126.707551788831,5.91329152021536e-42,11737,56088188.9081657
age_4lvl,40to64y,1999-2020,21.2,WTMEC.COMBN,gender,employ_status,prevent_chd_30yr_hba1c,20291,87725000.4072924,163,gaussian (identity),Part-time employed,0.00418962730617027,0.00172879010748543,0.0164965220451856,0.000801198695498827,0.00757805591684171,126.707551788831,5.91329152021536e-42,1746,7972981.74098376
age_4lvl,40to64y,1999-2020,21.2,WTMEC.COMBN,gender,employ_status,prevent_chd_30yr_hba1c,20291,87725000.4072924,163,gaussian (identity),Student,-0.00313609205957753,0.00604499569376598,0.604627474481686,-0.0149842836193589,0.00871209950020378,126.707551788831,5.91329152021536e-42,81,255660.15312534
age_4lvl,40to64y,1999-2020,21.2,WTMEC.COMBN,gender,employ_status,prevent_chd_30yr_hba1c,20291,87725000.4072924,163,gaussian (identity),Unemployed,0.0229502392921406,0.0011987878105025,4.00226651760485e-43,0.0206006151835557,0.0252998634007255,126.707551788831,5.91329152021536e-42,6727,23408169.6050176
age_4lvl,30to39y,1999-2020,21.2,WTMEC.COMBN,gender,employ_status,prevent_chd_30yr_hba1c,7346,32848170.2617495,163,gaussian (identity),Full-time employed (Intercept),0.0256588587609021,0.000758409265197297,1.52957351136202e-74,0.0241723766011154,0.0271453409206888,11.968239137856,4.15937894603256e-07,4882,23240434.0846129
age_4lvl,30to39y,1999-2020,21.2,WTMEC.COMBN,gender,employ_status,prevent_chd_30yr_hba1c,7346,32848170.2617495,163,gaussian (identity),Part-time employed,-0.000297983036580615,0.00150897792194778,0.843709299160603,-0.00325557976359827,0.00265961369043704,11.968239137856,4.15937894603256e-07,656,2816244.37358053
age_4lvl,30to39y,1999-2020,21.2,WTMEC.COMBN,gender,employ_status,prevent_chd_30yr_hba1c,7346,32848170.2617495,163,gaussian (identity),Student,-0.0016013461527869,0.0033965332362934,0.637955070306398,-0.00825855129592195,0.00505585899034816,11.968239137856,4.15937894603256e-07,66,222234.415949019
age_4lvl,30to39y,1999-2020,21.2,WTMEC.COMBN,gender,employ_status,prevent_chd_30yr_hba1c,7346,32848170.2617495,163,gaussian (identity),Unemployed,0.00748245452959024,0.00133457640473031,8.92016294145697e-08,0.00486668477631883,0.0100982242828616,11.968239137856,4.15937894603256e-07,1742,6569257.38760711
age_4lvl,over65y,1999-2020,21.2,WTMEC.COMBN,gender,employ_status,prevent_chd_30yr_uacr,8479,26770272.4165326,163,gaussian (identity),Full-time employed (Intercept),0.104328375882145,0.00178132169293428,1.58115439563055e-109,0.100836985363993,0.107819766400296,9.26037822367263,1.11090730775253e-05,978,3338592.7664703
age_4lvl,over65y,1999-2020,21.2,WTMEC.COMBN,gender,employ_status,prevent_chd_30yr_uacr,8479,26770272.4165326,163,gaussian (identity),Part-time employed,0.00190157263534566,0.00228551988783366,0.406651826101211,-0.00257804634480831,0.00638119161549964,9.26037822367263,1.11090730775253e-05,747,2733620.73062836
age_4lvl,over65y,1999-2020,21.2,WTMEC.COMBN,gender,employ_status,prevent_chd_30yr_uacr,8479,26770272.4165326,163,gaussian (identity),Student,-0.00209692520561933,0.0119504901726048,0.860935397564553,-0.0255198859439248,0.0213260355326861,9.26037822367263,1.11090730775253e-05,9,18549.8460165849
age_4lvl,over65y,1999-2020,21.2,WTMEC.COMBN,gender,employ_status,prevent_chd_30yr_uacr,8479,26770272.4165326,163,gaussian (identity),Unemployed,0.006756758464954,0.0016454320683892,6.41219660470607e-05,0.00353171161091118,0.00998180531899682,9.26037822367263,1.11090730775253e-05,6745,20679509.0734174
age_4lvl,40to64y,1999-2020,21.2,WTMEC.COMBN,gender,employ_status,prevent_chd_30yr_uacr,20187,87401598.3317829,163,gaussian (identity),Full-time employed (Intercept),0.0649495506693441,0.00104938486954377,3.50955123015925e-113,0.0628927563250383,0.0670063450136499,130.596868650791,1.08254436954571e-42,11714,56000133.883726
age_4lvl,40to64y,1999-2020,21.2,WTMEC.COMBN,gender,employ_status,prevent_chd_30yr_uacr,20187,87401598.3317829,163,gaussian (identity),Part-time employed,0.00493296151874322,0.00175333410686633,0.00551977494480959,0.00149642666928521,0.00836949636820123,130.596868650791,1.08254436954571e-42,1739,7958954.8240207
age_4lvl,40to64y,1999-2020,21.2,WTMEC.COMBN,gender,employ_status,prevent_chd_30yr_uacr,20187,87401598.3317829,163,gaussian (identity),Student,-0.00224990873836961,0.00568032954831034,0.692571337464954,-0.0133833546530579,0.00888353717631866,130.596868650791,1.08254436954571e-42,81,255660.15312534
age_4lvl,40to64y,1999-2020,21.2,WTMEC.COMBN,gender,employ_status,prevent_chd_30yr_uacr,20187,87401598.3317829,163,gaussian (identity),Unemployed,0.0240503525378385,0.00123550700211527,6.22667756581573e-44,0.0216287588136926,0.0264719462619845,130.596868650791,1.08254436954571e-42,6653,23186849.4709108
age_4lvl,30to39y,1999-2020,21.2,WTMEC.COMBN,gender,employ_status,prevent_chd_30yr_uacr,7323,32741835.1374796,163,gaussian (identity),Full-time employed (Intercept),0.0237982994155933,0.000665505896945508,6.32043396548773e-78,0.0224939078575801,0.0251026909736065,13.1269579740275,1.05662181182614e-07,4869,23169867.7077225
age_4lvl,30to39y,1999-2020,21.2,WTMEC.COMBN,gender,employ_status,prevent_chd_30yr_uacr,7323,32741835.1374796,163,gaussian (identity),Part-time employed,-0.000525108982703735,0.00137768798937547,0.703599035382868,-0.00322537744187965,0.00217515947647218,13.1269579740275,1.05662181182614e-07,655,2810141.1315626
age_4lvl,30to39y,1999-2020,21.2,WTMEC.COMBN,gender,employ_status,prevent_chd_30yr_uacr,7323,32741835.1374796,163,gaussian (identity),Student,-0.00211075407176606,0.00316435680269165,0.505713143672385,-0.0083128934050417,0.00409138526150958,13.1269579740275,1.05662181182614e-07,66,222234.415949019
age_4lvl,30to39y,1999-2020,21.2,WTMEC.COMBN,gender,employ_status,prevent_chd_30yr_uacr,7323,32741835.1374796,163,gaussian (identity),Unemployed,0.00737902900792056,0.00125787403718658,2.50722885762828e-08,0.00491359589503487,0.00984446212080625,13.1269579740275,1.05662181182614e-07,1733,6539591.88224553
age_4lvl,over65y,1999-2020,21.2,WTMEC.COMBN,gender,employ_status,prevent_chd_30yr_full,8468,26739222.9114922,163,gaussian (identity),Full-time employed (Intercept),0.100597575943228,0.00161558859905972,1.39887939634019e-113,0.0974310222890713,0.103764129597385,8.6036057911053,2.50737551306372e-05,977,3337170.3584337
age_4lvl,over65y,1999-2020,21.2,WTMEC.COMBN,gender,employ_status,prevent_chd_30yr_full,8468,26739222.9114922,163,gaussian (identity),Part-time employed,0.000499921287871713,0.00204234649407681,0.806944020064626,-0.00350307784051883,0.00450292041626225,8.6036057911053,2.50737551306372e-05,747,2733620.73062836
age_4lvl,over65y,1999-2020,21.2,WTMEC.COMBN,gender,employ_status,prevent_chd_30yr_full,8468,26739222.9114922,163,gaussian (identity),Student,-0.00145821476584767,0.0115793468443621,0.899944544188753,-0.0241537345807975,0.0212373050491021,8.6036057911053,2.50737551306372e-05,9,18549.8460165849
age_4lvl,over65y,1999-2020,21.2,WTMEC.COMBN,gender,employ_status,prevent_chd_30yr_full,8468,26739222.9114922,163,gaussian (identity),Unemployed,0.00543302611846372,0.00145943817494613,0.000273169872282937,0.00257252729556931,0.00829352494135813,8.6036057911053,2.50737551306372e-05,6735,20649881.9764136
age_4lvl,40to64y,1999-2020,21.2,WTMEC.COMBN,gender,employ_status,prevent_chd_30yr_full,20162,87314674.3740172,163,gaussian (identity),Full-time employed (Intercept),0.0629532595767265,0.000979998792745578,1.1894544275353e-115,0.0610324619429451,0.0648740572105078,124.64217862613,1.47876125208052e-41,11698,55929217.1409496
age_4lvl,40to64y,1999-2020,21.2,WTMEC.COMBN,gender,employ_status,prevent_chd_30yr_full,20162,87314674.3740172,163,gaussian (identity),Part-time employed,0.00374522698637352,0.00158709612208202,0.0194988185336258,0.000634518587092761,0.00685593538565427,124.64217862613,1.47876125208052e-41,1738,7955812.09850164
age_4lvl,40to64y,1999-2020,21.2,WTMEC.COMBN,gender,employ_status,prevent_chd_30yr_full,20162,87314674.3740172,163,gaussian (identity),Student,-0.00362652106957784,0.00546532002823687,0.507938384319094,-0.0143385483249221,0.00708550618576642,124.64217862613,1.47876125208052e-41,81,255660.15312534
age_4lvl,40to64y,1999-2020,21.2,WTMEC.COMBN,gender,employ_status,prevent_chd_30yr_full,20162,87314674.3740172,163,gaussian (identity),Unemployed,0.0216950826035249,0.00114243308010695,9.82013689550279e-43,0.0194559137665152,0.0239342514405345,124.64217862613,1.47876125208052e-41,6645,23173984.9814406
age_4lvl,30to39y,1999-2020,21.2,WTMEC.COMBN,gender,employ_status,prevent_chd_30yr_full,7306,32671476.1502439,163,gaussian (identity),Full-time employed (Intercept),0.0224860499854075,0.000661102031856949,7.26868927396741e-75,0.0211902900029679,0.0237818099678472,12.2538740194298,2.96125330867036e-07,4859,23125963.2628803
age_4lvl,30to39y,1999-2020,21.2,WTMEC.COMBN,gender,employ_status,prevent_chd_30yr_full,7306,32671476.1502439,163,gaussian (identity),Part-time employed,-0.000657299252267092,0.00128321290151208,0.60920131168211,-0.00317239653923078,0.00185779803469659,12.2538740194298,2.96125330867036e-07,651,2798828.39076279
age_4lvl,30to39y,1999-2020,21.2,WTMEC.COMBN,gender,employ_status,prevent_chd_30yr_full,7306,32671476.1502439,163,gaussian (identity),Student,-0.00245369352969258,0.0025976389133128,0.346303406834832,-0.00754506579978568,0.00263767874040051,12.2538740194298,2.96125330867036e-07,66,222234.415949019
age_4lvl,30to39y,1999-2020,21.2,WTMEC.COMBN,gender,employ_status,prevent_chd_30yr_full,7306,32671476.1502439,163,gaussian (identity),Unemployed,0.00621715415258448,0.00113181977283487,1.5367287924355e-07,0.00399878739782813,0.00843552090734083,12.2538740194298,2.96125330867036e-07,1730,6524450.08065176
age_4lvl,over65y,1999-2020,21.2,WTMEC.COMBN,gender,employ_status,prevent_stroke_10yr_base,8611,27124200.4453762,163,gaussian (identity),Full-time employed (Intercept),0.0537509008745943,0.000929480091006825,1.08817014018947e-108,0.0519291198962209,0.0555726818529677,72.0456556482483,1.77785604947493e-29,986,3357265.06620623
age_4lvl,over65y,1999-2020,21.2,WTMEC.COMBN,gender,employ_status,prevent_stroke_10yr_base,8611,27124200.4453762,163,gaussian (identity),Part-time employed,0.00396937339592,0.00131718135653326,0.00300583271538435,0.0013876979371148,0.0065510488547252,72.0456556482483,1.77785604947493e-29,751,2745707.31956468
age_4lvl,over65y,1999-2020,21.2,WTMEC.COMBN,gender,employ_status,prevent_stroke_10yr_base,8611,27124200.4453762,163,gaussian (identity),Student,-0.00576585241760002,0.00615265739769026,0.350111899928891,-0.0178250609170729,0.00629335608187288,72.0456556482483,1.77785604947493e-29,9,18549.8460165849
age_4lvl,over65y,1999-2020,21.2,WTMEC.COMBN,gender,employ_status,prevent_stroke_10yr_base,8611,27124200.4453762,163,gaussian (identity),Unemployed,0.0109411488544115,0.000870565830547834,1.35302728248631e-25,0.00923483982653775,0.0126474578822853,72.0456556482483,1.77785604947493e-29,6865,21002678.2135887
age_4lvl,40to64y,1999-2020,21.2,WTMEC.COMBN,gender,employ_status,prevent_stroke_10yr_base,20316,87811924.3650581,163,gaussian (identity),Full-time employed (Intercept),0.0238050373549511,0.000393665815363108,1.21937818114157e-111,0.0230334523568394,0.0245766223530628,203.703862422898,3.05645352915004e-54,11753,56159105.6509422
age_4lvl,40to64y,1999-2020,21.2,WTMEC.COMBN,gender,employ_status,prevent_stroke_10yr_base,20316,87811924.3650581,163,gaussian (identity),Part-time employed,0.0031053281403886,0.000676565408820052,8.95754235924127e-06,0.0017792599391013,0.00443139634167591,203.703862422898,3.05645352915004e-54,1747,7976124.46650281
age_4lvl,40to64y,1999-2020,21.2,WTMEC.COMBN,gender,employ_status,prevent_stroke_10yr_base,20316,87811924.3650581,163,gaussian (identity),Student,-0.00180951981527931,0.00205492007714865,0.379874712510572,-0.00583716316649065,0.00221812353593204,203.703862422898,3.05645352915004e-54,81,255660.15312534
age_4lvl,40to64y,1999-2020,21.2,WTMEC.COMBN,gender,employ_status,prevent_stroke_10yr_base,20316,87811924.3650581,163,gaussian (identity),Unemployed,0.011227621893403,0.000463494912352632,3.08866274773597e-55,0.0103191718651918,0.0121360719216141,203.703862422898,3.05645352915004e-54,6735,23421034.0944878
age_4lvl,30to39y,1999-2020,21.2,WTMEC.COMBN,gender,employ_status,prevent_stroke_10yr_base,7363,32918529.2489852,163,gaussian (identity),Full-time employed (Intercept),0.00886657029962192,0.000194911916258196,4.60016570146048e-93,0.00848454294375585,0.00924859765548798,11.6672865086659,5.95799501633883e-07,4892,23284338.529455
age_4lvl,30to39y,1999-2020,21.2,WTMEC.COMBN,gender,employ_status,prevent_stroke_10yr_base,7363,32918529.2489852,163,gaussian (identity),Part-time employed,-0.000142147039557257,0.000354692229435426,0.689133630128887,-0.000837343809250691,0.000553049730136178,11.6672865086659,5.95799501633883e-07,660,2827557.11438034
age_4lvl,30to39y,1999-2020,21.2,WTMEC.COMBN,gender,employ_status,prevent_stroke_10yr_base,7363,32918529.2489852,163,gaussian (identity),Student,-0.000106113718314257,0.000855420706572791,0.901433497422061,-0.00178273830319693,0.00157051086656841,11.6672865086659,5.95799501633883e-07,66,222234.415949019
age_4lvl,30to39y,1999-2020,21.2,WTMEC.COMBN,gender,employ_status,prevent_stroke_10yr_base,7363,32918529.2489852,163,gaussian (identity),Unemployed,0.00236745737421666,0.00041031196478674,4.03204661235853e-08,0.00156324592323465,0.00317166882519867,11.6672865086659,5.95799501633883e-07,1745,6584399.18920089
age_4lvl,over65y,1999-2020,21.2,WTMEC.COMBN,gender,employ_status,prevent_stroke_10yr_hba1c,8598,27088430.3942475,163,gaussian (identity),Full-time employed (Intercept),0.0537340376963862,0.000861722076515038,1.12256338143562e-113,0.0520450624264167,0.0554230129663557,69.3037719135142,1.02765922278543e-28,985,3355842.65816962
age_4lvl,over65y,1999-2020,21.2,WTMEC.COMBN,gender,employ_status,prevent_stroke_10yr_hba1c,8598,27088430.3942475,163,gaussian (identity),Part-time employed,0.0033944668306503,0.00124934914987147,0.00731797339341064,0.000945742496902225,0.00584319116439837,69.3037719135142,1.02765922278543e-28,751,2745707.31956468
age_4lvl,over65y,1999-2020,21.2,WTMEC.COMBN,gender,employ_status,prevent_stroke_10yr_hba1c,8598,27088430.3942475,163,gaussian (identity),Student,-0.00442231143084791,0.00554517070382035,0.426346126691398,-0.0152908460103358,0.00644622314863998,69.3037719135142,1.02765922278543e-28,9,18549.8460165849
age_4lvl,over65y,1999-2020,21.2,WTMEC.COMBN,gender,employ_status,prevent_stroke_10yr_hba1c,8598,27088430.3942475,163,gaussian (identity),Unemployed,0.0104587706024081,0.000831043801836486,1.2128417172149e-25,0.00882992475080858,0.0120876164540076,69.3037719135142,1.02765922278543e-28,6853,20968330.5704966
age_4lvl,40to64y,1999-2020,21.2,WTMEC.COMBN,gender,employ_status,prevent_stroke_10yr_hba1c,20291,87725000.4072924,163,gaussian (identity),Full-time employed (Intercept),0.023457473360473,0.000355594535100537,2.02973770054028e-117,0.0227605080716759,0.0241544386492701,213.42280878833,1.60024625655413e-55,11737,56088188.9081657
age_4lvl,40to64y,1999-2020,21.2,WTMEC.COMBN,gender,employ_status,prevent_stroke_10yr_hba1c,20291,87725000.4072924,163,gaussian (identity),Part-time employed,0.00311534247423912,0.000623134670237021,1.5043419687315e-06,0.00189399852057456,0.00433668642790368,213.42280878833,1.60024625655413e-55,1746,7972981.74098376
age_4lvl,40to64y,1999-2020,21.2,WTMEC.COMBN,gender,employ_status,prevent_stroke_10yr_hba1c,20291,87725000.4072924,163,gaussian (identity),Student,-0.00203899566772322,0.00187900251634752,0.279498708164421,-0.00572184059976437,0.00164384926431792,213.42280878833,1.60024625655413e-55,81,255660.15312534
age_4lvl,40to64y,1999-2020,21.2,WTMEC.COMBN,gender,employ_status,prevent_stroke_10yr_hba1c,20291,87725000.4072924,163,gaussian (identity),Unemployed,0.0108084395369597,0.000434116104407943,9.73187770504599e-57,0.00995757197232018,0.0116593071015993,213.42280878833,1.60024625655413e-55,6727,23408169.6050176
age_4lvl,30to39y,1999-2020,21.2,WTMEC.COMBN,gender,employ_status,prevent_stroke_10yr_hba1c,7346,32848170.2617495,163,gaussian (identity),Full-time employed (Intercept),0.00869877146958324,0.00018317967998124,7.89823899597639e-96,0.00833973929682001,0.00905780364234647,12.5466170790347,2.09329666695362e-07,4882,23240434.0846129
age_4lvl,30to39y,1999-2020,21.2,WTMEC.COMBN,gender,employ_status,prevent_stroke_10yr_hba1c,7346,32848170.2617495,163,gaussian (identity),Part-time employed,-0.000111639337759673,0.000337925600357699,0.741557864136752,-0.000773973514460764,0.000550694838941417,12.5466170790347,2.09329666695362e-07,656,2816244.37358053
age_4lvl,30to39y,1999-2020,21.2,WTMEC.COMBN,gender,employ_status,prevent_stroke_10yr_hba1c,7346,32848170.2617495,163,gaussian (identity),Student,-3.45700970966485e-05,0.000782159248304406,0.964801807734073,-0.00156760222377328,0.00149846202957999,12.5466170790347,2.09329666695362e-07,66,222234.415949019
age_4lvl,30to39y,1999-2020,21.2,WTMEC.COMBN,gender,employ_status,prevent_stroke_10yr_hba1c,7346,32848170.2617495,163,gaussian (identity),Unemployed,0.00213700116764563,0.000360398617359441,1.8306958643998e-08,0.00143061987762113,0.00284338245767014,12.5466170790347,2.09329666695362e-07,1742,6569257.38760711
age_4lvl,over65y,1999-2020,21.2,WTMEC.COMBN,gender,employ_status,prevent_stroke_10yr_uacr,8479,26770272.4165326,163,gaussian (identity),Full-time employed (Intercept),0.0498589642406086,0.000996536599414649,3.2950715158986e-99,0.0479057525057559,0.0518121759754614,74.0334307800434,5.10270567791655e-30,978,3338592.7664703
age_4lvl,over65y,1999-2020,21.2,WTMEC.COMBN,gender,employ_status,prevent_stroke_10yr_uacr,8479,26770272.4165326,163,gaussian (identity),Part-time employed,0.00348914905648168,0.00139643207515238,0.0134840144870573,0.000752142189183018,0.00622615592378035,74.0334307800434,5.10270567791655e-30,747,2733620.73062836
age_4lvl,over65y,1999-2020,21.2,WTMEC.COMBN,gender,employ_status,prevent_stroke_10yr_uacr,8479,26770272.4165326,163,gaussian (identity),Student,-0.00664726438309538,0.00581634567873066,0.254814972291735,-0.0180473019134075,0.00475277314721671,74.0334307800434,5.10270567791655e-30,9,18549.8460165849
age_4lvl,over65y,1999-2020,21.2,WTMEC.COMBN,gender,employ_status,prevent_stroke_10yr_uacr,8479,26770272.4165326,163,gaussian (identity),Unemployed,0.0121856901605993,0.000933874103478079,6.42032812279696e-27,0.0103552969177823,0.0140160834034164,74.0334307800434,5.10270567791655e-30,6745,20679509.0734174
age_4lvl,40to64y,1999-2020,21.2,WTMEC.COMBN,gender,employ_status,prevent_stroke_10yr_uacr,20187,87401598.3317829,163,gaussian (identity),Full-time employed (Intercept),0.0207150009002593,0.000403331013375627,6.51979736479235e-101,0.0199244721140431,0.0215055296864756,190.621882155312,1.94151699974489e-52,11714,56000133.883726
age_4lvl,40to64y,1999-2020,21.2,WTMEC.COMBN,gender,employ_status,prevent_stroke_10yr_uacr,20187,87401598.3317829,163,gaussian (identity),Part-time employed,0.00258188766150743,0.000628605631266687,6.38837781820264e-05,0.00134982062422472,0.00381395469879014,190.621882155312,1.94151699974489e-52,1739,7958954.8240207
age_4lvl,40to64y,1999-2020,21.2,WTMEC.COMBN,gender,employ_status,prevent_stroke_10yr_uacr,20187,87401598.3317829,163,gaussian (identity),Student,-0.00118622009603406,0.00210508085994325,0.573886036580186,-0.00531217858152283,0.0029397383894547,190.621882155312,1.94151699974489e-52,81,255660.15312534
age_4lvl,40to64y,1999-2020,21.2,WTMEC.COMBN,gender,employ_status,prevent_stroke_10yr_uacr,20187,87401598.3317829,163,gaussian (identity),Unemployed,0.0107498577025569,0.000460894982470064,3.4152031577564e-53,0.00984650353691554,0.0116532118681982,190.621882155312,1.94151699974489e-52,6653,23186849.4709108
age_4lvl,30to39y,1999-2020,21.2,WTMEC.COMBN,gender,employ_status,prevent_stroke_10yr_uacr,7323,32741835.1374796,163,gaussian (identity),Full-time employed (Intercept),0.00742308579924537,0.000170655556757554,3.36624067769206e-90,0.00708860090800057,0.00775757069049018,11.5328269739855,6.99891855681605e-07,4869,23169867.7077225
age_4lvl,30to39y,1999-2020,21.2,WTMEC.COMBN,gender,employ_status,prevent_stroke_10yr_uacr,7323,32741835.1374796,163,gaussian (identity),Part-time employed,-0.000306839794608575,0.000293273215123428,0.29702930941927,-0.000881655296250493,0.000267975707033344,11.5328269739855,6.99891855681605e-07,655,2810141.1315626
age_4lvl,30to39y,1999-2020,21.2,WTMEC.COMBN,gender,employ_status,prevent_stroke_10yr_uacr,7323,32741835.1374796,163,gaussian (identity),Student,-0.000328032470755177,0.000637531091451182,0.607592013840004,-0.00157759340999949,0.000921528468489138,11.5328269739855,6.99891855681605e-07,66,222234.415949019
age_4lvl,30to39y,1999-2020,21.2,WTMEC.COMBN,gender,employ_status,prevent_stroke_10yr_uacr,7323,32741835.1374796,163,gaussian (identity),Unemployed,0.002011225390792,0.000358894597766756,9.03566489033891e-08,0.00130779197916916,0.00271465880241484,11.5328269739855,6.99891855681605e-07,1733,6539591.88224553
age_4lvl,over65y,1999-2020,21.2,WTMEC.COMBN,gender,employ_status,prevent_stroke_10yr_full,8468,26739222.9114922,163,gaussian (identity),Full-time employed (Intercept),0.0510748791004384,0.000906386377601979,5.53339719365234e-107,0.0492983618003385,0.0528513964005383,75.1168509022895,2.60537074992679e-30,977,3337170.3584337
age_4lvl,over65y,1999-2020,21.2,WTMEC.COMBN,gender,employ_status,prevent_stroke_10yr_full,8468,26739222.9114922,163,gaussian (identity),Part-time employed,0.00299290886239222,0.00131837176134322,0.0245413082768647,0.000408900210159499,0.00557691751462494,75.1168509022895,2.60537074992679e-30,747,2733620.73062836
age_4lvl,over65y,1999-2020,21.2,WTMEC.COMBN,gender,employ_status,prevent_stroke_10yr_full,8468,26739222.9114922,163,gaussian (identity),Student,-0.00514008654812105,0.00574060813281498,0.371931832915403,-0.0163916784884384,0.00611150539219631,75.1168509022895,2.60537074992679e-30,9,18549.8460165849
age_4lvl,over65y,1999-2020,21.2,WTMEC.COMBN,gender,employ_status,prevent_stroke_10yr_full,8468,26739222.9114922,163,gaussian (identity),Unemployed,0.0114197754195123,0.000866955963304592,2.93158031544631e-27,0.0097205417314353,0.0131190091075893,75.1168509022895,2.60537074992679e-30,6735,20649881.9764136
age_4lvl,40to64y,1999-2020,21.2,WTMEC.COMBN,gender,employ_status,prevent_stroke_10yr_full,20162,87314674.3740172,163,gaussian (identity),Full-time employed (Intercept),0.021467375380035,0.000368321572928799,3.30648701856736e-109,0.0207454650970946,0.0221892856629755,200.572464492237,8.09635707338432e-54,11698,55929217.1409496
age_4lvl,40to64y,1999-2020,21.2,WTMEC.COMBN,gender,employ_status,prevent_stroke_10yr_full,20162,87314674.3740172,163,gaussian (identity),Part-time employed,0.00252336924132875,0.000574137595937634,2.01650734042979e-05,0.00139805955329099,0.00364867892936651,200.572464492237,8.09635707338432e-54,1738,7955812.09850164
age_4lvl,40to64y,1999-2020,21.2,WTMEC.COMBN,gender,employ_status,prevent_stroke_10yr_full,20162,87314674.3740172,163,gaussian (identity),Student,-0.00193373816763283,0.00186179862791886,0.300549176894119,-0.00558286347835379,0.00171538714308812,200.572464492237,8.09635707338432e-54,81,255660.15312534
age_4lvl,40to64y,1999-2020,21.2,WTMEC.COMBN,gender,employ_status,prevent_stroke_10yr_full,20162,87314674.3740172,163,gaussian (identity),Unemployed,0.0102296343637853,0.000424209583821853,5.43930494188213e-55,0.00939818357949452,0.0110610851480762,200.572464492237,8.09635707338432e-54,6645,23173984.9814406
age_4lvl,30to39y,1999-2020,21.2,WTMEC.COMBN,gender,employ_status,prevent_stroke_10yr_full,7306,32671476.1502439,163,gaussian (identity),Full-time employed (Intercept),0.00771154765714849,0.00016695775929534,4.83203461597454e-94,0.00738431044892962,0.00803878486536735,12.1767773294429,3.24524094975364e-07,4859,23125963.2628803
age_4lvl,30to39y,1999-2020,21.2,WTMEC.COMBN,gender,employ_status,prevent_stroke_10yr_full,7306,32671476.1502439,163,gaussian (identity),Part-time employed,-0.000315770238044034,0.000272388072285507,0.248085757466319,-0.000849650859723626,0.000218110383635559,12.1767773294429,3.24524094975364e-07,651,2798828.39076279
age_4lvl,30to39y,1999-2020,21.2,WTMEC.COMBN,gender,employ_status,prevent_stroke_10yr_full,7306,32671476.1502439,163,gaussian (identity),Student,-0.000446593122929046,0.00059722553426185,0.455697597237109,-0.00161715517008227,0.00072396892422418,12.1767773294429,3.24524094975364e-07,66,222234.415949019
age_4lvl,30to39y,1999-2020,21.2,WTMEC.COMBN,gender,employ_status,prevent_stroke_10yr_full,7306,32671476.1502439,163,gaussian (identity),Unemployed,0.00178673800786784,0.000320218658280145,1.01517430376467e-07,0.00115910943763876,0.00241436657809692,12.1767773294429,3.24524094975364e-07,1730,6524450.08065176
age_4lvl,over65y,1999-2020,21.2,WTMEC.COMBN,gender,employ_status,prevent_stroke_30yr_base,8611,27124200.4453762,163,gaussian (identity),Full-time employed (Intercept),0.109813952922114,0.00114802892208822,1.94288821326953e-142,0.107563816234821,0.112064089609407,0.974074800178153,0.406542985429244,986,3357265.06620623
age_4lvl,over65y,1999-2020,21.2,WTMEC.COMBN,gender,employ_status,prevent_stroke_30yr_base,8611,27124200.4453762,163,gaussian (identity),Part-time employed,-0.00149028809534326,0.00158356132177979,0.348081693680678,-0.00459406828603166,0.00161349209534513,0.974074800178153,0.406542985429244,751,2745707.31956468
age_4lvl,over65y,1999-2020,21.2,WTMEC.COMBN,gender,employ_status,prevent_stroke_30yr_base,8611,27124200.4453762,163,gaussian (identity),Student,-0.00467859393786187,0.00888058186921953,0.599042982255535,-0.0220845344015321,0.0127273465258084,0.974074800178153,0.406542985429244,9,18549.8460165849
age_4lvl,over65y,1999-2020,21.2,WTMEC.COMBN,gender,employ_status,prevent_stroke_30yr_base,8611,27124200.4453762,163,gaussian (identity),Unemployed,0.000202489126375395,0.00109546226823456,0.853587316737822,-0.00194461691936434,0.00234959517211513,0.974074800178153,0.406542985429244,6865,21002678.2135887
age_4lvl,40to64y,1999-2020,21.2,WTMEC.COMBN,gender,employ_status,prevent_stroke_30yr_base,20316,87811924.3650581,163,gaussian (identity),Full-time employed (Intercept),0.0760829947243285,0.000855480708753919,1.68044212907942e-137,0.0744062525351708,0.0777597369134862,146.64065223507,1.40860998651122e-45,11753,56159105.6509422
age_4lvl,40to64y,1999-2020,21.2,WTMEC.COMBN,gender,employ_status,prevent_stroke_30yr_base,20316,87811924.3650581,163,gaussian (identity),Part-time employed,0.00446909667904597,0.00133388970370723,0.00100792844402448,0.0018546728597798,0.00708352049831213,146.64065223507,1.40860998651122e-45,1747,7976124.46650281
age_4lvl,40to64y,1999-2020,21.2,WTMEC.COMBN,gender,employ_status,prevent_stroke_30yr_base,20316,87811924.3650581,163,gaussian (identity),Student,-0.00318349847042616,0.004932811544004,0.519616344380018,-0.012851809096674,0.00648481215582168,146.64065223507,1.40860998651122e-45,81,255660.15312534
age_4lvl,40to64y,1999-2020,21.2,WTMEC.COMBN,gender,employ_status,prevent_stroke_30yr_base,20316,87811924.3650581,163,gaussian (identity),Unemployed,0.018884861962681,0.000923759264045235,2.34940459327001e-46,0.0170742938051523,0.0206954301202096,146.64065223507,1.40860998651122e-45,6735,23421034.0944878
age_4lvl,30to39y,1999-2020,21.2,WTMEC.COMBN,gender,employ_status,prevent_stroke_30yr_base,7363,32918529.2489852,163,gaussian (identity),Full-time employed (Intercept),0.0313586922271124,0.0005328447099526,7.58809853488768e-110,0.0303143165956053,0.0324030678586195,13.4653691717165,7.10953334827899e-08,4892,23284338.529455
age_4lvl,30to39y,1999-2020,21.2,WTMEC.COMBN,gender,employ_status,prevent_stroke_30yr_base,7363,32918529.2489852,163,gaussian (identity),Part-time employed,-0.000405929476444686,0.00105333755613992,0.700475011174544,-0.00247047108647893,0.00165861213358956,13.4653691717165,7.10953334827899e-08,660,2827557.11438034
age_4lvl,30to39y,1999-2020,21.2,WTMEC.COMBN,gender,employ_status,prevent_stroke_30yr_base,7363,32918529.2489852,163,gaussian (identity),Student,-0.000516151574196585,0.00263227784809948,0.844793615082669,-0.00567541615647157,0.0046431130080784,13.4653691717165,7.10953334827899e-08,66,222234.415949019
age_4lvl,30to39y,1999-2020,21.2,WTMEC.COMBN,gender,employ_status,prevent_stroke_30yr_base,7363,32918529.2489852,163,gaussian (identity),Unemployed,0.00594572112093202,0.000971850149293793,7.09502211695337e-09,0.00404089482831619,0.00785054741354786,13.4653691717165,7.10953334827899e-08,1745,6584399.18920089
age_4lvl,over65y,1999-2020,21.2,WTMEC.COMBN,gender,employ_status,prevent_stroke_30yr_hba1c,8598,27088430.3942475,163,gaussian (identity),Full-time employed (Intercept),0.108793985753738,0.00104714687663831,4.68740547584149e-148,0.106741577875527,0.110846393631949,0.811739462509311,0.489121980872625,985,3355842.65816962
age_4lvl,over65y,1999-2020,21.2,WTMEC.COMBN,gender,employ_status,prevent_stroke_30yr_hba1c,8598,27088430.3942475,163,gaussian (identity),Part-time employed,-0.00219766963673675,0.00146217580356354,0.134819194172788,-0.00506353421172129,0.00066819493824778,0.811739462509311,0.489121980872625,751,2745707.31956468
age_4lvl,over65y,1999-2020,21.2,WTMEC.COMBN,gender,employ_status,prevent_stroke_30yr_hba1c,8598,27088430.3942475,163,gaussian (identity),Student,-0.00312488825693446,0.00771247904402155,0.685894975593806,-0.0182413471832167,0.0119915706693478,0.811739462509311,0.489121980872625,9,18549.8460165849
age_4lvl,over65y,1999-2020,21.2,WTMEC.COMBN,gender,employ_status,prevent_stroke_30yr_hba1c,8598,27088430.3942475,163,gaussian (identity),Unemployed,-0.000884780200745652,0.00102411210635267,0.388917574222021,-0.00289203992919689,0.00112247952770558,0.811739462509311,0.489121980872625,6853,20968330.5704966
age_4lvl,40to64y,1999-2020,21.2,WTMEC.COMBN,gender,employ_status,prevent_stroke_30yr_hba1c,20291,87725000.4072924,163,gaussian (identity),Full-time employed (Intercept),0.0746012122088083,0.000761765275823462,4.90252876583375e-144,0.0731081522681943,0.0760942721494223,150.217360315993,3.44393155638086e-46,11737,56088188.9081657
age_4lvl,40to64y,1999-2020,21.2,WTMEC.COMBN,gender,employ_status,prevent_stroke_30yr_hba1c,20291,87725000.4072924,163,gaussian (identity),Part-time employed,0.00439952468295756,0.00121325628873771,0.000386881126853639,0.00202154235703165,0.00677750700888347,150.217360315993,3.44393155638086e-46,1746,7972981.74098376
age_4lvl,40to64y,1999-2020,21.2,WTMEC.COMBN,gender,employ_status,prevent_stroke_30yr_hba1c,20291,87725000.4072924,163,gaussian (identity),Student,-0.00405683381518225,0.00442285804770088,0.360404724810972,-0.012725635588676,0.00461196795831147,150.217360315993,3.44393155638086e-46,81,255660.15312534
age_4lvl,40to64y,1999-2020,21.2,WTMEC.COMBN,gender,employ_status,prevent_stroke_30yr_hba1c,20291,87725000.4072924,163,gaussian (identity),Unemployed,0.0173704837150298,0.000835239573651049,3.21601098077449e-47,0.0157334141506737,0.0190075532793858,150.217360315993,3.44393155638086e-46,6727,23408169.6050176
age_4lvl,30to39y,1999-2020,21.2,WTMEC.COMBN,gender,employ_status,prevent_stroke_30yr_hba1c,7346,32848170.2617495,163,gaussian (identity),Full-time employed (Intercept),0.0306242842954174,0.00048103281705866,4.70549588307407e-115,0.0296814599739824,0.0315671086168523,14.0211821461953,3.72304011555193e-08,4882,23240434.0846129
age_4lvl,30to39y,1999-2020,21.2,WTMEC.COMBN,gender,employ_status,prevent_stroke_30yr_hba1c,7346,32848170.2617495,163,gaussian (identity),Part-time employed,-0.000309200662247793,0.000971136897411503,0.750606644621961,-0.00221262898117434,0.00159422765667875,14.0211821461953,3.72304011555193e-08,656,2816244.37358053
age_4lvl,30to39y,1999-2020,21.2,WTMEC.COMBN,gender,employ_status,prevent_stroke_30yr_hba1c,7346,32848170.2617495,163,gaussian (identity),Student,-0.000278029179537189,0.00246168790675903,0.910218615466976,-0.00510293747678488,0.0045468791177105,14.0211821461953,3.72304011555193e-08,66,222234.415949019
age_4lvl,30to39y,1999-2020,21.2,WTMEC.COMBN,gender,employ_status,prevent_stroke_30yr_hba1c,7346,32848170.2617495,163,gaussian (identity),Unemployed,0.00523812828851536,0.00084661922258391,4.98827341353943e-09,0.0035787546122509,0.00689750196477982,14.0211821461953,3.72304011555193e-08,1742,6569257.38760711
age_4lvl,over65y,1999-2020,21.2,WTMEC.COMBN,gender,employ_status,prevent_stroke_30yr_uacr,8479,26770272.4165326,163,gaussian (identity),Full-time employed (Intercept),0.106578366927481,0.00116480014553485,1.99845843190942e-139,0.104295358642232,0.108861375212729,4.87746670054198,0.00284941982898001,978,3338592.7664703
age_4lvl,over65y,1999-2020,21.2,WTMEC.COMBN,gender,employ_status,prevent_stroke_30yr_uacr,8479,26770272.4165326,163,gaussian (identity),Part-time employed,-0.00164728707652647,0.0015459423584571,0.288240108402103,-0.00467733409910238,0.00138275994604944,4.87746670054198,0.00284941982898001,747,2733620.73062836
age_4lvl,over65y,1999-2020,21.2,WTMEC.COMBN,gender,employ_status,prevent_stroke_30yr_uacr,8479,26770272.4165326,163,gaussian (identity),Student,-0.00554473365526689,0.00861385606791996,0.520697784538024,-0.02242789154839,0.0113384242378562,4.87746670054198,0.00284941982898001,9,18549.8460165849
age_4lvl,over65y,1999-2020,21.2,WTMEC.COMBN,gender,employ_status,prevent_stroke_30yr_uacr,8479,26770272.4165326,163,gaussian (identity),Unemployed,0.00193156523818253,0.00109241244209948,0.0789511502556343,-0.000209563148332458,0.00407269362469751,4.87746670054198,0.00284941982898001,6745,20679509.0734174
age_4lvl,40to64y,1999-2020,21.2,WTMEC.COMBN,gender,employ_status,prevent_stroke_30yr_uacr,20187,87401598.3317829,163,gaussian (identity),Full-time employed (Intercept),0.0710946556236869,0.000850818868543196,2.76104010237836e-133,0.0694270506413422,0.0727622606060316,153.407802336909,1.00086195969354e-46,11714,56000133.883726
age_4lvl,40to64y,1999-2020,21.2,WTMEC.COMBN,gender,employ_status,prevent_stroke_30yr_uacr,20187,87401598.3317829,163,gaussian (identity),Part-time employed,0.00426099929901084,0.00126757883619456,0.000970868997757506,0.0017765447800695,0.00674545381795218,153.407802336909,1.00086195969354e-46,1739,7958954.8240207
age_4lvl,40to64y,1999-2020,21.2,WTMEC.COMBN,gender,employ_status,prevent_stroke_30yr_uacr,20187,87401598.3317829,163,gaussian (identity),Student,-0.00270433084428725,0.00497167066126487,0.587239109438881,-0.0124488053403664,0.00704014365179189,153.407802336909,1.00086195969354e-46,81,255660.15312534
age_4lvl,40to64y,1999-2020,21.2,WTMEC.COMBN,gender,employ_status,prevent_stroke_30yr_uacr,20187,87401598.3317829,163,gaussian (identity),Unemployed,0.0190366749021542,0.000912317330859831,2.18207336656069e-47,0.0172485329336689,0.0208248168706394,153.407802336909,1.00086195969354e-46,6653,23186849.4709108
age_4lvl,30to39y,1999-2020,21.2,WTMEC.COMBN,gender,employ_status,prevent_stroke_30yr_uacr,7323,32741835.1374796,163,gaussian (identity),Full-time employed (Intercept),0.0286245969836189,0.000483029622395357,2.64566688740575e-110,0.027677858923724,0.0295713350435138,14.1372383816444,3.25460405236703e-08,4869,23169867.7077225
age_4lvl,30to39y,1999-2020,21.2,WTMEC.COMBN,gender,employ_status,prevent_stroke_30yr_uacr,7323,32741835.1374796,163,gaussian (identity),Part-time employed,-0.000729573184268778,0.000935183350304689,0.436468749611935,-0.00256253255086597,0.00110338618232841,14.1372383816444,3.25460405236703e-08,655,2810141.1315626
age_4lvl,30to39y,1999-2020,21.2,WTMEC.COMBN,gender,employ_status,prevent_stroke_30yr_uacr,7323,32741835.1374796,163,gaussian (identity),Student,-0.000955681011877966,0.00226622018688033,0.673808455959623,-0.00539747257816342,0.00348611055440749,14.1372383816444,3.25460405236703e-08,66,222234.415949019
age_4lvl,30to39y,1999-2020,21.2,WTMEC.COMBN,gender,employ_status,prevent_stroke_30yr_uacr,7323,32741835.1374796,163,gaussian (identity),Unemployed,0.00539631889776234,0.000878878131251734,6.34231182849207e-09,0.00367371776050894,0.00711892003501574,14.1372383816444,3.25460405236703e-08,1733,6539591.88224553
age_4lvl,over65y,1999-2020,21.2,WTMEC.COMBN,gender,employ_status,prevent_stroke_30yr_full,8468,26739222.9114922,163,gaussian (identity),Full-time employed (Intercept),0.106465463653329,0.00104546383213974,1.08017488844794e-146,0.104416354542335,0.108514572764323,2.46290386813042,0.0644929340902343,977,3337170.3584337
age_4lvl,over65y,1999-2020,21.2,WTMEC.COMBN,gender,employ_status,prevent_stroke_30yr_full,8468,26739222.9114922,163,gaussian (identity),Part-time employed,-0.00233041467651947,0.00140482817310315,0.0991151244702581,-0.00508387789580164,0.000423048542762708,2.46290386813042,0.0644929340902343,747,2733620.73062836
age_4lvl,over65y,1999-2020,21.2,WTMEC.COMBN,gender,employ_status,prevent_stroke_30yr_full,8468,26739222.9114922,163,gaussian (identity),Student,-0.00406952670115334,0.00767478638958279,0.596680939514201,-0.0191121080247356,0.0109730546224289,2.46290386813042,0.0644929340902343,9,18549.8460165849
age_4lvl,over65y,1999-2020,21.2,WTMEC.COMBN,gender,employ_status,prevent_stroke_30yr_full,8468,26739222.9114922,163,gaussian (identity),Unemployed,0.000366312973211411,0.000998613723192081,0.714239888178384,-0.00159096992424507,0.00232359587066789,2.46290386813042,0.0644929340902343,6735,20649881.9764136
age_4lvl,40to64y,1999-2020,21.2,WTMEC.COMBN,gender,employ_status,prevent_stroke_30yr_full,20162,87314674.3740172,163,gaussian (identity),Full-time employed (Intercept),0.0719570600587554,0.000761260297063993,1.24593329999337e-141,0.07046498987651,0.0734491302410008,157.818082941369,1.87052262243643e-47,11698,55929217.1409496
age_4lvl,40to64y,1999-2020,21.2,WTMEC.COMBN,gender,employ_status,prevent_stroke_30yr_full,20162,87314674.3740172,163,gaussian (identity),Part-time employed,0.00386918064233928,0.00114198289008233,0.000887194694223435,0.00163089417777793,0.00610746710690064,157.818082941369,1.87052262243643e-47,1738,7955812.09850164
age_4lvl,40to64y,1999-2020,21.2,WTMEC.COMBN,gender,employ_status,prevent_stroke_30yr_full,20162,87314674.3740172,163,gaussian (identity),Student,-0.00405477018332594,0.00448071760811746,0.366867560888033,-0.0128369766952362,0.00472743632858429,157.818082941369,1.87052262243643e-47,81,255660.15312534
age_4lvl,40to64y,1999-2020,21.2,WTMEC.COMBN,gender,employ_status,prevent_stroke_30yr_full,20162,87314674.3740172,163,gaussian (identity),Unemployed,0.0172914602680684,0.000813747819614929,2.58619744923854e-48,0.0156965145416231,0.0188864059945137,157.818082941369,1.87052262243643e-47,6645,23173984.9814406
age_4lvl,30to39y,1999-2020,21.2,WTMEC.COMBN,gender,employ_status,prevent_stroke_30yr_full,7306,32671476.1502439,163,gaussian (identity),Full-time employed (Intercept),0.0288323292493842,0.000444811714721344,2.99402415901884e-116,0.0279604982885304,0.029704160210238,14.6204294735571,1.86348711762882e-08,4859,23125963.2628803
age_4lvl,30to39y,1999-2020,21.2,WTMEC.COMBN,gender,employ_status,prevent_stroke_30yr_full,7306,32671476.1502439,163,gaussian (identity),Part-time employed,-0.000732690150894828,0.000852883229891993,0.391592767261107,-0.00240434128148313,0.000938960979693477,14.6204294735571,1.86348711762882e-08,651,2798828.39076279
age_4lvl,30to39y,1999-2020,21.2,WTMEC.COMBN,gender,employ_status,prevent_stroke_30yr_full,7306,32671476.1502439,163,gaussian (identity),Student,-0.000867772879280288,0.00207543214217388,0.676425929564002,-0.0049356198779411,0.00320007411938052,14.6204294735571,1.86348711762882e-08,66,222234.415949019
age_4lvl,30to39y,1999-2020,21.2,WTMEC.COMBN,gender,employ_status,prevent_stroke_30yr_full,7306,32671476.1502439,163,gaussian (identity),Unemployed,0.00466851899652872,0.000762812122435437,7.01612475640246e-09,0.00317340723655526,0.00616363075650217,14.6204294735571,1.86348711762882e-08,1730,6524450.08065176
