strata_var,strata_level,cycle_yrs,n_yrs.,survweight.,model_covars,exposure,outcome,n_total_raw,n_total_weighted,model_df,model_type,exp_level,beta,se,pval,low95CI,up95CI,fstat,f_pval,n_exp_raw,n_exp_weighted
age_4lvl,over65y,1999-2020,21.2,WTMEC.COMBN,gender,educ_level,fib4,12656,37280378.8930035,163,gaussian (identity),College graduate or above (Intercept),1.72521659236922,0.027815972078379,7.95502011704065e-113,1.6706972870956,1.77973589764284,4.04033697404239,0.00379671080278632,2305,8954201.04383327
age_4lvl,over65y,1999-2020,21.2,WTMEC.COMBN,gender,educ_level,fib4,12656,37280378.8930035,163,gaussian (identity),Some college or AA degree,0.040671595632025,0.0439194736825375,0.355832702147082,-0.0454105727857485,0.126753764049799,4.04033697404239,0.00379671080278632,2936,9773478.84616396
age_4lvl,over65y,1999-2020,21.2,WTMEC.COMBN,gender,educ_level,fib4,12656,37280378.8930035,163,gaussian (identity),HS graduate or GED,0.018978231941941,0.0292697863382479,0.517674053361642,-0.0383905492810248,0.0763470131649069,4.04033697404239,0.00379671080278632,3036,9880482.08072087
age_4lvl,over65y,1999-2020,21.2,WTMEC.COMBN,gender,educ_level,fib4,12656,37280378.8930035,163,gaussian (identity),9-11th grade,0.0556176591500243,0.0327690425013295,0.0916159967530906,-0.0086096641525815,0.11984498245263,4.04033697404239,0.00379671080278632,1871,4635233.84534591
age_4lvl,over65y,1999-2020,21.2,WTMEC.COMBN,gender,educ_level,fib4,12656,37280378.8930035,163,gaussian (identity),Less than 9th grade,0.168322967456051,0.0435404463618927,0.000161324522083202,0.0829836925867415,0.253662242325361,4.04033697404239,0.00379671080278632,2508,4036983.07693947
age_4lvl,40to64y,1999-2020,21.2,WTMEC.COMBN,gender,educ_level,fib4,21452,91965396.1532143,163,gaussian (identity),College graduate or above (Intercept),1.05028162290678,0.0153760087273492,3.27611259947222e-119,1.02014464580118,1.08041860001239,0.634395915608988,0.638685963810433,5035,28111838.046478
age_4lvl,40to64y,1999-2020,21.2,WTMEC.COMBN,gender,educ_level,fib4,21452,91965396.1532143,163,gaussian (identity),Some college or AA degree,-0.0154656035402265,0.0183878026529736,0.401574515144248,-0.0515056967400548,0.0205744896596017,0.634395915608988,0.638685963810433,6071,27854705.5254223
age_4lvl,40to64y,1999-2020,21.2,WTMEC.COMBN,gender,educ_level,fib4,21452,91965396.1532143,163,gaussian (identity),HS graduate or GED,-0.0219416138973266,0.015990992441006,0.171969983198612,-0.0532839590816983,0.0094007312870451,0.634395915608988,0.638685963810433,4841,21778946.2238213
age_4lvl,40to64y,1999-2020,21.2,WTMEC.COMBN,gender,educ_level,fib4,21452,91965396.1532143,163,gaussian (identity),9-11th grade,-0.00306343012792597,0.0199411924411563,0.878102864832302,-0.0421481673125923,0.0360213070567404,0.634395915608988,0.638685963810433,3027,9309768.65678324
age_4lvl,40to64y,1999-2020,21.2,WTMEC.COMBN,gender,educ_level,fib4,21452,91965396.1532143,163,gaussian (identity),Less than 9th grade,-0.00405503085556827,0.0189321474578074,0.830676951531879,-0.0411620398728708,0.0330519781617343,0.634395915608988,0.638685963810433,2478,4910137.70070957
age_4lvl,under30y,1999-2020,21.2,WTMEC.COMBN,gender,educ_level,fib4,12233,43690727.5600105,163,gaussian (identity),College graduate or above (Intercept),0.519365303008688,0.00680857725510655,1.44734629705727e-126,0.506020491588679,0.532710114428697,40.6941915608665,2.07777032874733e-23,1553,8219174.35176442
age_4lvl,under30y,1999-2020,21.2,WTMEC.COMBN,gender,educ_level,fib4,12233,43690727.5600105,163,gaussian (identity),Some college or AA degree,-0.0676665067646054,0.00707457849584596,2.20142835861769e-17,-0.0815326806164635,-0.0538003329127474,40.6941915608665,2.07777032874733e-23,3988,15697913.6623909
age_4lvl,under30y,1999-2020,21.2,WTMEC.COMBN,gender,educ_level,fib4,12233,43690727.5600105,163,gaussian (identity),HS graduate or GED,-0.0801791054942334,0.00755932259488986,3.47742163031611e-20,-0.0949953777802175,-0.0653628332082493,40.6941915608665,2.07777032874733e-23,3336,11909830.5185235
age_4lvl,under30y,1999-2020,21.2,WTMEC.COMBN,gender,educ_level,fib4,12233,43690727.5600105,163,gaussian (identity),9-11th grade,-0.0954945158923453,0.0078419032005266,1.76168121120249e-24,-0.110864646165377,-0.0801243856193132,40.6941915608665,2.07777032874733e-23,2749,6446320.30490654
age_4lvl,under30y,1999-2020,21.2,WTMEC.COMBN,gender,educ_level,fib4,12233,43690727.5600105,163,gaussian (identity),Less than 9th grade,-0.0717229469388117,0.0109836878973676,8.54210348708115e-10,-0.0932509752176521,-0.0501949186599712,40.6941915608665,2.07777032874733e-23,607,1417488.72242516
age_4lvl,30to39y,1999-2020,21.2,WTMEC.COMBN,gender,educ_level,fib4,8723,38441359.145701,163,gaussian (identity),College graduate or above (Intercept),0.693486618657468,0.00975289672278104,7.01097091483752e-122,0.674370941080818,0.712602296234119,5.27841126439149,0.000512984845896952,2370,12580211.8823566
age_4lvl,30to39y,1999-2020,21.2,WTMEC.COMBN,gender,educ_level,fib4,8723,38441359.145701,163,gaussian (identity),Some college or AA degree,-0.0431990845213173,0.0124528799893629,0.00067338675121818,-0.0676067293004686,-0.0187914397421661,5.27841126439149,0.000512984845896952,2577,11643865.0125186
age_4lvl,30to39y,1999-2020,21.2,WTMEC.COMBN,gender,educ_level,fib4,8723,38441359.145701,163,gaussian (identity),HS graduate or GED,-0.0521691570938416,0.0140028618265042,0.000270806405103887,-0.0796147662737898,-0.0247235479138934,5.27841126439149,0.000512984845896952,1882,8115006.3096141
age_4lvl,30to39y,1999-2020,21.2,WTMEC.COMBN,gender,educ_level,fib4,8723,38441359.145701,163,gaussian (identity),9-11th grade,-0.0547351351985999,0.0140169499474268,0.000139332294950939,-0.0822083570955564,-0.0272619133016435,5.27841126439149,0.000512984845896952,1239,4240984.79526175
age_4lvl,30to39y,1999-2020,21.2,WTMEC.COMBN,gender,educ_level,fib4,8723,38441359.145701,163,gaussian (identity),Less than 9th grade,-0.0196620307604725,0.0179448122570821,0.274879858640602,-0.0548338627843534,0.0155098012634084,5.27841126439149,0.000512984845896952,655,1861291.14595002
age_4lvl,over65y,1999-2020,21.2,WTMEC.COMBN,gender,educ_level,fib4_mod_vs_low,11210,33532564.6980929,163,quasibinomial (logit),College graduate or above (Intercept),-1.43129136356438,0.0824923621351836,1.99348318516639e-38,-1.59297639334934,-1.26960633377942,2.23431384442768,0.0677100071889892,2033,8079603.5375063
age_4lvl,over65y,1999-2020,21.2,WTMEC.COMBN,gender,educ_level,fib4_mod_vs_low,11210,33532564.6980929,163,quasibinomial (logit),Some college or AA degree,0.00780066402599015,0.0903794139921986,0.931329121950916,-0.169342987398719,0.184944315450699,2.23431384442768,0.0677100071889892,2607,8852275.60254725
age_4lvl,over65y,1999-2020,21.2,WTMEC.COMBN,gender,educ_level,fib4_mod_vs_low,11210,33532564.6980929,163,quasibinomial (logit),HS graduate or GED,0.06658584635276,0.0876921988189693,0.448796563927167,-0.10529086333242,0.23846255603794,2.23431384442768,0.0677100071889892,2715,8963993.62625985
age_4lvl,over65y,1999-2020,21.2,WTMEC.COMBN,gender,educ_level,fib4_mod_vs_low,11210,33532564.6980929,163,quasibinomial (logit),9-11th grade,0.0507898365706878,0.104846607082907,0.628758370223189,-0.15470951331181,0.256289186453186,2.23431384442768,0.0677100071889892,1654,4154271.3972094
age_4lvl,over65y,1999-2020,21.2,WTMEC.COMBN,gender,educ_level,fib4_mod_vs_low,11210,33532564.6980929,163,quasibinomial (logit),Less than 9th grade,0.237164226124301,0.104763456631682,0.0249468759589286,0.0318278511262047,0.442500601122397,2.23431384442768,0.0677100071889892,2201,3482420.53457006
age_4lvl,40to64y,1999-2020,21.2,WTMEC.COMBN,gender,educ_level,fib4_mod_vs_low,21023,90529374.8505994,163,quasibinomial (logit),College graduate or above (Intercept),-1.42534886802356,0.0517369184627257,3.22992677221339e-62,-1.52675322821051,-1.32394450783662,0.911469453665698,0.458810429065293,4970,27793833.8686339
age_4lvl,40to64y,1999-2020,21.2,WTMEC.COMBN,gender,educ_level,fib4_mod_vs_low,21023,90529374.8505994,163,quasibinomial (logit),Some college or AA degree,-0.0790602333426914,0.0631493507248892,0.212435929816295,-0.202832960763474,0.0447124940780915,0.911469453665698,0.458810429065293,5954,27417935.8666918
age_4lvl,40to64y,1999-2020,21.2,WTMEC.COMBN,gender,educ_level,fib4_mod_vs_low,21023,90529374.8505994,163,quasibinomial (logit),HS graduate or GED,-0.0972588155271418,0.0622330856356381,0.120096775519557,-0.219235663372992,0.0247180323187088,0.911469453665698,0.458810429065293,4734,21369875.7896724
age_4lvl,40to64y,1999-2020,21.2,WTMEC.COMBN,gender,educ_level,fib4_mod_vs_low,21023,90529374.8505994,163,quasibinomial (logit),9-11th grade,-0.123778928168699,0.0764195915914213,0.107285035281947,-0.273561327687885,0.0260034713504869,0.911469453665698,0.458810429065293,2939,9121314.54539464
age_4lvl,40to64y,1999-2020,21.2,WTMEC.COMBN,gender,educ_level,fib4_mod_vs_low,21023,90529374.8505994,163,quasibinomial (logit),Less than 9th grade,-0.0734588089737749,0.080920856523525,0.365373862345682,-0.232063687759884,0.0851460698123341,0.911469453665698,0.458810429065293,2426,4826414.78020668
age_4lvl,under30y,1999-2020,21.2,WTMEC.COMBN,gender,educ_level,fib4_mod_vs_low,12224,43674979.3519541,163,quasibinomial (logit),College graduate or above (Intercept),-5.98467191780182,0.501760918780556,8.56281547358861e-24,-6.96812331861171,-5.00122051699193,1.23830479486374,0.296883401165626,1551,8215960.43057253
age_4lvl,under30y,1999-2020,21.2,WTMEC.COMBN,gender,educ_level,fib4_mod_vs_low,12224,43674979.3519541,163,quasibinomial (logit),Some college or AA degree,-0.0832368436166227,0.483545871327921,0.863548964052931,-1.03098675141935,0.864513064186103,1.23830479486374,0.296883401165626,3987,15696082.3666684
age_4lvl,under30y,1999-2020,21.2,WTMEC.COMBN,gender,educ_level,fib4_mod_vs_low,12224,43674979.3519541,163,quasibinomial (logit),HS graduate or GED,0.238332010375167,0.55043155714919,0.665611667760507,-0.840513841637245,1.31717786238758,1.23830479486374,0.296883401165626,3333,11903684.99477
age_4lvl,under30y,1999-2020,21.2,WTMEC.COMBN,gender,educ_level,fib4_mod_vs_low,12224,43674979.3519541,163,quasibinomial (logit),9-11th grade,-1.05896990902116,0.639198248447749,0.0995614127677167,-2.31179847597875,0.193858657936431,1.23830479486374,0.296883401165626,2746,6441762.83751795
age_4lvl,under30y,1999-2020,21.2,WTMEC.COMBN,gender,educ_level,fib4_mod_vs_low,12224,43674979.3519541,163,quasibinomial (logit),Less than 9th grade,-0.38754069287904,1.07371384979824,0.718630317098759,-2.49201983848359,1.7169384527255,1.23830479486374,0.296883401165626,607,1417488.72242516
age_4lvl,30to39y,1999-2020,21.2,WTMEC.COMBN,gender,educ_level,fib4_mod_vs_low,8698,38356381.6178409,163,quasibinomial (logit),College graduate or above (Intercept),-4.13906141343531,0.220804936336487,5.22932263112393e-42,-4.57183908865483,-3.70628373821579,0.23419550212881,0.918767164195444,2361,12541778.6682473
age_4lvl,30to39y,1999-2020,21.2,WTMEC.COMBN,gender,educ_level,fib4_mod_vs_low,8698,38356381.6178409,163,quasibinomial (logit),Some college or AA degree,0.03207930326216,0.229306638903822,0.888919573289019,-0.417361708989331,0.481520315513651,0.23419550212881,0.918767164195444,2572,11629827.086795
age_4lvl,30to39y,1999-2020,21.2,WTMEC.COMBN,gender,educ_level,fib4_mod_vs_low,8698,38356381.6178409,163,quasibinomial (logit),HS graduate or GED,0.134832609895062,0.242842725124843,0.579525281451614,-0.341139131349631,0.610804351139754,0.23419550212881,0.918767164195444,1876,8095439.93974178
age_4lvl,30to39y,1999-2020,21.2,WTMEC.COMBN,gender,educ_level,fib4_mod_vs_low,8698,38356381.6178409,163,quasibinomial (logit),9-11th grade,0.220787915415144,0.282187469154232,0.435141328194002,-0.332299524127151,0.77387535495744,0.23419550212881,0.918767164195444,1236,4234358.01803232
age_4lvl,30to39y,1999-2020,21.2,WTMEC.COMBN,gender,educ_level,fib4_mod_vs_low,8698,38356381.6178409,163,quasibinomial (logit),Less than 9th grade,6.93465150634372e-05,0.383595818323112,0.999855986347343,-0.751778457398236,0.751917150428363,0.23419550212881,0.918767164195444,653,1854977.90502445
age_4lvl,over65y,1999-2020,21.2,WTMEC.COMBN,gender,educ_level,fib4_high_vs_low,9933,29552046.4131489,163,quasibinomial (logit),College graduate or above (Intercept),-2.22502703493638,0.0950535965702499,3.14331554850916e-53,-2.41133208421407,-2.03872198565869,7.15558101224997,2.54446114361617e-05,1788,7101303.44424138
age_4lvl,over65y,1999-2020,21.2,WTMEC.COMBN,gender,educ_level,fib4_high_vs_low,9933,29552046.4131489,163,quasibinomial (logit),Some college or AA degree,0.0180742721432401,0.102930297681483,0.860835244951407,-0.183669111312467,0.219817655598948,7.15558101224997,2.54446114361617e-05,2310,7823352.9482707
age_4lvl,over65y,1999-2020,21.2,WTMEC.COMBN,gender,educ_level,fib4_high_vs_low,9933,29552046.4131489,163,quasibinomial (logit),HS graduate or GED,0.0151063162853794,0.10967414736581,0.890622727559185,-0.199855012551607,0.230067645122366,7.15558101224997,2.54446114361617e-05,2375,7823382.12525906
age_4lvl,over65y,1999-2020,21.2,WTMEC.COMBN,gender,educ_level,fib4_high_vs_low,9933,29552046.4131489,163,quasibinomial (logit),9-11th grade,0.138217182159932,0.122114488019557,0.259405872176578,-0.101127214358399,0.377561578678264,7.15558101224997,2.54446114361617e-05,1500,3691759.72557881
age_4lvl,over65y,1999-2020,21.2,WTMEC.COMBN,gender,educ_level,fib4_high_vs_low,9933,29552046.4131489,163,quasibinomial (logit),Less than 9th grade,0.485247839045586,0.113421392536897,3.25192392211857e-05,0.262941909673269,0.707553768417903,7.15558101224997,2.54446114361617e-05,1960,3112248.16979894
age_4lvl,40to64y,1999-2020,21.2,WTMEC.COMBN,gender,educ_level,fib4_high_vs_low,16419,71753875.8284955,163,quasibinomial (logit),College graduate or above (Intercept),-4.62572213123616,0.257041563618389,4.26889376778168e-40,-5.12952359592821,-4.12192066654412,1.47318574789562,0.212849243932704,3825,21586605.1544505
age_4lvl,40to64y,1999-2020,21.2,WTMEC.COMBN,gender,educ_level,fib4_high_vs_low,16419,71753875.8284955,163,quasibinomial (logit),Some college or AA degree,0.330398406773522,0.262042458390054,0.209218575244454,-0.183204811670985,0.844001625218028,1.47318574789562,0.212849243932704,4695,21870795.6842627
age_4lvl,40to64y,1999-2020,21.2,WTMEC.COMBN,gender,educ_level,fib4_high_vs_low,16419,71753875.8284955,163,quasibinomial (logit),HS graduate or GED,0.482280510586214,0.262124909278676,0.0676610616862483,-0.0314843115999906,0.996045332772418,1.47318574789562,0.212849243932704,3689,17108401.7310993
age_4lvl,40to64y,1999-2020,21.2,WTMEC.COMBN,gender,educ_level,fib4_high_vs_low,16419,71753875.8284955,163,quasibinomial (logit),9-11th grade,0.566895578417485,0.251370138537467,0.0254925963443906,0.0742101068840487,1.05958104995092,1.47318574789562,0.212849243932704,2360,7361264.53644327
age_4lvl,40to64y,1999-2020,21.2,WTMEC.COMBN,gender,educ_level,fib4_high_vs_low,16419,71753875.8284955,163,quasibinomial (logit),Less than 9th grade,0.381629302558878,0.289091503673272,0.188711376113797,-0.184990044640736,0.948248649758492,1.47318574789562,0.212849243932704,1850,3826808.72223979
age_4lvl,under30y,1999-2020,21.2,WTMEC.COMBN,gender,educ_level,fib4_high_vs_low,12179,43466559.5094311,163,quasibinomial (logit),College graduate or above (Intercept),-7.69882669606273,0.693721022167115,1.59953145652432e-21,-9.05851989951027,-6.33913349261518,345.247129759463,5.74090264843836e-77,1544,8177155.70635142
age_4lvl,under30y,1999-2020,21.2,WTMEC.COMBN,gender,educ_level,fib4_high_vs_low,12179,43466559.5094311,163,quasibinomial (logit),Some college or AA degree,-1.19809963242908,1.24574470284408,0.337642874074797,-3.63975925000348,1.24355998514532,345.247129759463,5.74090264843836e-77,3969,15621144.6600988
age_4lvl,under30y,1999-2020,21.2,WTMEC.COMBN,gender,educ_level,fib4_high_vs_low,12179,43466559.5094311,163,quasibinomial (logit),HS graduate or GED,0.318131509528735,1.02601746678265,0.756920562989622,-1.69286272536526,2.32912574442273,345.247129759463,5.74090264843836e-77,3317,11822881.8748858
age_4lvl,under30y,1999-2020,21.2,WTMEC.COMBN,gender,educ_level,fib4_high_vs_low,12179,43466559.5094311,163,quasibinomial (logit),9-11th grade,0.625420039737033,0.999997009379256,0.532596482865246,-1.33457409864631,2.58541417812037,345.247129759463,5.74090264843836e-77,2743,6433502.46947021
age_4lvl,under30y,1999-2020,21.2,WTMEC.COMBN,gender,educ_level,fib4_high_vs_low,12179,43466559.5094311,163,quasibinomial (logit),Less than 9th grade,-13.639217527534,0.775420769700694,4.78066062602015e-39,-15.1590422361474,-12.1193928189207,345.247129759463,5.74090264843836e-77,606,1411874.79862486
age_4lvl,30to39y,1999-2020,21.2,WTMEC.COMBN,gender,educ_level,fib4_high_vs_low,8538,37660475.0961848,163,quasibinomial (logit),College graduate or above (Intercept),-5.81405376069865,0.476214186005958,1.44408914216427e-24,-6.74743356527033,-4.88067395612697,0.960896024913037,0.430703271750118,2322,12342824.0965032
age_4lvl,30to39y,1999-2020,21.2,WTMEC.COMBN,gender,educ_level,fib4_high_vs_low,8538,37660475.0961848,163,quasibinomial (logit),Some college or AA degree,-0.928481232282117,0.537320959539946,0.0859451647885127,-1.98163031298041,0.124667848416177,0.960896024913037,0.430703271750118,2524,11418951.6152751
age_4lvl,30to39y,1999-2020,21.2,WTMEC.COMBN,gender,educ_level,fib4_high_vs_low,8538,37660475.0961848,163,quasibinomial (logit),HS graduate or GED,-0.242438431511864,0.578885420390277,0.675929528250088,-1.37705385547681,0.892176992453079,0.960896024913037,0.430703271750118,1841,7934393.89227691
age_4lvl,30to39y,1999-2020,21.2,WTMEC.COMBN,gender,educ_level,fib4_high_vs_low,8538,37660475.0961848,163,quasibinomial (logit),9-11th grade,-0.673222675030009,0.718173980431823,0.349978957611679,-2.08084367667638,0.734398326616364,0.960896024913037,0.430703271750118,1210,4138894.04765098
age_4lvl,30to39y,1999-2020,21.2,WTMEC.COMBN,gender,educ_level,fib4_high_vs_low,8538,37660475.0961848,163,quasibinomial (logit),Less than 9th grade,0.0999989480666141,0.856629200927498,0.90721799104555,-1.57899428575128,1.77899218188451,0.960896024913037,0.430703271750118,641,1825411.44447868
age_4lvl,over65y,1999-2020,21.2,WTMEC.COMBN,gender,educ_level,prevent_cvd_10yr_base,8607,27122019.5913881,163,gaussian (identity),College graduate or above (Intercept),0.192048611111926,0.00262438151904231,8.54539316461862e-124,0.186904823334603,0.197192398889249,105.983841059663,1.08727163345553e-43,1614,7035623.34559145
age_4lvl,over65y,1999-2020,21.2,WTMEC.COMBN,gender,educ_level,prevent_cvd_10yr_base,8607,27122019.5913881,163,gaussian (identity),Some college or AA degree,0.0291924407967834,0.00295321641245304,3.07638907128379e-18,0.0234041366283754,0.0349807449651913,105.983841059663,1.08727163345553e-43,2033,7275182.0743207
age_4lvl,over65y,1999-2020,21.2,WTMEC.COMBN,gender,educ_level,prevent_cvd_10yr_base,8607,27122019.5913881,163,gaussian (identity),HS graduate or GED,0.0376122743047971,0.00317191837310213,1.32792701927778e-23,0.0313953142935169,0.0438292343160773,105.983841059663,1.08727163345553e-43,2044,7088452.10571936
age_4lvl,over65y,1999-2020,21.2,WTMEC.COMBN,gender,educ_level,prevent_cvd_10yr_base,8607,27122019.5913881,163,gaussian (identity),9-11th grade,0.052685390571965,0.00346527948952406,9.71390380529728e-33,0.0458934427724979,0.0594773383714322,105.983841059663,1.08727163345553e-43,1266,3191257.89724468
age_4lvl,over65y,1999-2020,21.2,WTMEC.COMBN,gender,educ_level,prevent_cvd_10yr_base,8607,27122019.5913881,163,gaussian (identity),Less than 9th grade,0.062932146573634,0.00363804634915356,2.7267972115419e-38,0.055801575729293,0.070062717417975,105.983841059663,1.08727163345553e-43,1650,2531504.16851191
age_4lvl,40to64y,1999-2020,21.2,WTMEC.COMBN,gender,educ_level,prevent_cvd_10yr_base,20311,87792194.5733804,163,gaussian (identity),College graduate or above (Intercept),0.0730052931058816,0.00122974635051979,6.04592506193343e-110,0.0705949902588628,0.0754155959529004,120.842723231147,5.17978203418599e-47,4781,26903836.2875418
age_4lvl,40to64y,1999-2020,21.2,WTMEC.COMBN,gender,educ_level,prevent_cvd_10yr_base,20311,87792194.5733804,163,gaussian (identity),Some college or AA degree,0.0213794134193049,0.00166731887911799,2.97973524661997e-26,0.0181114684162337,0.0246473584223762,120.842723231147,5.17978203418599e-47,5794,26748773.9577258
age_4lvl,40to64y,1999-2020,21.2,WTMEC.COMBN,gender,educ_level,prevent_cvd_10yr_base,20311,87792194.5733804,163,gaussian (identity),HS graduate or GED,0.0290545775554713,0.00213405541074811,2.00963245124228e-28,0.024871828950405,0.0332373261605376,120.842723231147,5.17978203418599e-47,4586,20790265.5523456
age_4lvl,40to64y,1999-2020,21.2,WTMEC.COMBN,gender,educ_level,prevent_cvd_10yr_base,20311,87792194.5733804,163,gaussian (identity),9-11th grade,0.0399931235493339,0.0024698205206406,2.20415661038126e-35,0.0351522753288784,0.0448339717697895,120.842723231147,5.17978203418599e-47,2843,8779221.6311271
age_4lvl,40to64y,1999-2020,21.2,WTMEC.COMBN,gender,educ_level,prevent_cvd_10yr_base,20311,87792194.5733804,163,gaussian (identity),Less than 9th grade,0.0409810012393099,0.00279994764704809,3.31440754898872e-31,0.0354931038510956,0.0464688986275241,120.842723231147,5.17978203418599e-47,2307,4570097.14464006
age_4lvl,30to39y,1999-2020,21.2,WTMEC.COMBN,gender,educ_level,prevent_cvd_10yr_base,7363,32911920.7416884,163,gaussian (identity),College graduate or above (Intercept),0.020242549920471,0.000625872688451062,1.42771739688357e-71,0.0190158394511069,0.021469260389835,80.9110436692099,3.10173625830078e-37,2021,10816504.9439158
age_4lvl,30to39y,1999-2020,21.2,WTMEC.COMBN,gender,educ_level,prevent_cvd_10yr_base,7363,32911920.7416884,163,gaussian (identity),Some college or AA degree,0.0115526131035046,0.00109632574796247,5.35342720653587e-20,0.00940381463749815,0.013701411569511,80.9110436692099,3.10173625830078e-37,2179,10011579.5430663
age_4lvl,30to39y,1999-2020,21.2,WTMEC.COMBN,gender,educ_level,prevent_cvd_10yr_base,7363,32911920.7416884,163,gaussian (identity),HS graduate or GED,0.0158408163419907,0.00135269822356398,3.36803484049104e-23,0.0131895278238053,0.0184921048601761,80.9110436692099,3.10173625830078e-37,1575,6913829.53391496
age_4lvl,30to39y,1999-2020,21.2,WTMEC.COMBN,gender,educ_level,prevent_cvd_10yr_base,7363,32911920.7416884,163,gaussian (identity),9-11th grade,0.0189033926790621,0.0014134509421741,9.16700607183031e-28,0.0161330288324008,0.0216737565257233,80.9110436692099,3.10173625830078e-37,1060,3642522.20605896
age_4lvl,30to39y,1999-2020,21.2,WTMEC.COMBN,gender,educ_level,prevent_cvd_10yr_base,7363,32911920.7416884,163,gaussian (identity),Less than 9th grade,0.013649587379182,0.0022694184138098,1.2086138474622e-08,0.0092015272881148,0.0180976474702492,80.9110436692099,3.10173625830078e-37,528,1527484.51473236
age_4lvl,over65y,1999-2020,21.2,WTMEC.COMBN,gender,educ_level,prevent_cvd_10yr_hba1c,8594,27086249.5402594,163,gaussian (identity),College graduate or above (Intercept),0.192106190263602,0.00246703757972252,6.06785046087243e-128,0.187270796607346,0.196941583919859,118.827284422472,1.40125286897856e-46,1610,7020123.96819651
age_4lvl,over65y,1999-2020,21.2,WTMEC.COMBN,gender,educ_level,prevent_cvd_10yr_hba1c,8594,27086249.5402594,163,gaussian (identity),Some college or AA degree,0.0280305374307748,0.00288131870900777,8.06854940607525e-18,0.0223831527611195,0.03367792210043,118.827284422472,1.40125286897856e-46,2032,7272280.61351768
age_4lvl,over65y,1999-2020,21.2,WTMEC.COMBN,gender,educ_level,prevent_cvd_10yr_hba1c,8594,27086249.5402594,163,gaussian (identity),HS graduate or GED,0.0375146202468391,0.00303066521947326,4.94585594493058e-25,0.0315745164166715,0.0434547240770067,118.827284422472,1.40125286897856e-46,2041,7076192.51156728
age_4lvl,over65y,1999-2020,21.2,WTMEC.COMBN,gender,educ_level,prevent_cvd_10yr_hba1c,8594,27086249.5402594,163,gaussian (identity),9-11th grade,0.052390913607337,0.00334360196901668,5.48087778172561e-34,0.0458374537480643,0.0589443734666097,118.827284422472,1.40125286897856e-46,1265,3189835.48920808
age_4lvl,over65y,1999-2020,21.2,WTMEC.COMBN,gender,educ_level,prevent_cvd_10yr_hba1c,8594,27086249.5402594,163,gaussian (identity),Less than 9th grade,0.0640648010149306,0.00352246546786078,1.37733404754048e-40,0.0571607686979235,0.0709688333319377,118.827284422472,1.40125286897856e-46,1646,2527816.95776983
age_4lvl,40to64y,1999-2020,21.2,WTMEC.COMBN,gender,educ_level,prevent_cvd_10yr_hba1c,20286,87705270.6156147,163,gaussian (identity),College graduate or above (Intercept),0.0729069292387664,0.00124294961794695,3.72546548521068e-109,0.0704707479875904,0.0753431104899425,132.793149486249,1.80970262131569e-49,4779,26889709.2586645
age_4lvl,40to64y,1999-2020,21.2,WTMEC.COMBN,gender,educ_level,prevent_cvd_10yr_hba1c,20286,87705270.6156147,163,gaussian (identity),Some college or AA degree,0.0215888433937626,0.00163009191308199,2.08161360024921e-27,0.0183938632441219,0.0247838235434033,132.793149486249,1.80970262131569e-49,5782,26714496.8027549
age_4lvl,40to64y,1999-2020,21.2,WTMEC.COMBN,gender,educ_level,prevent_cvd_10yr_hba1c,20286,87705270.6156147,163,gaussian (identity),HS graduate or GED,0.0295884105710082,0.0020018719149153,1.35000190684451e-31,0.0256647416177742,0.0335120795242422,132.793149486249,1.80970262131569e-49,4580,20760219.7622163
age_4lvl,40to64y,1999-2020,21.2,WTMEC.COMBN,gender,educ_level,prevent_cvd_10yr_hba1c,20286,87705270.6156147,163,gaussian (identity),9-11th grade,0.0411872101541224,0.00249043787603525,2.68537278486653e-36,0.0363059519170933,0.0460684683911515,132.793149486249,1.80970262131569e-49,2840,8775266.45953691
age_4lvl,40to64y,1999-2020,21.2,WTMEC.COMBN,gender,educ_level,prevent_cvd_10yr_hba1c,20286,87705270.6156147,163,gaussian (identity),Less than 9th grade,0.0425993760337626,0.00267234789221599,1.0308158482522e-34,0.0373615741650193,0.0478371779025059,132.793149486249,1.80970262131569e-49,2305,4565578.33244213
age_4lvl,30to39y,1999-2020,21.2,WTMEC.COMBN,gender,educ_level,prevent_cvd_10yr_hba1c,7346,32841561.7544527,163,gaussian (identity),College graduate or above (Intercept),0.0200500477622334,0.00061111812907536,1.99384715963296e-72,0.0188522562292457,0.0212478392952211,88.2079406634879,3.05323544328331e-39,2017,10797605.681612
age_4lvl,30to39y,1999-2020,21.2,WTMEC.COMBN,gender,educ_level,prevent_cvd_10yr_hba1c,7346,32841561.7544527,163,gaussian (identity),Some college or AA degree,0.0117480204680305,0.00110956080829183,3.90744139865007e-20,0.0095732812837785,0.0139227596522825,88.2079406634879,3.05323544328331e-39,2171,9978427.27948602
age_4lvl,30to39y,1999-2020,21.2,WTMEC.COMBN,gender,educ_level,prevent_cvd_10yr_hba1c,7346,32841561.7544527,163,gaussian (identity),HS graduate or GED,0.0156613572046658,0.00125653216445802,2.87816848808107e-25,0.013198554162328,0.0181241602470035,88.2079406634879,3.05323544328331e-39,1571,6901213.98732642
age_4lvl,30to39y,1999-2020,21.2,WTMEC.COMBN,gender,educ_level,prevent_cvd_10yr_hba1c,7346,32841561.7544527,163,gaussian (identity),9-11th grade,0.019781823805808,0.00142479209854798,3.69217557627544e-29,0.016989231292654,0.0225744163189621,88.2079406634879,3.05323544328331e-39,1060,3642522.20605896
age_4lvl,30to39y,1999-2020,21.2,WTMEC.COMBN,gender,educ_level,prevent_cvd_10yr_hba1c,7346,32841561.7544527,163,gaussian (identity),Less than 9th grade,0.0154122684285778,0.0024937425724881,5.22240491179391e-09,0.0105245329865012,0.0203000038706545,88.2079406634879,3.05323544328331e-39,527,1521792.59996934
age_4lvl,over65y,1999-2020,21.2,WTMEC.COMBN,gender,educ_level,prevent_cvd_10yr_uacr,8475,26760980.9150413,163,gaussian (identity),College graduate or above (Intercept),0.173530377141382,0.00305612548011922,5.01590781780216e-107,0.167540371200349,0.179520383082416,83.5965510169553,5.4870088859225e-38,1594,6965457.77121293
age_4lvl,over65y,1999-2020,21.2,WTMEC.COMBN,gender,educ_level,prevent_cvd_10yr_uacr,8475,26760980.9150413,163,gaussian (identity),Some college or AA degree,0.0288906944078973,0.00323142722012982,9.71714002566559e-16,0.0225570970564428,0.0352242917593517,83.5965510169553,5.4870088859225e-38,2003,7187896.45771983
age_4lvl,over65y,1999-2020,21.2,WTMEC.COMBN,gender,educ_level,prevent_cvd_10yr_uacr,8475,26760980.9150413,163,gaussian (identity),HS graduate or GED,0.0389493668902051,0.00367235694601761,3.489548696432e-20,0.0317515472760106,0.0461471865043997,83.5965510169553,5.4870088859225e-38,2013,6974541.91163579
age_4lvl,over65y,1999-2020,21.2,WTMEC.COMBN,gender,educ_level,prevent_cvd_10yr_uacr,8475,26760980.9150413,163,gaussian (identity),9-11th grade,0.0600186634099333,0.0042466967292989,7.73045712652873e-30,0.0516951378205074,0.0683421889993591,83.5965510169553,5.4870088859225e-38,1243,3144070.83863806
age_4lvl,over65y,1999-2020,21.2,WTMEC.COMBN,gender,educ_level,prevent_cvd_10yr_uacr,8475,26760980.9150413,163,gaussian (identity),Less than 9th grade,0.0702179865110612,0.00459054803260717,5.47945965618191e-33,0.0612205123671511,0.0792154606549712,83.5965510169553,5.4870088859225e-38,1622,2489013.93583474
age_4lvl,40to64y,1999-2020,21.2,WTMEC.COMBN,gender,educ_level,prevent_cvd_10yr_uacr,20183,87383722.9794823,163,gaussian (identity),College graduate or above (Intercept),0.059940138123569,0.00115395722360303,3.17747279063417e-101,0.057678381965307,0.0622018942818309,133.029787106052,1.62439429875193e-49,4760,26824610.1726082
age_4lvl,40to64y,1999-2020,21.2,WTMEC.COMBN,gender,educ_level,prevent_cvd_10yr_uacr,20183,87383722.9794823,163,gaussian (identity),Some college or AA degree,0.0201283195553566,0.00156267574478728,2.06464468683103e-26,0.0170654750955736,0.0231911640151397,133.029787106052,1.62439429875193e-49,5766,26671349.6034586
age_4lvl,40to64y,1999-2020,21.2,WTMEC.COMBN,gender,educ_level,prevent_cvd_10yr_uacr,20183,87383722.9794823,163,gaussian (identity),HS graduate or GED,0.0261765368821349,0.00188167915329924,3.11086956216606e-29,0.0224884457416684,0.0298646280226014,133.029787106052,1.62439429875193e-49,4554,20678202.4952235
age_4lvl,40to64y,1999-2020,21.2,WTMEC.COMBN,gender,educ_level,prevent_cvd_10yr_uacr,20183,87383722.9794823,163,gaussian (identity),9-11th grade,0.0374273284157023,0.00227152145668275,3.90005911855279e-36,0.0329751463606041,0.0418795104708005,133.029787106052,1.62439429875193e-49,2815,8688522.98224713
age_4lvl,40to64y,1999-2020,21.2,WTMEC.COMBN,gender,educ_level,prevent_cvd_10yr_uacr,20183,87383722.9794823,163,gaussian (identity),Less than 9th grade,0.039047003266866,0.00245832168948041,1.46440754234389e-34,0.0342286927554844,0.0438653137782476,133.029787106052,1.62439429875193e-49,2288,4521037.72594479
age_4lvl,30to39y,1999-2020,21.2,WTMEC.COMBN,gender,educ_level,prevent_cvd_10yr_uacr,7324,32737096.5294677,163,gaussian (identity),College graduate or above (Intercept),0.015707065629148,0.000523283396883424,3.66641732606637e-67,0.0146814301712565,0.0167327010870395,79.8385023072223,6.2618668946607e-37,2010,10769764.3486641
age_4lvl,30to39y,1999-2020,21.2,WTMEC.COMBN,gender,educ_level,prevent_cvd_10yr_uacr,7324,32737096.5294677,163,gaussian (identity),Some college or AA degree,0.00971304029132396,0.0009456931891798,2.82042055550713e-19,0.00785948164053155,0.0115665989421164,79.8385023072223,6.2618668946607e-37,2170,9971874.86605658
age_4lvl,30to39y,1999-2020,21.2,WTMEC.COMBN,gender,educ_level,prevent_cvd_10yr_uacr,7324,32737096.5294677,163,gaussian (identity),HS graduate or GED,0.0118408104203007,0.00107467456322135,2.6413495390919e-21,0.00973444827638682,0.0139471725642145,79.8385023072223,6.2618668946607e-37,1564,6853921.3414617
age_4lvl,30to39y,1999-2020,21.2,WTMEC.COMBN,gender,educ_level,prevent_cvd_10yr_uacr,7324,32737096.5294677,163,gaussian (identity),9-11th grade,0.0154524161564772,0.00123408305012064,2.00173242218385e-25,0.0130336133782408,0.0178712189347137,79.8385023072223,6.2618668946607e-37,1054,3619051.82814781
age_4lvl,30to39y,1999-2020,21.2,WTMEC.COMBN,gender,educ_level,prevent_cvd_10yr_uacr,7324,32737096.5294677,163,gaussian (identity),Less than 9th grade,0.0120816778812142,0.00184827934713343,8.24360261508795e-10,0.00845905036083269,0.0157043054015957,79.8385023072223,6.2618668946607e-37,526,1522484.14513755
age_4lvl,over65y,1999-2020,21.2,WTMEC.COMBN,gender,educ_level,prevent_cvd_10yr_full,8464,26729931.4100009,163,gaussian (identity),College graduate or above (Intercept),0.171208790749308,0.00287291234182964,3.38522301124503e-110,0.165577882559322,0.176839698939294,89.2661109561735,1.59667446419832e-39,1590,6949958.39381798
age_4lvl,over65y,1999-2020,21.2,WTMEC.COMBN,gender,educ_level,prevent_cvd_10yr_full,8464,26729931.4100009,163,gaussian (identity),Some college or AA degree,0.0270686736388427,0.00312157031046863,4.85604406274727e-15,0.0209503958303242,0.0331869514473612,89.2661109561735,1.59667446419832e-39,2002,7184994.99691681
age_4lvl,over65y,1999-2020,21.2,WTMEC.COMBN,gender,educ_level,prevent_cvd_10yr_full,8464,26729931.4100009,163,gaussian (identity),HS graduate or GED,0.03774187634293,0.00347161982124846,6.62365090138852e-21,0.030937501493283,0.044546251192577,89.2661109561735,1.59667446419832e-39,2011,6965887.9884006
age_4lvl,over65y,1999-2020,21.2,WTMEC.COMBN,gender,educ_level,prevent_cvd_10yr_full,8464,26729931.4100009,163,gaussian (identity),9-11th grade,0.0575876606255154,0.00402360403105458,2.51076719298771e-30,0.0497013967246484,0.0654739245263823,89.2661109561735,1.59667446419832e-39,1242,3142648.43060145
age_4lvl,over65y,1999-2020,21.2,WTMEC.COMBN,gender,educ_level,prevent_cvd_10yr_full,8464,26729931.4100009,163,gaussian (identity),Less than 9th grade,0.0692080314735741,0.00437828035252798,2.34271815580049e-34,0.0606266019826192,0.0777894609645289,89.2661109561735,1.59667446419832e-39,1619,2486441.60026408
age_4lvl,40to64y,1999-2020,21.2,WTMEC.COMBN,gender,educ_level,prevent_cvd_10yr_full,20158,87296799.0217166,163,gaussian (identity),College graduate or above (Intercept),0.0624174909972742,0.00117315200690119,8.78234527043765e-103,0.0601181130637479,0.0647168689308005,132.624435963306,1.95476935715474e-49,4758,26810483.1437309
age_4lvl,40to64y,1999-2020,21.2,WTMEC.COMBN,gender,educ_level,prevent_cvd_10yr_full,20158,87296799.0217166,163,gaussian (identity),Some college or AA degree,0.0194859222165908,0.00152590642264106,4.15422562141629e-26,0.0164951456282143,0.0224766988049673,132.624435963306,1.95476935715474e-49,5754,26637072.4484877
age_4lvl,40to64y,1999-2020,21.2,WTMEC.COMBN,gender,educ_level,prevent_cvd_10yr_full,20158,87296799.0217166,163,gaussian (identity),HS graduate or GED,0.0252101282932553,0.00175112484318311,1.48336155705845e-30,0.0217779236006164,0.0286423329858942,132.624435963306,1.95476935715474e-49,4548,20648156.7050942
age_4lvl,40to64y,1999-2020,21.2,WTMEC.COMBN,gender,educ_level,prevent_cvd_10yr_full,20158,87296799.0217166,163,gaussian (identity),9-11th grade,0.0364884910787952,0.00226639814165189,3.89164365671352e-35,0.0320463507211575,0.0409306314364328,132.624435963306,1.95476935715474e-49,2812,8684567.81065694
age_4lvl,40to64y,1999-2020,21.2,WTMEC.COMBN,gender,educ_level,prevent_cvd_10yr_full,20158,87296799.0217166,163,gaussian (identity),Less than 9th grade,0.0395474423825379,0.00239610813544987,3.2873865527643e-36,0.0348510704370562,0.0442438143280197,132.624435963306,1.95476935715474e-49,2286,4516518.91374687
age_4lvl,30to39y,1999-2020,21.2,WTMEC.COMBN,gender,educ_level,prevent_cvd_10yr_full,7307,32666737.542232,163,gaussian (identity),College graduate or above (Intercept),0.0174362411072341,0.00051252295353917,1.31216261813556e-74,0.0164316961182973,0.0184407860961708,82.6584546039536,1.00058022399526e-37,2006,10750865.0863602
age_4lvl,30to39y,1999-2020,21.2,WTMEC.COMBN,gender,educ_level,prevent_cvd_10yr_full,7307,32666737.542232,163,gaussian (identity),Some college or AA degree,0.00955305421982195,0.000942894946386672,6.69227548760448e-19,0.00770498012490407,0.0114011283147398,82.6584546039536,1.00058022399526e-37,2162,9938722.6024763
age_4lvl,30to39y,1999-2020,21.2,WTMEC.COMBN,gender,educ_level,prevent_cvd_10yr_full,7307,32666737.542232,163,gaussian (identity),HS graduate or GED,0.011140054618043,0.000965432619989351,9.94745853054649e-23,0.00924780668286389,0.0130323025532221,82.6584546039536,1.00058022399526e-37,1560,6841305.79487315
age_4lvl,30to39y,1999-2020,21.2,WTMEC.COMBN,gender,educ_level,prevent_cvd_10yr_full,7307,32666737.542232,163,gaussian (identity),9-11th grade,0.0153919765958696,0.00125999168804342,1.38130047305397e-24,0.0129223928873045,0.0178615603044347,82.6584546039536,1.00058022399526e-37,1054,3619051.82814781
age_4lvl,30to39y,1999-2020,21.2,WTMEC.COMBN,gender,educ_level,prevent_cvd_10yr_full,7307,32666737.542232,163,gaussian (identity),Less than 9th grade,0.0132058928199625,0.00199537656579529,5.36144949582026e-10,0.00929495475100378,0.0171168308889213,82.6584546039536,1.00058022399526e-37,525,1516792.23037453
age_4lvl,over65y,1999-2020,21.2,WTMEC.COMBN,gender,educ_level,prevent_cvd_30yr_base,8607,27122019.5913881,163,gaussian (identity),College graduate or above (Intercept),0.34620676737484,0.00246348418527706,7.48188747050825e-168,0.341378338371697,0.351035196377983,52.256225486972,5.56723565316143e-28,1614,7035623.34559145
age_4lvl,over65y,1999-2020,21.2,WTMEC.COMBN,gender,educ_level,prevent_cvd_30yr_base,8607,27122019.5913881,163,gaussian (identity),Some college or AA degree,0.0213990935382315,0.00278300620714524,1.48402583130606e-12,0.0159444013722269,0.0268537857042362,52.256225486972,5.56723565316143e-28,2033,7275182.0743207
age_4lvl,over65y,1999-2020,21.2,WTMEC.COMBN,gender,educ_level,prevent_cvd_30yr_base,8607,27122019.5913881,163,gaussian (identity),HS graduate or GED,0.0253616221858195,0.0025747029915149,3.80927167700814e-18,0.0203152043224503,0.0304080400491887,52.256225486972,5.56723565316143e-28,2044,7088452.10571936
age_4lvl,over65y,1999-2020,21.2,WTMEC.COMBN,gender,educ_level,prevent_cvd_30yr_base,8607,27122019.5913881,163,gaussian (identity),9-11th grade,0.0335463694550471,0.00313049186088849,1.75494322594358e-20,0.0274106054077056,0.0396821335023885,52.256225486972,5.56723565316143e-28,1266,3191257.89724468
age_4lvl,over65y,1999-2020,21.2,WTMEC.COMBN,gender,educ_level,prevent_cvd_30yr_base,8607,27122019.5913881,163,gaussian (identity),Less than 9th grade,0.0368606802641131,0.00289979335329447,6.01626014836419e-26,0.0311770852916559,0.0425442752365703,52.256225486972,5.56723565316143e-28,1650,2531504.16851191
age_4lvl,40to64y,1999-2020,21.2,WTMEC.COMBN,gender,educ_level,prevent_cvd_30yr_base,20311,87792194.5733804,163,gaussian (identity),College graduate or above (Intercept),0.22893636565395,0.00242219904822794,5.86537890215115e-141,0.224188855519423,0.233683875788477,126.153000406272,3.98942287041749e-48,4781,26903836.2875418
age_4lvl,40to64y,1999-2020,21.2,WTMEC.COMBN,gender,educ_level,prevent_cvd_30yr_base,20311,87792194.5733804,163,gaussian (identity),Some college or AA degree,0.0392134878883864,0.00287884652065591,1.92872510351381e-28,0.0335709487079009,0.044856027068872,126.153000406272,3.98942287041749e-48,5794,26748773.9577258
age_4lvl,40to64y,1999-2020,21.2,WTMEC.COMBN,gender,educ_level,prevent_cvd_30yr_base,20311,87792194.5733804,163,gaussian (identity),HS graduate or GED,0.0522991074213581,0.0033594741409941,1.02374832262316e-33,0.0457145381050097,0.0588836767377065,126.153000406272,3.98942287041749e-48,4586,20790265.5523456
age_4lvl,40to64y,1999-2020,21.2,WTMEC.COMBN,gender,educ_level,prevent_cvd_30yr_base,20311,87792194.5733804,163,gaussian (identity),9-11th grade,0.0673873256787419,0.00398895995985682,3.11901066720525e-37,0.0595689641574225,0.0752056872000612,126.153000406272,3.98942287041749e-48,2843,8779221.6311271
age_4lvl,40to64y,1999-2020,21.2,WTMEC.COMBN,gender,educ_level,prevent_cvd_30yr_base,20311,87792194.5733804,163,gaussian (identity),Less than 9th grade,0.0675761139225185,0.0045314076903058,5.91776834288034e-32,0.0586945548495192,0.0764576729955179,126.153000406272,3.98942287041749e-48,2307,4570097.14464006
age_4lvl,30to39y,1999-2020,21.2,WTMEC.COMBN,gender,educ_level,prevent_cvd_30yr_base,7363,32911920.7416884,163,gaussian (identity),College graduate or above (Intercept),0.0824942827923031,0.00182512356786205,2.78740007552534e-92,0.0789170405992935,0.0860715249853127,80.5554221366545,3.91261209516862e-37,2021,10816504.9439158
age_4lvl,30to39y,1999-2020,21.2,WTMEC.COMBN,gender,educ_level,prevent_cvd_30yr_base,7363,32911920.7416884,163,gaussian (identity),Some college or AA degree,0.0335418324676014,0.00302702444931185,1.78077633843134e-21,0.0276088645469502,0.0394748003882526,80.5554221366545,3.91261209516862e-37,2179,10011579.5430663
age_4lvl,30to39y,1999-2020,21.2,WTMEC.COMBN,gender,educ_level,prevent_cvd_30yr_base,7363,32911920.7416884,163,gaussian (identity),HS graduate or GED,0.0445734385422035,0.00352940377615918,1.01243101944376e-25,0.0376558071409315,0.0514910699434755,80.5554221366545,3.91261209516862e-37,1575,6913829.53391496
age_4lvl,30to39y,1999-2020,21.2,WTMEC.COMBN,gender,educ_level,prevent_cvd_30yr_base,7363,32911920.7416884,163,gaussian (identity),9-11th grade,0.0550683561204234,0.00384167179428194,2.18739998219286e-30,0.0475386794036308,0.062598032837216,80.5554221366545,3.91261209516862e-37,1060,3642522.20605896
age_4lvl,30to39y,1999-2020,21.2,WTMEC.COMBN,gender,educ_level,prevent_cvd_30yr_base,7363,32911920.7416884,163,gaussian (identity),Less than 9th grade,0.0391422039519271,0.00565308089479163,1.04206116401422e-10,0.0280621653981355,0.0502222425057187,80.5554221366545,3.91261209516862e-37,528,1527484.51473236
age_4lvl,over65y,1999-2020,21.2,WTMEC.COMBN,gender,educ_level,prevent_cvd_30yr_hba1c,8594,27086249.5402594,163,gaussian (identity),College graduate or above (Intercept),0.33971382132723,0.00234729774029461,7.47296223239762e-170,0.335113117756253,0.344314524898208,52.018393065834,6.82102137966454e-28,1610,7020123.96819651
age_4lvl,over65y,1999-2020,21.2,WTMEC.COMBN,gender,educ_level,prevent_cvd_30yr_hba1c,8594,27086249.5402594,163,gaussian (identity),Some college or AA degree,0.0192676610986863,0.00262998527562297,1.1445965060539e-11,0.0141128899584653,0.0244224322389074,52.018393065834,6.82102137966454e-28,2032,7272280.61351768
age_4lvl,over65y,1999-2020,21.2,WTMEC.COMBN,gender,educ_level,prevent_cvd_30yr_hba1c,8594,27086249.5402594,163,gaussian (identity),HS graduate or GED,0.023660118130326,0.00237626804499238,1.97402047806431e-18,0.0190026327621409,0.028317603498511,52.018393065834,6.82102137966454e-28,2041,7076192.51156728
age_4lvl,over65y,1999-2020,21.2,WTMEC.COMBN,gender,educ_level,prevent_cvd_30yr_hba1c,8594,27086249.5402594,163,gaussian (identity),9-11th grade,0.0313245594299872,0.00289455713248894,9.04275247243675e-21,0.0256512274503088,0.0369978914096655,52.018393065834,6.82102137966454e-28,1265,3189835.48920808
age_4lvl,over65y,1999-2020,21.2,WTMEC.COMBN,gender,educ_level,prevent_cvd_30yr_hba1c,8594,27086249.5402594,163,gaussian (identity),Less than 9th grade,0.0355629246050896,0.00282354471763445,1.25555036087018e-25,0.030028776958526,0.0410970722516531,52.018393065834,6.82102137966454e-28,1646,2527816.95776983
age_4lvl,40to64y,1999-2020,21.2,WTMEC.COMBN,gender,educ_level,prevent_cvd_30yr_hba1c,20286,87705270.6156147,163,gaussian (identity),College graduate or above (Intercept),0.22558657956012,0.00235294280811922,6.39522360655235e-142,0.220974811656207,0.230198347464034,137.198596476347,2.48040358429202e-50,4779,26889709.2586645
age_4lvl,40to64y,1999-2020,21.2,WTMEC.COMBN,gender,educ_level,prevent_cvd_30yr_hba1c,20286,87705270.6156147,163,gaussian (identity),Some college or AA degree,0.0385187147776108,0.00274054339330676,1.26022558071413e-29,0.0331472497267296,0.0438901798284921,137.198596476347,2.48040358429202e-50,5782,26714496.8027549
age_4lvl,40to64y,1999-2020,21.2,WTMEC.COMBN,gender,educ_level,prevent_cvd_30yr_hba1c,20286,87705270.6156147,163,gaussian (identity),HS graduate or GED,0.0516431165298589,0.00313978270140414,4.64637894591128e-36,0.0454891424351067,0.057797090624611,137.198596476347,2.48040358429202e-50,4580,20760219.7622163
age_4lvl,40to64y,1999-2020,21.2,WTMEC.COMBN,gender,educ_level,prevent_cvd_30yr_hba1c,20286,87705270.6156147,163,gaussian (identity),9-11th grade,0.0668407509960739,0.00380730088030094,5.83843275794705e-39,0.0593784412706841,0.0743030607214638,137.198596476347,2.48040358429202e-50,2840,8775266.45953691
age_4lvl,40to64y,1999-2020,21.2,WTMEC.COMBN,gender,educ_level,prevent_cvd_30yr_hba1c,20286,87705270.6156147,163,gaussian (identity),Less than 9th grade,0.0673942936949986,0.00424911928318618,1.68486883424581e-34,0.0590660198999537,0.0757225674900435,137.198596476347,2.48040358429202e-50,2305,4565578.33244213
age_4lvl,30to39y,1999-2020,21.2,WTMEC.COMBN,gender,educ_level,prevent_cvd_30yr_hba1c,7346,32841561.7544527,163,gaussian (identity),College graduate or above (Intercept),0.0810803507347852,0.00175379022216696,1.00933116018224e-93,0.0776429218993379,0.0845177795702324,85.9017363300973,1.27781389995605e-38,2017,10797605.681612
age_4lvl,30to39y,1999-2020,21.2,WTMEC.COMBN,gender,educ_level,prevent_cvd_30yr_hba1c,7346,32841561.7544527,163,gaussian (identity),Some college or AA degree,0.0327079989826532,0.0028948911766074,4.52619563531322e-22,0.0270340122765027,0.0383819856888037,85.9017363300973,1.27781389995605e-38,2171,9978427.27948602
age_4lvl,30to39y,1999-2020,21.2,WTMEC.COMBN,gender,educ_level,prevent_cvd_30yr_hba1c,7346,32841561.7544527,163,gaussian (identity),HS graduate or GED,0.0431801588900145,0.0032977901396248,5.37581221198595e-27,0.0367164902163499,0.0496438275636791,85.9017363300973,1.27781389995605e-38,1571,6901213.98732642
age_4lvl,30to39y,1999-2020,21.2,WTMEC.COMBN,gender,educ_level,prevent_cvd_30yr_hba1c,7346,32841561.7544527,163,gaussian (identity),9-11th grade,0.0544741158925482,0.00367317830422922,9.8951386248071e-32,0.047274686416259,0.0616735453688375,85.9017363300973,1.27781389995605e-38,1060,3642522.20605896
age_4lvl,30to39y,1999-2020,21.2,WTMEC.COMBN,gender,educ_level,prevent_cvd_30yr_hba1c,7346,32841561.7544527,163,gaussian (identity),Less than 9th grade,0.0402298276582518,0.0055262260572773,1.48087111426209e-11,0.0293984245859883,0.0510612307305153,85.9017363300973,1.27781389995605e-38,527,1521792.59996934
age_4lvl,over65y,1999-2020,21.2,WTMEC.COMBN,gender,educ_level,prevent_cvd_30yr_uacr,8475,26760980.9150413,163,gaussian (identity),College graduate or above (Intercept),0.329707248272947,0.00266195945376308,2.91075536469104e-159,0.324489807743571,0.334924688802323,63.521704146941,6.40098793973259e-32,1594,6965457.77121293
age_4lvl,over65y,1999-2020,21.2,WTMEC.COMBN,gender,educ_level,prevent_cvd_30yr_uacr,8475,26760980.9150413,163,gaussian (identity),Some college or AA degree,0.0221631966762561,0.00295463236368902,4.2984557868312e-12,0.0163721172434256,0.0279542761090866,63.521704146941,6.40098793973259e-32,2003,7187896.45771983
age_4lvl,over65y,1999-2020,21.2,WTMEC.COMBN,gender,educ_level,prevent_cvd_30yr_uacr,8475,26760980.9150413,163,gaussian (identity),HS graduate or GED,0.0275128692298202,0.00273211578060519,9.79331406117347e-19,0.022157922299834,0.0328678161598063,63.521704146941,6.40098793973259e-32,2013,6974541.91163579
age_4lvl,over65y,1999-2020,21.2,WTMEC.COMBN,gender,educ_level,prevent_cvd_30yr_uacr,8475,26760980.9150413,163,gaussian (identity),9-11th grade,0.0401443136310872,0.00342483416056464,3.14200141654892e-23,0.0334316386763805,0.0468569885857939,63.521704146941,6.40098793973259e-32,1243,3144070.83863806
age_4lvl,over65y,1999-2020,21.2,WTMEC.COMBN,gender,educ_level,prevent_cvd_30yr_uacr,8475,26760980.9150413,163,gaussian (identity),Less than 9th grade,0.0440719736815944,0.00333228873487565,2.33508721024834e-27,0.0375406877612381,0.0506032596019507,63.521704146941,6.40098793973259e-32,1622,2489013.93583474
age_4lvl,40to64y,1999-2020,21.2,WTMEC.COMBN,gender,educ_level,prevent_cvd_30yr_uacr,20183,87383722.9794823,163,gaussian (identity),College graduate or above (Intercept),0.207083985385377,0.00234847692007966,2.77355647814832e-136,0.20248097062202,0.211687000148733,133.933538608615,1.07671599333172e-49,4760,26824610.1726082
age_4lvl,40to64y,1999-2020,21.2,WTMEC.COMBN,gender,educ_level,prevent_cvd_30yr_uacr,20183,87383722.9794823,163,gaussian (identity),Some college or AA degree,0.0384438094677657,0.00281288231721609,1.44550010752147e-28,0.0329305601260221,0.0439570588095092,133.933538608615,1.07671599333172e-49,5766,26671349.6034586
age_4lvl,40to64y,1999-2020,21.2,WTMEC.COMBN,gender,educ_level,prevent_cvd_30yr_uacr,20183,87383722.9794823,163,gaussian (identity),HS graduate or GED,0.0506065081467862,0.00324010220753789,7.46797918337057e-34,0.0442559078200119,0.0569571084735605,133.933538608615,1.07671599333172e-49,4554,20678202.4952235
age_4lvl,40to64y,1999-2020,21.2,WTMEC.COMBN,gender,educ_level,prevent_cvd_30yr_uacr,20183,87383722.9794823,163,gaussian (identity),9-11th grade,0.0668908329923809,0.00391099955907004,8.80316452988028e-38,0.0592252738566036,0.0745563921281581,133.933538608615,1.07671599333172e-49,2815,8688522.98224713
age_4lvl,40to64y,1999-2020,21.2,WTMEC.COMBN,gender,educ_level,prevent_cvd_30yr_uacr,20183,87383722.9794823,163,gaussian (identity),Less than 9th grade,0.0679390344076563,0.0043118777528873,3.20327378319236e-34,0.0594877540119972,0.0763903148033154,133.933538608615,1.07671599333172e-49,2288,4521037.72594479
age_4lvl,30to39y,1999-2020,21.2,WTMEC.COMBN,gender,educ_level,prevent_cvd_30yr_uacr,7324,32737096.5294677,163,gaussian (identity),College graduate or above (Intercept),0.0711743627965052,0.00165041766215085,2.68184370037445e-89,0.0679395441786896,0.0744091814143209,81.5005598629518,2.11375123362028e-37,2010,10769764.3486641
age_4lvl,30to39y,1999-2020,21.2,WTMEC.COMBN,gender,educ_level,prevent_cvd_30yr_uacr,7324,32737096.5294677,163,gaussian (identity),Some college or AA degree,0.0304091727958629,0.00273048545548064,1.25141416638287e-21,0.0250574213031208,0.0357609242886049,81.5005598629518,2.11375123362028e-37,2170,9971874.86605658
age_4lvl,30to39y,1999-2020,21.2,WTMEC.COMBN,gender,educ_level,prevent_cvd_30yr_uacr,7324,32737096.5294677,163,gaussian (identity),HS graduate or GED,0.0386771717760929,0.00312188861594094,4.62269262888649e-25,0.0325582700888487,0.0447960734633371,81.5005598629518,2.11375123362028e-37,1564,6853921.3414617
age_4lvl,30to39y,1999-2020,21.2,WTMEC.COMBN,gender,educ_level,prevent_cvd_30yr_uacr,7324,32737096.5294677,163,gaussian (identity),9-11th grade,0.0497809214351031,0.00348463367298708,2.96620836487137e-30,0.0429510394360484,0.0566108034341578,81.5005598629518,2.11375123362028e-37,1054,3619051.82814781
age_4lvl,30to39y,1999-2020,21.2,WTMEC.COMBN,gender,educ_level,prevent_cvd_30yr_uacr,7324,32737096.5294677,163,gaussian (identity),Less than 9th grade,0.0373911032674209,0.00505711919202918,7.85033701776992e-12,0.0274791496510437,0.0473030568837981,81.5005598629518,2.11375123362028e-37,526,1522484.14513755
age_4lvl,over65y,1999-2020,21.2,WTMEC.COMBN,gender,educ_level,prevent_cvd_30yr_full,8464,26729931.4100009,163,gaussian (identity),College graduate or above (Intercept),0.310827169365085,0.00254978641501879,3.50626420189723e-158,0.305829587991649,0.315824750738522,62.9831596093536,9.65329990358243e-32,1590,6949958.39381798
age_4lvl,over65y,1999-2020,21.2,WTMEC.COMBN,gender,educ_level,prevent_cvd_30yr_full,8464,26729931.4100009,163,gaussian (identity),Some college or AA degree,0.0201749889760452,0.0027979896963923,2.17319423333506e-11,0.0146909291711163,0.0256590487809741,62.9831596093536,9.65329990358243e-32,2002,7184994.99691681
age_4lvl,over65y,1999-2020,21.2,WTMEC.COMBN,gender,educ_level,prevent_cvd_30yr_full,8464,26729931.4100009,163,gaussian (identity),HS graduate or GED,0.0256332602884497,0.00251378205246779,4.45856187192143e-19,0.0207062474656129,0.0305602731112866,62.9831596093536,9.65329990358243e-32,2011,6965887.9884006
age_4lvl,over65y,1999-2020,21.2,WTMEC.COMBN,gender,educ_level,prevent_cvd_30yr_full,8464,26729931.4100009,163,gaussian (identity),9-11th grade,0.0376109243272727,0.00321411501157153,3.55898401077272e-23,0.0313112589045925,0.0439105897499529,62.9831596093536,9.65329990358243e-32,1242,3142648.43060145
age_4lvl,over65y,1999-2020,21.2,WTMEC.COMBN,gender,educ_level,prevent_cvd_30yr_full,8464,26729931.4100009,163,gaussian (identity),Less than 9th grade,0.0422617478804422,0.00323808308138277,7.01747534259049e-27,0.035915105040932,0.0486083907199524,62.9831596093536,9.65329990358243e-32,1619,2486441.60026408
age_4lvl,40to64y,1999-2020,21.2,WTMEC.COMBN,gender,educ_level,prevent_cvd_30yr_full,20158,87296799.0217166,163,gaussian (identity),College graduate or above (Intercept),0.204329264270259,0.00223663043302943,1.14831283350128e-138,0.199945468621521,0.208713059918996,139.749755810209,8.02522993998821e-51,4758,26810483.1437309
age_4lvl,40to64y,1999-2020,21.2,WTMEC.COMBN,gender,educ_level,prevent_cvd_30yr_full,20158,87296799.0217166,163,gaussian (identity),Some college or AA degree,0.0366371889227416,0.0026305421962845,2.80705238685018e-29,0.031481326218024,0.0417930516274592,139.749755810209,8.02522993998821e-51,5754,26637072.4484877
age_4lvl,40to64y,1999-2020,21.2,WTMEC.COMBN,gender,educ_level,prevent_cvd_30yr_full,20158,87296799.0217166,163,gaussian (identity),HS graduate or GED,0.0478312220035184,0.00297828988799707,4.96567194356879e-35,0.0419937738230442,0.0536686701839927,139.749755810209,8.02522993998821e-51,4548,20648156.7050942
age_4lvl,40to64y,1999-2020,21.2,WTMEC.COMBN,gender,educ_level,prevent_cvd_30yr_full,20158,87296799.0217166,163,gaussian (identity),9-11th grade,0.0636821495177277,0.00369149489288441,3.62136546663789e-38,0.0564468195276743,0.0709174795077812,139.749755810209,8.02522993998821e-51,2812,8684567.81065694
age_4lvl,40to64y,1999-2020,21.2,WTMEC.COMBN,gender,educ_level,prevent_cvd_30yr_full,20158,87296799.0217166,163,gaussian (identity),Less than 9th grade,0.0662565850381036,0.00401777989830387,3.57997685461263e-36,0.058381736437428,0.0741314336387792,139.749755810209,8.02522993998821e-51,2286,4516518.91374687
age_4lvl,30to39y,1999-2020,21.2,WTMEC.COMBN,gender,educ_level,prevent_cvd_30yr_full,7307,32666737.542232,163,gaussian (identity),College graduate or above (Intercept),0.0732652945049239,0.00155383799031375,5.53591647227454e-95,0.070219772043909,0.0763108169659389,82.5793873101437,1.05277090669942e-37,2006,10750865.0863602
age_4lvl,30to39y,1999-2020,21.2,WTMEC.COMBN,gender,educ_level,prevent_cvd_30yr_full,7307,32666737.542232,163,gaussian (identity),Some college or AA degree,0.0282078292729595,0.00252720553611311,1.07098674204633e-21,0.0232545064221778,0.0331611521237412,82.5793873101437,1.05277090669942e-37,2162,9938722.6024763
age_4lvl,30to39y,1999-2020,21.2,WTMEC.COMBN,gender,educ_level,prevent_cvd_30yr_full,7307,32666737.542232,163,gaussian (identity),HS graduate or GED,0.0351133803969875,0.002798826603344,1.71576954667597e-25,0.0296276802544332,0.0405990805395417,82.5793873101437,1.05277090669942e-37,1560,6841305.79487315
age_4lvl,30to39y,1999-2020,21.2,WTMEC.COMBN,gender,educ_level,prevent_cvd_30yr_full,7307,32666737.542232,163,gaussian (identity),9-11th grade,0.0460423949176451,0.00326806418667136,1.02161851830017e-29,0.0396369891117692,0.0524478007235209,82.5793873101437,1.05277090669942e-37,1054,3619051.82814781
age_4lvl,30to39y,1999-2020,21.2,WTMEC.COMBN,gender,educ_level,prevent_cvd_30yr_full,7307,32666737.542232,163,gaussian (identity),Less than 9th grade,0.0371117876289106,0.00481192852170791,1.30010338469358e-12,0.0276804077263631,0.0465431675314581,82.5793873101437,1.05277090669942e-37,525,1516792.23037453
age_4lvl,over65y,1999-2020,21.2,WTMEC.COMBN,gender,educ_level,prevent_ascvd_10yr_base,8607,27122019.5913881,163,gaussian (identity),College graduate or above (Intercept),0.0981042624334398,0.00148846163915731,7.64976380770531e-117,0.0951868776206915,0.101021647246188,115.04632493672,9.38206884723578e-46,1614,7035623.34559145
age_4lvl,over65y,1999-2020,21.2,WTMEC.COMBN,gender,educ_level,prevent_ascvd_10yr_base,8607,27122019.5913881,163,gaussian (identity),Some college or AA degree,0.0182321175865206,0.00171848774509537,3.41829877116713e-20,0.0148638816061337,0.0216003535669075,115.04632493672,9.38206884723578e-46,2033,7275182.0743207
age_4lvl,over65y,1999-2020,21.2,WTMEC.COMBN,gender,educ_level,prevent_ascvd_10yr_base,8607,27122019.5913881,163,gaussian (identity),HS graduate or GED,0.0230457628523365,0.00186735453625908,6.24772856776612e-25,0.0193857479612687,0.0267057777434043,115.04632493672,9.38206884723578e-46,2044,7088452.10571936
age_4lvl,over65y,1999-2020,21.2,WTMEC.COMBN,gender,educ_level,prevent_ascvd_10yr_base,8607,27122019.5913881,163,gaussian (identity),9-11th grade,0.0324477858383405,0.0021260739590807,6.77947883616984e-33,0.0282806808785424,0.0366148907981387,115.04632493672,9.38206884723578e-46,1266,3191257.89724468
age_4lvl,over65y,1999-2020,21.2,WTMEC.COMBN,gender,educ_level,prevent_ascvd_10yr_base,8607,27122019.5913881,163,gaussian (identity),Less than 9th grade,0.0393523583344241,0.00220278793437168,9.29014005532093e-40,0.0350348939830556,0.0436698226857926,115.04632493672,9.38206884723578e-46,1650,2531504.16851191
age_4lvl,40to64y,1999-2020,21.2,WTMEC.COMBN,gender,educ_level,prevent_ascvd_10yr_base,20311,87792194.5733804,163,gaussian (identity),College graduate or above (Intercept),0.0396181569085074,0.000708180188326864,4.69936422220719e-106,0.0382301237393867,0.041006190077628,123.018603031563,1.79359543600507e-47,4781,26903836.2875418
age_4lvl,40to64y,1999-2020,21.2,WTMEC.COMBN,gender,educ_level,prevent_ascvd_10yr_base,20311,87792194.5733804,163,gaussian (identity),Some college or AA degree,0.0123429843670276,0.000963415754032245,3.19307844157393e-26,0.0104546894891244,0.0142312792449308,123.018603031563,1.79359543600507e-47,5794,26748773.9577258
age_4lvl,40to64y,1999-2020,21.2,WTMEC.COMBN,gender,educ_level,prevent_ascvd_10yr_base,20311,87792194.5733804,163,gaussian (identity),HS graduate or GED,0.0167565518683284,0.00124508025827531,5.38795350287468e-28,0.0143161945621088,0.019196909174548,123.018603031563,1.79359543600507e-47,4586,20790265.5523456
age_4lvl,40to64y,1999-2020,21.2,WTMEC.COMBN,gender,educ_level,prevent_ascvd_10yr_base,20311,87792194.5733804,163,gaussian (identity),9-11th grade,0.0233719352945663,0.0015024165531521,1.0984637301641e-33,0.0204271988503882,0.0263166717387444,123.018603031563,1.79359543600507e-47,2843,8779221.6311271
age_4lvl,40to64y,1999-2020,21.2,WTMEC.COMBN,gender,educ_level,prevent_ascvd_10yr_base,20311,87792194.5733804,163,gaussian (identity),Less than 9th grade,0.0246303137823148,0.00167631619974704,2.32577831697587e-31,0.0213447340308106,0.027915893533819,123.018603031563,1.79359543600507e-47,2307,4570097.14464006
age_4lvl,30to39y,1999-2020,21.2,WTMEC.COMBN,gender,educ_level,prevent_ascvd_10yr_base,7363,32911920.7416884,163,gaussian (identity),College graduate or above (Intercept),0.0116100715214478,0.000363749727327165,8.76775054493464e-71,0.0108971220558865,0.012323020987009,79.0581206598764,1.04810893920802e-36,2021,10816504.9439158
age_4lvl,30to39y,1999-2020,21.2,WTMEC.COMBN,gender,educ_level,prevent_ascvd_10yr_base,7363,32911920.7416884,163,gaussian (identity),Some college or AA degree,0.0065661478277478,0.000641874036965194,3.64240789329914e-19,0.00530807471529602,0.00782422094019958,79.0581206598764,1.04810893920802e-36,2179,10011579.5430663
age_4lvl,30to39y,1999-2020,21.2,WTMEC.COMBN,gender,educ_level,prevent_ascvd_10yr_base,7363,32911920.7416884,163,gaussian (identity),HS graduate or GED,0.00891438007556734,0.000767636661258283,6.24314316909558e-23,0.0074098122195011,0.0104189479316336,79.0581206598764,1.04810893920802e-36,1575,6913829.53391496
age_4lvl,30to39y,1999-2020,21.2,WTMEC.COMBN,gender,educ_level,prevent_ascvd_10yr_base,7363,32911920.7416884,163,gaussian (identity),9-11th grade,0.0108551264462902,0.000829313385094203,5.52628559996614e-27,0.00922967221150558,0.0124805806810749,79.0581206598764,1.04810893920802e-36,1060,3642522.20605896
age_4lvl,30to39y,1999-2020,21.2,WTMEC.COMBN,gender,educ_level,prevent_ascvd_10yr_base,7363,32911920.7416884,163,gaussian (identity),Less than 9th grade,0.00801428466358846,0.00131438940775295,7.96299864993254e-09,0.00543808142439268,0.0105904879027842,79.0581206598764,1.04810893920802e-36,528,1527484.51473236
age_4lvl,over65y,1999-2020,21.2,WTMEC.COMBN,gender,educ_level,prevent_ascvd_10yr_hba1c,8594,27086249.5402594,163,gaussian (identity),College graduate or above (Intercept),0.0970046309372349,0.00140702458220167,7.93174428066803e-120,0.0942468627561196,0.0997623991183501,124.448883694648,9.00106878732298e-48,1610,7020123.96819651
age_4lvl,over65y,1999-2020,21.2,WTMEC.COMBN,gender,educ_level,prevent_ascvd_10yr_hba1c,8594,27086249.5402594,163,gaussian (identity),Some college or AA degree,0.0172050944304122,0.00165646907369447,1.3722660295562e-19,0.013958415045971,0.0204517738148534,124.448883694648,9.00106878732298e-48,2032,7272280.61351768
age_4lvl,over65y,1999-2020,21.2,WTMEC.COMBN,gender,educ_level,prevent_ascvd_10yr_hba1c,8594,27086249.5402594,163,gaussian (identity),HS graduate or GED,0.0227064439513235,0.00177260901942897,3.23518797562658e-26,0.0192321302732427,0.0261807576294043,124.448883694648,9.00106878732298e-48,2041,7076192.51156728
age_4lvl,over65y,1999-2020,21.2,WTMEC.COMBN,gender,educ_level,prevent_ascvd_10yr_hba1c,8594,27086249.5402594,163,gaussian (identity),9-11th grade,0.0320205613748225,0.0020786389962173,2.80250176794466e-33,0.0279464289422366,0.0360946938074084,124.448883694648,9.00106878732298e-48,1265,3189835.48920808
age_4lvl,over65y,1999-2020,21.2,WTMEC.COMBN,gender,educ_level,prevent_ascvd_10yr_hba1c,8594,27086249.5402594,163,gaussian (identity),Less than 9th grade,0.0399248527108503,0.0021172727256842,2.73316978463403e-42,0.0357749981685093,0.0440747072531914,124.448883694648,9.00106878732298e-48,1646,2527816.95776983
age_4lvl,40to64y,1999-2020,21.2,WTMEC.COMBN,gender,educ_level,prevent_ascvd_10yr_hba1c,20286,87705270.6156147,163,gaussian (identity),College graduate or above (Intercept),0.0388974619236587,0.000720341426495092,9.5537206223785e-104,0.0374855927277284,0.0403093311195891,133.385210696512,1.38148250657938e-49,4779,26889709.2586645
age_4lvl,40to64y,1999-2020,21.2,WTMEC.COMBN,gender,educ_level,prevent_ascvd_10yr_hba1c,20286,87705270.6156147,163,gaussian (identity),Some college or AA degree,0.0122565988572155,0.000935981755237371,5.33363269413233e-27,0.0104220746169503,0.0140911230974808,133.385210696512,1.38148250657938e-49,5782,26714496.8027549
age_4lvl,40to64y,1999-2020,21.2,WTMEC.COMBN,gender,educ_level,prevent_ascvd_10yr_hba1c,20286,87705270.6156147,163,gaussian (identity),HS graduate or GED,0.0166938982638848,0.00115083014225838,7.48273228770324e-31,0.0144382711850584,0.0189495253427112,133.385210696512,1.38148250657938e-49,4580,20760219.7622163
age_4lvl,40to64y,1999-2020,21.2,WTMEC.COMBN,gender,educ_level,prevent_ascvd_10yr_hba1c,20286,87705270.6156147,163,gaussian (identity),9-11th grade,0.0237307803346136,0.00150559572347532,3.0972964694111e-34,0.0207798127166019,0.0266817479526252,133.385210696512,1.38148250657938e-49,2840,8775266.45953691
age_4lvl,40to64y,1999-2020,21.2,WTMEC.COMBN,gender,educ_level,prevent_ascvd_10yr_hba1c,20286,87705270.6156147,163,gaussian (identity),Less than 9th grade,0.0251668204831168,0.00157012596825951,6.01976548748421e-35,0.0220893735853282,0.0282442673809054,133.385210696512,1.38148250657938e-49,2305,4565578.33244213
age_4lvl,30to39y,1999-2020,21.2,WTMEC.COMBN,gender,educ_level,prevent_ascvd_10yr_hba1c,7346,32841561.7544527,163,gaussian (identity),College graduate or above (Intercept),0.0112052381333032,0.000350963319834539,8.42324520648806e-71,0.0105173500264275,0.0118931262401789,84.8598694464313,2.46071823711305e-38,2017,10797605.681612
age_4lvl,30to39y,1999-2020,21.2,WTMEC.COMBN,gender,educ_level,prevent_ascvd_10yr_hba1c,7346,32841561.7544527,163,gaussian (identity),Some college or AA degree,0.00652697031369767,0.00064772536205099,9.40192267940851e-19,0.00525742860407773,0.00779651202331761,84.8598694464313,2.46071823711305e-38,2171,9978427.27948602
age_4lvl,30to39y,1999-2020,21.2,WTMEC.COMBN,gender,educ_level,prevent_ascvd_10yr_hba1c,7346,32841561.7544527,163,gaussian (identity),HS graduate or GED,0.00864711222413713,0.00070735992531903,1.30858651897261e-24,0.00726068677051183,0.0100335376777624,84.8598694464313,2.46071823711305e-38,1571,6901213.98732642
age_4lvl,30to39y,1999-2020,21.2,WTMEC.COMBN,gender,educ_level,prevent_ascvd_10yr_hba1c,7346,32841561.7544527,163,gaussian (identity),9-11th grade,0.0111619085273279,0.000816108615773634,1.35784425540011e-28,0.00956233564041158,0.0127614814142442,84.8598694464313,2.46071823711305e-38,1060,3642522.20605896
age_4lvl,30to39y,1999-2020,21.2,WTMEC.COMBN,gender,educ_level,prevent_ascvd_10yr_hba1c,7346,32841561.7544527,163,gaussian (identity),Less than 9th grade,0.00885605073933724,0.00141205941712765,3.2711607636981e-09,0.00608841428176704,0.0116236871969074,84.8598694464313,2.46071823711305e-38,527,1521792.59996934
age_4lvl,over65y,1999-2020,21.2,WTMEC.COMBN,gender,educ_level,prevent_ascvd_10yr_uacr,8475,26760980.9150413,163,gaussian (identity),College graduate or above (Intercept),0.0896735247644932,0.00171296151836856,9.90603541498165e-102,0.0863161201884909,0.0930309293404956,92.6270082716358,2.10852584820698e-40,1594,6965457.77121293
age_4lvl,over65y,1999-2020,21.2,WTMEC.COMBN,gender,educ_level,prevent_ascvd_10yr_uacr,8475,26760980.9150413,163,gaussian (identity),Some college or AA degree,0.0181161776542526,0.0018655282997814,8.97652288508624e-18,0.014459742186681,0.0217726131218241,92.6270082716358,2.10852584820698e-40,2003,7187896.45771983
age_4lvl,over65y,1999-2020,21.2,WTMEC.COMBN,gender,educ_level,prevent_ascvd_10yr_uacr,8475,26760980.9150413,163,gaussian (identity),HS graduate or GED,0.023744149895529,0.00212716931364915,1.06658735871192e-21,0.0195748980407767,0.0279134017502814,92.6270082716358,2.10852584820698e-40,2013,6974541.91163579
age_4lvl,over65y,1999-2020,21.2,WTMEC.COMBN,gender,educ_level,prevent_ascvd_10yr_uacr,8475,26760980.9150413,163,gaussian (identity),9-11th grade,0.0366586290308622,0.00256826955644214,3.20121210763476e-30,0.0316248207002356,0.0416924373614888,92.6270082716358,2.10852584820698e-40,1243,3144070.83863806
age_4lvl,over65y,1999-2020,21.2,WTMEC.COMBN,gender,educ_level,prevent_ascvd_10yr_uacr,8475,26760980.9150413,163,gaussian (identity),Less than 9th grade,0.0433985045697132,0.00275718333993954,3.53668976988013e-34,0.0379944252234317,0.0488025839159947,92.6270082716358,2.10852584820698e-40,1622,2489013.93583474
age_4lvl,40to64y,1999-2020,21.2,WTMEC.COMBN,gender,educ_level,prevent_ascvd_10yr_uacr,20183,87383722.9794823,163,gaussian (identity),College graduate or above (Intercept),0.0333839615840255,0.000690824941391324,1.46183000649623e-96,0.0320299446988985,0.0347379784691525,129.332610367745,8.93545355865696e-49,4760,26824610.1726082
age_4lvl,40to64y,1999-2020,21.2,WTMEC.COMBN,gender,educ_level,prevent_ascvd_10yr_uacr,20183,87383722.9794823,163,gaussian (identity),Some college or AA degree,0.0117789941665309,0.000930962322197995,8.73607844715986e-26,0.00995430801502282,0.013603680318039,129.332610367745,8.93545355865696e-49,5766,26671349.6034586
age_4lvl,40to64y,1999-2020,21.2,WTMEC.COMBN,gender,educ_level,prevent_ascvd_10yr_uacr,20183,87383722.9794823,163,gaussian (identity),HS graduate or GED,0.0152804131732418,0.00112931980154978,3.41335558491849e-28,0.0130669463622042,0.0174938799842794,129.332610367745,8.93545355865696e-49,4554,20678202.4952235
age_4lvl,40to64y,1999-2020,21.2,WTMEC.COMBN,gender,educ_level,prevent_ascvd_10yr_uacr,20183,87383722.9794823,163,gaussian (identity),9-11th grade,0.0220972891228728,0.00140086634851108,2.87169322296354e-34,0.0193515910797911,0.0248429871659545,129.332610367745,8.93545355865696e-49,2815,8688522.98224713
age_4lvl,40to64y,1999-2020,21.2,WTMEC.COMBN,gender,educ_level,prevent_ascvd_10yr_uacr,20183,87383722.9794823,163,gaussian (identity),Less than 9th grade,0.0236898122569056,0.00153476262608281,2.31510598998714e-33,0.0206816775097832,0.0266979470040279,129.332610367745,8.93545355865696e-49,2288,4521037.72594479
age_4lvl,30to39y,1999-2020,21.2,WTMEC.COMBN,gender,educ_level,prevent_ascvd_10yr_uacr,7324,32737096.5294677,163,gaussian (identity),College graduate or above (Intercept),0.00931343885800764,0.000315950158020978,4.16883511780698e-66,0.00869417654828652,0.00993270116772876,78.3325513439467,1.69710686666706e-36,2010,10769764.3486641
age_4lvl,30to39y,1999-2020,21.2,WTMEC.COMBN,gender,educ_level,prevent_ascvd_10yr_uacr,7324,32737096.5294677,163,gaussian (identity),Some college or AA degree,0.00570741382533739,0.000570474716127401,1.46873976318801e-18,0.00458928338172769,0.0068255442689471,78.3325513439467,1.69710686666706e-36,2170,9971874.86605658
age_4lvl,30to39y,1999-2020,21.2,WTMEC.COMBN,gender,educ_level,prevent_ascvd_10yr_uacr,7324,32737096.5294677,163,gaussian (identity),HS graduate or GED,0.00703258049654989,0.000646908258276078,6.64375863142097e-21,0.00576464031032877,0.008300520682771,78.3325513439467,1.69710686666706e-36,1564,6853921.3414617
age_4lvl,30to39y,1999-2020,21.2,WTMEC.COMBN,gender,educ_level,prevent_ascvd_10yr_uacr,7324,32737096.5294677,163,gaussian (identity),9-11th grade,0.00924539875877062,0.000733910607229304,1.23733435534753e-25,0.00780693396860119,0.0106838635489401,78.3325513439467,1.69710686666706e-36,1054,3619051.82814781
age_4lvl,30to39y,1999-2020,21.2,WTMEC.COMBN,gender,educ_level,prevent_ascvd_10yr_uacr,7324,32737096.5294677,163,gaussian (identity),Less than 9th grade,0.0072593195902624,0.00110460308665799,6.84990049610475e-10,0.00509429754041275,0.00942434164011205,78.3325513439467,1.69710686666706e-36,526,1522484.14513755
age_4lvl,over65y,1999-2020,21.2,WTMEC.COMBN,gender,educ_level,prevent_ascvd_10yr_full,8464,26729931.4100009,163,gaussian (identity),College graduate or above (Intercept),0.0889425971427908,0.00158947698723624,4.53138597611416e-106,0.0858272222478078,0.0920579720377739,98.5286486822756,6.7991572744227e-42,1590,6949958.39381798
age_4lvl,over65y,1999-2020,21.2,WTMEC.COMBN,gender,educ_level,prevent_ascvd_10yr_full,8464,26729931.4100009,163,gaussian (identity),Some college or AA degree,0.0163643018668055,0.00175446989947852,9.37984954973715e-17,0.0129255408638276,0.0198030628697834,98.5286486822756,6.7991572744227e-42,2002,7184994.99691681
age_4lvl,over65y,1999-2020,21.2,WTMEC.COMBN,gender,educ_level,prevent_ascvd_10yr_full,8464,26729931.4100009,163,gaussian (identity),HS graduate or GED,0.0224236171414168,0.00194927537027672,1.24327083661009e-22,0.0186030374156744,0.0262441968671592,98.5286486822756,6.7991572744227e-42,2011,6965887.9884006
age_4lvl,over65y,1999-2020,21.2,WTMEC.COMBN,gender,educ_level,prevent_ascvd_10yr_full,8464,26729931.4100009,163,gaussian (identity),9-11th grade,0.0344042460342002,0.00237512281374137,8.51699697096204e-31,0.0297490053192671,0.0390594867491333,98.5286486822756,6.7991572744227e-42,1242,3142648.43060145
age_4lvl,over65y,1999-2020,21.2,WTMEC.COMBN,gender,educ_level,prevent_ascvd_10yr_full,8464,26729931.4100009,163,gaussian (identity),Less than 9th grade,0.0418009538910308,0.00253130817658876,3.11778202250217e-36,0.0368395898649169,0.0467623179171448,98.5286486822756,6.7991572744227e-42,1619,2486441.60026408
age_4lvl,40to64y,1999-2020,21.2,WTMEC.COMBN,gender,educ_level,prevent_ascvd_10yr_full,20158,87296799.0217166,163,gaussian (identity),College graduate or above (Intercept),0.0344927472629084,0.000700956581607473,9.97474994002083e-98,0.0331188723629578,0.0358666221628591,129.542754038833,8.10216452138085e-49,4758,26810483.1437309
age_4lvl,40to64y,1999-2020,21.2,WTMEC.COMBN,gender,educ_level,prevent_ascvd_10yr_full,20158,87296799.0217166,163,gaussian (identity),Some college or AA degree,0.0112110513449029,0.000897217087726872,2.35967492091215e-25,0.00945250585295821,0.0129695968368475,129.542754038833,8.10216452138085e-49,5754,26637072.4484877
age_4lvl,40to64y,1999-2020,21.2,WTMEC.COMBN,gender,educ_level,prevent_ascvd_10yr_full,20158,87296799.0217166,163,gaussian (identity),HS graduate or GED,0.0144261384377437,0.00103080279621131,1.83774023480047e-29,0.0124057649571695,0.0164465119183179,129.542754038833,8.10216452138085e-49,4548,20648156.7050942
age_4lvl,40to64y,1999-2020,21.2,WTMEC.COMBN,gender,educ_level,prevent_ascvd_10yr_full,20158,87296799.0217166,163,gaussian (identity),9-11th grade,0.0211446475618965,0.00136570370483444,1.73046926821153e-33,0.018467868300421,0.023821426823372,129.542754038833,8.10216452138085e-49,2812,8684567.81065694
age_4lvl,40to64y,1999-2020,21.2,WTMEC.COMBN,gender,educ_level,prevent_ascvd_10yr_full,20158,87296799.0217166,163,gaussian (identity),Less than 9th grade,0.0234972682674292,0.00144269984388637,1.23931401196524e-35,0.0206695765734119,0.0263249599614465,129.542754038833,8.10216452138085e-49,2286,4516518.91374687
age_4lvl,30to39y,1999-2020,21.2,WTMEC.COMBN,gender,educ_level,prevent_ascvd_10yr_full,7307,32666737.542232,163,gaussian (identity),College graduate or above (Intercept),0.0099793993860941,0.000306363631473973,5.36999950699448e-72,0.00937892666840511,0.0105798721037831,79.2981736939362,8.9420756647946e-37,2006,10750865.0863602
age_4lvl,30to39y,1999-2020,21.2,WTMEC.COMBN,gender,educ_level,prevent_ascvd_10yr_full,7307,32666737.542232,163,gaussian (identity),Some college or AA degree,0.00552526675808675,0.000567843606780905,7.9753401603431e-18,0.00441229328879618,0.00663824022737733,79.2981736939362,8.9420756647946e-37,2162,9938722.6024763
age_4lvl,30to39y,1999-2020,21.2,WTMEC.COMBN,gender,educ_level,prevent_ascvd_10yr_full,7307,32666737.542232,163,gaussian (identity),HS graduate or GED,0.00649593686160358,0.00057279131669172,3.46722034795219e-22,0.00537326588088781,0.00761860784231935,79.2981736939362,8.9420756647946e-37,1560,6841305.79487315
age_4lvl,30to39y,1999-2020,21.2,WTMEC.COMBN,gender,educ_level,prevent_ascvd_10yr_full,7307,32666737.542232,163,gaussian (identity),9-11th grade,0.00904396095707457,0.000730017375066438,4.63256328741628e-25,0.00761312690194435,0.0104747950122048,79.2981736939362,8.9420756647946e-37,1054,3619051.82814781
age_4lvl,30to39y,1999-2020,21.2,WTMEC.COMBN,gender,educ_level,prevent_ascvd_10yr_full,7307,32666737.542232,163,gaussian (identity),Less than 9th grade,0.00782626055222319,0.0011503200162462,1.99600665158558e-10,0.00557163332038064,0.0100808877840658,79.2981736939362,8.9420756647946e-37,525,1516792.23037453
age_4lvl,over65y,1999-2020,21.2,WTMEC.COMBN,gender,educ_level,prevent_ascvd_30yr_base,8607,27122019.5913881,163,gaussian (identity),College graduate or above (Intercept),0.184970442008956,0.00171060459288788,4.71703437798584e-150,0.181617657006896,0.188323227011016,55.7432579038279,3.00291711772791e-29,1614,7035623.34559145
age_4lvl,over65y,1999-2020,21.2,WTMEC.COMBN,gender,educ_level,prevent_ascvd_30yr_base,8607,27122019.5913881,163,gaussian (identity),Some college or AA degree,0.0163173925570434,0.00196565267913934,4.32539856712586e-14,0.0124647133059303,0.0201700718081565,55.7432579038279,3.00291711772791e-29,2033,7275182.0743207
age_4lvl,over65y,1999-2020,21.2,WTMEC.COMBN,gender,educ_level,prevent_ascvd_30yr_base,8607,27122019.5913881,163,gaussian (identity),HS graduate or GED,0.0187659357508117,0.00186372166325773,9.86048803976314e-19,0.0151130412908266,0.0224188302107969,55.7432579038279,3.00291711772791e-29,2044,7088452.10571936
age_4lvl,over65y,1999-2020,21.2,WTMEC.COMBN,gender,educ_level,prevent_ascvd_30yr_base,8607,27122019.5913881,163,gaussian (identity),9-11th grade,0.0250760552207943,0.00233704413398805,1.60961921810345e-20,0.0204954487181778,0.0296566617234109,55.7432579038279,3.00291711772791e-29,1266,3191257.89724468
age_4lvl,over65y,1999-2020,21.2,WTMEC.COMBN,gender,educ_level,prevent_ascvd_30yr_base,8607,27122019.5913881,163,gaussian (identity),Less than 9th grade,0.0286821416800376,0.00229128865221339,2.04609392448052e-25,0.0241912159216994,0.0331730674383759,55.7432579038279,3.00291711772791e-29,1650,2531504.16851191
age_4lvl,40to64y,1999-2020,21.2,WTMEC.COMBN,gender,educ_level,prevent_ascvd_30yr_base,20311,87792194.5733804,163,gaussian (identity),College graduate or above (Intercept),0.12540089026736,0.00156301978122569,6.08035911104443e-130,0.122337371496158,0.128464409038562,124.094912787157,1.06697809141571e-47,4781,26903836.2875418
age_4lvl,40to64y,1999-2020,21.2,WTMEC.COMBN,gender,educ_level,prevent_ascvd_30yr_base,20311,87792194.5733804,163,gaussian (identity),Some college or AA degree,0.0256195223464865,0.001910459294921,7.29552786282004e-28,0.0218750221284413,0.0293640225645316,124.094912787157,1.06697809141571e-47,5794,26748773.9577258
age_4lvl,40to64y,1999-2020,21.2,WTMEC.COMBN,gender,educ_level,prevent_ascvd_30yr_base,20311,87792194.5733804,163,gaussian (identity),HS graduate or GED,0.0340357083981119,0.00228462368330862,6.50069794934069e-32,0.029557845978827,0.0385135708173968,124.094912787157,1.06697809141571e-47,4586,20790265.5523456
age_4lvl,40to64y,1999-2020,21.2,WTMEC.COMBN,gender,educ_level,prevent_ascvd_30yr_base,20311,87792194.5733804,163,gaussian (identity),9-11th grade,0.0445194219816492,0.0028287486429955,3.57950654386633e-34,0.038975074641378,0.0500637693219203,124.094912787157,1.06697809141571e-47,2843,8779221.6311271
age_4lvl,40to64y,1999-2020,21.2,WTMEC.COMBN,gender,educ_level,prevent_ascvd_30yr_base,20311,87792194.5733804,163,gaussian (identity),Less than 9th grade,0.0466880276410964,0.00313296716833299,6.32335577324336e-32,0.0405474119911638,0.0528286432910291,124.094912787157,1.06697809141571e-47,2307,4570097.14464006
age_4lvl,30to39y,1999-2020,21.2,WTMEC.COMBN,gender,educ_level,prevent_ascvd_30yr_base,7363,32911920.7416884,163,gaussian (identity),College graduate or above (Intercept),0.0438221054472504,0.00108776840408911,5.17187339731699e-85,0.0416900793752357,0.045954131519265,76.5429774808413,5.64221043809543e-36,2021,10816504.9439158
age_4lvl,30to39y,1999-2020,21.2,WTMEC.COMBN,gender,educ_level,prevent_ascvd_30yr_base,7363,32911920.7416884,163,gaussian (identity),Some college or AA degree,0.0193726579829496,0.00182104758147929,2.85521023158199e-20,0.0158034047232502,0.022941911242649,76.5429774808413,5.64221043809543e-36,2179,10011579.5430663
age_4lvl,30to39y,1999-2020,21.2,WTMEC.COMBN,gender,educ_level,prevent_ascvd_30yr_base,7363,32911920.7416884,163,gaussian (identity),HS graduate or GED,0.02565780892746,0.00213408484589818,4.68185739395291e-24,0.0214750026294996,0.0298406152254204,76.5429774808413,5.64221043809543e-36,1575,6913829.53391496
age_4lvl,30to39y,1999-2020,21.2,WTMEC.COMBN,gender,educ_level,prevent_ascvd_30yr_base,7363,32911920.7416884,163,gaussian (identity),9-11th grade,0.0321324293019082,0.00234340616712508,1.0903256840684e-28,0.0275393532143431,0.0367255053894734,76.5429774808413,5.64221043809543e-36,1060,3642522.20605896
age_4lvl,30to39y,1999-2020,21.2,WTMEC.COMBN,gender,educ_level,prevent_ascvd_30yr_base,7363,32911920.7416884,163,gaussian (identity),Less than 9th grade,0.0238039589871787,0.00350632682495587,2.1597623140091e-10,0.0169315584102652,0.0306763595640922,76.5429774808413,5.64221043809543e-36,528,1527484.51473236
age_4lvl,over65y,1999-2020,21.2,WTMEC.COMBN,gender,educ_level,prevent_ascvd_30yr_hba1c,8594,27086249.5402594,163,gaussian (identity),College graduate or above (Intercept),0.18036048834459,0.00162522027490969,8.22239712718779e-152,0.177175056605767,0.183545920083413,53.9836044909613,1.2931252852483e-28,1610,7020123.96819651
age_4lvl,over65y,1999-2020,21.2,WTMEC.COMBN,gender,educ_level,prevent_ascvd_30yr_hba1c,8594,27086249.5402594,163,gaussian (identity),Some college or AA degree,0.0141976003282588,0.00181161376243029,6.3829541724558e-13,0.0106468373538954,0.0177483633026222,53.9836044909613,1.2931252852483e-28,2032,7272280.61351768
age_4lvl,over65y,1999-2020,21.2,WTMEC.COMBN,gender,educ_level,prevent_ascvd_30yr_hba1c,8594,27086249.5402594,163,gaussian (identity),HS graduate or GED,0.0170975818101939,0.00171151896600849,1.61109993733559e-18,0.0137430046368172,0.0204521589835705,53.9836044909613,1.2931252852483e-28,2041,7076192.51156728
age_4lvl,over65y,1999-2020,21.2,WTMEC.COMBN,gender,educ_level,prevent_ascvd_30yr_hba1c,8594,27086249.5402594,163,gaussian (identity),9-11th grade,0.0228840160254927,0.00215766945580745,3.4939106110873e-20,0.0186549838921101,0.0271130481588753,53.9836044909613,1.2931252852483e-28,1265,3189835.48920808
age_4lvl,over65y,1999-2020,21.2,WTMEC.COMBN,gender,educ_level,prevent_ascvd_30yr_hba1c,8594,27086249.5402594,163,gaussian (identity),Less than 9th grade,0.0270669338933859,0.00213511944445316,7.48148095224089e-26,0.0228820997822577,0.0312517680045141,53.9836044909613,1.2931252852483e-28,1646,2527816.95776983
age_4lvl,40to64y,1999-2020,21.2,WTMEC.COMBN,gender,educ_level,prevent_ascvd_30yr_hba1c,20286,87705270.6156147,163,gaussian (identity),College graduate or above (Intercept),0.121591055649249,0.00149247609031349,5.70984198788549e-131,0.118665802512235,0.124516308786263,135.00740437507,6.62361113175009e-50,4779,26889709.2586645
age_4lvl,40to64y,1999-2020,21.2,WTMEC.COMBN,gender,educ_level,prevent_ascvd_30yr_hba1c,20286,87705270.6156147,163,gaussian (identity),Some college or AA degree,0.0245464546800578,0.0017789090586536,6.31694160925787e-29,0.0210597929250968,0.0280331164350189,135.00740437507,6.62361113175009e-50,5782,26714496.8027549
age_4lvl,40to64y,1999-2020,21.2,WTMEC.COMBN,gender,educ_level,prevent_ascvd_30yr_hba1c,20286,87705270.6156147,163,gaussian (identity),HS graduate or GED,0.0327886238108944,0.00208332747505408,3.57114347538739e-34,0.0287053019597884,0.0368719456620004,135.00740437507,6.62361113175009e-50,4580,20760219.7622163
age_4lvl,40to64y,1999-2020,21.2,WTMEC.COMBN,gender,educ_level,prevent_ascvd_30yr_hba1c,20286,87705270.6156147,163,gaussian (identity),9-11th grade,0.0430988109802479,0.00263676606416645,8.68360420670909e-36,0.0379307494944817,0.0482668724660141,135.00740437507,6.62361113175009e-50,2840,8775266.45953691
age_4lvl,40to64y,1999-2020,21.2,WTMEC.COMBN,gender,educ_level,prevent_ascvd_30yr_hba1c,20286,87705270.6156147,163,gaussian (identity),Less than 9th grade,0.045194975052593,0.00284905636732115,1.6605127966734e-34,0.0396108245726435,0.0507791255325424,135.00740437507,6.62361113175009e-50,2305,4565578.33244213
age_4lvl,30to39y,1999-2020,21.2,WTMEC.COMBN,gender,educ_level,prevent_ascvd_30yr_hba1c,7346,32841561.7544527,163,gaussian (identity),College graduate or above (Intercept),0.0421902170844261,0.00102292077942687,1.73481002885142e-86,0.0401852923567494,0.0441951418121027,81.3918278319721,2.26836240820961e-37,2017,10797605.681612
age_4lvl,30to39y,1999-2020,21.2,WTMEC.COMBN,gender,educ_level,prevent_ascvd_30yr_hba1c,7346,32841561.7544527,163,gaussian (identity),Some college or AA degree,0.0184377361068865,0.0017102596626168,1.17071631196867e-20,0.0150856271681576,0.0217898450456155,81.3918278319721,2.26836240820961e-37,2171,9978427.27948602
age_4lvl,30to39y,1999-2020,21.2,WTMEC.COMBN,gender,educ_level,prevent_ascvd_30yr_hba1c,7346,32841561.7544527,163,gaussian (identity),HS graduate or GED,0.0243144370856913,0.00194325079107975,2.1206557926049e-25,0.020505665535175,0.0281232086362076,81.3918278319721,2.26836240820961e-37,1571,6901213.98732642
age_4lvl,30to39y,1999-2020,21.2,WTMEC.COMBN,gender,educ_level,prevent_ascvd_30yr_hba1c,7346,32841561.7544527,163,gaussian (identity),9-11th grade,0.031170035276789,0.0021837642224605,3.20389437846728e-30,0.0268898574007664,0.0354502131528116,81.3918278319721,2.26836240820961e-37,1060,3642522.20605896
age_4lvl,30to39y,1999-2020,21.2,WTMEC.COMBN,gender,educ_level,prevent_ascvd_30yr_hba1c,7346,32841561.7544527,163,gaussian (identity),Less than 9th grade,0.0238313370952572,0.0033148152828489,2.44289339584374e-11,0.0173342991408733,0.030328375049641,81.3918278319721,2.26836240820961e-37,527,1521792.59996934
age_4lvl,over65y,1999-2020,21.2,WTMEC.COMBN,gender,educ_level,prevent_ascvd_30yr_uacr,8475,26760980.9150413,163,gaussian (identity),College graduate or above (Intercept),0.176787122369145,0.00176830019590162,9.50031005670481e-145,0.173321253985178,0.180252990753112,68.1494906748589,2.04126773060127e-33,1594,6965457.77121293
age_4lvl,over65y,1999-2020,21.2,WTMEC.COMBN,gender,educ_level,prevent_ascvd_30yr_uacr,8475,26760980.9150413,163,gaussian (identity),Some college or AA degree,0.0166644446195414,0.00201365848373374,5.02380431873079e-14,0.0127176739914233,0.0206112152476595,68.1494906748589,2.04126773060127e-33,2003,7187896.45771983
age_4lvl,over65y,1999-2020,21.2,WTMEC.COMBN,gender,educ_level,prevent_ascvd_30yr_uacr,8475,26760980.9150413,163,gaussian (identity),HS graduate or GED,0.0197711966400519,0.00189013205122638,8.67405612057429e-20,0.0160665378196482,0.0234758554604556,68.1494906748589,2.04126773060127e-33,2013,6974541.91163579
age_4lvl,over65y,1999-2020,21.2,WTMEC.COMBN,gender,educ_level,prevent_ascvd_30yr_uacr,8475,26760980.9150413,163,gaussian (identity),9-11th grade,0.0285107214133875,0.00244004263017681,3.96921233443816e-23,0.0237282378582409,0.033293204968534,68.1494906748589,2.04126773060127e-33,1243,3144070.83863806
age_4lvl,over65y,1999-2020,21.2,WTMEC.COMBN,gender,educ_level,prevent_ascvd_30yr_uacr,8475,26760980.9150413,163,gaussian (identity),Less than 9th grade,0.0323748580271033,0.00247371651921131,5.58791564800017e-27,0.0275263736494491,0.0372233424047574,68.1494906748589,2.04126773060127e-33,1622,2489013.93583474
age_4lvl,40to64y,1999-2020,21.2,WTMEC.COMBN,gender,educ_level,prevent_ascvd_30yr_uacr,20183,87383722.9794823,163,gaussian (identity),College graduate or above (Intercept),0.114540651602095,0.00151802228653953,7.74190997880678e-126,0.111565327920478,0.117515975283713,130.253775372076,5.82289109915603e-49,4760,26824610.1726082
age_4lvl,40to64y,1999-2020,21.2,WTMEC.COMBN,gender,educ_level,prevent_ascvd_30yr_uacr,20183,87383722.9794823,163,gaussian (identity),Some college or AA degree,0.0249054179091782,0.00186298543780598,9.48322483048338e-28,0.0212539664510785,0.0285568693672779,130.253775372076,5.82289109915603e-49,5766,26671349.6034586
age_4lvl,40to64y,1999-2020,21.2,WTMEC.COMBN,gender,educ_level,prevent_ascvd_30yr_uacr,20183,87383722.9794823,163,gaussian (identity),HS graduate or GED,0.0326230739802683,0.00218945364218759,6.40563867710004e-32,0.0283317448415806,0.036914403118956,130.253775372076,5.82289109915603e-49,4554,20678202.4952235
age_4lvl,40to64y,1999-2020,21.2,WTMEC.COMBN,gender,educ_level,prevent_ascvd_30yr_uacr,20183,87383722.9794823,163,gaussian (identity),9-11th grade,0.0436034827969804,0.00272988127415324,8.47827014813582e-35,0.03825291549964,0.0489540500943207,130.253775372076,5.82289109915603e-49,2815,8688522.98224713
age_4lvl,40to64y,1999-2020,21.2,WTMEC.COMBN,gender,educ_level,prevent_ascvd_30yr_uacr,20183,87383722.9794823,163,gaussian (identity),Less than 9th grade,0.0461379758793747,0.00298101188918265,1.78822485239525e-33,0.0402951925765767,0.0519807591821726,130.253775372076,5.82289109915603e-49,2288,4521037.72594479
age_4lvl,30to39y,1999-2020,21.2,WTMEC.COMBN,gender,educ_level,prevent_ascvd_30yr_uacr,7324,32737096.5294677,163,gaussian (identity),College graduate or above (Intercept),0.038557664462718,0.0010045873977279,5.37921658531209e-82,0.0365886731631713,0.0405266557622647,76.5764288077995,5.51599486255374e-36,2010,10769764.3486641
age_4lvl,30to39y,1999-2020,21.2,WTMEC.COMBN,gender,educ_level,prevent_ascvd_30yr_uacr,7324,32737096.5294677,163,gaussian (identity),Some college or AA degree,0.017854712348682,0.00167522844442798,2.52145049524069e-20,0.0145712645976031,0.0211381600997608,76.5764288077995,5.51599486255374e-36,2170,9971874.86605658
age_4lvl,30to39y,1999-2020,21.2,WTMEC.COMBN,gender,educ_level,prevent_ascvd_30yr_uacr,7324,32737096.5294677,163,gaussian (identity),HS graduate or GED,0.0228099367164254,0.00192825746533559,1.590837333393e-23,0.0190305520843676,0.0265893213484831,76.5764288077995,5.51599486255374e-36,1564,6853921.3414617
age_4lvl,30to39y,1999-2020,21.2,WTMEC.COMBN,gender,educ_level,prevent_ascvd_30yr_uacr,7324,32737096.5294677,163,gaussian (identity),9-11th grade,0.0296886369170752,0.00215879887693632,8.44823718600784e-29,0.02545739111828,0.0339198827158704,76.5764288077995,5.51599486255374e-36,1054,3619051.82814781
age_4lvl,30to39y,1999-2020,21.2,WTMEC.COMBN,gender,educ_level,prevent_ascvd_30yr_uacr,7324,32737096.5294677,163,gaussian (identity),Less than 9th grade,0.0228009088342137,0.00317980714558156,2.70984235927411e-11,0.0165684868288739,0.0290333308395536,76.5764288077995,5.51599486255374e-36,526,1522484.14513755
age_4lvl,over65y,1999-2020,21.2,WTMEC.COMBN,gender,educ_level,prevent_ascvd_30yr_full,8464,26729931.4100009,163,gaussian (identity),College graduate or above (Intercept),0.169503983688972,0.00163990428943928,5.32353875678562e-147,0.166289771281671,0.172718196096273,66.6039462401665,6.34519867434511e-33,1590,6949958.39381798
age_4lvl,over65y,1999-2020,21.2,WTMEC.COMBN,gender,educ_level,prevent_ascvd_30yr_full,8464,26729931.4100009,163,gaussian (identity),Some college or AA degree,0.014170503129783,0.00181179411515085,6.98512888824201e-13,0.0106193866640873,0.0177216195954786,66.6039462401665,6.34519867434511e-33,2002,7184994.99691681
age_4lvl,over65y,1999-2020,21.2,WTMEC.COMBN,gender,educ_level,prevent_ascvd_30yr_full,8464,26729931.4100009,163,gaussian (identity),HS graduate or GED,0.0175664250655392,0.00168399333749032,1.03804897365367e-19,0.0142657981240581,0.0208670520070202,66.6039462401665,6.34519867434511e-33,2011,6965887.9884006
age_4lvl,over65y,1999-2020,21.2,WTMEC.COMBN,gender,educ_level,prevent_ascvd_30yr_full,8464,26729931.4100009,163,gaussian (identity),9-11th grade,0.0254480135040407,0.00216755584865743,2.78882869419778e-23,0.0211996040406722,0.0296964229674093,66.6039462401665,6.34519867434511e-33,1242,3142648.43060145
age_4lvl,over65y,1999-2020,21.2,WTMEC.COMBN,gender,educ_level,prevent_ascvd_30yr_full,8464,26729931.4100009,163,gaussian (identity),Less than 9th grade,0.0294178790451668,0.00223256313488379,3.18169463737566e-27,0.0250420553007946,0.033793702789539,66.6039462401665,6.34519867434511e-33,1619,2486441.60026408
age_4lvl,40to64y,1999-2020,21.2,WTMEC.COMBN,gender,educ_level,prevent_ascvd_30yr_full,20158,87296799.0217166,163,gaussian (identity),College graduate or above (Intercept),0.113343025909853,0.00142658724470726,2.73966257339264e-129,0.110546914910227,0.116139136909479,137.729532787589,1.95863872559741e-50,4758,26810483.1437309
age_4lvl,40to64y,1999-2020,21.2,WTMEC.COMBN,gender,educ_level,prevent_ascvd_30yr_full,20158,87296799.0217166,163,gaussian (identity),Some college or AA degree,0.0232608938012353,0.00170147433444739,1.40981736310108e-28,0.0199260041057184,0.0265957834967522,137.729532787589,1.95863872559741e-50,5754,26637072.4484877
age_4lvl,40to64y,1999-2020,21.2,WTMEC.COMBN,gender,educ_level,prevent_ascvd_30yr_full,20158,87296799.0217166,163,gaussian (identity),HS graduate or GED,0.0303353972640963,0.0019685518777378,2.71004701107755e-33,0.0264770355837302,0.0341937589444624,137.729532787589,1.95863872559741e-50,4548,20648156.7050942
age_4lvl,40to64y,1999-2020,21.2,WTMEC.COMBN,gender,educ_level,prevent_ascvd_30yr_full,20158,87296799.0217166,163,gaussian (identity),9-11th grade,0.0405502546056098,0.00249514439347555,1.53771602498346e-35,0.0356597715943978,0.0454407376168219,137.729532787589,1.95863872559741e-50,2812,8684567.81065694
age_4lvl,40to64y,1999-2020,21.2,WTMEC.COMBN,gender,educ_level,prevent_ascvd_30yr_full,20158,87296799.0217166,163,gaussian (identity),Less than 9th grade,0.0437545767196337,0.00268061399070385,9.97482132508521e-36,0.0385005732978541,0.0490085801414132,137.729532787589,1.95863872559741e-50,2286,4516518.91374687
age_4lvl,30to39y,1999-2020,21.2,WTMEC.COMBN,gender,educ_level,prevent_ascvd_30yr_full,7307,32666737.542232,163,gaussian (identity),College graduate or above (Intercept),0.0392867108181693,0.000934812137386513,1.14348103589125e-87,0.0374544790288918,0.0411189426074469,76.6591680482209,5.2159505792329e-36,2006,10750865.0863602
age_4lvl,30to39y,1999-2020,21.2,WTMEC.COMBN,gender,educ_level,prevent_ascvd_30yr_full,7307,32666737.542232,163,gaussian (identity),Some college or AA degree,0.0162282478910845,0.00153199432534164,3.78966709999354e-20,0.0132255390134149,0.0192309567687541,76.6591680482209,5.2159505792329e-36,2162,9938722.6024763
age_4lvl,30to39y,1999-2020,21.2,WTMEC.COMBN,gender,educ_level,prevent_ascvd_30yr_full,7307,32666737.542232,163,gaussian (identity),HS graduate or GED,0.020338061880876,0.00169687175237036,5.92444921789628e-24,0.0170121932462301,0.0236639305155219,76.6591680482209,5.2159505792329e-36,1560,6841305.79487315
age_4lvl,30to39y,1999-2020,21.2,WTMEC.COMBN,gender,educ_level,prevent_ascvd_30yr_full,7307,32666737.542232,163,gaussian (identity),9-11th grade,0.027044410359934,0.00198555747451059,1.93708856598892e-28,0.0231527177098932,0.0309361030099747,76.6591680482209,5.2159505792329e-36,1054,3619051.82814781
age_4lvl,30to39y,1999-2020,21.2,WTMEC.COMBN,gender,educ_level,prevent_ascvd_30yr_full,7307,32666737.542232,163,gaussian (identity),Less than 9th grade,0.0221208958134096,0.00290599127832259,2.29750898062418e-12,0.0164251529078973,0.0278166387189219,76.6591680482209,5.2159505792329e-36,525,1516792.23037453
age_4lvl,over65y,1999-2020,21.2,WTMEC.COMBN,gender,educ_level,prevent_hf_10yr_base,8607,27122019.5913881,163,gaussian (identity),College graduate or above (Intercept),0.147145003384198,0.0024693591939932,3.43564152916901e-110,0.142305059363971,0.151984947404425,50.9171344659396,1.75896213141732e-27,1614,7035623.34559145
age_4lvl,over65y,1999-2020,21.2,WTMEC.COMBN,gender,educ_level,prevent_hf_10yr_base,8607,27122019.5913881,163,gaussian (identity),Some college or AA degree,0.0265002852262442,0.00272039049896535,7.44965643869409e-18,0.0211683198482721,0.0318322506042163,50.9171344659396,1.75896213141732e-27,2033,7275182.0743207
age_4lvl,over65y,1999-2020,21.2,WTMEC.COMBN,gender,educ_level,prevent_hf_10yr_base,8607,27122019.5913881,163,gaussian (identity),HS graduate or GED,0.0305216604095803,0.00314843218682175,9.95088485469047e-18,0.0243507333234096,0.0366925874957509,50.9171344659396,1.75896213141732e-27,2044,7088452.10571936
age_4lvl,over65y,1999-2020,21.2,WTMEC.COMBN,gender,educ_level,prevent_hf_10yr_base,8607,27122019.5913881,163,gaussian (identity),9-11th grade,0.0396579644946266,0.00349380482716775,3.25359996774323e-22,0.0328101070333778,0.0465058219558754,50.9171344659396,1.75896213141732e-27,1266,3191257.89724468
age_4lvl,over65y,1999-2020,21.2,WTMEC.COMBN,gender,educ_level,prevent_hf_10yr_base,8607,27122019.5913881,163,gaussian (identity),Less than 9th grade,0.0432597672278027,0.00361459601467145,6.61912834572011e-24,0.0361751590390467,0.0503443754165588,50.9171344659396,1.75896213141732e-27,1650,2531504.16851191
age_4lvl,40to64y,1999-2020,21.2,WTMEC.COMBN,gender,educ_level,prevent_hf_10yr_base,20311,87792194.5733804,163,gaussian (identity),College graduate or above (Intercept),0.0495226103208138,0.00103193931181425,4.09151605816279e-96,0.0475000092696579,0.0515452113719697,84.2414013349332,3.64017073121574e-38,4781,26903836.2875418
age_4lvl,40to64y,1999-2020,21.2,WTMEC.COMBN,gender,educ_level,prevent_hf_10yr_base,20311,87792194.5733804,163,gaussian (identity),Some college or AA degree,0.016253928769546,0.00144692977302282,6.82035906762034e-22,0.0134179464144213,0.0190899111246707,84.2414013349332,3.64017073121574e-38,5794,26748773.9577258
age_4lvl,40to64y,1999-2020,21.2,WTMEC.COMBN,gender,educ_level,prevent_hf_10yr_base,20311,87792194.5733804,163,gaussian (identity),HS graduate or GED,0.0218282190571084,0.00181112611070942,3.88712582072223e-24,0.018278411880118,0.0253780262340989,84.2414013349332,3.64017073121574e-38,4586,20790265.5523456
age_4lvl,40to64y,1999-2020,21.2,WTMEC.COMBN,gender,educ_level,prevent_hf_10yr_base,20311,87792194.5733804,163,gaussian (identity),9-11th grade,0.0278549155731015,0.00194462159668599,2.33452656119991e-30,0.0240434572435969,0.031666373902606,84.2414013349332,3.64017073121574e-38,2843,8779221.6311271
age_4lvl,40to64y,1999-2020,21.2,WTMEC.COMBN,gender,educ_level,prevent_hf_10yr_base,20311,87792194.5733804,163,gaussian (identity),Less than 9th grade,0.0264649911419536,0.00232957736667066,3.06483720261193e-22,0.0218990195032791,0.0310309627806281,84.2414013349332,3.64017073121574e-38,2307,4570097.14464006
age_4lvl,30to39y,1999-2020,21.2,WTMEC.COMBN,gender,educ_level,prevent_hf_10yr_base,7363,32911920.7416884,163,gaussian (identity),College graduate or above (Intercept),0.011560465607076,0.00045891655626458,3.30548487402738e-57,0.0106609891567974,0.0124599420573546,55.7424793728551,3.00483986843757e-29,2021,10816504.9439158
age_4lvl,30to39y,1999-2020,21.2,WTMEC.COMBN,gender,educ_level,prevent_hf_10yr_base,7363,32911920.7416884,163,gaussian (identity),Some college or AA degree,0.00737273949321437,0.000797586106416003,1.55665409699624e-16,0.00580947072463901,0.00893600826178974,55.7424793728551,3.00483986843757e-29,2179,10011579.5430663
age_4lvl,30to39y,1999-2020,21.2,WTMEC.COMBN,gender,educ_level,prevent_hf_10yr_base,7363,32911920.7416884,163,gaussian (identity),HS graduate or GED,0.00961932558907905,0.00107036044993288,7.34862091328971e-16,0.00752141910721061,0.0117172320709475,55.7424793728551,3.00483986843757e-29,1575,6913829.53391496
age_4lvl,30to39y,1999-2020,21.2,WTMEC.COMBN,gender,educ_level,prevent_hf_10yr_base,7363,32911920.7416884,163,gaussian (identity),9-11th grade,0.0105907837272297,0.00101542181348988,1.0476343569052e-19,0.00860055697278951,0.0125810104816698,55.7424793728551,3.00483986843757e-29,1060,3642522.20605896
age_4lvl,30to39y,1999-2020,21.2,WTMEC.COMBN,gender,educ_level,prevent_hf_10yr_base,7363,32911920.7416884,163,gaussian (identity),Less than 9th grade,0.00661714822998751,0.00150371169103744,1.97861001208381e-05,0.00366987331555414,0.00956442314442089,55.7424793728551,3.00483986843757e-29,528,1527484.51473236
age_4lvl,over65y,1999-2020,21.2,WTMEC.COMBN,gender,educ_level,prevent_hf_10yr_hba1c,8594,27086249.5402594,163,gaussian (identity),College graduate or above (Intercept),0.151928289138396,0.00248022619150752,5.25164388365396e-112,0.147067045803042,0.156789532473751,58.683040634295,2.77647480781209e-30,1610,7020123.96819651
age_4lvl,over65y,1999-2020,21.2,WTMEC.COMBN,gender,educ_level,prevent_hf_10yr_hba1c,8594,27086249.5402594,163,gaussian (identity),Some college or AA degree,0.0268256897856212,0.00293063692966488,2.68999112714617e-16,0.021081641403478,0.0325697381677644,58.683040634295,2.77647480781209e-30,2032,7272280.61351768
age_4lvl,over65y,1999-2020,21.2,WTMEC.COMBN,gender,educ_level,prevent_hf_10yr_hba1c,8594,27086249.5402594,163,gaussian (identity),HS graduate or GED,0.0326164072061481,0.00320594671800159,5.15438481758402e-19,0.0263327516388649,0.0389000627734312,58.683040634295,2.77647480781209e-30,2041,7076192.51156728
age_4lvl,over65y,1999-2020,21.2,WTMEC.COMBN,gender,educ_level,prevent_hf_10yr_hba1c,8594,27086249.5402594,163,gaussian (identity),9-11th grade,0.0424988717514316,0.00353320306048269,4.52007263070945e-24,0.0355737937528855,0.0494239497499776,58.683040634295,2.77647480781209e-30,1265,3189835.48920808
age_4lvl,over65y,1999-2020,21.2,WTMEC.COMBN,gender,educ_level,prevent_hf_10yr_hba1c,8594,27086249.5402594,163,gaussian (identity),Less than 9th grade,0.0491192454484399,0.00383212685907546,3.07307878266837e-26,0.041608276804652,0.0566302140922278,58.683040634295,2.77647480781209e-30,1646,2527816.95776983
age_4lvl,40to64y,1999-2020,21.2,WTMEC.COMBN,gender,educ_level,prevent_hf_10yr_hba1c,20286,87705270.6156147,163,gaussian (identity),College graduate or above (Intercept),0.0511799910539634,0.00107673080292021,1.68385851695847e-95,0.0490695986802398,0.053290383427687,94.9212200822254,5.45067667718184e-41,4779,26889709.2586645
age_4lvl,40to64y,1999-2020,21.2,WTMEC.COMBN,gender,educ_level,prevent_hf_10yr_hba1c,20286,87705270.6156147,163,gaussian (identity),Some college or AA degree,0.0172038709198055,0.00141689268633005,2.20493753801665e-24,0.0144267612545986,0.0199809805850124,94.9212200822254,5.45067667718184e-41,5782,26714496.8027549
age_4lvl,40to64y,1999-2020,21.2,WTMEC.COMBN,gender,educ_level,prevent_hf_10yr_hba1c,20286,87705270.6156147,163,gaussian (identity),HS graduate or GED,0.0230798898936025,0.00175014935554537,2.97472964299513e-27,0.0196495971567335,0.0265101826304714,94.9212200822254,5.45067667718184e-41,4580,20760219.7622163
age_4lvl,40to64y,1999-2020,21.2,WTMEC.COMBN,gender,educ_level,prevent_hf_10yr_hba1c,20286,87705270.6156147,163,gaussian (identity),9-11th grade,0.0306133035549255,0.00209578292333715,3.97830571665519e-31,0.0265055690251847,0.0347210380846664,94.9212200822254,5.45067667718184e-41,2840,8775266.45953691
age_4lvl,40to64y,1999-2020,21.2,WTMEC.COMBN,gender,educ_level,prevent_hf_10yr_hba1c,20286,87705270.6156147,163,gaussian (identity),Less than 9th grade,0.0302539349876247,0.00238382209185487,6.83279476033654e-26,0.0255816436875892,0.0349262262876603,94.9212200822254,5.45067667718184e-41,2305,4565578.33244213
age_4lvl,30to39y,1999-2020,21.2,WTMEC.COMBN,gender,educ_level,prevent_hf_10yr_hba1c,7346,32841561.7544527,163,gaussian (identity),College graduate or above (Intercept),0.0116265030047384,0.00044027639197114,7.95099327071782e-60,0.010763561276475,0.0124894447330018,66.5013796893736,6.84514000737586e-33,2017,10797605.681612
age_4lvl,30to39y,1999-2020,21.2,WTMEC.COMBN,gender,educ_level,prevent_hf_10yr_hba1c,7346,32841561.7544527,163,gaussian (identity),Some college or AA degree,0.00775844780652731,0.000784099079450654,2.89655895710473e-18,0.00622161361080403,0.00929528200225059,66.5013796893736,6.84514000737586e-33,2171,9978427.27948602
age_4lvl,30to39y,1999-2020,21.2,WTMEC.COMBN,gender,educ_level,prevent_hf_10yr_hba1c,7346,32841561.7544527,163,gaussian (identity),HS graduate or GED,0.0096390237519825,0.000964279920083502,1.54885972589478e-18,0.00774903510861884,0.0115290123953462,66.5013796893736,6.84514000737586e-33,1571,6901213.98732642
age_4lvl,30to39y,1999-2020,21.2,WTMEC.COMBN,gender,educ_level,prevent_hf_10yr_hba1c,7346,32841561.7544527,163,gaussian (identity),9-11th grade,0.0117236359453979,0.00109522802140328,1.88846797124246e-20,0.00957698902344748,0.0138702828673483,66.5013796893736,6.84514000737586e-33,1060,3642522.20605896
age_4lvl,30to39y,1999-2020,21.2,WTMEC.COMBN,gender,educ_level,prevent_hf_10yr_hba1c,7346,32841561.7544527,163,gaussian (identity),Less than 9th grade,0.0086395833377772,0.00186002339196558,7.12132074567364e-06,0.00499393748952465,0.0122852291860297,66.5013796893736,6.84514000737586e-33,527,1521792.59996934
age_4lvl,over65y,1999-2020,21.2,WTMEC.COMBN,gender,educ_level,prevent_hf_10yr_uacr,8475,26760980.9150413,163,gaussian (identity),College graduate or above (Intercept),0.130508525385405,0.002884570868613,2.41365473662519e-92,0.124854766482924,0.136162284287887,45.2960600780981,2.66057479859606e-25,1594,6965457.77121293
age_4lvl,over65y,1999-2020,21.2,WTMEC.COMBN,gender,educ_level,prevent_hf_10yr_uacr,8475,26760980.9150413,163,gaussian (identity),Some college or AA degree,0.0256086308580517,0.00298902864090998,9.00291305217347e-15,0.0197501347218682,0.0314671269942353,45.2960600780981,2.66057479859606e-25,2003,7187896.45771983
age_4lvl,over65y,1999-2020,21.2,WTMEC.COMBN,gender,educ_level,prevent_hf_10yr_uacr,8475,26760980.9150413,163,gaussian (identity),HS graduate or GED,0.0314407653289259,0.00375838221161151,2.96666403036453e-14,0.0240743361941673,0.0388071944636844,45.2960600780981,2.66057479859606e-25,2013,6974541.91163579
age_4lvl,over65y,1999-2020,21.2,WTMEC.COMBN,gender,educ_level,prevent_hf_10yr_uacr,8475,26760980.9150413,163,gaussian (identity),9-11th grade,0.0472149924078387,0.00423145578266979,1.0953157736826e-21,0.0389213390738059,0.0555086457418715,45.2960600780981,2.66057479859606e-25,1243,3144070.83863806
age_4lvl,over65y,1999-2020,21.2,WTMEC.COMBN,gender,educ_level,prevent_hf_10yr_uacr,8475,26760980.9150413,163,gaussian (identity),Less than 9th grade,0.0509576841785635,0.00460830466539678,2.05767231406444e-21,0.0419254070343859,0.0599899613227412,45.2960600780981,2.66057479859606e-25,1622,2489013.93583474
age_4lvl,40to64y,1999-2020,21.2,WTMEC.COMBN,gender,educ_level,prevent_hf_10yr_uacr,20183,87383722.9794823,163,gaussian (identity),College graduate or above (Intercept),0.0389250354686123,0.000938791091638139,8.08722089054438e-87,0.0370850049290015,0.040765066008223,95.1268196779784,4.83375852119522e-41,4760,26824610.1726082
age_4lvl,40to64y,1999-2020,21.2,WTMEC.COMBN,gender,educ_level,prevent_hf_10yr_uacr,20183,87383722.9794823,163,gaussian (identity),Some college or AA degree,0.0151687851993683,0.0012829922467602,1.65568964970635e-23,0.0126541203957183,0.0176834500030183,95.1268196779784,4.83375852119522e-41,5766,26671349.6034586
age_4lvl,40to64y,1999-2020,21.2,WTMEC.COMBN,gender,educ_level,prevent_hf_10yr_uacr,20183,87383722.9794823,163,gaussian (identity),HS graduate or GED,0.0190597659071146,0.00149717859972916,5.33627162881945e-26,0.0161252958516455,0.0219942359625838,95.1268196779784,4.83375852119522e-41,4554,20678202.4952235
age_4lvl,40to64y,1999-2020,21.2,WTMEC.COMBN,gender,educ_level,prevent_hf_10yr_uacr,20183,87383722.9794823,163,gaussian (identity),9-11th grade,0.0258608908239538,0.00175124348107246,1.46585867438444e-31,0.0224284536010518,0.0292933280468558,95.1268196779784,4.83375852119522e-41,2815,8688522.98224713
age_4lvl,40to64y,1999-2020,21.2,WTMEC.COMBN,gender,educ_level,prevent_hf_10yr_uacr,20183,87383722.9794823,163,gaussian (identity),Less than 9th grade,0.0255459894291912,0.00196283229124419,8.8433508627435e-27,0.0216988381383525,0.0293931407200298,95.1268196779784,4.83375852119522e-41,2288,4521037.72594479
age_4lvl,30to39y,1999-2020,21.2,WTMEC.COMBN,gender,educ_level,prevent_hf_10yr_uacr,7324,32737096.5294677,163,gaussian (identity),College graduate or above (Intercept),0.00846188246525118,0.000352864858987814,1.59050239736188e-54,0.00777026734163507,0.0091534975888673,57.9046754925102,5.17937521387604e-30,2010,10769764.3486641
age_4lvl,30to39y,1999-2020,21.2,WTMEC.COMBN,gender,educ_level,prevent_hf_10yr_uacr,7324,32737096.5294677,163,gaussian (identity),Some college or AA degree,0.0061407309360384,0.000710507032749175,5.76149493319556e-15,0.00474813715185001,0.00753332472022678,57.9046754925102,5.17937521387604e-30,2170,9971874.86605658
age_4lvl,30to39y,1999-2020,21.2,WTMEC.COMBN,gender,educ_level,prevent_hf_10yr_uacr,7324,32737096.5294677,163,gaussian (identity),HS graduate or GED,0.00670241867453423,0.000730635500368547,2.38513192397723e-16,0.00527037309381188,0.00813446425525658,57.9046754925102,5.17937521387604e-30,1564,6853921.3414617
age_4lvl,30to39y,1999-2020,21.2,WTMEC.COMBN,gender,educ_level,prevent_hf_10yr_uacr,7324,32737096.5294677,163,gaussian (identity),9-11th grade,0.00855439517273913,0.000894890874390464,2.27807735905756e-17,0.00680040905893382,0.0103083812865444,57.9046754925102,5.17937521387604e-30,1054,3619051.82814781
age_4lvl,30to39y,1999-2020,21.2,WTMEC.COMBN,gender,educ_level,prevent_hf_10yr_uacr,7324,32737096.5294677,163,gaussian (identity),Less than 9th grade,0.00589393776224324,0.00122799923085235,3.65622127999894e-06,0.00348705926977264,0.00830081625471383,57.9046754925102,5.17937521387604e-30,526,1522484.14513755
age_4lvl,over65y,1999-2020,21.2,WTMEC.COMBN,gender,educ_level,prevent_hf_10yr_full,8464,26729931.4100009,163,gaussian (identity),College graduate or above (Intercept),0.135829927798874,0.00285564998147915,1.52181729254622e-95,0.130232853835175,0.141427001762574,50.3857504025274,2.7895586994212e-27,1590,6949958.39381798
age_4lvl,over65y,1999-2020,21.2,WTMEC.COMBN,gender,educ_level,prevent_hf_10yr_full,8464,26729931.4100009,163,gaussian (identity),Some college or AA degree,0.0252681330374155,0.00310417370723304,1.10885069290595e-13,0.0191839525712387,0.0313523135035922,50.3857504025274,2.7895586994212e-27,2002,7184994.99691681
age_4lvl,over65y,1999-2020,21.2,WTMEC.COMBN,gender,educ_level,prevent_hf_10yr_full,8464,26729931.4100009,163,gaussian (identity),HS graduate or GED,0.0323807070337899,0.00370460002399739,3.21556945695248e-15,0.025119690986755,0.0396417230808248,50.3857504025274,2.7895586994212e-27,2011,6965887.9884006
age_4lvl,over65y,1999-2020,21.2,WTMEC.COMBN,gender,educ_level,prevent_hf_10yr_full,8464,26729931.4100009,163,gaussian (identity),9-11th grade,0.0482500104287254,0.00415363640419632,6.10406090131447e-23,0.0401088830765006,0.0563911377809502,50.3857504025274,2.7895586994212e-27,1242,3142648.43060145
age_4lvl,over65y,1999-2020,21.2,WTMEC.COMBN,gender,educ_level,prevent_hf_10yr_full,8464,26729931.4100009,163,gaussian (identity),Less than 9th grade,0.0546344254627696,0.00463791913535664,2.17280021852784e-23,0.0455441039574706,0.0637247469680686,50.3857504025274,2.7895586994212e-27,1619,2486441.60026408
age_4lvl,40to64y,1999-2020,21.2,WTMEC.COMBN,gender,educ_level,prevent_hf_10yr_full,20158,87296799.0217166,163,gaussian (identity),College graduate or above (Intercept),0.0429361020854765,0.00100473433515358,1.01105595106674e-88,0.0409668227885755,0.0449053813823775,97.52025369464,1.20994962234838e-41,4758,26810483.1437309
age_4lvl,40to64y,1999-2020,21.2,WTMEC.COMBN,gender,educ_level,prevent_hf_10yr_full,20158,87296799.0217166,163,gaussian (identity),Some college or AA degree,0.0153437381992104,0.00128261159014693,6.83986387554546e-24,0.0128298194825224,0.0178576569158984,97.52025369464,1.20994962234838e-41,5754,26637072.4484877
age_4lvl,40to64y,1999-2020,21.2,WTMEC.COMBN,gender,educ_level,prevent_hf_10yr_full,20158,87296799.0217166,163,gaussian (identity),HS graduate or GED,0.0192933691531416,0.00145099242229084,1.4924203176145e-27,0.0164494240054515,0.0221373143008316,97.52025369464,1.20994962234838e-41,4548,20648156.7050942
age_4lvl,40to64y,1999-2020,21.2,WTMEC.COMBN,gender,educ_level,prevent_hf_10yr_full,20158,87296799.0217166,163,gaussian (identity),9-11th grade,0.0270748624542165,0.00186014838738247,5.50051956370974e-31,0.0234289716149468,0.0307207532934861,97.52025369464,1.20994962234838e-41,2812,8684567.81065694
age_4lvl,40to64y,1999-2020,21.2,WTMEC.COMBN,gender,educ_level,prevent_hf_10yr_full,20158,87296799.0217166,163,gaussian (identity),Less than 9th grade,0.0281605147619861,0.00206165648660237,1.5190513519635e-28,0.0241196680482454,0.0322013614757267,97.52025369464,1.20994962234838e-41,2286,4516518.91374687
age_4lvl,30to39y,1999-2020,21.2,WTMEC.COMBN,gender,educ_level,prevent_hf_10yr_full,7307,32666737.542232,163,gaussian (identity),College graduate or above (Intercept),0.00972378949572384,0.000346709015007462,3.09966012987303e-63,0.00904423982630922,0.0104033391651385,65.4619138209704,1.48242719308058e-32,2006,10750865.0863602
age_4lvl,30to39y,1999-2020,21.2,WTMEC.COMBN,gender,educ_level,prevent_hf_10yr_full,7307,32666737.542232,163,gaussian (identity),Some college or AA degree,0.00618497442399218,0.000691059958866215,9.18092660941844e-16,0.0048304969046144,0.00753945194336996,65.4619138209704,1.48242719308058e-32,2162,9938722.6024763
age_4lvl,30to39y,1999-2020,21.2,WTMEC.COMBN,gender,educ_level,prevent_hf_10yr_full,7307,32666737.542232,163,gaussian (identity),HS graduate or GED,0.00647698191693921,0.000650028384651374,1.88680909010526e-18,0.00520292628302252,0.00775103755085591,65.4619138209704,1.48242719308058e-32,1560,6841305.79487315
age_4lvl,30to39y,1999-2020,21.2,WTMEC.COMBN,gender,educ_level,prevent_hf_10yr_full,7307,32666737.542232,163,gaussian (identity),9-11th grade,0.00909525438379522,0.000976988606725039,1.04474111953452e-16,0.00718035671461415,0.0110101520529763,65.4619138209704,1.48242719308058e-32,1054,3619051.82814781
age_4lvl,30to39y,1999-2020,21.2,WTMEC.COMBN,gender,educ_level,prevent_hf_10yr_full,7307,32666737.542232,163,gaussian (identity),Less than 9th grade,0.00714976980669947,0.00145890778645886,2.3461280232344e-06,0.00429031054524011,0.0100092290681588,65.4619138209704,1.48242719308058e-32,525,1516792.23037453
age_4lvl,over65y,1999-2020,21.2,WTMEC.COMBN,gender,educ_level,prevent_hf_30yr_base,8607,27122019.5913881,163,gaussian (identity),College graduate or above (Intercept),0.281110577540787,0.00239706861275428,1.49034264772962e-155,0.276412323059789,0.285808832021785,18.4426380519066,1.86937552520068e-12,1614,7035623.34559145
age_4lvl,over65y,1999-2020,21.2,WTMEC.COMBN,gender,educ_level,prevent_hf_30yr_base,8607,27122019.5913881,163,gaussian (identity),Some college or AA degree,0.0204246721678302,0.00286090780332893,3.21944207131472e-11,0.0148172928733055,0.026032051462355,18.4426380519066,1.86937552520068e-12,2033,7275182.0743207
age_4lvl,over65y,1999-2020,21.2,WTMEC.COMBN,gender,educ_level,prevent_hf_30yr_base,8607,27122019.5913881,163,gaussian (identity),HS graduate or GED,0.0198518620698268,0.00286306485031892,9.8852501400194e-11,0.0142402549632018,0.0254634691764519,18.4426380519066,1.86937552520068e-12,2044,7088452.10571936
age_4lvl,over65y,1999-2020,21.2,WTMEC.COMBN,gender,educ_level,prevent_hf_30yr_base,8607,27122019.5913881,163,gaussian (identity),9-11th grade,0.0228863697781805,0.00331229990036313,1.12740599014854e-10,0.0163942619734688,0.0293784775828923,18.4426380519066,1.86937552520068e-12,1266,3191257.89724468
age_4lvl,over65y,1999-2020,21.2,WTMEC.COMBN,gender,educ_level,prevent_hf_30yr_base,8607,27122019.5913881,163,gaussian (identity),Less than 9th grade,0.0188861604533698,0.00314866816734049,1.31248359927861e-08,0.0127147708453824,0.0250575500613571,18.4426380519066,1.86937552520068e-12,1650,2531504.16851191
age_4lvl,40to64y,1999-2020,21.2,WTMEC.COMBN,gender,educ_level,prevent_hf_30yr_base,20311,87792194.5733804,163,gaussian (identity),College graduate or above (Intercept),0.170462266164601,0.00220743377866613,2.19389336130508e-127,0.166135695958415,0.174788836370786,83.5465352677843,5.66496078963582e-38,4781,26903836.2875418
age_4lvl,40to64y,1999-2020,21.2,WTMEC.COMBN,gender,educ_level,prevent_hf_30yr_base,20311,87792194.5733804,163,gaussian (identity),Some college or AA degree,0.033737079342235,0.00284684556312746,1.3897822096891e-23,0.0281572620385052,0.0393168966459649,83.5465352677843,5.66496078963582e-38,5794,26748773.9577258
age_4lvl,40to64y,1999-2020,21.2,WTMEC.COMBN,gender,educ_level,prevent_hf_30yr_base,20311,87792194.5733804,163,gaussian (identity),HS graduate or GED,0.0425458390239069,0.00318584196358134,1.03516275395359e-27,0.0363015887752875,0.0487900892725263,83.5465352677843,5.66496078963582e-38,4586,20790265.5523456
age_4lvl,40to64y,1999-2020,21.2,WTMEC.COMBN,gender,educ_level,prevent_hf_30yr_base,20311,87792194.5733804,163,gaussian (identity),9-11th grade,0.0521060304349777,0.00358011398193539,5.53231702540292e-31,0.0450890070303843,0.059123053839571,83.5465352677843,5.66496078963582e-38,2843,8779221.6311271
age_4lvl,40to64y,1999-2020,21.2,WTMEC.COMBN,gender,educ_level,prevent_hf_30yr_base,20311,87792194.5733804,163,gaussian (identity),Less than 9th grade,0.0471730900874254,0.00440593227315281,1.85992641048102e-20,0.0385374628320459,0.0558087173428049,83.5465352677843,5.66496078963582e-38,2307,4570097.14464006
age_4lvl,30to39y,1999-2020,21.2,WTMEC.COMBN,gender,educ_level,prevent_hf_30yr_base,7363,32911920.7416884,163,gaussian (identity),College graduate or above (Intercept),0.0525183770039889,0.00145357984193969,2.86121364742513e-78,0.0496693605137871,0.0553673934941906,58.1972593191649,4.09488455403654e-30,2021,10816504.9439158
age_4lvl,30to39y,1999-2020,21.2,WTMEC.COMBN,gender,educ_level,prevent_hf_30yr_base,7363,32911920.7416884,163,gaussian (identity),Some college or AA degree,0.0237755399416946,0.00232625333801802,3.85472542171936e-19,0.0192160833991793,0.0283349964842099,58.1972593191649,4.09488455403654e-30,2179,10011579.5430663
age_4lvl,30to39y,1999-2020,21.2,WTMEC.COMBN,gender,educ_level,prevent_hf_30yr_base,7363,32911920.7416884,163,gaussian (identity),HS graduate or GED,0.0301261026412,0.00287564352314672,7.84647859015082e-20,0.0244898413358325,0.0357623639465676,58.1972593191649,4.09488455403654e-30,1575,6913829.53391496
age_4lvl,30to39y,1999-2020,21.2,WTMEC.COMBN,gender,educ_level,prevent_hf_30yr_base,7363,32911920.7416884,163,gaussian (identity),9-11th grade,0.0345421924653258,0.00300148430463316,1.20616513179623e-22,0.0286592832282449,0.0404251017024068,58.1972593191649,4.09488455403654e-30,1060,3642522.20605896
age_4lvl,30to39y,1999-2020,21.2,WTMEC.COMBN,gender,educ_level,prevent_hf_30yr_base,7363,32911920.7416884,163,gaussian (identity),Less than 9th grade,0.0213445056781713,0.00410996459111179,6.28190083720298e-07,0.0132889750795923,0.0294000362767505,58.1972593191649,4.09488455403654e-30,528,1527484.51473236
age_4lvl,over65y,1999-2020,21.2,WTMEC.COMBN,gender,educ_level,prevent_hf_30yr_hba1c,8594,27086249.5402594,163,gaussian (identity),College graduate or above (Intercept),0.284061387266436,0.00241084798229561,7.1400921986658e-156,0.279336125221136,0.288786649311735,21.5300690442426,3.41699441610647e-14,1610,7020123.96819651
age_4lvl,over65y,1999-2020,21.2,WTMEC.COMBN,gender,educ_level,prevent_hf_30yr_hba1c,8594,27086249.5402594,163,gaussian (identity),Some college or AA degree,0.0201492794599125,0.00296602042444008,2.10810219384141e-10,0.0143358794280099,0.025962679491815,21.5300690442426,3.41699441610647e-14,2032,7272280.61351768
age_4lvl,over65y,1999-2020,21.2,WTMEC.COMBN,gender,educ_level,prevent_hf_30yr_hba1c,8594,27086249.5402594,163,gaussian (identity),HS graduate or GED,0.020935891119698,0.00283464752155864,8.21120920508499e-12,0.015379981977443,0.0264918002619529,21.5300690442426,3.41699441610647e-14,2041,7076192.51156728
age_4lvl,over65y,1999-2020,21.2,WTMEC.COMBN,gender,educ_level,prevent_hf_30yr_hba1c,8594,27086249.5402594,163,gaussian (identity),9-11th grade,0.0244558872894072,0.00322325199590386,2.6441056598246e-12,0.0181383133774356,0.0307734612013788,21.5300690442426,3.41699441610647e-14,1265,3189835.48920808
age_4lvl,over65y,1999-2020,21.2,WTMEC.COMBN,gender,educ_level,prevent_hf_30yr_hba1c,8594,27086249.5402594,163,gaussian (identity),Less than 9th grade,0.0232099182763688,0.00331496537509148,6.8395308969146e-11,0.0167125861411895,0.0297072504115481,21.5300690442426,3.41699441610647e-14,1646,2527816.95776983
age_4lvl,40to64y,1999-2020,21.2,WTMEC.COMBN,gender,educ_level,prevent_hf_30yr_hba1c,20286,87705270.6156147,163,gaussian (identity),College graduate or above (Intercept),0.172785052477838,0.00220655631500137,2.56694021245313e-128,0.168460202100436,0.177109902855241,93.9478431456058,9.6493739079637e-41,4779,26889709.2586645
age_4lvl,40to64y,1999-2020,21.2,WTMEC.COMBN,gender,educ_level,prevent_hf_30yr_hba1c,20286,87705270.6156147,163,gaussian (identity),Some college or AA degree,0.0346929083062807,0.00276995410636099,1.95978926619757e-25,0.0292637982578132,0.0401220183547483,93.9478431456058,9.6493739079637e-41,5782,26714496.8027549
age_4lvl,40to64y,1999-2020,21.2,WTMEC.COMBN,gender,educ_level,prevent_hf_30yr_hba1c,20286,87705270.6156147,163,gaussian (identity),HS graduate or GED,0.043785688808336,0.00302628535723343,9.45956379104748e-31,0.0378541695081585,0.0497172081085135,93.9478431456058,9.6493739079637e-41,4580,20760219.7622163
age_4lvl,40to64y,1999-2020,21.2,WTMEC.COMBN,gender,educ_level,prevent_hf_30yr_hba1c,20286,87705270.6156147,163,gaussian (identity),9-11th grade,0.0545194730469595,0.00359088532342965,1.10683535609279e-32,0.0474813378130374,0.0615576082808816,93.9478431456058,9.6493739079637e-41,2840,8775266.45953691
age_4lvl,40to64y,1999-2020,21.2,WTMEC.COMBN,gender,educ_level,prevent_hf_30yr_hba1c,20286,87705270.6156147,163,gaussian (identity),Less than 9th grade,0.051444095701717,0.00435916966667647,1.89799977788553e-23,0.0429001231550311,0.0599880682484029,93.9478431456058,9.6493739079637e-41,2305,4565578.33244213
age_4lvl,30to39y,1999-2020,21.2,WTMEC.COMBN,gender,educ_level,prevent_hf_30yr_hba1c,7346,32841561.7544527,163,gaussian (identity),College graduate or above (Intercept),0.0527288579130281,0.00141189452212321,2.64303455242066e-80,0.0499615446496666,0.0554961711763896,66.2002511902734,8.55590125678783e-33,2017,10797605.681612
age_4lvl,30to39y,1999-2020,21.2,WTMEC.COMBN,gender,educ_level,prevent_hf_30yr_hba1c,7346,32841561.7544527,163,gaussian (identity),Some college or AA degree,0.024289246453463,0.00227283548759722,2.10735088961482e-20,0.0198344888977725,0.0287440040091535,66.2002511902734,8.55590125678783e-33,2171,9978427.27948602
age_4lvl,30to39y,1999-2020,21.2,WTMEC.COMBN,gender,educ_level,prevent_hf_30yr_hba1c,7346,32841561.7544527,163,gaussian (identity),HS graduate or GED,0.0301103891947498,0.00270069782503196,1.15897024236673e-21,0.0248170214576871,0.0354037569318124,66.2002511902734,8.55590125678783e-33,1571,6901213.98732642
age_4lvl,30to39y,1999-2020,21.2,WTMEC.COMBN,gender,educ_level,prevent_hf_30yr_hba1c,7346,32841561.7544527,163,gaussian (identity),9-11th grade,0.0358735830510787,0.00298077709889845,4.33672773832079e-24,0.0300312599372377,0.0417159061649196,66.2002511902734,8.55590125678783e-33,1060,3642522.20605896
age_4lvl,30to39y,1999-2020,21.2,WTMEC.COMBN,gender,educ_level,prevent_hf_30yr_hba1c,7346,32841561.7544527,163,gaussian (identity),Less than 9th grade,0.0245175475693023,0.0045112262102333,2.04109226793952e-07,0.0156755441972451,0.0333595509413596,66.2002511902734,8.55590125678783e-33,527,1521792.59996934
age_4lvl,over65y,1999-2020,21.2,WTMEC.COMBN,gender,educ_level,prevent_hf_30yr_uacr,8475,26760980.9150413,163,gaussian (identity),College graduate or above (Intercept),0.262606641007579,0.00275474935230241,1.55170895497553e-141,0.257207332277067,0.268005949738092,21.7175484999049,2.69624760174471e-14,1594,6965457.77121293
age_4lvl,over65y,1999-2020,21.2,WTMEC.COMBN,gender,educ_level,prevent_hf_30yr_uacr,8475,26760980.9150413,163,gaussian (identity),Some college or AA degree,0.0210672327803494,0.00310152461222032,2.1175216789837e-10,0.0149882445403975,0.0271462210203012,21.7175484999049,2.69624760174471e-14,2003,7187896.45771983
age_4lvl,over65y,1999-2020,21.2,WTMEC.COMBN,gender,educ_level,prevent_hf_30yr_uacr,8475,26760980.9150413,163,gaussian (identity),HS graduate or GED,0.0222693917417426,0.00329752962068186,2.61217784856183e-10,0.0158062336852062,0.0287325497982791,21.7175484999049,2.69624760174471e-14,2013,6974541.91163579
age_4lvl,over65y,1999-2020,21.2,WTMEC.COMBN,gender,educ_level,prevent_hf_30yr_uacr,8475,26760980.9150413,163,gaussian (identity),9-11th grade,0.0308452073874912,0.00391885797348342,5.25258175516908e-13,0.0231642457594637,0.0385261690155187,21.7175484999049,2.69624760174471e-14,1243,3144070.83863806
age_4lvl,over65y,1999-2020,21.2,WTMEC.COMBN,gender,educ_level,prevent_hf_30yr_uacr,8475,26760980.9150413,163,gaussian (identity),Less than 9th grade,0.027718672194609,0.00384772332765748,2.25406847743653e-11,0.0201771344724003,0.0352602099168177,21.7175484999049,2.69624760174471e-14,1622,2489013.93583474
age_4lvl,40to64y,1999-2020,21.2,WTMEC.COMBN,gender,educ_level,prevent_hf_30yr_uacr,20183,87383722.9794823,163,gaussian (identity),College graduate or above (Intercept),0.149508358277034,0.00208637490286208,2.13519441824409e-122,0.145419063467424,0.153597653086643,92.5057812580241,2.26623613509494e-40,4760,26824610.1726082
age_4lvl,40to64y,1999-2020,21.2,WTMEC.COMBN,gender,educ_level,prevent_hf_30yr_uacr,20183,87383722.9794823,163,gaussian (identity),Some college or AA degree,0.0327658841686145,0.00263717631926136,3.69126888557706e-25,0.0275970185828623,0.0379347497543668,92.5057812580241,2.26623613509494e-40,5766,26671349.6034586
age_4lvl,40to64y,1999-2020,21.2,WTMEC.COMBN,gender,educ_level,prevent_hf_30yr_uacr,20183,87383722.9794823,163,gaussian (identity),HS graduate or GED,0.0403105673708094,0.00292536076373248,7.11480519179721e-29,0.0345768602738937,0.0460442744677251,92.5057812580241,2.26623613509494e-40,4554,20678202.4952235
age_4lvl,40to64y,1999-2020,21.2,WTMEC.COMBN,gender,educ_level,prevent_hf_30yr_uacr,20183,87383722.9794823,163,gaussian (identity),9-11th grade,0.0510951021579917,0.00343067446360665,6.66985149407992e-32,0.0443709802093227,0.0578192241066607,92.5057812580241,2.26623613509494e-40,2815,8688522.98224713
age_4lvl,40to64y,1999-2020,21.2,WTMEC.COMBN,gender,educ_level,prevent_hf_30yr_uacr,20183,87383722.9794823,163,gaussian (identity),Less than 9th grade,0.0481307025249774,0.00402367533765277,6.88376167467887e-24,0.040244298863178,0.0560171061867768,92.5057812580241,2.26623613509494e-40,2288,4521037.72594479
age_4lvl,30to39y,1999-2020,21.2,WTMEC.COMBN,gender,educ_level,prevent_hf_30yr_uacr,7324,32737096.5294677,163,gaussian (identity),College graduate or above (Intercept),0.0434427653315754,0.00123180394289589,8.57384835281345e-77,0.0410284296034994,0.0458571010596513,61.924983741084,2.17760825910086e-31,2010,10769764.3486641
age_4lvl,30to39y,1999-2020,21.2,WTMEC.COMBN,gender,educ_level,prevent_hf_30yr_uacr,7324,32737096.5294677,163,gaussian (identity),Some college or AA degree,0.0210446141445417,0.00205622632992626,3.53258722381253e-19,0.0170144105378863,0.0250748177511972,61.924983741084,2.17760825910086e-31,2170,9971874.86605658
age_4lvl,30to39y,1999-2020,21.2,WTMEC.COMBN,gender,educ_level,prevent_hf_30yr_uacr,7324,32737096.5294677,163,gaussian (identity),HS graduate or GED,0.024957327167725,0.00238946101636245,9.55218474862013e-20,0.0202739835756546,0.0296406707597954,61.924983741084,2.17760825910086e-31,1564,6853921.3414617
age_4lvl,30to39y,1999-2020,21.2,WTMEC.COMBN,gender,educ_level,prevent_hf_30yr_uacr,7324,32737096.5294677,163,gaussian (identity),9-11th grade,0.0302196344887918,0.00263271148646204,1.4559694503672e-22,0.0250595199753262,0.0353797490022574,61.924983741084,2.17760825910086e-31,1054,3619051.82814781
age_4lvl,30to39y,1999-2020,21.2,WTMEC.COMBN,gender,educ_level,prevent_hf_30yr_uacr,7324,32737096.5294677,163,gaussian (identity),Less than 9th grade,0.0205202385164126,0.0036468404971506,8.15777190910438e-08,0.0133724311419975,0.0276680458908278,61.924983741084,2.17760825910086e-31,526,1522484.14513755
age_4lvl,over65y,1999-2020,21.2,WTMEC.COMBN,gender,educ_level,prevent_hf_30yr_full,8464,26729931.4100009,163,gaussian (identity),College graduate or above (Intercept),0.258134288394658,0.0026757602605489,2.43726620337653e-142,0.252889798283982,0.263378778505334,26.1660057650267,1.18268386144634e-16,1590,6949958.39381798
age_4lvl,over65y,1999-2020,21.2,WTMEC.COMBN,gender,educ_level,prevent_hf_30yr_full,8464,26729931.4100009,163,gaussian (identity),Some college or AA degree,0.0207615157984366,0.0031063009974031,3.78842147408752e-10,0.0146731658435266,0.0268498657533467,26.1660057650267,1.18268386144634e-16,2002,7184994.99691681
age_4lvl,over65y,1999-2020,21.2,WTMEC.COMBN,gender,educ_level,prevent_hf_30yr_full,8464,26729931.4100009,163,gaussian (identity),HS graduate or GED,0.0228056474331799,0.00314387619888492,1.70873069169121e-11,0.0166436500833654,0.0289676447829943,26.1660057650267,1.18268386144634e-16,2011,6965887.9884006
age_4lvl,over65y,1999-2020,21.2,WTMEC.COMBN,gender,educ_level,prevent_hf_30yr_full,8464,26729931.4100009,163,gaussian (identity),9-11th grade,0.0317513371515549,0.00374077525254377,1.44224793661017e-14,0.0244194176565692,0.0390832566465407,26.1660057650267,1.18268386144634e-16,1242,3142648.43060145
age_4lvl,over65y,1999-2020,21.2,WTMEC.COMBN,gender,educ_level,prevent_hf_30yr_full,8464,26729931.4100009,163,gaussian (identity),Less than 9th grade,0.0309100255769933,0.00382897680152409,1.6401599726116e-13,0.0234052310460061,0.0384148201079805,26.1660057650267,1.18268386144634e-16,1619,2486441.60026408
age_4lvl,40to64y,1999-2020,21.2,WTMEC.COMBN,gender,educ_level,prevent_hf_30yr_full,20158,87296799.0217166,163,gaussian (identity),College graduate or above (Intercept),0.153711679470803,0.00203221655119374,5.32797018705069e-126,0.149728535030464,0.157694823911143,100.478280355652,2.25740416106722e-42,4758,26810483.1437309
age_4lvl,40to64y,1999-2020,21.2,WTMEC.COMBN,gender,educ_level,prevent_hf_30yr_full,20158,87296799.0217166,163,gaussian (identity),Some college or AA degree,0.0322801120450341,0.00250667012696626,2.10402092879972e-26,0.0273670385961803,0.037193185493888,100.478280355652,2.25740416106722e-42,5754,26637072.4484877
age_4lvl,40to64y,1999-2020,21.2,WTMEC.COMBN,gender,educ_level,prevent_hf_30yr_full,20158,87296799.0217166,163,gaussian (identity),HS graduate or GED,0.0396825058082915,0.00270935097245225,3.11090585242041e-31,0.0343721779022851,0.0449928337142979,100.478280355652,2.25740416106722e-42,4548,20648156.7050942
age_4lvl,40to64y,1999-2020,21.2,WTMEC.COMBN,gender,educ_level,prevent_hf_30yr_full,20158,87296799.0217166,163,gaussian (identity),9-11th grade,0.0513577937270723,0.00336063851690208,5.97775696742965e-33,0.0447709422339442,0.0579446452202003,100.478280355652,2.25740416106722e-42,2812,8684567.81065694
age_4lvl,40to64y,1999-2020,21.2,WTMEC.COMBN,gender,educ_level,prevent_hf_30yr_full,20158,87296799.0217166,163,gaussian (identity),Less than 9th grade,0.0501058176589107,0.00392383912245749,4.16667888809709e-26,0.042415092978894,0.0577965423389273,100.478280355652,2.25740416106722e-42,2286,4516518.91374687
age_4lvl,30to39y,1999-2020,21.2,WTMEC.COMBN,gender,educ_level,prevent_hf_30yr_full,7307,32666737.542232,163,gaussian (identity),College graduate or above (Intercept),0.0463896849066761,0.00115447203467298,7.49542919899267e-85,0.044126919718717,0.0486524500946351,67.7598931986504,2.71267374575328e-33,2006,10750865.0863602
age_4lvl,30to39y,1999-2020,21.2,WTMEC.COMBN,gender,educ_level,prevent_hf_30yr_full,7307,32666737.542232,163,gaussian (identity),Some college or AA degree,0.0201210037098447,0.00191614937394099,6.73657057813096e-20,0.0163653509369204,0.0238766564827691,67.7598931986504,2.71267374575328e-33,2162,9938722.6024763
age_4lvl,30to39y,1999-2020,21.2,WTMEC.COMBN,gender,educ_level,prevent_hf_30yr_full,7307,32666737.542232,163,gaussian (identity),HS graduate or GED,0.0232212565613795,0.00212600652009435,4.81241463658033e-21,0.0190542837819945,0.0273882293407644,67.7598931986504,2.71267374575328e-33,1560,6841305.79487315
age_4lvl,30to39y,1999-2020,21.2,WTMEC.COMBN,gender,educ_level,prevent_hf_30yr_full,7307,32666737.542232,163,gaussian (identity),9-11th grade,0.0293557024329672,0.00253717888697265,8.16564610558605e-23,0.0243828318145008,0.0343285730514336,67.7598931986504,2.71267374575328e-33,1054,3619051.82814781
age_4lvl,30to39y,1999-2020,21.2,WTMEC.COMBN,gender,educ_level,prevent_hf_30yr_full,7307,32666737.542232,163,gaussian (identity),Less than 9th grade,0.0220748025797547,0.00386858074623867,5.55406144209678e-08,0.0144923843171269,0.0296572208423825,67.7598931986504,2.71267374575328e-33,525,1516792.23037453
age_4lvl,over65y,1999-2020,21.2,WTMEC.COMBN,gender,educ_level,prevent_chd_10yr_base,8607,27122019.5913881,163,gaussian (identity),College graduate or above (Intercept),0.0515411706204512,0.00101278893283067,6.73555515261517e-100,0.0495561043121031,0.0535262369287993,102.606912134549,6.89137337472173e-43,1614,7035623.34559145
age_4lvl,over65y,1999-2020,21.2,WTMEC.COMBN,gender,educ_level,prevent_chd_10yr_base,8607,27122019.5913881,163,gaussian (identity),Some college or AA degree,0.0124879360480072,0.00121342903279692,2.4809749383808e-19,0.0101096151437253,0.0148662569522892,102.606912134549,6.89137337472173e-43,2033,7275182.0743207
age_4lvl,over65y,1999-2020,21.2,WTMEC.COMBN,gender,educ_level,prevent_chd_10yr_base,8607,27122019.5913881,163,gaussian (identity),HS graduate or GED,0.0156869960512732,0.00131323848706917,7.64513612705838e-24,0.0131130486166176,0.0182609434859288,102.606912134549,6.89137337472173e-43,2044,7088452.10571936
age_4lvl,over65y,1999-2020,21.2,WTMEC.COMBN,gender,educ_level,prevent_chd_10yr_base,8607,27122019.5913881,163,gaussian (identity),9-11th grade,0.0219404626265858,0.00150848633159772,5.8744684855411e-31,0.0189838294166543,0.0248970958365174,102.606912134549,6.89137337472173e-43,1266,3191257.89724468
age_4lvl,over65y,1999-2020,21.2,WTMEC.COMBN,gender,educ_level,prevent_chd_10yr_base,8607,27122019.5913881,163,gaussian (identity),Less than 9th grade,0.0269217892009396,0.00158819617024694,2.2013046370315e-37,0.0238089247072557,0.0300346536946236,102.606912134549,6.89137337472173e-43,1650,2531504.16851191
age_4lvl,40to64y,1999-2020,21.2,WTMEC.COMBN,gender,educ_level,prevent_chd_10yr_base,20311,87792194.5733804,163,gaussian (identity),College graduate or above (Intercept),0.0193059448621605,0.000446662732036794,1.92921870040377e-89,0.0184304859073684,0.0201814038169526,115.222501528867,8.57781402912963e-46,4781,26903836.2875418
age_4lvl,40to64y,1999-2020,21.2,WTMEC.COMBN,gender,educ_level,prevent_chd_10yr_base,20311,87792194.5733804,163,gaussian (identity),Some college or AA degree,0.00782713093342117,0.000639607132326764,1.20594851041179e-24,0.00657350095406072,0.00908076091278163,115.222501528867,8.57781402912963e-46,5794,26748773.9577258
age_4lvl,40to64y,1999-2020,21.2,WTMEC.COMBN,gender,educ_level,prevent_chd_10yr_base,20311,87792194.5733804,163,gaussian (identity),HS graduate or GED,0.0103499280711315,0.000821929087430667,1.27874302789954e-25,0.00873894705976738,0.0119609090824956,115.222501528867,8.57781402912963e-46,4586,20790265.5523456
age_4lvl,40to64y,1999-2020,21.2,WTMEC.COMBN,gender,educ_level,prevent_chd_10yr_base,20311,87792194.5733804,163,gaussian (identity),9-11th grade,0.0147590303646157,0.00103246863676913,2.80267954998183e-30,0.0127353918365482,0.0167826688926832,115.222501528867,8.57781402912963e-46,2843,8779221.6311271
age_4lvl,40to64y,1999-2020,21.2,WTMEC.COMBN,gender,educ_level,prevent_chd_10yr_base,20311,87792194.5733804,163,gaussian (identity),Less than 9th grade,0.0161323033921742,0.00114076452922194,7.32284859223657e-30,0.0138964049148992,0.0183682018694492,115.222501528867,8.57781402912963e-46,2307,4570097.14464006
age_4lvl,30to39y,1999-2020,21.2,WTMEC.COMBN,gender,educ_level,prevent_chd_10yr_base,7363,32911920.7416884,163,gaussian (identity),College graduate or above (Intercept),0.00505210474985466,0.000233321316305635,3.81898161242854e-49,0.00459479496989562,0.00550941452981371,67.0300233446829,4.63399402620493e-33,2021,10816504.9439158
age_4lvl,30to39y,1999-2020,21.2,WTMEC.COMBN,gender,educ_level,prevent_chd_10yr_base,7363,32911920.7416884,163,gaussian (identity),Some college or AA degree,0.00392888584377898,0.000417321794398867,5.51150696648864e-17,0.0031109351267572,0.00474683656080076,67.0300233446829,4.63399402620493e-33,2179,10011579.5430663
age_4lvl,30to39y,1999-2020,21.2,WTMEC.COMBN,gender,educ_level,prevent_chd_10yr_base,7363,32911920.7416884,163,gaussian (identity),HS graduate or GED,0.00552348419249613,0.000534795691423992,1.97377973739519e-19,0.00447528463730511,0.00657168374768715,67.0300233446829,4.63399402620493e-33,1575,6913829.53391496
age_4lvl,30to39y,1999-2020,21.2,WTMEC.COMBN,gender,educ_level,prevent_chd_10yr_base,7363,32911920.7416884,163,gaussian (identity),9-11th grade,0.00672112933817557,0.000569038806684894,1.78159070682831e-23,0.00560581327707318,0.00783644539927797,67.0300233446829,4.63399402620493e-33,1060,3642522.20605896
age_4lvl,30to39y,1999-2020,21.2,WTMEC.COMBN,gender,educ_level,prevent_chd_10yr_base,7363,32911920.7416884,163,gaussian (identity),Less than 9th grade,0.00519765475751434,0.000906935902785562,4.92104357351155e-08,0.00342006038805464,0.00697524912697405,67.0300233446829,4.63399402620493e-33,528,1527484.51473236
age_4lvl,over65y,1999-2020,21.2,WTMEC.COMBN,gender,educ_level,prevent_chd_10yr_hba1c,8594,27086249.5402594,163,gaussian (identity),College graduate or above (Intercept),0.051216345911192,0.00101044027779499,1.22218300361749e-99,0.0492358829667138,0.0531968088556701,104.530393838996,2.39451649308352e-43,1610,7020123.96819651
age_4lvl,over65y,1999-2020,21.2,WTMEC.COMBN,gender,educ_level,prevent_chd_10yr_hba1c,8594,27086249.5402594,163,gaussian (identity),Some college or AA degree,0.0118201502190496,0.00120564890882203,5.06769040033467e-18,0.00945707835775841,0.0141832220803407,104.530393838996,2.39451649308352e-43,2032,7272280.61351768
age_4lvl,over65y,1999-2020,21.2,WTMEC.COMBN,gender,educ_level,prevent_chd_10yr_hba1c,8594,27086249.5402594,163,gaussian (identity),HS graduate or GED,0.0156089902378543,0.00127221369849316,9.86559656288337e-25,0.0131154513888077,0.0181025290869009,104.530393838996,2.39451649308352e-43,2041,7076192.51156728
age_4lvl,over65y,1999-2020,21.2,WTMEC.COMBN,gender,educ_level,prevent_chd_10yr_hba1c,8594,27086249.5402594,163,gaussian (identity),9-11th grade,0.0221211216265291,0.00155407458881019,4.09746263651304e-30,0.0190751354324611,0.025167107820597,104.530393838996,2.39451649308352e-43,1265,3189835.48920808
age_4lvl,over65y,1999-2020,21.2,WTMEC.COMBN,gender,educ_level,prevent_chd_10yr_hba1c,8594,27086249.5402594,163,gaussian (identity),Less than 9th grade,0.0283035933294017,0.0016522661804149,7.48730871895587e-38,0.0250651516157885,0.0315420350430149,104.530393838996,2.39451649308352e-43,1646,2527816.95776983
age_4lvl,40to64y,1999-2020,21.2,WTMEC.COMBN,gender,educ_level,prevent_chd_10yr_hba1c,20286,87705270.6156147,163,gaussian (identity),College graduate or above (Intercept),0.0188401056882165,0.000483829806385553,6.83143949807996e-83,0.0178917992677008,0.0197884121087322,122.862086721032,1.93486334371811e-47,4779,26889709.2586645
age_4lvl,40to64y,1999-2020,21.2,WTMEC.COMBN,gender,educ_level,prevent_chd_10yr_hba1c,20286,87705270.6156147,163,gaussian (identity),Some college or AA degree,0.00786171673892919,0.000637522234416222,6.64390826997831e-25,0.00661217315947339,0.00911126031838498,122.862086721032,1.93486334371811e-47,5782,26714496.8027549
age_4lvl,40to64y,1999-2020,21.2,WTMEC.COMBN,gender,educ_level,prevent_chd_10yr_hba1c,20286,87705270.6156147,163,gaussian (identity),HS graduate or GED,0.010262695699634,0.000767511084144164,9.31455881977631e-28,0.00875837397471146,0.0117670174245566,122.862086721032,1.93486334371811e-47,4580,20760219.7622163
age_4lvl,40to64y,1999-2020,21.2,WTMEC.COMBN,gender,educ_level,prevent_chd_10yr_hba1c,20286,87705270.6156147,163,gaussian (identity),9-11th grade,0.0153108659712788,0.00106880432369521,2.31780331662212e-30,0.0132160094968362,0.0174057224457215,122.862086721032,1.93486334371811e-47,2840,8775266.45953691
age_4lvl,40to64y,1999-2020,21.2,WTMEC.COMBN,gender,educ_level,prevent_chd_10yr_hba1c,20286,87705270.6156147,163,gaussian (identity),Less than 9th grade,0.0170471215184636,0.00109895616440345,1.44229252754517e-33,0.0148931674362328,0.0192010756006944,122.862086721032,1.93486334371811e-47,2305,4565578.33244213
age_4lvl,30to39y,1999-2020,21.2,WTMEC.COMBN,gender,educ_level,prevent_chd_10yr_hba1c,7346,32841561.7544527,163,gaussian (identity),College graduate or above (Intercept),0.00461866833205485,0.000228661800366597,1.24210923327708e-45,0.00417049120333632,0.00506684546077338,68.8609665417244,1.21760642741916e-33,2017,10797605.681612
age_4lvl,30to39y,1999-2020,21.2,WTMEC.COMBN,gender,educ_level,prevent_chd_10yr_hba1c,7346,32841561.7544527,163,gaussian (identity),Some college or AA degree,0.00398101193383374,0.000472741936555891,2.13879361943943e-14,0.0030544377381842,0.00490758612948329,68.8609665417244,1.21760642741916e-33,2171,9978427.27948602
age_4lvl,30to39y,1999-2020,21.2,WTMEC.COMBN,gender,educ_level,prevent_chd_10yr_hba1c,7346,32841561.7544527,163,gaussian (identity),HS graduate or GED,0.00536615259665115,0.00050250287995253,2.21424906676075e-20,0.00438124695194419,0.00635105824135811,68.8609665417244,1.21760642741916e-33,1571,6901213.98732642
age_4lvl,30to39y,1999-2020,21.2,WTMEC.COMBN,gender,educ_level,prevent_chd_10yr_hba1c,7346,32841561.7544527,163,gaussian (identity),9-11th grade,0.00700273795285363,0.000578802283892196,2.89929970909078e-24,0.00586828547642493,0.00813719042928233,68.8609665417244,1.21760642741916e-33,1060,3642522.20605896
age_4lvl,30to39y,1999-2020,21.2,WTMEC.COMBN,gender,educ_level,prevent_chd_10yr_hba1c,7346,32841561.7544527,163,gaussian (identity),Less than 9th grade,0.0059894827106685,0.00104045271566032,4.34225631581634e-08,0.00395019538797428,0.00802877003336272,68.8609665417244,1.21760642741916e-33,527,1521792.59996934
age_4lvl,over65y,1999-2020,21.2,WTMEC.COMBN,gender,educ_level,prevent_chd_10yr_uacr,8475,26760980.9150413,163,gaussian (identity),College graduate or above (Intercept),0.0467256475203791,0.00113861445963193,3.59812473815131e-86,0.0444939631795005,0.0489573318612577,88.1569174522595,3.15060741445167e-39,1594,6965457.77121293
age_4lvl,over65y,1999-2020,21.2,WTMEC.COMBN,gender,educ_level,prevent_chd_10yr_uacr,8475,26760980.9150413,163,gaussian (identity),Some college or AA degree,0.0122230098989641,0.00127088270840309,1.59121385573627e-17,0.00973207979049403,0.0147139400074342,88.1569174522595,3.15060741445167e-39,2003,7187896.45771983
age_4lvl,over65y,1999-2020,21.2,WTMEC.COMBN,gender,educ_level,prevent_chd_10yr_uacr,8475,26760980.9150413,163,gaussian (identity),HS graduate or GED,0.0159473972319392,0.0014573115337761,4.2302391600743e-21,0.0130910666257381,0.0188037278381404,88.1569174522595,3.15060741445167e-39,2013,6974541.91163579
age_4lvl,over65y,1999-2020,21.2,WTMEC.COMBN,gender,educ_level,prevent_chd_10yr_uacr,8475,26760980.9150413,163,gaussian (identity),9-11th grade,0.0246979453467581,0.0017800568125528,3.9119872493644e-29,0.0212090339941547,0.0281868566993616,88.1569174522595,3.15060741445167e-39,1243,3144070.83863806
age_4lvl,over65y,1999-2020,21.2,WTMEC.COMBN,gender,educ_level,prevent_chd_10yr_uacr,8475,26760980.9150413,163,gaussian (identity),Less than 9th grade,0.0293906014325625,0.00192934619740933,8.08280155204696e-33,0.0256090828856402,0.0331721199794848,88.1569174522595,3.15060741445167e-39,1622,2489013.93583474
age_4lvl,40to64y,1999-2020,21.2,WTMEC.COMBN,gender,educ_level,prevent_chd_10yr_uacr,20183,87383722.9794823,163,gaussian (identity),College graduate or above (Intercept),0.0159657500606483,0.000438227045785406,8.82718849385936e-79,0.0151068250509089,0.0168246750703877,118.748893200607,1.45692648298572e-46,4760,26824610.1726082
age_4lvl,40to64y,1999-2020,21.2,WTMEC.COMBN,gender,educ_level,prevent_chd_10yr_uacr,20183,87383722.9794823,163,gaussian (identity),Some college or AA degree,0.00731509866674389,0.000611929337736397,7.22791808405824e-24,0.00611571716478055,0.00851448016870723,118.748893200607,1.45692648298572e-46,5766,26671349.6034586
age_4lvl,40to64y,1999-2020,21.2,WTMEC.COMBN,gender,educ_level,prevent_chd_10yr_uacr,20183,87383722.9794823,163,gaussian (identity),HS graduate or GED,0.00918655147901084,0.000727598970450631,1.03394255776518e-25,0.0077604574969276,0.0106126454610941,118.748893200607,1.45692648298572e-46,4554,20678202.4952235
age_4lvl,40to64y,1999-2020,21.2,WTMEC.COMBN,gender,educ_level,prevent_chd_10yr_uacr,20183,87383722.9794823,163,gaussian (identity),9-11th grade,0.013665438245514,0.000934441786588923,3.57603835703833e-31,0.0118339323437997,0.0154969441472283,118.748893200607,1.45692648298572e-46,2815,8688522.98224713
age_4lvl,40to64y,1999-2020,21.2,WTMEC.COMBN,gender,educ_level,prevent_chd_10yr_uacr,20183,87383722.9794823,163,gaussian (identity),Less than 9th grade,0.0151917231095605,0.00103933286997832,3.74441196672583e-31,0.0131546306844029,0.017228815534718,118.748893200607,1.45692648298572e-46,2288,4521037.72594479
age_4lvl,30to39y,1999-2020,21.2,WTMEC.COMBN,gender,educ_level,prevent_chd_10yr_uacr,7324,32737096.5294677,163,gaussian (identity),College graduate or above (Intercept),0.00396471172684732,0.000197270890468984,2.19825254259429e-45,0.00357806078152812,0.00435136267216653,67.2823644108765,3.84923631937064e-33,2010,10769764.3486641
age_4lvl,30to39y,1999-2020,21.2,WTMEC.COMBN,gender,educ_level,prevent_chd_10yr_uacr,7324,32737096.5294677,163,gaussian (identity),Some college or AA degree,0.00329915599933561,0.000354545032184755,1.07146718924913e-16,0.00260424773625349,0.00399406426241773,67.2823644108765,3.84923631937064e-33,2170,9971874.86605658
age_4lvl,30to39y,1999-2020,21.2,WTMEC.COMBN,gender,educ_level,prevent_chd_10yr_uacr,7324,32737096.5294677,163,gaussian (identity),HS graduate or GED,0.0042242781074134,0.000440182537534706,1.81065321999312e-17,0.00336152033384538,0.00508703588098143,67.2823644108765,3.84923631937064e-33,1564,6853921.3414617
age_4lvl,30to39y,1999-2020,21.2,WTMEC.COMBN,gender,educ_level,prevent_chd_10yr_uacr,7324,32737096.5294677,163,gaussian (identity),9-11th grade,0.00550463649025133,0.000470726688021847,3.74065607363661e-23,0.00458201218172851,0.00642726079877414,67.2823644108765,3.84923631937064e-33,1054,3619051.82814781
age_4lvl,30to39y,1999-2020,21.2,WTMEC.COMBN,gender,educ_level,prevent_chd_10yr_uacr,7324,32737096.5294677,163,gaussian (identity),Less than 9th grade,0.00448545443177045,0.000726294376857675,5.34549750231498e-09,0.00306191745312941,0.0059089914104115,67.2823644108765,3.84923631937064e-33,526,1522484.14513755
age_4lvl,over65y,1999-2020,21.2,WTMEC.COMBN,gender,educ_level,prevent_chd_10yr_full,8464,26729931.4100009,163,gaussian (identity),College graduate or above (Intercept),0.0464691000423675,0.00112090972374171,8.26832438277502e-87,0.0442721169838337,0.0486660831009012,90.615824307453,7.03744747920904e-40,1590,6949958.39381798
age_4lvl,over65y,1999-2020,21.2,WTMEC.COMBN,gender,educ_level,prevent_chd_10yr_full,8464,26729931.4100009,163,gaussian (identity),Some college or AA degree,0.0112685436198221,0.00125863174117484,9.01530913970404e-16,0.00880162540711946,0.0137354618325248,90.615824307453,7.03744747920904e-40,2002,7184994.99691681
age_4lvl,over65y,1999-2020,21.2,WTMEC.COMBN,gender,educ_level,prevent_chd_10yr_full,8464,26729931.4100009,163,gaussian (identity),HS graduate or GED,0.0154798527236731,0.00138331370328855,8.93829311637607e-22,0.0127685578652276,0.0181911475821187,90.615824307453,7.03744747920904e-40,2011,6965887.9884006
age_4lvl,over65y,1999-2020,21.2,WTMEC.COMBN,gender,educ_level,prevent_chd_10yr_full,8464,26729931.4100009,163,gaussian (identity),9-11th grade,0.0241213988476368,0.00173917224277292,4.04544556656798e-29,0.0207126212518019,0.0275301764434717,90.615824307453,7.03744747920904e-40,1242,3142648.43060145
age_4lvl,over65y,1999-2020,21.2,WTMEC.COMBN,gender,educ_level,prevent_chd_10yr_full,8464,26729931.4100009,163,gaussian (identity),Less than 9th grade,0.0298567386222242,0.00191671842375944,9.66308845454284e-34,0.0260999705116557,0.0336135067327927,90.615824307453,7.03744747920904e-40,1619,2486441.60026408
age_4lvl,40to64y,1999-2020,21.2,WTMEC.COMBN,gender,educ_level,prevent_chd_10yr_full,20158,87296799.0217166,163,gaussian (identity),College graduate or above (Intercept),0.0161002202762542,0.000474962116291898,2.16712588642298e-74,0.0151692945283221,0.0170311460241863,112.758062696823,3.0330651195021e-45,4758,26810483.1437309
age_4lvl,40to64y,1999-2020,21.2,WTMEC.COMBN,gender,educ_level,prevent_chd_10yr_full,20158,87296799.0217166,163,gaussian (identity),Some college or AA degree,0.00709714822078078,0.00061904393393453,1.58861610745638e-22,0.0058838221102691,0.00831047433129246,112.758062696823,3.0330651195021e-45,5754,26637072.4484877
age_4lvl,40to64y,1999-2020,21.2,WTMEC.COMBN,gender,educ_level,prevent_chd_10yr_full,20158,87296799.0217166,163,gaussian (identity),HS graduate or GED,0.00864951380157948,0.000681000549046594,6.42110682010409e-26,0.00731475272544815,0.0099842748777108,112.758062696823,3.0330651195021e-45,4548,20648156.7050942
age_4lvl,40to64y,1999-2020,21.2,WTMEC.COMBN,gender,educ_level,prevent_chd_10yr_full,20158,87296799.0217166,163,gaussian (identity),9-11th grade,0.0133843985981636,0.000963527763734966,3.53261431152776e-29,0.0114958841812431,0.0152729130150842,112.758062696823,3.0330651195021e-45,2812,8684567.81065694
age_4lvl,40to64y,1999-2020,21.2,WTMEC.COMBN,gender,educ_level,prevent_chd_10yr_full,20158,87296799.0217166,163,gaussian (identity),Less than 9th grade,0.0157286989942372,0.00101889352688095,2.29304324233882e-33,0.0137316676815505,0.0177257303069238,112.758062696823,3.0330651195021e-45,2286,4516518.91374687
age_4lvl,30to39y,1999-2020,21.2,WTMEC.COMBN,gender,educ_level,prevent_chd_10yr_full,7307,32666737.542232,163,gaussian (identity),College graduate or above (Intercept),0.00390650155834365,0.000193572269589446,1.37195123799371e-45,0.00352709990994833,0.00428590320673896,63.6627949298992,5.74981050316039e-32,2006,10750865.0863602
age_4lvl,30to39y,1999-2020,21.2,WTMEC.COMBN,gender,educ_level,prevent_chd_10yr_full,7307,32666737.542232,163,gaussian (identity),Some college or AA degree,0.00321538853558002,0.000385033058752182,3.23169166508625e-14,0.00246072374042575,0.0039700533307343,63.6627949298992,5.74981050316039e-32,2162,9938722.6024763
age_4lvl,30to39y,1999-2020,21.2,WTMEC.COMBN,gender,educ_level,prevent_chd_10yr_full,7307,32666737.542232,163,gaussian (identity),HS graduate or GED,0.00380772568873121,0.000392231950464141,9.15336989114078e-18,0.0030389510658215,0.00457650031164093,63.6627949298992,5.74981050316039e-32,1560,6841305.79487315
age_4lvl,30to39y,1999-2020,21.2,WTMEC.COMBN,gender,educ_level,prevent_chd_10yr_full,7307,32666737.542232,163,gaussian (identity),9-11th grade,0.00538284741604596,0.000481898617520501,1.01577724623682e-21,0.00443832612570578,0.00632736870638614,63.6627949298992,5.74981050316039e-32,1054,3619051.82814781
age_4lvl,30to39y,1999-2020,21.2,WTMEC.COMBN,gender,educ_level,prevent_chd_10yr_full,7307,32666737.542232,163,gaussian (identity),Less than 9th grade,0.0049980942226899,0.000819275403988791,7.83174729182513e-09,0.00339231443087187,0.00660387401450793,63.6627949298992,5.74981050316039e-32,525,1516792.23037453
age_4lvl,over65y,1999-2020,21.2,WTMEC.COMBN,gender,educ_level,prevent_chd_30yr_base,8607,27122019.5913881,163,gaussian (identity),College graduate or above (Intercept),0.102179598618629,0.00130149384719459,1.71861951283513e-128,0.0996286706781277,0.10473052655913,53.5409796136399,1.8749581355857e-28,1614,7035623.34559145
age_4lvl,over65y,1999-2020,21.2,WTMEC.COMBN,gender,educ_level,prevent_chd_30yr_base,8607,27122019.5913881,163,gaussian (identity),Some college or AA degree,0.0125585297817094,0.00152253945952231,5.8937050349338e-14,0.00957435244104568,0.0155427071223731,53.5409796136399,1.8749581355857e-28,2033,7275182.0743207
age_4lvl,over65y,1999-2020,21.2,WTMEC.COMBN,gender,educ_level,prevent_chd_30yr_base,8607,27122019.5913881,163,gaussian (identity),HS graduate or GED,0.0146214285430068,0.0014392421427157,5.64318705612125e-19,0.0118005139432841,0.0174423431427296,53.5409796136399,1.8749581355857e-28,2044,7088452.10571936
age_4lvl,over65y,1999-2020,21.2,WTMEC.COMBN,gender,educ_level,prevent_chd_30yr_base,8607,27122019.5913881,163,gaussian (identity),9-11th grade,0.0193639696347038,0.00181250285850447,2.15005514185064e-20,0.015811464032035,0.0229164752373725,53.5409796136399,1.8749581355857e-28,1266,3191257.89724468
age_4lvl,over65y,1999-2020,21.2,WTMEC.COMBN,gender,educ_level,prevent_chd_30yr_base,8607,27122019.5913881,163,gaussian (identity),Less than 9th grade,0.0223628774494126,0.00184305928066811,2.32532308722113e-24,0.0187504812593031,0.0259752736395221,53.5409796136399,1.8749581355857e-28,1650,2531504.16851191
age_4lvl,40to64y,1999-2020,21.2,WTMEC.COMBN,gender,educ_level,prevent_chd_30yr_base,20311,87792194.5733804,163,gaussian (identity),College graduate or above (Intercept),0.0649319923698797,0.00109197732764339,4.72735451986724e-110,0.0627917168076986,0.0670722679320607,113.302027693958,2.29116991444277e-45,4781,26903836.2875418
age_4lvl,40to64y,1999-2020,21.2,WTMEC.COMBN,gender,educ_level,prevent_chd_30yr_base,20311,87792194.5733804,163,gaussian (identity),Some college or AA degree,0.0182216410691787,0.0014254053031061,3.81640586471649e-26,0.0154278466750907,0.0210154354632666,113.302027693958,2.29116991444277e-45,5794,26748773.9577258
age_4lvl,40to64y,1999-2020,21.2,WTMEC.COMBN,gender,educ_level,prevent_chd_30yr_base,20311,87792194.5733804,163,gaussian (identity),HS graduate or GED,0.0237205007365566,0.00171836706336315,6.10238246419329e-29,0.0203525012923649,0.0270885001807484,113.302027693958,2.29116991444277e-45,4586,20790265.5523456
age_4lvl,40to64y,1999-2020,21.2,WTMEC.COMBN,gender,educ_level,prevent_chd_30yr_base,20311,87792194.5733804,163,gaussian (identity),9-11th grade,0.0315933430142726,0.00220317372773972,2.11406969192354e-30,0.0272751225079028,0.0359115635206424,113.302027693958,2.29116991444277e-45,2843,8779221.6311271
age_4lvl,40to64y,1999-2020,21.2,WTMEC.COMBN,gender,educ_level,prevent_chd_30yr_base,20311,87792194.5733804,163,gaussian (identity),Less than 9th grade,0.0343696040182403,0.00238543421786062,1.37970674722986e-30,0.0296941529512335,0.0390450550852471,113.302027693958,2.29116991444277e-45,2307,4570097.14464006
age_4lvl,30to39y,1999-2020,21.2,WTMEC.COMBN,gender,educ_level,prevent_chd_30yr_base,7363,32911920.7416884,163,gaussian (identity),College graduate or above (Intercept),0.0195948098979821,0.000739110625012815,4.78575643300235e-60,0.0181461530729569,0.0210434667230072,64.864752360684,2.31875507881522e-32,2021,10816504.9439158
age_4lvl,30to39y,1999-2020,21.2,WTMEC.COMBN,gender,educ_level,prevent_chd_30yr_base,7363,32911920.7416884,163,gaussian (identity),Some college or AA degree,0.0124423619137133,0.00129151579366109,1.44086285368413e-17,0.00991099095813755,0.014973732869289,64.864752360684,2.31875507881522e-32,2179,10011579.5430663
age_4lvl,30to39y,1999-2020,21.2,WTMEC.COMBN,gender,educ_level,prevent_chd_30yr_base,7363,32911920.7416884,163,gaussian (identity),HS graduate or GED,0.0170793036774343,0.00159332501979468,1.71930512566065e-20,0.0139563866386367,0.0202022207162319,64.864752360684,2.31875507881522e-32,1575,6913829.53391496
age_4lvl,30to39y,1999-2020,21.2,WTMEC.COMBN,gender,educ_level,prevent_chd_30yr_base,7363,32911920.7416884,163,gaussian (identity),9-11th grade,0.0213963426183404,0.00173902305395167,7.9318450207582e-25,0.0179878574325951,0.0248048278040857,64.864752360684,2.31875507881522e-32,1060,3642522.20605896
age_4lvl,30to39y,1999-2020,21.2,WTMEC.COMBN,gender,educ_level,prevent_chd_30yr_base,7363,32911920.7416884,163,gaussian (identity),Less than 9th grade,0.0166706052849694,0.00262773302273621,2.2519544119364e-09,0.0115202485604064,0.0218209620095323,64.864752360684,2.31875507881522e-32,528,1527484.51473236
age_4lvl,over65y,1999-2020,21.2,WTMEC.COMBN,gender,educ_level,prevent_chd_30yr_hba1c,8594,27086249.5402594,163,gaussian (identity),College graduate or above (Intercept),0.0994154799553936,0.00128738597518059,2.19026759954769e-127,0.0968922034440397,0.101938756466748,54.4115493204209,9.04387121172094e-29,1610,7020123.96819651
age_4lvl,over65y,1999-2020,21.2,WTMEC.COMBN,gender,educ_level,prevent_chd_30yr_hba1c,8594,27086249.5402594,163,gaussian (identity),Some college or AA degree,0.0112560627263465,0.00143653949730883,6.43624606761752e-13,0.00844044531162115,0.0140716801410718,54.4115493204209,9.04387121172094e-29,2032,7272280.61351768
age_4lvl,over65y,1999-2020,21.2,WTMEC.COMBN,gender,educ_level,prevent_chd_30yr_hba1c,8594,27086249.5402594,163,gaussian (identity),HS graduate or GED,0.0137565514640911,0.00134836101564588,4.31332241087877e-19,0.0111137638734252,0.0163993390547571,54.4115493204209,9.04387121172094e-29,2041,7076192.51156728
age_4lvl,over65y,1999-2020,21.2,WTMEC.COMBN,gender,educ_level,prevent_chd_30yr_hba1c,8594,27086249.5402594,163,gaussian (identity),9-11th grade,0.0185935710668705,0.00173573726220726,1.79720304573547e-20,0.0151915260329442,0.0219956161007967,54.4115493204209,9.04387121172094e-29,1265,3189835.48920808
age_4lvl,over65y,1999-2020,21.2,WTMEC.COMBN,gender,educ_level,prevent_chd_30yr_hba1c,8594,27086249.5402594,163,gaussian (identity),Less than 9th grade,0.0226868859584812,0.00179110567135464,7.99997189752329e-26,0.0191763188426261,0.0261974530743363,54.4115493204209,9.04387121172094e-29,1646,2527816.95776983
age_4lvl,40to64y,1999-2020,21.2,WTMEC.COMBN,gender,educ_level,prevent_chd_30yr_hba1c,20286,87705270.6156147,163,gaussian (identity),College graduate or above (Intercept),0.0621475924331832,0.00105948197723031,3.7054872186464e-109,0.0600710077578118,0.0642241771085547,125.691558811883,4.96868228099643e-48,4779,26889709.2586645
age_4lvl,40to64y,1999-2020,21.2,WTMEC.COMBN,gender,educ_level,prevent_chd_30yr_hba1c,20286,87705270.6156147,163,gaussian (identity),Some college or AA degree,0.0174789208903617,0.00132458685490709,2.82163165589962e-27,0.0148827306547438,0.0200751111259796,125.691558811883,4.96868228099643e-48,5782,26714496.8027549
age_4lvl,40to64y,1999-2020,21.2,WTMEC.COMBN,gender,educ_level,prevent_chd_30yr_hba1c,20286,87705270.6156147,163,gaussian (identity),HS graduate or GED,0.0225860313808716,0.00154552557238107,3.81479404443497e-31,0.0195568012590047,0.0256152615027385,125.691558811883,4.96868228099643e-48,4580,20760219.7622163
age_4lvl,40to64y,1999-2020,21.2,WTMEC.COMBN,gender,educ_level,prevent_chd_30yr_hba1c,20286,87705270.6156147,163,gaussian (identity),9-11th grade,0.0307828811301608,0.00205894512272877,4.67286585609914e-32,0.0267473486896124,0.0348184135707092,125.691558811883,4.96868228099643e-48,2840,8775266.45953691
age_4lvl,40to64y,1999-2020,21.2,WTMEC.COMBN,gender,educ_level,prevent_chd_30yr_hba1c,20286,87705270.6156147,163,gaussian (identity),Less than 9th grade,0.0340412289622918,0.00218667346757731,1.02412849348416e-33,0.0297553489658402,0.0383271089587433,125.691558811883,4.96868228099643e-48,2305,4565578.33244213
age_4lvl,30to39y,1999-2020,21.2,WTMEC.COMBN,gender,educ_level,prevent_chd_30yr_hba1c,7346,32841561.7544527,163,gaussian (identity),College graduate or above (Intercept),0.018165457947775,0.000682495893900713,2.87265926963385e-60,0.0168277659957296,0.0195031498998204,68.5010904015866,1.58061440979723e-33,2017,10797605.681612
age_4lvl,30to39y,1999-2020,21.2,WTMEC.COMBN,gender,educ_level,prevent_chd_30yr_hba1c,7346,32841561.7544527,163,gaussian (identity),Some college or AA degree,0.0118181710521689,0.00125479657938461,5.3828952866717e-17,0.0093587697565751,0.0142775723477628,68.5010904015866,1.58061440979723e-33,2171,9978427.27948602
age_4lvl,30to39y,1999-2020,21.2,WTMEC.COMBN,gender,educ_level,prevent_chd_30yr_hba1c,7346,32841561.7544527,163,gaussian (identity),HS graduate or GED,0.0159426402285432,0.00143861040127241,1.76763400912231e-21,0.0131229638420493,0.0187623166150371,68.5010904015866,1.58061440979723e-33,1571,6901213.98732642
age_4lvl,30to39y,1999-2020,21.2,WTMEC.COMBN,gender,educ_level,prevent_chd_30yr_hba1c,7346,32841561.7544527,163,gaussian (identity),9-11th grade,0.0206140760343417,0.00161789078893216,4.98182105734802e-26,0.0174430100880346,0.0237851419806487,68.5010904015866,1.58061440979723e-33,1060,3642522.20605896
age_4lvl,30to39y,1999-2020,21.2,WTMEC.COMBN,gender,educ_level,prevent_chd_30yr_hba1c,7346,32841561.7544527,163,gaussian (identity),Less than 9th grade,0.0168826813376827,0.00255112171013813,5.37559206649748e-10,0.011882482785812,0.0218828798895534,68.5010904015866,1.58061440979723e-33,527,1521792.59996934
age_4lvl,over65y,1999-2020,21.2,WTMEC.COMBN,gender,educ_level,prevent_chd_30yr_uacr,8475,26760980.9150413,163,gaussian (identity),College graduate or above (Intercept),0.096930171503998,0.00131507191256041,2.83076166988116e-124,0.0943526305553796,0.0995077124526164,65.9449485594277,1.03423520149231e-32,1594,6965457.77121293
age_4lvl,over65y,1999-2020,21.2,WTMEC.COMBN,gender,educ_level,prevent_chd_30yr_uacr,8475,26760980.9150413,163,gaussian (identity),Some college or AA degree,0.0126321015154974,0.0015196476117298,4.04907647373348e-14,0.00965359219650698,0.0156106108344878,65.9449485594277,1.03423520149231e-32,2003,7187896.45771983
age_4lvl,over65y,1999-2020,21.2,WTMEC.COMBN,gender,educ_level,prevent_chd_30yr_uacr,8475,26760980.9150413,163,gaussian (identity),HS graduate or GED,0.0151782341886323,0.00143557116758869,4.29214822861218e-20,0.0123645147001585,0.0179919536771062,65.9449485594277,1.03423520149231e-32,2013,6974541.91163579
age_4lvl,over65y,1999-2020,21.2,WTMEC.COMBN,gender,educ_level,prevent_chd_30yr_uacr,8475,26760980.9150413,163,gaussian (identity),9-11th grade,0.0216868317491272,0.00187008380725285,6.90827184055703e-23,0.0180214674869116,0.0253521960113428,65.9449485594277,1.03423520149231e-32,1243,3144070.83863806
age_4lvl,over65y,1999-2020,21.2,WTMEC.COMBN,gender,educ_level,prevent_chd_30yr_uacr,8475,26760980.9150413,163,gaussian (identity),Less than 9th grade,0.0247888455780172,0.00195051654653506,6.11687308744271e-26,0.0209658331468085,0.028611858009226,65.9449485594277,1.03423520149231e-32,1622,2489013.93583474
age_4lvl,40to64y,1999-2020,21.2,WTMEC.COMBN,gender,educ_level,prevent_chd_30yr_uacr,20183,87383722.9794823,163,gaussian (identity),College graduate or above (Intercept),0.0582501160269416,0.00105585102294254,3.82498858095594e-105,0.0561806480219742,0.0603195840319089,117.954478443834,2.16465004963895e-46,4760,26824610.1726082
age_4lvl,40to64y,1999-2020,21.2,WTMEC.COMBN,gender,educ_level,prevent_chd_30yr_uacr,20183,87383722.9794823,163,gaussian (identity),Some college or AA degree,0.0173848192245984,0.0013671211321492,5.83326541146793e-26,0.014705261805586,0.0200643766436109,117.954478443834,2.16465004963895e-46,5766,26671349.6034586
age_4lvl,40to64y,1999-2020,21.2,WTMEC.COMBN,gender,educ_level,prevent_chd_30yr_uacr,20183,87383722.9794823,163,gaussian (identity),HS graduate or GED,0.0222437738766695,0.00161722602642748,8.34837954491287e-29,0.0190740108648716,0.0254135368884673,117.954478443834,2.16465004963895e-46,4554,20678202.4952235
age_4lvl,40to64y,1999-2020,21.2,WTMEC.COMBN,gender,educ_level,prevent_chd_30yr_uacr,20183,87383722.9794823,163,gaussian (identity),9-11th grade,0.0303113281726038,0.00208121868035619,5.19969054415528e-31,0.0262321395591057,0.034390516786102,117.954478443834,2.16465004963895e-46,2815,8688522.98224713
age_4lvl,40to64y,1999-2020,21.2,WTMEC.COMBN,gender,educ_level,prevent_chd_30yr_uacr,20183,87383722.9794823,163,gaussian (identity),Less than 9th grade,0.0333118602925762,0.00224387439129236,8.98760369363478e-32,0.0289138664856432,0.0377098540995092,117.954478443834,2.16465004963895e-46,2288,4521037.72594479
age_4lvl,30to39y,1999-2020,21.2,WTMEC.COMBN,gender,educ_level,prevent_chd_30yr_uacr,7324,32737096.5294677,163,gaussian (identity),College graduate or above (Intercept),0.0168324447677604,0.000668581069850046,3.55396776721631e-57,0.0155220258708543,0.0181428636646664,65.342255899367,1.62112105710399e-32,2010,10769764.3486641
age_4lvl,30to39y,1999-2020,21.2,WTMEC.COMBN,gender,educ_level,prevent_chd_30yr_uacr,7324,32737096.5294677,163,gaussian (identity),Some college or AA degree,0.0112055593249473,0.00115067289926525,7.59238789809789e-18,0.00895024044238737,0.0134608782075071,65.342255899367,1.62112105710399e-32,2170,9971874.86605658
age_4lvl,30to39y,1999-2020,21.2,WTMEC.COMBN,gender,educ_level,prevent_chd_30yr_uacr,7324,32737096.5294677,163,gaussian (identity),HS graduate or GED,0.0148523205276415,0.00142002863807858,8.73103273263831e-20,0.0120690643970075,0.0176355766582755,65.342255899367,1.62112105710399e-32,1564,6853921.3414617
age_4lvl,30to39y,1999-2020,21.2,WTMEC.COMBN,gender,educ_level,prevent_chd_30yr_uacr,7324,32737096.5294677,163,gaussian (identity),9-11th grade,0.0193049634618296,0.00154753056641253,2.68922023452806e-25,0.016271803551661,0.0223381233719981,65.342255899367,1.62112105710399e-32,1054,3619051.82814781
age_4lvl,30to39y,1999-2020,21.2,WTMEC.COMBN,gender,educ_level,prevent_chd_30yr_uacr,7324,32737096.5294677,163,gaussian (identity),Less than 9th grade,0.0154450087188581,0.00232430154263612,4.652451142405e-10,0.0108893776952913,0.0200006397424249,65.342255899367,1.62112105710399e-32,526,1522484.14513755
age_4lvl,over65y,1999-2020,21.2,WTMEC.COMBN,gender,educ_level,prevent_chd_30yr_full,8464,26729931.4100009,163,gaussian (identity),College graduate or above (Intercept),0.0927041380325041,0.00131020746555842,1.494500618926e-121,0.0901361314000096,0.0952721446649986,66.8826271582464,5.16548734963979e-33,1590,6949958.39381798
age_4lvl,over65y,1999-2020,21.2,WTMEC.COMBN,gender,educ_level,prevent_chd_30yr_full,8464,26729931.4100009,163,gaussian (identity),Some college or AA degree,0.0113443922019522,0.00145309313231931,7.57621194036494e-13,0.00849632966260634,0.014192454741298,66.8826271582464,5.16548734963979e-33,2002,7184994.99691681
age_4lvl,over65y,1999-2020,21.2,WTMEC.COMBN,gender,educ_level,prevent_chd_30yr_full,8464,26729931.4100009,163,gaussian (identity),HS graduate or GED,0.0143688617793358,0.00133843008434463,1.55230590446625e-20,0.0117455388140203,0.0169921847446512,66.8826271582464,5.16548734963979e-33,2011,6965887.9884006
age_4lvl,over65y,1999-2020,21.2,WTMEC.COMBN,gender,educ_level,prevent_chd_30yr_full,8464,26729931.4100009,163,gaussian (identity),9-11th grade,0.0208444980490164,0.00176752813915109,2.00053589129806e-23,0.0173801428962802,0.0243088532017525,66.8826271582464,5.16548734963979e-33,1242,3142648.43060145
age_4lvl,over65y,1999-2020,21.2,WTMEC.COMBN,gender,educ_level,prevent_chd_30yr_full,8464,26729931.4100009,163,gaussian (identity),Less than 9th grade,0.0248102581002286,0.00187049116824962,1.83372002507678e-27,0.0211440954104594,0.0284764207899979,66.8826271582464,5.16548734963979e-33,1619,2486441.60026408
age_4lvl,40to64y,1999-2020,21.2,WTMEC.COMBN,gender,educ_level,prevent_chd_30yr_full,20158,87296799.0217166,163,gaussian (identity),College graduate or above (Intercept),0.0562662414227057,0.00100785725386588,6.42210638786409e-106,0.0542908412051286,0.0582416416402828,125.252112208672,6.12738190541685e-48,4758,26810483.1437309
age_4lvl,40to64y,1999-2020,21.2,WTMEC.COMBN,gender,educ_level,prevent_chd_30yr_full,20158,87296799.0217166,163,gaussian (identity),Some college or AA degree,0.0163745487964748,0.00126731300631699,1.60340727283357e-26,0.0138906153040935,0.0188584822888561,125.252112208672,6.12738190541685e-48,5754,26637072.4484877
age_4lvl,40to64y,1999-2020,21.2,WTMEC.COMBN,gender,educ_level,prevent_chd_30yr_full,20158,87296799.0217166,163,gaussian (identity),HS graduate or GED,0.0205071249983157,0.00144875305412064,6.73434674316684e-30,0.0176675690122393,0.0233466809843922,125.252112208672,6.12738190541685e-48,4548,20648156.7050942
age_4lvl,40to64y,1999-2020,21.2,WTMEC.COMBN,gender,educ_level,prevent_chd_30yr_full,20158,87296799.0217166,163,gaussian (identity),9-11th grade,0.0285271439740617,0.00193403326041066,1.63051001223294e-31,0.0247364387836568,0.0323178491644666,125.252112208672,6.12738190541685e-48,2812,8684567.81065694
age_4lvl,40to64y,1999-2020,21.2,WTMEC.COMBN,gender,educ_level,prevent_chd_30yr_full,20158,87296799.0217166,163,gaussian (identity),Less than 9th grade,0.0326188623070103,0.00206653981422644,2.69588217631602e-34,0.0285684442711265,0.0366692803428941,125.252112208672,6.12738190541685e-48,2286,4516518.91374687
age_4lvl,30to39y,1999-2020,21.2,WTMEC.COMBN,gender,educ_level,prevent_chd_30yr_full,7307,32666737.542232,163,gaussian (identity),College graduate or above (Intercept),0.0161683581435786,0.000607445377406443,2.86208409820575e-60,0.0149777652038619,0.0173589510832952,63.6539443472172,5.78861247617875e-32,2006,10750865.0863602
age_4lvl,30to39y,1999-2020,21.2,WTMEC.COMBN,gender,educ_level,prevent_chd_30yr_full,7307,32666737.542232,163,gaussian (identity),Some college or AA degree,0.0100137136388524,0.0010806556983853,1.35783511053792e-16,0.00789562847001722,0.0121317988076876,63.6539443472172,5.78861247617875e-32,2162,9938722.6024763
age_4lvl,30to39y,1999-2020,21.2,WTMEC.COMBN,gender,educ_level,prevent_chd_30yr_full,7307,32666737.542232,163,gaussian (identity),HS graduate or GED,0.01273609529569,0.00122136345431625,1.06187685682984e-19,0.0103422229252301,0.0151299676661498,63.6539443472172,5.78861247617875e-32,1560,6841305.79487315
age_4lvl,30to39y,1999-2020,21.2,WTMEC.COMBN,gender,educ_level,prevent_chd_30yr_full,7307,32666737.542232,163,gaussian (identity),9-11th grade,0.017184918865021,0.00141065420329295,1.70937627552604e-24,0.0144200366265668,0.0199498011034752,63.6539443472172,5.78861247617875e-32,1054,3619051.82814781
age_4lvl,30to39y,1999-2020,21.2,WTMEC.COMBN,gender,educ_level,prevent_chd_30yr_full,7307,32666737.542232,163,gaussian (identity),Less than 9th grade,0.0151904916663195,0.00219827455565579,1.12327428592547e-10,0.0108818735372342,0.0194991097954049,63.6539443472172,5.78861247617875e-32,525,1516792.23037453
age_4lvl,over65y,1999-2020,21.2,WTMEC.COMBN,gender,educ_level,prevent_stroke_10yr_base,8607,27122019.5913881,163,gaussian (identity),College graduate or above (Intercept),0.0535236550693943,0.000746205711102609,1.84481563553013e-122,0.0520610918756332,0.0549862182631554,114.631517889022,1.15908361292734e-45,1614,7035623.34559145
age_4lvl,over65y,1999-2020,21.2,WTMEC.COMBN,gender,educ_level,prevent_stroke_10yr_base,8607,27122019.5913881,163,gaussian (identity),Some college or AA degree,0.00873917954992588,0.000847040920820502,2.11237782323021e-19,0.0070789793451177,0.0103993797547341,114.631517889022,1.15908361292734e-45,2033,7275182.0743207
age_4lvl,over65y,1999-2020,21.2,WTMEC.COMBN,gender,educ_level,prevent_stroke_10yr_base,8607,27122019.5913881,163,gaussian (identity),HS graduate or GED,0.0110811650733509,0.000928987430088563,8.51528525878562e-24,0.00926034971037729,0.0129019804363245,114.631517889022,1.15908361292734e-45,2044,7088452.10571936
age_4lvl,over65y,1999-2020,21.2,WTMEC.COMBN,gender,educ_level,prevent_stroke_10yr_base,8607,27122019.5913881,163,gaussian (identity),9-11th grade,0.0158147292903743,0.00104773252013119,1.91659063230403e-32,0.0137611735509172,0.0178682850298314,114.631517889022,1.15908361292734e-45,1266,3191257.89724468
age_4lvl,over65y,1999-2020,21.2,WTMEC.COMBN,gender,educ_level,prevent_stroke_10yr_base,8607,27122019.5913881,163,gaussian (identity),Less than 9th grade,0.019247176134074,0.00108890586431635,2.85893196569771e-39,0.0171129206400139,0.021381431628134,114.631517889022,1.15908361292734e-45,1650,2531504.16851191
age_4lvl,40to64y,1999-2020,21.2,WTMEC.COMBN,gender,educ_level,prevent_stroke_10yr_base,20311,87792194.5733804,163,gaussian (identity),College graduate or above (Intercept),0.0225065863897208,0.000352745836723967,1.07559510705433e-114,0.0218152045497418,0.0231979682296998,115.569030881441,7.19362335284518e-46,4781,26903836.2875418
age_4lvl,40to64y,1999-2020,21.2,WTMEC.COMBN,gender,educ_level,prevent_stroke_10yr_base,20311,87792194.5733804,163,gaussian (identity),Some college or AA degree,0.00580852944676362,0.000459696828942742,9.72300966160666e-26,0.00490752366203585,0.0067095352314914,115.569030881441,7.19362335284518e-46,5794,26748773.9577258
age_4lvl,40to64y,1999-2020,21.2,WTMEC.COMBN,gender,educ_level,prevent_stroke_10yr_base,20311,87792194.5733804,163,gaussian (identity),HS graduate or GED,0.00814438882385961,0.000608222409505686,8.25847094512957e-28,0.00695227290122847,0.00933650474649076,115.569030881441,7.19362335284518e-46,4586,20790265.5523456
age_4lvl,40to64y,1999-2020,21.2,WTMEC.COMBN,gender,educ_level,prevent_stroke_10yr_base,20311,87792194.5733804,163,gaussian (identity),9-11th grade,0.0114244132195903,0.000730860000609972,6.90713912669689e-34,0.00999192761839473,0.0128568988207858,115.569030881441,7.19362335284518e-46,2843,8779221.6311271
age_4lvl,40to64y,1999-2020,21.2,WTMEC.COMBN,gender,educ_level,prevent_stroke_10yr_base,20311,87792194.5733804,163,gaussian (identity),Less than 9th grade,0.0114358218977756,0.000814359783448384,1.36243497354517e-29,0.00983967672221681,0.0130319670733345,115.569030881441,7.19362335284518e-46,2307,4570097.14464006
age_4lvl,30to39y,1999-2020,21.2,WTMEC.COMBN,gender,educ_level,prevent_stroke_10yr_base,7363,32911920.7416884,163,gaussian (identity),College graduate or above (Intercept),0.00712997203677714,0.000172741606786048,1.55882779797364e-86,0.00679139848747648,0.00746854558607779,78.0567823954317,2.03983210479746e-36,2021,10816504.9439158
age_4lvl,30to39y,1999-2020,21.2,WTMEC.COMBN,gender,educ_level,prevent_stroke_10yr_base,7363,32911920.7416884,163,gaussian (identity),Some college or AA degree,0.00316261308468633,0.000314479400147509,1.06475389208183e-18,0.00254623346039722,0.00377899270897545,78.0567823954317,2.03983210479746e-36,2179,10011579.5430663
age_4lvl,30to39y,1999-2020,21.2,WTMEC.COMBN,gender,educ_level,prevent_stroke_10yr_base,7363,32911920.7416884,163,gaussian (identity),HS graduate or GED,0.00399802195353455,0.000337466073326232,1.42091157494679e-23,0.00333658844981514,0.00465945545725397,78.0567823954317,2.03983210479746e-36,1575,6913829.53391496
age_4lvl,30to39y,1999-2020,21.2,WTMEC.COMBN,gender,educ_level,prevent_stroke_10yr_base,7363,32911920.7416884,163,gaussian (identity),9-11th grade,0.00486960179689629,0.000404228170792562,4.02783118827654e-24,0.00407731458214287,0.00566188901164971,78.0567823954317,2.03983210479746e-36,1060,3642522.20605896
age_4lvl,30to39y,1999-2020,21.2,WTMEC.COMBN,gender,educ_level,prevent_stroke_10yr_base,7363,32911920.7416884,163,gaussian (identity),Less than 9th grade,0.00321982891918739,0.000552525639241917,3.06603463012092e-08,0.00213687866627323,0.00430277917210155,78.0567823954317,2.03983210479746e-36,528,1527484.51473236
age_4lvl,over65y,1999-2020,21.2,WTMEC.COMBN,gender,educ_level,prevent_stroke_10yr_hba1c,8594,27086249.5402594,163,gaussian (identity),College graduate or above (Intercept),0.0535196121760641,0.000667681858967685,6.99048307478143e-130,0.0522109557324874,0.0548282686196407,129.854154238199,7.00964864789055e-49,1610,7020123.96819651
age_4lvl,over65y,1999-2020,21.2,WTMEC.COMBN,gender,educ_level,prevent_stroke_10yr_hba1c,8594,27086249.5402594,163,gaussian (identity),Some college or AA degree,0.00800295553351419,0.000795264137037285,1.02209283756814e-18,0.00644423782492111,0.00956167324210727,129.854154238199,7.00964864789055e-49,2032,7272280.61351768
age_4lvl,over65y,1999-2020,21.2,WTMEC.COMBN,gender,educ_level,prevent_stroke_10yr_hba1c,8594,27086249.5402594,163,gaussian (identity),HS graduate or GED,0.0107330446345852,0.000849375205055698,9.67186118626525e-26,0.00906826923267603,0.0123978200364944,129.854154238199,7.00964864789055e-49,2041,7076192.51156728
age_4lvl,over65y,1999-2020,21.2,WTMEC.COMBN,gender,educ_level,prevent_stroke_10yr_hba1c,8594,27086249.5402594,163,gaussian (identity),9-11th grade,0.0150794242069869,0.000984666368117981,4.90052068758921e-33,0.0131494781254757,0.0170093702884982,129.854154238199,7.00964864789055e-49,1265,3189835.48920808
age_4lvl,over65y,1999-2020,21.2,WTMEC.COMBN,gender,educ_level,prevent_stroke_10yr_hba1c,8594,27086249.5402594,163,gaussian (identity),Less than 9th grade,0.0186641142994146,0.000962029450021522,1.174916279985e-43,0.0167785365773725,0.0205496920214568,129.854154238199,7.00964864789055e-49,1646,2527816.95776983
age_4lvl,40to64y,1999-2020,21.2,WTMEC.COMBN,gender,educ_level,prevent_stroke_10yr_hba1c,20286,87705270.6156147,163,gaussian (identity),College graduate or above (Intercept),0.0221402748809434,0.000344998876898665,4.45200514492873e-115,0.021464077082222,0.0228164726796648,122.090659770564,2.81446238391165e-47,4779,26889709.2586645
age_4lvl,40to64y,1999-2020,21.2,WTMEC.COMBN,gender,educ_level,prevent_stroke_10yr_hba1c,20286,87705270.6156147,163,gaussian (identity),Some college or AA degree,0.00562539394752208,0.000432380921048143,9.10340090947161e-27,0.00477792734226772,0.00647286055277644,122.090659770564,2.81446238391165e-47,5782,26714496.8027549
age_4lvl,40to64y,1999-2020,21.2,WTMEC.COMBN,gender,educ_level,prevent_stroke_10yr_hba1c,20286,87705270.6156147,163,gaussian (identity),HS graduate or GED,0.00801811691366501,0.000550238944629587,4.95112008642212e-31,0.00693964858219102,0.009096585245139,122.090659770564,2.81446238391165e-47,4580,20760219.7622163
age_4lvl,40to64y,1999-2020,21.2,WTMEC.COMBN,gender,educ_level,prevent_stroke_10yr_hba1c,20286,87705270.6156147,163,gaussian (identity),9-11th grade,0.0113002758315062,0.000712616190178952,1.71955427384359e-34,0.0099035480987555,0.012697003564257,122.090659770564,2.81446238391165e-47,2840,8775266.45953691
age_4lvl,40to64y,1999-2020,21.2,WTMEC.COMBN,gender,educ_level,prevent_stroke_10yr_hba1c,20286,87705270.6156147,163,gaussian (identity),Less than 9th grade,0.0111302634628819,0.000741389228394391,3.18011740410138e-32,0.00967714057522886,0.0125833863505349,122.090659770564,2.81446238391165e-47,2305,4565578.33244213
age_4lvl,30to39y,1999-2020,21.2,WTMEC.COMBN,gender,educ_level,prevent_stroke_10yr_hba1c,7346,32841561.7544527,163,gaussian (identity),College graduate or above (Intercept),0.00696570029391552,0.000160637045847539,1.20266365232187e-89,0.00665085168405434,0.0072805489037767,87.4178517726422,4.97152616137222e-39,2017,10797605.681612
age_4lvl,30to39y,1999-2020,21.2,WTMEC.COMBN,gender,educ_level,prevent_stroke_10yr_hba1c,7346,32841561.7544527,163,gaussian (identity),Some college or AA degree,0.00304011400035888,0.000285824234261815,2.88911601980365e-20,0.00247989850120573,0.00360032949951204,87.4178517726422,4.97152616137222e-39,2171,9978427.27948602
age_4lvl,30to39y,1999-2020,21.2,WTMEC.COMBN,gender,educ_level,prevent_stroke_10yr_hba1c,7346,32841561.7544527,163,gaussian (identity),HS graduate or GED,0.00379648604332219,0.00029469566875128,2.03795561526894e-26,0.00321888253256968,0.00437408955407469,87.4178517726422,4.97152616137222e-39,1571,6901213.98732642
age_4lvl,30to39y,1999-2020,21.2,WTMEC.COMBN,gender,educ_level,prevent_stroke_10yr_hba1c,7346,32841561.7544527,163,gaussian (identity),9-11th grade,0.00488500460405041,0.000377684276458866,1.47310099017962e-26,0.00414474342219103,0.00562526578590978,87.4178517726422,4.97152616137222e-39,1060,3642522.20605896
age_4lvl,30to39y,1999-2020,21.2,WTMEC.COMBN,gender,educ_level,prevent_stroke_10yr_hba1c,7346,32841561.7544527,163,gaussian (identity),Less than 9th grade,0.00345664105317459,0.000558424422015456,4.97245489626826e-09,0.00236212918602429,0.00455115292032488,87.4178517726422,4.97152616137222e-39,527,1521792.59996934
age_4lvl,over65y,1999-2020,21.2,WTMEC.COMBN,gender,educ_level,prevent_stroke_10yr_uacr,8475,26760980.9150413,163,gaussian (identity),College graduate or above (Intercept),0.0497299213371423,0.000902953164536794,4.94364749823902e-105,0.0479601331346502,0.0514997095396344,81.941250895935,1.58881608990014e-37,1594,6965457.77121293
age_4lvl,over65y,1999-2020,21.2,WTMEC.COMBN,gender,educ_level,prevent_stroke_10yr_uacr,8475,26760980.9150413,163,gaussian (identity),Some college or AA degree,0.00892413912065051,0.000972050817432124,2.28167783302661e-16,0.00701891951848355,0.0108293587228175,81.941250895935,1.58881608990014e-37,2003,7187896.45771983
age_4lvl,over65y,1999-2020,21.2,WTMEC.COMBN,gender,educ_level,prevent_stroke_10yr_uacr,8475,26760980.9150413,163,gaussian (identity),HS graduate or GED,0.0117500274911329,0.0011133494272291,4.8387311878871e-20,0.00956786261376386,0.0139321923685019,81.941250895935,1.58881608990014e-37,2013,6974541.91163579
age_4lvl,over65y,1999-2020,21.2,WTMEC.COMBN,gender,educ_level,prevent_stroke_10yr_uacr,8475,26760980.9150413,163,gaussian (identity),9-11th grade,0.018664378472688,0.00140703753365424,1.82236415969172e-27,0.0159065849067257,0.0214221720386504,81.941250895935,1.58881608990014e-37,1243,3144070.83863806
age_4lvl,over65y,1999-2020,21.2,WTMEC.COMBN,gender,educ_level,prevent_stroke_10yr_uacr,8475,26760980.9150413,163,gaussian (identity),Less than 9th grade,0.0219250287245614,0.00145940933616331,2.97911181863464e-32,0.0190645864256813,0.0247854710234415,81.941250895935,1.58881608990014e-37,1622,2489013.93583474
age_4lvl,40to64y,1999-2020,21.2,WTMEC.COMBN,gender,educ_level,prevent_stroke_10yr_uacr,20183,87383722.9794823,163,gaussian (identity),College graduate or above (Intercept),0.0194085059580039,0.000351554682441765,3.44184710915408e-105,0.0187194587804181,0.0200975531355898,122.440345827477,2.37425795535947e-47,4760,26824610.1726082
age_4lvl,40to64y,1999-2020,21.2,WTMEC.COMBN,gender,educ_level,prevent_stroke_10yr_uacr,20183,87383722.9794823,163,gaussian (identity),Some college or AA degree,0.00567610874979833,0.000455929487398941,3.15299095241767e-25,0.00478248695449641,0.00656973054510025,122.440345827477,2.37425795535947e-47,5766,26671349.6034586
age_4lvl,40to64y,1999-2020,21.2,WTMEC.COMBN,gender,educ_level,prevent_stroke_10yr_uacr,20183,87383722.9794823,163,gaussian (identity),HS graduate or GED,0.00759032648081909,0.000570301101755584,1.37784250625224e-27,0.00647253632137814,0.00870811664026003,122.440345827477,2.37425795535947e-47,4554,20678202.4952235
age_4lvl,40to64y,1999-2020,21.2,WTMEC.COMBN,gender,educ_level,prevent_stroke_10yr_uacr,20183,87383722.9794823,163,gaussian (identity),9-11th grade,0.0109794429440823,0.00069195891013925,1.61970658662023e-34,0.00962320348020937,0.0123356824079552,122.440345827477,2.37425795535947e-47,2815,8688522.98224713
age_4lvl,40to64y,1999-2020,21.2,WTMEC.COMBN,gender,educ_level,prevent_stroke_10yr_uacr,20183,87383722.9794823,163,gaussian (identity),Less than 9th grade,0.0112455051939769,0.000747592906802134,2.64638268302562e-32,0.00978022309664468,0.0127107872913091,122.440345827477,2.37425795535947e-47,2288,4521037.72594479
age_4lvl,30to39y,1999-2020,21.2,WTMEC.COMBN,gender,educ_level,prevent_stroke_10yr_uacr,7324,32737096.5294677,163,gaussian (identity),College graduate or above (Intercept),0.00590332386520526,0.000150748135739861,3.04063257682833e-83,0.00560785751915513,0.00619879021125539,77.8342073239949,2.36704135397616e-36,2010,10769764.3486641
age_4lvl,30to39y,1999-2020,21.2,WTMEC.COMBN,gender,educ_level,prevent_stroke_10yr_uacr,7324,32737096.5294677,163,gaussian (identity),Some college or AA degree,0.00280504789154373,0.000303573060563753,1.59207167802207e-16,0.00221004469283878,0.00340005109024869,77.8342073239949,2.36704135397616e-36,2170,9971874.86605658
age_4lvl,30to39y,1999-2020,21.2,WTMEC.COMBN,gender,educ_level,prevent_stroke_10yr_uacr,7324,32737096.5294677,163,gaussian (identity),HS graduate or GED,0.00315527126866508,0.000278409975112981,3.63862661874461e-22,0.00260958771744364,0.00370095481988653,77.8342073239949,2.36704135397616e-36,1564,6853921.3414617
age_4lvl,30to39y,1999-2020,21.2,WTMEC.COMBN,gender,educ_level,prevent_stroke_10yr_uacr,7324,32737096.5294677,163,gaussian (identity),9-11th grade,0.00421934958461508,0.000365421921761637,9.48244605301152e-23,0.00350312261796227,0.00493557655126789,77.8342073239949,2.36704135397616e-36,1054,3619051.82814781
age_4lvl,30to39y,1999-2020,21.2,WTMEC.COMBN,gender,educ_level,prevent_stroke_10yr_uacr,7324,32737096.5294677,163,gaussian (identity),Less than 9th grade,0.00304729212224631,0.000477629645561864,1.86932840502959e-09,0.00211113801694506,0.00398344622754757,77.8342073239949,2.36704135397616e-36,526,1522484.14513755
age_4lvl,over65y,1999-2020,21.2,WTMEC.COMBN,gender,educ_level,prevent_stroke_10yr_full,8464,26729931.4100009,163,gaussian (identity),College graduate or above (Intercept),0.0510811102253805,0.000810566687448443,7.06585899539206e-114,0.0494923995179815,0.0526698209327794,90.1096899113905,9.55889083510309e-40,1590,6949958.39381798
age_4lvl,over65y,1999-2020,21.2,WTMEC.COMBN,gender,educ_level,prevent_stroke_10yr_full,8464,26729931.4100009,163,gaussian (identity),Some college or AA degree,0.00796919408522133,0.000891133953752744,9.58839371865905e-16,0.00622257153586595,0.00971581663457671,90.1096899113905,9.55889083510309e-40,2002,7184994.99691681
age_4lvl,over65y,1999-2020,21.2,WTMEC.COMBN,gender,educ_level,prevent_stroke_10yr_full,8464,26729931.4100009,163,gaussian (identity),HS graduate or GED,0.0110123865271448,0.000991183102308431,1.47890002494577e-21,0.00906966764662032,0.0129551054076694,90.1096899113905,9.55889083510309e-40,2011,6965887.9884006
age_4lvl,over65y,1999-2020,21.2,WTMEC.COMBN,gender,educ_level,prevent_stroke_10yr_full,8464,26729931.4100009,163,gaussian (identity),9-11th grade,0.0171753381254053,0.00125425721292166,1.22277676485579e-28,0.0147169939880788,0.0196336822627317,90.1096899113905,9.55889083510309e-40,1242,3142648.43060145
age_4lvl,over65y,1999-2020,21.2,WTMEC.COMBN,gender,educ_level,prevent_stroke_10yr_full,8464,26729931.4100009,163,gaussian (identity),Less than 9th grade,0.0205462557650237,0.00127508254967008,3.57438467786499e-35,0.0180470939676703,0.023045417562377,90.1096899113905,9.55889083510309e-40,1619,2486441.60026408
age_4lvl,40to64y,1999-2020,21.2,WTMEC.COMBN,gender,educ_level,prevent_stroke_10yr_full,20158,87296799.0217166,163,gaussian (identity),College graduate or above (Intercept),0.0202681976041935,0.000352219070811085,6.70297426281839e-108,0.0195778482254038,0.0209585469829833,119.582218536936,9.63796895050471e-47,4758,26810483.1437309
age_4lvl,40to64y,1999-2020,21.2,WTMEC.COMBN,gender,educ_level,prevent_stroke_10yr_full,20158,87296799.0217166,163,gaussian (identity),Some college or AA degree,0.00531620717251936,0.000433565173971643,1.03478687414273e-24,0.00446641943153493,0.00616599491350378,119.582218536936,9.63796895050471e-47,5754,26637072.4484877
age_4lvl,40to64y,1999-2020,21.2,WTMEC.COMBN,gender,educ_level,prevent_stroke_10yr_full,20158,87296799.0217166,163,gaussian (identity),HS graduate or GED,0.00721252815079737,0.00051503097540119,1.73659141510549e-29,0.00620306743901104,0.00822198886258371,119.582218536936,9.63796895050471e-47,4548,20648156.7050942
age_4lvl,40to64y,1999-2020,21.2,WTMEC.COMBN,gender,educ_level,prevent_stroke_10yr_full,20158,87296799.0217166,163,gaussian (identity),9-11th grade,0.0104112899420969,0.000663530386602403,4.79384286725421e-34,0.00911077038435621,0.0117118094998376,119.582218536936,9.63796895050471e-47,2812,8684567.81065694
age_4lvl,40to64y,1999-2020,21.2,WTMEC.COMBN,gender,educ_level,prevent_stroke_10yr_full,20158,87296799.0217166,163,gaussian (identity),Less than 9th grade,0.0106984193105488,0.000689239358423026,1.3562578844001e-33,0.00934751016803967,0.0120493284530579,119.582218536936,9.63796895050471e-47,2286,4516518.91374687
age_4lvl,30to39y,1999-2020,21.2,WTMEC.COMBN,gender,educ_level,prevent_stroke_10yr_full,7307,32666737.542232,163,gaussian (identity),College graduate or above (Intercept),0.00623930992472803,0.000144063253091082,1.43966855155549e-89,0.00595694594866951,0.00652167390078655,79.0973522150824,1.02123480706278e-36,2006,10750865.0863602
age_4lvl,30to39y,1999-2020,21.2,WTMEC.COMBN,gender,educ_level,prevent_stroke_10yr_full,7307,32666737.542232,163,gaussian (identity),Some college or AA degree,0.00265432462866978,0.000278123602803354,2.50414908620657e-17,0.00210920236717521,0.00319944689016436,79.0973522150824,1.02123480706278e-36,2162,9938722.6024763
age_4lvl,30to39y,1999-2020,21.2,WTMEC.COMBN,gender,educ_level,prevent_stroke_10yr_full,7307,32666737.542232,163,gaussian (identity),HS graduate or GED,0.00290138045946089,0.000243238818275218,8.52088823315179e-24,0.00242463237564147,0.00337812854328032,79.0973522150824,1.02123480706278e-36,1560,6841305.79487315
age_4lvl,30to39y,1999-2020,21.2,WTMEC.COMBN,gender,educ_level,prevent_stroke_10yr_full,7307,32666737.542232,163,gaussian (identity),9-11th grade,0.00402050560242383,0.000348901024842958,1.09748947779686e-22,0.00333665959373163,0.00470435161111603,79.0973522150824,1.02123480706278e-36,1054,3619051.82814781
age_4lvl,30to39y,1999-2020,21.2,WTMEC.COMBN,gender,educ_level,prevent_stroke_10yr_full,7307,32666737.542232,163,gaussian (identity),Less than 9th grade,0.00308641385683877,0.000473026200654405,8.77529108523542e-10,0.00215928250355613,0.0040135452101214,79.0973522150824,1.02123480706278e-36,525,1516792.23037453
age_4lvl,over65y,1999-2020,21.2,WTMEC.COMBN,gender,educ_level,prevent_stroke_30yr_base,8607,27122019.5913881,163,gaussian (identity),College graduate or above (Intercept),0.10246915710947,0.000879947044657004,4.48008005290407e-155,0.100744460901942,0.104193853316998,46.5627611829484,8.34945673474215e-26,1614,7035623.34559145
age_4lvl,over65y,1999-2020,21.2,WTMEC.COMBN,gender,educ_level,prevent_stroke_30yr_base,8607,27122019.5913881,163,gaussian (identity),Some college or AA degree,0.00759600950259721,0.00102613107591451,7.47276687313725e-12,0.00558479259380478,0.00960722641138964,46.5627611829484,8.34945673474215e-26,2033,7275182.0743207
age_4lvl,over65y,1999-2020,21.2,WTMEC.COMBN,gender,educ_level,prevent_stroke_30yr_base,8607,27122019.5913881,163,gaussian (identity),HS graduate or GED,0.00861270210391295,0.000974686269260595,1.81484237693306e-15,0.00670231701616219,0.0105230871916637,46.5627611829484,8.34945673474215e-26,2044,7088452.10571936
age_4lvl,over65y,1999-2020,21.2,WTMEC.COMBN,gender,educ_level,prevent_stroke_30yr_base,8607,27122019.5913881,163,gaussian (identity),9-11th grade,0.0115526217122069,0.00121898058893919,3.75795979710761e-17,0.00916341975788606,0.0139418236665277,46.5627611829484,8.34945673474215e-26,1266,3191257.89724468
age_4lvl,over65y,1999-2020,21.2,WTMEC.COMBN,gender,educ_level,prevent_stroke_30yr_base,8607,27122019.5913881,163,gaussian (identity),Less than 9th grade,0.0133137513566015,0.00116102053953634,1.56287646675534e-22,0.0110381510991102,0.0155893516140927,46.5627611829484,8.34945673474215e-26,1650,2531504.16851191
age_4lvl,40to64y,1999-2020,21.2,WTMEC.COMBN,gender,educ_level,prevent_stroke_30yr_base,20311,87792194.5733804,163,gaussian (identity),College graduate or above (Intercept),0.0716181646792949,0.000811629659238974,2.48765850230748e-136,0.0700273705471865,0.0732089588114033,116.425377477758,4.66446435919696e-46,4781,26903836.2875418
age_4lvl,40to64y,1999-2020,21.2,WTMEC.COMBN,gender,educ_level,prevent_stroke_30yr_base,20311,87792194.5733804,163,gaussian (identity),Some college or AA degree,0.0124958997131659,0.000952749135870098,4.67969222977734e-27,0.0106285114068605,0.0143632880194713,116.425377477758,4.66446435919696e-46,5794,26748773.9577258
age_4lvl,40to64y,1999-2020,21.2,WTMEC.COMBN,gender,educ_level,prevent_stroke_30yr_base,20311,87792194.5733804,163,gaussian (identity),HS graduate or GED,0.0170493618299469,0.00116704892872043,3.93248734802348e-31,0.0147619459296548,0.0193367777302389,116.425377477758,4.66446435919696e-46,4586,20790265.5523456
age_4lvl,40to64y,1999-2020,21.2,WTMEC.COMBN,gender,educ_level,prevent_stroke_30yr_base,20311,87792194.5733804,163,gaussian (identity),9-11th grade,0.0230608977247565,0.00145914384287257,2.3822684463671e-34,0.0202009757927262,0.0259208196567867,116.425377477758,4.66446435919696e-46,2843,8779221.6311271
age_4lvl,40to64y,1999-2020,21.2,WTMEC.COMBN,gender,educ_level,prevent_stroke_30yr_base,20311,87792194.5733804,163,gaussian (identity),Less than 9th grade,0.0226381618840377,0.001639791248768,6.04811053495728e-29,0.0194241710364524,0.025852152731623,116.425377477758,4.66446435919696e-46,2307,4570097.14464006
age_4lvl,30to39y,1999-2020,21.2,WTMEC.COMBN,gender,educ_level,prevent_stroke_30yr_base,7363,32911920.7416884,163,gaussian (identity),College graduate or above (Intercept),0.02610777170899,0.000511433580016328,4.2455692618815e-100,0.025105361892158,0.027110181525822,74.1911218021257,2.81429126458201e-35,2021,10816504.9439158
age_4lvl,30to39y,1999-2020,21.2,WTMEC.COMBN,gender,educ_level,prevent_stroke_30yr_base,7363,32911920.7416884,163,gaussian (identity),Some college or AA degree,0.00909306893801435,0.000829831721765463,3.85740522006205e-21,0.00746659876335405,0.0107195391126747,74.1911218021257,2.81429126458201e-35,2179,10011579.5430663
age_4lvl,30to39y,1999-2020,21.2,WTMEC.COMBN,gender,educ_level,prevent_stroke_30yr_base,7363,32911920.7416884,163,gaussian (identity),HS graduate or GED,0.0113372185494161,0.000953444345314025,1.07864325988203e-23,0.00946846763260061,0.0132059694662316,74.1911218021257,2.81429126458201e-35,1575,6913829.53391496
age_4lvl,30to39y,1999-2020,21.2,WTMEC.COMBN,gender,educ_level,prevent_stroke_30yr_base,7363,32911920.7416884,163,gaussian (identity),9-11th grade,0.0142684641813309,0.00113569178789581,1.53188925207501e-25,0.0120425082770551,0.0164944200856067,74.1911218021257,2.81429126458201e-35,1060,3642522.20605896
age_4lvl,30to39y,1999-2020,21.2,WTMEC.COMBN,gender,educ_level,prevent_stroke_30yr_base,7363,32911920.7416884,163,gaussian (identity),Less than 9th grade,0.00950818501999926,0.00149483668076238,2.06663439467488e-09,0.006578305125705,0.0124380649142935,74.1911218021257,2.81429126458201e-35,528,1527484.51473236
age_4lvl,over65y,1999-2020,21.2,WTMEC.COMBN,gender,educ_level,prevent_stroke_30yr_hba1c,8594,27086249.5402594,163,gaussian (identity),College graduate or above (Intercept),0.101877575553579,0.000793045113546974,9.6296250783254e-162,0.100323207131027,0.103431943976131,37.5015225895405,4.94362003670766e-22,1610,7020123.96819651
age_4lvl,over65y,1999-2020,21.2,WTMEC.COMBN,gender,educ_level,prevent_stroke_30yr_hba1c,8594,27086249.5402594,163,gaussian (identity),Some college or AA degree,0.00595952676636791,0.000942022310641223,2.46893562114631e-09,0.00411316303751111,0.0078058904952247,37.5015225895405,4.94362003670766e-22,2032,7272280.61351768
age_4lvl,over65y,1999-2020,21.2,WTMEC.COMBN,gender,educ_level,prevent_stroke_30yr_hba1c,8594,27086249.5402594,163,gaussian (identity),HS graduate or GED,0.00720516520444309,0.000875547394675696,6.58913277279299e-14,0.00548909231087872,0.00892123809800745,37.5015225895405,4.94362003670766e-22,2041,7076192.51156728
age_4lvl,over65y,1999-2020,21.2,WTMEC.COMBN,gender,educ_level,prevent_stroke_30yr_hba1c,8594,27086249.5402594,163,gaussian (identity),9-11th grade,0.00938444754349464,0.00107799906160706,3.96748884308478e-15,0.00727156938274481,0.0114973257042445,37.5015225895405,4.94362003670766e-22,1265,3189835.48920808
age_4lvl,over65y,1999-2020,21.2,WTMEC.COMBN,gender,educ_level,prevent_stroke_30yr_hba1c,8594,27086249.5402594,163,gaussian (identity),Less than 9th grade,0.0108764658590675,0.00102009952645071,2.45784955680159e-20,0.00887707078722412,0.0128758609309109,37.5015225895405,4.94362003670766e-22,1646,2527816.95776983
age_4lvl,40to64y,1999-2020,21.2,WTMEC.COMBN,gender,educ_level,prevent_stroke_30yr_hba1c,20286,87705270.6156147,163,gaussian (identity),College graduate or above (Intercept),0.070353889821263,0.000759664854304399,1.38111643036419e-139,0.0688649467068263,0.0718428329356996,119.843051849543,8.47244076260844e-47,4779,26889709.2586645
age_4lvl,40to64y,1999-2020,21.2,WTMEC.COMBN,gender,educ_level,prevent_stroke_30yr_hba1c,20286,87705270.6156147,163,gaussian (identity),Some college or AA degree,0.0116099527584603,0.000869378577879964,1.0374433872557e-27,0.00990597074581554,0.013313934771105,119.843051849543,8.47244076260844e-47,5782,26714496.8027549
age_4lvl,40to64y,1999-2020,21.2,WTMEC.COMBN,gender,educ_level,prevent_stroke_30yr_hba1c,20286,87705270.6156147,163,gaussian (identity),HS graduate or GED,0.0161975368850993,0.00104787050565204,2.01977944681592e-33,0.0141437106940213,0.0182513630761773,119.843051849543,8.47244076260844e-47,4580,20760219.7622163
age_4lvl,40to64y,1999-2020,21.2,WTMEC.COMBN,gender,educ_level,prevent_stroke_30yr_hba1c,20286,87705270.6156147,163,gaussian (identity),9-11th grade,0.021580850674197,0.00133169399050387,2.03784708086861e-35,0.0189707304528095,0.0241909708955846,119.843051849543,8.47244076260844e-47,2840,8775266.45953691
age_4lvl,40to64y,1999-2020,21.2,WTMEC.COMBN,gender,educ_level,prevent_stroke_30yr_hba1c,20286,87705270.6156147,163,gaussian (identity),Less than 9th grade,0.0205638235752667,0.00144559315722718,4.33772190403165e-30,0.0177304609871015,0.023397186163432,119.843051849543,8.47244076260844e-47,2305,4565578.33244213
age_4lvl,30to39y,1999-2020,21.2,WTMEC.COMBN,gender,educ_level,prevent_stroke_30yr_hba1c,7346,32841561.7544527,163,gaussian (identity),College graduate or above (Intercept),0.0255707081823966,0.000480645233592895,8.88558031808498e-103,0.0246286435245545,0.0265127728402386,77.7496831599714,2.50480669213221e-36,2017,10797605.681612
age_4lvl,30to39y,1999-2020,21.2,WTMEC.COMBN,gender,educ_level,prevent_stroke_30yr_hba1c,7346,32841561.7544527,163,gaussian (identity),Some college or AA degree,0.0084980145299497,0.000751386535129243,4.21655676124997e-22,0.00702529692109639,0.00997073213880302,77.7496831599714,2.50480669213221e-36,2171,9978427.27948602
age_4lvl,30to39y,1999-2020,21.2,WTMEC.COMBN,gender,educ_level,prevent_stroke_30yr_hba1c,7346,32841561.7544527,163,gaussian (identity),HS graduate or GED,0.0106387732392679,0.00085167252792961,2.4160998820018e-25,0.00896949508452589,0.01230805139401,77.7496831599714,2.50480669213221e-36,1571,6901213.98732642
age_4lvl,30to39y,1999-2020,21.2,WTMEC.COMBN,gender,educ_level,prevent_stroke_30yr_hba1c,7346,32841561.7544527,163,gaussian (identity),9-11th grade,0.013750841103522,0.00104292470836054,3.02203547342329e-27,0.0117067086751353,0.0157949735319086,77.7496831599714,2.50480669213221e-36,1060,3642522.20605896
age_4lvl,30to39y,1999-2020,21.2,WTMEC.COMBN,gender,educ_level,prevent_stroke_30yr_hba1c,7346,32841561.7544527,163,gaussian (identity),Less than 9th grade,0.00926101694942057,0.00135037695775016,1.48830820918502e-10,0.00661427811223027,0.0119077557866109,77.7496831599714,2.50480669213221e-36,527,1521792.59996934
age_4lvl,over65y,1999-2020,21.2,WTMEC.COMBN,gender,educ_level,prevent_stroke_30yr_uacr,8475,26760980.9150413,163,gaussian (identity),College graduate or above (Intercept),0.0997033106345021,0.000938006487548552,6.8350953635037e-149,0.097864817918907,0.101541803350097,58.0638606596856,4.55748982332774e-30,1594,6965457.77121293
age_4lvl,over65y,1999-2020,21.2,WTMEC.COMBN,gender,educ_level,prevent_stroke_30yr_uacr,8475,26760980.9150413,163,gaussian (identity),Some college or AA degree,0.00802941495471348,0.00108598882127256,7.85522548041967e-12,0.00590087686501927,0.0101579530444077,58.0638606596856,4.55748982332774e-30,2003,7187896.45771983
age_4lvl,over65y,1999-2020,21.2,WTMEC.COMBN,gender,educ_level,prevent_stroke_30yr_uacr,8475,26760980.9150413,163,gaussian (identity),HS graduate or GED,0.0094840470960716,0.00102461269861537,1.44373155833936e-16,0.00747580620678548,0.0114922879853577,58.0638606596856,4.55748982332774e-30,2013,6974541.91163579
age_4lvl,over65y,1999-2020,21.2,WTMEC.COMBN,gender,educ_level,prevent_stroke_30yr_uacr,8475,26760980.9150413,163,gaussian (identity),9-11th grade,0.0139902978762539,0.00131933395627317,3.53418280163745e-20,0.0114044033219585,0.0165761924305493,58.0638606596856,4.55748982332774e-30,1243,3144070.83863806
age_4lvl,over65y,1999-2020,21.2,WTMEC.COMBN,gender,educ_level,prevent_stroke_30yr_uacr,8475,26760980.9150413,163,gaussian (identity),Less than 9th grade,0.015838623084513,0.00130576049249427,2.38121360959313e-24,0.0132793325192242,0.0183979136498018,58.0638606596856,4.55748982332774e-30,1622,2489013.93583474
age_4lvl,40to64y,1999-2020,21.2,WTMEC.COMBN,gender,educ_level,prevent_stroke_30yr_uacr,20183,87383722.9794823,163,gaussian (identity),College graduate or above (Intercept),0.0668218636771976,0.000798850664321595,9.70324162228369e-133,0.0652561163751273,0.068387610979268,122.34809978969,2.48312453645342e-47,4760,26824610.1726082
age_4lvl,40to64y,1999-2020,21.2,WTMEC.COMBN,gender,educ_level,prevent_stroke_30yr_uacr,20183,87383722.9794823,163,gaussian (identity),Some college or AA degree,0.0123546116793823,0.000943939952531171,5.55949818699578e-27,0.0105044893724212,0.0142047339863434,122.34809978969,2.48312453645342e-47,5766,26671349.6034586
age_4lvl,40to64y,1999-2020,21.2,WTMEC.COMBN,gender,educ_level,prevent_stroke_30yr_uacr,20183,87383722.9794823,163,gaussian (identity),HS graduate or GED,0.0165604751662596,0.00113221862282929,3.52292559437963e-31,0.0143413266655142,0.018779623667005,122.34809978969,2.48312453645342e-47,4554,20678202.4952235
age_4lvl,40to64y,1999-2020,21.2,WTMEC.COMBN,gender,educ_level,prevent_stroke_30yr_uacr,20183,87383722.9794823,163,gaussian (identity),9-11th grade,0.022792946736632,0.00142517123142455,7.47861315386621e-35,0.0199996111230399,0.0255862823502241,122.34809978969,2.48312453645342e-47,2815,8688522.98224713
age_4lvl,40to64y,1999-2020,21.2,WTMEC.COMBN,gender,educ_level,prevent_stroke_30yr_uacr,20183,87383722.9794823,163,gaussian (identity),Less than 9th grade,0.0227010346247484,0.00155951222476039,5.45670547655047e-31,0.019644390664218,0.0257576785852788,122.34809978969,2.48312453645342e-47,2288,4521037.72594479
age_4lvl,30to39y,1999-2020,21.2,WTMEC.COMBN,gender,educ_level,prevent_stroke_30yr_uacr,7324,32737096.5294677,163,gaussian (identity),College graduate or above (Intercept),0.0237128546218274,0.000468987201746677,1.76684489286274e-99,0.0227936397064039,0.0246320695372509,75.6006601537645,1.07001073701104e-35,2010,10769764.3486641
age_4lvl,30to39y,1999-2020,21.2,WTMEC.COMBN,gender,educ_level,prevent_stroke_30yr_uacr,7324,32737096.5294677,163,gaussian (identity),Some college or AA degree,0.00850207072119321,0.000779805227901769,5.44422704083827e-21,0.00697365247450574,0.0100304889678807,75.6006601537645,1.07001073701104e-35,2170,9971874.86605658
age_4lvl,30to39y,1999-2020,21.2,WTMEC.COMBN,gender,educ_level,prevent_stroke_30yr_uacr,7324,32737096.5294677,163,gaussian (identity),HS graduate or GED,0.0100329021233009,0.000845505948111675,1.26042797910645e-23,0.00837571046500204,0.0116900937815998,75.6006601537645,1.07001073701104e-35,1564,6853921.3414617
age_4lvl,30to39y,1999-2020,21.2,WTMEC.COMBN,gender,educ_level,prevent_stroke_30yr_uacr,7324,32737096.5294677,163,gaussian (identity),9-11th grade,0.0132546255777155,0.00105700967278441,1.78225063965202e-25,0.0111828866190581,0.015326364536373,75.6006601537645,1.07001073701104e-35,1054,3619051.82814781
age_4lvl,30to39y,1999-2020,21.2,WTMEC.COMBN,gender,educ_level,prevent_stroke_30yr_uacr,7324,32737096.5294677,163,gaussian (identity),Less than 9th grade,0.00926812704775915,0.0013612393231547,1.94265678526972e-10,0.00660009797437594,0.0119361561211424,75.6006601537645,1.07001073701104e-35,526,1522484.14513755
age_4lvl,over65y,1999-2020,21.2,WTMEC.COMBN,gender,educ_level,prevent_stroke_30yr_full,8464,26729931.4100009,163,gaussian (identity),College graduate or above (Intercept),0.0997154163482733,0.00083230982997658,5.28643848443885e-157,0.0980840890815191,0.101346743615027,52.1909298976173,5.88619587339143e-28,1590,6949958.39381798
age_4lvl,over65y,1999-2020,21.2,WTMEC.COMBN,gender,educ_level,prevent_stroke_30yr_full,8464,26729931.4100009,163,gaussian (identity),Some college or AA degree,0.00644055255951949,0.000962014350340277,3.56946700254242e-10,0.00455500443285255,0.00832610068618644,52.1909298976173,5.88619587339143e-28,2002,7184994.99691681
age_4lvl,over65y,1999-2020,21.2,WTMEC.COMBN,gender,educ_level,prevent_stroke_30yr_full,8464,26729931.4100009,163,gaussian (identity),HS graduate or GED,0.00795108892198605,0.000890559636736082,1.04650584296689e-15,0.00620559203398333,0.00969658580998878,52.1909298976173,5.88619587339143e-28,2011,6965887.9884006
age_4lvl,over65y,1999-2020,21.2,WTMEC.COMBN,gender,educ_level,prevent_stroke_30yr_full,8464,26729931.4100009,163,gaussian (identity),9-11th grade,0.0116354789821391,0.00112271749532111,1.58289761316295e-19,0.00943495269130974,0.0138360052729685,52.1909298976173,5.88619587339143e-28,1242,3142648.43060145
age_4lvl,over65y,1999-2020,21.2,WTMEC.COMBN,gender,educ_level,prevent_stroke_30yr_full,8464,26729931.4100009,163,gaussian (identity),Less than 9th grade,0.0130251154227718,0.00111162988624618,3.23055273289688e-23,0.0108463208457293,0.0152039099998143,52.1909298976173,5.88619587339143e-28,1619,2486441.60026408
age_4lvl,40to64y,1999-2020,21.2,WTMEC.COMBN,gender,educ_level,prevent_stroke_30yr_full,20158,87296799.0217166,163,gaussian (identity),College graduate or above (Intercept),0.0679355624544507,0.000748576425797295,3.20565503114601e-138,0.066468352659888,0.0694027722490134,124.133953389721,1.04713165702709e-47,4758,26810483.1437309
age_4lvl,40to64y,1999-2020,21.2,WTMEC.COMBN,gender,educ_level,prevent_stroke_30yr_full,20158,87296799.0217166,163,gaussian (identity),Some college or AA degree,0.0113255435553723,0.000854204145616293,1.89779717155008e-27,0.00965130342996434,0.0129997836807802,124.133953389721,1.04713165702709e-47,5754,26637072.4484877
age_4lvl,40to64y,1999-2020,21.2,WTMEC.COMBN,gender,educ_level,prevent_stroke_30yr_full,20158,87296799.0217166,163,gaussian (identity),HS graduate or GED,0.0154919265673193,0.00101716328059424,8.23092169244024e-33,0.0134982865373546,0.0174855665972841,124.133953389721,1.04713165702709e-47,4548,20648156.7050942
age_4lvl,40to64y,1999-2020,21.2,WTMEC.COMBN,gender,educ_level,prevent_stroke_30yr_full,20158,87296799.0217166,163,gaussian (identity),9-11th grade,0.0208646550969527,0.00128396377463137,1.55164298412103e-35,0.0183480860986752,0.0233812240952302,124.133953389721,1.04713165702709e-47,2812,8684567.81065694
age_4lvl,40to64y,1999-2020,21.2,WTMEC.COMBN,gender,educ_level,prevent_stroke_30yr_full,20158,87296799.0217166,163,gaussian (identity),Less than 9th grade,0.0203824568147063,0.00137271863944215,8.8459116781368e-32,0.0176919282813997,0.0230729853480129,124.133953389721,1.04713165702709e-47,2286,4516518.91374687
age_4lvl,30to39y,1999-2020,21.2,WTMEC.COMBN,gender,educ_level,prevent_stroke_30yr_full,7307,32666737.542232,163,gaussian (identity),College graduate or above (Intercept),0.0243286088641687,0.000445780298457515,1.94131427088352e-104,0.0234548794791919,0.0252023382491454,72.471045400733,9.30926245116686e-35,2006,10750865.0863602
age_4lvl,30to39y,1999-2020,21.2,WTMEC.COMBN,gender,educ_level,prevent_stroke_30yr_full,7307,32666737.542232,163,gaussian (identity),Some college or AA degree,0.00769354239882552,0.000700930633278231,3.43543337809544e-21,0.00631971835760018,0.00906736644005085,72.471045400733,9.30926245116686e-35,2162,9938722.6024763
age_4lvl,30to39y,1999-2020,21.2,WTMEC.COMBN,gender,educ_level,prevent_stroke_30yr_full,7307,32666737.542232,163,gaussian (identity),HS graduate or GED,0.00894382335025744,0.000749023058482308,7.87185319190109e-24,0.00747573815563212,0.0104119085448828,72.471045400733,9.30926245116686e-35,1560,6841305.79487315
age_4lvl,30to39y,1999-2020,21.2,WTMEC.COMBN,gender,educ_level,prevent_stroke_30yr_full,7307,32666737.542232,163,gaussian (identity),9-11th grade,0.0120485856723996,0.000978594662170646,7.5179570609185e-25,0.0101305401345451,0.0139666312102541,72.471045400733,9.30926245116686e-35,1054,3619051.82814781
age_4lvl,30to39y,1999-2020,21.2,WTMEC.COMBN,gender,educ_level,prevent_stroke_30yr_full,7307,32666737.542232,163,gaussian (identity),Less than 9th grade,0.00854892296798273,0.00119617864831666,3.08706481175239e-11,0.00620441281728208,0.0108934331186834,72.471045400733,9.30926245116686e-35,525,1516792.23037453
