strata_var,strata_level,cycle_yrs,n_yrs.,survweight.,model_covars,exposure,outcome,n_total_raw,n_total_weighted,model_df,model_type,exp_level,beta,se,pval,low95CI,up95CI,fstat,f_pval,n_exp_raw,n_exp_weighted
gender,Male,1999-2020,21.2,WTMEC.COMBN,age,educ_level,fib4,26662,102220799.398273,163,gaussian (identity),College graduate or above (Intercept),-0.261552327456039,0.0204956331584088,4.38897292507376e-26,-0.30172376844652,-0.221380886465558,1.3930191744143,0.238805992921833,5549,28431524.9391957
gender,Male,1999-2020,21.2,WTMEC.COMBN,age,educ_level,fib4,26662,102220799.398273,163,gaussian (identity),Some college or AA degree,0.0201482731255493,0.0195423810960265,0.304114569751632,-0.0181547938226627,0.0584513400737613,1.3930191744143,0.238805992921833,6952,29394031.075587
gender,Male,1999-2020,21.2,WTMEC.COMBN,age,educ_level,fib4,26662,102220799.398273,163,gaussian (identity),HS graduate or GED,-0.000583698016485053,0.0133914438002559,0.965288343693663,-0.0268309278649866,0.0256635318320165,1.3930191744143,0.238805992921833,6515,25950092.1594321
gender,Male,1999-2020,21.2,WTMEC.COMBN,age,educ_level,fib4,26662,102220799.398273,163,gaussian (identity),9-11th grade,0.0254991161505859,0.0159414283160115,0.111696126520437,-0.00574608334879657,0.0567443156499684,1.3930191744143,0.238805992921833,4459,12272459.5252248
gender,Male,1999-2020,21.2,WTMEC.COMBN,age,educ_level,fib4,26662,102220799.398273,163,gaussian (identity),Less than 9th grade,0.0384985881374125,0.0236897392884442,0.106130816259063,-0.00793330086793821,0.0849304771427632,1.3930191744143,0.238805992921833,3187,6172691.69883333
gender,Female,1999-2020,21.2,WTMEC.COMBN,age,educ_level,fib4,28402,109157062.353656,163,gaussian (identity),College graduate or above (Intercept),-0.221511534192998,0.0145656502528081,9.4754148121785e-33,-0.250060208688502,-0.192962859697494,3.66246404865002,0.00698972481373302,5714,29433900.3852365
gender,Female,1999-2020,21.2,WTMEC.COMBN,age,educ_level,fib4,28402,109157062.353656,163,gaussian (identity),Some college or AA degree,-0.026198284698457,0.0115535819140668,0.0247123469204759,-0.0488433052500279,-0.00355326414688605,3.66246404865002,0.00698972481373302,8620,35575931.9709087
gender,Female,1999-2020,21.2,WTMEC.COMBN,age,educ_level,fib4,28402,109157062.353656,163,gaussian (identity),HS graduate or GED,-0.0335234377632874,0.0119502586239887,0.0056597950689738,-0.0569459446663052,-0.0101009308602697,3.66246404865002,0.00698972481373302,6580,25734172.9732477
gender,Female,1999-2020,21.2,WTMEC.COMBN,age,educ_level,fib4,28402,109157062.353656,163,gaussian (identity),9-11th grade,-0.00895968699516189,0.0151887436128739,0.556107091868659,-0.0387296244763947,0.0208102504860709,3.66246404865002,0.00698972481373302,4427,12359848.0770726
gender,Female,1999-2020,21.2,WTMEC.COMBN,age,educ_level,fib4,28402,109157062.353656,163,gaussian (identity),Less than 9th grade,0.0189575651176514,0.0192576307778972,0.3264149123193,-0.0187873912070271,0.05670252144233,3.66246404865002,0.00698972481373302,3061,6053208.94719089
gender,Male,1999-2020,21.2,WTMEC.COMBN,age,educ_level,fib4_mod_vs_low,25490,99289863.8969419,163,quasibinomial (logit),College graduate or above (Intercept),-4.95873051341795,0.0801712203993196,1.20889678034246e-112,-5.11586610540061,-4.80159492143528,1.67612927106531,0.158144690897026,5299,27653999.8496915
gender,Male,1999-2020,21.2,WTMEC.COMBN,age,educ_level,fib4_mod_vs_low,25490,99289863.8969419,163,quasibinomial (logit),Some college or AA degree,-0.0756480522704276,0.0739802071314034,0.3080863426061,-0.220649258247978,0.0693531537071231,1.67612927106531,0.158144690897026,6690,28660302.2551813
gender,Male,1999-2020,21.2,WTMEC.COMBN,age,educ_level,fib4_mod_vs_low,25490,99289863.8969419,163,quasibinomial (logit),HS graduate or GED,-0.126563720362512,0.0753637061341213,0.0950559102694471,-0.27427658438539,0.0211491436603655,1.67612927106531,0.158144690897026,6255,25218679.9933638
gender,Male,1999-2020,21.2,WTMEC.COMBN,age,educ_level,fib4_mod_vs_low,25490,99289863.8969419,163,quasibinomial (logit),9-11th grade,-0.100348986967863,0.0877763438405416,0.254670298035739,-0.272390620895324,0.0716926469595989,1.67612927106531,0.158144690897026,4271,11908412.1978032
gender,Male,1999-2020,21.2,WTMEC.COMBN,age,educ_level,fib4_mod_vs_low,25490,99289863.8969419,163,quasibinomial (logit),Less than 9th grade,-0.204604857866124,0.0849174145393884,0.0171260592338205,-0.371042990363325,-0.0381667253689229,1.67612927106531,0.158144690897026,2975,5848469.60090218
gender,Female,1999-2020,21.2,WTMEC.COMBN,age,educ_level,fib4_mod_vs_low,27665,106803436.621545,163,quasibinomial (logit),College graduate or above (Intercept),-5.1569465382945,0.0856816979384194,7.56032526946233e-111,-5.3248826662538,-4.9890104103352,5.00937159693835,0.000792050056859366,5616,28977176.6552686
gender,Female,1999-2020,21.2,WTMEC.COMBN,age,educ_level,fib4_mod_vs_low,27665,106803436.621545,163,quasibinomial (logit),Some college or AA degree,-0.140031207355261,0.0695407070926419,0.0457428465458166,-0.276330993256839,-0.00373142145368297,5.00937159693835,0.000792050056859366,8430,34935818.6675213
gender,Female,1999-2020,21.2,WTMEC.COMBN,age,educ_level,fib4_mod_vs_low,27665,106803436.621545,163,quasibinomial (logit),HS graduate or GED,-0.225693337574322,0.0741368915737138,0.00273295520351022,-0.371001645058801,-0.0803850300898429,5.00937159693835,0.000792050056859366,6403,25114314.3570802
gender,Female,1999-2020,21.2,WTMEC.COMBN,age,educ_level,fib4_mod_vs_low,27665,106803436.621545,163,quasibinomial (logit),9-11th grade,-0.398423076599301,0.10234473685084,0.000145756855076413,-0.599018760826947,-0.197827392371655,5.00937159693835,0.000792050056859366,4304,12043294.6003511
gender,Female,1999-2020,21.2,WTMEC.COMBN,age,educ_level,fib4_mod_vs_low,27665,106803436.621545,163,quasibinomial (logit),Less than 9th grade,-0.342354937172749,0.105875961014318,0.00148866586568684,-0.549871820760812,-0.134838053584686,5.00937159693835,0.000792050056859366,2912,5732832.34132417
gender,Male,1999-2020,21.2,WTMEC.COMBN,age,educ_level,fib4_high_vs_low,22016,86070807.2280749,163,quasibinomial (logit),College graduate or above (Intercept),-9.50748619508875,0.215450190160748,9.34114560001614e-91,-9.92976856780381,-9.08520382237368,0.572039058931472,0.683307896173597,4440,23280761.2262145
gender,Male,1999-2020,21.2,WTMEC.COMBN,age,educ_level,fib4_high_vs_low,22016,86070807.2280749,163,quasibinomial (logit),Some college or AA degree,0.126407433134104,0.132694103068459,0.342236264467033,-0.133673008880076,0.386487875148284,0.572039058931472,0.683307896173597,5822,25080031.8442749
gender,Male,1999-2020,21.2,WTMEC.COMBN,age,educ_level,fib4_high_vs_low,22016,86070807.2280749,163,quasibinomial (logit),HS graduate or GED,0.138130919263933,0.146793947309644,0.348148930465075,-0.149585217462969,0.425847055990835,0.572039058931472,0.683307896173597,5457,22185103.8294554
gender,Male,1999-2020,21.2,WTMEC.COMBN,age,educ_level,fib4_high_vs_low,22016,86070807.2280749,163,quasibinomial (logit),9-11th grade,0.210486381865953,0.151416936984759,0.166450384001056,-0.0862908146241751,0.507263578356081,0.572039058931472,0.683307896173597,3814,10532418.0622588
gender,Male,1999-2020,21.2,WTMEC.COMBN,age,educ_level,fib4_high_vs_low,22016,86070807.2280749,163,quasibinomial (logit),Less than 9th grade,0.160006652784961,0.143673486949117,0.26710675654852,-0.121593381635308,0.441606687205231,0.572039058931472,0.683307896173597,2483,4992492.26587131
gender,Female,1999-2020,21.2,WTMEC.COMBN,age,educ_level,fib4_high_vs_low,25053,96362149.6191855,163,quasibinomial (logit),College graduate or above (Intercept),-10.3557823139862,0.395943842045483,2.74124816483903e-59,-11.1318322443954,-9.57973238357707,2.44496661425446,0.0487562174156,5039,25927127.175332
gender,Female,1999-2020,21.2,WTMEC.COMBN,age,educ_level,fib4_high_vs_low,25053,96362149.6191855,163,quasibinomial (logit),Some college or AA degree,-0.0502326135983584,0.167516837735337,0.764673463993804,-0.378565615559618,0.278100388362902,2.44496661425446,0.0487562174156,7676,31654213.0636323
gender,Female,1999-2020,21.2,WTMEC.COMBN,age,educ_level,fib4_high_vs_low,25053,96362149.6191855,163,quasibinomial (logit),HS graduate or GED,-0.110185672173333,0.167279755300826,0.511052941653954,-0.438053992562951,0.217682648216285,2.44496661425446,0.0487562174156,5765,22503955.7940658
gender,Female,1999-2020,21.2,WTMEC.COMBN,age,educ_level,fib4_high_vs_low,25053,96362149.6191855,163,quasibinomial (logit),9-11th grade,-0.0333169792527777,0.197584589212267,0.866310157012052,-0.420582774108822,0.353948815603267,2.44496661425446,0.0487562174156,3999,11093002.7168845
gender,Female,1999-2020,21.2,WTMEC.COMBN,age,educ_level,fib4_high_vs_low,25053,96362149.6191855,163,quasibinomial (logit),Less than 9th grade,0.276430958938393,0.169085294649006,0.104068960434948,-0.0549762185736577,0.607838136450444,2.44496661425446,0.0487562174156,2574,5183850.86927096
gender,Male,1999-2020,21.2,WTMEC.COMBN,age,educ_level,prevent_cvd_10yr_base,17887,71954784.3664899,163,gaussian (identity),College graduate or above (Intercept),-0.191404410678161,0.0019978450500394,7.14964210470376e-142,-0.195320186976238,-0.187488634380084,117.742857572984,2.40623638790458e-46,4267,22524967.756316
gender,Male,1999-2020,21.2,WTMEC.COMBN,age,educ_level,prevent_cvd_10yr_base,17887,71954784.3664899,163,gaussian (identity),Some college or AA degree,0.0185182550396001,0.00150152602252391,6.5902669315664e-25,0.0155752640354533,0.021461246043747,117.742857572984,2.40623638790458e-46,4565,19945961.0334768
gender,Male,1999-2020,21.2,WTMEC.COMBN,age,educ_level,prevent_cvd_10yr_base,17887,71954784.3664899,163,gaussian (identity),HS graduate or GED,0.0218493869419574,0.00179449011285429,1.78013150957838e-24,0.018332186320763,0.0253665875631518,117.742857572984,2.40623638790458e-46,4137,17298858.8365562
gender,Male,1999-2020,21.2,WTMEC.COMBN,age,educ_level,prevent_cvd_10yr_base,17887,71954784.3664899,163,gaussian (identity),9-11th grade,0.0308570289858457,0.001997948842093,2.19169806039967e-33,0.0269410492553434,0.034773008716348,117.742857572984,2.40623638790458e-46,2584,7746045.49701806
gender,Male,1999-2020,21.2,WTMEC.COMBN,age,educ_level,prevent_cvd_10yr_base,17887,71954784.3664899,163,gaussian (identity),Less than 9th grade,0.0332732409181611,0.00205195394450136,1.91905230066384e-35,0.0292514111869384,0.0372950706493838,117.742857572984,2.40623638790458e-46,2334,4438951.24312283
gender,Female,1999-2020,21.2,WTMEC.COMBN,age,educ_level,prevent_cvd_10yr_base,18394,75871350.5399671,163,gaussian (identity),College graduate or above (Intercept),-0.188073456218898,0.00193078388486096,5.43164442732698e-143,-0.191857792633226,-0.184289119804571,230.591533722875,7.53624742522315e-65,4149,22230996.8207331
gender,Female,1999-2020,21.2,WTMEC.COMBN,age,educ_level,prevent_cvd_10yr_base,18394,75871350.5399671,163,gaussian (identity),Some college or AA degree,0.0205762613977135,0.00125806859386159,8.16473771077208e-36,0.0181104469537448,0.0230420758416823,230.591533722875,7.53624742522315e-65,5441,24089574.541636
gender,Female,1999-2020,21.2,WTMEC.COMBN,age,educ_level,prevent_cvd_10yr_base,18394,75871350.5399671,163,gaussian (identity),HS graduate or GED,0.0278947231613611,0.00154371378863938,2.75782047242831e-40,0.024869044135628,0.0309204021870943,230.591533722875,7.53624742522315e-65,4068,17493688.3554238
gender,Female,1999-2020,21.2,WTMEC.COMBN,age,educ_level,prevent_cvd_10yr_base,18394,75871350.5399671,163,gaussian (identity),9-11th grade,0.0438279583870237,0.00182184265014126,1.07116597852028e-54,0.0402571467927468,0.0473987699813005,230.591533722875,7.53624742522315e-65,2585,7866956.23741268
gender,Female,1999-2020,21.2,WTMEC.COMBN,age,educ_level,prevent_cvd_10yr_base,18394,75871350.5399671,163,gaussian (identity),Less than 9th grade,0.0443618956974451,0.00225591317416108,2.58595039091032e-44,0.0399403058760894,0.0487834855188008,230.591533722875,7.53624742522315e-65,2151,4190134.58476149
gender,Male,1999-2020,21.2,WTMEC.COMBN,age,educ_level,prevent_cvd_10yr_hba1c,17868,71894871.4596386,163,gaussian (identity),College graduate or above (Intercept),-0.192377094461876,0.00204379249689935,1.11163560055745e-140,-0.196382927755799,-0.188371261167953,142.217444621408,2.73519884961772e-51,4262,22507430.841735
gender,Male,1999-2020,21.2,WTMEC.COMBN,age,educ_level,prevent_cvd_10yr_hba1c,17868,71894871.4596386,163,gaussian (identity),Some college or AA degree,0.01900120543518,0.00149026066476237,4.70838850151492e-26,0.0160802945322458,0.0219221163381143,142.217444621408,2.73519884961772e-51,4558,19925435.8524581
gender,Male,1999-2020,21.2,WTMEC.COMBN,age,educ_level,prevent_cvd_10yr_hba1c,17868,71894871.4596386,163,gaussian (identity),HS graduate or GED,0.0232514652367302,0.00178617909324247,8.70086865583715e-27,0.0197505542139749,0.0267523762594854,142.217444621408,2.73519884961772e-51,4133,17281639.8896273
gender,Male,1999-2020,21.2,WTMEC.COMBN,age,educ_level,prevent_cvd_10yr_hba1c,17868,71894871.4596386,163,gaussian (identity),9-11th grade,0.0330822229136476,0.00203048297677638,1.19640917738258e-35,0.0291024762791659,0.0370619695481293,142.217444621408,2.73519884961772e-51,2583,7745692.22463334
gender,Male,1999-2020,21.2,WTMEC.COMBN,age,educ_level,prevent_cvd_10yr_hba1c,17868,71894871.4596386,163,gaussian (identity),Less than 9th grade,0.0352238374440248,0.00190667121133471,2.55519752023425e-41,0.0314867618698088,0.0389609130182408,142.217444621408,2.73519884961772e-51,2332,4434672.65118491
gender,Female,1999-2020,21.2,WTMEC.COMBN,age,educ_level,prevent_cvd_10yr_hba1c,18358,75738210.4506882,163,gaussian (identity),College graduate or above (Intercept),-0.187857741447637,0.00184735755097675,6.7435108922789e-146,-0.191478562247552,-0.184236920647723,217.641329194474,3.62439309059e-63,4144,22200008.066738
gender,Female,1999-2020,21.2,WTMEC.COMBN,age,educ_level,prevent_cvd_10yr_hba1c,18358,75738210.4506882,163,gaussian (identity),Some college or AA degree,0.0199854878553105,0.0012313729640073,1.75259581283852e-35,0.0175719968458562,0.0223989788647648,217.641329194474,3.62439309059e-63,5427,24039768.8433005
gender,Female,1999-2020,21.2,WTMEC.COMBN,age,educ_level,prevent_cvd_10yr_hba1c,18358,75738210.4506882,163,gaussian (identity),HS graduate or GED,0.0269831199612063,0.00140632744537897,4.02999510620765e-43,0.0242267181682635,0.0297395217541491,217.641329194474,3.62439309059e-63,4059,17455986.3714827
gender,Female,1999-2020,21.2,WTMEC.COMBN,age,educ_level,prevent_cvd_10yr_hba1c,18358,75738210.4506882,163,gaussian (identity),9-11th grade,0.0432700407078745,0.00185909310495609,6.33516387155468e-53,0.0396262182221606,0.0469138631935885,217.641329194474,3.62439309059e-63,2582,7861931.9301706
gender,Female,1999-2020,21.2,WTMEC.COMBN,age,educ_level,prevent_cvd_10yr_hba1c,18358,75738210.4506882,163,gaussian (identity),Less than 9th grade,0.0455319871771167,0.00227998761655705,4.53164944974453e-45,0.0410632114486649,0.0500007629055685,217.641329194474,3.62439309059e-63,2146,4180515.2389964
gender,Male,1999-2020,21.2,WTMEC.COMBN,age,educ_level,prevent_cvd_10yr_uacr,17733,71470684.0274964,163,gaussian (identity),College graduate or above (Intercept),-0.186432322942887,0.002175079475167,2.23395292354946e-134,-0.190695478714214,-0.182169167171559,112.341991550433,3.7614554702618e-45,4240,22423284.0717713
gender,Male,1999-2020,21.2,WTMEC.COMBN,age,educ_level,prevent_cvd_10yr_uacr,17733,71470684.0274964,163,gaussian (identity),Some college or AA degree,0.0182140068063006,0.00151034973082458,3.71482629003584e-24,0.0152537213338844,0.0211742922787168,112.341991550433,3.7614554702618e-45,4532,19861663.5710561
gender,Male,1999-2020,21.2,WTMEC.COMBN,age,educ_level,prevent_cvd_10yr_uacr,17733,71470684.0274964,163,gaussian (identity),HS graduate or GED,0.0202096264867033,0.00167857574745352,4.20792299492109e-24,0.0169196180216944,0.0234996349517122,112.341991550433,3.7614554702618e-45,4099,17150261.88268
gender,Male,1999-2020,21.2,WTMEC.COMBN,age,educ_level,prevent_cvd_10yr_uacr,17733,71470684.0274964,163,gaussian (identity),9-11th grade,0.0313689047708078,0.00206052507859836,8.58399778446529e-33,0.027330275616755,0.0354075339248606,112.341991550433,3.7614554702618e-45,2557,7655799.34705636
gender,Male,1999-2020,21.2,WTMEC.COMBN,age,educ_level,prevent_cvd_10yr_uacr,17733,71470684.0274964,163,gaussian (identity),Less than 9th grade,0.0341240175336882,0.00212515559547067,5.05082548452352e-35,0.0299587125665656,0.0382893225008107,112.341991550433,3.7614554702618e-45,2305,4379675.15493262
gender,Female,1999-2020,21.2,WTMEC.COMBN,age,educ_level,prevent_cvd_10yr_uacr,18249,75411116.396495,163,gaussian (identity),College graduate or above (Intercept),-0.184284280076621,0.00221046097274803,1.62402777707238e-132,-0.188616783583207,-0.179951776570035,206.984945473832,1.01859636905064e-61,4124,22136548.2207139
gender,Female,1999-2020,21.2,WTMEC.COMBN,age,educ_level,prevent_cvd_10yr_uacr,18249,75411116.396495,163,gaussian (identity),Some college or AA degree,0.0183757392278016,0.0012784399363697,1.71265187743241e-30,0.015869996952517,0.0208814815030862,206.984945473832,1.01859636905064e-61,5407,23969457.356179
gender,Female,1999-2020,21.2,WTMEC.COMBN,age,educ_level,prevent_cvd_10yr_uacr,18249,75411116.396495,163,gaussian (identity),HS graduate or GED,0.025033084151307,0.00158825238743177,3.10339048338687e-34,0.0219201094719408,0.0281460588306733,206.984945473832,1.01859636905064e-61,4032,17356403.865641
gender,Female,1999-2020,21.2,WTMEC.COMBN,age,educ_level,prevent_cvd_10yr_uacr,18249,75411116.396495,163,gaussian (identity),9-11th grade,0.0418795951914477,0.00187493687277678,9.35812920344957e-51,0.0382047189208052,0.0455544714620901,206.984945473832,1.01859636905064e-61,2555,7795846.30197664
gender,Female,1999-2020,21.2,WTMEC.COMBN,age,educ_level,prevent_cvd_10yr_uacr,18249,75411116.396495,163,gaussian (identity),Less than 9th grade,0.0458655839780984,0.00250032455448185,5.48576147545502e-41,0.040964947851314,0.0507662201048829,206.984945473832,1.01859636905064e-61,2131,4152860.65198445
gender,Male,1999-2020,21.2,WTMEC.COMBN,age,educ_level,prevent_cvd_10yr_full,17714,71410771.1206451,163,gaussian (identity),College graduate or above (Intercept),-0.186948442431506,0.00223249515189796,8.18456038686959e-133,-0.191324132929226,-0.182572751933786,120.853752648602,5.15182561520216e-47,4235,22405747.1571903
gender,Male,1999-2020,21.2,WTMEC.COMBN,age,educ_level,prevent_cvd_10yr_full,17714,71410771.1206451,163,gaussian (identity),Some college or AA degree,0.0174798531696626,0.00147574463091853,1.44274354942285e-23,0.0145873936930623,0.0203723126462629,120.853752648602,5.15182561520216e-47,4525,19841138.3900373
gender,Male,1999-2020,21.2,WTMEC.COMBN,age,educ_level,prevent_cvd_10yr_full,17714,71410771.1206451,163,gaussian (identity),HS graduate or GED,0.0197462823983496,0.00163470826530006,3.2750876567796e-24,0.0165422541983615,0.0229503105983378,120.853752648602,5.15182561520216e-47,4095,17133042.9357511
gender,Male,1999-2020,21.2,WTMEC.COMBN,age,educ_level,prevent_cvd_10yr_full,17714,71410771.1206451,163,gaussian (identity),9-11th grade,0.0309591536212719,0.00205067130756656,1.88310614622262e-32,0.0269398378584414,0.0349784693841023,120.853752648602,5.15182561520216e-47,2556,7655446.07467164
gender,Male,1999-2020,21.2,WTMEC.COMBN,age,educ_level,prevent_cvd_10yr_full,17714,71410771.1206451,163,gaussian (identity),Less than 9th grade,0.0342235802945371,0.00198094685734572,3.11072781089118e-38,0.0303409244541395,0.0381062361349347,120.853752648602,5.15182561520216e-47,2303,4375396.5629947
gender,Female,1999-2020,21.2,WTMEC.COMBN,age,educ_level,prevent_cvd_10yr_full,18215,75282696.8533044,163,gaussian (identity),College graduate or above (Intercept),-0.176210614061197,0.00205905212271576,2.84755776359488e-134,-0.18024635622172,-0.172174871900674,192.947502115195,1.03471071737166e-59,4119,22105559.4667188
gender,Female,1999-2020,21.2,WTMEC.COMBN,age,educ_level,prevent_cvd_10yr_full,18215,75282696.8533044,163,gaussian (identity),Some college or AA degree,0.0175947237902912,0.00124323463527119,6.84684859429127e-30,0.0151579839051597,0.0200314636754227,192.947502115195,1.03471071737166e-59,5393,23919651.6578435
gender,Female,1999-2020,21.2,WTMEC.COMBN,age,educ_level,prevent_cvd_10yr_full,18215,75282696.8533044,163,gaussian (identity),HS graduate or GED,0.0236718841453223,0.00145229993175594,1.14779807823263e-35,0.0208253762790806,0.0265183920115639,192.947502115195,1.03471071737166e-59,4024,17322307.5526168
gender,Female,1999-2020,21.2,WTMEC.COMBN,age,educ_level,prevent_cvd_10yr_full,18215,75282696.8533044,163,gaussian (identity),9-11th grade,0.0401818480862686,0.00188016073773412,1.78952386596052e-48,0.0364967330403097,0.0438669631322275,192.947502115195,1.03471071737166e-59,2552,7790821.99473457
gender,Female,1999-2020,21.2,WTMEC.COMBN,age,educ_level,prevent_cvd_10yr_full,18215,75282696.8533044,163,gaussian (identity),Less than 9th grade,0.04619520871275,0.00243949924927586,1.72067613867628e-42,0.0414137901841693,0.0509766272413307,192.947502115195,1.03471071737166e-59,2127,4144356.18139077
gender,Male,1999-2020,21.2,WTMEC.COMBN,age,educ_level,prevent_cvd_30yr_base,17887,71954784.3664899,163,gaussian (identity),College graduate or above (Intercept),-0.0592336157820866,0.00365421308675059,1.98725361173753e-35,-0.0663958734321178,-0.0520713581320554,77.0432354166748,4.0253514654631e-36,4267,22524967.756316
gender,Male,1999-2020,21.2,WTMEC.COMBN,age,educ_level,prevent_cvd_30yr_base,17887,71954784.3664899,163,gaussian (identity),Some college or AA degree,0.0299345264408008,0.00256569769862211,4.42753520833349e-23,0.0249057589515015,0.0349632939301001,77.0432354166748,4.0253514654631e-36,4565,19945961.0334768
gender,Male,1999-2020,21.2,WTMEC.COMBN,age,educ_level,prevent_cvd_30yr_base,17887,71954784.3664899,163,gaussian (identity),HS graduate or GED,0.0334601483603454,0.00278126719325473,4.46005309941153e-24,0.0280088646615662,0.0389114320591247,77.0432354166748,4.0253514654631e-36,4137,17298858.8365562
gender,Male,1999-2020,21.2,WTMEC.COMBN,age,educ_level,prevent_cvd_30yr_base,17887,71954784.3664899,163,gaussian (identity),9-11th grade,0.0392157909988321,0.00293602364207463,1.02148567546937e-27,0.0334611846603658,0.0449703973372984,77.0432354166748,4.0253514654631e-36,2584,7746045.49701806
gender,Male,1999-2020,21.2,WTMEC.COMBN,age,educ_level,prevent_cvd_30yr_base,17887,71954784.3664899,163,gaussian (identity),Less than 9th grade,0.0331986092486492,0.00325828673574657,4.68879933591369e-19,0.0268123672465859,0.0395848512507125,77.0432354166748,4.0253514654631e-36,2334,4438951.24312283
gender,Female,1999-2020,21.2,WTMEC.COMBN,age,educ_level,prevent_cvd_30yr_base,18394,75871350.5399671,163,gaussian (identity),College graduate or above (Intercept),-0.151192214726407,0.00302113122549033,8.15020756163642e-99,-0.157113631928368,-0.145270797524446,233.505138558727,3.23451087977923e-65,4149,22230996.8207331
gender,Female,1999-2020,21.2,WTMEC.COMBN,age,educ_level,prevent_cvd_30yr_base,18394,75871350.5399671,163,gaussian (identity),Some college or AA degree,0.0397537869082113,0.00206783089674833,3.23717850340767e-43,0.0357008383505845,0.043806735465838,233.505138558727,3.23451087977923e-65,5441,24089574.541636
gender,Female,1999-2020,21.2,WTMEC.COMBN,age,educ_level,prevent_cvd_30yr_base,18394,75871350.5399671,163,gaussian (identity),HS graduate or GED,0.050972160292002,0.00270581166388475,3.04744057401432e-42,0.0456687694307879,0.0562755511532162,233.505138558727,3.23451087977923e-65,4068,17493688.3554238
gender,Female,1999-2020,21.2,WTMEC.COMBN,age,educ_level,prevent_cvd_30yr_base,18394,75871350.5399671,163,gaussian (identity),9-11th grade,0.0719240861674695,0.00325597989469949,3.54456473357562e-50,0.0655423655738585,0.0783058067610804,233.505138558727,3.23451087977923e-65,2585,7866956.23741268
gender,Female,1999-2020,21.2,WTMEC.COMBN,age,educ_level,prevent_cvd_30yr_base,18394,75871350.5399671,163,gaussian (identity),Less than 9th grade,0.0615138913382817,0.00341611275986454,4.00039671643831e-40,0.0548183103289472,0.0682094723476162,233.505138558727,3.23451087977923e-65,2151,4190134.58476149
gender,Male,1999-2020,21.2,WTMEC.COMBN,age,educ_level,prevent_cvd_30yr_hba1c,17868,71894871.4596386,163,gaussian (identity),College graduate or above (Intercept),-0.0581326243881643,0.00347264380139045,7.88321365991632e-37,-0.0649390062388896,-0.051326242537439,88.6571280399797,2.31720709925716e-39,4262,22507430.841735
gender,Male,1999-2020,21.2,WTMEC.COMBN,age,educ_level,prevent_cvd_30yr_hba1c,17868,71894871.4596386,163,gaussian (identity),Some college or AA degree,0.0294917555304059,0.0024448197275817,3.63367269271907e-24,0.0246999088643458,0.034283602196466,88.6571280399797,2.31720709925716e-39,4558,19925435.8524581
gender,Male,1999-2020,21.2,WTMEC.COMBN,age,educ_level,prevent_cvd_30yr_hba1c,17868,71894871.4596386,163,gaussian (identity),HS graduate or GED,0.0337258510239966,0.00268137533864918,1.4008437500653e-25,0.0284703553602442,0.0389813466877489,88.6571280399797,2.31720709925716e-39,4133,17281639.8896273
gender,Male,1999-2020,21.2,WTMEC.COMBN,age,educ_level,prevent_cvd_30yr_hba1c,17868,71894871.4596386,163,gaussian (identity),9-11th grade,0.039908138219561,0.00278824960088447,2.50268819270008e-30,0.0344431690018275,0.0453731074372946,88.6571280399797,2.31720709925716e-39,2583,7745692.22463334
gender,Male,1999-2020,21.2,WTMEC.COMBN,age,educ_level,prevent_cvd_30yr_hba1c,17868,71894871.4596386,163,gaussian (identity),Less than 9th grade,0.0336528311717359,0.00305708739943579,2.81092558139871e-21,0.0276609398688418,0.0396447224746301,88.6571280399797,2.31720709925716e-39,2332,4434672.65118491
gender,Female,1999-2020,21.2,WTMEC.COMBN,age,educ_level,prevent_cvd_30yr_hba1c,18358,75738210.4506882,163,gaussian (identity),College graduate or above (Intercept),-0.14625425113057,0.00286952452754186,5.36491513265809e-100,-0.151878519204552,-0.140629983056588,241.399486549337,3.41828790088665e-66,4144,22200008.066738
gender,Female,1999-2020,21.2,WTMEC.COMBN,age,educ_level,prevent_cvd_30yr_hba1c,18358,75738210.4506882,163,gaussian (identity),Some college or AA degree,0.0382130290674697,0.00194625405771757,3.08021373624042e-44,0.0343983711143432,0.0420276870205961,241.399486549337,3.41828790088665e-66,5427,24039768.8433005
gender,Female,1999-2020,21.2,WTMEC.COMBN,age,educ_level,prevent_cvd_30yr_hba1c,18358,75738210.4506882,163,gaussian (identity),HS graduate or GED,0.0487821536441679,0.00241079986781818,1.01262241450192e-45,0.0440569859032443,0.0535073213850915,241.399486549337,3.41828790088665e-66,4059,17455986.3714827
gender,Female,1999-2020,21.2,WTMEC.COMBN,age,educ_level,prevent_cvd_30yr_hba1c,18358,75738210.4506882,163,gaussian (identity),9-11th grade,0.0694742047572885,0.00314900607876358,4.11556504953317e-50,0.0633021528429119,0.0756462566716651,241.399486549337,3.41828790088665e-66,2582,7861931.9301706
gender,Female,1999-2020,21.2,WTMEC.COMBN,age,educ_level,prevent_cvd_30yr_hba1c,18358,75738210.4506882,163,gaussian (identity),Less than 9th grade,0.0608455928077641,0.00335515532022098,1.87775234955625e-40,0.054269488380131,0.0674216972353973,241.399486549337,3.41828790088665e-66,2146,4180515.2389964
gender,Male,1999-2020,21.2,WTMEC.COMBN,age,educ_level,prevent_cvd_30yr_uacr,17733,71470684.0274964,163,gaussian (identity),College graduate or above (Intercept),-0.0956421905742728,0.00331139964106287,6.32807891849848e-65,-0.102132533870756,-0.0891518472777896,95.5361389255748,3.80772898819087e-41,4240,22423284.0717713
gender,Male,1999-2020,21.2,WTMEC.COMBN,age,educ_level,prevent_cvd_30yr_uacr,17733,71470684.0274964,163,gaussian (identity),Some college or AA degree,0.0300746981731444,0.00240065436519166,1.92313665603386e-25,0.0253694156173688,0.0347799807289201,95.5361389255748,3.80772898819087e-41,4532,19861663.5710561
gender,Male,1999-2020,21.2,WTMEC.COMBN,age,educ_level,prevent_cvd_30yr_uacr,17733,71470684.0274964,163,gaussian (identity),HS graduate or GED,0.0326230707553419,0.00259520069181951,1.46683461408161e-25,0.0275364773993756,0.0377096641113081,95.5361389255748,3.80772898819087e-41,4099,17150261.88268
gender,Male,1999-2020,21.2,WTMEC.COMBN,age,educ_level,prevent_cvd_30yr_uacr,17733,71470684.0274964,163,gaussian (identity),9-11th grade,0.0408529305737344,0.00278541563504183,2.74201918947009e-31,0.0353935159290524,0.0463123452184164,95.5361389255748,3.80772898819087e-41,2557,7655799.34705636
gender,Male,1999-2020,21.2,WTMEC.COMBN,age,educ_level,prevent_cvd_30yr_uacr,17733,71470684.0274964,163,gaussian (identity),Less than 9th grade,0.0360068502086084,0.00314514659686098,1.76062447386775e-22,0.0298423628787609,0.042171337538456,95.5361389255748,3.80772898819087e-41,2305,4379675.15493262
gender,Female,1999-2020,21.2,WTMEC.COMBN,age,educ_level,prevent_cvd_30yr_uacr,18249,75411116.396495,163,gaussian (identity),College graduate or above (Intercept),-0.168757127154169,0.00284483400393298,6.79085497557407e-110,-0.174333001801877,-0.16318125250646,249.596091501531,3.53980207236872e-67,4124,22136548.2207139
gender,Female,1999-2020,21.2,WTMEC.COMBN,age,educ_level,prevent_cvd_30yr_uacr,18249,75411116.396495,163,gaussian (identity),Some college or AA degree,0.0373394541395695,0.00199968374847269,7.99002374968312e-42,0.033420073992563,0.041258834286576,249.596091501531,3.53980207236872e-67,5407,23969457.356179
gender,Female,1999-2020,21.2,WTMEC.COMBN,age,educ_level,prevent_cvd_30yr_uacr,18249,75411116.396495,163,gaussian (identity),HS graduate or GED,0.0480800047806137,0.00269195327779184,9.52220879359236e-40,0.0428037763561417,0.0533562332050857,249.596091501531,3.53980207236872e-67,4032,17356403.865641
gender,Female,1999-2020,21.2,WTMEC.COMBN,age,educ_level,prevent_cvd_30yr_uacr,18249,75411116.396495,163,gaussian (identity),9-11th grade,0.0703359139641806,0.00308485177100863,7.80951092763668e-52,0.0642896044930037,0.0763822234353575,249.596091501531,3.53980207236872e-67,2555,7795846.30197664
gender,Female,1999-2020,21.2,WTMEC.COMBN,age,educ_level,prevent_cvd_30yr_uacr,18249,75411116.396495,163,gaussian (identity),Less than 9th grade,0.0634530363422855,0.00336810208890953,3.02316232385675e-42,0.0568515562480228,0.0700545164365482,249.596091501531,3.53980207236872e-67,2131,4152860.65198445
gender,Male,1999-2020,21.2,WTMEC.COMBN,age,educ_level,prevent_cvd_30yr_full,17714,71410771.1206451,163,gaussian (identity),College graduate or above (Intercept),-0.0920728460938135,0.00307431535159585,4.95907226669588e-67,-0.0980985041829414,-0.0860471880046856,99.3355427130491,4.29997125828796e-42,4235,22405747.1571903
gender,Male,1999-2020,21.2,WTMEC.COMBN,age,educ_level,prevent_cvd_30yr_full,17714,71410771.1206451,163,gaussian (identity),Some college or AA degree,0.028235307901581,0.00225595338459562,2.07212689457127e-25,0.0238136392677736,0.0326569765353884,99.3355427130491,4.29997125828796e-42,4525,19841138.3900373
gender,Male,1999-2020,21.2,WTMEC.COMBN,age,educ_level,prevent_cvd_30yr_full,17714,71410771.1206451,163,gaussian (identity),HS graduate or GED,0.0305182916117922,0.00243789685002465,2.04120652226212e-25,0.0257400137857439,0.0352965694378405,99.3355427130491,4.29997125828796e-42,4095,17133042.9357511
gender,Male,1999-2020,21.2,WTMEC.COMBN,age,educ_level,prevent_cvd_30yr_full,17714,71410771.1206451,163,gaussian (identity),9-11th grade,0.0384346313427092,0.00262200843575952,2.8869899281845e-31,0.0332954948086205,0.0435737678767979,99.3355427130491,4.29997125828796e-42,2556,7655446.07467164
gender,Male,1999-2020,21.2,WTMEC.COMBN,age,educ_level,prevent_cvd_30yr_full,17714,71410771.1206451,163,gaussian (identity),Less than 9th grade,0.0346441317125693,0.00291626634091827,1.15762330953193e-23,0.0289282496843695,0.0403600137407691,99.3355427130491,4.29997125828796e-42,2303,4375396.5629947
gender,Female,1999-2020,21.2,WTMEC.COMBN,age,educ_level,prevent_cvd_30yr_full,18215,75282696.8533044,163,gaussian (identity),College graduate or above (Intercept),-0.144343530734144,0.00274626147403802,5.44495876444825e-102,-0.149726203223258,-0.138960858245029,241.133677423831,3.68318715830717e-66,4119,22105559.4667188
gender,Female,1999-2020,21.2,WTMEC.COMBN,age,educ_level,prevent_cvd_30yr_full,18215,75282696.8533044,163,gaussian (identity),Some college or AA degree,0.0353555097296777,0.00187625288690199,2.94886246711363e-42,0.0316780540713498,0.0390329653880056,241.133677423831,3.68318715830717e-66,5393,23919651.6578435
gender,Female,1999-2020,21.2,WTMEC.COMBN,age,educ_level,prevent_cvd_30yr_full,18215,75282696.8533044,163,gaussian (identity),HS graduate or GED,0.0450528332163252,0.00242940595568802,1.68766532804478e-41,0.0402911975431766,0.0498144688894737,241.133677423831,3.68318715830717e-66,4024,17322307.5526168
gender,Female,1999-2020,21.2,WTMEC.COMBN,age,educ_level,prevent_cvd_30yr_full,18215,75282696.8533044,163,gaussian (identity),9-11th grade,0.0662042963823693,0.00300276850607385,4.45224378608906e-50,0.0603188701104646,0.0720897226542741,241.133677423831,3.68318715830717e-66,2552,7790821.99473457
gender,Female,1999-2020,21.2,WTMEC.COMBN,age,educ_level,prevent_cvd_30yr_full,18215,75282696.8533044,163,gaussian (identity),Less than 9th grade,0.0618488103198021,0.00332481959256634,1.20649418760059e-41,0.055332163918372,0.0683654567212321,241.133677423831,3.68318715830717e-66,2127,4144356.18139077
gender,Male,1999-2020,21.2,WTMEC.COMBN,age,educ_level,prevent_ascvd_10yr_base,17887,71954784.3664899,163,gaussian (identity),College graduate or above (Intercept),-0.106669472194241,0.00119061349496054,2.35866688809458e-137,-0.109003074644363,-0.104335869744118,116.065634579157,5.5938986879176e-46,4267,22524967.756316
gender,Male,1999-2020,21.2,WTMEC.COMBN,age,educ_level,prevent_ascvd_10yr_base,17887,71954784.3664899,163,gaussian (identity),Some college or AA degree,0.0111610333834606,0.000916182523205414,1.7107456150052e-24,0.00936531563797796,0.0129567511289432,116.065634579157,5.5938986879176e-46,4565,19945961.0334768
gender,Male,1999-2020,21.2,WTMEC.COMBN,age,educ_level,prevent_ascvd_10yr_base,17887,71954784.3664899,163,gaussian (identity),HS graduate or GED,0.0132315746785547,0.00109418674595278,3.01251786860014e-24,0.0110869686564872,0.0153761807006222,116.065634579157,5.5938986879176e-46,4137,17298858.8365562
gender,Male,1999-2020,21.2,WTMEC.COMBN,age,educ_level,prevent_ascvd_10yr_base,17887,71954784.3664899,163,gaussian (identity),9-11th grade,0.0187804855581213,0.00128275742379999,3.22524967691997e-31,0.0162662810074734,0.0212946901087693,116.065634579157,5.5938986879176e-46,2584,7746045.49701806
gender,Male,1999-2020,21.2,WTMEC.COMBN,age,educ_level,prevent_ascvd_10yr_base,17887,71954784.3664899,163,gaussian (identity),Less than 9th grade,0.0210577509305278,0.00132118097910734,1.04497185138741e-34,0.0184682362114774,0.0236472656495782,116.065634579157,5.5938986879176e-46,2334,4438951.24312283
gender,Female,1999-2020,21.2,WTMEC.COMBN,age,educ_level,prevent_ascvd_10yr_base,18394,75871350.5399671,163,gaussian (identity),College graduate or above (Intercept),-0.096363311303999,0.00107967750809535,4.25214217308403e-137,-0.0984794792198659,-0.0942471433881321,226.046043640787,2.87222342980564e-64,4149,22230996.8207331
gender,Female,1999-2020,21.2,WTMEC.COMBN,age,educ_level,prevent_ascvd_10yr_base,18394,75871350.5399671,163,gaussian (identity),Some college or AA degree,0.0118361004730418,0.000720976311158194,5.61909332996675e-36,0.0104229869031718,0.0132492140429119,226.046043640787,2.87222342980564e-64,5441,24089574.541636
gender,Female,1999-2020,21.2,WTMEC.COMBN,age,educ_level,prevent_ascvd_10yr_base,18394,75871350.5399671,163,gaussian (identity),HS graduate or GED,0.016025902989909,0.000910719030309337,4.57048708324179e-39,0.0142408936905027,0.0178109122893153,226.046043640787,2.87222342980564e-64,4068,17493688.3554238
gender,Female,1999-2020,21.2,WTMEC.COMBN,age,educ_level,prevent_ascvd_10yr_base,18394,75871350.5399671,163,gaussian (identity),9-11th grade,0.0252613213321994,0.00109073132812851,1.16058887031431e-52,0.0231234879290675,0.0273991547353313,226.046043640787,2.87222342980564e-64,2585,7866956.23741268
gender,Female,1999-2020,21.2,WTMEC.COMBN,age,educ_level,prevent_ascvd_10yr_base,18394,75871350.5399671,163,gaussian (identity),Less than 9th grade,0.0262709182272736,0.00139268486073446,2.62763965254284e-42,0.0235412559002341,0.0290005805543132,226.046043640787,2.87222342980564e-64,2151,4190134.58476149
gender,Male,1999-2020,21.2,WTMEC.COMBN,age,educ_level,prevent_ascvd_10yr_hba1c,17868,71894871.4596386,163,gaussian (identity),College graduate or above (Intercept),-0.104941652441851,0.0011874179851818,1.95265836126245e-136,-0.107268991692807,-0.102614313190894,141.066075143168,4.51136439038049e-51,4262,22507430.841735
gender,Male,1999-2020,21.2,WTMEC.COMBN,age,educ_level,prevent_ascvd_10yr_hba1c,17868,71894871.4596386,163,gaussian (identity),Some college or AA degree,0.0112245903179396,0.000883770184124755,6.43665629621286e-26,0.0094924007570551,0.0129567798788241,141.066075143168,4.51136439038049e-51,4558,19925435.8524581
gender,Male,1999-2020,21.2,WTMEC.COMBN,age,educ_level,prevent_ascvd_10yr_hba1c,17868,71894871.4596386,163,gaussian (identity),HS graduate or GED,0.0137852177812955,0.0010501228062743,4.34862722807796e-27,0.0117269770809979,0.0158434584815931,141.066075143168,4.51136439038049e-51,4133,17281639.8896273
gender,Male,1999-2020,21.2,WTMEC.COMBN,age,educ_level,prevent_ascvd_10yr_hba1c,17868,71894871.4596386,163,gaussian (identity),9-11th grade,0.0197755175813472,0.00130048440240092,9.5658351672073e-33,0.0172265681526414,0.022324467010053,141.066075143168,4.51136439038049e-51,2583,7745692.22463334
gender,Male,1999-2020,21.2,WTMEC.COMBN,age,educ_level,prevent_ascvd_10yr_hba1c,17868,71894871.4596386,163,gaussian (identity),Less than 9th grade,0.0217160976481582,0.00119020510568339,9.77494670667519e-41,0.0193832956410187,0.0240488996552976,141.066075143168,4.51136439038049e-51,2332,4434672.65118491
gender,Female,1999-2020,21.2,WTMEC.COMBN,age,educ_level,prevent_ascvd_10yr_hba1c,18358,75738210.4506882,163,gaussian (identity),College graduate or above (Intercept),-0.0956102758400521,0.00103668153536481,2.63368224178394e-139,-0.0976421716493672,-0.0935783800307371,202.889159302457,3.81522017235663e-61,4144,22200008.066738
gender,Female,1999-2020,21.2,WTMEC.COMBN,age,educ_level,prevent_ascvd_10yr_hba1c,18358,75738210.4506882,163,gaussian (identity),Some college or AA degree,0.0112891379011565,0.000712570393176052,1.88105148847612e-34,0.00989249993053141,0.0126857758717815,202.889159302457,3.81522017235663e-61,5427,24039768.8433005
gender,Female,1999-2020,21.2,WTMEC.COMBN,age,educ_level,prevent_ascvd_10yr_hba1c,18358,75738210.4506882,163,gaussian (identity),HS graduate or GED,0.0151686844693661,0.000830183658247274,8.39707778892933e-41,0.0135415244992014,0.0167958444395308,202.889159302457,3.81522017235663e-61,4059,17455986.3714827
gender,Female,1999-2020,21.2,WTMEC.COMBN,age,educ_level,prevent_ascvd_10yr_hba1c,18358,75738210.4506882,163,gaussian (identity),9-11th grade,0.0246572994603201,0.00111917192195977,4.85605344095663e-50,0.0224637224932789,0.0268508764273612,202.889159302457,3.81522017235663e-61,2582,7861931.9301706
gender,Female,1999-2020,21.2,WTMEC.COMBN,age,educ_level,prevent_ascvd_10yr_hba1c,18358,75738210.4506882,163,gaussian (identity),Less than 9th grade,0.0269425981705477,0.00140554775713377,4.47655074974698e-43,0.0241877245665655,0.0296974717745299,202.889159302457,3.81522017235663e-61,2146,4180515.2389964
gender,Male,1999-2020,21.2,WTMEC.COMBN,age,educ_level,prevent_ascvd_10yr_uacr,17733,71470684.0274964,163,gaussian (identity),College graduate or above (Intercept),-0.106219123894656,0.00129872295893703,3.12931618011047e-131,-0.108764620894173,-0.10367362689514,114.895448443608,1.013132479041e-45,4240,22423284.0717713
gender,Male,1999-2020,21.2,WTMEC.COMBN,age,educ_level,prevent_ascvd_10yr_uacr,17733,71470684.0274964,163,gaussian (identity),Some college or AA degree,0.0111356590182587,0.000928315385123984,5.56387958000655e-24,0.00931616086341571,0.0129551571731017,114.895448443608,1.013132479041e-45,4532,19861663.5710561
gender,Male,1999-2020,21.2,WTMEC.COMBN,age,educ_level,prevent_ascvd_10yr_uacr,17733,71470684.0274964,163,gaussian (identity),HS graduate or GED,0.0125182379063514,0.00100880068350163,4.07346499164751e-25,0.0105409885666882,0.0144954872460146,114.895448443608,1.013132479041e-45,4099,17150261.88268
gender,Male,1999-2020,21.2,WTMEC.COMBN,age,educ_level,prevent_ascvd_10yr_uacr,17733,71470684.0274964,163,gaussian (identity),9-11th grade,0.0193847511393685,0.00132719985929851,4.0118581874223e-31,0.0167834394151434,0.0219860628635936,114.895448443608,1.013132479041e-45,2557,7655799.34705636
gender,Male,1999-2020,21.2,WTMEC.COMBN,age,educ_level,prevent_ascvd_10yr_uacr,17733,71470684.0274964,163,gaussian (identity),Less than 9th grade,0.0216434854323911,0.00135289434113164,7.26247625612046e-35,0.0189918125237731,0.0242951583410091,114.895448443608,1.013132479041e-45,2305,4379675.15493262
gender,Female,1999-2020,21.2,WTMEC.COMBN,age,educ_level,prevent_ascvd_10yr_uacr,18249,75411116.396495,163,gaussian (identity),College graduate or above (Intercept),-0.0954093840482705,0.00123888030736747,3.33181334216192e-127,-0.0978375894507107,-0.0929811786458302,199.020055306886,1.35594284379208e-60,4124,22136548.2207139
gender,Female,1999-2020,21.2,WTMEC.COMBN,age,educ_level,prevent_ascvd_10yr_uacr,18249,75411116.396495,163,gaussian (identity),Some college or AA degree,0.0107134338610121,0.00074694043606429,2.07257708442673e-30,0.00924943060632605,0.0121774371156981,199.020055306886,1.35594284379208e-60,5407,23969457.356179
gender,Female,1999-2020,21.2,WTMEC.COMBN,age,educ_level,prevent_ascvd_10yr_uacr,18249,75411116.396495,163,gaussian (identity),HS graduate or GED,0.0144746134972523,0.00094992788485195,7.87805804988747e-33,0.0126127548429425,0.0163364721515621,199.020055306886,1.35594284379208e-60,4032,17356403.865641
gender,Female,1999-2020,21.2,WTMEC.COMBN,age,educ_level,prevent_ascvd_10yr_uacr,18249,75411116.396495,163,gaussian (identity),9-11th grade,0.0242169827303746,0.00111732857767573,3.40452012693381e-49,0.0220270187181302,0.0264069467426191,199.020055306886,1.35594284379208e-60,2555,7795846.30197664
gender,Female,1999-2020,21.2,WTMEC.COMBN,age,educ_level,prevent_ascvd_10yr_uacr,18249,75411116.396495,163,gaussian (identity),Less than 9th grade,0.0270588583144404,0.00155498727445728,1.47106984935765e-38,0.0240110832565041,0.0301066333723766,199.020055306886,1.35594284379208e-60,2131,4152860.65198445
gender,Male,1999-2020,21.2,WTMEC.COMBN,age,educ_level,prevent_ascvd_10yr_full,17714,71410771.1206451,163,gaussian (identity),College graduate or above (Intercept),-0.100551704905088,0.00126727495110185,3.36343713528898e-129,-0.103035563809248,-0.0980678460009285,130.517272682832,5.15376678493538e-49,4235,22405747.1571903
gender,Male,1999-2020,21.2,WTMEC.COMBN,age,educ_level,prevent_ascvd_10yr_full,17714,71410771.1206451,163,gaussian (identity),Some college or AA degree,0.0104906941942481,0.000870830728248807,4.02528265889705e-24,0.0087838659668804,0.0121975224216157,130.517272682832,5.15376678493538e-49,4525,19841138.3900373
gender,Male,1999-2020,21.2,WTMEC.COMBN,age,educ_level,prevent_ascvd_10yr_full,17714,71410771.1206451,163,gaussian (identity),HS graduate or GED,0.0120217013033327,0.000929705138331554,1.50543022392874e-26,0.0101994792322028,0.0138439233744625,130.517272682832,5.15376678493538e-49,4095,17133042.9357511
gender,Male,1999-2020,21.2,WTMEC.COMBN,age,educ_level,prevent_ascvd_10yr_full,17714,71410771.1206451,163,gaussian (identity),9-11th grade,0.0187132820279737,0.00126429543897289,1.18458047000435e-31,0.0162352629675868,0.0211913010883605,130.517272682832,5.15376678493538e-49,2556,7655446.07467164
gender,Male,1999-2020,21.2,WTMEC.COMBN,age,educ_level,prevent_ascvd_10yr_full,17714,71410771.1206451,163,gaussian (identity),Less than 9th grade,0.0210108661155719,0.00119773808941675,6.34054308540411e-39,0.0186632994603151,0.0233584327708288,130.517272682832,5.15376678493538e-49,2303,4375396.5629947
gender,Female,1999-2020,21.2,WTMEC.COMBN,age,educ_level,prevent_ascvd_10yr_full,18215,75282696.8533044,163,gaussian (identity),College graduate or above (Intercept),-0.0916422092236117,0.00114452975964132,8.2747147563307e-130,-0.0938854875525087,-0.0893989308947147,176.370773247936,3.51879118857998e-57,4119,22105559.4667188
gender,Female,1999-2020,21.2,WTMEC.COMBN,age,educ_level,prevent_ascvd_10yr_full,18215,75282696.8533044,163,gaussian (identity),Some college or AA degree,0.0100137591357605,0.000731816513178941,1.30389853090846e-28,0.00857939876992981,0.0114481195015913,176.370773247936,3.51879118857998e-57,5393,23919651.6578435
gender,Female,1999-2020,21.2,WTMEC.COMBN,age,educ_level,prevent_ascvd_10yr_full,18215,75282696.8533044,163,gaussian (identity),HS graduate or GED,0.0132988890830803,0.000865170288395694,3.44051974317638e-33,0.0116031553178248,0.0149946228483359,176.370773247936,3.51879118857998e-57,4024,17322307.5526168
gender,Female,1999-2020,21.2,WTMEC.COMBN,age,educ_level,prevent_ascvd_10yr_full,18215,75282696.8533044,163,gaussian (identity),9-11th grade,0.0227856368478978,0.00111674236433203,3.90965685424597e-46,0.0205968218138071,0.0249744518819886,176.370773247936,3.51879118857998e-57,2552,7790821.99473457
gender,Female,1999-2020,21.2,WTMEC.COMBN,age,educ_level,prevent_ascvd_10yr_full,18215,75282696.8533044,163,gaussian (identity),Less than 9th grade,0.0269290615292242,0.00146961777231588,6.17021592588705e-41,0.0240486106954851,0.0298095123629633,176.370773247936,3.51879118857998e-57,2127,4144356.18139077
gender,Male,1999-2020,21.2,WTMEC.COMBN,age,educ_level,prevent_ascvd_30yr_base,17887,71954784.3664899,163,gaussian (identity),College graduate or above (Intercept),-0.044641907874133,0.00228989392471757,6.83015986539673e-44,-0.0491300999665794,-0.0401537157816865,72.274499825589,1.06852247128092e-34,4267,22524967.756316
gender,Male,1999-2020,21.2,WTMEC.COMBN,age,educ_level,prevent_ascvd_30yr_base,17887,71954784.3664899,163,gaussian (identity),Some college or AA degree,0.0204560891649857,0.00183448582316206,1.14633866099326e-21,0.0168604969515881,0.0240516813783833,72.274499825589,1.06852247128092e-34,4565,19945961.0334768
gender,Male,1999-2020,21.2,WTMEC.COMBN,age,educ_level,prevent_ascvd_30yr_base,17887,71954784.3664899,163,gaussian (identity),HS graduate or GED,0.0227375605014739,0.00200952707113122,4.08317998132837e-22,0.0187988874420567,0.0266762335608911,72.274499825589,1.06852247128092e-34,4137,17298858.8365562
gender,Male,1999-2020,21.2,WTMEC.COMBN,age,educ_level,prevent_ascvd_30yr_base,17887,71954784.3664899,163,gaussian (identity),9-11th grade,0.0269775808013299,0.00221018499999537,1.47059739462294e-24,0.0226456182013389,0.0313095434013208,72.274499825589,1.06852247128092e-34,2584,7746045.49701806
gender,Male,1999-2020,21.2,WTMEC.COMBN,age,educ_level,prevent_ascvd_30yr_base,17887,71954784.3664899,163,gaussian (identity),Less than 9th grade,0.0251085864479718,0.00238580425670903,5.82093364704146e-20,0.0204324101048221,0.0297847627911215,72.274499825589,1.06852247128092e-34,2334,4438951.24312283
gender,Female,1999-2020,21.2,WTMEC.COMBN,age,educ_level,prevent_ascvd_30yr_base,18394,75871350.5399671,163,gaussian (identity),College graduate or above (Intercept),-0.0845963911989681,0.00190062806808629,2.65341338639151e-91,-0.0883216222124173,-0.080871160185519,213.346749356973,1.36697486910549e-62,4149,22230996.8207331
gender,Female,1999-2020,21.2,WTMEC.COMBN,age,educ_level,prevent_ascvd_30yr_base,18394,75871350.5399671,163,gaussian (identity),Some college or AA degree,0.024783232774018,0.00139208892032384,1.34153406662068e-39,0.0220547384901833,0.0275117270578527,213.346749356973,1.36697486910549e-62,5441,24089574.541636
gender,Female,1999-2020,21.2,WTMEC.COMBN,age,educ_level,prevent_ascvd_30yr_base,18394,75871350.5399671,163,gaussian (identity),HS graduate or GED,0.03207005229232,0.00184238264324579,1.42344343783801e-38,0.0284589823115582,0.0356811222730817,213.346749356973,1.36697486910549e-62,4068,17493688.3554238
gender,Female,1999-2020,21.2,WTMEC.COMBN,age,educ_level,prevent_ascvd_30yr_base,18394,75871350.5399671,163,gaussian (identity),9-11th grade,0.045657362466373,0.00219506534828411,4.24558375880756e-47,0.0413550343837361,0.0499596905490099,213.346749356973,1.36697486910549e-62,2585,7866956.23741268
gender,Female,1999-2020,21.2,WTMEC.COMBN,age,educ_level,prevent_ascvd_30yr_base,18394,75871350.5399671,163,gaussian (identity),Less than 9th grade,0.0414237728043758,0.00240925863808068,5.11400705830373e-38,0.0367016258737377,0.0461459197350139,213.346749356973,1.36697486910549e-62,2151,4190134.58476149
gender,Male,1999-2020,21.2,WTMEC.COMBN,age,educ_level,prevent_ascvd_30yr_hba1c,17868,71894871.4596386,163,gaussian (identity),College graduate or above (Intercept),-0.0409019486198563,0.00210596463571994,1.04019235387519e-43,-0.0450296393058673,-0.0367742579338452,83.1459761704814,7.3182763555653e-38,4262,22507430.841735
gender,Male,1999-2020,21.2,WTMEC.COMBN,age,educ_level,prevent_ascvd_30yr_hba1c,17868,71894871.4596386,163,gaussian (identity),Some college or AA degree,0.0194698037838956,0.00168371138797366,8.51233661015729e-23,0.0161697294634673,0.022769878104324,83.1459761704814,7.3182763555653e-38,4558,19925435.8524581
gender,Male,1999-2020,21.2,WTMEC.COMBN,age,educ_level,prevent_ascvd_30yr_hba1c,17868,71894871.4596386,163,gaussian (identity),HS graduate or GED,0.0222312162766685,0.00186256749877419,8.11740136173683e-24,0.0185805839790711,0.025881848574266,83.1459761704814,7.3182763555653e-38,4133,17281639.8896273
gender,Male,1999-2020,21.2,WTMEC.COMBN,age,educ_level,prevent_ascvd_30yr_hba1c,17868,71894871.4596386,163,gaussian (identity),9-11th grade,0.0265752802014358,0.00203022020974022,5.50686560912043e-27,0.0225960485903449,0.0305545118125266,83.1459761704814,7.3182763555653e-38,2583,7745692.22463334
gender,Male,1999-2020,21.2,WTMEC.COMBN,age,educ_level,prevent_ascvd_30yr_hba1c,17868,71894871.4596386,163,gaussian (identity),Less than 9th grade,0.0242458161100321,0.00213868021957645,3.55639720845936e-22,0.0200540028796623,0.028437629340402,83.1459761704814,7.3182763555653e-38,2332,4434672.65118491
gender,Female,1999-2020,21.2,WTMEC.COMBN,age,educ_level,prevent_ascvd_30yr_hba1c,18358,75738210.4506882,163,gaussian (identity),College graduate or above (Intercept),-0.0828500542792378,0.00175813673716615,6.03170485094209e-95,-0.0862960022840835,-0.0794041062743922,216.771520592343,4.73394478722023e-63,4144,22200008.066738
gender,Female,1999-2020,21.2,WTMEC.COMBN,age,educ_level,prevent_ascvd_30yr_hba1c,18358,75738210.4506882,163,gaussian (identity),Some college or AA degree,0.0232898907121678,0.00129540037287714,4.7235202385067e-40,0.0207509059813286,0.0258288754430069,216.771520592343,4.73394478722023e-63,5427,24039768.8433005
gender,Female,1999-2020,21.2,WTMEC.COMBN,age,educ_level,prevent_ascvd_30yr_hba1c,18358,75738210.4506882,163,gaussian (identity),HS graduate or GED,0.0299660155690041,0.00161229030596572,1.3261094803282e-41,0.0268059265693113,0.0331261045686969,216.771520592343,4.73394478722023e-63,4059,17455986.3714827
gender,Female,1999-2020,21.2,WTMEC.COMBN,age,educ_level,prevent_ascvd_30yr_hba1c,18358,75738210.4506882,163,gaussian (identity),9-11th grade,0.0432179132468516,0.00208774176743483,7.38723800916858e-47,0.0391259393826793,0.0473098871110238,216.771520592343,4.73394478722023e-63,2582,7861931.9301706
gender,Female,1999-2020,21.2,WTMEC.COMBN,age,educ_level,prevent_ascvd_30yr_hba1c,18358,75738210.4506882,163,gaussian (identity),Less than 9th grade,0.0402248353375704,0.00229582881385803,7.19996929043442e-39,0.0357250108624087,0.0447246598127322,216.771520592343,4.73394478722023e-63,2146,4180515.2389964
gender,Male,1999-2020,21.2,WTMEC.COMBN,age,educ_level,prevent_ascvd_30yr_uacr,17733,71470684.0274964,163,gaussian (identity),College graduate or above (Intercept),-0.0593866045660396,0.00211296284246274,2.34020697679373e-63,-0.0635280117372666,-0.0552451973948126,86.172549871202,1.07864030204493e-38,4240,22423284.0717713
gender,Male,1999-2020,21.2,WTMEC.COMBN,age,educ_level,prevent_ascvd_30yr_uacr,17733,71470684.0274964,163,gaussian (identity),Some college or AA degree,0.0204685029669252,0.00172797878982051,1.43750676797028e-23,0.017081664538877,0.0238553413949734,86.172549871202,1.07864030204493e-38,4532,19861663.5710561
gender,Male,1999-2020,21.2,WTMEC.COMBN,age,educ_level,prevent_ascvd_30yr_uacr,17733,71470684.0274964,163,gaussian (identity),HS graduate or GED,0.0222261730330782,0.0018709327997259,1.15682199730061e-23,0.0185591447456154,0.0258932013205409,86.172549871202,1.07864030204493e-38,4099,17150261.88268
gender,Male,1999-2020,21.2,WTMEC.COMBN,age,educ_level,prevent_ascvd_30yr_uacr,17733,71470684.0274964,163,gaussian (identity),9-11th grade,0.0277571284725405,0.00209391734022677,1.92815510231382e-27,0.023653050485696,0.0318612064593849,86.172549871202,1.07864030204493e-38,2557,7655799.34705636
gender,Male,1999-2020,21.2,WTMEC.COMBN,age,educ_level,prevent_ascvd_30yr_uacr,17733,71470684.0274964,163,gaussian (identity),Less than 9th grade,0.0262862088445615,0.00231633772495818,3.31071453385885e-22,0.0217461869036434,0.0308262307854795,86.172549871202,1.07864030204493e-38,2305,4379675.15493262
gender,Female,1999-2020,21.2,WTMEC.COMBN,age,educ_level,prevent_ascvd_30yr_uacr,18249,75411116.396495,163,gaussian (identity),College graduate or above (Intercept),-0.0925688609969753,0.00180272200395101,1.76588954217577e-100,-0.0961021961247193,-0.0890355258692313,221.524659533047,1.11205557476053e-63,4124,22136548.2207139
gender,Female,1999-2020,21.2,WTMEC.COMBN,age,educ_level,prevent_ascvd_30yr_uacr,18249,75411116.396495,163,gaussian (identity),Some college or AA degree,0.0232709924964837,0.00135315269859418,4.99155917127002e-38,0.0206188132072391,0.0259231717857283,221.524659533047,1.11205557476053e-63,5407,23969457.356179
gender,Female,1999-2020,21.2,WTMEC.COMBN,age,educ_level,prevent_ascvd_30yr_uacr,18249,75411116.396495,163,gaussian (identity),HS graduate or GED,0.0301056036715596,0.00181997901928633,2.62740200232584e-36,0.0265384447937584,0.0336727625493608,221.524659533047,1.11205557476053e-63,4032,17356403.865641
gender,Female,1999-2020,21.2,WTMEC.COMBN,age,educ_level,prevent_ascvd_30yr_uacr,18249,75411116.396495,163,gaussian (identity),9-11th grade,0.044289911582758,0.00207842333006016,2.51966783764772e-48,0.04021620185584,0.0483636213096759,221.524659533047,1.11205557476053e-63,2555,7795846.30197664
gender,Female,1999-2020,21.2,WTMEC.COMBN,age,educ_level,prevent_ascvd_30yr_uacr,18249,75411116.396495,163,gaussian (identity),Less than 9th grade,0.041871545587253,0.0023847742659583,5.77176866547903e-39,0.0371973880259747,0.0465457031485312,221.524659533047,1.11205557476053e-63,2131,4152860.65198445
gender,Male,1999-2020,21.2,WTMEC.COMBN,age,educ_level,prevent_ascvd_30yr_full,17714,71410771.1206451,163,gaussian (identity),College graduate or above (Intercept),-0.0461649386859912,0.0019149350365571,8.23556523086217e-55,-0.0499182113576432,-0.0424116660143393,92.1024713406006,2.88224048462324e-40,4235,22405747.1571903
gender,Male,1999-2020,21.2,WTMEC.COMBN,age,educ_level,prevent_ascvd_30yr_full,17714,71410771.1206451,163,gaussian (identity),Some college or AA degree,0.0187403064836166,0.00156166669137296,5.4030655250978e-24,0.0156794397685256,0.0218011731987076,92.1024713406006,2.88224048462324e-40,4525,19841138.3900373
gender,Male,1999-2020,21.2,WTMEC.COMBN,age,educ_level,prevent_ascvd_30yr_full,17714,71410771.1206451,163,gaussian (identity),HS graduate or GED,0.0205076548372021,0.00168876366255588,2.18248113281031e-24,0.0171976780585926,0.0238176316158116,92.1024713406006,2.88224048462324e-40,4095,17133042.9357511
gender,Male,1999-2020,21.2,WTMEC.COMBN,age,educ_level,prevent_ascvd_30yr_full,17714,71410771.1206451,163,gaussian (identity),9-11th grade,0.0255444142641198,0.00187625725674982,2.01174034934618e-28,0.0218669500408901,0.0292218784873494,92.1024713406006,2.88224048462324e-40,2556,7655446.07467164
gender,Male,1999-2020,21.2,WTMEC.COMBN,age,educ_level,prevent_ascvd_30yr_full,17714,71410771.1206451,163,gaussian (identity),Less than 9th grade,0.0242548722391926,0.0020441330765136,1.26480500992061e-23,0.0202483714092259,0.0282613730691593,92.1024713406006,2.88224048462324e-40,2303,4375396.5629947
gender,Female,1999-2020,21.2,WTMEC.COMBN,age,educ_level,prevent_ascvd_30yr_full,18215,75282696.8533044,163,gaussian (identity),College graduate or above (Intercept),-0.0826162856309948,0.00169016758977791,2.68627121357378e-97,-0.0859290141069595,-0.0793035571550301,213.303870921897,1.38537021086458e-62,4119,22105559.4667188
gender,Female,1999-2020,21.2,WTMEC.COMBN,age,educ_level,prevent_ascvd_30yr_full,18215,75282696.8533044,163,gaussian (identity),Some college or AA degree,0.0214308056465915,0.00125258823078706,8.49297306166037e-38,0.0189757327142488,0.0238858785789341,213.303870921897,1.38537021086458e-62,5393,23919651.6578435
gender,Female,1999-2020,21.2,WTMEC.COMBN,age,educ_level,prevent_ascvd_30yr_full,18215,75282696.8533044,163,gaussian (identity),HS graduate or GED,0.0273760601528231,0.00160062237861516,8.79643904264224e-38,0.0242388402907374,0.0305132800149088,213.303870921897,1.38537021086458e-62,4024,17322307.5526168
gender,Female,1999-2020,21.2,WTMEC.COMBN,age,educ_level,prevent_ascvd_30yr_full,18215,75282696.8533044,163,gaussian (identity),9-11th grade,0.0405079770202549,0.00196586228762062,1.25761978295253e-46,0.0366548869365185,0.0443610671039913,213.303870921897,1.38537021086458e-62,2552,7790821.99473457
gender,Female,1999-2020,21.2,WTMEC.COMBN,age,educ_level,prevent_ascvd_30yr_full,18215,75282696.8533044,163,gaussian (identity),Less than 9th grade,0.0396498013136339,0.00223882479175447,2.3295954949149e-39,0.0352617047217952,0.0440378979054727,213.303870921897,1.38537021086458e-62,2127,4144356.18139077
gender,Male,1999-2020,21.2,WTMEC.COMBN,age,educ_level,prevent_hf_10yr_base,17887,71954784.3664899,163,gaussian (identity),College graduate or above (Intercept),-0.180677868741032,0.00212490784751337,7.71806764440412e-134,-0.184842688122158,-0.176513049359905,58.9141441420103,2.30942094508221e-30,4267,22524967.756316
gender,Male,1999-2020,21.2,WTMEC.COMBN,age,educ_level,prevent_hf_10yr_base,17887,71954784.3664899,163,gaussian (identity),Some college or AA degree,0.0145962788703753,0.00142271041619007,3.02615171351723e-19,0.0118077664546428,0.0173847912861078,58.9141441420103,2.30942094508221e-30,4565,19945961.0334768
gender,Male,1999-2020,21.2,WTMEC.COMBN,age,educ_level,prevent_hf_10yr_base,17887,71954784.3664899,163,gaussian (identity),HS graduate or GED,0.0167211612871263,0.00188319706925165,1.404749000971e-15,0.0130300950313931,0.0204122275428595,58.9141441420103,2.30942094508221e-30,4137,17298858.8365562
gender,Male,1999-2020,21.2,WTMEC.COMBN,age,educ_level,prevent_hf_10yr_base,17887,71954784.3664899,163,gaussian (identity),9-11th grade,0.0217163376697245,0.00192112885935479,4.37426977019122e-22,0.0179509251053891,0.0254817502340599,58.9141441420103,2.30942094508221e-30,2584,7746045.49701806
gender,Male,1999-2020,21.2,WTMEC.COMBN,age,educ_level,prevent_hf_10yr_base,17887,71954784.3664899,163,gaussian (identity),Less than 9th grade,0.0221496546494872,0.00194417825436641,2.49913646530596e-22,0.0183390652709291,0.0259602440280454,58.9141441420103,2.30942094508221e-30,2334,4438951.24312283
gender,Female,1999-2020,21.2,WTMEC.COMBN,age,educ_level,prevent_hf_10yr_base,18394,75871350.5399671,163,gaussian (identity),College graduate or above (Intercept),-0.158496977778707,0.00173140192369023,8.3663428404915e-139,-0.16189052554914,-0.155103430008274,156.416073370008,7.31653144243929e-54,4149,22230996.8207331
gender,Female,1999-2020,21.2,WTMEC.COMBN,age,educ_level,prevent_hf_10yr_base,18394,75871350.5399671,163,gaussian (identity),Some college or AA degree,0.0155327187698148,0.00102546652591084,1.38167516281628e-32,0.0135228043790296,0.0175426331606001,156.416073370008,7.31653144243929e-54,5441,24089574.541636
gender,Female,1999-2020,21.2,WTMEC.COMBN,age,educ_level,prevent_hf_10yr_base,18394,75871350.5399671,163,gaussian (identity),HS graduate or GED,0.0200330011340119,0.00129674904817973,2.13449732274981e-33,0.0174913729995797,0.0225746292684442,156.416073370008,7.31653144243929e-54,4068,17493688.3554238
gender,Female,1999-2020,21.2,WTMEC.COMBN,age,educ_level,prevent_hf_10yr_base,18394,75871350.5399671,163,gaussian (identity),9-11th grade,0.0304812725770946,0.00154624925457665,1.96188386294541e-44,0.0274506240381243,0.0335119211160648,156.416073370008,7.31653144243929e-54,2585,7866956.23741268
gender,Female,1999-2020,21.2,WTMEC.COMBN,age,educ_level,prevent_hf_10yr_base,18394,75871350.5399671,163,gaussian (identity),Less than 9th grade,0.027665154851384,0.00195471517778975,6.81854688101437e-30,0.0238339131029161,0.0314963965998519,156.416073370008,7.31653144243929e-54,2151,4190134.58476149
gender,Male,1999-2020,21.2,WTMEC.COMBN,age,educ_level,prevent_hf_10yr_hba1c,17868,71894871.4596386,163,gaussian (identity),College graduate or above (Intercept),-0.185364270276289,0.00223355501454097,3.2800834749089e-132,-0.189742038104789,-0.180986502447789,71.7898216873254,1.50267278066711e-34,4262,22507430.841735
gender,Male,1999-2020,21.2,WTMEC.COMBN,age,educ_level,prevent_hf_10yr_hba1c,17868,71894871.4596386,163,gaussian (identity),Some college or AA degree,0.0153195232788896,0.00142157321932444,1.20197700461839e-20,0.0125332397690137,0.0181058067887655,71.7898216873254,1.50267278066711e-34,4558,19925435.8524581
gender,Male,1999-2020,21.2,WTMEC.COMBN,age,educ_level,prevent_hf_10yr_hba1c,17868,71894871.4596386,163,gaussian (identity),HS graduate or GED,0.0183479952112405,0.00190716136164632,1.56369626540296e-17,0.0146099589424138,0.0220860314800673,71.7898216873254,1.50267278066711e-34,4133,17281639.8896273
gender,Male,1999-2020,21.2,WTMEC.COMBN,age,educ_level,prevent_hf_10yr_hba1c,17868,71894871.4596386,163,gaussian (identity),9-11th grade,0.0244476498521191,0.001986731577062,7.84180604984654e-25,0.0205536559610775,0.0283416437431606,71.7898216873254,1.50267278066711e-34,2583,7745692.22463334
gender,Male,1999-2020,21.2,WTMEC.COMBN,age,educ_level,prevent_hf_10yr_hba1c,17868,71894871.4596386,163,gaussian (identity),Less than 9th grade,0.0249304464032682,0.00192466097170041,1.30589718409079e-26,0.0211581108987354,0.028702781907801,71.7898216873254,1.50267278066711e-34,2332,4434672.65118491
gender,Female,1999-2020,21.2,WTMEC.COMBN,age,educ_level,prevent_hf_10yr_hba1c,18358,75738210.4506882,163,gaussian (identity),College graduate or above (Intercept),-0.165247219833093,0.00178540465355358,1.52020727065428e-139,-0.168746612954058,-0.161747826712128,135.488059502987,5.3341858807617e-50,4144,22200008.066738
gender,Female,1999-2020,21.2,WTMEC.COMBN,age,educ_level,prevent_hf_10yr_hba1c,18358,75738210.4506882,163,gaussian (identity),Some college or AA degree,0.0161076183967007,0.00108638947701527,1.0112953410019e-31,0.0139782950217508,0.0182369417716506,135.488059502987,5.3341858807617e-50,5427,24039768.8433005
gender,Female,1999-2020,21.2,WTMEC.COMBN,age,educ_level,prevent_hf_10yr_hba1c,18358,75738210.4506882,163,gaussian (identity),HS graduate or GED,0.0204380523559128,0.00126917124439402,3.80469346926402e-35,0.0179504767169006,0.0229256279949251,135.488059502987,5.3341858807617e-50,4059,17455986.3714827
gender,Female,1999-2020,21.2,WTMEC.COMBN,age,educ_level,prevent_hf_10yr_hba1c,18358,75738210.4506882,163,gaussian (identity),9-11th grade,0.0324602156284067,0.00178301882379904,1.24076480197104e-40,0.0289654987337606,0.0359549325230529,135.488059502987,5.3341858807617e-50,2582,7861931.9301706
gender,Female,1999-2020,21.2,WTMEC.COMBN,age,educ_level,prevent_hf_10yr_hba1c,18358,75738210.4506882,163,gaussian (identity),Less than 9th grade,0.032802053180009,0.00226272785275238,7.92942100579638e-31,0.0283671065886143,0.0372369997714037,135.488059502987,5.3341858807617e-50,2146,4180515.2389964
gender,Male,1999-2020,21.2,WTMEC.COMBN,age,educ_level,prevent_hf_10yr_uacr,17733,71470684.0274964,163,gaussian (identity),College graduate or above (Intercept),-0.159728289188335,0.00215353050227215,1.08127171393601e-124,-0.163949208972789,-0.155507369403882,61.978070645821,2.09010727511841e-31,4240,22423284.0717713
gender,Male,1999-2020,21.2,WTMEC.COMBN,age,educ_level,prevent_hf_10yr_uacr,17733,71470684.0274964,163,gaussian (identity),Some college or AA degree,0.0141868848453617,0.00138672000574771,3.62252362353468e-19,0.0114689136340962,0.0169048560566272,61.978070645821,2.09010727511841e-31,4532,19861663.5710561
gender,Male,1999-2020,21.2,WTMEC.COMBN,age,educ_level,prevent_hf_10yr_uacr,17733,71470684.0274964,163,gaussian (identity),HS graduate or GED,0.0148156997223262,0.00166944141863666,1.44308020266256e-15,0.0115435945417984,0.0180878049028541,61.978070645821,2.09010727511841e-31,4099,17150261.88268
gender,Male,1999-2020,21.2,WTMEC.COMBN,age,educ_level,prevent_hf_10yr_uacr,17733,71470684.0274964,163,gaussian (identity),9-11th grade,0.0225744784958419,0.00195213195692541,8.49144314673631e-23,0.0187482998602681,0.0264006571314157,61.978070645821,2.09010727511841e-31,2557,7655799.34705636
gender,Male,1999-2020,21.2,WTMEC.COMBN,age,educ_level,prevent_hf_10yr_uacr,17733,71470684.0274964,163,gaussian (identity),Less than 9th grade,0.0233441670718596,0.00191209361549734,1.44601140508769e-24,0.0195964635854848,0.0270918705582344,61.978070645821,2.09010727511841e-31,2305,4379675.15493262
gender,Female,1999-2020,21.2,WTMEC.COMBN,age,educ_level,prevent_hf_10yr_uacr,18249,75411116.396495,163,gaussian (identity),College graduate or above (Intercept),-0.152128026806199,0.00202459038501372,1.46905076610219e-125,-0.156096223960826,-0.148159829651572,132.869400510345,1.74776361318771e-49,4124,22136548.2207139
gender,Female,1999-2020,21.2,WTMEC.COMBN,age,educ_level,prevent_hf_10yr_uacr,18249,75411116.396495,163,gaussian (identity),Some college or AA degree,0.0138243884819905,0.00104244252714311,1.86286092965024e-27,0.0117812011287901,0.015867575835191,132.869400510345,1.74776361318771e-49,5407,23969457.356179
gender,Female,1999-2020,21.2,WTMEC.COMBN,age,educ_level,prevent_hf_10yr_uacr,18249,75411116.396495,163,gaussian (identity),HS graduate or GED,0.0179414968182269,0.0013895724204439,1.69894856160783e-26,0.0152179348741569,0.020665058762297,132.869400510345,1.74776361318771e-49,4032,17356403.865641
gender,Female,1999-2020,21.2,WTMEC.COMBN,age,educ_level,prevent_hf_10yr_uacr,18249,75411116.396495,163,gaussian (identity),9-11th grade,0.0294946774011959,0.00160994912361918,6.30222672553143e-41,0.0263391771189023,0.0326501776834895,132.869400510345,1.74776361318771e-49,2555,7795846.30197664
gender,Female,1999-2020,21.2,WTMEC.COMBN,age,educ_level,prevent_hf_10yr_uacr,18249,75411116.396495,163,gaussian (identity),Less than 9th grade,0.0304579375875377,0.00236698217431713,2.23917835662425e-26,0.0258186525258762,0.0350972226491993,132.869400510345,1.74776361318771e-49,2131,4152860.65198445
gender,Male,1999-2020,21.2,WTMEC.COMBN,age,educ_level,prevent_hf_10yr_full,17714,71410771.1206451,163,gaussian (identity),College graduate or above (Intercept),-0.161726049655911,0.00227577529622647,7.66795522216314e-122,-0.166186569236515,-0.157265530075307,69.3127371606723,8.78572334546215e-34,4235,22405747.1571903
gender,Male,1999-2020,21.2,WTMEC.COMBN,age,educ_level,prevent_hf_10yr_full,17714,71410771.1206451,163,gaussian (identity),Some college or AA degree,0.0139523038518499,0.00136714559013252,4.23368183509156e-19,0.0112726984951902,0.0166319092085097,69.3127371606723,8.78572334546215e-34,4525,19841138.3900373
gender,Male,1999-2020,21.2,WTMEC.COMBN,age,educ_level,prevent_hf_10yr_full,17714,71410771.1206451,163,gaussian (identity),HS graduate or GED,0.0150992671564083,0.00167820006416731,6.90677471112584e-16,0.0118099950306404,0.0183885392821762,69.3127371606723,8.78572334546215e-34,4095,17133042.9357511
gender,Male,1999-2020,21.2,WTMEC.COMBN,age,educ_level,prevent_hf_10yr_full,17714,71410771.1206451,163,gaussian (identity),9-11th grade,0.023380434810576,0.00195617503398197,7.3216067631461e-24,0.0195463317439714,0.0272145378771807,69.3127371606723,8.78572334546215e-34,2556,7655446.07467164
gender,Male,1999-2020,21.2,WTMEC.COMBN,age,educ_level,prevent_hf_10yr_full,17714,71410771.1206451,163,gaussian (identity),Less than 9th grade,0.0247244371069737,0.00187034324911881,2.43348329355072e-27,0.0210585643387009,0.0283903098752466,69.3127371606723,8.78572334546215e-34,2303,4375396.5629947
gender,Female,1999-2020,21.2,WTMEC.COMBN,age,educ_level,prevent_hf_10yr_full,18215,75282696.8533044,163,gaussian (identity),College graduate or above (Intercept),-0.155754551404122,0.00200842307925849,1.14066151511828e-127,-0.159691060639468,-0.151818042168775,116.975575776887,3.53557744630974e-46,4119,22105559.4667188
gender,Female,1999-2020,21.2,WTMEC.COMBN,age,educ_level,prevent_hf_10yr_full,18215,75282696.8533044,163,gaussian (identity),Some college or AA degree,0.0140557307428127,0.00110288530829571,4.88263993246441e-26,0.0118940755385531,0.0162173859470723,116.975575776887,3.53557744630974e-46,5393,23919651.6578435
gender,Female,1999-2020,21.2,WTMEC.COMBN,age,educ_level,prevent_hf_10yr_full,18215,75282696.8533044,163,gaussian (identity),HS graduate or GED,0.0179663100756505,0.00134942918488408,1.33778979786915e-27,0.0153214288732777,0.0206111912780233,116.975575776887,3.53557744630974e-46,4024,17322307.5526168
gender,Female,1999-2020,21.2,WTMEC.COMBN,age,educ_level,prevent_hf_10yr_full,18215,75282696.8533044,163,gaussian (identity),9-11th grade,0.0305874550819956,0.00178183108635546,6.02482926664369e-38,0.0270950661527389,0.0340798440112523,116.975575776887,3.53557744630974e-46,2552,7790821.99473457
gender,Female,1999-2020,21.2,WTMEC.COMBN,age,educ_level,prevent_hf_10yr_full,18215,75282696.8533044,163,gaussian (identity),Less than 9th grade,0.0341587294612638,0.0024999608958151,1.47628011745122e-28,0.0292588061054662,0.0390586528170614,116.975575776887,3.53557744630974e-46,2127,4144356.18139077
gender,Male,1999-2020,21.2,WTMEC.COMBN,age,educ_level,prevent_hf_30yr_base,17887,71954784.3664899,163,gaussian (identity),College graduate or above (Intercept),-0.143904367329507,0.00344992858433908,3.39328073538845e-87,-0.150666227354812,-0.137142507304203,51.1948721011525,1.38368387904002e-27,4267,22524967.756316
gender,Male,1999-2020,21.2,WTMEC.COMBN,age,educ_level,prevent_hf_30yr_base,17887,71954784.3664899,163,gaussian (identity),Some college or AA degree,0.027166909322125,0.00251787187085026,1.10677530306339e-20,0.0222318804552585,0.0321019381889915,51.1948721011525,1.38368387904002e-27,4565,19945961.0334768
gender,Male,1999-2020,21.2,WTMEC.COMBN,age,educ_level,prevent_hf_30yr_base,17887,71954784.3664899,163,gaussian (identity),HS graduate or GED,0.0284776619415068,0.00280907332779306,6.44304437679677e-19,0.0229718782190324,0.0339834456639812,51.1948721011525,1.38368387904002e-27,4137,17298858.8365562
gender,Male,1999-2020,21.2,WTMEC.COMBN,age,educ_level,prevent_hf_30yr_base,17887,71954784.3664899,163,gaussian (identity),9-11th grade,0.0305621109827335,0.00296689496679426,2.33721856574954e-19,0.0247469968478167,0.0363772251176502,51.1948721011525,1.38368387904002e-27,2584,7746045.49701806
gender,Male,1999-2020,21.2,WTMEC.COMBN,age,educ_level,prevent_hf_30yr_base,17887,71954784.3664899,163,gaussian (identity),Less than 9th grade,0.0213233553951739,0.00312628011422896,1.82049339167313e-10,0.0151958463712851,0.0274508644190626,51.1948721011525,1.38368387904002e-27,2334,4438951.24312283
gender,Female,1999-2020,21.2,WTMEC.COMBN,age,educ_level,prevent_hf_30yr_base,18394,75871350.5399671,163,gaussian (identity),College graduate or above (Intercept),-0.163043058935441,0.00248785907843948,1.82299477296628e-116,-0.167919262729183,-0.1581668551417,151.781413758595,4.82023018399699e-53,4149,22230996.8207331
gender,Female,1999-2020,21.2,WTMEC.COMBN,age,educ_level,prevent_hf_30yr_base,18394,75871350.5399671,163,gaussian (identity),Some college or AA degree,0.0306377126952149,0.00185006243011379,2.3461264146974e-36,0.0270115903321919,0.034263835058238,151.781413758595,4.82023018399699e-53,5441,24089574.541636
gender,Female,1999-2020,21.2,WTMEC.COMBN,age,educ_level,prevent_hf_30yr_base,18394,75871350.5399671,163,gaussian (identity),HS graduate or GED,0.0362641190289766,0.00233123364153103,1.1016205177954e-33,0.0316949010915757,0.0408333369663774,151.781413758595,4.82023018399699e-53,4068,17493688.3554238
gender,Female,1999-2020,21.2,WTMEC.COMBN,age,educ_level,prevent_hf_30yr_base,18394,75871350.5399671,163,gaussian (identity),9-11th grade,0.0504493686327422,0.00282731815976576,1.05392184158149e-39,0.0449078250396013,0.0559909122258831,151.781413758595,4.82023018399699e-53,2585,7866956.23741268
gender,Female,1999-2020,21.2,WTMEC.COMBN,age,educ_level,prevent_hf_30yr_base,18394,75871350.5399671,163,gaussian (identity),Less than 9th grade,0.0359451428638277,0.00312837491231461,1.3539949182995e-22,0.0298135280356911,0.0420767576919644,151.781413758595,4.82023018399699e-53,2151,4190134.58476149
gender,Male,1999-2020,21.2,WTMEC.COMBN,age,educ_level,prevent_hf_30yr_hba1c,17868,71894871.4596386,163,gaussian (identity),College graduate or above (Intercept),-0.145033529382932,0.00331423917833593,3.17288784883678e-90,-0.15152943817247,-0.138537620593394,59.5156599331541,1.43274528825114e-30,4262,22507430.841735
gender,Male,1999-2020,21.2,WTMEC.COMBN,age,educ_level,prevent_hf_30yr_hba1c,17868,71894871.4596386,163,gaussian (identity),Some college or AA degree,0.0276147850947728,0.00245335984210376,5.9192500580878e-22,0.0228061998042495,0.0324233703852962,59.5156599331541,1.43274528825114e-30,4558,19925435.8524581
gender,Male,1999-2020,21.2,WTMEC.COMBN,age,educ_level,prevent_hf_30yr_hba1c,17868,71894871.4596386,163,gaussian (identity),HS graduate or GED,0.0296896851263163,0.00278484351797609,2.47316422491876e-20,0.0242313918310832,0.0351479784215494,59.5156599331541,1.43274528825114e-30,4133,17281639.8896273
gender,Male,1999-2020,21.2,WTMEC.COMBN,age,educ_level,prevent_hf_30yr_hba1c,17868,71894871.4596386,163,gaussian (identity),9-11th grade,0.0325744878971196,0.00291153305493441,9.0700398421185e-22,0.0268678831094482,0.0382810926847911,59.5156599331541,1.43274528825114e-30,2583,7745692.22463334
gender,Male,1999-2020,21.2,WTMEC.COMBN,age,educ_level,prevent_hf_30yr_hba1c,17868,71894871.4596386,163,gaussian (identity),Less than 9th grade,0.0236755452279791,0.0030162707644662,5.94880566331717e-13,0.0177636545296254,0.0295874359263329,59.5156599331541,1.43274528825114e-30,2332,4434672.65118491
gender,Female,1999-2020,21.2,WTMEC.COMBN,age,educ_level,prevent_hf_30yr_hba1c,18358,75738210.4506882,163,gaussian (identity),College graduate or above (Intercept),-0.165964229603383,0.00244539923056609,8.76749356514327e-119,-0.170757212095293,-0.161171247111474,155.204503935121,1.1925166718884e-53,4144,22200008.066738
gender,Female,1999-2020,21.2,WTMEC.COMBN,age,educ_level,prevent_hf_30yr_hba1c,18358,75738210.4506882,163,gaussian (identity),Some college or AA degree,0.0313717169774571,0.00185866532846762,3.41138655719789e-37,0.0277287329336606,0.0350147010212536,155.204503935121,1.1925166718884e-53,5427,24039768.8433005
gender,Female,1999-2020,21.2,WTMEC.COMBN,age,educ_level,prevent_hf_30yr_hba1c,18358,75738210.4506882,163,gaussian (identity),HS graduate or GED,0.0367415467614237,0.00214413375183701,7.23578296071573e-38,0.0325390446078232,0.0409440489150243,155.204503935121,1.1925166718884e-53,4059,17455986.3714827
gender,Female,1999-2020,21.2,WTMEC.COMBN,age,educ_level,prevent_hf_30yr_hba1c,18358,75738210.4506882,163,gaussian (identity),9-11th grade,0.0522674555516459,0.00297566179924612,5.53165409727435e-39,0.0464351584251236,0.0580997526781683,155.204503935121,1.1925166718884e-53,2582,7861931.9301706
gender,Female,1999-2020,21.2,WTMEC.COMBN,age,educ_level,prevent_hf_30yr_hba1c,18358,75738210.4506882,163,gaussian (identity),Less than 9th grade,0.0416541843404891,0.00340185867348119,1.15276215881403e-24,0.034986541340466,0.0483218273405123,155.204503935121,1.1925166718884e-53,2146,4180515.2389964
gender,Male,1999-2020,21.2,WTMEC.COMBN,age,educ_level,prevent_hf_30yr_uacr,17733,71470684.0274964,163,gaussian (identity),College graduate or above (Intercept),-0.156838161973458,0.00300658606269428,1.68180378214087e-101,-0.162731070656339,-0.150945253290577,62.72979266681,1.17203604704972e-31,4240,22423284.0717713
gender,Male,1999-2020,21.2,WTMEC.COMBN,age,educ_level,prevent_hf_30yr_uacr,17733,71470684.0274964,163,gaussian (identity),Some college or AA degree,0.0267392280881987,0.00229164327538643,4.40137544522743e-23,0.0222476072684413,0.0312308489079561,62.72979266681,1.17203604704972e-31,4532,19861663.5710561
gender,Male,1999-2020,21.2,WTMEC.COMBN,age,educ_level,prevent_hf_30yr_uacr,17733,71470684.0274964,163,gaussian (identity),HS graduate or GED,0.0268127136764022,0.00258100810474618,1.35648014857716e-19,0.0217539377910997,0.0318714895617047,62.72979266681,1.17203604704972e-31,4099,17150261.88268
gender,Male,1999-2020,21.2,WTMEC.COMBN,age,educ_level,prevent_hf_30yr_uacr,17733,71470684.0274964,163,gaussian (identity),9-11th grade,0.0320386217752212,0.00281004176869999,2.36633576606776e-22,0.0265309399085693,0.0375463036418732,62.72979266681,1.17203604704972e-31,2557,7655799.34705636
gender,Male,1999-2020,21.2,WTMEC.COMBN,age,educ_level,prevent_hf_30yr_uacr,17733,71470684.0274964,163,gaussian (identity),Less than 9th grade,0.0249507955030731,0.0029571653335867,1.94298393039864e-14,0.0191547514492432,0.0307468395569031,62.72979266681,1.17203604704972e-31,2305,4379675.15493262
gender,Female,1999-2020,21.2,WTMEC.COMBN,age,educ_level,prevent_hf_30yr_uacr,18249,75411116.396495,163,gaussian (identity),College graduate or above (Intercept),-0.173488058748305,0.0024075171459661,9.06302950778674e-123,-0.178206792354398,-0.168769325142211,162.102045041279,7.68732408832813e-55,4124,22136548.2207139
gender,Female,1999-2020,21.2,WTMEC.COMBN,age,educ_level,prevent_hf_30yr_uacr,18249,75411116.396495,163,gaussian (identity),Some college or AA degree,0.0286396190935962,0.0017547538429906,1.00624760791415e-35,0.0252003015613346,0.0320789366258577,162.102045041279,7.68732408832813e-55,5407,23969457.356179
gender,Female,1999-2020,21.2,WTMEC.COMBN,age,educ_level,prevent_hf_30yr_uacr,18249,75411116.396495,163,gaussian (identity),HS graduate or GED,0.0340442559974258,0.0023308451135461,4.00636189272209e-31,0.0294757995748754,0.0386127124199761,162.102045041279,7.68732408832813e-55,4032,17356403.865641
gender,Female,1999-2020,21.2,WTMEC.COMBN,age,educ_level,prevent_hf_30yr_uacr,18249,75411116.396495,163,gaussian (identity),9-11th grade,0.0494869208705316,0.00265349859254059,9.13835839361993e-42,0.044286063629152,0.0546877781119112,162.102045041279,7.68732408832813e-55,2555,7795846.30197664
gender,Female,1999-2020,21.2,WTMEC.COMBN,age,educ_level,prevent_hf_30yr_uacr,18249,75411116.396495,163,gaussian (identity),Less than 9th grade,0.0394695613244395,0.0032154504421746,9.50948308832314e-25,0.0331672784577773,0.0457718441911018,162.102045041279,7.68732408832813e-55,2131,4152860.65198445
gender,Male,1999-2020,21.2,WTMEC.COMBN,age,educ_level,prevent_hf_30yr_full,17714,71410771.1206451,163,gaussian (identity),College graduate or above (Intercept),-0.148551134886419,0.00283644069831277,9.29304868669881e-102,-0.154110558655112,-0.142991711117726,66.2312979906169,8.36111764664574e-33,4235,22405747.1571903
gender,Male,1999-2020,21.2,WTMEC.COMBN,age,educ_level,prevent_hf_30yr_full,17714,71410771.1206451,163,gaussian (identity),Some college or AA degree,0.0254851134080439,0.00215804487469358,1.80446479043638e-23,0.0212553454536445,0.0297148813624433,66.2312979906169,8.36111764664574e-33,4525,19841138.3900373
gender,Male,1999-2020,21.2,WTMEC.COMBN,age,educ_level,prevent_hf_30yr_full,17714,71410771.1206451,163,gaussian (identity),HS graduate or GED,0.025683584089641,0.00248294607415915,1.78915854316073e-19,0.020817009784289,0.0305501583949929,66.2312979906169,8.36111764664574e-33,4095,17133042.9357511
gender,Male,1999-2020,21.2,WTMEC.COMBN,age,educ_level,prevent_hf_30yr_full,17714,71410771.1206451,163,gaussian (identity),9-11th grade,0.0313158249250616,0.00270590808110134,8.01681084094652e-23,0.026012245086103,0.0366194047640202,66.2312979906169,8.36111764664574e-33,2556,7655446.07467164
gender,Male,1999-2020,21.2,WTMEC.COMBN,age,educ_level,prevent_hf_30yr_full,17714,71410771.1206451,163,gaussian (identity),Less than 9th grade,0.0254763133064467,0.00278780763650231,2.94654947744949e-16,0.0200122103389022,0.0309404162739912,66.2312979906169,8.36111764664574e-33,2303,4375396.5629947
gender,Female,1999-2020,21.2,WTMEC.COMBN,age,educ_level,prevent_hf_30yr_full,18215,75282696.8533044,163,gaussian (identity),College graduate or above (Intercept),-0.163264592847513,0.00234297646871339,1.55049987532642e-120,-0.167856826726192,-0.158672358968835,158.935889946684,2.67430999447202e-54,4119,22105559.4667188
gender,Female,1999-2020,21.2,WTMEC.COMBN,age,educ_level,prevent_hf_30yr_full,18215,75282696.8533044,163,gaussian (identity),Some college or AA degree,0.0286984218462913,0.00175008462869998,6.28780394247894e-36,0.0252682559740393,0.0321285877185432,158.935889946684,2.67430999447202e-54,5393,23919651.6578435
gender,Female,1999-2020,21.2,WTMEC.COMBN,age,educ_level,prevent_hf_30yr_full,18215,75282696.8533044,163,gaussian (identity),HS graduate or GED,0.0338504555309871,0.00213665651196095,1.88240017479464e-34,0.0296626087675436,0.0380383022944305,158.935889946684,2.67430999447202e-54,4024,17322307.5526168
gender,Female,1999-2020,21.2,WTMEC.COMBN,age,educ_level,prevent_hf_30yr_full,18215,75282696.8533044,163,gaussian (identity),9-11th grade,0.0500893653462057,0.00276802414004177,2.36744723309319e-40,0.0446640380317239,0.0555146926606876,158.935889946684,2.67430999447202e-54,2552,7790821.99473457
gender,Female,1999-2020,21.2,WTMEC.COMBN,age,educ_level,prevent_hf_30yr_full,18215,75282696.8533044,163,gaussian (identity),Less than 9th grade,0.0429648470057424,0.0033904083078065,7.69943937978474e-26,0.0363196467224417,0.0496100472890431,158.935889946684,2.67430999447202e-54,2127,4144356.18139077
gender,Male,1999-2020,21.2,WTMEC.COMBN,age,educ_level,prevent_chd_10yr_base,17887,71954784.3664899,163,gaussian (identity),College graduate or above (Intercept),-0.074556104181923,0.000887418089262047,4.93146308249949e-133,-0.0762954436368766,-0.0728167647269694,103.363429314553,4.53953534886122e-43,4267,22524967.756316
gender,Male,1999-2020,21.2,WTMEC.COMBN,age,educ_level,prevent_chd_10yr_base,17887,71954784.3664899,163,gaussian (identity),Some college or AA degree,0.00770373883938146,0.000681338510737221,4.29713799774915e-22,0.00636831535833651,0.00903916232042642,103.363429314553,4.53953534886122e-43,4565,19945961.0334768
gender,Male,1999-2020,21.2,WTMEC.COMBN,age,educ_level,prevent_chd_10yr_base,17887,71954784.3664899,163,gaussian (identity),HS graduate or GED,0.00904804747302963,0.000797051570417807,3.23401424901411e-22,0.00748582639501073,0.0106102685510485,103.363429314553,4.53953534886122e-43,4137,17298858.8365562
gender,Male,1999-2020,21.2,WTMEC.COMBN,age,educ_level,prevent_chd_10yr_base,17887,71954784.3664899,163,gaussian (identity),9-11th grade,0.0130245993753769,0.000974580703600106,9.7403419366472e-28,0.0111144211963207,0.0149347775544331,103.363429314553,4.53953534886122e-43,2584,7746045.49701806
gender,Male,1999-2020,21.2,WTMEC.COMBN,age,educ_level,prevent_chd_10yr_base,17887,71954784.3664899,163,gaussian (identity),Less than 9th grade,0.0153844469714224,0.0010314530525811,5.82700109450899e-32,0.0133627989883634,0.0174060949544813,103.363429314553,4.53953534886122e-43,2334,4438951.24312283
gender,Female,1999-2020,21.2,WTMEC.COMBN,age,educ_level,prevent_chd_10yr_base,18394,75871350.5399671,163,gaussian (identity),College graduate or above (Intercept),-0.0561253849308084,0.000715411569908543,1.92434426493174e-128,-0.0575275916078292,-0.0547231782537877,203.683718392035,2.94787305130781e-61,4149,22230996.8207331
gender,Female,1999-2020,21.2,WTMEC.COMBN,age,educ_level,prevent_chd_10yr_base,18394,75871350.5399671,163,gaussian (identity),Some college or AA degree,0.00705890808300927,0.000461340799380274,5.32416243499364e-33,0.00615468011622393,0.0079631360497946,203.683718392035,2.94787305130781e-61,5441,24089574.541636
gender,Female,1999-2020,21.2,WTMEC.COMBN,age,educ_level,prevent_chd_10yr_base,18394,75871350.5399671,163,gaussian (identity),HS graduate or GED,0.00964176777636214,0.000558908888561607,3.62118535203525e-38,0.00854630635478139,0.0107372291979429,203.683718392035,2.94787305130781e-61,4068,17493688.3554238
gender,Female,1999-2020,21.2,WTMEC.COMBN,age,educ_level,prevent_chd_10yr_base,18394,75871350.5399671,163,gaussian (identity),9-11th grade,0.0153652942572212,0.000703162283863776,1.29135704952716e-49,0.0139870961808482,0.0167434923335942,203.683718392035,2.94787305130781e-61,2585,7866956.23741268
gender,Female,1999-2020,21.2,WTMEC.COMBN,age,educ_level,prevent_chd_10yr_base,18394,75871350.5399671,163,gaussian (identity),Less than 9th grade,0.0163510420344231,0.000922001855698681,2.01733777355138e-39,0.0145439183972537,0.0181581656715926,203.683718392035,2.94787305130781e-61,2151,4190134.58476149
gender,Male,1999-2020,21.2,WTMEC.COMBN,age,educ_level,prevent_chd_10yr_hba1c,17868,71894871.4596386,163,gaussian (identity),College graduate or above (Intercept),-0.068557494323901,0.000869674988959309,9.15232651305599e-129,-0.0702620573022612,-0.0668529313455407,123.715179777131,1.28106021461039e-47,4262,22507430.841735
gender,Male,1999-2020,21.2,WTMEC.COMBN,age,educ_level,prevent_chd_10yr_hba1c,17868,71894871.4596386,163,gaussian (identity),Some college or AA degree,0.00772471014746923,0.000662634721679723,4.70525055267487e-23,0.00642594609297698,0.00902347420196149,123.715179777131,1.28106021461039e-47,4558,19925435.8524581
gender,Male,1999-2020,21.2,WTMEC.COMBN,age,educ_level,prevent_chd_10yr_hba1c,17868,71894871.4596386,163,gaussian (identity),HS graduate or GED,0.00930182222496353,0.000763626836561025,1.72156653917368e-24,0.00780511362530392,0.0107985308246231,123.715179777131,1.28106021461039e-47,4133,17281639.8896273
gender,Male,1999-2020,21.2,WTMEC.COMBN,age,educ_level,prevent_chd_10yr_hba1c,17868,71894871.4596386,163,gaussian (identity),9-11th grade,0.0136404181123133,0.00101969020953482,8.98993118732131e-28,0.011641825301625,0.0156390109230015,123.715179777131,1.28106021461039e-47,2583,7745692.22463334
gender,Male,1999-2020,21.2,WTMEC.COMBN,age,educ_level,prevent_chd_10yr_hba1c,17868,71894871.4596386,163,gaussian (identity),Less than 9th grade,0.0156927739791016,0.000933156523629575,4.95524128897611e-37,0.0138637871927876,0.0175217607654156,123.715179777131,1.28106021461039e-47,2332,4434672.65118491
gender,Female,1999-2020,21.2,WTMEC.COMBN,age,educ_level,prevent_chd_10yr_hba1c,18358,75738210.4506882,163,gaussian (identity),College graduate or above (Intercept),-0.0567195312799474,0.000753931971124429,1.21843905428308e-125,-0.0581972379433513,-0.0552418246165435,154.168787876793,1.81499285518919e-53,4144,22200008.066738
gender,Female,1999-2020,21.2,WTMEC.COMBN,age,educ_level,prevent_chd_10yr_hba1c,18358,75738210.4506882,163,gaussian (identity),Some college or AA degree,0.0068972207415964,0.000507843524514134,2.47916014923055e-28,0.0059018474335487,0.00789259404964411,154.168787876793,1.81499285518919e-53,5427,24039768.8433005
gender,Female,1999-2020,21.2,WTMEC.COMBN,age,educ_level,prevent_chd_10yr_hba1c,18358,75738210.4506882,163,gaussian (identity),HS graduate or GED,0.00918314180030616,0.000565075388037944,1.54229139914061e-35,0.00807559403975179,0.0102906895608605,154.168787876793,1.81499285518919e-53,4059,17455986.3714827
gender,Female,1999-2020,21.2,WTMEC.COMBN,age,educ_level,prevent_chd_10yr_hba1c,18358,75738210.4506882,163,gaussian (identity),9-11th grade,0.015535449109566,0.000798113476797537,8.11269961462428e-44,0.0139711466950428,0.0170997515240892,154.168787876793,1.81499285518919e-53,2582,7861931.9301706
gender,Female,1999-2020,21.2,WTMEC.COMBN,age,educ_level,prevent_chd_10yr_hba1c,18358,75738210.4506882,163,gaussian (identity),Less than 9th grade,0.0181851738774658,0.00105909662535435,5.87627418187133e-38,0.0161093444917713,0.0202610032631604,154.168787876793,1.81499285518919e-53,2146,4180515.2389964
gender,Male,1999-2020,21.2,WTMEC.COMBN,age,educ_level,prevent_chd_10yr_uacr,17733,71470684.0274964,163,gaussian (identity),College graduate or above (Intercept),-0.0726504211070389,0.000936259951018311,1.04163274828322e-127,-0.0744854906110348,-0.0708153516030431,105.150406293727,1.70817906142066e-43,4240,22423284.0717713
gender,Male,1999-2020,21.2,WTMEC.COMBN,age,educ_level,prevent_chd_10yr_uacr,17733,71470684.0274964,163,gaussian (identity),Some college or AA degree,0.00740086602820015,0.000664169326179719,1.2040918628299e-21,0.0060990941488879,0.00870263790751239,105.150406293727,1.70817906142066e-43,4532,19861663.5710561
gender,Male,1999-2020,21.2,WTMEC.COMBN,age,educ_level,prevent_chd_10yr_uacr,17733,71470684.0274964,163,gaussian (identity),HS graduate or GED,0.00828089806893472,0.000703443391386703,2.28535621372434e-23,0.00690214902181678,0.00965964711605266,105.150406293727,1.70817906142066e-43,4099,17150261.88268
gender,Male,1999-2020,21.2,WTMEC.COMBN,age,educ_level,prevent_chd_10yr_uacr,17733,71470684.0274964,163,gaussian (identity),9-11th grade,0.0130873397503409,0.000951628428802642,8.43832139884588e-29,0.0112221480298877,0.0149525314707941,105.150406293727,1.70817906142066e-43,2557,7655799.34705636
gender,Male,1999-2020,21.2,WTMEC.COMBN,age,educ_level,prevent_chd_10yr_uacr,17733,71470684.0274964,163,gaussian (identity),Less than 9th grade,0.0153113063098708,0.00100995358460424,1.27125225976762e-32,0.0133317972840464,0.0172908153356951,105.150406293727,1.70817906142066e-43,2305,4379675.15493262
gender,Female,1999-2020,21.2,WTMEC.COMBN,age,educ_level,prevent_chd_10yr_uacr,18249,75411116.396495,163,gaussian (identity),College graduate or above (Intercept),-0.0552942217700048,0.000829784292809911,1.43503978945255e-117,-0.0569205989839123,-0.0536678445560974,169.639970675057,4.26665490991165e-56,4124,22136548.2207139
gender,Female,1999-2020,21.2,WTMEC.COMBN,age,educ_level,prevent_chd_10yr_uacr,18249,75411116.396495,163,gaussian (identity),Some college or AA degree,0.00633755976945107,0.000489444975684187,1.3452638749447e-26,0.00537824761711006,0.00729687192179208,169.639970675057,4.26665490991165e-56,5407,23969457.356179
gender,Female,1999-2020,21.2,WTMEC.COMBN,age,educ_level,prevent_chd_10yr_uacr,18249,75411116.396495,163,gaussian (identity),HS graduate or GED,0.00857692553333071,0.000592684687584028,9.29233608993319e-31,0.00741526354566601,0.0097385875209954,169.639970675057,4.26665490991165e-56,4032,17356403.865641
gender,Female,1999-2020,21.2,WTMEC.COMBN,age,educ_level,prevent_chd_10yr_uacr,18249,75411116.396495,163,gaussian (identity),9-11th grade,0.0146255216091731,0.000726873423941477,1.92611725756959e-45,0.0132008496982478,0.0160501935200984,169.639970675057,4.26665490991165e-56,2555,7795846.30197664
gender,Female,1999-2020,21.2,WTMEC.COMBN,age,educ_level,prevent_chd_10yr_uacr,18249,75411116.396495,163,gaussian (identity),Less than 9th grade,0.0167612580354119,0.00104051585171092,3.68685520018174e-35,0.0147218469660585,0.0188006691047653,169.639970675057,4.26665490991165e-56,2131,4152860.65198445
gender,Male,1999-2020,21.2,WTMEC.COMBN,age,educ_level,prevent_chd_10yr_full,17714,71410771.1206451,163,gaussian (identity),College graduate or above (Intercept),-0.0659398185170994,0.00093315544946747,1.82429238362741e-121,-0.0677688031980556,-0.0641108338361431,117.138463510512,3.25771927173953e-46,4235,22405747.1571903
gender,Male,1999-2020,21.2,WTMEC.COMBN,age,educ_level,prevent_chd_10yr_full,17714,71410771.1206451,163,gaussian (identity),Some college or AA degree,0.0071993777472106,0.000651465250063754,2.14668033144242e-21,0.00592250585708564,0.00847624963733556,117.138463510512,3.25771927173953e-46,4525,19841138.3900373
gender,Male,1999-2020,21.2,WTMEC.COMBN,age,educ_level,prevent_chd_10yr_full,17714,71410771.1206451,163,gaussian (identity),HS graduate or GED,0.0080444370752776,0.000666723123860007,3.57270364571753e-24,0.00673765975251198,0.00935121439804321,117.138463510512,3.25771927173953e-46,4095,17133042.9357511
gender,Male,1999-2020,21.2,WTMEC.COMBN,age,educ_level,prevent_chd_10yr_full,17714,71410771.1206451,163,gaussian (identity),9-11th grade,0.0129316567974592,0.000972906728405338,1.53925165691522e-27,0.0110247596097847,0.0148385539851336,117.138463510512,3.25771927173953e-46,2556,7655446.07467164
gender,Male,1999-2020,21.2,WTMEC.COMBN,age,educ_level,prevent_chd_10yr_full,17714,71410771.1206451,163,gaussian (identity),Less than 9th grade,0.0153644702249684,0.000932811567688151,4.03585880703486e-36,0.0135361595522996,0.0171927808976371,117.138463510512,3.25771927173953e-46,2303,4375396.5629947
gender,Female,1999-2020,21.2,WTMEC.COMBN,age,educ_level,prevent_chd_10yr_full,18215,75282696.8533044,163,gaussian (identity),College graduate or above (Intercept),-0.0548150262798687,0.000825859920716027,2.62729083155945e-117,-0.0564337117244721,-0.0531963408352653,130.303716708673,5.68963644656034e-49,4119,22105559.4667188
gender,Female,1999-2020,21.2,WTMEC.COMBN,age,educ_level,prevent_chd_10yr_full,18215,75282696.8533044,163,gaussian (identity),Some college or AA degree,0.00595201381110296,0.000522944698053275,2.67991772713878e-22,0.00492704220291854,0.00697698541928737,130.303716708673,5.68963644656034e-49,5393,23919651.6578435
gender,Female,1999-2020,21.2,WTMEC.COMBN,age,educ_level,prevent_chd_10yr_full,18215,75282696.8533044,163,gaussian (identity),HS graduate or GED,0.00783159784490012,0.000585400578317221,8.92415857145375e-28,0.00668421271139837,0.00897898297840188,130.303716708673,5.68963644656034e-49,4024,17322307.5526168
gender,Female,1999-2020,21.2,WTMEC.COMBN,age,educ_level,prevent_chd_10yr_full,18215,75282696.8533044,163,gaussian (identity),9-11th grade,0.0141137804230535,0.000782020696836885,3.14169110510775e-40,0.0125810198572532,0.0156465409888538,130.303716708673,5.68963644656034e-49,2552,7790821.99473457
gender,Female,1999-2020,21.2,WTMEC.COMBN,age,educ_level,prevent_chd_10yr_full,18215,75282696.8533044,163,gaussian (identity),Less than 9th grade,0.0177852402100282,0.00107925839229994,3.8443647299563e-36,0.0156698937611203,0.019900586658936,130.303716708673,5.68963644656034e-49,2127,4144356.18139077
gender,Male,1999-2020,21.2,WTMEC.COMBN,age,educ_level,prevent_chd_30yr_base,17887,71954784.3664899,163,gaussian (identity),College graduate or above (Intercept),-0.0446231650797466,0.00171197406998709,4.25453177521232e-59,-0.0479786342569213,-0.0412676959025719,66.2033261119877,8.53640630020747e-33,4267,22524967.756316
gender,Male,1999-2020,21.2,WTMEC.COMBN,age,educ_level,prevent_chd_30yr_base,17887,71954784.3664899,163,gaussian (identity),Some college or AA degree,0.0157664173870075,0.00150852792918728,9.15724883485722e-20,0.0128097026458004,0.0187231321282146,66.2033261119877,8.53640630020747e-33,4565,19945961.0334768
gender,Male,1999-2020,21.2,WTMEC.COMBN,age,educ_level,prevent_chd_30yr_base,17887,71954784.3664899,163,gaussian (identity),HS graduate or GED,0.0173758610656149,0.00165319094359371,6.33898401953323e-20,0.0141356068161713,0.0206161153150586,66.2033261119877,8.53640630020747e-33,4137,17298858.8365562
gender,Male,1999-2020,21.2,WTMEC.COMBN,age,educ_level,prevent_chd_30yr_base,17887,71954784.3664899,163,gaussian (identity),9-11th grade,0.0210402680461317,0.00192106259460603,3.98825162750654e-21,0.0172749853607039,0.0248055507315595,66.2033261119877,8.53640630020747e-33,2584,7746045.49701806
gender,Male,1999-2020,21.2,WTMEC.COMBN,age,educ_level,prevent_chd_30yr_base,17887,71954784.3664899,163,gaussian (identity),Less than 9th grade,0.0213382541020885,0.00201520380863495,3.89180804561747e-20,0.017388454637164,0.025288053567013,66.2033261119877,8.53640630020747e-33,2334,4438951.24312283
gender,Female,1999-2020,21.2,WTMEC.COMBN,age,educ_level,prevent_chd_30yr_base,18394,75871350.5399671,163,gaussian (identity),College graduate or above (Intercept),-0.0588200217815818,0.00126421195049032,3.94939096054558e-94,-0.0612978772045429,-0.0563421663586208,199.157989339587,1.29555377745034e-60,4149,22230996.8207331
gender,Female,1999-2020,21.2,WTMEC.COMBN,age,educ_level,prevent_chd_30yr_base,18394,75871350.5399671,163,gaussian (identity),Some college or AA degree,0.0162105355243817,0.000977849098094141,2.1110668648243e-36,0.0142939512921172,0.0181271197566462,199.157989339587,1.29555377745034e-60,5441,24089574.541636
gender,Female,1999-2020,21.2,WTMEC.COMBN,age,educ_level,prevent_chd_30yr_base,18394,75871350.5399671,163,gaussian (identity),HS graduate or GED,0.0214051370133762,0.00124219285936185,4.06653022535597e-38,0.0189704390090269,0.0238398350177254,199.157989339587,1.29555377745034e-60,4068,17493688.3554238
gender,Female,1999-2020,21.2,WTMEC.COMBN,age,educ_level,prevent_chd_30yr_base,18394,75871350.5399671,163,gaussian (identity),9-11th grade,0.0308571180911944,0.00156238276167797,1.58825288511667e-44,0.0277948478783056,0.0339193883040832,199.157989339587,1.29555377745034e-60,2585,7866956.23741268
gender,Female,1999-2020,21.2,WTMEC.COMBN,age,educ_level,prevent_chd_30yr_base,18394,75871350.5399671,163,gaussian (identity),Less than 9th grade,0.0288864385486711,0.0016965717670583,1.39884620063885e-37,0.0255611578852368,0.0322117192121053,199.157989339587,1.29555377745034e-60,2151,4190134.58476149
gender,Male,1999-2020,21.2,WTMEC.COMBN,age,educ_level,prevent_chd_30yr_hba1c,17868,71894871.4596386,163,gaussian (identity),College graduate or above (Intercept),-0.0364000791427377,0.00154738687222729,1.71630469936017e-53,-0.0394329574123032,-0.0333672008731722,76.7244822910902,4.99080692912576e-36,4262,22507430.841735
gender,Male,1999-2020,21.2,WTMEC.COMBN,age,educ_level,prevent_chd_30yr_hba1c,17868,71894871.4596386,163,gaussian (identity),Some college or AA degree,0.0148977780188737,0.00138428577420173,1.3153209146358e-20,0.0121845779014383,0.0176109781363091,76.7244822910902,4.99080692912576e-36,4558,19925435.8524581
gender,Male,1999-2020,21.2,WTMEC.COMBN,age,educ_level,prevent_chd_30yr_hba1c,17868,71894871.4596386,163,gaussian (identity),HS graduate or GED,0.0167289817505293,0.0015150448854538,2.27368472985242e-21,0.0137594937750399,0.0196984697260188,76.7244822910902,4.99080692912576e-36,4133,17281639.8896273
gender,Male,1999-2020,21.2,WTMEC.COMBN,age,educ_level,prevent_chd_30yr_hba1c,17868,71894871.4596386,163,gaussian (identity),9-11th grade,0.0206226167104297,0.00179430929109016,1.32603710959343e-22,0.017105770499893,0.0241394629209664,76.7244822910902,4.99080692912576e-36,2583,7745692.22463334
gender,Male,1999-2020,21.2,WTMEC.COMBN,age,educ_level,prevent_chd_30yr_hba1c,17868,71894871.4596386,163,gaussian (identity),Less than 9th grade,0.0206402991445118,0.00178821699903008,9.73236222478256e-23,0.0171353938264129,0.0241452044626108,76.7244822910902,4.99080692912576e-36,2332,4434672.65118491
gender,Female,1999-2020,21.2,WTMEC.COMBN,age,educ_level,prevent_chd_30yr_hba1c,18358,75738210.4506882,163,gaussian (identity),College graduate or above (Intercept),-0.059544693191323,0.00118132838231664,2.80664525526189e-99,-0.0618600968206636,-0.0572292895619823,183.847161527129,2.40684029289102e-58,4144,22200008.066738
gender,Female,1999-2020,21.2,WTMEC.COMBN,age,educ_level,prevent_chd_30yr_hba1c,18358,75738210.4506882,163,gaussian (identity),Some college or AA degree,0.0153941378464502,0.00096979730221412,1.55753411017445e-34,0.0134933351341105,0.0172949405587898,183.847161527129,2.40684029289102e-58,5427,24039768.8433005
gender,Female,1999-2020,21.2,WTMEC.COMBN,age,educ_level,prevent_chd_30yr_hba1c,18358,75738210.4506882,163,gaussian (identity),HS graduate or GED,0.0198778474552058,0.00110907912949487,6.58457508067938e-40,0.0177040523613959,0.0220516425490158,183.847161527129,2.40684029289102e-58,4059,17455986.3714827
gender,Female,1999-2020,21.2,WTMEC.COMBN,age,educ_level,prevent_chd_30yr_hba1c,18358,75738210.4506882,163,gaussian (identity),9-11th grade,0.0297050287557601,0.00155996112899023,9.31353802740517e-43,0.0266475049429392,0.0327625525685809,183.847161527129,2.40684029289102e-58,2582,7861931.9301706
gender,Female,1999-2020,21.2,WTMEC.COMBN,age,educ_level,prevent_chd_30yr_hba1c,18358,75738210.4506882,163,gaussian (identity),Less than 9th grade,0.0298741617187274,0.00175214139524095,1.21249495256845e-37,0.0264399645840551,0.0333083588533997,183.847161527129,2.40684029289102e-58,2146,4180515.2389964
gender,Male,1999-2020,21.2,WTMEC.COMBN,age,educ_level,prevent_chd_30yr_uacr,17733,71470684.0274964,163,gaussian (identity),College graduate or above (Intercept),-0.0535947091682978,0.00154763821695736,1.10295609006642e-75,-0.0566280800735343,-0.0505613382630614,77.3201232703808,3.34121760127338e-36,4240,22423284.0717713
gender,Male,1999-2020,21.2,WTMEC.COMBN,age,educ_level,prevent_chd_30yr_uacr,17733,71470684.0274964,163,gaussian (identity),Some college or AA degree,0.0153474545664757,0.00139066775467915,2.35913001681819e-21,0.0126217457673045,0.0180731633656468,77.3201232703808,3.34121760127338e-36,4532,19861663.5710561
gender,Male,1999-2020,21.2,WTMEC.COMBN,age,educ_level,prevent_chd_30yr_uacr,17733,71470684.0274964,163,gaussian (identity),HS graduate or GED,0.0165611434822756,0.00150548372405016,2.94812479411557e-21,0.0136103953831373,0.0195118915814139,77.3201232703808,3.34121760127338e-36,4099,17150261.88268
gender,Male,1999-2020,21.2,WTMEC.COMBN,age,educ_level,prevent_chd_30yr_uacr,17733,71470684.0274964,163,gaussian (identity),9-11th grade,0.0209949272694543,0.00177131180197334,1.37174225785734e-23,0.0175231561375866,0.0244666984013221,77.3201232703808,3.34121760127338e-36,2557,7655799.34705636
gender,Male,1999-2020,21.2,WTMEC.COMBN,age,educ_level,prevent_chd_30yr_uacr,17733,71470684.0274964,163,gaussian (identity),Less than 9th grade,0.0215439373537095,0.0019171645264758,6.65061014285411e-22,0.0177862948818169,0.025301579825602,77.3201232703808,3.34121760127338e-36,2305,4379675.15493262
gender,Female,1999-2020,21.2,WTMEC.COMBN,age,educ_level,prevent_chd_30yr_uacr,18249,75411116.396495,163,gaussian (identity),College graduate or above (Intercept),-0.0630185174353946,0.00120998198536224,2.13140433981018e-101,-0.0653900821267046,-0.0606469527440846,199.563077429378,1.13347893369233e-60,4124,22136548.2207139
gender,Female,1999-2020,21.2,WTMEC.COMBN,age,educ_level,prevent_chd_30yr_uacr,18249,75411116.396495,163,gaussian (identity),Some college or AA degree,0.0150151697405958,0.000956625242455658,4.64197008125668e-34,0.0131401842653827,0.0168901552158089,199.563077429378,1.13347893369233e-60,5407,23969457.356179
gender,Female,1999-2020,21.2,WTMEC.COMBN,age,educ_level,prevent_chd_30yr_uacr,18249,75411116.396495,163,gaussian (identity),HS graduate or GED,0.0197461055823461,0.00122267210846924,2.86275026458433e-35,0.0173496682497464,0.0221425429149458,199.563077429378,1.13347893369233e-60,4032,17356403.865641
gender,Female,1999-2020,21.2,WTMEC.COMBN,age,educ_level,prevent_chd_30yr_uacr,18249,75411116.396495,163,gaussian (identity),9-11th grade,0.0295533546203107,0.00147262658219432,2.59586247153427e-45,0.0266670065192098,0.0324397027214115,199.563077429378,1.13347893369233e-60,2555,7795846.30197664
gender,Female,1999-2020,21.2,WTMEC.COMBN,age,educ_level,prevent_chd_30yr_uacr,18249,75411116.396495,163,gaussian (identity),Less than 9th grade,0.0288238599146711,0.00167627356766279,5.06435286928276e-38,0.0255383637220521,0.0321093561072902,199.563077429378,1.13347893369233e-60,2131,4152860.65198445
gender,Male,1999-2020,21.2,WTMEC.COMBN,age,educ_level,prevent_chd_30yr_full,17714,71410771.1206451,163,gaussian (identity),College graduate or above (Intercept),-0.042006298819001,0.00139802214019353,3.19680230359276e-67,-0.0447464222137803,-0.0392661754242216,83.6976670553566,5.14433986771096e-38,4235,22405747.1571903
gender,Male,1999-2020,21.2,WTMEC.COMBN,age,educ_level,prevent_chd_30yr_full,17714,71410771.1206451,163,gaussian (identity),Some college or AA degree,0.0142246031296292,0.00129727303268745,3.68517669678155e-21,0.0116819479855618,0.0167672582736966,83.6976670553566,5.14433986771096e-38,4525,19841138.3900373
gender,Male,1999-2020,21.2,WTMEC.COMBN,age,educ_level,prevent_chd_30yr_full,17714,71410771.1206451,163,gaussian (identity),HS graduate or GED,0.0151970298749534,0.0013717071549371,1.80189875349952e-21,0.0125084838512767,0.0178855758986301,83.6976670553566,5.14433986771096e-38,4095,17133042.9357511
gender,Male,1999-2020,21.2,WTMEC.COMBN,age,educ_level,prevent_chd_30yr_full,17714,71410771.1206451,163,gaussian (identity),9-11th grade,0.0196881069100616,0.00166496271356468,1.63512372126652e-23,0.0164247799914748,0.0229514338286484,83.6976670553566,5.14433986771096e-38,2556,7655446.07467164
gender,Male,1999-2020,21.2,WTMEC.COMBN,age,educ_level,prevent_chd_30yr_full,17714,71410771.1206451,163,gaussian (identity),Less than 9th grade,0.0207863115256116,0.00172015792687972,3.18196044830097e-24,0.0174148019889273,0.0241578210622958,83.6976670553566,5.14433986771096e-38,2303,4375396.5629947
gender,Female,1999-2020,21.2,WTMEC.COMBN,age,educ_level,prevent_chd_30yr_full,18215,75282696.8533044,163,gaussian (identity),College graduate or above (Intercept),-0.061080288041695,0.00112377883515359,3.58614983973667e-104,-0.063282894558596,-0.0588776815247939,178.585855376321,1.57436979968242e-57,4119,22105559.4667188
gender,Female,1999-2020,21.2,WTMEC.COMBN,age,educ_level,prevent_chd_30yr_full,18215,75282696.8533044,163,gaussian (identity),Some college or AA degree,0.0138954880016358,0.000924218370857803,2.77140256366093e-32,0.0120840199947545,0.0157069560085171,178.585855376321,1.57436979968242e-57,5393,23919651.6578435
gender,Female,1999-2020,21.2,WTMEC.COMBN,age,educ_level,prevent_chd_30yr_full,18215,75282696.8533044,163,gaussian (identity),HS graduate or GED,0.0178191561962423,0.0010865140144301,6.21185094651258e-36,0.0156895887279593,0.0199487236645253,178.585855376321,1.57436979968242e-57,4024,17322307.5526168
gender,Female,1999-2020,21.2,WTMEC.COMBN,age,educ_level,prevent_chd_30yr_full,18215,75282696.8533044,163,gaussian (identity),9-11th grade,0.0274214718505051,0.00144251778181164,1.12579159859626e-42,0.0245941369981543,0.0302488067028559,178.585855376321,1.57436979968242e-57,2552,7790821.99473457
gender,Female,1999-2020,21.2,WTMEC.COMBN,age,educ_level,prevent_chd_30yr_full,18215,75282696.8533044,163,gaussian (identity),Less than 9th grade,0.0288887729522366,0.00166993176716101,2.7098807531503e-38,0.0256157066886011,0.0321618392158722,178.585855376321,1.57436979968242e-57,2127,4144356.18139077
gender,Male,1999-2020,21.2,WTMEC.COMBN,age,educ_level,prevent_stroke_10yr_base,17887,71954784.3664899,163,gaussian (identity),College graduate or above (Intercept),-0.0527679781398867,0.000584513862256928,7.24801734304411e-138,-0.0539136253099102,-0.0516223309698631,103.912719255776,3.35717751603386e-43,4267,22524967.756316
gender,Male,1999-2020,21.2,WTMEC.COMBN,age,educ_level,prevent_stroke_10yr_base,17887,71954784.3664899,163,gaussian (identity),Some college or AA degree,0.00479639204986572,0.000420226635618053,2.18918731137962e-22,0.00397274784405434,0.0056200362556771,103.912719255776,3.35717751603386e-43,4565,19945961.0334768
gender,Male,1999-2020,21.2,WTMEC.COMBN,age,educ_level,prevent_stroke_10yr_base,17887,71954784.3664899,163,gaussian (identity),HS graduate or GED,0.0058552818454336,0.000496826087757026,2.0995257700296e-23,0.00488150271342983,0.00682906097743737,103.912719255776,3.35717751603386e-43,4137,17298858.8365562
gender,Male,1999-2020,21.2,WTMEC.COMBN,age,educ_level,prevent_stroke_10yr_base,17887,71954784.3664899,163,gaussian (identity),9-11th grade,0.00844940737195335,0.000597521464646739,7.3642925300777e-30,0.00727826530124574,0.00962054944266096,103.912719255776,3.35717751603386e-43,2584,7746045.49701806
gender,Male,1999-2020,21.2,WTMEC.COMBN,age,educ_level,prevent_stroke_10yr_base,17887,71954784.3664899,163,gaussian (identity),Less than 9th grade,0.00891826642223584,0.00057002596443584,6.34000592167871e-34,0.0078010155319416,0.0100355173125301,103.912719255776,3.35717751603386e-43,2334,4438951.24312283
gender,Female,1999-2020,21.2,WTMEC.COMBN,age,educ_level,prevent_stroke_10yr_base,18394,75871350.5399671,163,gaussian (identity),College graduate or above (Intercept),-0.0500631015205041,0.00054412183499204,3.81529161748751e-139,-0.0511295803170885,-0.0489966227239197,220.798116428728,1.38530038587663e-63,4149,22230996.8207331
gender,Female,1999-2020,21.2,WTMEC.COMBN,age,educ_level,prevent_stroke_10yr_base,18394,75871350.5399671,163,gaussian (identity),Some college or AA degree,0.00604190584781808,0.000375135936945058,3.74813273119253e-35,0.00530663941140577,0.0067771722842304,220.798116428728,1.38530038587663e-63,5441,24089574.541636
gender,Female,1999-2020,21.2,WTMEC.COMBN,age,educ_level,prevent_stroke_10yr_base,18394,75871350.5399671,163,gaussian (identity),HS graduate or GED,0.00806173422486013,0.000489380926476798,3.98241469191364e-36,0.00710254760896561,0.00902092084075466,220.798116428728,1.38530038587663e-63,4068,17493688.3554238
gender,Female,1999-2020,21.2,WTMEC.COMBN,age,educ_level,prevent_stroke_10yr_base,18394,75871350.5399671,163,gaussian (identity),9-11th grade,0.0128393579233478,0.000565864495446312,1.4084197451691e-51,0.0117302635122731,0.0139484523344226,220.798116428728,1.38530038587663e-63,2585,7866956.23741268
gender,Female,1999-2020,21.2,WTMEC.COMBN,age,educ_level,prevent_stroke_10yr_base,18394,75871350.5399671,163,gaussian (identity),Less than 9th grade,0.0132795172002449,0.00072521041399601,6.64455457075528e-41,0.0118581047888127,0.0147009296116771,220.798116428728,1.38530038587663e-63,2151,4190134.58476149
gender,Male,1999-2020,21.2,WTMEC.COMBN,age,educ_level,prevent_stroke_10yr_hba1c,17868,71894871.4596386,163,gaussian (identity),College graduate or above (Intercept),-0.0540479843158183,0.000585909860806974,2.55082491497116e-139,-0.0551963676429999,-0.0528996009886366,128.224447778402,1.50034397557191e-48,4262,22507430.841735
gender,Male,1999-2020,21.2,WTMEC.COMBN,age,educ_level,prevent_stroke_10yr_hba1c,17868,71894871.4596386,163,gaussian (identity),Some college or AA degree,0.00479300296947114,0.000392212855349845,1.34273838575207e-24,0.00402426577298545,0.00556174016595684,128.224447778402,1.50034397557191e-48,4558,19925435.8524581
gender,Male,1999-2020,21.2,WTMEC.COMBN,age,educ_level,prevent_stroke_10yr_hba1c,17868,71894871.4596386,163,gaussian (identity),HS graduate or GED,0.00616727395324103,0.000467911641167192,3.10832497789502e-27,0.00525016713655333,0.00708438076992872,128.224447778402,1.50034397557191e-48,4133,17281639.8896273
gender,Male,1999-2020,21.2,WTMEC.COMBN,age,educ_level,prevent_stroke_10yr_hba1c,17868,71894871.4596386,163,gaussian (identity),9-11th grade,0.00896392058021739,0.000582006085134922,2.85172097570711e-33,0.00782318865335295,0.0101046525070818,128.224447778402,1.50034397557191e-48,2583,7745692.22463334
gender,Male,1999-2020,21.2,WTMEC.COMBN,age,educ_level,prevent_stroke_10yr_hba1c,17868,71894871.4596386,163,gaussian (identity),Less than 9th grade,0.00918266096578151,0.000505173544633822,1.46314156874026e-40,0.00819252081829922,0.0101728011132638,128.224447778402,1.50034397557191e-48,2332,4434672.65118491
gender,Female,1999-2020,21.2,WTMEC.COMBN,age,educ_level,prevent_stroke_10yr_hba1c,18358,75738210.4506882,163,gaussian (identity),College graduate or above (Intercept),-0.0499477292407457,0.000487495156547385,2.09081217431218e-146,-0.0509032197475786,-0.0489922387339128,220.213280593872,1.65403258424562e-63,4144,22200008.066738
gender,Female,1999-2020,21.2,WTMEC.COMBN,age,educ_level,prevent_stroke_10yr_hba1c,18358,75738210.4506882,163,gaussian (identity),Some college or AA degree,0.00550356674353861,0.000337151212465053,9.90577104455207e-36,0.0048427503671071,0.00616438311997011,220.213280593872,1.65403258424562e-63,5427,24039768.8433005
gender,Female,1999-2020,21.2,WTMEC.COMBN,age,educ_level,prevent_stroke_10yr_hba1c,18358,75738210.4506882,163,gaussian (identity),HS graduate or GED,0.00739015116746867,0.000410594250628723,4.20212715781553e-40,0.00658538643623638,0.00819491589870097,220.213280593872,1.65403258424562e-63,4059,17455986.3714827
gender,Female,1999-2020,21.2,WTMEC.COMBN,age,educ_level,prevent_stroke_10yr_hba1c,18358,75738210.4506882,163,gaussian (identity),9-11th grade,0.0119403563494709,0.000530571915824449,3.7919267862497e-51,0.010900435394455,0.0129802773044869,220.213280593872,1.65403258424562e-63,2582,7861931.9301706
gender,Female,1999-2020,21.2,WTMEC.COMBN,age,educ_level,prevent_stroke_10yr_hba1c,18358,75738210.4506882,163,gaussian (identity),Less than 9th grade,0.0125162410006696,0.000637830141874979,3.28008149408069e-44,0.0112660939225946,0.0137663880787445,220.213280593872,1.65403258424562e-63,2146,4180515.2389964
gender,Male,1999-2020,21.2,WTMEC.COMBN,age,educ_level,prevent_stroke_10yr_uacr,17733,71470684.0274964,163,gaussian (identity),College graduate or above (Intercept),-0.0527721097151737,0.000675565511774867,3.73083832376406e-128,-0.0540962181182525,-0.051448001312095,98.1384999184443,8.49346738339833e-42,4240,22423284.0717713
gender,Male,1999-2020,21.2,WTMEC.COMBN,age,educ_level,prevent_stroke_10yr_uacr,17733,71470684.0274964,163,gaussian (identity),Some college or AA degree,0.00497553181346949,0.000448988585323712,1.77127813981406e-21,0.00409551418623501,0.00585554944070397,98.1384999184443,8.49346738339833e-42,4532,19861663.5710561
gender,Male,1999-2020,21.2,WTMEC.COMBN,age,educ_level,prevent_stroke_10yr_uacr,17733,71470684.0274964,163,gaussian (identity),HS graduate or GED,0.00568743460027959,0.000482221951197485,1.98538101838852e-23,0.00474227957593252,0.00663258962462666,98.1384999184443,8.49346738339833e-42,4099,17150261.88268
gender,Male,1999-2020,21.2,WTMEC.COMBN,age,educ_level,prevent_stroke_10yr_uacr,17733,71470684.0274964,163,gaussian (identity),9-11th grade,0.00912719704614393,0.00067383213394881,3.11384939311955e-28,0.00780648606360427,0.0104479080286836,98.1384999184443,8.49346738339833e-42,2557,7655799.34705636
gender,Male,1999-2020,21.2,WTMEC.COMBN,age,educ_level,prevent_stroke_10yr_uacr,17733,71470684.0274964,163,gaussian (identity),Less than 9th grade,0.00960998323685458,0.000626268352437476,4.05541487333037e-33,0.00838249726607713,0.010837469207632,98.1384999184443,8.49346738339833e-42,2305,4379675.15493262
gender,Female,1999-2020,21.2,WTMEC.COMBN,age,educ_level,prevent_stroke_10yr_uacr,18249,75411116.396495,163,gaussian (identity),College graduate or above (Intercept),-0.0505223324993591,0.000646894768958111,3.84807441826148e-128,-0.051790246246517,-0.0492544187522012,193.889204613447,7.52415277827151e-60,4124,22136548.2207139
gender,Female,1999-2020,21.2,WTMEC.COMBN,age,educ_level,prevent_stroke_10yr_uacr,18249,75411116.396495,163,gaussian (identity),Some college or AA degree,0.005573301143056,0.000394741647611428,8.44882519469169e-30,0.0047996075137376,0.0063469947723744,193.889204613447,7.52415277827151e-60,5407,23969457.356179
gender,Female,1999-2020,21.2,WTMEC.COMBN,age,educ_level,prevent_stroke_10yr_uacr,18249,75411116.396495,163,gaussian (identity),HS graduate or GED,0.00744381501325096,0.000521592316017801,3.2485005020825e-30,0.00642149407385607,0.00846613595264585,193.889204613447,7.52415277827151e-60,4032,17356403.865641
gender,Female,1999-2020,21.2,WTMEC.COMBN,age,educ_level,prevent_stroke_10yr_uacr,18249,75411116.396495,163,gaussian (identity),9-11th grade,0.0125187018756699,0.000589794810310167,4.00221311023008e-48,0.0113627040474619,0.0136746997038778,193.889204613447,7.52415277827151e-60,2555,7795846.30197664
gender,Female,1999-2020,21.2,WTMEC.COMBN,age,educ_level,prevent_stroke_10yr_uacr,18249,75411116.396495,163,gaussian (identity),Less than 9th grade,0.0139846604244974,0.000824598136834158,2.09515167815854e-37,0.0123684480763025,0.0156008727726924,193.889204613447,7.52415277827151e-60,2131,4152860.65198445
gender,Male,1999-2020,21.2,WTMEC.COMBN,age,educ_level,prevent_stroke_10yr_full,17714,71410771.1206451,163,gaussian (identity),College graduate or above (Intercept),-0.0518764445470016,0.000658090859586,9.19663917422764e-129,-0.0531663026317902,-0.0505865864622131,114.077128220665,1.5389035314644e-45,4235,22405747.1571903
gender,Male,1999-2020,21.2,WTMEC.COMBN,age,educ_level,prevent_stroke_10yr_full,17714,71410771.1206451,163,gaussian (identity),Some college or AA degree,0.00466893191994199,0.000406663549923398,1.43277393905435e-22,0.00387187136209213,0.00546599247779185,114.077128220665,1.5389035314644e-45,4525,19841138.3900373
gender,Male,1999-2020,21.2,WTMEC.COMBN,age,educ_level,prevent_stroke_10yr_full,17714,71410771.1206451,163,gaussian (identity),HS graduate or GED,0.0055561345103319,0.000440667295329872,1.15410959706705e-25,0.00469242661148535,0.00641984240917844,114.077128220665,1.5389035314644e-45,4095,17133042.9357511
gender,Male,1999-2020,21.2,WTMEC.COMBN,age,educ_level,prevent_stroke_10yr_full,17714,71410771.1206451,163,gaussian (identity),9-11th grade,0.00877664715691588,0.000603654943407353,6.08017020544377e-31,0.00759348346783747,0.00995981084599429,114.077128220665,1.5389035314644e-45,2556,7655446.07467164
gender,Male,1999-2020,21.2,WTMEC.COMBN,age,educ_level,prevent_stroke_10yr_full,17714,71410771.1206451,163,gaussian (identity),Less than 9th grade,0.00898460179056496,0.000532293436800684,3.40288050092491e-37,0.00794130665443562,0.0100278969266943,114.077128220665,1.5389035314644e-45,2303,4375396.5629947
gender,Female,1999-2020,21.2,WTMEC.COMBN,age,educ_level,prevent_stroke_10yr_full,18215,75282696.8533044,163,gaussian (identity),College graduate or above (Intercept),-0.0503827313476066,0.000584507483764038,9.34795721309965e-135,-0.0515283660157841,-0.0492370966794291,181.738020619909,5.08280555794851e-58,4119,22105559.4667188
gender,Female,1999-2020,21.2,WTMEC.COMBN,age,educ_level,prevent_stroke_10yr_full,18215,75282696.8533044,163,gaussian (identity),Some college or AA degree,0.00505510104557202,0.000368289413918074,9.98087819007914e-29,0.00433325379429259,0.00577694829685144,181.738020619909,5.08280555794851e-58,5393,23919651.6578435
gender,Female,1999-2020,21.2,WTMEC.COMBN,age,educ_level,prevent_stroke_10yr_full,18215,75282696.8533044,163,gaussian (identity),HS graduate or GED,0.00674262200476074,0.000452721748024624,6.67313491662182e-32,0.00585528737863247,0.007629956630889,181.738020619909,5.08280555794851e-58,4024,17322307.5526168
gender,Female,1999-2020,21.2,WTMEC.COMBN,age,educ_level,prevent_stroke_10yr_full,18215,75282696.8533044,163,gaussian (identity),9-11th grade,0.0115518800646175,0.000566006052126468,3.784155777999e-46,0.0104425082024496,0.0126612519267854,181.738020619909,5.08280555794851e-58,2552,7790821.99473457
gender,Female,1999-2020,21.2,WTMEC.COMBN,age,educ_level,prevent_stroke_10yr_full,18215,75282696.8533044,163,gaussian (identity),Less than 9th grade,0.0133235040801784,0.000726552486619812,5.67847812346243e-41,0.0118994612064035,0.0147475469539532,181.738020619909,5.08280555794851e-58,2127,4144356.18139077
gender,Male,1999-2020,21.2,WTMEC.COMBN,age,educ_level,prevent_stroke_30yr_base,17887,71954784.3664899,163,gaussian (identity),College graduate or above (Intercept),-0.0276849945395035,0.00114834076280581,8.1992039479454e-55,-0.0299357424346029,-0.0254342466444041,64.4530412312281,3.16112945239944e-32,4267,22524967.756316
gender,Male,1999-2020,21.2,WTMEC.COMBN,age,educ_level,prevent_stroke_30yr_base,17887,71954784.3664899,163,gaussian (identity),Some college or AA degree,0.00888819205803578,0.000833283039633685,2.39244375975161e-20,0.00725495730035376,0.0105214268157178,64.4530412312281,3.16112945239944e-32,4565,19945961.0334768
gender,Male,1999-2020,21.2,WTMEC.COMBN,age,educ_level,prevent_stroke_30yr_base,17887,71954784.3664899,163,gaussian (identity),HS graduate or GED,0.0100955768456555,0.000909807701469666,1.61454250816884e-21,0.00831235375077499,0.0118787999405361,64.4530412312281,3.16112945239944e-32,4137,17298858.8365562
gender,Male,1999-2020,21.2,WTMEC.COMBN,age,educ_level,prevent_stroke_30yr_base,17887,71954784.3664899,163,gaussian (identity),9-11th grade,0.0122305413831285,0.00107925393331488,3.6565344383544e-22,0.0101152036738313,0.0143458790924256,64.4530412312281,3.16112945239944e-32,2584,7746045.49701806
gender,Male,1999-2020,21.2,WTMEC.COMBN,age,educ_level,prevent_stroke_30yr_base,17887,71954784.3664899,163,gaussian (identity),Less than 9th grade,0.00943619215185345,0.00107069840966608,2.08595561890908e-15,0.00733762326890793,0.011534761034799,64.4530412312281,3.16112945239944e-32,2334,4438951.24312283
gender,Female,1999-2020,21.2,WTMEC.COMBN,age,educ_level,prevent_stroke_30yr_base,18394,75871350.5399671,163,gaussian (identity),College graduate or above (Intercept),-0.0436401128565882,0.00102366610819156,1.43423573740706e-88,-0.0456464984286437,-0.0416337272845328,191.611344883208,1.62966462748489e-59,4149,22230996.8207331
gender,Female,1999-2020,21.2,WTMEC.COMBN,age,educ_level,prevent_stroke_30yr_base,18394,75871350.5399671,163,gaussian (identity),Some college or AA degree,0.0127984927187054,0.000742279275882893,3.81994985404516e-38,0.0113436253379749,0.0142533600994359,191.611344883208,1.62966462748489e-59,5441,24089574.541636
gender,Female,1999-2020,21.2,WTMEC.COMBN,age,educ_level,prevent_stroke_30yr_base,18394,75871350.5399671,163,gaussian (identity),HS graduate or GED,0.01620738120709,0.00105051394759545,2.42404098125416e-33,0.0141483738698029,0.0182663885443771,191.611344883208,1.62966462748489e-59,4068,17493688.3554238
gender,Female,1999-2020,21.2,WTMEC.COMBN,age,educ_level,prevent_stroke_30yr_base,18394,75871350.5399671,163,gaussian (identity),9-11th grade,0.0235796682026373,0.00121150824995495,8.21324892003618e-44,0.0212051120327255,0.025954224372549,191.611344883208,1.62966462748489e-59,2585,7866956.23741268
gender,Female,1999-2020,21.2,WTMEC.COMBN,age,educ_level,prevent_stroke_30yr_base,18394,75871350.5399671,163,gaussian (identity),Less than 9th grade,0.0210955041950675,0.00137505363655298,4.13770509681611e-33,0.0184003990674236,0.0237906093227113,191.611344883208,1.62966462748489e-59,2151,4190134.58476149
gender,Male,1999-2020,21.2,WTMEC.COMBN,age,educ_level,prevent_stroke_30yr_hba1c,17868,71894871.4596386,163,gaussian (identity),College graduate or above (Intercept),-0.0270686150454401,0.0010553316523918,3.33404855067384e-58,-0.029137065084128,-0.0250001650067522,75.1093389161305,1.49692307968689e-35,4262,22507430.841735
gender,Male,1999-2020,21.2,WTMEC.COMBN,age,educ_level,prevent_stroke_30yr_hba1c,17868,71894871.4596386,163,gaussian (identity),Some college or AA degree,0.00830934408403129,0.000741681267772627,8.23758932193295e-22,0.00685564879919694,0.00976303936886564,75.1093389161305,1.49692307968689e-35,4558,19925435.8524581
gender,Male,1999-2020,21.2,WTMEC.COMBN,age,educ_level,prevent_stroke_30yr_hba1c,17868,71894871.4596386,163,gaussian (identity),HS graduate or GED,0.00988596449808497,0.000818862387550334,3.41439175574982e-24,0.00828099421848632,0.0114909347776836,75.1093389161305,1.49692307968689e-35,4133,17281639.8896273
gender,Male,1999-2020,21.2,WTMEC.COMBN,age,educ_level,prevent_stroke_30yr_hba1c,17868,71894871.4596386,163,gaussian (identity),9-11th grade,0.0119678622938559,0.000954229584617677,1.75794233283087e-25,0.0100975723080053,0.0138381522797066,75.1093389161305,1.49692307968689e-35,2583,7745692.22463334
gender,Male,1999-2020,21.2,WTMEC.COMBN,age,educ_level,prevent_stroke_30yr_hba1c,17868,71894871.4596386,163,gaussian (identity),Less than 9th grade,0.00867405600342201,0.000937330732045279,1.4633967623677e-16,0.00683688776861327,0.0105112242382308,75.1093389161305,1.49692307968689e-35,2332,4434672.65118491
gender,Female,1999-2020,21.2,WTMEC.COMBN,age,educ_level,prevent_stroke_30yr_hba1c,18358,75738210.4506882,163,gaussian (identity),College graduate or above (Intercept),-0.0431424078901007,0.00092089512362202,1.43218826717934e-94,-0.0449473623323999,-0.0413374534478015,201.566271461708,5.87252501126406e-61,4144,22200008.066738
gender,Female,1999-2020,21.2,WTMEC.COMBN,age,educ_level,prevent_stroke_30yr_hba1c,18358,75738210.4506882,163,gaussian (identity),Some college or AA degree,0.0114759747810267,0.000643605812130474,1.13707157021645e-39,0.010214507389251,0.0127374421728025,201.566271461708,5.87252501126406e-61,5427,24039768.8433005
gender,Female,1999-2020,21.2,WTMEC.COMBN,age,educ_level,prevent_stroke_30yr_hba1c,18358,75738210.4506882,163,gaussian (identity),HS graduate or GED,0.0146180144295943,0.000876934303319819,1.2100692686185e-36,0.0128992231950875,0.0163368056641012,201.566271461708,5.87252501126406e-61,4059,17455986.3714827
gender,Female,1999-2020,21.2,WTMEC.COMBN,age,educ_level,prevent_stroke_30yr_hba1c,18358,75738210.4506882,163,gaussian (identity),9-11th grade,0.0211390264773329,0.00107714805800878,3.24573445750606e-44,0.0190278162836357,0.0232502366710301,201.566271461708,5.87252501126406e-61,2582,7861931.9301706
gender,Female,1999-2020,21.2,WTMEC.COMBN,age,educ_level,prevent_stroke_30yr_hba1c,18358,75738210.4506882,163,gaussian (identity),Less than 9th grade,0.0183786236441709,0.00118028400544812,1.00058538547872e-33,0.0160652669934926,0.0206919802948492,201.566271461708,5.87252501126406e-61,2146,4180515.2389964
gender,Male,1999-2020,21.2,WTMEC.COMBN,age,educ_level,prevent_stroke_30yr_uacr,17733,71470684.0274964,163,gaussian (identity),College graduate or above (Intercept),-0.03659526363519,0.00106071489939785,1.86073055468076e-75,-0.0386742648380098,-0.0345162624323702,80.986861615982,2.95215695238141e-37,4240,22423284.0717713
gender,Male,1999-2020,21.2,WTMEC.COMBN,age,educ_level,prevent_stroke_30yr_uacr,17733,71470684.0274964,163,gaussian (identity),Some college or AA degree,0.00918097258704562,0.000797781417786646,1.20799044308983e-22,0.00761732100818379,0.0107446241659074,80.986861615982,2.95215695238141e-37,4532,19861663.5710561
gender,Male,1999-2020,21.2,WTMEC.COMBN,age,educ_level,prevent_stroke_30yr_uacr,17733,71470684.0274964,163,gaussian (identity),HS graduate or GED,0.0100805103640085,0.000856274302189116,2.27702834917703e-23,0.00840221273171782,0.0117588079962992,80.986861615982,2.95215695238141e-37,4099,17150261.88268
gender,Male,1999-2020,21.2,WTMEC.COMBN,age,educ_level,prevent_stroke_30yr_uacr,17733,71470684.0274964,163,gaussian (identity),9-11th grade,0.0130275596599352,0.00104043264871904,2.00279462761274e-25,0.0109883116684459,0.0150668076514246,80.986861615982,2.95215695238141e-37,2557,7655799.34705636
gender,Male,1999-2020,21.2,WTMEC.COMBN,age,educ_level,prevent_stroke_30yr_uacr,17733,71470684.0274964,163,gaussian (identity),Less than 9th grade,0.0106158987705564,0.00105580580655275,1.07720908431978e-18,0.00854651938971299,0.0126852781513998,80.986861615982,2.95215695238141e-37,2305,4379675.15493262
gender,Female,1999-2020,21.2,WTMEC.COMBN,age,educ_level,prevent_stroke_30yr_uacr,18249,75411116.396495,163,gaussian (identity),College graduate or above (Intercept),-0.0487612134107384,0.0009831036719674,3.07922879028457e-98,-0.0506880966077945,-0.0468343302136823,198.749248677513,1.48292924555985e-60,4124,22136548.2207139
gender,Female,1999-2020,21.2,WTMEC.COMBN,age,educ_level,prevent_stroke_30yr_uacr,18249,75411116.396495,163,gaussian (identity),Some college or AA degree,0.0121487262299335,0.000728884679986053,1.22406330346579e-36,0.0107201122571608,0.0135773402027062,198.749248677513,1.48292924555985e-60,5407,23969457.356179
gender,Female,1999-2020,21.2,WTMEC.COMBN,age,educ_level,prevent_stroke_30yr_uacr,18249,75411116.396495,163,gaussian (identity),HS graduate or GED,0.015379962361467,0.00104949249579304,2.95632476387171e-31,0.0133229570697127,0.0174369676532214,198.749248677513,1.48292924555985e-60,4032,17356403.865641
gender,Female,1999-2020,21.2,WTMEC.COMBN,age,educ_level,prevent_stroke_30yr_uacr,18249,75411116.396495,163,gaussian (identity),9-11th grade,0.0230858131339319,0.00115055462931713,2.64820486482181e-45,0.0208307260604704,0.0253409002073935,198.749248677513,1.48292924555985e-60,2555,7795846.30197664
gender,Female,1999-2020,21.2,WTMEC.COMBN,age,educ_level,prevent_stroke_30yr_uacr,18249,75411116.396495,163,gaussian (identity),Less than 9th grade,0.0215444249059873,0.00137222994369809,4.52003496467775e-34,0.018854854216339,0.0242339955956355,198.749248677513,1.48292924555985e-60,2131,4152860.65198445
gender,Male,1999-2020,21.2,WTMEC.COMBN,age,educ_level,prevent_stroke_30yr_full,17714,71410771.1206451,163,gaussian (identity),College graduate or above (Intercept),-0.0282254860096568,0.000990699248953252,3.88447964178541e-64,-0.0301672565376052,-0.0262837154817085,86.3021060913243,9.94778949210637e-39,4235,22405747.1571903
gender,Male,1999-2020,21.2,WTMEC.COMBN,age,educ_level,prevent_stroke_30yr_full,17714,71410771.1206451,163,gaussian (identity),Some college or AA degree,0.00824280904501822,0.000694834678858623,1.28595234333867e-23,0.00688093307445532,0.00960468501558112,86.3021060913243,9.94778949210637e-39,4525,19841138.3900373
gender,Male,1999-2020,21.2,WTMEC.COMBN,age,educ_level,prevent_stroke_30yr_full,17714,71410771.1206451,163,gaussian (identity),HS graduate or GED,0.00934151603557873,0.000752093170746952,3.78389694540684e-25,0.0078674134209147,0.0108156186502428,86.3021060913243,9.94778949210637e-39,4095,17133042.9357511
gender,Male,1999-2020,21.2,WTMEC.COMBN,age,educ_level,prevent_stroke_30yr_full,17714,71410771.1206451,163,gaussian (identity),9-11th grade,0.0117250590738591,0.000881070748267258,1.39176199320466e-27,0.00999816040725531,0.013451957740463,86.3021060913243,9.94778949210637e-39,2556,7655446.07467164
gender,Male,1999-2020,21.2,WTMEC.COMBN,age,educ_level,prevent_stroke_30yr_full,17714,71410771.1206451,163,gaussian (identity),Less than 9th grade,0.00868804211250802,0.000897951473512517,1.11710579867405e-17,0.00692805722442349,0.0104480270005926,86.3021060913243,9.94778949210637e-39,2303,4375396.5629947
gender,Female,1999-2020,21.2,WTMEC.COMBN,age,educ_level,prevent_stroke_30yr_full,18215,75282696.8533044,163,gaussian (identity),College graduate or above (Intercept),-0.0463097305800325,0.000911850041419819,9.12895942184498e-100,-0.0480969566612154,-0.0445225044988497,197.877727041823,1.97944029021826e-60,4119,22105559.4667188
gender,Female,1999-2020,21.2,WTMEC.COMBN,age,educ_level,prevent_stroke_30yr_full,18215,75282696.8533044,163,gaussian (identity),Some college or AA degree,0.0109494345086011,0.000647699598246113,2.90699667398802e-37,0.00967994329603867,0.0122189257211634,197.877727041823,1.97944029021826e-60,5393,23919651.6578435
gender,Female,1999-2020,21.2,WTMEC.COMBN,age,educ_level,prevent_stroke_30yr_full,18215,75282696.8533044,163,gaussian (identity),HS graduate or GED,0.0138260522381147,0.000900085921985076,3.67363468314109e-33,0.0120618838310239,0.0155902206452054,197.877727041823,1.97944029021826e-60,4024,17322307.5526168
gender,Female,1999-2020,21.2,WTMEC.COMBN,age,educ_level,prevent_stroke_30yr_full,18215,75282696.8533044,163,gaussian (identity),9-11th grade,0.0206408332433268,0.00105031942771828,2.78172358074537e-44,0.018582207164999,0.0226994593216546,197.877727041823,1.97944029021826e-60,2552,7790821.99473457
gender,Female,1999-2020,21.2,WTMEC.COMBN,age,educ_level,prevent_stroke_30yr_full,18215,75282696.8533044,163,gaussian (identity),Less than 9th grade,0.0191660922382109,0.0012041867046389,1.198717881698e-34,0.0168058862971186,0.0215262981793031,197.877727041823,1.97944029021826e-60,2127,4144356.18139077
