strata_var,strata_level,cycle_yrs,n_yrs.,survweight.,model_covars,exposure,outcome,n_total_raw,n_total_weighted,model_df,model_type,exp_level,beta,se,pval,low95CI,up95CI,fstat,f_pval,n_exp_raw,n_exp_weighted
racethn_combn,NHW,1999-2020,21.2,WTMEC.COMBN,age+gender,employ_status,fib4,23819,144314823.710614,162,gaussian (identity),Full-time employed (Intercept),-0.313179000551887,0.0146666229718662,2.70033356907114e-48,-0.341925581576745,-0.284432419527029,39.0555870382021,6.53020124598529e-19,10070,76542478.5208498
racethn_combn,NHW,1999-2020,21.2,WTMEC.COMBN,age+gender,employ_status,fib4,23819,144314823.710614,162,gaussian (identity),Part-time employed,0.0557484446875828,0.012485336801166,1.52170133837157e-05,0.0312771845572974,0.0802197048178681,39.0555870382021,6.53020124598529e-19,2569,15458172.392219
racethn_combn,NHW,1999-2020,21.2,WTMEC.COMBN,age+gender,employ_status,fib4,23819,144314823.710614,162,gaussian (identity),Student,0.114493098444292,0.0127663403725933,8.54179930847101e-16,0.0894710713140088,0.139515125574575,39.0555870382021,6.53020124598529e-19,444,2387191.1832464
racethn_combn,NHW,1999-2020,21.2,WTMEC.COMBN,age+gender,employ_status,fib4,23819,144314823.710614,162,gaussian (identity),Unemployed,0.10812849191033,0.0144194983498143,4.45345777464491e-12,0.0798662751446935,0.136390708675966,39.0555870382021,6.53020124598529e-19,10736,49926981.6142986
racethn_combn,Other/Multi-Racial/NHAsian,1999-2020,21.2,WTMEC.COMBN,age+gender,employ_status,fib4,1291,6215342.10515256,85,gaussian (identity),Full-time employed (Intercept),-0.254898880167625,0.0386422210495426,4.18337877005368e-09,-0.330637633424729,-0.179160126910522,4.05100406449531,0.00982341222985198,618,3538707.62600363
racethn_combn,Other/Multi-Racial/NHAsian,1999-2020,21.2,WTMEC.COMBN,age+gender,employ_status,fib4,1291,6215342.10515256,85,gaussian (identity),Part-time employed,0.0417816440477589,0.0242843895029165,0.0892048969149596,-0.00581575937795747,0.0893790474734753,4.05100406449531,0.00982341222985198,138,582541.333805011
racethn_combn,Other/Multi-Racial/NHAsian,1999-2020,21.2,WTMEC.COMBN,age+gender,employ_status,fib4,1291,6215342.10515256,85,gaussian (identity),Student,0.0603185574586544,0.0306088068062203,0.0522255042712016,0.00032529611846261,0.120311818798846,4.05100406449531,0.00982341222985198,66,213307.790191464
racethn_combn,Other/Multi-Racial/NHAsian,1999-2020,21.2,WTMEC.COMBN,age+gender,employ_status,fib4,1291,6215342.10515256,85,gaussian (identity),Unemployed,0.130147986259556,0.0471611592567403,0.00717093939049764,0.0377121141163447,0.222583858402767,4.05100406449531,0.00982341222985198,469,1880785.35515245
racethn_combn,NHB,1999-2020,21.2,WTMEC.COMBN,age+gender,employ_status,fib4,11768,22891104.1888606,153,gaussian (identity),Full-time employed (Intercept),-0.301058256814919,0.016985551514532,2.01249621685575e-38,-0.334349937783402,-0.267766575846437,33.9180961740477,9.59051944701539e-17,5307,11784444.0090505
racethn_combn,NHB,1999-2020,21.2,WTMEC.COMBN,age+gender,employ_status,fib4,11768,22891104.1888606,153,gaussian (identity),Part-time employed,0.109015356805266,0.0216135168215781,1.31721019226072e-06,0.0666528638349731,0.151377849775559,33.9180961740477,9.59051944701539e-17,1106,2107602.52219487
racethn_combn,NHB,1999-2020,21.2,WTMEC.COMBN,age+gender,employ_status,fib4,11768,22891104.1888606,153,gaussian (identity),Student,0.0981224631649801,0.0153695271880226,2.09552454495013e-09,0.0679981898764557,0.128246736453504,33.9180961740477,9.59051944701539e-17,448,680056.212664149
racethn_combn,NHB,1999-2020,21.2,WTMEC.COMBN,age+gender,employ_status,fib4,11768,22891104.1888606,153,gaussian (identity),Unemployed,0.109306306635259,0.0136129343036367,2.80097211005504e-13,0.0826249554001311,0.135987657870387,33.9180961740477,9.59051944701539e-17,4907,8319001.4449511
racethn_combn,Mexican-American,1999-2020,21.2,WTMEC.COMBN,age+gender,employ_status,fib4,10068,17856242.3038894,146,gaussian (identity),Full-time employed (Intercept),-0.258359777821887,0.0189534432363967,1.61749837832649e-27,-0.295508526565225,-0.221211029078549,11.7995235890322,6.07814861432452e-07,4951,10413080.3474248
racethn_combn,Mexican-American,1999-2020,21.2,WTMEC.COMBN,age+gender,employ_status,fib4,10068,17856242.3038894,146,gaussian (identity),Part-time employed,0.0238004709280213,0.014201980731673,0.0959825484811753,-0.00403541130605784,0.0516363531621005,11.7995235890322,6.07814861432452e-07,956,1738187.08254787
racethn_combn,Mexican-American,1999-2020,21.2,WTMEC.COMBN,age+gender,employ_status,fib4,10068,17856242.3038894,146,gaussian (identity),Student,0.0786913423604069,0.0144523582306605,2.2400011866167e-07,0.0503647202283124,0.107017964492501,11.7995235890322,6.07814861432452e-07,297,422603.292604679
racethn_combn,Mexican-American,1999-2020,21.2,WTMEC.COMBN,age+gender,employ_status,fib4,10068,17856242.3038894,146,gaussian (identity),Unemployed,0.0762516848445446,0.0174091430000757,2.29949360628706e-05,0.0421297645643962,0.110373605124693,11.7995235890322,6.07814861432452e-07,3864,5282371.58131198
racethn_combn,Other Hispanic,1999-2020,21.2,WTMEC.COMBN,age+gender,employ_status,fib4,4655,12466806.03775,138,gaussian (identity),Full-time employed (Intercept),-0.285611883813364,0.0397258225734904,4.22124159902163e-11,-0.363474496057405,-0.207749271569322,8.48939871964057,3.35150221081465e-05,2225,6985863.03638694
racethn_combn,Other Hispanic,1999-2020,21.2,WTMEC.COMBN,age+gender,employ_status,fib4,4655,12466806.03775,138,gaussian (identity),Part-time employed,0.0745277055512569,0.0223100885843343,0.00108549118653973,0.0307999319259616,0.118255479176552,8.48939871964057,3.35150221081465e-05,453,1170281.41403694
racethn_combn,Other Hispanic,1999-2020,21.2,WTMEC.COMBN,age+gender,employ_status,fib4,4655,12466806.03775,138,gaussian (identity),Student,0.07783906984906,0.0302356588260672,0.0111353514460805,0.0185771785499683,0.137100961148152,8.48939871964057,3.35150221081465e-05,128,339248.909705941
racethn_combn,Other Hispanic,1999-2020,21.2,WTMEC.COMBN,age+gender,employ_status,fib4,4655,12466806.03775,138,gaussian (identity),Unemployed,0.0614427091652398,0.0159953809641799,0.000188660736614779,0.0300917624754472,0.0927936558550324,8.48939871964057,3.35150221081465e-05,1849,3971412.67762013
racethn_combn,NHAsian,1999-2020,21.2,WTMEC.COMBN,age+gender,employ_status,fib4,2943,5352205.53757081,70,gaussian (identity),Full-time employed (Intercept),-0.405623776187808,0.113316622222311,0.000657100329754607,-0.627724355743537,-0.183523196632079,4.19661704840378,0.00890803793744158,1548,2887579.55150162
racethn_combn,NHAsian,1999-2020,21.2,WTMEC.COMBN,age+gender,employ_status,fib4,2943,5352205.53757081,70,gaussian (identity),Part-time employed,0.0583946582141563,0.025067616421605,0.0229512860126469,0.00926213002781058,0.107527186400502,4.19661704840378,0.00890803793744158,337,616145.045056529
racethn_combn,NHAsian,1999-2020,21.2,WTMEC.COMBN,age+gender,employ_status,fib4,2943,5352205.53757081,70,gaussian (identity),Student,0.159230085734102,0.0453908983070543,0.000824712162994226,0.070263925052276,0.248196246415929,4.19661704840378,0.00890803793744158,162,243324.483135566
racethn_combn,NHAsian,1999-2020,21.2,WTMEC.COMBN,age+gender,employ_status,fib4,2943,5352205.53757081,70,gaussian (identity),Unemployed,0.123097231293585,0.042161331420837,0.00481064938791787,0.0404610217087442,0.205733440878425,4.19661704840378,0.00890803793744158,896,1605156.45787709
racethn_combn,Other/Multi-Racial,1999-2020,21.2,WTMEC.COMBN,age+gender,employ_status,fib4,937,3379989.57418075,71,gaussian (identity),Full-time employed (Intercept),-0.295480179220253,0.0524440840085763,3.92894591695078e-07,-0.398270583877062,-0.192689774563444,1.86754226095553,0.143645400035463,411,1653915.67492162
racethn_combn,Other/Multi-Racial,1999-2020,21.2,WTMEC.COMBN,age+gender,employ_status,fib4,937,3379989.57418075,71,gaussian (identity),Part-time employed,0.0888337106999292,0.0474752770230567,0.0657568501552364,-0.00421783226526189,0.18188525366512,1.86754226095553,0.143645400035463,127,445245.953999906
racethn_combn,Other/Multi-Racial,1999-2020,21.2,WTMEC.COMBN,age+gender,employ_status,fib4,937,3379989.57418075,71,gaussian (identity),Student,0.0927737590359219,0.061355441946841,0.135289665656137,-0.0274829071798864,0.21303042525173,1.86754226095553,0.143645400035463,36,87299.4174854151
racethn_combn,Other/Multi-Racial,1999-2020,21.2,WTMEC.COMBN,age+gender,employ_status,fib4,937,3379989.57418075,71,gaussian (identity),Unemployed,0.0616204173860354,0.0498293724821889,0.220607575734699,-0.0360451526790548,0.159285987451126,1.86754226095553,0.143645400035463,363,1193528.52777381
racethn_combn,NHW,1999-2020,21.2,WTMEC.COMBN,age+gender,employ_status,fib4_mod_vs_low,22760,140339214.884737,162,quasibinomial (logit),Full-time employed (Intercept),-5.39486858086086,0.0882282912103856,2.1250252231426e-111,-5.56779603163322,-5.22194113008851,15.8015975781272,4.98856651469578e-09,9982,76022238.2660227
racethn_combn,NHW,1999-2020,21.2,WTMEC.COMBN,age+gender,employ_status,fib4_mod_vs_low,22760,140339214.884737,162,quasibinomial (logit),Part-time employed,-0.184162794784972,0.0989758441191394,0.0646590579828491,-0.378155449258485,0.00982985968854147,15.8015975781272,4.98856651469578e-09,2511,15189722.8412151
racethn_combn,NHW,1999-2020,21.2,WTMEC.COMBN,age+gender,employ_status,fib4_mod_vs_low,22760,140339214.884737,162,quasibinomial (logit),Student,-1.42522073284604,0.570066508621641,0.0134431503653665,-2.54255108974446,-0.307890375947627,15.8015975781272,4.98856651469578e-09,443,2384824.52025762
racethn_combn,NHW,1999-2020,21.2,WTMEC.COMBN,age+gender,employ_status,fib4_mod_vs_low,22760,140339214.884737,162,quasibinomial (logit),Unemployed,-0.464316551526409,0.0725136118212009,1.67939960859155e-09,-0.606443230695963,-0.322189872356855,15.8015975781272,4.98856651469578e-09,9824,46742429.2572415
racethn_combn,Other/Multi-Racial/NHAsian,1999-2020,21.2,WTMEC.COMBN,age+gender,employ_status,fib4_mod_vs_low,1262,6122794.36880586,85,quasibinomial (logit),Full-time employed (Intercept),-5.77555694800129,0.417274514788712,6.1729017435748e-23,-6.59341499698717,-4.95769889901541,856.656494663803,1.10916419254536e-60,614,3521045.59128118
racethn_combn,Other/Multi-Racial/NHAsian,1999-2020,21.2,WTMEC.COMBN,age+gender,employ_status,fib4_mod_vs_low,1262,6122794.36880586,85,quasibinomial (logit),Part-time employed,-0.199580766281299,0.431285023499015,0.644793849695691,-1.04489941233937,0.645737879776772,856.656494663803,1.10916419254536e-60,138,582541.333805011
racethn_combn,Other/Multi-Racial/NHAsian,1999-2020,21.2,WTMEC.COMBN,age+gender,employ_status,fib4_mod_vs_low,1262,6122794.36880586,85,quasibinomial (logit),Student,-13.5772942497821,0.268655921484424,1.79491650526246e-62,-14.1038598558915,-13.0507286436726,856.656494663803,1.10916419254536e-60,66,213307.790191464
racethn_combn,Other/Multi-Racial/NHAsian,1999-2020,21.2,WTMEC.COMBN,age+gender,employ_status,fib4_mod_vs_low,1262,6122794.36880586,85,quasibinomial (logit),Unemployed,-0.435406608815467,0.373534818839959,0.247224185353548,-1.16753485374179,0.296721636110854,856.656494663803,1.10916419254536e-60,444,1805899.65352821
racethn_combn,NHB,1999-2020,21.2,WTMEC.COMBN,age+gender,employ_status,fib4_mod_vs_low,11372,22299133.2183656,152,quasibinomial (logit),Full-time employed (Intercept),-5.65719956858244,0.107459316102658,2.73652269835098e-97,-5.86781982814364,-5.44657930902123,6.59764792173759,0.000325811726940288,5256,11695084.9301631
racethn_combn,NHB,1999-2020,21.2,WTMEC.COMBN,age+gender,employ_status,fib4_mod_vs_low,11372,22299133.2183656,152,quasibinomial (logit),Part-time employed,0.0357345022559955,0.104949335757328,0.733971480502904,-0.169966195828367,0.241435200340358,6.59764792173759,0.000325811726940288,1074,2057127.18053002
racethn_combn,NHB,1999-2020,21.2,WTMEC.COMBN,age+gender,employ_status,fib4_mod_vs_low,11372,22299133.2183656,152,quasibinomial (logit),Student,-1.22969339795597,0.57688836358593,0.0347027558518545,-2.36039459058439,-0.0989922053275474,6.59764792173759,0.000325811726940288,448,680056.212664149
racethn_combn,NHB,1999-2020,21.2,WTMEC.COMBN,age+gender,employ_status,fib4_mod_vs_low,11372,22299133.2183656,152,quasibinomial (logit),Unemployed,-0.264856909897543,0.0740911494843143,0.000474762096521999,-0.410075562886799,-0.119638256908287,6.59764792173759,0.000325811726940288,4594,7866864.89500827
racethn_combn,Mexican-American,1999-2020,21.2,WTMEC.COMBN,age+gender,employ_status,fib4_mod_vs_low,9852,17601336.6331595,146,quasibinomial (logit),Full-time employed (Intercept),-6.72590011001007,0.169142888907311,1.66138417223578e-78,-7.0574201722684,-6.39438004775174,2250.22227132434,7.80745808496031e-119,4907,10339024.0530158
racethn_combn,Mexican-American,1999-2020,21.2,WTMEC.COMBN,age+gender,employ_status,fib4_mod_vs_low,9852,17601336.6331595,146,quasibinomial (logit),Part-time employed,-0.42879133224108,0.18934459698788,0.0250618433766249,-0.799906742337324,-0.0576759221448357,2250.22227132434,7.80745808496031e-119,945,1728625.59112825
racethn_combn,Mexican-American,1999-2020,21.2,WTMEC.COMBN,age+gender,employ_status,fib4_mod_vs_low,9852,17601336.6331595,146,quasibinomial (logit),Student,-13.3894698933278,0.166011974099474,7.25355483969882e-120,-13.7148533625628,-13.0640864240928,2250.22227132434,7.80745808496031e-119,297,422603.292604679
racethn_combn,Mexican-American,1999-2020,21.2,WTMEC.COMBN,age+gender,employ_status,fib4_mod_vs_low,9852,17601336.6331595,146,quasibinomial (logit),Unemployed,-0.398350029415784,0.115254529998242,0.000724120693454362,-0.624248908212338,-0.172451150619231,2250.22227132434,7.80745808496031e-119,3703,5111083.69641076
racethn_combn,Other Hispanic,1999-2020,21.2,WTMEC.COMBN,age+gender,employ_status,fib4_mod_vs_low,4537,12268709.4697823,137,quasibinomial (logit),Full-time employed (Intercept),-6.34921804114668,0.252066791257247,2.90069647710092e-52,-6.84326895201088,-5.85516713028247,7.30681730604958,0.000143262897625395,2203,6947652.00184236
racethn_combn,Other Hispanic,1999-2020,21.2,WTMEC.COMBN,age+gender,employ_status,fib4_mod_vs_low,4537,12268709.4697823,137,quasibinomial (logit),Part-time employed,0.0871871577364587,0.185117112388008,0.638429731452607,-0.275642382544038,0.450016698016955,7.30681730604958,0.000143262897625395,448,1153616.64395185
racethn_combn,Other Hispanic,1999-2020,21.2,WTMEC.COMBN,age+gender,employ_status,fib4_mod_vs_low,4537,12268709.4697823,137,quasibinomial (logit),Student,-1.91710825671915,0.732142201265237,0.00986454261042154,-3.35210697119901,-0.482109542239283,7.30681730604958,0.000143262897625395,128,339248.909705941
racethn_combn,Other Hispanic,1999-2020,21.2,WTMEC.COMBN,age+gender,employ_status,fib4_mod_vs_low,4537,12268709.4697823,137,quasibinomial (logit),Unemployed,-0.533923519160106,0.135532437526277,0.000131667732023547,-0.799567096711609,-0.268279941608603,7.30681730604958,0.000143262897625395,1758,3828191.91428215
racethn_combn,NHAsian,1999-2020,21.2,WTMEC.COMBN,age+gender,employ_status,fib4_mod_vs_low,2873,5242921.47446628,70,quasibinomial (logit),Full-time employed (Intercept),-5.7440543835735,0.264800242248099,1.79828460587742e-31,-6.26306285837977,-5.22504590876723,1.60718506741401,0.19625064324189,1531,2861703.80258362
racethn_combn,NHAsian,1999-2020,21.2,WTMEC.COMBN,age+gender,employ_status,fib4_mod_vs_low,2873,5242921.47446628,70,quasibinomial (logit),Part-time employed,-0.14578435349242,0.206761107481743,0.483275778711752,-0.551036124156636,0.259467417171796,1.60718506741401,0.19625064324189,331,606353.946057076
racethn_combn,NHAsian,1999-2020,21.2,WTMEC.COMBN,age+gender,employ_status,fib4_mod_vs_low,2873,5242921.47446628,70,quasibinomial (logit),Student,-0.122432618584946,0.633256927979282,0.847297159055129,-1.36361619742434,1.11875096025445,1.60718506741401,0.19625064324189,162,243324.483135566
racethn_combn,NHAsian,1999-2020,21.2,WTMEC.COMBN,age+gender,employ_status,fib4_mod_vs_low,2873,5242921.47446628,70,quasibinomial (logit),Unemployed,-0.238910557902563,0.109795623374813,0.0331993530495213,-0.454109979717196,-0.023711136087929,1.60718506741401,0.19625064324189,849,1531539.24269002
racethn_combn,Other/Multi-Racial,1999-2020,21.2,WTMEC.COMBN,age+gender,employ_status,fib4_mod_vs_low,912,3303218.57227406,71,quasibinomial (logit),Full-time employed (Intercept),-6.18186444022587,0.529674721212193,1.06287752004038e-17,-7.22002689380177,-5.14370198664997,0.819695080541396,0.487613187368496,409,1636470.1666306
racethn_combn,Other/Multi-Racial,1999-2020,21.2,WTMEC.COMBN,age+gender,employ_status,fib4_mod_vs_low,912,3303218.57227406,71,quasibinomial (logit),Part-time employed,0.000946226977511246,0.582097269655714,0.998707904425313,-1.13996442154769,1.14185687550271,0.819695080541396,0.487613187368496,123,434204.730512717
racethn_combn,Other/Multi-Racial,1999-2020,21.2,WTMEC.COMBN,age+gender,employ_status,fib4_mod_vs_low,912,3303218.57227406,71,quasibinomial (logit),Student,0.214600735094713,0.997169421059411,0.830267316972929,-1.73985133018173,2.16905280037116,0.819695080541396,0.487613187368496,36,87299.4174854151
racethn_combn,Other/Multi-Racial,1999-2020,21.2,WTMEC.COMBN,age+gender,employ_status,fib4_mod_vs_low,912,3303218.57227406,71,quasibinomial (logit),Unemployed,-0.5849192999458,0.387160787270583,0.135614810508618,-1.34375444299614,0.173915843104543,0.819695080541396,0.487613187368496,344,1145244.25764532
racethn_combn,NHW,1999-2020,21.2,WTMEC.COMBN,age+gender,employ_status,fib4_high_vs_low,20106,122815490.092256,162,quasibinomial (logit),Full-time employed (Intercept),-10.3823984995861,0.333074392706144,3.86719461642164e-69,-11.0352243092901,-9.72957268988204,3.88821820021775,0.0102701103574072,8909,67063396.5768354
racethn_combn,NHW,1999-2020,21.2,WTMEC.COMBN,age+gender,employ_status,fib4_high_vs_low,20106,122815490.092256,162,quasibinomial (logit),Part-time employed,0.210912912141569,0.247944331920468,0.396261360867521,-0.275057978422549,0.696883802705687,3.88821820021775,0.0102701103574072,2267,13461393.7209528
racethn_combn,NHW,1999-2020,21.2,WTMEC.COMBN,age+gender,employ_status,fib4_high_vs_low,20106,122815490.092256,162,quasibinomial (logit),Student,-0.0380326061968908,0.938311197955703,0.967719664575997,-1.87712255419007,1.80105734179629,3.88821820021775,0.0102701103574072,440,2366605.87370308
racethn_combn,NHW,1999-2020,21.2,WTMEC.COMBN,age+gender,employ_status,fib4_high_vs_low,20106,122815490.092256,162,quasibinomial (logit),Unemployed,0.546071676615584,0.191610878602582,0.00496060242264688,0.170514354554522,0.921628998676645,3.88821820021775,0.0102701103574072,8490,39924093.9207649
racethn_combn,Other/Multi-Racial/NHAsian,1999-2020,21.2,WTMEC.COMBN,age+gender,employ_status,fib4_high_vs_low,1160,5642155.91186388,84,quasibinomial (logit),Full-time employed (Intercept),-10.4421079851778,0.98623670490772,8.13118917860427e-17,-12.3751319267969,-8.50908404355863,713.000483564685,4.34452890050151e-57,564,3244051.41512203
racethn_combn,Other/Multi-Racial/NHAsian,1999-2020,21.2,WTMEC.COMBN,age+gender,employ_status,fib4_high_vs_low,1160,5642155.91186388,84,quasibinomial (logit),Part-time employed,-14.9874977112064,0.572977245370992,1.16654673092786e-40,-16.1105331121336,-13.8644623102793,713.000483564685,4.34452890050151e-57,129,546243.985266049
racethn_combn,Other/Multi-Racial/NHAsian,1999-2020,21.2,WTMEC.COMBN,age+gender,employ_status,fib4_high_vs_low,1160,5642155.91186388,84,quasibinomial (logit),Student,-13.2684439647047,0.655648790769455,5.41630556273045e-33,-14.5535155946129,-11.9833723347966,713.000483564685,4.34452890050151e-57,66,213307.790191464
racethn_combn,Other/Multi-Racial/NHAsian,1999-2020,21.2,WTMEC.COMBN,age+gender,employ_status,fib4_high_vs_low,1160,5642155.91186388,84,quasibinomial (logit),Unemployed,0.957712680207193,0.706373403841216,0.179020700592706,-0.426779191321591,2.34220455173598,713.000483564685,4.34452890050151e-57,401,1638552.72128434
racethn_combn,NHB,1999-2020,21.2,WTMEC.COMBN,age+gender,employ_status,fib4_high_vs_low,9903,19744300.1634596,150,quasibinomial (logit),Full-time employed (Intercept),-8.89776540572255,0.271889029134749,7.76024103639906e-69,-9.43066790282666,-8.36486290861844,1559.31872242024,4.33798386513735e-110,4575,10378478.1935068
racethn_combn,NHB,1999-2020,21.2,WTMEC.COMBN,age+gender,employ_status,fib4_high_vs_low,9903,19744300.1634596,150,quasibinomial (logit),Part-time employed,1.05027405199004,0.255386817964164,6.530647161304e-05,0.549715888780275,1.5508322151998,1559.31872242024,4.33798386513735e-110,964,1868669.15775378
racethn_combn,NHB,1999-2020,21.2,WTMEC.COMBN,age+gender,employ_status,fib4_high_vs_low,9903,19744300.1634596,150,quasibinomial (logit),Student,-12.2776463382714,0.207739017056321,2.3236159458974e-103,-12.6848148117017,-11.870477864841,1559.31872242024,4.33798386513735e-110,444,672324.538071105
racethn_combn,NHB,1999-2020,21.2,WTMEC.COMBN,age+gender,employ_status,fib4_high_vs_low,9903,19744300.1634596,150,quasibinomial (logit),Unemployed,0.952798166566007,0.185173057007007,8.5267045815716e-07,0.589858974832273,1.31573735829974,1559.31872242024,4.33798386513735e-110,3920,6824828.27412793
racethn_combn,Mexican-American,1999-2020,21.2,WTMEC.COMBN,age+gender,employ_status,fib4_high_vs_low,9004,16499237.7138618,145,quasibinomial (logit),Full-time employed (Intercept),-8.84644827939495,0.375869017446762,1.63143902863582e-50,-9.5831515535906,-8.10974500519929,979.00042001095,1.06507181525196e-93,4523,9727173.55219749
racethn_combn,Mexican-American,1999-2020,21.2,WTMEC.COMBN,age+gender,employ_status,fib4_high_vs_low,9004,16499237.7138618,145,quasibinomial (logit),Part-time employed,-0.251294990872566,0.397216387457914,0.528000662231917,-1.02983911029008,0.527249128544946,979.00042001095,1.06507181525196e-93,898,1663705.89790885
racethn_combn,Mexican-American,1999-2020,21.2,WTMEC.COMBN,age+gender,employ_status,fib4_high_vs_low,9004,16499237.7138618,145,quasibinomial (logit),Student,-12.2077757655334,0.225754557256989,1.06009421492147e-95,-12.6502546977571,-11.7652968333097,979.00042001095,1.06507181525196e-93,297,422603.292604679
racethn_combn,Mexican-American,1999-2020,21.2,WTMEC.COMBN,age+gender,employ_status,fib4_high_vs_low,9004,16499237.7138618,145,quasibinomial (logit),Unemployed,0.592264603609409,0.310702607055212,0.0586722953090579,-0.0167125062188056,1.20124171343762,979.00042001095,1.06507181525196e-93,3286,4685754.97115081
racethn_combn,Other Hispanic,1999-2020,21.2,WTMEC.COMBN,age+gender,employ_status,fib4_high_vs_low,4033,11349569.1880175,134,quasibinomial (logit),Full-time employed (Intercept),-11.4974546920974,0.748697393664911,6.56594161420005e-31,-12.9649015836806,-10.0300078005141,78.6845707977316,5.34440382442928e-29,1958,6439899.00221098
racethn_combn,Other Hispanic,1999-2020,21.2,WTMEC.COMBN,age+gender,employ_status,fib4_high_vs_low,4033,11349569.1880175,134,quasibinomial (logit),Part-time employed,0.576154950084402,0.598515461322328,0.337529204795456,-0.596935354107361,1.74924525427616,78.6845707977316,5.34440382442928e-29,400,1076021.65294202
racethn_combn,Other Hispanic,1999-2020,21.2,WTMEC.COMBN,age+gender,employ_status,fib4_high_vs_low,4033,11349569.1880175,134,quasibinomial (logit),Student,-13.3870838057124,0.970499578897384,3.71871519174464e-27,-15.2892629803513,-11.4849046310735,78.6845707977316,5.34440382442928e-29,126,337959.502454526
racethn_combn,Other Hispanic,1999-2020,21.2,WTMEC.COMBN,age+gender,employ_status,fib4_high_vs_low,4033,11349569.1880175,134,quasibinomial (logit),Unemployed,-0.0517059414428788,0.371484467986422,0.889519161513682,-0.779815498696265,0.676403615810507,78.6845707977316,5.34440382442928e-29,1549,3495689.03040992
racethn_combn,NHAsian,1999-2020,21.2,WTMEC.COMBN,age+gender,employ_status,fib4_high_vs_low,2447,4520615.69974106,70,quasibinomial (logit),Full-time employed (Intercept),-9.79685052179426,0.74444818273059,5.37933928683621e-20,-11.2559689599462,-8.33773208364231,314.352068966667,1.27573159812719e-38,1326,2528155.46612625
racethn_combn,NHAsian,1999-2020,21.2,WTMEC.COMBN,age+gender,employ_status,fib4_high_vs_low,2447,4520615.69974106,70,quasibinomial (logit),Part-time employed,0.242596589778077,0.554520037272928,0.663206748691973,-0.844262683276862,1.32945586283302,314.352068966667,1.27573159812719e-38,293,546559.578503453
racethn_combn,NHAsian,1999-2020,21.2,WTMEC.COMBN,age+gender,employ_status,fib4_high_vs_low,2447,4520615.69974106,70,quasibinomial (logit),Student,-13.2235585534095,0.475578606106903,8.37292178370921e-38,-14.155692621379,-12.29142448544,314.352068966667,1.27573159812719e-38,158,235044.773127057
racethn_combn,NHAsian,1999-2020,21.2,WTMEC.COMBN,age+gender,employ_status,fib4_high_vs_low,2447,4520615.69974106,70,quasibinomial (logit),Unemployed,0.0255944171128171,0.412915024030855,0.950765217756437,-0.783719029987659,0.834907864213293,314.352068966667,1.27573159812719e-38,670,1210855.8819843
racethn_combn,Other/Multi-Racial,1999-2020,21.2,WTMEC.COMBN,age+gender,employ_status,fib4_high_vs_low,821,2943568.33475859,71,quasibinomial (logit),Full-time employed (Intercept),-8.80636872647678,0.991786425536988,7.12575043653182e-13,-10.7502701205293,-6.86246733242428,113.85982428878,4.86867085092991e-26,372,1476033.89986843
racethn_combn,Other/Multi-Racial,1999-2020,21.2,WTMEC.COMBN,age+gender,employ_status,fib4_high_vs_low,821,2943568.33475859,71,quasibinomial (logit),Part-time employed,0.935928365430297,1.14766897162869,0.417717331702733,-1.31350281896193,3.18535954982252,113.85982428878,4.86867085092991e-26,116,396624.263557208
racethn_combn,Other/Multi-Racial,1999-2020,21.2,WTMEC.COMBN,age+gender,employ_status,fib4_high_vs_low,821,2943568.33475859,71,quasibinomial (logit),Student,-12.1730731893729,0.905915890114649,1.46992490881875e-20,-13.9486683339976,-10.3974780447482,113.85982428878,4.86867085092991e-26,35,85268.5501076793
racethn_combn,Other/Multi-Racial,1999-2020,21.2,WTMEC.COMBN,age+gender,employ_status,fib4_high_vs_low,821,2943568.33475859,71,quasibinomial (logit),Unemployed,0.50791810985118,1.09157266379544,0.643242214608248,-1.63156431118788,2.64740053089024,113.85982428878,4.86867085092991e-26,298,985641.621225264
racethn_combn,NHW,1999-2020,21.2,WTMEC.COMBN,age+gender,employ_status,prevent_cvd_10yr_base,15804,104294356.645491,162,gaussian (identity),Full-time employed (Intercept),-0.18134184589212,0.00191730143299578,2.45592895647793e-140,-0.185099756700792,-0.177583935083449,164.80733562432,2.70932120130379e-48,7340,57861598.7746399
racethn_combn,NHW,1999-2020,21.2,WTMEC.COMBN,age+gender,employ_status,prevent_cvd_10yr_base,15804,104294356.645491,162,gaussian (identity),Part-time employed,0.00514027326633651,0.0016825638423045,0.00264483151175522,0.0018424481354197,0.00843809839725332,164.80733562432,2.70932120130379e-48,1574,10160076.1206335
racethn_combn,NHW,1999-2020,21.2,WTMEC.COMBN,age+gender,employ_status,prevent_cvd_10yr_base,15804,104294356.645491,162,gaussian (identity),Student,0.0145104476312496,0.00576263739687765,0.0128035521072856,0.00321567833336938,0.0258052169291298,164.80733562432,2.70932120130379e-48,54,257311.534320359
racethn_combn,NHW,1999-2020,21.2,WTMEC.COMBN,age+gender,employ_status,prevent_cvd_10yr_base,15804,104294356.645491,162,gaussian (identity),Unemployed,0.0248619785569337,0.00118197960537691,1.56148149541264e-47,0.0225452985303949,0.0271786585834724,164.80733562432,2.70932120130379e-48,6836,36015370.2158972
racethn_combn,NHB,1999-2020,21.2,WTMEC.COMBN,age+gender,employ_status,prevent_cvd_10yr_base,7705,14990590.6849992,148,gaussian (identity),Full-time employed (Intercept),-0.188732991399226,0.00294579603105711,3.34009162414445e-107,-0.194506751620098,-0.182959231178354,56.7104758627484,3.26566030745051e-24,3746,8191034.4883923
racethn_combn,NHB,1999-2020,21.2,WTMEC.COMBN,age+gender,employ_status,prevent_cvd_10yr_base,7705,14990590.6849992,148,gaussian (identity),Part-time employed,0.0102548692441946,0.00341959492929247,0.00319717908248429,0.00355246318278139,0.0169572753056079,56.7104758627484,3.26566030745051e-24,552,1066402.48631594
racethn_combn,NHB,1999-2020,21.2,WTMEC.COMBN,age+gender,employ_status,prevent_cvd_10yr_base,7705,14990590.6849992,148,gaussian (identity),Student,0.00897703222334673,0.00931435419678682,0.336780856792742,-0.00927910200235544,0.0272331664490489,56.7104758627484,3.26566030745051e-24,46,109513.252616623
racethn_combn,NHB,1999-2020,21.2,WTMEC.COMBN,age+gender,employ_status,prevent_cvd_10yr_base,7705,14990590.6849992,148,gaussian (identity),Unemployed,0.0278985164637228,0.00214967255025094,6.10664664929787e-26,0.0236851582652309,0.0321118746622146,56.7104758627484,3.26566030745051e-24,3361,5623640.45767434
racethn_combn,Mexican-American,1999-2020,21.2,WTMEC.COMBN,age+gender,employ_status,prevent_cvd_10yr_base,6231,10680212.6820149,134,gaussian (identity),Full-time employed (Intercept),-0.1875476558264,0.00341096927856211,2.12390711215459e-91,-0.194233155612382,-0.180862156040419,43.8239061085916,1.35200865647278e-19,3166,6481726.90394723
racethn_combn,Mexican-American,1999-2020,21.2,WTMEC.COMBN,age+gender,employ_status,prevent_cvd_10yr_base,6231,10680212.6820149,134,gaussian (identity),Part-time employed,0.00259539727427998,0.00423039213668296,0.540617989225558,-0.00569617131361863,0.0108869658621786,43.8239061085916,1.35200865647278e-19,448,802970.447069453
racethn_combn,Mexican-American,1999-2020,21.2,WTMEC.COMBN,age+gender,employ_status,prevent_cvd_10yr_base,6231,10680212.6820149,134,gaussian (identity),Student,0.0143904349561416,0.0139686916116037,0.304847530147792,-0.0129882006026016,0.0417690705148848,43.8239061085916,1.35200865647278e-19,17,35592.8770029811
racethn_combn,Mexican-American,1999-2020,21.2,WTMEC.COMBN,age+gender,employ_status,prevent_cvd_10yr_base,6231,10680212.6820149,134,gaussian (identity),Unemployed,0.0208157041586621,0.00183295311544078,3.80372712338072e-21,0.0172231160523981,0.024408292264926,43.8239061085916,1.35200865647278e-19,2600,3359922.45399525
racethn_combn,Other Hispanic,1999-2020,21.2,WTMEC.COMBN,age+gender,employ_status,prevent_cvd_10yr_base,3200,8021369.28767066,130,gaussian (identity),Full-time employed (Intercept),-0.186333471500848,0.00421428420672334,3.50362322135086e-78,-0.194593468546026,-0.178073474455671,25.2188828157523,7.94798594514809e-13,1563,4615443.63379145
racethn_combn,Other Hispanic,1999-2020,21.2,WTMEC.COMBN,age+gender,employ_status,prevent_cvd_10yr_base,3200,8021369.28767066,130,gaussian (identity),Part-time employed,0.00672667346748077,0.00452486244001725,0.139637728559596,-0.00214205691495303,0.0155954038499146,25.2188828157523,7.94798594514809e-13,271,643889.562633094
racethn_combn,Other Hispanic,1999-2020,21.2,WTMEC.COMBN,age+gender,employ_status,prevent_cvd_10yr_base,3200,8021369.28767066,130,gaussian (identity),Student,-0.00475943635831491,0.0110297351987717,0.666841209347646,-0.0263777173479075,0.0168588446312777,25.2188828157523,7.94798594514809e-13,11,35742.8507209245
racethn_combn,Other Hispanic,1999-2020,21.2,WTMEC.COMBN,age+gender,employ_status,prevent_cvd_10yr_base,3200,8021369.28767066,130,gaussian (identity),Unemployed,0.0247180501129006,0.00287487028297084,2.82317577053333e-14,0.0190833043582778,0.0303527958675234,25.2188828157523,7.94798594514809e-13,1355,2726293.24052519
racethn_combn,Other/Multi-Racial/NHAsian,1999-2020,21.2,WTMEC.COMBN,age+gender,employ_status,prevent_cvd_10yr_base,772,4008693.09402991,73,gaussian (identity),Full-time employed (Intercept),-0.184860839600781,0.00975176860863895,7.56932604187897e-29,-0.203974306073714,-0.165747373127849,6.76361238527562,0.000464826504643057,403,2434673.05067255
racethn_combn,Other/Multi-Racial/NHAsian,1999-2020,21.2,WTMEC.COMBN,age+gender,employ_status,prevent_cvd_10yr_base,772,4008693.09402991,73,gaussian (identity),Part-time employed,-0.0135290616552315,0.00769308679968215,0.0831446526354873,-0.0286075117826085,0.0015493884721455,6.76361238527562,0.000464826504643057,59,289899.758545377
racethn_combn,Other/Multi-Racial/NHAsian,1999-2020,21.2,WTMEC.COMBN,age+gender,employ_status,prevent_cvd_10yr_base,772,4008693.09402991,73,gaussian (identity),Student,-0.0136872108445441,0.0072611469931731,0.0637045328907812,-0.0279190589511634,0.000544637262075159,6.76361238527562,0.000464826504643057,7,18029.0025528302
racethn_combn,Other/Multi-Racial/NHAsian,1999-2020,21.2,WTMEC.COMBN,age+gender,employ_status,prevent_cvd_10yr_base,772,4008693.09402991,73,gaussian (identity),Unemployed,0.0184169546713429,0.00576384524752121,0.00211917507167487,0.00711981798620131,0.0297140913564844,6.76361238527562,0.000464826504643057,303,1266091.28225915
racethn_combn,NHAsian,1999-2020,21.2,WTMEC.COMBN,age+gender,employ_status,prevent_cvd_10yr_base,2011,3588963.70190915,66,gaussian (identity),Full-time employed (Intercept),-0.198386180467984,0.00537669127727214,2.00401350004724e-43,-0.208924495371437,-0.187847865564531,18.4975886323996,1.19313514737282e-08,1147,2045351.58412945
racethn_combn,NHAsian,1999-2020,21.2,WTMEC.COMBN,age+gender,employ_status,prevent_cvd_10yr_base,2011,3588963.70190915,66,gaussian (identity),Part-time employed,0.00245237462274295,0.00393717498324956,0.535687358113345,-0.00526448834442619,0.0101692375899121,18.4975886323996,1.19313514737282e-08,189,342329.631672943
racethn_combn,NHAsian,1999-2020,21.2,WTMEC.COMBN,age+gender,employ_status,prevent_cvd_10yr_base,2011,3588963.70190915,66,gaussian (identity),Student,0.00830541646490465,0.00854639767070559,0.334986306553967,-0.0084455229696783,0.0250563558994876,18.4975886323996,1.19313514737282e-08,18,31387.5494484717
racethn_combn,NHAsian,1999-2020,21.2,WTMEC.COMBN,age+gender,employ_status,prevent_cvd_10yr_base,2011,3588963.70190915,66,gaussian (identity),Unemployed,0.0224316856838912,0.0032249551599143,2.7614160475868e-09,0.0161107735704592,0.0287525977973232,18.4975886323996,1.19313514737282e-08,657,1169894.93665828
racethn_combn,Other/Multi-Racial,1999-2020,21.2,WTMEC.COMBN,age+gender,employ_status,prevent_cvd_10yr_base,567,2270467.9633047,62,gaussian (identity),Full-time employed (Intercept),-0.178547002358389,0.0118552530125587,1.58345925099372e-21,-0.201783298263004,-0.155310706453774,3.20564135302368,0.0297855645818279,266,1170880.81103051
racethn_combn,Other/Multi-Racial,1999-2020,21.2,WTMEC.COMBN,age+gender,employ_status,prevent_cvd_10yr_base,567,2270467.9633047,62,gaussian (identity),Part-time employed,-0.00446432604657702,0.0104218873538594,0.670002980930744,-0.0248912252601414,0.0159625731669873,3.20564135302368,0.0297855645818279,65,243820.89357751
racethn_combn,Other/Multi-Racial,1999-2020,21.2,WTMEC.COMBN,age+gender,employ_status,prevent_cvd_10yr_base,567,2270467.9633047,62,gaussian (identity),Student,0.0629719963026054,0.0361574392394651,0.0869721129194869,-0.00789658460674622,0.133840577211957,3.20564135302368,0.0297855645818279,3,8867.34842875472
racethn_combn,Other/Multi-Racial,1999-2020,21.2,WTMEC.COMBN,age+gender,employ_status,prevent_cvd_10yr_base,567,2270467.9633047,62,gaussian (identity),Unemployed,0.0220802624487155,0.0098066548268231,0.0282212131405638,0.00285921898814217,0.0413013059092887,3.20564135302368,0.0297855645818279,233,846898.910267925
racethn_combn,NHW,1999-2020,21.2,WTMEC.COMBN,age+gender,employ_status,prevent_cvd_10yr_hba1c,15788,104192519.360674,162,gaussian (identity),Full-time employed (Intercept),-0.181744547196227,0.00183764345020669,2.4862771610456e-143,-0.185346328358632,-0.178142766033822,169.780652979802,4.59565052436354e-49,7332,57798237.9796719
racethn_combn,NHW,1999-2020,21.2,WTMEC.COMBN,age+gender,employ_status,prevent_cvd_10yr_hba1c,15788,104192519.360674,162,gaussian (identity),Part-time employed,0.00426338518810629,0.00157288233017196,0.0074645374611425,0.00118053582096924,0.00734623455524334,169.780652979802,4.59565052436354e-49,1574,10160076.1206335
racethn_combn,NHW,1999-2020,21.2,WTMEC.COMBN,age+gender,employ_status,prevent_cvd_10yr_hba1c,15788,104192519.360674,162,gaussian (identity),Student,0.0160134729549719,0.00613136403826773,0.00988246269360165,0.00399599943996711,0.0280309464699766,169.780652979802,4.59565052436354e-49,54,257311.534320359
racethn_combn,NHW,1999-2020,21.2,WTMEC.COMBN,age+gender,employ_status,prevent_cvd_10yr_hba1c,15788,104192519.360674,162,gaussian (identity),Unemployed,0.0240568399548917,0.00114519207014472,1.81629055541753e-47,0.0218122634974081,0.0263014164123754,169.780652979802,4.59565052436354e-49,6828,35976893.7260482
racethn_combn,NHB,1999-2020,21.2,WTMEC.COMBN,age+gender,employ_status,prevent_cvd_10yr_hba1c,7681,14945154.7945039,148,gaussian (identity),Full-time employed (Intercept),-0.189443267156304,0.00298432201224636,1.19694485809232e-106,-0.195292538300307,-0.183593996012301,55.2033973934399,9.18269409193875e-24,3735,8166416.44904045
racethn_combn,NHB,1999-2020,21.2,WTMEC.COMBN,age+gender,employ_status,prevent_cvd_10yr_hba1c,7681,14945154.7945039,148,gaussian (identity),Part-time employed,0.00915503385993428,0.00344877599539511,0.0088406900844956,0.00239543290895985,0.0159146348109087,55.2033973934399,9.18269409193875e-24,548,1055678.53362991
racethn_combn,NHB,1999-2020,21.2,WTMEC.COMBN,age+gender,employ_status,prevent_cvd_10yr_hba1c,7681,14945154.7945039,148,gaussian (identity),Student,0.00755028245032691,0.00872547024059706,0.388315139268076,-0.00955163922124333,0.0246522041218972,55.2033973934399,9.18269409193875e-24,46,109513.252616623
racethn_combn,NHB,1999-2020,21.2,WTMEC.COMBN,age+gender,employ_status,prevent_cvd_10yr_hba1c,7681,14945154.7945039,148,gaussian (identity),Unemployed,0.0264179261004329,0.00205717525435434,1.38185833256841e-25,0.0223858626018984,0.0304499895989674,55.2033973934399,9.18269409193875e-24,3352,5613546.55921693
racethn_combn,Mexican-American,1999-2020,21.2,WTMEC.COMBN,age+gender,employ_status,prevent_cvd_10yr_hba1c,6226,10669632.6671354,134,gaussian (identity),Full-time employed (Intercept),-0.188896738009775,0.00348676174922607,1.32629571768651e-90,-0.195730791038258,-0.182062684981291,40.3125463621909,1.89889210894346e-18,3163,6475680.21401364
racethn_combn,Mexican-American,1999-2020,21.2,WTMEC.COMBN,age+gender,employ_status,prevent_cvd_10yr_hba1c,6226,10669632.6671354,134,gaussian (identity),Part-time employed,0.00485945621157039,0.0054988454549204,0.37848978243108,-0.00591828088007359,0.0156371933032144,40.3125463621909,1.89889210894346e-18,447,799238.933436623
racethn_combn,Mexican-American,1999-2020,21.2,WTMEC.COMBN,age+gender,employ_status,prevent_cvd_10yr_hba1c,6226,10669632.6671354,134,gaussian (identity),Student,0.0112747034224023,0.0114043526400257,0.32469414624702,-0.0110778277520481,0.0336272345968528,40.3125463621909,1.89889210894346e-18,17,35592.8770029811
racethn_combn,Mexican-American,1999-2020,21.2,WTMEC.COMBN,age+gender,employ_status,prevent_cvd_10yr_hba1c,6226,10669632.6671354,134,gaussian (identity),Unemployed,0.0211652074412664,0.00194537173999924,5.81464343718593e-20,0.0173522788308679,0.0249781360516649,40.3125463621909,1.89889210894346e-18,2599,3359120.64268213
racethn_combn,Other Hispanic,1999-2020,21.2,WTMEC.COMBN,age+gender,employ_status,prevent_cvd_10yr_hba1c,3194,8002234.87135283,130,gaussian (identity),Full-time employed (Intercept),-0.188427028294989,0.0040937130637455,3.07251573643134e-80,-0.19645070589993,-0.180403350690048,22.0853290545559,1.53123839914425e-11,1559,4599925.26336155
racethn_combn,Other Hispanic,1999-2020,21.2,WTMEC.COMBN,age+gender,employ_status,prevent_cvd_10yr_hba1c,3194,8002234.87135283,130,gaussian (identity),Part-time employed,0.00775774346463103,0.00492848343945623,0.118000568814013,-0.00190208407670318,0.0174175710059652,22.0853290545559,1.53123839914425e-11,271,643889.562633094
racethn_combn,Other Hispanic,1999-2020,21.2,WTMEC.COMBN,age+gender,employ_status,prevent_cvd_10yr_hba1c,3194,8002234.87135283,130,gaussian (identity),Student,-0.00619797152300419,0.0105017051667062,0.556130613400392,-0.0267813136497483,0.01438537060374,22.0853290545559,1.53123839914425e-11,11,35742.8507209245
racethn_combn,Other Hispanic,1999-2020,21.2,WTMEC.COMBN,age+gender,employ_status,prevent_cvd_10yr_hba1c,3194,8002234.87135283,130,gaussian (identity),Unemployed,0.025024819702032,0.00311503461188924,6.03960125817269e-13,0.018919351862729,0.0311302875413349,22.0853290545559,1.53123839914425e-11,1353,2722677.19463726
racethn_combn,Other/Multi-Racial/NHAsian,1999-2020,21.2,WTMEC.COMBN,age+gender,employ_status,prevent_cvd_10yr_hba1c,769,3993806.69430321,73,gaussian (identity),Full-time employed (Intercept),-0.188977340848299,0.00976011122307787,2.23993047928438e-29,-0.208107158845531,-0.169847522851066,7.29237871376473,0.000260311300758165,402,2427973.34970075
racethn_combn,Other/Multi-Racial/NHAsian,1999-2020,21.2,WTMEC.COMBN,age+gender,employ_status,prevent_cvd_10yr_hba1c,769,3993806.69430321,73,gaussian (identity),Part-time employed,-0.0141411982176473,0.00690449021379359,0.0444124293804075,-0.0276739990366827,-0.000608397398611871,7.29237871376473,0.000260311300758165,59,289899.758545377
racethn_combn,Other/Multi-Racial/NHAsian,1999-2020,21.2,WTMEC.COMBN,age+gender,employ_status,prevent_cvd_10yr_hba1c,769,3993806.69430321,73,gaussian (identity),Student,-0.0120471082499451,0.00736180358395618,0.106369154217199,-0.0264762432744992,0.00238202677460903,7.29237871376473,0.000260311300758165,7,18029.0025528302
racethn_combn,Other/Multi-Racial/NHAsian,1999-2020,21.2,WTMEC.COMBN,age+gender,employ_status,prevent_cvd_10yr_hba1c,769,3993806.69430321,73,gaussian (identity),Unemployed,0.0200864277736154,0.00551512226476938,0.000523408123957882,0.00927678813466745,0.0308960674125634,7.29237871376473,0.000260311300758165,301,1257904.58350425
racethn_combn,NHAsian,1999-2020,21.2,WTMEC.COMBN,age+gender,employ_status,prevent_cvd_10yr_hba1c,2010,3587784.71201547,66,gaussian (identity),Full-time employed (Intercept),-0.201344025938003,0.00507458216841635,2.84205509360304e-45,-0.211290206988099,-0.191397844887907,18.0892569784384,1.63805372499701e-08,1147,2045351.58412945
racethn_combn,NHAsian,1999-2020,21.2,WTMEC.COMBN,age+gender,employ_status,prevent_cvd_10yr_hba1c,2010,3587784.71201547,66,gaussian (identity),Part-time employed,0.00216825456216255,0.00377888895950478,0.568225662907941,-0.00523836779846683,0.00957487692279192,18.0892569784384,1.63805372499701e-08,189,342329.631672943
racethn_combn,NHAsian,1999-2020,21.2,WTMEC.COMBN,age+gender,employ_status,prevent_cvd_10yr_hba1c,2010,3587784.71201547,66,gaussian (identity),Student,0.00617558840066622,0.00772906940641717,0.427385945071807,-0.00897338763591143,0.0213245644372439,18.0892569784384,1.63805372499701e-08,18,31387.5494484717
racethn_combn,NHAsian,1999-2020,21.2,WTMEC.COMBN,age+gender,employ_status,prevent_cvd_10yr_hba1c,2010,3587784.71201547,66,gaussian (identity),Unemployed,0.0223488664100681,0.00323000089860263,3.19011844562138e-09,0.016018064648807,0.0286796681713293,18.0892569784384,1.63805372499701e-08,656,1168715.9467646
racethn_combn,Other/Multi-Racial,1999-2020,21.2,WTMEC.COMBN,age+gender,employ_status,prevent_cvd_10yr_hba1c,567,2270467.9633047,62,gaussian (identity),Full-time employed (Intercept),-0.184903569030133,0.013865436602851,3.59499828990492e-19,-0.212079824771721,-0.157727313288545,1.73964471717469,0.169120177777398,266,1170880.81103051
racethn_combn,Other/Multi-Racial,1999-2020,21.2,WTMEC.COMBN,age+gender,employ_status,prevent_cvd_10yr_hba1c,567,2270467.9633047,62,gaussian (identity),Part-time employed,-0.000806966649432743,0.0124181809258987,0.948415165302584,-0.0251466012641941,0.0235326679653286,1.73964471717469,0.169120177777398,65,243820.89357751
racethn_combn,Other/Multi-Racial,1999-2020,21.2,WTMEC.COMBN,age+gender,employ_status,prevent_cvd_10yr_hba1c,567,2270467.9633047,62,gaussian (identity),Student,0.0463375419368501,0.0304200860249124,0.133224170307847,-0.0132858266719782,0.105960910545678,1.73964471717469,0.169120177777398,3,8867.34842875472
racethn_combn,Other/Multi-Racial,1999-2020,21.2,WTMEC.COMBN,age+gender,employ_status,prevent_cvd_10yr_hba1c,567,2270467.9633047,62,gaussian (identity),Unemployed,0.0179994420375048,0.010975199033851,0.106510872587873,-0.00351194806884316,0.0395108321438528,1.73964471717469,0.169120177777398,233,846898.910267925
racethn_combn,NHW,1999-2020,21.2,WTMEC.COMBN,age+gender,employ_status,prevent_cvd_10yr_uacr,15669,103653535.825074,162,gaussian (identity),Full-time employed (Intercept),-0.170524760266373,0.00197032545671688,2.14042559568983e-134,-0.174386598161538,-0.166662922371207,160.551257051788,1.2774991148784e-47,7311,57670689.7882244
racethn_combn,NHW,1999-2020,21.2,WTMEC.COMBN,age+gender,employ_status,prevent_cvd_10yr_uacr,15669,103653535.825074,162,gaussian (identity),Part-time employed,0.00328746846493115,0.00158735465349369,0.0399920708384421,0.000176253344083519,0.00639868358577879,160.551257051788,1.2774991148784e-47,1567,10133974.7312672
racethn_combn,NHW,1999-2020,21.2,WTMEC.COMBN,age+gender,employ_status,prevent_cvd_10yr_uacr,15669,103653535.825074,162,gaussian (identity),Student,0.0126035614208408,0.00461445601756853,0.00703029310193281,0.00355922762640644,0.0216478952152751,160.551257051788,1.2774991148784e-47,54,257311.534320359
racethn_combn,NHW,1999-2020,21.2,WTMEC.COMBN,age+gender,employ_status,prevent_cvd_10yr_uacr,15669,103653535.825074,162,gaussian (identity),Unemployed,0.0250405928451903,0.0012070146176757,7.71106653005211e-47,0.0226748441945459,0.0274063414958347,160.551257051788,1.2774991148784e-47,6737,35591559.7712624
racethn_combn,NHB,1999-2020,21.2,WTMEC.COMBN,age+gender,employ_status,prevent_cvd_10yr_uacr,7606,14823138.522578,148,gaussian (identity),Full-time employed (Intercept),-0.183120902626096,0.00314555536052549,1.79783094941812e-101,-0.189286191132726,-0.176955614119466,61.7106919394775,1.17201418474305e-25,3726,8148570.69948977
racethn_combn,NHB,1999-2020,21.2,WTMEC.COMBN,age+gender,employ_status,prevent_cvd_10yr_uacr,7606,14823138.522578,148,gaussian (identity),Part-time employed,0.00934750657590111,0.00350191524780044,0.00848119360429714,0.00248375269021225,0.01621126046159,61.7106919394775,1.17201418474305e-25,544,1051157.86666338
racethn_combn,NHB,1999-2020,21.2,WTMEC.COMBN,age+gender,employ_status,prevent_cvd_10yr_uacr,7606,14823138.522578,148,gaussian (identity),Student,0.00853620167125703,0.00862314788737392,0.323886678719568,-0.00836516818799585,0.0254375715305099,61.7106919394775,1.17201418474305e-25,46,109513.252616623
racethn_combn,NHB,1999-2020,21.2,WTMEC.COMBN,age+gender,employ_status,prevent_cvd_10yr_uacr,7606,14823138.522578,148,gaussian (identity),Unemployed,0.0285028359184153,0.00210702465421099,2.28363257455056e-27,0.0243730675961617,0.0326326042406688,61.7106919394775,1.17201418474305e-25,3290,5513896.70380819
racethn_combn,Mexican-American,1999-2020,21.2,WTMEC.COMBN,age+gender,employ_status,prevent_cvd_10yr_uacr,6200,10639362.7916884,134,gaussian (identity),Full-time employed (Intercept),-0.180535712584366,0.00375368066058992,3.01055564621585e-84,-0.187892926679122,-0.17317849848961,46.0172771818839,2.73626737682385e-20,3158,6467147.79023119
racethn_combn,Mexican-American,1999-2020,21.2,WTMEC.COMBN,age+gender,employ_status,prevent_cvd_10yr_uacr,6200,10639362.7916884,134,gaussian (identity),Part-time employed,0.00234807902311992,0.004198495153159,0.576949315724145,-0.00588097147707172,0.0105771295233116,46.0172771818839,2.73626737682385e-20,446,797644.241852189
racethn_combn,Mexican-American,1999-2020,21.2,WTMEC.COMBN,age+gender,employ_status,prevent_cvd_10yr_uacr,6200,10639362.7916884,134,gaussian (identity),Student,0.0243668336776201,0.0211662741566237,0.251775010380349,-0.0171190636693624,0.0658527310246026,46.0172771818839,2.73626737682385e-20,17,35592.8770029811
racethn_combn,Mexican-American,1999-2020,21.2,WTMEC.COMBN,age+gender,employ_status,prevent_cvd_10yr_uacr,6200,10639362.7916884,134,gaussian (identity),Unemployed,0.023584528203628,0.00203543610498918,1.01705218790335e-21,0.0195950734378492,0.0275739829694068,46.0172771818839,2.73626737682385e-20,2579,3338977.88260204
racethn_combn,Other Hispanic,1999-2020,21.2,WTMEC.COMBN,age+gender,employ_status,prevent_cvd_10yr_uacr,3185,7991584.34418702,130,gaussian (identity),Full-time employed (Intercept),-0.177811894556613,0.00492668895590756,5.8363204630842e-68,-0.187468204910192,-0.168155584203034,25.8401398492154,4.49209594045853e-13,1560,4604495.26850325
racethn_combn,Other Hispanic,1999-2020,21.2,WTMEC.COMBN,age+gender,employ_status,prevent_cvd_10yr_uacr,3185,7991584.34418702,130,gaussian (identity),Part-time employed,0.00386164829872845,0.00424842761642454,0.365120763945485,-0.00446526982946366,0.0121885664269206,25.8401398492154,4.49209594045853e-13,271,643889.562633094
racethn_combn,Other Hispanic,1999-2020,21.2,WTMEC.COMBN,age+gender,employ_status,prevent_cvd_10yr_uacr,3185,7991584.34418702,130,gaussian (identity),Student,-0.00451846355606444,0.0107195798845159,0.67410303974147,-0.0255288401297155,0.0164919130175866,25.8401398492154,4.49209594045853e-13,11,35742.8507209245
racethn_combn,Other Hispanic,1999-2020,21.2,WTMEC.COMBN,age+gender,employ_status,prevent_cvd_10yr_uacr,3185,7991584.34418702,130,gaussian (identity),Unemployed,0.0254703867611807,0.00299912671853342,5.02140270089179e-14,0.0195920983928552,0.0313486751295062,25.8401398492154,4.49209594045853e-13,1343,2707456.66232975
racethn_combn,Other/Multi-Racial/NHAsian,1999-2020,21.2,WTMEC.COMBN,age+gender,employ_status,prevent_cvd_10yr_uacr,765,3972571.98691481,72,gaussian (identity),Full-time employed (Intercept),-0.176536229233713,0.0100498852400541,8.9162476938506e-27,-0.196234004304219,-0.156838454163207,9.36556633505298,2.98063771090511e-05,401,2416982.57650198
racethn_combn,Other/Multi-Racial/NHAsian,1999-2020,21.2,WTMEC.COMBN,age+gender,employ_status,prevent_cvd_10yr_uacr,765,3972571.98691481,72,gaussian (identity),Part-time employed,-0.0143743608451386,0.00633403691101813,0.0264693044146543,-0.0267890731907341,-0.00195964849954306,9.36556633505298,2.98063771090511e-05,59,289899.758545377
racethn_combn,Other/Multi-Racial/NHAsian,1999-2020,21.2,WTMEC.COMBN,age+gender,employ_status,prevent_cvd_10yr_uacr,765,3972571.98691481,72,gaussian (identity),Student,-0.0095042562265685,0.00648483517715719,0.147431317542723,-0.0222145331737966,0.00320602072065958,9.36556633505298,2.98063771090511e-05,7,18029.0025528302
racethn_combn,Other/Multi-Racial/NHAsian,1999-2020,21.2,WTMEC.COMBN,age+gender,employ_status,prevent_cvd_10yr_uacr,765,3972571.98691481,72,gaussian (identity),Unemployed,0.0215810230628981,0.00558720235994905,0.000255471003145961,0.0106301064373979,0.0325319396883982,9.36556633505298,2.98063771090511e-05,298,1247660.64931462
racethn_combn,NHAsian,1999-2020,21.2,WTMEC.COMBN,age+gender,employ_status,prevent_cvd_10yr_uacr,2002,3573589.03696523,66,gaussian (identity),Full-time employed (Intercept),-0.19002147118672,0.00666106787054583,5.58495160677186e-37,-0.20307716421299,-0.176965778160451,13.6091106405869,6.66943876876506e-07,1142,2034968.45811515
racethn_combn,NHAsian,1999-2020,21.2,WTMEC.COMBN,age+gender,employ_status,prevent_cvd_10yr_uacr,2002,3573589.03696523,66,gaussian (identity),Part-time employed,0.00173312535262945,0.00408380374682227,0.672774492464378,-0.00627112999114219,0.00973738069640109,13.6091106405869,6.66943876876506e-07,189,342329.631672943
racethn_combn,NHAsian,1999-2020,21.2,WTMEC.COMBN,age+gender,employ_status,prevent_cvd_10yr_uacr,2002,3573589.03696523,66,gaussian (identity),Student,0.00913518292715479,0.0078086499867141,0.246599967197008,-0.00616977104680485,0.0244401369011144,13.6091106405869,6.66943876876506e-07,18,31387.5494484717
racethn_combn,NHAsian,1999-2020,21.2,WTMEC.COMBN,age+gender,employ_status,prevent_cvd_10yr_uacr,2002,3573589.03696523,66,gaussian (identity),Unemployed,0.0248810724988155,0.00406022808940233,7.11460598325321e-08,0.0169230254435869,0.0328391195540441,13.6091106405869,6.66943876876506e-07,653,1164903.39772866
racethn_combn,Other/Multi-Racial,1999-2020,21.2,WTMEC.COMBN,age+gender,employ_status,prevent_cvd_10yr_uacr,562,2259923.37838738,62,gaussian (identity),Full-time employed (Intercept),-0.172956845166452,0.0120644598670583,1.47710558316803e-20,-0.196603186505887,-0.149310503827018,2.52103348376234,0.0668820414703689,263,1165739.776853
racethn_combn,Other/Multi-Racial,1999-2020,21.2,WTMEC.COMBN,age+gender,employ_status,prevent_cvd_10yr_uacr,562,2259923.37838738,62,gaussian (identity),Part-time employed,0.00239958349795528,0.0128039050431289,0.852004486029662,-0.0226960703865773,0.0274952373824878,2.52103348376234,0.0668820414703689,65,243820.89357751
racethn_combn,Other/Multi-Racial,1999-2020,21.2,WTMEC.COMBN,age+gender,employ_status,prevent_cvd_10yr_uacr,562,2259923.37838738,62,gaussian (identity),Student,0.0560816433291308,0.0330090219746838,0.0947755105634388,-0.00861603974124949,0.120779326399511,2.52103348376234,0.0668820414703689,3,8867.34842875472
racethn_combn,Other/Multi-Racial,1999-2020,21.2,WTMEC.COMBN,age+gender,employ_status,prevent_cvd_10yr_uacr,562,2259923.37838738,62,gaussian (identity),Unemployed,0.0229583522344583,0.00952697753389913,0.0192110490188435,0.00428547626801596,0.0416312282009006,2.52103348376234,0.0668820414703689,231,841495.359528113
racethn_combn,NHW,1999-2020,21.2,WTMEC.COMBN,age+gender,employ_status,prevent_cvd_10yr_full,15654,103555304.211174,162,gaussian (identity),Full-time employed (Intercept),-0.167103866445199,0.00191083379647897,4.3261129170851e-135,-0.170849100686298,-0.163358632204101,156.698460861118,5.34227492839894e-47,7303,57607328.9932564
racethn_combn,NHW,1999-2020,21.2,WTMEC.COMBN,age+gender,employ_status,prevent_cvd_10yr_full,15654,103555304.211174,162,gaussian (identity),Part-time employed,0.00260377172119479,0.00146318405461888,0.0770884448019947,-0.000264069025858205,0.00547161246824779,156.698460861118,5.34227492839894e-47,1567,10133974.7312672
racethn_combn,NHW,1999-2020,21.2,WTMEC.COMBN,age+gender,employ_status,prevent_cvd_10yr_full,15654,103555304.211174,162,gaussian (identity),Student,0.0130340688912516,0.00461942628595643,0.0053968103888232,0.00397999337077703,0.0220881444117262,156.698460861118,5.34227492839894e-47,54,257311.534320359
racethn_combn,NHW,1999-2020,21.2,WTMEC.COMBN,age+gender,employ_status,prevent_cvd_10yr_full,15654,103555304.211174,162,gaussian (identity),Unemployed,0.0233613935982566,0.00114821663520204,7.19709091394713e-46,0.0211108889932606,0.0256118982032526,156.698460861118,5.34227492839894e-47,6730,35556688.9523302
racethn_combn,NHB,1999-2020,21.2,WTMEC.COMBN,age+gender,employ_status,prevent_cvd_10yr_full,7583,14778817.5072541,148,gaussian (identity),Full-time employed (Intercept),-0.177977606078933,0.00324545769349742,6.42217428881853e-98,-0.184338703158188,-0.171616508999678,56.4203852324601,3.9801200295604e-24,3715,8123952.66013793
racethn_combn,NHB,1999-2020,21.2,WTMEC.COMBN,age+gender,employ_status,prevent_cvd_10yr_full,7583,14778817.5072541,148,gaussian (identity),Part-time employed,0.00791071577170395,0.00346668631443274,0.0239698351679927,0.00111601059541579,0.0147054209479921,56.4203852324601,3.9801200295604e-24,540,1040433.91397734
racethn_combn,NHB,1999-2020,21.2,WTMEC.COMBN,age+gender,employ_status,prevent_cvd_10yr_full,7583,14778817.5072541,148,gaussian (identity),Student,0.00628754008281471,0.00793030251476116,0.429178694545395,-0.00925585284611717,0.0218309330117466,56.4203852324601,3.9801200295604e-24,46,109513.252616623
racethn_combn,NHB,1999-2020,21.2,WTMEC.COMBN,age+gender,employ_status,prevent_cvd_10yr_full,7583,14778817.5072541,148,gaussian (identity),Unemployed,0.0262844555596635,0.00202536713943564,6.12150965652665e-26,0.0223147359663696,0.0302541751529574,56.4203852324601,3.9801200295604e-24,3282,5504917.68052219
racethn_combn,Mexican-American,1999-2020,21.2,WTMEC.COMBN,age+gender,employ_status,prevent_cvd_10yr_full,6195,10628782.7768089,134,gaussian (identity),Full-time employed (Intercept),-0.177452767250348,0.00367042059900589,1.59284718122491e-84,-0.184646791624399,-0.170258742876296,41.0123165049603,1.11189184523011e-18,3155,6461101.1002976
racethn_combn,Mexican-American,1999-2020,21.2,WTMEC.COMBN,age+gender,employ_status,prevent_cvd_10yr_full,6195,10628782.7768089,134,gaussian (identity),Part-time employed,0.00404902474555574,0.00531302384892299,0.447394918481524,-0.00636450199833332,0.0144625514894448,41.0123165049603,1.11189184523011e-18,445,793912.728219359
racethn_combn,Mexican-American,1999-2020,21.2,WTMEC.COMBN,age+gender,employ_status,prevent_cvd_10yr_full,6195,10628782.7768089,134,gaussian (identity),Student,0.0195123721950789,0.0162866594786372,0.23309075633356,-0.0124094803830499,0.0514342247732078,41.0123165049603,1.11189184523011e-18,17,35592.8770029811
racethn_combn,Mexican-American,1999-2020,21.2,WTMEC.COMBN,age+gender,employ_status,prevent_cvd_10yr_full,6195,10628782.7768089,134,gaussian (identity),Unemployed,0.023438071882166,0.00214340672497453,4.24050534480944e-20,0.0192369947012159,0.0276391490631161,41.0123165049603,1.11189184523011e-18,2578,3338176.07128892
racethn_combn,Other Hispanic,1999-2020,21.2,WTMEC.COMBN,age+gender,employ_status,prevent_cvd_10yr_full,3179,7972449.92786919,130,gaussian (identity),Full-time employed (Intercept),-0.175368221567725,0.00480930059225729,1.80401430183209e-68,-0.184794450728549,-0.1659419924069,22.5171721583634,1.01022756312955e-11,1556,4588976.89807334
racethn_combn,Other Hispanic,1999-2020,21.2,WTMEC.COMBN,age+gender,employ_status,prevent_cvd_10yr_full,3179,7972449.92786919,130,gaussian (identity),Part-time employed,0.00490815759218624,0.00459693247225177,0.287712299821453,-0.00410183005342722,0.0139181452377997,22.5171721583634,1.01022756312955e-11,271,643889.562633094
racethn_combn,Other Hispanic,1999-2020,21.2,WTMEC.COMBN,age+gender,employ_status,prevent_cvd_10yr_full,3179,7972449.92786919,130,gaussian (identity),Student,-0.00580600841914759,0.0103014933885589,0.574030364366375,-0.0259969354607231,0.0143849186224279,22.5171721583634,1.01022756312955e-11,11,35742.8507209245
racethn_combn,Other Hispanic,1999-2020,21.2,WTMEC.COMBN,age+gender,employ_status,prevent_cvd_10yr_full,3179,7972449.92786919,130,gaussian (identity),Unemployed,0.0252726051407925,0.00317008927441632,8.39681117702684e-13,0.0190592301629365,0.0314859801186485,22.5171721583634,1.01022756312955e-11,1341,2703840.61644183
racethn_combn,Other/Multi-Racial/NHAsian,1999-2020,21.2,WTMEC.COMBN,age+gender,employ_status,prevent_cvd_10yr_full,762,3957685.58718811,72,gaussian (identity),Full-time employed (Intercept),-0.174454351679122,0.010086842948873,2.09740637647871e-26,-0.194224563858913,-0.15468413949933,10.2524815676422,1.21702750201551e-05,400,2410282.87553019
racethn_combn,Other/Multi-Racial/NHAsian,1999-2020,21.2,WTMEC.COMBN,age+gender,employ_status,prevent_cvd_10yr_full,762,3957685.58718811,72,gaussian (identity),Part-time employed,-0.0146471031776684,0.0056369005139948,0.0115059006424268,-0.0256954281850982,-0.00359877817023859,10.2524815676422,1.21702750201551e-05,59,289899.758545377
racethn_combn,Other/Multi-Racial/NHAsian,1999-2020,21.2,WTMEC.COMBN,age+gender,employ_status,prevent_cvd_10yr_full,762,3957685.58718811,72,gaussian (identity),Student,-0.00903167941426588,0.00591540305122256,0.131516250101169,-0.0206258693946621,0.00256251056613033,10.2524815676422,1.21702750201551e-05,7,18029.0025528302
racethn_combn,Other/Multi-Racial/NHAsian,1999-2020,21.2,WTMEC.COMBN,age+gender,employ_status,prevent_cvd_10yr_full,762,3957685.58718811,72,gaussian (identity),Unemployed,0.0231580698151836,0.00549592029202397,7.68137633467178e-05,0.0123860660428166,0.0339300735875505,10.2524815676422,1.21702750201551e-05,296,1239473.95055972
racethn_combn,NHAsian,1999-2020,21.2,WTMEC.COMBN,age+gender,employ_status,prevent_cvd_10yr_full,2001,3572410.04707155,66,gaussian (identity),Full-time employed (Intercept),-0.187066009183002,0.00646027323900991,2.38889916561942e-37,-0.199728144731461,-0.174403873634542,13.3404441775783,8.45168083459429e-07,1142,2034968.45811515
racethn_combn,NHAsian,1999-2020,21.2,WTMEC.COMBN,age+gender,employ_status,prevent_cvd_10yr_full,2001,3572410.04707155,66,gaussian (identity),Part-time employed,0.00152682283956012,0.00389254566706786,0.696246020925398,-0.0061025666678929,0.00915621234701313,13.3404441775783,8.45168083459429e-07,189,342329.631672943
racethn_combn,NHAsian,1999-2020,21.2,WTMEC.COMBN,age+gender,employ_status,prevent_cvd_10yr_full,2001,3572410.04707155,66,gaussian (identity),Student,0.00640112879722453,0.00708615249208342,0.369904695041182,-0.00748773008725897,0.020289987681708,13.3404441775783,8.45168083459429e-07,18,31387.5494484717
racethn_combn,NHAsian,1999-2020,21.2,WTMEC.COMBN,age+gender,employ_status,prevent_cvd_10yr_full,2001,3572410.04707155,66,gaussian (identity),Unemployed,0.0243974487086964,0.00400560129531551,8.21949018500813e-08,0.016546470169878,0.0322484272475148,13.3404441775783,8.45168083459429e-07,652,1163724.40783498
racethn_combn,Other/Multi-Racial,1999-2020,21.2,WTMEC.COMBN,age+gender,employ_status,prevent_cvd_10yr_full,562,2259923.37838738,62,gaussian (identity),Full-time employed (Intercept),-0.172250209431274,0.0142486084450648,2.29579831922356e-17,-0.200177481983601,-0.144322936878947,1.52770341764076,0.217129366837649,263,1165739.776853
racethn_combn,Other/Multi-Racial,1999-2020,21.2,WTMEC.COMBN,age+gender,employ_status,prevent_cvd_10yr_full,562,2259923.37838738,62,gaussian (identity),Part-time employed,0.00595264055545458,0.0149238255267185,0.691480664359954,-0.0232980574769136,0.0352033385878228,1.52770341764076,0.217129366837649,65,243820.89357751
racethn_combn,Other/Multi-Racial,1999-2020,21.2,WTMEC.COMBN,age+gender,employ_status,prevent_cvd_10yr_full,562,2259923.37838738,62,gaussian (identity),Student,0.0456077053946551,0.029218299358257,0.124075887300569,-0.0116601613475287,0.102875572136839,1.52770341764076,0.217129366837649,3,8867.34842875472
racethn_combn,Other/Multi-Racial,1999-2020,21.2,WTMEC.COMBN,age+gender,employ_status,prevent_cvd_10yr_full,562,2259923.37838738,62,gaussian (identity),Unemployed,0.0184456552048191,0.0103580814791988,0.0802744075979079,-0.00185618449441048,0.0387474949040488,1.52770341764076,0.217129366837649,231,841495.359528113
racethn_combn,NHW,1999-2020,21.2,WTMEC.COMBN,age+gender,employ_status,prevent_cvd_30yr_base,15804,104294356.645491,162,gaussian (identity),Full-time employed (Intercept),-0.100687958944132,0.003697868240083,2.37248111571089e-61,-0.107935780694695,-0.0934401371935693,6.9986273268598,0.000189633065772682,7340,57861598.7746399
racethn_combn,NHW,1999-2020,21.2,WTMEC.COMBN,age+gender,employ_status,prevent_cvd_30yr_base,15804,104294356.645491,162,gaussian (identity),Part-time employed,-0.00691213840516854,0.00286638367892991,0.0170435668792665,-0.0125302504158712,-0.00129402639446591,6.9986273268598,0.000189633065772682,1574,10160076.1206335
racethn_combn,NHW,1999-2020,21.2,WTMEC.COMBN,age+gender,employ_status,prevent_cvd_30yr_base,15804,104294356.645491,162,gaussian (identity),Student,0.00680279286061002,0.0132121193648136,0.60735377456309,-0.0190929610944247,0.0326985468156447,6.9986273268598,0.000189633065772682,54,257311.534320359
racethn_combn,NHW,1999-2020,21.2,WTMEC.COMBN,age+gender,employ_status,prevent_cvd_30yr_base,15804,104294356.645491,162,gaussian (identity),Unemployed,0.00450714055433615,0.00214646726597092,0.0373459273694105,0.000300064713033153,0.00871421639563914,6.9986273268598,0.000189633065772682,6836,36015370.2158972
racethn_combn,NHB,1999-2020,21.2,WTMEC.COMBN,age+gender,employ_status,prevent_cvd_30yr_base,7705,14990590.6849992,148,gaussian (identity),Full-time employed (Intercept),-0.0977066909181543,0.00572502556271078,2.60364553742799e-36,-0.108927741021067,-0.0864856408152411,12.4013843867925,2.94931794605268e-07,3746,8191034.4883923
racethn_combn,NHB,1999-2020,21.2,WTMEC.COMBN,age+gender,employ_status,prevent_cvd_30yr_base,7705,14990590.6849992,148,gaussian (identity),Part-time employed,0.00755716114288689,0.00606421688986869,0.21473264520086,-0.00432870396125573,0.0194430262470295,12.4013843867925,2.94931794605268e-07,552,1066402.48631594
racethn_combn,NHB,1999-2020,21.2,WTMEC.COMBN,age+gender,employ_status,prevent_cvd_30yr_base,7705,14990590.6849992,148,gaussian (identity),Student,-0.010897589149912,0.0177831793108958,0.540979810360967,-0.0457526205992677,0.0239574422994437,12.4013843867925,2.94931794605268e-07,46,109513.252616623
racethn_combn,NHB,1999-2020,21.2,WTMEC.COMBN,age+gender,employ_status,prevent_cvd_30yr_base,7705,14990590.6849992,148,gaussian (identity),Unemployed,0.0210808453364052,0.0035126702334396,1.53180877941355e-08,0.0141960116788636,0.0279656789939469,12.4013843867925,2.94931794605268e-07,3361,5623640.45767434
racethn_combn,Mexican-American,1999-2020,21.2,WTMEC.COMBN,age+gender,employ_status,prevent_cvd_30yr_base,6231,10680212.6820149,134,gaussian (identity),Full-time employed (Intercept),-0.15165462512781,0.0073800855391958,1.65121231197148e-42,-0.166119592784634,-0.137189657470986,1.66345238299775,0.178119999237184,3166,6481726.90394723
racethn_combn,Mexican-American,1999-2020,21.2,WTMEC.COMBN,age+gender,employ_status,prevent_cvd_30yr_base,6231,10680212.6820149,134,gaussian (identity),Part-time employed,-0.00722838069874019,0.00777419844838105,0.354215899445051,-0.0224658096575671,0.00800904826008667,1.66345238299775,0.178119999237184,448,802970.447069453
racethn_combn,Mexican-American,1999-2020,21.2,WTMEC.COMBN,age+gender,employ_status,prevent_cvd_30yr_base,6231,10680212.6820149,134,gaussian (identity),Student,0.0311201021302925,0.0346738349584229,0.371119015754266,-0.0368406143882164,0.0990808186488015,1.66345238299775,0.178119999237184,17,35592.8770029811
racethn_combn,Mexican-American,1999-2020,21.2,WTMEC.COMBN,age+gender,employ_status,prevent_cvd_30yr_base,6231,10680212.6820149,134,gaussian (identity),Unemployed,0.00483168736068004,0.00282571313663545,0.089688555594045,-0.000706710387125443,0.0103700851084855,1.66345238299775,0.178119999237184,2600,3359922.45399525
racethn_combn,Other Hispanic,1999-2020,21.2,WTMEC.COMBN,age+gender,employ_status,prevent_cvd_30yr_base,3200,8021369.28767066,130,gaussian (identity),Full-time employed (Intercept),-0.144523949999011,0.00747062165164356,2.1176369056759e-39,-0.159166368436232,-0.12988153156179,3.4952674281294,0.0176618621531439,1563,4615443.63379145
racethn_combn,Other Hispanic,1999-2020,21.2,WTMEC.COMBN,age+gender,employ_status,prevent_cvd_30yr_base,3200,8021369.28767066,130,gaussian (identity),Part-time employed,-0.00161836762434361,0.00739572240728897,0.827143396549881,-0.01611398354263,0.0128772482939428,3.4952674281294,0.0176618621531439,271,643889.562633094
racethn_combn,Other Hispanic,1999-2020,21.2,WTMEC.COMBN,age+gender,employ_status,prevent_cvd_30yr_base,3200,8021369.28767066,130,gaussian (identity),Student,-0.0403277607515415,0.0185715822186252,0.0317836179357864,-0.0767280619000468,-0.00392745960303614,3.4952674281294,0.0176618621531439,11,35742.8507209245
racethn_combn,Other Hispanic,1999-2020,21.2,WTMEC.COMBN,age+gender,employ_status,prevent_cvd_30yr_base,3200,8021369.28767066,130,gaussian (identity),Unemployed,0.0124544440112739,0.0061752976851043,0.0458571149522681,0.000350860548469419,0.0245580274740783,3.4952674281294,0.0176618621531439,1355,2726293.24052519
racethn_combn,Other/Multi-Racial/NHAsian,1999-2020,21.2,WTMEC.COMBN,age+gender,employ_status,prevent_cvd_30yr_base,772,4008693.09402991,73,gaussian (identity),Full-time employed (Intercept),-0.155021131278482,0.0180216448315563,1.77125822608334e-12,-0.190343555148332,-0.119698707408632,3.46659233747366,0.0208419956292679,403,2434673.05067255
racethn_combn,Other/Multi-Racial/NHAsian,1999-2020,21.2,WTMEC.COMBN,age+gender,employ_status,prevent_cvd_30yr_base,772,4008693.09402991,73,gaussian (identity),Part-time employed,-0.0272006571638477,0.0115027713634195,0.0209051696536092,-0.0497460890361498,-0.00465522529154552,3.46659233747366,0.0208419956292679,59,289899.758545377
racethn_combn,Other/Multi-Racial/NHAsian,1999-2020,21.2,WTMEC.COMBN,age+gender,employ_status,prevent_cvd_30yr_base,772,4008693.09402991,73,gaussian (identity),Student,-0.042912858642994,0.0183465607001413,0.0222806292522344,-0.078872117615271,-0.00695359967071699,3.46659233747366,0.0208419956292679,7,18029.0025528302
racethn_combn,Other/Multi-Racial/NHAsian,1999-2020,21.2,WTMEC.COMBN,age+gender,employ_status,prevent_cvd_30yr_base,772,4008693.09402991,73,gaussian (identity),Unemployed,0.00121433509128936,0.0108822385103063,0.911478246160823,-0.020114852388911,0.0225435225714897,3.46659233747366,0.0208419956292679,303,1266091.28225915
racethn_combn,NHAsian,1999-2020,21.2,WTMEC.COMBN,age+gender,employ_status,prevent_cvd_30yr_base,2011,3588963.70190915,66,gaussian (identity),Full-time employed (Intercept),-0.164036229814817,0.00999067554908779,4.62182225373836e-24,-0.183617953891029,-0.144454505738605,0.861052972272664,0.466236101708173,1147,2045351.58412945
racethn_combn,NHAsian,1999-2020,21.2,WTMEC.COMBN,age+gender,employ_status,prevent_cvd_30yr_base,2011,3588963.70190915,66,gaussian (identity),Part-time employed,-0.0093418796639734,0.00607068057311538,0.129012005577561,-0.0212404135872795,0.00255665425933275,0.861052972272664,0.466236101708173,189,342329.631672943
racethn_combn,NHAsian,1999-2020,21.2,WTMEC.COMBN,age+gender,employ_status,prevent_cvd_30yr_base,2011,3588963.70190915,66,gaussian (identity),Student,-0.00669234944465259,0.0216449572996356,0.758232559571329,-0.0491164657519383,0.0357317668626331,0.861052972272664,0.466236101708173,18,31387.5494484717
racethn_combn,NHAsian,1999-2020,21.2,WTMEC.COMBN,age+gender,employ_status,prevent_cvd_30yr_base,2011,3588963.70190915,66,gaussian (identity),Unemployed,-0.00203758281645859,0.00534146353774213,0.704183568277751,-0.0125068513504332,0.00843168571751598,0.861052972272664,0.466236101708173,657,1169894.93665828
racethn_combn,Other/Multi-Racial,1999-2020,21.2,WTMEC.COMBN,age+gender,employ_status,prevent_cvd_30yr_base,567,2270467.9633047,62,gaussian (identity),Full-time employed (Intercept),-0.074477661494339,0.0205380732977927,0.000614692582048158,-0.114732285158013,-0.0342230378306654,2.90015026356518,0.0426877357493343,266,1170880.81103051
racethn_combn,Other/Multi-Racial,1999-2020,21.2,WTMEC.COMBN,age+gender,employ_status,prevent_cvd_30yr_base,567,2270467.9633047,62,gaussian (identity),Part-time employed,-0.022008648631361,0.0158446792876767,0.170228546827681,-0.0530642200352074,0.0090469227724854,2.90015026356518,0.0426877357493343,65,243820.89357751
racethn_combn,Other/Multi-Racial,1999-2020,21.2,WTMEC.COMBN,age+gender,employ_status,prevent_cvd_30yr_base,567,2270467.9633047,62,gaussian (identity),Student,0.150994138098551,0.0803804331279473,0.065431297806989,-0.00655151083222619,0.308539787029327,2.90015026356518,0.0426877357493343,3,8867.34842875472
racethn_combn,Other/Multi-Racial,1999-2020,21.2,WTMEC.COMBN,age+gender,employ_status,prevent_cvd_30yr_base,567,2270467.9633047,62,gaussian (identity),Unemployed,0.0241212495887779,0.0141762156888331,0.0942929661680844,-0.00366413316133503,0.0519066323388909,2.90015026356518,0.0426877357493343,233,846898.910267925
racethn_combn,NHW,1999-2020,21.2,WTMEC.COMBN,age+gender,employ_status,prevent_cvd_30yr_hba1c,15788,104192519.360674,162,gaussian (identity),Full-time employed (Intercept),-0.0976758211930673,0.00353282281088459,3.24792276866856e-62,-0.104600153902401,-0.0907514884837335,6.65356314481379,0.000293755285979948,7332,57798237.9796719
racethn_combn,NHW,1999-2020,21.2,WTMEC.COMBN,age+gender,employ_status,prevent_cvd_30yr_hba1c,15788,104192519.360674,162,gaussian (identity),Part-time employed,-0.00790827853088182,0.00272827895509362,0.0042846862627896,-0.0132557052828653,-0.00256085177889832,6.65356314481379,0.000293755285979948,1574,10160076.1206335
racethn_combn,NHW,1999-2020,21.2,WTMEC.COMBN,age+gender,employ_status,prevent_cvd_30yr_hba1c,15788,104192519.360674,162,gaussian (identity),Student,0.00743032085494474,0.0132424300324632,0.575529672618316,-0.0185248420086831,0.0333854837185726,6.65356314481379,0.000293755285979948,54,257311.534320359
racethn_combn,NHW,1999-2020,21.2,WTMEC.COMBN,age+gender,employ_status,prevent_cvd_30yr_hba1c,15788,104192519.360674,162,gaussian (identity),Unemployed,0.00277808405145454,0.00200443960281214,0.167722855477041,-0.00115061757005726,0.00670678567296634,6.65356314481379,0.000293755285979948,6828,35976893.7260482
racethn_combn,NHB,1999-2020,21.2,WTMEC.COMBN,age+gender,employ_status,prevent_cvd_30yr_hba1c,7681,14945154.7945039,148,gaussian (identity),Full-time employed (Intercept),-0.0922930133546275,0.00566345843333547,2.07326926674534e-34,-0.103393391883965,-0.0811926348252899,10.7811524658073,1.97667145614918e-06,3735,8166416.44904045
racethn_combn,NHB,1999-2020,21.2,WTMEC.COMBN,age+gender,employ_status,prevent_cvd_30yr_hba1c,7681,14945154.7945039,148,gaussian (identity),Part-time employed,0.00641684573772431,0.00595796300609768,0.283284879667946,-0.00526076175422713,0.0180944532296758,10.7811524658073,1.97667145614918e-06,548,1055678.53362991
racethn_combn,NHB,1999-2020,21.2,WTMEC.COMBN,age+gender,employ_status,prevent_cvd_30yr_hba1c,7681,14945154.7945039,148,gaussian (identity),Student,-0.0122313173162257,0.0167865035364127,0.467413513147738,-0.0451328642475946,0.0206702296151432,10.7811524658073,1.97667145614918e-06,46,109513.252616623
racethn_combn,NHB,1999-2020,21.2,WTMEC.COMBN,age+gender,employ_status,prevent_cvd_30yr_hba1c,7681,14945154.7945039,148,gaussian (identity),Unemployed,0.0186951326437724,0.00334455221709081,1.11552910053288e-07,0.0121398102982744,0.0252504549892703,10.7811524658073,1.97667145614918e-06,3352,5613546.55921693
racethn_combn,Mexican-American,1999-2020,21.2,WTMEC.COMBN,age+gender,employ_status,prevent_cvd_30yr_hba1c,6226,10669632.6671354,134,gaussian (identity),Full-time employed (Intercept),-0.147767384678628,0.00745572494596184,5.75601781706727e-41,-0.162380605572713,-0.133154163784543,1.09754974741149,0.35270379034647,3163,6475680.21401364
racethn_combn,Mexican-American,1999-2020,21.2,WTMEC.COMBN,age+gender,employ_status,prevent_cvd_30yr_hba1c,6226,10669632.6671354,134,gaussian (identity),Part-time employed,-0.00542789793337434,0.00838907427827216,0.518768722608894,-0.0218704835187878,0.0110146876520391,1.09754974741149,0.35270379034647,447,799238.933436623
racethn_combn,Mexican-American,1999-2020,21.2,WTMEC.COMBN,age+gender,employ_status,prevent_cvd_30yr_hba1c,6226,10669632.6671354,134,gaussian (identity),Student,0.0254363465091311,0.0303819412152893,0.404017697063734,-0.0341122582728359,0.0849849512910982,1.09754974741149,0.35270379034647,17,35592.8770029811
racethn_combn,Mexican-American,1999-2020,21.2,WTMEC.COMBN,age+gender,employ_status,prevent_cvd_30yr_hba1c,6226,10669632.6671354,134,gaussian (identity),Unemployed,0.00381124591115528,0.00278686538674797,0.173823235760086,-0.00165101024687074,0.0092735020691813,1.09754974741149,0.35270379034647,2599,3359120.64268213
racethn_combn,Other Hispanic,1999-2020,21.2,WTMEC.COMBN,age+gender,employ_status,prevent_cvd_30yr_hba1c,3194,8002234.87135283,130,gaussian (identity),Full-time employed (Intercept),-0.140098221459269,0.00729368734322436,4.13381342454626e-39,-0.154393848651989,-0.125802594266549,4.13664305890462,0.00781059140550509,1559,4599925.26336155
racethn_combn,Other Hispanic,1999-2020,21.2,WTMEC.COMBN,age+gender,employ_status,prevent_cvd_30yr_hba1c,3194,8002234.87135283,130,gaussian (identity),Part-time employed,-0.000975821425106945,0.00746805651688414,0.896249547801166,-0.0156132121981999,0.013661569347986,4.13664305890462,0.00781059140550509,271,643889.562633094
racethn_combn,Other Hispanic,1999-2020,21.2,WTMEC.COMBN,age+gender,employ_status,prevent_cvd_30yr_hba1c,3194,8002234.87135283,130,gaussian (identity),Student,-0.0416739572375512,0.0162067822238015,0.0113001642860907,-0.0734392503962022,-0.00990866407890022,4.13664305890462,0.00781059140550509,11,35742.8507209245
racethn_combn,Other Hispanic,1999-2020,21.2,WTMEC.COMBN,age+gender,employ_status,prevent_cvd_30yr_hba1c,3194,8002234.87135283,130,gaussian (identity),Unemployed,0.011943209882604,0.00613729624973458,0.0538981919286085,-8.58907668758006e-05,0.0239723105320837,4.13664305890462,0.00781059140550509,1353,2722677.19463726
racethn_combn,Other/Multi-Racial/NHAsian,1999-2020,21.2,WTMEC.COMBN,age+gender,employ_status,prevent_cvd_30yr_hba1c,769,3993806.69430321,73,gaussian (identity),Full-time employed (Intercept),-0.152499051838505,0.0171422364993612,5.19962588109715e-13,-0.186097835377253,-0.118900268299757,3.67189955906951,0.0163066883070339,402,2427973.34970075
racethn_combn,Other/Multi-Racial/NHAsian,1999-2020,21.2,WTMEC.COMBN,age+gender,employ_status,prevent_cvd_30yr_hba1c,769,3993806.69430321,73,gaussian (identity),Part-time employed,-0.0274885154433637,0.0103623047760211,0.00992900846638574,-0.0477986328043649,-0.0071783980823624,3.67189955906951,0.0163066883070339,59,289899.758545377
racethn_combn,Other/Multi-Racial/NHAsian,1999-2020,21.2,WTMEC.COMBN,age+gender,employ_status,prevent_cvd_30yr_hba1c,769,3993806.69430321,73,gaussian (identity),Student,-0.0404867546465633,0.0185749949895014,0.0327508471426281,-0.0768937448259859,-0.00407976446714065,3.67189955906951,0.0163066883070339,7,18029.0025528302
racethn_combn,Other/Multi-Racial/NHAsian,1999-2020,21.2,WTMEC.COMBN,age+gender,employ_status,prevent_cvd_30yr_hba1c,769,3993806.69430321,73,gaussian (identity),Unemployed,0.00108492723950925,0.010172185766411,0.915375724363933,-0.0188525568626563,0.0210224113416748,3.67189955906951,0.0163066883070339,301,1257904.58350425
racethn_combn,NHAsian,1999-2020,21.2,WTMEC.COMBN,age+gender,employ_status,prevent_cvd_30yr_hba1c,2010,3587784.71201547,66,gaussian (identity),Full-time employed (Intercept),-0.160689761244815,0.00913846223142059,1.44787584760043e-25,-0.178601147218399,-0.14277837527123,1.20631082765678,0.315083379789015,1147,2045351.58412945
racethn_combn,NHAsian,1999-2020,21.2,WTMEC.COMBN,age+gender,employ_status,prevent_cvd_30yr_hba1c,2010,3587784.71201547,66,gaussian (identity),Part-time employed,-0.0101967989112199,0.00569553143356866,0.0783659641037942,-0.0213600405210145,0.000966442698574679,1.20631082765678,0.315083379789015,189,342329.631672943
racethn_combn,NHAsian,1999-2020,21.2,WTMEC.COMBN,age+gender,employ_status,prevent_cvd_30yr_hba1c,2010,3587784.71201547,66,gaussian (identity),Student,-0.00971439498225035,0.0197956219970141,0.625375005770321,-0.0485138140963979,0.0290850241318972,1.20631082765678,0.315083379789015,18,31387.5494484717
racethn_combn,NHAsian,1999-2020,21.2,WTMEC.COMBN,age+gender,employ_status,prevent_cvd_30yr_hba1c,2010,3587784.71201547,66,gaussian (identity),Unemployed,-0.00399526841942445,0.00499520887126764,0.426918806429645,-0.013785877807109,0.00579534096826012,1.20631082765678,0.315083379789015,656,1168715.9467646
racethn_combn,Other/Multi-Racial,1999-2020,21.2,WTMEC.COMBN,age+gender,employ_status,prevent_cvd_30yr_hba1c,567,2270467.9633047,62,gaussian (identity),Full-time employed (Intercept),-0.0753928219003149,0.0203832017805941,0.000489058563967526,-0.115343897390279,-0.0354417464103505,2.19273976391349,0.09878739489377,266,1170880.81103051
racethn_combn,Other/Multi-Racial,1999-2020,21.2,WTMEC.COMBN,age+gender,employ_status,prevent_cvd_30yr_hba1c,567,2270467.9633047,62,gaussian (identity),Part-time employed,-0.0188603329822241,0.0167029447247397,0.263559242291808,-0.0515981046427139,0.0138774386782657,2.19273976391349,0.09878739489377,65,243820.89357751
racethn_combn,Other/Multi-Racial,1999-2020,21.2,WTMEC.COMBN,age+gender,employ_status,prevent_cvd_30yr_hba1c,567,2270467.9633047,62,gaussian (identity),Student,0.121462009461817,0.0680411510239323,0.0795619977238604,-0.0118986465450903,0.254822665468724,2.19273976391349,0.09878739489377,3,8867.34842875472
racethn_combn,Other/Multi-Racial,1999-2020,21.2,WTMEC.COMBN,age+gender,employ_status,prevent_cvd_30yr_hba1c,567,2270467.9633047,62,gaussian (identity),Unemployed,0.0188310264684432,0.0136576174688242,0.173345701822528,-0.00793790377045219,0.0455999567073386,2.19273976391349,0.09878739489377,233,846898.910267925
racethn_combn,NHW,1999-2020,21.2,WTMEC.COMBN,age+gender,employ_status,prevent_cvd_30yr_uacr,15669,103653535.825074,162,gaussian (identity),Full-time employed (Intercept),-0.120118775166988,0.00332016602393826,4.6430401311373e-78,-0.126626300573907,-0.113611249760069,14.4364346872398,2.36355651847822e-08,7311,57670689.7882244
racethn_combn,NHW,1999-2020,21.2,WTMEC.COMBN,age+gender,employ_status,prevent_cvd_30yr_uacr,15669,103653535.825074,162,gaussian (identity),Part-time employed,-0.00685381310683656,0.0026146925641306,0.00962163462031777,-0.0119786105325325,-0.00172901568114058,14.4364346872398,2.36355651847822e-08,1567,10133974.7312672
racethn_combn,NHW,1999-2020,21.2,WTMEC.COMBN,age+gender,employ_status,prevent_cvd_30yr_uacr,15669,103653535.825074,162,gaussian (identity),Student,0.00662509756907795,0.0111566063483873,0.553482244775933,-0.0152418508737611,0.028492046011917,14.4364346872398,2.36355651847822e-08,54,257311.534320359
racethn_combn,NHW,1999-2020,21.2,WTMEC.COMBN,age+gender,employ_status,prevent_cvd_30yr_uacr,15669,103653535.825074,162,gaussian (identity),Unemployed,0.00788030614150773,0.00204755265054961,0.000172447774907071,0.00386710294643049,0.011893509336585,14.4364346872398,2.36355651847822e-08,6737,35591559.7712624
racethn_combn,NHB,1999-2020,21.2,WTMEC.COMBN,age+gender,employ_status,prevent_cvd_30yr_uacr,7606,14823138.522578,148,gaussian (identity),Full-time employed (Intercept),-0.120472370598995,0.00520658380943251,3.38788270228699e-50,-0.130677274865483,-0.110267466332508,17.6821539052871,8.1048211343481e-10,3726,8148570.69948977
racethn_combn,NHB,1999-2020,21.2,WTMEC.COMBN,age+gender,employ_status,prevent_cvd_30yr_uacr,7606,14823138.522578,148,gaussian (identity),Part-time employed,0.00780854240639545,0.00588695957458635,0.186817261320852,-0.00372989835979378,0.0193469831725847,17.6821539052871,8.1048211343481e-10,544,1051157.86666338
racethn_combn,NHB,1999-2020,21.2,WTMEC.COMBN,age+gender,employ_status,prevent_cvd_30yr_uacr,7606,14823138.522578,148,gaussian (identity),Student,-0.00932985710590036,0.0175654153955526,0.596139388424213,-0.0437580712811834,0.0250983570693827,17.6821539052871,8.1048211343481e-10,46,109513.252616623
racethn_combn,NHB,1999-2020,21.2,WTMEC.COMBN,age+gender,employ_status,prevent_cvd_30yr_uacr,7606,14823138.522578,148,gaussian (identity),Unemployed,0.02350521744188,0.00330094731709331,4.81313314503216e-11,0.0170353607003771,0.0299750741833829,17.6821539052871,8.1048211343481e-10,3290,5513896.70380819
racethn_combn,Mexican-American,1999-2020,21.2,WTMEC.COMBN,age+gender,employ_status,prevent_cvd_30yr_uacr,6200,10639362.7916884,134,gaussian (identity),Full-time employed (Intercept),-0.165833352095469,0.00691135221987463,2.11151902548579e-49,-0.179379602446424,-0.152287101744515,4.01487616244719,0.00905627610360781,3158,6467147.79023119
racethn_combn,Mexican-American,1999-2020,21.2,WTMEC.COMBN,age+gender,employ_status,prevent_cvd_30yr_uacr,6200,10639362.7916884,134,gaussian (identity),Part-time employed,-0.00651470148961168,0.00782731969209085,0.406776108736161,-0.0218562480861097,0.00882684510688639,4.01487616244719,0.00905627610360781,446,797644.241852189
racethn_combn,Mexican-American,1999-2020,21.2,WTMEC.COMBN,age+gender,employ_status,prevent_cvd_30yr_uacr,6200,10639362.7916884,134,gaussian (identity),Student,0.0387491313731547,0.0392949323274082,0.325925021718038,-0.0382689359885654,0.115767198734875,4.01487616244719,0.00905627610360781,17,35592.8770029811
racethn_combn,Mexican-American,1999-2020,21.2,WTMEC.COMBN,age+gender,employ_status,prevent_cvd_30yr_uacr,6200,10639362.7916884,134,gaussian (identity),Unemployed,0.00919732467285788,0.00295463057656652,0.00228249378570491,0.00340624874278749,0.0149884006029283,4.01487616244719,0.00905627610360781,2579,3338977.88260204
racethn_combn,Other Hispanic,1999-2020,21.2,WTMEC.COMBN,age+gender,employ_status,prevent_cvd_30yr_uacr,3185,7991584.34418702,130,gaussian (identity),Full-time employed (Intercept),-0.161170629308915,0.00693578663292801,3.37479114372011e-47,-0.174764771109454,-0.147576487508376,4.87040998025801,0.00308312025869764,1560,4604495.26850325
racethn_combn,Other Hispanic,1999-2020,21.2,WTMEC.COMBN,age+gender,employ_status,prevent_cvd_30yr_uacr,3185,7991584.34418702,130,gaussian (identity),Part-time employed,-0.00274755763578823,0.0069361794277822,0.692692037102155,-0.0163424693142413,0.0108473540426649,4.87040998025801,0.00308312025869764,271,643889.562633094
racethn_combn,Other Hispanic,1999-2020,21.2,WTMEC.COMBN,age+gender,employ_status,prevent_cvd_30yr_uacr,3185,7991584.34418702,130,gaussian (identity),Student,-0.0392440171008123,0.0175955098827338,0.0275088177504704,-0.0737312164709705,-0.00475681773065414,4.87040998025801,0.00308312025869764,11,35742.8507209245
racethn_combn,Other Hispanic,1999-2020,21.2,WTMEC.COMBN,age+gender,employ_status,prevent_cvd_30yr_uacr,3185,7991584.34418702,130,gaussian (identity),Unemployed,0.0152507947057055,0.00609574309953609,0.013645591420919,0.00330313823061478,0.0271984511807963,4.87040998025801,0.00308312025869764,1343,2707456.66232975
racethn_combn,Other/Multi-Racial/NHAsian,1999-2020,21.2,WTMEC.COMBN,age+gender,employ_status,prevent_cvd_30yr_uacr,765,3972571.98691481,72,gaussian (identity),Full-time employed (Intercept),-0.171585561503621,0.0154638164648047,8.02333554203407e-17,-0.201894641774638,-0.141276481232603,4.075101971608,0.0101552716536171,401,2416982.57650198
racethn_combn,Other/Multi-Racial/NHAsian,1999-2020,21.2,WTMEC.COMBN,age+gender,employ_status,prevent_cvd_30yr_uacr,765,3972571.98691481,72,gaussian (identity),Part-time employed,-0.0262173371415371,0.0101855935726431,0.0122714395561052,-0.0461811005439175,-0.00625357373915667,4.075101971608,0.0101552716536171,59,289899.758545377
racethn_combn,Other/Multi-Racial/NHAsian,1999-2020,21.2,WTMEC.COMBN,age+gender,employ_status,prevent_cvd_30yr_uacr,765,3972571.98691481,72,gaussian (identity),Student,-0.0390377662441552,0.0164209892193616,0.0203015147056333,-0.0712229051141038,-0.00685262737420653,4.075101971608,0.0101552716536171,7,18029.0025528302
racethn_combn,Other/Multi-Racial/NHAsian,1999-2020,21.2,WTMEC.COMBN,age+gender,employ_status,prevent_cvd_30yr_uacr,765,3972571.98691481,72,gaussian (identity),Unemployed,0.00850559631775929,0.0104662611140549,0.419286697896865,-0.0120082754657882,0.0290194681013068,4.075101971608,0.0101552716536171,298,1247660.64931462
racethn_combn,NHAsian,1999-2020,21.2,WTMEC.COMBN,age+gender,employ_status,prevent_cvd_30yr_uacr,2002,3573589.03696523,66,gaussian (identity),Full-time employed (Intercept),-0.177663090971753,0.00890794167168633,2.04707868163181e-28,-0.195122656648258,-0.160203525295248,1.23092989181014,0.306228322244564,1142,2034968.45811515
racethn_combn,NHAsian,1999-2020,21.2,WTMEC.COMBN,age+gender,employ_status,prevent_cvd_30yr_uacr,2002,3573589.03696523,66,gaussian (identity),Part-time employed,-0.00864230055445014,0.00565449173367466,0.13158359870757,-0.0197251043524525,0.0024405032435522,1.23092989181014,0.306228322244564,189,342329.631672943
racethn_combn,NHAsian,1999-2020,21.2,WTMEC.COMBN,age+gender,employ_status,prevent_cvd_30yr_uacr,2002,3573589.03696523,66,gaussian (identity),Student,-0.0047934580414513,0.019717904782694,0.808742171671038,-0.0434405514155316,0.033853635332629,1.23092989181014,0.306228322244564,18,31387.5494484717
racethn_combn,NHAsian,1999-2020,21.2,WTMEC.COMBN,age+gender,employ_status,prevent_cvd_30yr_uacr,2002,3573589.03696523,66,gaussian (identity),Unemployed,0.00236205360752675,0.00550215019065348,0.669219988027911,-0.00842216076615406,0.0131462679812076,1.23092989181014,0.306228322244564,653,1164903.39772866
racethn_combn,Other/Multi-Racial,1999-2020,21.2,WTMEC.COMBN,age+gender,employ_status,prevent_cvd_30yr_uacr,562,2259923.37838738,62,gaussian (identity),Full-time employed (Intercept),-0.0977782542981543,0.0198098193666147,7.30220048077985e-06,-0.136605500256719,-0.0589510083395895,2.48210183744812,0.0700457198974009,263,1165739.776853
racethn_combn,Other/Multi-Racial,1999-2020,21.2,WTMEC.COMBN,age+gender,employ_status,prevent_cvd_30yr_uacr,562,2259923.37838738,62,gaussian (identity),Part-time employed,-0.0169350114914551,0.0175623012051261,0.338977888428334,-0.0513571218535021,0.017487098870592,2.48210183744812,0.0700457198974009,65,243820.89357751
racethn_combn,Other/Multi-Racial,1999-2020,21.2,WTMEC.COMBN,age+gender,employ_status,prevent_cvd_30yr_uacr,562,2259923.37838738,62,gaussian (identity),Student,0.143137990836142,0.0776742907801112,0.0705609585988111,-0.00910361909287638,0.295379600765159,2.48210183744812,0.0700457198974009,3,8867.34842875472
racethn_combn,Other/Multi-Racial,1999-2020,21.2,WTMEC.COMBN,age+gender,employ_status,prevent_cvd_30yr_uacr,562,2259923.37838738,62,gaussian (identity),Unemployed,0.0245124886385923,0.01382867509613,0.0816413887747886,-0.00259171454982253,0.051616691827007,2.48210183744812,0.0700457198974009,231,841495.359528113
racethn_combn,NHW,1999-2020,21.2,WTMEC.COMBN,age+gender,employ_status,prevent_cvd_30yr_full,15654,103555304.211174,162,gaussian (identity),Full-time employed (Intercept),-0.105851095797822,0.00311763971084543,3.23019307865147e-74,-0.111961669631079,-0.0997405219645648,11.08377049652,1.2203020475846e-06,7303,57607328.9932564
racethn_combn,NHW,1999-2020,21.2,WTMEC.COMBN,age+gender,employ_status,prevent_cvd_30yr_full,15654,103555304.211174,162,gaussian (identity),Part-time employed,-0.00784149612147079,0.00245847283692678,0.00172042403267847,-0.0126601028818473,-0.0030228893610943,11.08377049652,1.2203020475846e-06,1567,10133974.7312672
racethn_combn,NHW,1999-2020,21.2,WTMEC.COMBN,age+gender,employ_status,prevent_cvd_30yr_full,15654,103555304.211174,162,gaussian (identity),Student,0.00580529550166324,0.0109864217686205,0.597963439305452,-0.0157280911648329,0.0273386821681594,11.08377049652,1.2203020475846e-06,54,257311.534320359
racethn_combn,NHW,1999-2020,21.2,WTMEC.COMBN,age+gender,employ_status,prevent_cvd_30yr_full,15654,103555304.211174,162,gaussian (identity),Unemployed,0.00458893793686549,0.0018781484306444,0.0156605726062587,0.000907767012802456,0.00827010886092852,11.08377049652,1.2203020475846e-06,6730,35556688.9523302
racethn_combn,NHB,1999-2020,21.2,WTMEC.COMBN,age+gender,employ_status,prevent_cvd_30yr_full,7583,14778817.5072541,148,gaussian (identity),Full-time employed (Intercept),-0.104201410251405,0.00521264646396416,3.01872301884017e-43,-0.114418197320775,-0.0939846231820353,13.5790831040781,7.60952648308992e-08,3715,8123952.66013793
racethn_combn,NHB,1999-2020,21.2,WTMEC.COMBN,age+gender,employ_status,prevent_cvd_30yr_full,7583,14778817.5072541,148,gaussian (identity),Part-time employed,0.00588082387988051,0.00571937449450762,0.305578424032457,-0.00532915012935443,0.0170907978891155,13.5790831040781,7.60952648308992e-08,540,1040433.91397734
racethn_combn,NHB,1999-2020,21.2,WTMEC.COMBN,age+gender,employ_status,prevent_cvd_30yr_full,7583,14778817.5072541,148,gaussian (identity),Student,-0.0119236972869498,0.0164044973392422,0.468502745091786,-0.0440765120718644,0.0202291174979649,13.5790831040781,7.60952648308992e-08,46,109513.252616623
racethn_combn,NHB,1999-2020,21.2,WTMEC.COMBN,age+gender,employ_status,prevent_cvd_30yr_full,7583,14778817.5072541,148,gaussian (identity),Unemployed,0.0194233041727685,0.00312514698910843,5.2978125338667e-09,0.013298016074116,0.025548592271421,13.5790831040781,7.60952648308992e-08,3282,5504917.68052219
racethn_combn,Mexican-American,1999-2020,21.2,WTMEC.COMBN,age+gender,employ_status,prevent_cvd_30yr_full,6195,10628782.7768089,134,gaussian (identity),Full-time employed (Intercept),-0.151325256483163,0.00689756661759767,2.29720094461675e-45,-0.164844487053654,-0.137806025912671,2.86657497373504,0.0391784067667647,3155,6461101.1002976
racethn_combn,Mexican-American,1999-2020,21.2,WTMEC.COMBN,age+gender,employ_status,prevent_cvd_30yr_full,6195,10628782.7768089,134,gaussian (identity),Part-time employed,-0.0051609856853068,0.00830868986645859,0.535593576602371,-0.0214460178235656,0.011124046452952,2.86657497373504,0.0391784067667647,445,793912.728219359
racethn_combn,Mexican-American,1999-2020,21.2,WTMEC.COMBN,age+gender,employ_status,prevent_cvd_30yr_full,6195,10628782.7768089,134,gaussian (identity),Student,0.0311006655131266,0.0335210878214613,0.355247109612663,-0.0346006666169375,0.0968019976431906,2.86657497373504,0.0391784067667647,17,35592.8770029811
racethn_combn,Mexican-American,1999-2020,21.2,WTMEC.COMBN,age+gender,employ_status,prevent_cvd_30yr_full,6195,10628782.7768089,134,gaussian (identity),Unemployed,0.00752477340127087,0.002880614580789,0.0100631480527617,0.00187876882292443,0.0131707779796173,2.86657497373504,0.0391784067667647,2578,3338176.07128892
racethn_combn,Other Hispanic,1999-2020,21.2,WTMEC.COMBN,age+gender,employ_status,prevent_cvd_30yr_full,3179,7972449.92786919,130,gaussian (identity),Full-time employed (Intercept),-0.145341566702506,0.0067451457022819,6.52229713158061e-44,-0.158562052278978,-0.132121081126033,5.27622562062213,0.0018488733034893,1556,4588976.89807334
racethn_combn,Other Hispanic,1999-2020,21.2,WTMEC.COMBN,age+gender,employ_status,prevent_cvd_30yr_full,3179,7972449.92786919,130,gaussian (identity),Part-time employed,-0.00201455650210816,0.00694184062892031,0.772140330426562,-0.015620564134792,0.0115914511305756,5.27622562062213,0.0018488733034893,271,643889.562633094
racethn_combn,Other Hispanic,1999-2020,21.2,WTMEC.COMBN,age+gender,employ_status,prevent_cvd_30yr_full,3179,7972449.92786919,130,gaussian (identity),Student,-0.0398926546450061,0.0153629669571634,0.0105412736929316,-0.0700040698810463,-0.0097812394089659,5.27622562062213,0.0018488733034893,11,35742.8507209245
racethn_combn,Other Hispanic,1999-2020,21.2,WTMEC.COMBN,age+gender,employ_status,prevent_cvd_30yr_full,3179,7972449.92786919,130,gaussian (identity),Unemployed,0.0141853251972005,0.00599482541785876,0.0195053940665025,0.00243546737819734,0.0259351830162037,5.27622562062213,0.0018488733034893,1341,2703840.61644183
racethn_combn,Other/Multi-Racial/NHAsian,1999-2020,21.2,WTMEC.COMBN,age+gender,employ_status,prevent_cvd_30yr_full,762,3957685.58718811,72,gaussian (identity),Full-time employed (Intercept),-0.157590956243306,0.0146434131440413,3.01067649762605e-16,-0.186292046005627,-0.128889866480985,4.750970677057,0.00460030029307737,400,2410282.87553019
racethn_combn,Other/Multi-Racial/NHAsian,1999-2020,21.2,WTMEC.COMBN,age+gender,employ_status,prevent_cvd_30yr_full,762,3957685.58718811,72,gaussian (identity),Part-time employed,-0.0255692003399015,0.00917428749813775,0.00691363721803966,-0.0435508038362515,-0.00758759684355155,4.750970677057,0.00460030029307737,59,289899.758545377
racethn_combn,Other/Multi-Racial/NHAsian,1999-2020,21.2,WTMEC.COMBN,age+gender,employ_status,prevent_cvd_30yr_full,762,3957685.58718811,72,gaussian (identity),Student,-0.0390507684221039,0.0145919589364941,0.0093523218770636,-0.0676510079376323,-0.0104505289065755,4.750970677057,0.00460030029307737,7,18029.0025528302
racethn_combn,Other/Multi-Racial/NHAsian,1999-2020,21.2,WTMEC.COMBN,age+gender,employ_status,prevent_cvd_30yr_full,762,3957685.58718811,72,gaussian (identity),Unemployed,0.00808169460041759,0.00975062890724217,0.410138957216072,-0.0110295380577771,0.0271929272586122,4.750970677057,0.00460030029307737,296,1239473.95055972
racethn_combn,NHAsian,1999-2020,21.2,WTMEC.COMBN,age+gender,employ_status,prevent_cvd_30yr_full,2001,3572410.04707155,66,gaussian (identity),Full-time employed (Intercept),-0.159709038040296,0.00827682060209737,1.17166755462381e-27,-0.175931606420407,-0.143486469660186,1.37990514373097,0.257419448674705,1142,2034968.45811515
racethn_combn,NHAsian,1999-2020,21.2,WTMEC.COMBN,age+gender,employ_status,prevent_cvd_30yr_full,2001,3572410.04707155,66,gaussian (identity),Part-time employed,-0.00958408033795066,0.00525420654408814,0.0730394066417274,-0.0198823251643634,0.000714164488462088,1.37990514373097,0.257419448674705,189,342329.631672943
racethn_combn,NHAsian,1999-2020,21.2,WTMEC.COMBN,age+gender,employ_status,prevent_cvd_30yr_full,2001,3572410.04707155,66,gaussian (identity),Student,-0.00900178408368401,0.0175153797073606,0.609153538031305,-0.0433319283101108,0.0253283601427428,1.37990514373097,0.257419448674705,18,31387.5494484717
racethn_combn,NHAsian,1999-2020,21.2,WTMEC.COMBN,age+gender,employ_status,prevent_cvd_30yr_full,2001,3572410.04707155,66,gaussian (identity),Unemployed,-0.000459044012228357,0.00505916328658294,0.928000322011484,-0.0103750040539309,0.0094569160294742,1.37990514373097,0.257419448674705,652,1163724.40783498
racethn_combn,Other/Multi-Racial,1999-2020,21.2,WTMEC.COMBN,age+gender,employ_status,prevent_cvd_30yr_full,562,2259923.37838738,62,gaussian (identity),Full-time employed (Intercept),-0.0905407838302523,0.0198087488731476,2.65805816225e-05,-0.129365931621622,-0.051715636038883,1.84176896404563,0.14986040862138,263,1165739.776853
racethn_combn,Other/Multi-Racial,1999-2020,21.2,WTMEC.COMBN,age+gender,employ_status,prevent_cvd_30yr_full,562,2259923.37838738,62,gaussian (identity),Part-time employed,-0.0139210639007481,0.0180890110942188,0.44472266178094,-0.0493755256454169,0.0215333978439206,1.84176896404563,0.14986040862138,65,243820.89357751
racethn_combn,Other/Multi-Racial,1999-2020,21.2,WTMEC.COMBN,age+gender,employ_status,prevent_cvd_30yr_full,562,2259923.37838738,62,gaussian (identity),Student,0.118096422650029,0.0667643376648201,0.0822683403180773,-0.0127616791730187,0.248954524473076,1.84176896404563,0.14986040862138,3,8867.34842875472
racethn_combn,Other/Multi-Racial,1999-2020,21.2,WTMEC.COMBN,age+gender,employ_status,prevent_cvd_30yr_full,562,2259923.37838738,62,gaussian (identity),Unemployed,0.0177352663352327,0.013440841035922,0.192275755949598,-0.00860878209517454,0.0440793147656399,1.84176896404563,0.14986040862138,231,841495.359528113
racethn_combn,NHW,1999-2020,21.2,WTMEC.COMBN,age+gender,employ_status,prevent_ascvd_10yr_base,15804,104294356.645491,162,gaussian (identity),Full-time employed (Intercept),-0.0968748889444841,0.00116555766110324,1.07333718854997e-131,-0.0991593819602464,-0.0945903959287217,135.492286048037,2.32507488908534e-43,7340,57861598.7746399
racethn_combn,NHW,1999-2020,21.2,WTMEC.COMBN,age+gender,employ_status,prevent_ascvd_10yr_base,15804,104294356.645491,162,gaussian (identity),Part-time employed,0.00358852951270426,0.00109021363301024,0.00123054626042218,0.00145171079200418,0.00572534823340433,135.492286048037,2.32507488908534e-43,1574,10160076.1206335
racethn_combn,NHW,1999-2020,21.2,WTMEC.COMBN,age+gender,employ_status,prevent_ascvd_10yr_base,15804,104294356.645491,162,gaussian (identity),Student,0.00804028393169399,0.00320727446828923,0.0131974540074336,0.00175402597384709,0.0143265418895409,135.492286048037,2.32507488908534e-43,54,257311.534320359
racethn_combn,NHW,1999-2020,21.2,WTMEC.COMBN,age+gender,employ_status,prevent_ascvd_10yr_base,15804,104294356.645491,162,gaussian (identity),Unemployed,0.0138569253712776,0.000720073349542877,3.7498964291469e-43,0.0124455816061736,0.0152682691363816,135.492286048037,2.32507488908534e-43,6836,36015370.2158972
racethn_combn,NHB,1999-2020,21.2,WTMEC.COMBN,age+gender,employ_status,prevent_ascvd_10yr_base,7705,14990590.6849992,148,gaussian (identity),Full-time employed (Intercept),-0.0981741328353821,0.00187814624327547,4.4120594533372e-95,-0.101855299472202,-0.0944929661985622,41.2572229608619,2.85807831487464e-19,3746,8191034.4883923
racethn_combn,NHB,1999-2020,21.2,WTMEC.COMBN,age+gender,employ_status,prevent_ascvd_10yr_base,7705,14990590.6849992,148,gaussian (identity),Part-time employed,0.00554553595182176,0.00213562688202753,0.010396342975699,0.0013597072630478,0.00973136464059571,41.2572229608619,2.85807831487464e-19,552,1066402.48631594
racethn_combn,NHB,1999-2020,21.2,WTMEC.COMBN,age+gender,employ_status,prevent_ascvd_10yr_base,7705,14990590.6849992,148,gaussian (identity),Student,0.00414139813862369,0.00541056355291144,0.445278054235095,-0.00646330642508273,0.0147461027023301,41.2572229608619,2.85807831487464e-19,46,109513.252616623
racethn_combn,NHB,1999-2020,21.2,WTMEC.COMBN,age+gender,employ_status,prevent_ascvd_10yr_base,7705,14990590.6849992,148,gaussian (identity),Unemployed,0.0148540281406779,0.00134027848486726,5.4360695026799e-21,0.012227082310338,0.0174809739710177,41.2572229608619,2.85807831487464e-19,3361,5623640.45767434
racethn_combn,Mexican-American,1999-2020,21.2,WTMEC.COMBN,age+gender,employ_status,prevent_ascvd_10yr_base,6231,10680212.6820149,134,gaussian (identity),Full-time employed (Intercept),-0.103129984067353,0.00213608222257994,1.88602006176286e-84,-0.10731670522361,-0.0989432629110965,33.5080564641352,4.40823742822486e-16,3166,6481726.90394723
racethn_combn,Mexican-American,1999-2020,21.2,WTMEC.COMBN,age+gender,employ_status,prevent_ascvd_10yr_base,6231,10680212.6820149,134,gaussian (identity),Part-time employed,0.00182223130939981,0.00237449924257711,0.444235910876752,-0.00283178720605132,0.00647624982485095,33.5080564641352,4.40823742822486e-16,448,802970.447069453
racethn_combn,Mexican-American,1999-2020,21.2,WTMEC.COMBN,age+gender,employ_status,prevent_ascvd_10yr_base,6231,10680212.6820149,134,gaussian (identity),Student,0.0109781233479969,0.00932336729858496,0.241169897309225,-0.00729567655722959,0.0292519232532234,33.5080564641352,4.40823742822486e-16,17,35592.8770029811
racethn_combn,Mexican-American,1999-2020,21.2,WTMEC.COMBN,age+gender,employ_status,prevent_ascvd_10yr_base,6231,10680212.6820149,134,gaussian (identity),Unemployed,0.0110825785093969,0.00111614654870415,1.31736321763461e-17,0.00889493127393682,0.0132702257448571,33.5080564641352,4.40823742822486e-16,2600,3359922.45399525
racethn_combn,Other Hispanic,1999-2020,21.2,WTMEC.COMBN,age+gender,employ_status,prevent_ascvd_10yr_base,3200,8021369.28767066,130,gaussian (identity),Full-time employed (Intercept),-0.101247683854022,0.00269443106820802,5.7599114773412e-70,-0.10652876874771,-0.0959665989603342,18.7918697543243,4.00251990901328e-10,1563,4615443.63379145
racethn_combn,Other Hispanic,1999-2020,21.2,WTMEC.COMBN,age+gender,employ_status,prevent_ascvd_10yr_base,3200,8021369.28767066,130,gaussian (identity),Part-time employed,0.00408053535207707,0.00267895253484995,0.130238807958995,-0.00117021161622884,0.00933128232038298,18.7918697543243,4.00251990901328e-10,271,643889.562633094
racethn_combn,Other Hispanic,1999-2020,21.2,WTMEC.COMBN,age+gender,employ_status,prevent_ascvd_10yr_base,3200,8021369.28767066,130,gaussian (identity),Student,-0.0018451401708595,0.00597201290528663,0.75786287565901,-0.0135502854652213,0.00986000512350229,18.7918697543243,4.00251990901328e-10,11,35742.8507209245
racethn_combn,Other Hispanic,1999-2020,21.2,WTMEC.COMBN,age+gender,employ_status,prevent_ascvd_10yr_base,3200,8021369.28767066,130,gaussian (identity),Unemployed,0.0133906229889862,0.00181470579216903,1.94822371509349e-11,0.0098337996363349,0.0169474463416375,18.7918697543243,4.00251990901328e-10,1355,2726293.24052519
racethn_combn,Other/Multi-Racial/NHAsian,1999-2020,21.2,WTMEC.COMBN,age+gender,employ_status,prevent_ascvd_10yr_base,772,4008693.09402991,73,gaussian (identity),Full-time employed (Intercept),-0.100401884054879,0.0058457946152883,1.98104432891231e-26,-0.111859641500844,-0.0889441266089143,6.68718316816982,0.000505817314925773,403,2434673.05067255
racethn_combn,Other/Multi-Racial/NHAsian,1999-2020,21.2,WTMEC.COMBN,age+gender,employ_status,prevent_ascvd_10yr_base,772,4008693.09402991,73,gaussian (identity),Part-time employed,-0.00870392106433581,0.00463599577957031,0.0647440474902077,-0.0177904727922936,0.000382630663621982,6.68718316816982,0.000505817314925773,59,289899.758545377
racethn_combn,Other/Multi-Racial/NHAsian,1999-2020,21.2,WTMEC.COMBN,age+gender,employ_status,prevent_ascvd_10yr_base,772,4008693.09402991,73,gaussian (identity),Student,-0.00940072833696743,0.00378556883896407,0.0154880310484341,-0.016820443261337,-0.00198101341259784,6.68718316816982,0.000505817314925773,7,18029.0025528302
racethn_combn,Other/Multi-Racial/NHAsian,1999-2020,21.2,WTMEC.COMBN,age+gender,employ_status,prevent_ascvd_10yr_base,772,4008693.09402991,73,gaussian (identity),Unemployed,0.00984049481885828,0.0034824361712428,0.00618703508137662,0.0030149199232224,0.0166660697144942,6.68718316816982,0.000505817314925773,303,1266091.28225915
racethn_combn,NHAsian,1999-2020,21.2,WTMEC.COMBN,age+gender,employ_status,prevent_ascvd_10yr_base,2011,3588963.70190915,66,gaussian (identity),Full-time employed (Intercept),-0.103609139665792,0.00296651377575472,4.91697556847534e-42,-0.109423506666272,-0.097794772665313,12.0547453452324,2.69207813452381e-06,1147,2045351.58412945
racethn_combn,NHAsian,1999-2020,21.2,WTMEC.COMBN,age+gender,employ_status,prevent_ascvd_10yr_base,2011,3588963.70190915,66,gaussian (identity),Part-time employed,0.00181392467055206,0.00222413733677686,0.4179231403924,-0.00254538450953059,0.00617323385063471,12.0547453452324,2.69207813452381e-06,189,342329.631672943
racethn_combn,NHAsian,1999-2020,21.2,WTMEC.COMBN,age+gender,employ_status,prevent_ascvd_10yr_base,2011,3588963.70190915,66,gaussian (identity),Student,0.00335668027832965,0.0044490353883653,0.453467721630045,-0.00536342908286634,0.0120767896395256,12.0547453452324,2.69207813452381e-06,18,31387.5494484717
racethn_combn,NHAsian,1999-2020,21.2,WTMEC.COMBN,age+gender,employ_status,prevent_ascvd_10yr_base,2011,3588963.70190915,66,gaussian (identity),Unemployed,0.0110703185981921,0.00188659029963832,1.94645721694167e-07,0.007372601610901,0.0147680355854832,12.0547453452324,2.69207813452381e-06,657,1169894.93665828
racethn_combn,Other/Multi-Racial,1999-2020,21.2,WTMEC.COMBN,age+gender,employ_status,prevent_ascvd_10yr_base,567,2270467.9633047,62,gaussian (identity),Full-time employed (Intercept),-0.0936235925276244,0.00702659036243471,3.73077555833008e-19,-0.107395709637996,-0.0798514754172524,2.77877427645831,0.0492752792676648,266,1170880.81103051
racethn_combn,Other/Multi-Racial,1999-2020,21.2,WTMEC.COMBN,age+gender,employ_status,prevent_ascvd_10yr_base,567,2270467.9633047,62,gaussian (identity),Part-time employed,-0.00200541587297062,0.00621552315662761,0.748143629075198,-0.0141878412599607,0.0101770095140195,2.77877427645831,0.0492752792676648,65,243820.89357751
racethn_combn,Other/Multi-Racial,1999-2020,21.2,WTMEC.COMBN,age+gender,employ_status,prevent_ascvd_10yr_base,567,2270467.9633047,62,gaussian (identity),Student,0.0395633670887317,0.021358496616095,0.0691563969322803,-0.00229928627881449,0.0814260204562779,2.77877427645831,0.0492752792676648,3,8867.34842875472
racethn_combn,Other/Multi-Racial,1999-2020,21.2,WTMEC.COMBN,age+gender,employ_status,prevent_ascvd_10yr_base,567,2270467.9633047,62,gaussian (identity),Unemployed,0.012717668334383,0.00572081802715111,0.0301934031016855,0.0015048650011668,0.0239304716675991,2.77877427645831,0.0492752792676648,233,846898.910267925
racethn_combn,NHW,1999-2020,21.2,WTMEC.COMBN,age+gender,employ_status,prevent_ascvd_10yr_hba1c,15788,104192519.360674,162,gaussian (identity),Full-time employed (Intercept),-0.0957976428338194,0.00109606114139314,4.71595112667718e-135,-0.0979459226709499,-0.0936493629966888,137.08028810987,1.20254456083689e-43,7332,57798237.9796719
racethn_combn,NHW,1999-2020,21.2,WTMEC.COMBN,age+gender,employ_status,prevent_ascvd_10yr_hba1c,15788,104192519.360674,162,gaussian (identity),Part-time employed,0.00294326719683282,0.000993318923017766,0.00352037346745211,0.000996362107718002,0.00489017228594765,137.08028810987,1.20254456083689e-43,1574,10160076.1206335
racethn_combn,NHW,1999-2020,21.2,WTMEC.COMBN,age+gender,employ_status,prevent_ascvd_10yr_hba1c,15788,104192519.360674,162,gaussian (identity),Student,0.00861089912990504,0.00336679576628883,0.0114869522949455,0.00201197942797893,0.0152098188318312,137.08028810987,1.20254456083689e-43,54,257311.534320359
racethn_combn,NHW,1999-2020,21.2,WTMEC.COMBN,age+gender,employ_status,prevent_ascvd_10yr_hba1c,15788,104192519.360674,162,gaussian (identity),Unemployed,0.0131610230221512,0.000692033510123113,1.37685994724655e-42,0.0118046373423099,0.0145174087019925,137.08028810987,1.20254456083689e-43,6828,35976893.7260482
racethn_combn,NHB,1999-2020,21.2,WTMEC.COMBN,age+gender,employ_status,prevent_ascvd_10yr_hba1c,7681,14945154.7945039,148,gaussian (identity),Full-time employed (Intercept),-0.0977771731447866,0.00185872085861439,1.86179141940753e-95,-0.101420266027671,-0.0941340802619024,38.4829826060261,2.70568676961272e-18,3735,8166416.44904045
racethn_combn,NHB,1999-2020,21.2,WTMEC.COMBN,age+gender,employ_status,prevent_ascvd_10yr_hba1c,7681,14945154.7945039,148,gaussian (identity),Part-time employed,0.00454910631562077,0.00207633692343891,0.0300762506846814,0.000479485945680498,0.00861872668556104,38.4829826060261,2.70568676961272e-18,548,1055678.53362991
racethn_combn,NHB,1999-2020,21.2,WTMEC.COMBN,age+gender,employ_status,prevent_ascvd_10yr_hba1c,7681,14945154.7945039,148,gaussian (identity),Student,0.0029896144640733,0.00484026409519955,0.537784981340193,-0.00649730316251782,0.0124765320906644,38.4829826060261,2.70568676961272e-18,46,109513.252616623
racethn_combn,NHB,1999-2020,21.2,WTMEC.COMBN,age+gender,employ_status,prevent_ascvd_10yr_hba1c,7681,14945154.7945039,148,gaussian (identity),Unemployed,0.0137353252862917,0.00128018359675608,4.53984286902231e-20,0.0112261654366497,0.0162444851359336,38.4829826060261,2.70568676961272e-18,3352,5613546.55921693
racethn_combn,Mexican-American,1999-2020,21.2,WTMEC.COMBN,age+gender,employ_status,prevent_ascvd_10yr_hba1c,6226,10669632.6671354,134,gaussian (identity),Full-time employed (Intercept),-0.1028694124583,0.0021597377600455,9.86951326875598e-84,-0.107102498467989,-0.098636326448611,30.880397190102,4.1062926806769e-15,3163,6475680.21401364
racethn_combn,Mexican-American,1999-2020,21.2,WTMEC.COMBN,age+gender,employ_status,prevent_ascvd_10yr_hba1c,6226,10669632.6671354,134,gaussian (identity),Part-time employed,0.00298244804890887,0.00293611004659313,0.31163453084448,-0.00277232764241366,0.0087372237402314,30.880397190102,4.1062926806769e-15,447,799238.933436623
racethn_combn,Mexican-American,1999-2020,21.2,WTMEC.COMBN,age+gender,employ_status,prevent_ascvd_10yr_hba1c,6226,10669632.6671354,134,gaussian (identity),Student,0.00886492713791163,0.00737651203397475,0.231651287656443,-0.00559303644867887,0.0233228907245021,30.880397190102,4.1062926806769e-15,17,35592.8770029811
racethn_combn,Mexican-American,1999-2020,21.2,WTMEC.COMBN,age+gender,employ_status,prevent_ascvd_10yr_hba1c,6226,10669632.6671354,134,gaussian (identity),Unemployed,0.0111853108681195,0.00116999077236891,1.06823775604258e-16,0.00889212895427647,0.0134784927819626,30.880397190102,4.1062926806769e-15,2599,3359120.64268213
racethn_combn,Other Hispanic,1999-2020,21.2,WTMEC.COMBN,age+gender,employ_status,prevent_ascvd_10yr_hba1c,3194,8002234.87135283,130,gaussian (identity),Full-time employed (Intercept),-0.101620007675957,0.00246766740630605,1.43773447127562e-74,-0.106456635792317,-0.0967833795595974,16.151292826932,6.20160408199678e-09,1559,4599925.26336155
racethn_combn,Other Hispanic,1999-2020,21.2,WTMEC.COMBN,age+gender,employ_status,prevent_ascvd_10yr_hba1c,3194,8002234.87135283,130,gaussian (identity),Part-time employed,0.00463970576608073,0.00295356324170565,0.118737442184254,-0.00114927818766234,0.0104286897198238,16.151292826932,6.20160408199678e-09,271,643889.562633094
racethn_combn,Other Hispanic,1999-2020,21.2,WTMEC.COMBN,age+gender,employ_status,prevent_ascvd_10yr_hba1c,3194,8002234.87135283,130,gaussian (identity),Student,-0.00275302316419009,0.00552353164049699,0.619065887139,-0.0135791451795642,0.00807309885118401,16.151292826932,6.20160408199678e-09,11,35742.8507209245
racethn_combn,Other Hispanic,1999-2020,21.2,WTMEC.COMBN,age+gender,employ_status,prevent_ascvd_10yr_hba1c,3194,8002234.87135283,130,gaussian (identity),Unemployed,0.0132041808927088,0.00193175494979705,3.21255173598841e-10,0.00941794119110662,0.016990420594311,16.151292826932,6.20160408199678e-09,1353,2722677.19463726
racethn_combn,Other/Multi-Racial/NHAsian,1999-2020,21.2,WTMEC.COMBN,age+gender,employ_status,prevent_ascvd_10yr_hba1c,769,3993806.69430321,73,gaussian (identity),Full-time employed (Intercept),-0.102088295489974,0.00596824188445261,2.48247440356821e-26,-0.113786049583501,-0.0903905413964469,6.82557040763452,0.000434104690305466,402,2427973.34970075
racethn_combn,Other/Multi-Racial/NHAsian,1999-2020,21.2,WTMEC.COMBN,age+gender,employ_status,prevent_ascvd_10yr_hba1c,769,3993806.69430321,73,gaussian (identity),Part-time employed,-0.00898030308942047,0.0040335283764493,0.0293028736030495,-0.0168860187072611,-0.00107458747157984,6.82557040763452,0.000434104690305466,59,289899.758545377
racethn_combn,Other/Multi-Racial/NHAsian,1999-2020,21.2,WTMEC.COMBN,age+gender,employ_status,prevent_ascvd_10yr_hba1c,769,3993806.69430321,73,gaussian (identity),Student,-0.00776302436027364,0.00381006812171237,0.0454934117428421,-0.0152307578788299,-0.000295290841717401,6.82557040763452,0.000434104690305466,7,18029.0025528302
racethn_combn,Other/Multi-Racial/NHAsian,1999-2020,21.2,WTMEC.COMBN,age+gender,employ_status,prevent_ascvd_10yr_hba1c,769,3993806.69430321,73,gaussian (identity),Unemployed,0.0110975025002204,0.0033117218760328,0.0013176503649817,0.00460652762319615,0.0175884773772447,6.82557040763452,0.000434104690305466,301,1257904.58350425
racethn_combn,NHAsian,1999-2020,21.2,WTMEC.COMBN,age+gender,employ_status,prevent_ascvd_10yr_hba1c,2010,3587784.71201547,66,gaussian (identity),Full-time employed (Intercept),-0.104167300667,0.00276047670804304,5.39089552301242e-44,-0.109577835014764,-0.0987567663192355,11.8406287523007,3.2786197966877e-06,1147,2045351.58412945
racethn_combn,NHAsian,1999-2020,21.2,WTMEC.COMBN,age+gender,employ_status,prevent_ascvd_10yr_hba1c,2010,3587784.71201547,66,gaussian (identity),Part-time employed,0.0015776777470274,0.00212611821309345,0.460907124447982,-0.00258951395063577,0.00574486944469057,11.8406287523007,3.2786197966877e-06,189,342329.631672943
racethn_combn,NHAsian,1999-2020,21.2,WTMEC.COMBN,age+gender,employ_status,prevent_ascvd_10yr_hba1c,2010,3587784.71201547,66,gaussian (identity),Student,0.00205110278631372,0.00403553991899042,0.613104341460995,-0.00585855545490751,0.00996076102753494,11.8406287523007,3.2786197966877e-06,18,31387.5494484717
racethn_combn,NHAsian,1999-2020,21.2,WTMEC.COMBN,age+gender,employ_status,prevent_ascvd_10yr_hba1c,2010,3587784.71201547,66,gaussian (identity),Unemployed,0.0110199288326215,0.00188438861406787,2.10130950710116e-07,0.00732652714904842,0.0147133305161945,11.8406287523007,3.2786197966877e-06,656,1168715.9467646
racethn_combn,Other/Multi-Racial,1999-2020,21.2,WTMEC.COMBN,age+gender,employ_status,prevent_ascvd_10yr_hba1c,567,2270467.9633047,62,gaussian (identity),Full-time employed (Intercept),-0.0966952476032775,0.00814913431172357,4.93486301491354e-17,-0.112667550854256,-0.0807229443522993,1.57811417045862,0.20463256266647,266,1170880.81103051
racethn_combn,Other/Multi-Racial,1999-2020,21.2,WTMEC.COMBN,age+gender,employ_status,prevent_ascvd_10yr_hba1c,567,2270467.9633047,62,gaussian (identity),Part-time employed,-5.71464590330044e-05,0.00722784200854449,0.993719251125487,-0.0142237167957802,0.0141094238777142,1.57811417045862,0.20463256266647,65,243820.89357751
racethn_combn,Other/Multi-Racial,1999-2020,21.2,WTMEC.COMBN,age+gender,employ_status,prevent_ascvd_10yr_hba1c,567,2270467.9633047,62,gaussian (identity),Student,0.028640981594964,0.0172292082460961,0.1019328364596,-0.00512826656738426,0.0624102297573123,1.57811417045862,0.20463256266647,3,8867.34842875472
racethn_combn,Other/Multi-Racial,1999-2020,21.2,WTMEC.COMBN,age+gender,employ_status,prevent_ascvd_10yr_hba1c,567,2270467.9633047,62,gaussian (identity),Unemployed,0.00982335137144243,0.00635763789801367,0.127850201573889,-0.00263761890866435,0.0222843216515492,1.57811417045862,0.20463256266647,233,846898.910267925
racethn_combn,NHW,1999-2020,21.2,WTMEC.COMBN,age+gender,employ_status,prevent_ascvd_10yr_uacr,15669,103653535.825074,162,gaussian (identity),Full-time employed (Intercept),-0.0936613183980937,0.00119039635565443,4.80382930421632e-128,-0.0959944952551764,-0.091328141541011,137.537186291636,9.95772482553399e-44,7311,57670689.7882244
racethn_combn,NHW,1999-2020,21.2,WTMEC.COMBN,age+gender,employ_status,prevent_ascvd_10yr_uacr,15669,103653535.825074,162,gaussian (identity),Part-time employed,0.00268324893261953,0.00102699096323992,0.00985487837657627,0.000670346644669291,0.00469615122056977,137.537186291636,9.95772482553399e-44,1567,10133974.7312672
racethn_combn,NHW,1999-2020,21.2,WTMEC.COMBN,age+gender,employ_status,prevent_ascvd_10yr_uacr,15669,103653535.825074,162,gaussian (identity),Student,0.00727963036074771,0.00254068033479568,0.00473816006666703,0.00229989690454818,0.0122593638169472,137.537186291636,9.95772482553399e-44,54,257311.534320359
racethn_combn,NHW,1999-2020,21.2,WTMEC.COMBN,age+gender,employ_status,prevent_ascvd_10yr_uacr,15669,103653535.825074,162,gaussian (identity),Unemployed,0.0141178814796139,0.000737458794739718,6.65725924485501e-43,0.012672462241924,0.0155633007173037,137.537186291636,9.95772482553399e-44,6737,35591559.7712624
racethn_combn,NHB,1999-2020,21.2,WTMEC.COMBN,age+gender,employ_status,prevent_ascvd_10yr_uacr,7606,14823138.522578,148,gaussian (identity),Full-time employed (Intercept),-0.0979276468495301,0.00201309674872929,7.47845290470778e-91,-0.10187331647704,-0.0939819772220207,43.2868554068674,5.76323680889625e-20,3726,8148570.69948977
racethn_combn,NHB,1999-2020,21.2,WTMEC.COMBN,age+gender,employ_status,prevent_ascvd_10yr_uacr,7606,14823138.522578,148,gaussian (identity),Part-time employed,0.00522855465130527,0.00221473131002839,0.0195849067218096,0.000887681283649637,0.00956942801896091,43.2868554068674,5.76323680889625e-20,544,1051157.86666338
racethn_combn,NHB,1999-2020,21.2,WTMEC.COMBN,age+gender,employ_status,prevent_ascvd_10yr_uacr,7606,14823138.522578,148,gaussian (identity),Student,0.0042330196780917,0.00511124490792957,0.408949862007021,-0.00578502034145025,0.0142510596976336,43.2868554068674,5.76323680889625e-20,46,109513.252616623
racethn_combn,NHB,1999-2020,21.2,WTMEC.COMBN,age+gender,employ_status,prevent_ascvd_10yr_uacr,7606,14823138.522578,148,gaussian (identity),Unemployed,0.0154007306309355,0.0013574774150648,1.12277254693493e-21,0.0127400748974085,0.0180613863644625,43.2868554068674,5.76323680889625e-20,3290,5513896.70380819
racethn_combn,Mexican-American,1999-2020,21.2,WTMEC.COMBN,age+gender,employ_status,prevent_ascvd_10yr_uacr,6200,10639362.7916884,134,gaussian (identity),Full-time employed (Intercept),-0.10217023174788,0.00233119984951529,2.43714706218851e-79,-0.10673938345293,-0.0976010800428298,36.6467149221936,3.37604250482945e-17,3158,6467147.79023119
racethn_combn,Mexican-American,1999-2020,21.2,WTMEC.COMBN,age+gender,employ_status,prevent_ascvd_10yr_uacr,6200,10639362.7916884,134,gaussian (identity),Part-time employed,0.00191942048356909,0.00234493031316074,0.414558118463118,-0.00267664293022597,0.00651548389736415,36.6467149221936,3.37604250482945e-17,446,797644.241852189
racethn_combn,Mexican-American,1999-2020,21.2,WTMEC.COMBN,age+gender,employ_status,prevent_ascvd_10yr_uacr,6200,10639362.7916884,134,gaussian (identity),Student,0.0167730236680108,0.0138312875146391,0.227465620970385,-0.0103362998606819,0.0438823471967035,36.6467149221936,3.37604250482945e-17,17,35592.8770029811
racethn_combn,Mexican-American,1999-2020,21.2,WTMEC.COMBN,age+gender,employ_status,prevent_ascvd_10yr_uacr,6200,10639362.7916884,134,gaussian (identity),Unemployed,0.0128492752710203,0.00123624779801807,9.34818736787493e-19,0.0104262295869049,0.0152723209551357,36.6467149221936,3.37604250482945e-17,2579,3338977.88260204
racethn_combn,Other Hispanic,1999-2020,21.2,WTMEC.COMBN,age+gender,employ_status,prevent_ascvd_10yr_uacr,3185,7991584.34418702,130,gaussian (identity),Full-time employed (Intercept),-0.0991745608311868,0.00291613597438925,4.97476903383368e-65,-0.10489018734099,-0.0934589343213839,20.3517337225553,8.35854161089224e-11,1560,4604495.26850325
racethn_combn,Other Hispanic,1999-2020,21.2,WTMEC.COMBN,age+gender,employ_status,prevent_ascvd_10yr_uacr,3185,7991584.34418702,130,gaussian (identity),Part-time employed,0.00249939976388645,0.00250066814148517,0.319486942989456,-0.00240190979342448,0.00740070932119738,20.3517337225553,8.35854161089224e-11,271,643889.562633094
racethn_combn,Other Hispanic,1999-2020,21.2,WTMEC.COMBN,age+gender,employ_status,prevent_ascvd_10yr_uacr,3185,7991584.34418702,130,gaussian (identity),Student,-0.00166431853950388,0.00581060599558677,0.77502474199331,-0.0130531062908539,0.00972446921184618,20.3517337225553,8.35854161089224e-11,11,35742.8507209245
racethn_combn,Other Hispanic,1999-2020,21.2,WTMEC.COMBN,age+gender,employ_status,prevent_ascvd_10yr_uacr,3185,7991584.34418702,130,gaussian (identity),Unemployed,0.0139875984200145,0.00186245523611191,9.78048978588283e-12,0.0103371861572351,0.0176380106827938,20.3517337225553,8.35854161089224e-11,1343,2707456.66232975
racethn_combn,Other/Multi-Racial/NHAsian,1999-2020,21.2,WTMEC.COMBN,age+gender,employ_status,prevent_ascvd_10yr_uacr,765,3972571.98691481,72,gaussian (identity),Full-time employed (Intercept),-0.0986599376486994,0.00590387318441643,1.36785250805966e-25,-0.110231529090156,-0.0870883462072432,8.467150223118,7.55788788718399e-05,401,2416982.57650198
racethn_combn,Other/Multi-Racial/NHAsian,1999-2020,21.2,WTMEC.COMBN,age+gender,employ_status,prevent_ascvd_10yr_uacr,765,3972571.98691481,72,gaussian (identity),Part-time employed,-0.00916550712100555,0.0038627321174062,0.0205308026288799,-0.0167364620711217,-0.00159455217088939,8.467150223118,7.55788788718399e-05,59,289899.758545377
racethn_combn,Other/Multi-Racial/NHAsian,1999-2020,21.2,WTMEC.COMBN,age+gender,employ_status,prevent_ascvd_10yr_uacr,765,3972571.98691481,72,gaussian (identity),Student,-0.00710370528804846,0.00365025171912487,0.0558401440318102,-0.0142581986575332,5.07880814362913e-05,8.467150223118,7.55788788718399e-05,7,18029.0025528302
racethn_combn,Other/Multi-Racial/NHAsian,1999-2020,21.2,WTMEC.COMBN,age+gender,employ_status,prevent_ascvd_10yr_uacr,765,3972571.98691481,72,gaussian (identity),Unemployed,0.0115329164149441,0.00337775751293361,0.00108944589917765,0.00491251168959422,0.018153321140294,8.467150223118,7.55788788718399e-05,298,1247660.64931462
racethn_combn,NHAsian,1999-2020,21.2,WTMEC.COMBN,age+gender,employ_status,prevent_ascvd_10yr_uacr,2002,3573589.03696523,66,gaussian (identity),Full-time employed (Intercept),-0.102232488354108,0.00373707840911427,5.99938175417879e-36,-0.109557162035972,-0.0949078146722442,10.0350871372566,1.81668860071891e-05,1142,2034968.45811515
racethn_combn,NHAsian,1999-2020,21.2,WTMEC.COMBN,age+gender,employ_status,prevent_ascvd_10yr_uacr,2002,3573589.03696523,66,gaussian (identity),Part-time employed,0.00164605606565962,0.00233184061801411,0.482935038933371,-0.00292435154564803,0.00621646367696727,10.0350871372566,1.81668860071891e-05,189,342329.631672943
racethn_combn,NHAsian,1999-2020,21.2,WTMEC.COMBN,age+gender,employ_status,prevent_ascvd_10yr_uacr,2002,3573589.03696523,66,gaussian (identity),Student,0.0037458336693741,0.00397108244988226,0.349259955295926,-0.00403748793239512,0.0115291552711433,10.0350871372566,1.81668860071891e-05,18,31387.5494484717
racethn_combn,NHAsian,1999-2020,21.2,WTMEC.COMBN,age+gender,employ_status,prevent_ascvd_10yr_uacr,2002,3573589.03696523,66,gaussian (identity),Unemployed,0.0127081031738981,0.00234836593675332,1.10932871559639e-06,0.00810530593786163,0.0173109004099346,10.0350871372566,1.81668860071891e-05,653,1164903.39772866
racethn_combn,Other/Multi-Racial,1999-2020,21.2,WTMEC.COMBN,age+gender,employ_status,prevent_ascvd_10yr_uacr,562,2259923.37838738,62,gaussian (identity),Full-time employed (Intercept),-0.0944056752617447,0.00725407195382805,1.02997405341277e-18,-0.108623656291248,-0.0801876942322418,2.40814635384887,0.0764763229446631,263,1165739.776853
racethn_combn,Other/Multi-Racial,1999-2020,21.2,WTMEC.COMBN,age+gender,employ_status,prevent_ascvd_10yr_uacr,562,2259923.37838738,62,gaussian (identity),Part-time employed,0.00198392357372824,0.00761592942503378,0.795419530149775,-0.012943298099338,0.0169111452467945,2.40814635384887,0.0764763229446631,65,243820.89357751
racethn_combn,Other/Multi-Racial,1999-2020,21.2,WTMEC.COMBN,age+gender,employ_status,prevent_ascvd_10yr_uacr,562,2259923.37838738,62,gaussian (identity),Student,0.0354772904178371,0.019701403750528,0.0770336303928317,-0.0031374609331979,0.074092041768872,2.40814635384887,0.0764763229446631,3,8867.34842875472
racethn_combn,Other/Multi-Racial,1999-2020,21.2,WTMEC.COMBN,age+gender,employ_status,prevent_ascvd_10yr_uacr,562,2259923.37838738,62,gaussian (identity),Unemployed,0.0135361341805215,0.00572903586656577,0.0215768803741843,0.00230722388205257,0.0247650444789904,2.40814635384887,0.0764763229446631,231,841495.359528113
racethn_combn,NHW,1999-2020,21.2,WTMEC.COMBN,age+gender,employ_status,prevent_ascvd_10yr_full,15654,103555304.211174,162,gaussian (identity),Full-time employed (Intercept),-0.089240204037012,0.00110891915780673,1.51778695586827e-129,-0.0914136855863132,-0.0870667224877108,127.886054230241,5.91923841473747e-42,7303,57607328.9932564
racethn_combn,NHW,1999-2020,21.2,WTMEC.COMBN,age+gender,employ_status,prevent_ascvd_10yr_full,15654,103555304.211174,162,gaussian (identity),Part-time employed,0.00188725286002211,0.000910070269734515,0.0397362149626064,0.000103515131342458,0.00367099058870175,127.886054230241,5.91923841473747e-42,1567,10133974.7312672
racethn_combn,NHW,1999-2020,21.2,WTMEC.COMBN,age+gender,employ_status,prevent_ascvd_10yr_full,15654,103555304.211174,162,gaussian (identity),Student,0.00695270872238505,0.00255240775114602,0.00718111396361028,0.00194998953013885,0.0119554279146313,127.886054230241,5.91923841473747e-42,54,257311.534320359
racethn_combn,NHW,1999-2020,21.2,WTMEC.COMBN,age+gender,employ_status,prevent_ascvd_10yr_full,15654,103555304.211174,162,gaussian (identity),Unemployed,0.0125584018290486,0.000692233582334361,2.26449336197139e-40,0.0112016240076732,0.0139151796504239,127.886054230241,5.91923841473747e-42,6730,35556688.9523302
racethn_combn,NHB,1999-2020,21.2,WTMEC.COMBN,age+gender,employ_status,prevent_ascvd_10yr_full,7583,14778817.5072541,148,gaussian (identity),Full-time employed (Intercept),-0.0930610166187202,0.00201405552200787,7.57134031542024e-88,-0.0970085654418556,-0.0891134677955848,37.5490550369038,5.85956435971156e-18,3715,8123952.66013793
racethn_combn,NHB,1999-2020,21.2,WTMEC.COMBN,age+gender,employ_status,prevent_ascvd_10yr_full,7583,14778817.5072541,148,gaussian (identity),Part-time employed,0.00402483992640023,0.00208665319187119,0.0557305055740456,-6.50003296673082e-05,0.00811468018246777,37.5490550369038,5.85956435971156e-18,540,1040433.91397734
racethn_combn,NHB,1999-2020,21.2,WTMEC.COMBN,age+gender,employ_status,prevent_ascvd_10yr_full,7583,14778817.5072541,148,gaussian (identity),Student,0.00237964196626364,0.0044205445988063,0.591197058108291,-0.00628462544739671,0.011043909379924,37.5490550369038,5.85956435971156e-18,46,109513.252616623
racethn_combn,NHB,1999-2020,21.2,WTMEC.COMBN,age+gender,employ_status,prevent_ascvd_10yr_full,7583,14778817.5072541,148,gaussian (identity),Unemployed,0.0136499289493306,0.00128844285619929,1.019563016486e-19,0.01112458095118,0.0161752769474812,37.5490550369038,5.85956435971156e-18,3282,5504917.68052219
racethn_combn,Mexican-American,1999-2020,21.2,WTMEC.COMBN,age+gender,employ_status,prevent_ascvd_10yr_full,6195,10628782.7768089,134,gaussian (identity),Full-time employed (Intercept),-0.0978176933039313,0.00222777133317409,1.94931359757698e-79,-0.102184125116953,-0.09345126149091,32.2906180646707,1.22798865240687e-15,3155,6461101.1002976
racethn_combn,Mexican-American,1999-2020,21.2,WTMEC.COMBN,age+gender,employ_status,prevent_ascvd_10yr_full,6195,10628782.7768089,134,gaussian (identity),Part-time employed,0.00253921453567044,0.00278061017737303,0.362848234783317,-0.0029107814119807,0.00798921048332157,32.2906180646707,1.22798865240687e-15,445,793912.728219359
racethn_combn,Mexican-American,1999-2020,21.2,WTMEC.COMBN,age+gender,employ_status,prevent_ascvd_10yr_full,6195,10628782.7768089,134,gaussian (identity),Student,0.0134803874305058,0.0103832881681663,0.196508348931159,-0.00687085737910015,0.0338316322401118,32.2906180646707,1.22798865240687e-15,17,35592.8770029811
racethn_combn,Mexican-American,1999-2020,21.2,WTMEC.COMBN,age+gender,employ_status,prevent_ascvd_10yr_full,6195,10628782.7768089,134,gaussian (identity),Unemployed,0.012294292908858,0.00125752248843933,3.13547586843341e-17,0.00982954883151692,0.0147590369861991,32.2906180646707,1.22798865240687e-15,2578,3338176.07128892
racethn_combn,Other Hispanic,1999-2020,21.2,WTMEC.COMBN,age+gender,employ_status,prevent_ascvd_10yr_full,3179,7972449.92786919,130,gaussian (identity),Full-time employed (Intercept),-0.0958622189830035,0.00265572903581489,5.74795140673533e-68,-0.101067447893201,-0.0906569900728063,17.2520243806959,1.95117945485271e-09,1556,4588976.89807334
racethn_combn,Other Hispanic,1999-2020,21.2,WTMEC.COMBN,age+gender,employ_status,prevent_ascvd_10yr_full,3179,7972449.92786919,130,gaussian (identity),Part-time employed,0.00303501887839923,0.00275218312584545,0.272246638214223,-0.00235926004825786,0.00842929780505632,17.2520243806959,1.95117945485271e-09,271,643889.562633094
racethn_combn,Other Hispanic,1999-2020,21.2,WTMEC.COMBN,age+gender,employ_status,prevent_ascvd_10yr_full,3179,7972449.92786919,130,gaussian (identity),Student,-0.00261100037335778,0.00534566914396747,0.626099048806228,-0.013088511895534,0.00786651114881846,17.2520243806959,1.95117945485271e-09,11,35742.8507209245
racethn_combn,Other Hispanic,1999-2020,21.2,WTMEC.COMBN,age+gender,employ_status,prevent_ascvd_10yr_full,3179,7972449.92786919,130,gaussian (identity),Unemployed,0.0132584137688856,0.00190194151596197,1.60894906238066e-10,0.00953060839760016,0.0169862191401711,17.2520243806959,1.95117945485271e-09,1341,2703840.61644183
racethn_combn,Other/Multi-Racial/NHAsian,1999-2020,21.2,WTMEC.COMBN,age+gender,employ_status,prevent_ascvd_10yr_full,762,3957685.58718811,72,gaussian (identity),Full-time employed (Intercept),-0.0955055937358976,0.00586491799396094,5.52465665825125e-25,-0.107000833004061,-0.0840103544677342,9.47848967108201,2.65607450534716e-05,400,2410282.87553019
racethn_combn,Other/Multi-Racial/NHAsian,1999-2020,21.2,WTMEC.COMBN,age+gender,employ_status,prevent_ascvd_10yr_full,762,3957685.58718811,72,gaussian (identity),Part-time employed,-0.00920352722352997,0.00326448881999784,0.00632308686377719,-0.0156019253107257,-0.00280512913633421,9.47848967108201,2.65607450534716e-05,59,289899.758545377
racethn_combn,Other/Multi-Racial/NHAsian,1999-2020,21.2,WTMEC.COMBN,age+gender,employ_status,prevent_ascvd_10yr_full,762,3957685.58718811,72,gaussian (identity),Student,-0.00631714429925199,0.0031948247608207,0.0521236041757243,-0.0125790008304606,-5.52877680434181e-05,9.47848967108201,2.65607450534716e-05,7,18029.0025528302
racethn_combn,Other/Multi-Racial/NHAsian,1999-2020,21.2,WTMEC.COMBN,age+gender,employ_status,prevent_ascvd_10yr_full,762,3957685.58718811,72,gaussian (identity),Unemployed,0.0125341275837002,0.00322759515049638,0.000238242741329214,0.00620804108872734,0.0188602140786731,9.47848967108201,2.65607450534716e-05,296,1239473.95055972
racethn_combn,NHAsian,1999-2020,21.2,WTMEC.COMBN,age+gender,employ_status,prevent_ascvd_10yr_full,2001,3572410.04707155,66,gaussian (identity),Full-time employed (Intercept),-0.0980110950798405,0.00346300843223367,8.75365016203172e-37,-0.104798591607018,-0.0912235985526625,9.57143080375906,2.86261893197025e-05,1142,2034968.45811515
racethn_combn,NHAsian,1999-2020,21.2,WTMEC.COMBN,age+gender,employ_status,prevent_ascvd_10yr_full,2001,3572410.04707155,66,gaussian (identity),Part-time employed,0.00110999189129188,0.00213512288168628,0.605033926172801,-0.00307484895681324,0.005294832739397,9.57143080375906,2.86261893197025e-05,189,342329.631672943
racethn_combn,NHAsian,1999-2020,21.2,WTMEC.COMBN,age+gender,employ_status,prevent_ascvd_10yr_full,2001,3572410.04707155,66,gaussian (identity),Student,0.00211433503405688,0.00354186561133438,0.55274662168628,-0.00482772156415852,0.00905639163227227,9.57143080375906,2.86261893197025e-05,18,31387.5494484717
racethn_combn,NHAsian,1999-2020,21.2,WTMEC.COMBN,age+gender,employ_status,prevent_ascvd_10yr_full,2001,3572410.04707155,66,gaussian (identity),Unemployed,0.0120189341502777,0.00227578341533176,1.80945591812416e-06,0.00755839865622747,0.016479469644328,9.57143080375906,2.86261893197025e-05,652,1163724.40783498
racethn_combn,Other/Multi-Racial,1999-2020,21.2,WTMEC.COMBN,age+gender,employ_status,prevent_ascvd_10yr_full,562,2259923.37838738,62,gaussian (identity),Full-time employed (Intercept),-0.0914367865226435,0.008159230529347,4.90507032262453e-16,-0.107428878360164,-0.0754446946851234,1.59199377482188,0.201315976202891,263,1165739.776853
racethn_combn,Other/Multi-Racial,1999-2020,21.2,WTMEC.COMBN,age+gender,employ_status,prevent_ascvd_10yr_full,562,2259923.37838738,62,gaussian (identity),Part-time employed,0.00357752407068041,0.00835549035855868,0.670144936987554,-0.0127992370320946,0.0199542851734554,1.59199377482188,0.201315976202891,65,243820.89357751
racethn_combn,Other/Multi-Racial,1999-2020,21.2,WTMEC.COMBN,age+gender,employ_status,prevent_ascvd_10yr_full,562,2259923.37838738,62,gaussian (identity),Student,0.0288163646975915,0.0169198308921189,0.0939945866074397,-0.00434650385096148,0.0619792332461445,1.59199377482188,0.201315976202891,3,8867.34842875472
racethn_combn,Other/Multi-Racial,1999-2020,21.2,WTMEC.COMBN,age+gender,employ_status,prevent_ascvd_10yr_full,562,2259923.37838738,62,gaussian (identity),Unemployed,0.0104961318469234,0.0059932462502777,0.0852691001165531,-0.00125063080362084,0.0222428944974677,1.59199377482188,0.201315976202891,231,841495.359528113
racethn_combn,NHW,1999-2020,21.2,WTMEC.COMBN,age+gender,employ_status,prevent_ascvd_30yr_base,15804,104294356.645491,162,gaussian (identity),Full-time employed (Intercept),-0.0618954863011513,0.00230718483855744,1.62093280462218e-60,-0.0664175685847239,-0.0573734040175787,4.38206640909725,0.00542114779079216,7340,57861598.7746399
racethn_combn,NHW,1999-2020,21.2,WTMEC.COMBN,age+gender,employ_status,prevent_ascvd_30yr_base,15804,104294356.645491,162,gaussian (identity),Part-time employed,-0.00257102251627101,0.00198164347994078,0.196390120013765,-0.00645504373695494,0.00131299870441292,4.38206640909725,0.00542114779079216,1574,10160076.1206335
racethn_combn,NHW,1999-2020,21.2,WTMEC.COMBN,age+gender,employ_status,prevent_ascvd_30yr_base,15804,104294356.645491,162,gaussian (identity),Student,0.00351607476738992,0.00837326050394455,0.675120150297991,-0.0128955158203414,0.0199276653551212,4.38206640909725,0.00542114779079216,54,257311.534320359
racethn_combn,NHW,1999-2020,21.2,WTMEC.COMBN,age+gender,employ_status,prevent_ascvd_30yr_base,15804,104294356.645491,162,gaussian (identity),Unemployed,0.00338797657311278,0.00150552444647252,0.0258149726786104,0.000437148658026638,0.00633880448819893,4.38206640909725,0.00542114779079216,6836,36015370.2158972
racethn_combn,NHB,1999-2020,21.2,WTMEC.COMBN,age+gender,employ_status,prevent_ascvd_30yr_base,7705,14990590.6849992,148,gaussian (identity),Full-time employed (Intercept),-0.057670819674841,0.00374916720899031,4.05351328530039e-32,-0.065019187404462,-0.05032245194522,8.5073449449654,3.07954206453935e-05,3746,8191034.4883923
racethn_combn,NHB,1999-2020,21.2,WTMEC.COMBN,age+gender,employ_status,prevent_ascvd_30yr_base,7705,14990590.6849992,148,gaussian (identity),Part-time employed,0.00464396476900423,0.00420615856240784,0.271409802321532,-0.00360010601331514,0.0128880355513236,8.5073449449654,3.07954206453935e-05,552,1066402.48631594
racethn_combn,NHB,1999-2020,21.2,WTMEC.COMBN,age+gender,employ_status,prevent_ascvd_30yr_base,7705,14990590.6849992,148,gaussian (identity),Student,-0.00810241638603473,0.0113586621532708,0.476807245891115,-0.0303653942064455,0.0141605614343761,8.5073449449654,3.07954206453935e-05,46,109513.252616623
racethn_combn,NHB,1999-2020,21.2,WTMEC.COMBN,age+gender,employ_status,prevent_ascvd_30yr_base,7705,14990590.6849992,148,gaussian (identity),Unemployed,0.0123287445691091,0.00249663946592221,2.17011657483193e-06,0.00743533121590158,0.0172221579223167,8.5073449449654,3.07954206453935e-05,3361,5623640.45767434
racethn_combn,Mexican-American,1999-2020,21.2,WTMEC.COMBN,age+gender,employ_status,prevent_ascvd_30yr_base,6231,10680212.6820149,134,gaussian (identity),Full-time employed (Intercept),-0.098340771262138,0.0048015303941431,2.29270360631857e-42,-0.107751770834658,-0.0889297716896175,0.990344461699297,0.399608206137103,3166,6481726.90394723
racethn_combn,Mexican-American,1999-2020,21.2,WTMEC.COMBN,age+gender,employ_status,prevent_ascvd_30yr_base,6231,10680212.6820149,134,gaussian (identity),Part-time employed,-0.00294117842192136,0.00494284066124308,0.552860372783126,-0.0126291461179578,0.00674678927411508,0.990344461699297,0.399608206137103,448,802970.447069453
racethn_combn,Mexican-American,1999-2020,21.2,WTMEC.COMBN,age+gender,employ_status,prevent_ascvd_30yr_base,6231,10680212.6820149,134,gaussian (identity),Student,0.0259767142578931,0.0253198647762507,0.3068388503795,-0.0236502207035581,0.0756036492193444,0.990344461699297,0.399608206137103,17,35592.8770029811
racethn_combn,Mexican-American,1999-2020,21.2,WTMEC.COMBN,age+gender,employ_status,prevent_ascvd_30yr_base,6231,10680212.6820149,134,gaussian (identity),Unemployed,0.00227932337361768,0.00197434763943409,0.250442083148503,-0.00159039799967313,0.00614904474690849,0.990344461699297,0.399608206137103,2600,3359922.45399525
racethn_combn,Other Hispanic,1999-2020,21.2,WTMEC.COMBN,age+gender,employ_status,prevent_ascvd_30yr_base,3200,8021369.28767066,130,gaussian (identity),Full-time employed (Intercept),-0.091811682159895,0.00484152440005859,1.36796253328704e-38,-0.10130106998401,-0.0823222943357802,2.70743634676658,0.0481127927230215,1563,4615443.63379145
racethn_combn,Other Hispanic,1999-2020,21.2,WTMEC.COMBN,age+gender,employ_status,prevent_ascvd_30yr_base,3200,8021369.28767066,130,gaussian (identity),Part-time employed,-8.88736883550295e-06,0.0049896366405104,0.998581675730538,-0.00978857518423589,0.00977080044656488,2.70743634676658,0.0481127927230215,271,643889.562633094
racethn_combn,Other Hispanic,1999-2020,21.2,WTMEC.COMBN,age+gender,employ_status,prevent_ascvd_30yr_base,3200,8021369.28767066,130,gaussian (identity),Student,-0.0204571312164861,0.0119854421828042,0.0903363379308869,-0.0439485978947824,0.00303433546181026,2.70743634676658,0.0481127927230215,11,35742.8507209245
racethn_combn,Other Hispanic,1999-2020,21.2,WTMEC.COMBN,age+gender,employ_status,prevent_ascvd_30yr_base,3200,8021369.28767066,130,gaussian (identity),Unemployed,0.00762650638867688,0.00420868724228648,0.0723732004273354,-0.000622520606204628,0.0158755333835584,2.70743634676658,0.0481127927230215,1355,2726293.24052519
racethn_combn,Other/Multi-Racial/NHAsian,1999-2020,21.2,WTMEC.COMBN,age+gender,employ_status,prevent_ascvd_30yr_base,772,4008693.09402991,73,gaussian (identity),Full-time employed (Intercept),-0.0978645347112769,0.0118141931725343,6.69313152510805e-12,-0.121020353329444,-0.0747087160931096,4.7971211298672,0.00432718417503751,403,2434673.05067255
racethn_combn,Other/Multi-Racial/NHAsian,1999-2020,21.2,WTMEC.COMBN,age+gender,employ_status,prevent_ascvd_30yr_base,772,4008693.09402991,73,gaussian (identity),Part-time employed,-0.0196009962061095,0.00751479779140467,0.0111767270641018,-0.0343299998772626,-0.00487199253495633,4.7971211298672,0.00432718417503751,59,289899.758545377
racethn_combn,Other/Multi-Racial/NHAsian,1999-2020,21.2,WTMEC.COMBN,age+gender,employ_status,prevent_ascvd_30yr_base,772,4008693.09402991,73,gaussian (identity),Student,-0.0310884955995351,0.010456438163146,0.00407480972982157,-0.0515831143993014,-0.0105938767997689,4.7971211298672,0.00432718417503751,7,18029.0025528302
racethn_combn,Other/Multi-Racial/NHAsian,1999-2020,21.2,WTMEC.COMBN,age+gender,employ_status,prevent_ascvd_30yr_base,772,4008693.09402991,73,gaussian (identity),Unemployed,0.00118536908838112,0.00746717857163084,0.874341164055257,-0.0134503009120153,0.0158210390887776,4.7971211298672,0.00432718417503751,303,1266091.28225915
racethn_combn,NHAsian,1999-2020,21.2,WTMEC.COMBN,age+gender,employ_status,prevent_ascvd_30yr_base,2011,3588963.70190915,66,gaussian (identity),Full-time employed (Intercept),-0.0960499141069469,0.00615322780843262,5.62858243997812e-23,-0.108110240611475,-0.083989587602419,0.792028432546079,0.503030327791253,1147,2045351.58412945
racethn_combn,NHAsian,1999-2020,21.2,WTMEC.COMBN,age+gender,employ_status,prevent_ascvd_30yr_base,2011,3588963.70190915,66,gaussian (identity),Part-time employed,-0.00491618070503574,0.00367786521087888,0.186286768801314,-0.0121247965183583,0.00229243510828687,0.792028432546079,0.503030327791253,189,342329.631672943
racethn_combn,NHAsian,1999-2020,21.2,WTMEC.COMBN,age+gender,employ_status,prevent_ascvd_30yr_base,2011,3588963.70190915,66,gaussian (identity),Student,-0.00577377541772016,0.0125019966352343,0.645847329352931,-0.0302776888227794,0.0187301379873391,0.792028432546079,0.503030327791253,18,31387.5494484717
racethn_combn,NHAsian,1999-2020,21.2,WTMEC.COMBN,age+gender,employ_status,prevent_ascvd_30yr_base,2011,3588963.70190915,66,gaussian (identity),Unemployed,-0.00297004261946397,0.00349224419333415,0.398390829720876,-0.0098148412383989,0.00387475599947097,0.792028432546079,0.503030327791253,657,1169894.93665828
racethn_combn,Other/Multi-Racial,1999-2020,21.2,WTMEC.COMBN,age+gender,employ_status,prevent_ascvd_30yr_base,567,2270467.9633047,62,gaussian (identity),Full-time employed (Intercept),-0.0449779949044311,0.0137028291356808,0.00176095917552231,-0.0718355400103655,-0.0181204497984966,2.5013539471935,0.0684628452443344,266,1170880.81103051
racethn_combn,Other/Multi-Racial,1999-2020,21.2,WTMEC.COMBN,age+gender,employ_status,prevent_ascvd_30yr_base,567,2270467.9633047,62,gaussian (identity),Part-time employed,-0.01244460140109,0.0106001636675966,0.245276609287824,-0.0332209221895793,0.00833171938739943,2.5013539471935,0.0684628452443344,65,243820.89357751
racethn_combn,Other/Multi-Racial,1999-2020,21.2,WTMEC.COMBN,age+gender,employ_status,prevent_ascvd_30yr_base,567,2270467.9633047,62,gaussian (identity),Student,0.102092423508769,0.0508352096345349,0.0493580465304468,0.00245541262508066,0.201729434392457,2.5013539471935,0.0684628452443344,3,8867.34842875472
racethn_combn,Other/Multi-Racial,1999-2020,21.2,WTMEC.COMBN,age+gender,employ_status,prevent_ascvd_30yr_base,567,2270467.9633047,62,gaussian (identity),Unemployed,0.0148494292814558,0.0097713198408457,0.134115507579177,-0.00430235760660177,0.0340012161695134,2.5013539471935,0.0684628452443344,233,846898.910267925
racethn_combn,NHW,1999-2020,21.2,WTMEC.COMBN,age+gender,employ_status,prevent_ascvd_30yr_hba1c,15788,104192519.360674,162,gaussian (identity),Full-time employed (Intercept),-0.0595322338185309,0.00213528648183896,1.08998441313373e-62,-0.0637173953229353,-0.0553470723141265,3.99868230533801,0.00890201572047976,7332,57798237.9796719
racethn_combn,NHW,1999-2020,21.2,WTMEC.COMBN,age+gender,employ_status,prevent_ascvd_30yr_hba1c,15788,104192519.360674,162,gaussian (identity),Part-time employed,-0.00336235080821589,0.00182145840391417,0.0667802868909358,-0.00693240927988766,0.000207707663455886,3.99868230533801,0.00890201572047976,1574,10160076.1206335
racethn_combn,NHW,1999-2020,21.2,WTMEC.COMBN,age+gender,employ_status,prevent_ascvd_30yr_hba1c,15788,104192519.360674,162,gaussian (identity),Student,0.00384201169374594,0.00809984110264819,0.635922413959606,-0.0120336768674445,0.0197177002549364,3.99868230533801,0.00890201572047976,54,257311.534320359
racethn_combn,NHW,1999-2020,21.2,WTMEC.COMBN,age+gender,employ_status,prevent_ascvd_30yr_hba1c,15788,104192519.360674,162,gaussian (identity),Unemployed,0.00211254309473526,0.00135888656372607,0.122051714165164,-0.000550874570167834,0.00477596075963835,3.99868230533801,0.00890201572047976,6828,35976893.7260482
racethn_combn,NHB,1999-2020,21.2,WTMEC.COMBN,age+gender,employ_status,prevent_ascvd_30yr_hba1c,7681,14945154.7945039,148,gaussian (identity),Full-time employed (Intercept),-0.0542640882640993,0.00358868367456857,1.86126076816025e-31,-0.0612979082662537,-0.0472302682619449,7.09730180627826,0.000176615298914986,3735,8166416.44904045
racethn_combn,NHB,1999-2020,21.2,WTMEC.COMBN,age+gender,employ_status,prevent_ascvd_30yr_hba1c,7681,14945154.7945039,148,gaussian (identity),Part-time employed,0.00351406006580462,0.00400162094859233,0.381330444187932,-0.00432911699343636,0.0113572371250456,7.09730180627826,0.000176615298914986,548,1055678.53362991
racethn_combn,NHB,1999-2020,21.2,WTMEC.COMBN,age+gender,employ_status,prevent_ascvd_30yr_hba1c,7681,14945154.7945039,148,gaussian (identity),Student,-0.00918903917416151,0.0102614966669215,0.372031572601655,-0.0293015726413277,0.0109234942930047,7.09730180627826,0.000176615298914986,46,109513.252616623
racethn_combn,NHB,1999-2020,21.2,WTMEC.COMBN,age+gender,employ_status,prevent_ascvd_30yr_hba1c,7681,14945154.7945039,148,gaussian (identity),Unemployed,0.0103512422343582,0.0023118856679745,1.53297809606302e-05,0.00581994632512814,0.0148825381435882,7.09730180627826,0.000176615298914986,3352,5613546.55921693
racethn_combn,Mexican-American,1999-2020,21.2,WTMEC.COMBN,age+gender,employ_status,prevent_ascvd_30yr_hba1c,6226,10669632.6671354,134,gaussian (identity),Full-time employed (Intercept),-0.0942159544804217,0.00464976714772649,6.60826003784205e-42,-0.103329498089966,-0.0851024108708778,0.611724812493124,0.608585158769901,3163,6475680.21401364
racethn_combn,Mexican-American,1999-2020,21.2,WTMEC.COMBN,age+gender,employ_status,prevent_ascvd_30yr_hba1c,6226,10669632.6671354,134,gaussian (identity),Part-time employed,-0.00194552188536016,0.00503211584711902,0.699673774379594,-0.0118084689457134,0.00791742517499312,0.611724812493124,0.608585158769901,447,799238.933436623
racethn_combn,Mexican-American,1999-2020,21.2,WTMEC.COMBN,age+gender,employ_status,prevent_ascvd_30yr_hba1c,6226,10669632.6671354,134,gaussian (identity),Student,0.0212115837072896,0.0212113532705194,0.319177372944607,-0.0203626687029285,0.0627858361175077,0.611724812493124,0.608585158769901,17,35592.8770029811
racethn_combn,Mexican-American,1999-2020,21.2,WTMEC.COMBN,age+gender,employ_status,prevent_ascvd_30yr_hba1c,6226,10669632.6671354,134,gaussian (identity),Unemployed,0.00139474404353249,0.00188775580559373,0.461348094624901,-0.00230525733543122,0.0050947454224962,0.611724812493124,0.608585158769901,2599,3359120.64268213
racethn_combn,Other Hispanic,1999-2020,21.2,WTMEC.COMBN,age+gender,employ_status,prevent_ascvd_30yr_hba1c,3194,8002234.87135283,130,gaussian (identity),Full-time employed (Intercept),-0.088117557475843,0.00453588624405632,1.42872985575547e-39,-0.0970078945141934,-0.0792272204374926,3.18795202904682,0.0261196012860936,1559,4599925.26336155
racethn_combn,Other Hispanic,1999-2020,21.2,WTMEC.COMBN,age+gender,employ_status,prevent_ascvd_30yr_hba1c,3194,8002234.87135283,130,gaussian (identity),Part-time employed,0.000307955972820538,0.0049078960335303,0.950068159495701,-0.00931152025289886,0.00992743219853993,3.18795202904682,0.0261196012860936,271,643889.562633094
racethn_combn,Other Hispanic,1999-2020,21.2,WTMEC.COMBN,age+gender,employ_status,prevent_ascvd_30yr_hba1c,3194,8002234.87135283,130,gaussian (identity),Student,-0.0216070780412074,0.0100818623136094,0.0340374772341046,-0.0413675281758818,-0.00184662790653296,3.18795202904682,0.0261196012860936,11,35742.8507209245
racethn_combn,Other Hispanic,1999-2020,21.2,WTMEC.COMBN,age+gender,employ_status,prevent_ascvd_30yr_hba1c,3194,8002234.87135283,130,gaussian (identity),Unemployed,0.0066124375983323,0.00406034269272772,0.105927869827538,-0.00134583407941404,0.0145707092760786,3.18795202904682,0.0261196012860936,1353,2722677.19463726
racethn_combn,Other/Multi-Racial/NHAsian,1999-2020,21.2,WTMEC.COMBN,age+gender,employ_status,prevent_ascvd_30yr_hba1c,769,3993806.69430321,73,gaussian (identity),Full-time employed (Intercept),-0.0954243063084003,0.0111287361967689,1.98542803044871e-12,-0.117236629254067,-0.0736119833627333,4.82998490112029,0.00416486918871529,402,2427973.34970075
racethn_combn,Other/Multi-Racial/NHAsian,1999-2020,21.2,WTMEC.COMBN,age+gender,employ_status,prevent_ascvd_30yr_hba1c,769,3993806.69430321,73,gaussian (identity),Part-time employed,-0.0190861765634295,0.00655948481864912,0.00488511384836181,-0.0319427668079817,-0.00622958631887718,4.82998490112029,0.00416486918871529,59,289899.758545377
racethn_combn,Other/Multi-Racial/NHAsian,1999-2020,21.2,WTMEC.COMBN,age+gender,employ_status,prevent_ascvd_30yr_hba1c,769,3993806.69430321,73,gaussian (identity),Student,-0.0283118270862548,0.0104897033251118,0.00876542631868727,-0.0488716456034739,-0.00775200856903572,4.82998490112029,0.00416486918871529,7,18029.0025528302
racethn_combn,Other/Multi-Racial/NHAsian,1999-2020,21.2,WTMEC.COMBN,age+gender,employ_status,prevent_ascvd_30yr_hba1c,769,3993806.69430321,73,gaussian (identity),Unemployed,0.00118506181525034,0.00685089912838751,0.863181774286199,-0.0122427004763892,0.0146128241068899,4.82998490112029,0.00416486918871529,301,1257904.58350425
racethn_combn,NHAsian,1999-2020,21.2,WTMEC.COMBN,age+gender,employ_status,prevent_ascvd_30yr_hba1c,2010,3587784.71201547,66,gaussian (identity),Full-time employed (Intercept),-0.092888944313849,0.00543191352542244,5.97728981747928e-25,-0.103535494823677,-0.082242393804021,1.39907385341688,0.251701296431064,1147,2045351.58412945
racethn_combn,NHAsian,1999-2020,21.2,WTMEC.COMBN,age+gender,employ_status,prevent_ascvd_30yr_hba1c,2010,3587784.71201547,66,gaussian (identity),Part-time employed,-0.00549623605145829,0.00338019030516224,0.109102448642531,-0.0121214090495763,0.0011289369466597,1.39907385341688,0.251701296431064,189,342329.631672943
racethn_combn,NHAsian,1999-2020,21.2,WTMEC.COMBN,age+gender,employ_status,prevent_ascvd_30yr_hba1c,2010,3587784.71201547,66,gaussian (identity),Student,-0.00773059913781024,0.011319094400191,0.497211733705765,-0.0299160241621846,0.0144548258865641,1.39907385341688,0.251701296431064,18,31387.5494484717
racethn_combn,NHAsian,1999-2020,21.2,WTMEC.COMBN,age+gender,employ_status,prevent_ascvd_30yr_hba1c,2010,3587784.71201547,66,gaussian (identity),Unemployed,-0.00413112207935502,0.00323579216451486,0.206548593875228,-0.0104732747218041,0.0022110305630941,1.39907385341688,0.251701296431064,656,1168715.9467646
racethn_combn,Other/Multi-Racial,1999-2020,21.2,WTMEC.COMBN,age+gender,employ_status,prevent_ascvd_30yr_hba1c,567,2270467.9633047,62,gaussian (identity),Full-time employed (Intercept),-0.0452395027864442,0.0131813656945511,0.00112150033853154,-0.0710749795477643,-0.0194040260251241,2.06298004564085,0.115257981796321,266,1170880.81103051
racethn_combn,Other/Multi-Racial,1999-2020,21.2,WTMEC.COMBN,age+gender,employ_status,prevent_ascvd_30yr_hba1c,567,2270467.9633047,62,gaussian (identity),Part-time employed,-0.0102057791808327,0.0106421376275327,0.341610483613495,-0.0310643689307968,0.0106528105691314,2.06298004564085,0.115257981796321,65,243820.89357751
racethn_combn,Other/Multi-Racial,1999-2020,21.2,WTMEC.COMBN,age+gender,employ_status,prevent_ascvd_30yr_hba1c,567,2270467.9633047,62,gaussian (identity),Student,0.0782615648531866,0.0399086736746012,0.0547693577979468,4.05644509681585e-05,0.156482565255405,2.06298004564085,0.115257981796321,3,8867.34842875472
racethn_combn,Other/Multi-Racial,1999-2020,21.2,WTMEC.COMBN,age+gender,employ_status,prevent_ascvd_30yr_hba1c,567,2270467.9633047,62,gaussian (identity),Unemployed,0.0113504561833455,0.00908899044500417,0.216837863469682,-0.0064639650888627,0.0291648774555537,2.06298004564085,0.115257981796321,233,846898.910267925
racethn_combn,NHW,1999-2020,21.2,WTMEC.COMBN,age+gender,employ_status,prevent_ascvd_30yr_uacr,15669,103653535.825074,162,gaussian (identity),Full-time employed (Intercept),-0.0721952274297644,0.0020943448403529,3.94536257292007e-75,-0.076300143316856,-0.0680903115426727,8.65659055282853,2.37142682670219e-05,7311,57670689.7882244
racethn_combn,NHW,1999-2020,21.2,WTMEC.COMBN,age+gender,employ_status,prevent_ascvd_30yr_uacr,15669,103653535.825074,162,gaussian (identity),Part-time employed,-0.00261369402743369,0.00183326777077139,0.155939501694155,-0.00620689885814563,0.000979510803278241,8.65659055282853,2.37142682670219e-05,1567,10133974.7312672
racethn_combn,NHW,1999-2020,21.2,WTMEC.COMBN,age+gender,employ_status,prevent_ascvd_30yr_uacr,15669,103653535.825074,162,gaussian (identity),Student,0.00332869432945485,0.00707048680656025,0.638446174108028,-0.0105294598114032,0.017186848470313,8.65659055282853,2.37142682670219e-05,54,257311.534320359
racethn_combn,NHW,1999-2020,21.2,WTMEC.COMBN,age+gender,employ_status,prevent_ascvd_30yr_uacr,15669,103653535.825074,162,gaussian (identity),Unemployed,0.00495691032666877,0.00143072327156807,0.000684716338346896,0.00215269271439535,0.00776112793894219,8.65659055282853,2.37142682670219e-05,6737,35591559.7712624
racethn_combn,NHB,1999-2020,21.2,WTMEC.COMBN,age+gender,employ_status,prevent_ascvd_30yr_uacr,7606,14823138.522578,148,gaussian (identity),Full-time employed (Intercept),-0.0697679953456001,0.00348871694581576,2.89285597226572e-43,-0.076605880559399,-0.0629301101318012,11.3168348929591,1.04859010766461e-06,3726,8148570.69948977
racethn_combn,NHB,1999-2020,21.2,WTMEC.COMBN,age+gender,employ_status,prevent_ascvd_30yr_uacr,7606,14823138.522578,148,gaussian (identity),Part-time employed,0.00479864826624565,0.00407539712461086,0.240964884600712,-0.00318913009799164,0.0127864266304829,11.3168348929591,1.04859010766461e-06,544,1051157.86666338
racethn_combn,NHB,1999-2020,21.2,WTMEC.COMBN,age+gender,employ_status,prevent_ascvd_30yr_uacr,7606,14823138.522578,148,gaussian (identity),Student,-0.00694913537770363,0.0111167163459374,0.532897180820895,-0.0287378994157409,0.0148396286603337,11.3168348929591,1.04859010766461e-06,46,109513.252616623
racethn_combn,NHB,1999-2020,21.2,WTMEC.COMBN,age+gender,employ_status,prevent_ascvd_30yr_uacr,7606,14823138.522578,148,gaussian (identity),Unemployed,0.0134854924746017,0.00237421347957476,7.2681716129885e-08,0.00883203405463515,0.0181389508945682,11.3168348929591,1.04859010766461e-06,3290,5513896.70380819
racethn_combn,Mexican-American,1999-2020,21.2,WTMEC.COMBN,age+gender,employ_status,prevent_ascvd_30yr_uacr,6200,10639362.7916884,134,gaussian (identity),Full-time employed (Intercept),-0.106027915624455,0.00455933033345393,5.63584647082729e-48,-0.114964203078025,-0.0970916281708855,2.26412368513912,0.0841142091193545,3158,6467147.79023119
racethn_combn,Mexican-American,1999-2020,21.2,WTMEC.COMBN,age+gender,employ_status,prevent_ascvd_30yr_uacr,6200,10639362.7916884,134,gaussian (identity),Part-time employed,-0.00244948433237737,0.00485190845832006,0.614525785610375,-0.0119592249106847,0.00706025624592995,2.26412368513912,0.0841142091193545,446,797644.241852189
racethn_combn,Mexican-American,1999-2020,21.2,WTMEC.COMBN,age+gender,employ_status,prevent_ascvd_30yr_uacr,6200,10639362.7916884,134,gaussian (identity),Student,0.0308261562598523,0.0290078908774163,0.289911623280365,-0.0260293098598835,0.0876816223795882,2.26412368513912,0.0841142091193545,17,35592.8770029811
racethn_combn,Mexican-American,1999-2020,21.2,WTMEC.COMBN,age+gender,employ_status,prevent_ascvd_30yr_uacr,6200,10639362.7916884,134,gaussian (identity),Unemployed,0.00452060067315609,0.00201123118855691,0.026294767085672,0.000578587543584547,0.00846261380272763,2.26412368513912,0.0841142091193545,2579,3338977.88260204
racethn_combn,Other Hispanic,1999-2020,21.2,WTMEC.COMBN,age+gender,employ_status,prevent_ascvd_30yr_uacr,3185,7991584.34418702,130,gaussian (identity),Full-time employed (Intercept),-0.100758279674363,0.00450501931791971,1.60201694875291e-45,-0.109588117537485,-0.0919284418112401,3.61665026094495,0.0151327885624197,1560,4604495.26850325
racethn_combn,Other Hispanic,1999-2020,21.2,WTMEC.COMBN,age+gender,employ_status,prevent_ascvd_30yr_uacr,3185,7991584.34418702,130,gaussian (identity),Part-time employed,-0.000830946907022162,0.00466177274584603,0.858817571480932,-0.00996802148888038,0.00830612767483606,3.61665026094495,0.0151327885624197,271,643889.562633094
racethn_combn,Other Hispanic,1999-2020,21.2,WTMEC.COMBN,age+gender,employ_status,prevent_ascvd_30yr_uacr,3185,7991584.34418702,130,gaussian (identity),Student,-0.0200944398534275,0.010934552864188,0.0684810843114918,-0.0415261634672359,0.00133728376038091,3.61665026094495,0.0151327885624197,11,35742.8507209245
racethn_combn,Other Hispanic,1999-2020,21.2,WTMEC.COMBN,age+gender,employ_status,prevent_ascvd_30yr_uacr,3185,7991584.34418702,130,gaussian (identity),Unemployed,0.00870836640130355,0.00411237412213506,0.0361898329148247,0.000648113121918823,0.0167686196806883,3.61665026094495,0.0151327885624197,1343,2707456.66232975
racethn_combn,Other/Multi-Racial/NHAsian,1999-2020,21.2,WTMEC.COMBN,age+gender,employ_status,prevent_ascvd_30yr_uacr,765,3972571.98691481,72,gaussian (identity),Full-time employed (Intercept),-0.107245945907085,0.0103282396119199,1.36426024936406e-15,-0.127489295546448,-0.0870025962677221,5.47379840895998,0.00200128955400026,401,2416982.57650198
racethn_combn,Other/Multi-Racial/NHAsian,1999-2020,21.2,WTMEC.COMBN,age+gender,employ_status,prevent_ascvd_30yr_uacr,765,3972571.98691481,72,gaussian (identity),Part-time employed,-0.0191188077608704,0.00679084439140715,0.00639208418557381,-0.0324288627680285,-0.00580875275371242,5.47379840895998,0.00200128955400026,59,289899.758545377
racethn_combn,Other/Multi-Racial/NHAsian,1999-2020,21.2,WTMEC.COMBN,age+gender,employ_status,prevent_ascvd_30yr_uacr,765,3972571.98691481,72,gaussian (identity),Student,-0.0289281920144755,0.00936801809172469,0.00293139479959274,-0.0472895074742559,-0.0105668765546951,5.47379840895998,0.00200128955400026,7,18029.0025528302
racethn_combn,Other/Multi-Racial/NHAsian,1999-2020,21.2,WTMEC.COMBN,age+gender,employ_status,prevent_ascvd_30yr_uacr,765,3972571.98691481,72,gaussian (identity),Unemployed,0.00502613274249608,0.007127319295717,0.483134880330774,-0.00894341307710923,0.0189956785621014,5.47379840895998,0.00200128955400026,298,1247660.64931462
racethn_combn,NHAsian,1999-2020,21.2,WTMEC.COMBN,age+gender,employ_status,prevent_ascvd_30yr_uacr,2002,3573589.03696523,66,gaussian (identity),Full-time employed (Intercept),-0.103619873527504,0.00562942118824024,1.37458776468482e-26,-0.114653539056455,-0.0925862079985535,0.704030744082944,0.553288540447477,1142,2034968.45811515
racethn_combn,NHAsian,1999-2020,21.2,WTMEC.COMBN,age+gender,employ_status,prevent_ascvd_30yr_uacr,2002,3573589.03696523,66,gaussian (identity),Part-time employed,-0.00453694271254515,0.0034058322377451,0.187779757537716,-0.0112123738985256,0.00213848847343525,0.704030744082944,0.553288540447477,189,342329.631672943
racethn_combn,NHAsian,1999-2020,21.2,WTMEC.COMBN,age+gender,employ_status,prevent_ascvd_30yr_uacr,2002,3573589.03696523,66,gaussian (identity),Student,-0.00508890733189931,0.0113015849175702,0.654102960993915,-0.0272400137703368,0.0170621991065382,0.704030744082944,0.553288540447477,18,31387.5494484717
racethn_combn,NHAsian,1999-2020,21.2,WTMEC.COMBN,age+gender,employ_status,prevent_ascvd_30yr_uacr,2002,3573589.03696523,66,gaussian (identity),Unemployed,-0.000661700609968336,0.00353979252011578,0.852334266383027,-0.00759969394939525,0.00627629272945858,0.704030744082944,0.553288540447477,653,1164903.39772866
racethn_combn,Other/Multi-Racial,1999-2020,21.2,WTMEC.COMBN,age+gender,employ_status,prevent_ascvd_30yr_uacr,562,2259923.37838738,62,gaussian (identity),Full-time employed (Intercept),-0.058272993414762,0.0134042759968305,5.75005203039009e-05,-0.0845453743685497,-0.0320006124609743,2.187237398488,0.099435578194557,263,1165739.776853
racethn_combn,Other/Multi-Racial,1999-2020,21.2,WTMEC.COMBN,age+gender,employ_status,prevent_ascvd_30yr_uacr,562,2259923.37838738,62,gaussian (identity),Part-time employed,-0.00916290600435549,0.0114598992483818,0.427283846775134,-0.0316243085311839,0.0132984965224729,2.187237398488,0.099435578194557,65,243820.89357751
racethn_combn,Other/Multi-Racial,1999-2020,21.2,WTMEC.COMBN,age+gender,employ_status,prevent_ascvd_30yr_uacr,562,2259923.37838738,62,gaussian (identity),Student,0.0953914527062028,0.0486014385309697,0.0545648475938139,0.000132633185502246,0.190650272226903,2.187237398488,0.099435578194557,3,8867.34842875472
racethn_combn,Other/Multi-Racial,1999-2020,21.2,WTMEC.COMBN,age+gender,employ_status,prevent_ascvd_30yr_uacr,562,2259923.37838738,62,gaussian (identity),Unemployed,0.0152699075967127,0.00966365356600401,0.119609078219615,-0.0036708533926552,0.0342106685860805,2.187237398488,0.099435578194557,231,841495.359528113
racethn_combn,NHW,1999-2020,21.2,WTMEC.COMBN,age+gender,employ_status,prevent_ascvd_30yr_full,15654,103555304.211174,162,gaussian (identity),Full-time employed (Intercept),-0.0599737219631772,0.00192318885619495,3.65331118801473e-69,-0.0637431721213193,-0.0562042718050351,5.95338046231005,0.000717354078681483,7303,57607328.9932564
racethn_combn,NHW,1999-2020,21.2,WTMEC.COMBN,age+gender,employ_status,prevent_ascvd_30yr_full,15654,103555304.211174,162,gaussian (identity),Part-time employed,-0.00402978219616151,0.00165087291746914,0.0157581595782298,-0.00726549311440102,-0.000794071277922001,5.95338046231005,0.000717354078681483,1567,10133974.7312672
racethn_combn,NHW,1999-2020,21.2,WTMEC.COMBN,age+gender,employ_status,prevent_ascvd_30yr_full,15654,103555304.211174,162,gaussian (identity),Student,0.00180307854214938,0.00681864944150848,0.791792806249324,-0.0115614743632072,0.015167631447506,5.95338046231005,0.000717354078681483,54,257311.534320359
racethn_combn,NHW,1999-2020,21.2,WTMEC.COMBN,age+gender,employ_status,prevent_ascvd_30yr_full,15654,103555304.211174,162,gaussian (identity),Unemployed,0.00215381565971873,0.00127099685354672,0.0921362923139082,-0.000337338173232837,0.00464496949267029,5.95338046231005,0.000717354078681483,6730,35556688.9523302
racethn_combn,NHB,1999-2020,21.2,WTMEC.COMBN,age+gender,employ_status,prevent_ascvd_30yr_full,7583,14778817.5072541,148,gaussian (identity),Full-time employed (Intercept),-0.057262294706657,0.00337403331221332,4.45413854685712e-36,-0.0638753999985951,-0.0506491894147189,7.9486748411898,6.1282300103792e-05,3715,8123952.66013793
racethn_combn,NHB,1999-2020,21.2,WTMEC.COMBN,age+gender,employ_status,prevent_ascvd_30yr_full,7583,14778817.5072541,148,gaussian (identity),Part-time employed,0.00306343883960489,0.00381092687785723,0.422814039394155,-0.00440597784099528,0.0105328555202051,7.9486748411898,6.1282300103792e-05,540,1040433.91397734
racethn_combn,NHB,1999-2020,21.2,WTMEC.COMBN,age+gender,employ_status,prevent_ascvd_30yr_full,7583,14778817.5072541,148,gaussian (identity),Student,-0.00920114014513105,0.00982160580810399,0.350427307745079,-0.0284514875290149,0.0100492072387528,7.9486748411898,6.1282300103792e-05,46,109513.252616623
racethn_combn,NHB,1999-2020,21.2,WTMEC.COMBN,age+gender,employ_status,prevent_ascvd_30yr_full,7583,14778817.5072541,148,gaussian (identity),Unemployed,0.0102095207167649,0.00217586431818259,6.25988516504344e-06,0.00594482665312707,0.0144742147804028,7.9486748411898,6.1282300103792e-05,3282,5504917.68052219
racethn_combn,Mexican-American,1999-2020,21.2,WTMEC.COMBN,age+gender,employ_status,prevent_ascvd_30yr_full,6195,10628782.7768089,134,gaussian (identity),Full-time employed (Intercept),-0.0920659235241242,0.00437362316626465,1.49884155297918e-43,-0.100638224930003,-0.0834936221182455,1.16341498652479,0.326363735706391,3155,6461101.1002976
racethn_combn,Mexican-American,1999-2020,21.2,WTMEC.COMBN,age+gender,employ_status,prevent_ascvd_30yr_full,6195,10628782.7768089,134,gaussian (identity),Part-time employed,-0.00230108405181402,0.00478874659328569,0.631672243461817,-0.011687027374654,0.00708485927102593,1.16341498652479,0.326363735706391,445,793912.728219359
racethn_combn,Mexican-American,1999-2020,21.2,WTMEC.COMBN,age+gender,employ_status,prevent_ascvd_30yr_full,6195,10628782.7768089,134,gaussian (identity),Student,0.0246954224401547,0.0238350191575573,0.302094611922301,-0.0220212151086575,0.0714120599889669,1.16341498652479,0.326363735706391,17,35592.8770029811
racethn_combn,Mexican-American,1999-2020,21.2,WTMEC.COMBN,age+gender,employ_status,prevent_ascvd_30yr_full,6195,10628782.7768089,134,gaussian (identity),Unemployed,0.00263455833820856,0.00188249239922002,0.164061582036458,-0.00105512676426268,0.0063242434406798,1.16341498652479,0.326363735706391,2578,3338176.07128892
racethn_combn,Other Hispanic,1999-2020,21.2,WTMEC.COMBN,age+gender,employ_status,prevent_ascvd_30yr_full,3179,7972449.92786919,130,gaussian (identity),Full-time employed (Intercept),-0.087453119111772,0.00416324318100775,7.93530031746265e-43,-0.0956130757465472,-0.0792931624769968,3.83054518248123,0.011526379324816,1556,4588976.89807334
racethn_combn,Other Hispanic,1999-2020,21.2,WTMEC.COMBN,age+gender,employ_status,prevent_ascvd_30yr_full,3179,7972449.92786919,130,gaussian (identity),Part-time employed,-0.000694383656125038,0.00455163437356707,0.878993618882093,-0.00961558702831649,0.00822681971606641,3.83054518248123,0.011526379324816,271,643889.562633094
racethn_combn,Other Hispanic,1999-2020,21.2,WTMEC.COMBN,age+gender,employ_status,prevent_ascvd_30yr_full,3179,7972449.92786919,130,gaussian (identity),Student,-0.0209644711337262,0.00922858336349113,0.0248147149355271,-0.0390524945261689,-0.00287644774128362,3.83054518248123,0.011526379324816,11,35742.8507209245
racethn_combn,Other Hispanic,1999-2020,21.2,WTMEC.COMBN,age+gender,employ_status,prevent_ascvd_30yr_full,3179,7972449.92786919,130,gaussian (identity),Unemployed,0.00698898795280718,0.00389246607424606,0.0749873612786086,-0.000640245552715091,0.0146182214583295,3.83054518248123,0.011526379324816,1341,2703840.61644183
racethn_combn,Other/Multi-Racial/NHAsian,1999-2020,21.2,WTMEC.COMBN,age+gender,employ_status,prevent_ascvd_30yr_full,762,3957685.58718811,72,gaussian (identity),Full-time employed (Intercept),-0.0951808976657185,0.0097051356499725,1.40192063316459e-14,-0.114202963539665,-0.0761588317917724,6.11448146164314,0.000969764865947161,400,2410282.87553019
racethn_combn,Other/Multi-Racial/NHAsian,1999-2020,21.2,WTMEC.COMBN,age+gender,employ_status,prevent_ascvd_30yr_full,762,3957685.58718811,72,gaussian (identity),Part-time employed,-0.0183022325983441,0.00587434975096158,0.00270192708938911,-0.0298159581102288,-0.00678850708645941,6.11448146164314,0.000969764865947161,59,289899.758545377
racethn_combn,Other/Multi-Racial/NHAsian,1999-2020,21.2,WTMEC.COMBN,age+gender,employ_status,prevent_ascvd_30yr_full,762,3957685.58718811,72,gaussian (identity),Student,-0.0273514928758091,0.00847751858602565,0.00194074241258379,-0.0439674293044194,-0.0107355564471988,6.11448146164314,0.000969764865947161,7,18029.0025528302
racethn_combn,Other/Multi-Racial/NHAsian,1999-2020,21.2,WTMEC.COMBN,age+gender,employ_status,prevent_ascvd_30yr_full,762,3957685.58718811,72,gaussian (identity),Unemployed,0.00442400140477175,0.00652433459113307,0.500058037680297,-0.00836369439384906,0.0172116972033926,6.11448146164314,0.000969764865947161,296,1239473.95055972
racethn_combn,NHAsian,1999-2020,21.2,WTMEC.COMBN,age+gender,employ_status,prevent_ascvd_30yr_full,2001,3572410.04707155,66,gaussian (identity),Full-time employed (Intercept),-0.0885422559116548,0.00510120266416922,2.80684195623736e-25,-0.0985406131334265,-0.0785438986898832,1.57387226293959,0.204868130061775,1142,2034968.45811515
racethn_combn,NHAsian,1999-2020,21.2,WTMEC.COMBN,age+gender,employ_status,prevent_ascvd_30yr_full,2001,3572410.04707155,66,gaussian (identity),Part-time employed,-0.0058423037902931,0.00310660155548169,0.0648011840068961,-0.0119312428390372,0.000246635258451001,1.57387226293959,0.204868130061775,189,342329.631672943
racethn_combn,NHAsian,1999-2020,21.2,WTMEC.COMBN,age+gender,employ_status,prevent_ascvd_30yr_full,2001,3572410.04707155,66,gaussian (identity),Student,-0.00806456159660445,0.0100616472187338,0.425944788048086,-0.0277853901453227,0.0116562669521138,1.57387226293959,0.204868130061775,18,31387.5494484717
racethn_combn,NHAsian,1999-2020,21.2,WTMEC.COMBN,age+gender,employ_status,prevent_ascvd_30yr_full,2001,3572410.04707155,66,gaussian (identity),Unemployed,-0.00291464363822736,0.00325077687654098,0.373457752562507,-0.00928616631624769,0.00345687903979296,1.57387226293959,0.204868130061775,652,1163724.40783498
racethn_combn,Other/Multi-Racial,1999-2020,21.2,WTMEC.COMBN,age+gender,employ_status,prevent_ascvd_30yr_full,562,2259923.37838738,62,gaussian (identity),Full-time employed (Intercept),-0.0496964965402928,0.0128432769577663,0.000282864380652688,-0.0748693193775148,-0.0245236737030708,1.95422634564172,0.131147460932709,263,1165739.776853
racethn_combn,Other/Multi-Racial,1999-2020,21.2,WTMEC.COMBN,age+gender,employ_status,prevent_ascvd_30yr_full,562,2259923.37838738,62,gaussian (identity),Part-time employed,-0.00817422154175653,0.0110193188614074,0.461249254302471,-0.029772086510115,0.0134236434266019,1.95422634564172,0.131147460932709,65,243820.89357751
racethn_combn,Other/Multi-Racial,1999-2020,21.2,WTMEC.COMBN,age+gender,employ_status,prevent_ascvd_30yr_full,562,2259923.37838738,62,gaussian (identity),Student,0.0777477188282742,0.0391243754800206,0.0517139665733433,0.00106394288743385,0.154431494769115,1.95422634564172,0.131147460932709,3,8867.34842875472
racethn_combn,Other/Multi-Racial,1999-2020,21.2,WTMEC.COMBN,age+gender,employ_status,prevent_ascvd_30yr_full,562,2259923.37838738,62,gaussian (identity),Unemployed,0.0112131754424673,0.00896339981285219,0.216046541831754,-0.00635508819072301,0.0287814390756576,1.95422634564172,0.131147460932709,231,841495.359528113
racethn_combn,NHW,1999-2020,21.2,WTMEC.COMBN,age+gender,employ_status,prevent_hf_10yr_base,15804,104294356.645491,162,gaussian (identity),Full-time employed (Intercept),-0.160997923661291,0.00174741337699068,1.39931973637652e-138,-0.164422853880193,-0.15757299344239,161.678129310273,8.44775514149275e-48,7340,57861598.7746399
racethn_combn,NHW,1999-2020,21.2,WTMEC.COMBN,age+gender,employ_status,prevent_hf_10yr_base,15804,104294356.645491,162,gaussian (identity),Part-time employed,0.00606594604734594,0.00175604930357487,0.000709480553844658,0.0026240894123392,0.00950780268235267,161.678129310273,8.44775514149275e-48,1574,10160076.1206335
racethn_combn,NHW,1999-2020,21.2,WTMEC.COMBN,age+gender,employ_status,prevent_hf_10yr_base,15804,104294356.645491,162,gaussian (identity),Student,0.00824213458776078,0.0045293011669434,0.070704002002182,-0.000635295699448275,0.0171195648749698,161.678129310273,8.44775514149275e-48,54,257311.534320359
racethn_combn,NHW,1999-2020,21.2,WTMEC.COMBN,age+gender,employ_status,prevent_hf_10yr_base,15804,104294356.645491,162,gaussian (identity),Unemployed,0.0227286021392325,0.00109458612660963,6.9511254017529e-47,0.0205832133310776,0.0248739909473873,161.678129310273,8.44775514149275e-48,6836,36015370.2158972
racethn_combn,NHB,1999-2020,21.2,WTMEC.COMBN,age+gender,employ_status,prevent_hf_10yr_base,7705,14990590.6849992,148,gaussian (identity),Full-time employed (Intercept),-0.164943375346865,0.0027618891737693,5.38732392895942e-103,-0.170356678127453,-0.159530072566278,63.3984097466186,3.94389027293616e-26,3746,8191034.4883923
racethn_combn,NHB,1999-2020,21.2,WTMEC.COMBN,age+gender,employ_status,prevent_hf_10yr_base,7705,14990590.6849992,148,gaussian (identity),Part-time employed,0.00981978819864413,0.00305944393636511,0.00164092812317476,0.00382327808336852,0.0158162983139197,63.3984097466186,3.94389027293616e-26,552,1066402.48631594
racethn_combn,NHB,1999-2020,21.2,WTMEC.COMBN,age+gender,employ_status,prevent_hf_10yr_base,7705,14990590.6849992,148,gaussian (identity),Student,0.0151599949573635,0.0102897062015561,0.142863488221778,-0.00500782919768639,0.0353278191124135,63.3984097466186,3.94389027293616e-26,46,109513.252616623
racethn_combn,NHB,1999-2020,21.2,WTMEC.COMBN,age+gender,employ_status,prevent_hf_10yr_base,7705,14990590.6849992,148,gaussian (identity),Unemployed,0.0269961923594678,0.00198939813597666,1.77229078800748e-27,0.0230969720129536,0.0308954127059821,63.3984097466186,3.94389027293616e-26,3361,5623640.45767434
racethn_combn,Mexican-American,1999-2020,21.2,WTMEC.COMBN,age+gender,employ_status,prevent_hf_10yr_base,6231,10680212.6820149,134,gaussian (identity),Full-time employed (Intercept),-0.154735013632132,0.00298167862656773,2.67136732448698e-88,-0.160579103740204,-0.148890923524059,52.7585096214011,2.54540247686914e-22,3166,6481726.90394723
racethn_combn,Mexican-American,1999-2020,21.2,WTMEC.COMBN,age+gender,employ_status,prevent_hf_10yr_base,6231,10680212.6820149,134,gaussian (identity),Part-time employed,0.00254193354278119,0.00355735176813101,0.47617338468085,-0.00443047592275559,0.00951434300831797,52.7585096214011,2.54540247686914e-22,448,802970.447069453
racethn_combn,Mexican-American,1999-2020,21.2,WTMEC.COMBN,age+gender,employ_status,prevent_hf_10yr_base,6231,10680212.6820149,134,gaussian (identity),Student,0.0065313760934332,0.0108936737489857,0.549853260453871,-0.0148202244545788,0.0278829766414452,52.7585096214011,2.54540247686914e-22,17,35592.8770029811
racethn_combn,Mexican-American,1999-2020,21.2,WTMEC.COMBN,age+gender,employ_status,prevent_hf_10yr_base,6231,10680212.6820149,134,gaussian (identity),Unemployed,0.0207794858858986,0.00165559748170114,4.15634273690699e-24,0.0175345148217643,0.0240244569500328,52.7585096214011,2.54540247686914e-22,2600,3359922.45399525
racethn_combn,Other Hispanic,1999-2020,21.2,WTMEC.COMBN,age+gender,employ_status,prevent_hf_10yr_base,3200,8021369.28767066,130,gaussian (identity),Full-time employed (Intercept),-0.153372672719443,0.00374607848226618,2.82670579245719e-74,-0.160714986544685,-0.146030358894202,33.166042244204,7.70200050163239e-16,1563,4615443.63379145
racethn_combn,Other Hispanic,1999-2020,21.2,WTMEC.COMBN,age+gender,employ_status,prevent_hf_10yr_base,3200,8021369.28767066,130,gaussian (identity),Part-time employed,0.00522853832568224,0.00333794981078559,0.119784946971667,-0.00131384330345752,0.011770919954822,33.166042244204,7.70200050163239e-16,271,643889.562633094
racethn_combn,Other Hispanic,1999-2020,21.2,WTMEC.COMBN,age+gender,employ_status,prevent_hf_10yr_base,3200,8021369.28767066,130,gaussian (identity),Student,0.00319773079191645,0.00897739763702973,0.72229279907037,-0.0143979685766618,0.0207934301604947,33.166042244204,7.70200050163239e-16,11,35742.8507209245
racethn_combn,Other Hispanic,1999-2020,21.2,WTMEC.COMBN,age+gender,employ_status,prevent_hf_10yr_base,3200,8021369.28767066,130,gaussian (identity),Unemployed,0.0231325583224463,0.00232254042239328,1.47016455757336e-17,0.0185803790945555,0.0276847375503372,33.166042244204,7.70200050163239e-16,1355,2726293.24052519
racethn_combn,Other/Multi-Racial/NHAsian,1999-2020,21.2,WTMEC.COMBN,age+gender,employ_status,prevent_hf_10yr_base,772,4008693.09402991,73,gaussian (identity),Full-time employed (Intercept),-0.14730212103048,0.00780685412185459,9.89188540521918e-29,-0.162603555109315,-0.132000686951645,8.60452922031255,6.40496702803594e-05,403,2434673.05067255
racethn_combn,Other/Multi-Racial/NHAsian,1999-2020,21.2,WTMEC.COMBN,age+gender,employ_status,prevent_hf_10yr_base,772,4008693.09402991,73,gaussian (identity),Part-time employed,-0.00914856763942512,0.00606368967257123,0.135996229097395,-0.0210333993976647,0.00273626411881449,8.60452922031255,6.40496702803594e-05,59,289899.758545377
racethn_combn,Other/Multi-Racial/NHAsian,1999-2020,21.2,WTMEC.COMBN,age+gender,employ_status,prevent_hf_10yr_base,772,4008693.09402991,73,gaussian (identity),Student,-0.00724152381887942,0.00514476553426199,0.163818757480232,-0.0173252642660329,0.00284221662827408,8.60452922031255,6.40496702803594e-05,7,18029.0025528302
racethn_combn,Other/Multi-Racial/NHAsian,1999-2020,21.2,WTMEC.COMBN,age+gender,employ_status,prevent_hf_10yr_base,772,4008693.09402991,73,gaussian (identity),Unemployed,0.0172910843372295,0.00445681613690761,0.000238651830696719,0.00855572470889054,0.0260264439655684,8.60452922031255,6.40496702803594e-05,303,1266091.28225915
racethn_combn,NHAsian,1999-2020,21.2,WTMEC.COMBN,age+gender,employ_status,prevent_hf_10yr_base,2011,3588963.70190915,66,gaussian (identity),Full-time employed (Intercept),-0.163062515133906,0.00476596736257994,1.62731265467567e-41,-0.172403811164563,-0.153721219103249,24.952836195616,1.17324756040049e-10,1147,2045351.58412945
racethn_combn,NHAsian,1999-2020,21.2,WTMEC.COMBN,age+gender,employ_status,prevent_hf_10yr_base,2011,3588963.70190915,66,gaussian (identity),Part-time employed,0.00365333094306825,0.00322687300035544,0.261998800689168,-0.00267134013762841,0.0099780020237649,24.952836195616,1.17324756040049e-10,189,342329.631672943
racethn_combn,NHAsian,1999-2020,21.2,WTMEC.COMBN,age+gender,employ_status,prevent_hf_10yr_base,2011,3588963.70190915,66,gaussian (identity),Student,0.00682634681030875,0.00686723443071767,0.324127385781874,-0.00663343267389788,0.0202861262945154,24.952836195616,1.17324756040049e-10,18,31387.5494484717
racethn_combn,NHAsian,1999-2020,21.2,WTMEC.COMBN,age+gender,employ_status,prevent_hf_10yr_base,2011,3588963.70190915,66,gaussian (identity),Unemployed,0.0209591244382188,0.00260913490671376,3.86000013186087e-11,0.0158452200210598,0.0260730288553778,24.952836195616,1.17324756040049e-10,657,1169894.93665828
racethn_combn,Other/Multi-Racial,1999-2020,21.2,WTMEC.COMBN,age+gender,employ_status,prevent_hf_10yr_base,567,2270467.9633047,62,gaussian (identity),Full-time employed (Intercept),-0.16194802435754,0.0127585646241665,2.98505956487613e-18,-0.186954811020906,-0.136941237694174,2.15547110228768,0.103261588755549,266,1170880.81103051
racethn_combn,Other/Multi-Racial,1999-2020,21.2,WTMEC.COMBN,age+gender,employ_status,prevent_hf_10yr_base,567,2270467.9633047,62,gaussian (identity),Part-time employed,0.00100158573401043,0.0102619903924037,0.922591124626955,-0.0191119154351009,0.0211150869031218,2.15547110228768,0.103261588755549,65,243820.89357751
racethn_combn,Other/Multi-Racial,1999-2020,21.2,WTMEC.COMBN,age+gender,employ_status,prevent_hf_10yr_base,567,2270467.9633047,62,gaussian (identity),Student,0.0719374959593987,0.0464461187994717,0.126955621609863,-0.0190968968875658,0.162971888806363,2.15547110228768,0.103261588755549,3,8867.34842875472
racethn_combn,Other/Multi-Racial,1999-2020,21.2,WTMEC.COMBN,age+gender,employ_status,prevent_hf_10yr_base,567,2270467.9633047,62,gaussian (identity),Unemployed,0.0184387523999802,0.00932477884053628,0.0528403261847997,0.000162185872529131,0.0367153189274313,2.15547110228768,0.103261588755549,233,846898.910267925
racethn_combn,NHW,1999-2020,21.2,WTMEC.COMBN,age+gender,employ_status,prevent_hf_10yr_hba1c,15788,104192519.360674,162,gaussian (identity),Full-time employed (Intercept),-0.164942028457247,0.0017902043086386,1.39727761245595e-138,-0.168450828902179,-0.161433228012316,150.970444593819,4.7093315423565e-46,7332,57798237.9796719
racethn_combn,NHW,1999-2020,21.2,WTMEC.COMBN,age+gender,employ_status,prevent_hf_10yr_hba1c,15788,104192519.360674,162,gaussian (identity),Part-time employed,0.00485992084213235,0.0017049960406153,0.00495318525554374,0.00151812860252636,0.00820171308173833,150.970444593819,4.7093315423565e-46,1574,10160076.1206335
racethn_combn,NHW,1999-2020,21.2,WTMEC.COMBN,age+gender,employ_status,prevent_hf_10yr_hba1c,15788,104192519.360674,162,gaussian (identity),Student,0.00901764938982808,0.00456715467235535,0.0500839775305043,6.6026232011596e-05,0.0179692725476446,150.970444593819,4.7093315423565e-46,54,257311.534320359
racethn_combn,NHW,1999-2020,21.2,WTMEC.COMBN,age+gender,employ_status,prevent_hf_10yr_hba1c,15788,104192519.360674,162,gaussian (identity),Unemployed,0.0226826934126854,0.00114028606960551,9.28396030717451e-45,0.0204477327162586,0.0249176541091122,150.970444593819,4.7093315423565e-46,6828,35976893.7260482
racethn_combn,NHB,1999-2020,21.2,WTMEC.COMBN,age+gender,employ_status,prevent_hf_10yr_hba1c,7681,14945154.7945039,148,gaussian (identity),Full-time employed (Intercept),-0.171139809536024,0.00297935231871862,1.12702632735663e-100,-0.176979340080712,-0.165300278991335,57.3971123729617,2.04892715266482e-24,3735,8166416.44904045
racethn_combn,NHB,1999-2020,21.2,WTMEC.COMBN,age+gender,employ_status,prevent_hf_10yr_hba1c,7681,14945154.7945039,148,gaussian (identity),Part-time employed,0.00802240267237543,0.00314513351902,0.0118014617681092,0.00185794097509624,0.0141868643696546,57.3971123729617,2.04892715266482e-24,548,1055678.53362991
racethn_combn,NHB,1999-2020,21.2,WTMEC.COMBN,age+gender,employ_status,prevent_hf_10yr_hba1c,7681,14945154.7945039,148,gaussian (identity),Student,0.0130735419663367,0.0105451018235471,0.217089681174737,-0.00759485760781572,0.033741941540489,57.3971123729617,2.04892715266482e-24,46,109513.252616623
racethn_combn,NHB,1999-2020,21.2,WTMEC.COMBN,age+gender,employ_status,prevent_hf_10yr_hba1c,7681,14945154.7945039,148,gaussian (identity),Unemployed,0.026583942628307,0.00204860828127852,6.15973664208126e-26,0.0225686703970011,0.0305992148596129,57.3971123729617,2.04892715266482e-24,3352,5613546.55921693
racethn_combn,Mexican-American,1999-2020,21.2,WTMEC.COMBN,age+gender,employ_status,prevent_hf_10yr_hba1c,6226,10669632.6671354,134,gaussian (identity),Full-time employed (Intercept),-0.162042793225516,0.00323798495186856,2.32202160985121e-86,-0.168389243731178,-0.155696342719853,47.7233081946783,8.11068723268429e-21,3163,6475680.21401364
racethn_combn,Mexican-American,1999-2020,21.2,WTMEC.COMBN,age+gender,employ_status,prevent_hf_10yr_hba1c,6226,10669632.6671354,134,gaussian (identity),Part-time employed,0.00462726377661551,0.00517312802768962,0.372730559965989,-0.00551206715765614,0.0147665947108872,47.7233081946783,8.11068723268429e-21,447,799238.933436623
racethn_combn,Mexican-American,1999-2020,21.2,WTMEC.COMBN,age+gender,employ_status,prevent_hf_10yr_hba1c,6226,10669632.6671354,134,gaussian (identity),Student,0.00454894842865918,0.00864416502675916,0.599621602943706,-0.0123936150237888,0.0214915118811071,47.7233081946783,8.11068723268429e-21,17,35592.8770029811
racethn_combn,Mexican-American,1999-2020,21.2,WTMEC.COMBN,age+gender,employ_status,prevent_hf_10yr_hba1c,6226,10669632.6671354,134,gaussian (identity),Unemployed,0.0222645546356104,0.00187664615226773,2.08733413675493e-22,0.0185863281771657,0.0259427810940552,47.7233081946783,8.11068723268429e-21,2599,3359120.64268213
racethn_combn,Other Hispanic,1999-2020,21.2,WTMEC.COMBN,age+gender,employ_status,prevent_hf_10yr_hba1c,3194,8002234.87135283,130,gaussian (identity),Full-time employed (Intercept),-0.160820556854901,0.00421593488932343,1.02132864846117e-70,-0.169083789237975,-0.152557324471827,25.4041196517462,6.700964790692e-13,1559,4599925.26336155
racethn_combn,Other Hispanic,1999-2020,21.2,WTMEC.COMBN,age+gender,employ_status,prevent_hf_10yr_hba1c,3194,8002234.87135283,130,gaussian (identity),Part-time employed,0.00589220679326713,0.00386052349541758,0.12946860579298,-0.00167441925775132,0.0134588328442856,25.4041196517462,6.700964790692e-13,271,643889.562633094
racethn_combn,Other Hispanic,1999-2020,21.2,WTMEC.COMBN,age+gender,employ_status,prevent_hf_10yr_hba1c,3194,8002234.87135283,130,gaussian (identity),Student,0.0019258556004854,0.00919040240595397,0.834359473589516,-0.0160873331151844,0.0199390443161552,25.4041196517462,6.700964790692e-13,11,35742.8507209245
racethn_combn,Other Hispanic,1999-2020,21.2,WTMEC.COMBN,age+gender,employ_status,prevent_hf_10yr_hba1c,3194,8002234.87135283,130,gaussian (identity),Unemployed,0.0247456612869268,0.00284091388072013,1.52395711112143e-14,0.0191774700807153,0.0303138524931382,25.4041196517462,6.700964790692e-13,1353,2722677.19463726
racethn_combn,Other/Multi-Racial/NHAsian,1999-2020,21.2,WTMEC.COMBN,age+gender,employ_status,prevent_hf_10yr_hba1c,769,3993806.69430321,73,gaussian (identity),Full-time employed (Intercept),-0.157221832664508,0.00838620931833262,1.42758590457194e-28,-0.17365880292844,-0.140784862400576,9.77143129316277,1.92058371152378e-05,402,2427973.34970075
racethn_combn,Other/Multi-Racial/NHAsian,1999-2020,21.2,WTMEC.COMBN,age+gender,employ_status,prevent_hf_10yr_hba1c,769,3993806.69430321,73,gaussian (identity),Part-time employed,-0.0105529780467373,0.00553854121958342,0.0609609045476927,-0.0214085188371208,0.000302562743646173,9.77143129316277,1.92058371152378e-05,59,289899.758545377
racethn_combn,Other/Multi-Racial/NHAsian,1999-2020,21.2,WTMEC.COMBN,age+gender,employ_status,prevent_hf_10yr_hba1c,769,3993806.69430321,73,gaussian (identity),Student,-0.00493479392213762,0.00492732731774238,0.320128358864002,-0.0145923554649127,0.00472276762063744,9.77143129316277,1.92058371152378e-05,7,18029.0025528302
racethn_combn,Other/Multi-Racial/NHAsian,1999-2020,21.2,WTMEC.COMBN,age+gender,employ_status,prevent_hf_10yr_hba1c,769,3993806.69430321,73,gaussian (identity),Unemployed,0.021196148934256,0.00464773492389678,2.18984926793478e-05,0.0120865884834183,0.0303057093850937,9.77143129316277,1.92058371152378e-05,301,1257904.58350425
racethn_combn,NHAsian,1999-2020,21.2,WTMEC.COMBN,age+gender,employ_status,prevent_hf_10yr_hba1c,2010,3587784.71201547,66,gaussian (identity),Full-time employed (Intercept),-0.171788824012486,0.00513064928247312,5.69126773772552e-41,-0.181844896606133,-0.161732751418838,23.5171361785778,3.09445133652537e-10,1147,2045351.58412945
racethn_combn,NHAsian,1999-2020,21.2,WTMEC.COMBN,age+gender,employ_status,prevent_hf_10yr_hba1c,2010,3587784.71201547,66,gaussian (identity),Part-time employed,0.00354879387259528,0.00333884775519073,0.292026199892296,-0.00299534772757855,0.0100929354727691,23.5171361785778,3.09445133652537e-10,189,342329.631672943
racethn_combn,NHAsian,1999-2020,21.2,WTMEC.COMBN,age+gender,employ_status,prevent_hf_10yr_hba1c,2010,3587784.71201547,66,gaussian (identity),Student,0.00526117421396181,0.00662194863382254,0.429981531712856,-0.00771784510833035,0.018240193536254,23.5171361785778,3.09445133652537e-10,18,31387.5494484717
racethn_combn,NHAsian,1999-2020,21.2,WTMEC.COMBN,age+gender,employ_status,prevent_hf_10yr_hba1c,2010,3587784.71201547,66,gaussian (identity),Unemployed,0.0225234916644306,0.00283361828287781,5.39071352622327e-11,0.0169695998299901,0.0280773834988711,23.5171361785778,3.09445133652537e-10,656,1168715.9467646
racethn_combn,Other/Multi-Racial,1999-2020,21.2,WTMEC.COMBN,age+gender,employ_status,prevent_hf_10yr_hba1c,567,2270467.9633047,62,gaussian (identity),Full-time employed (Intercept),-0.173512386443038,0.0165211996213641,6.04765137783282e-15,-0.205893937700912,-0.141130835185165,1.05250826201429,0.376490762961809,266,1170880.81103051
racethn_combn,Other/Multi-Racial,1999-2020,21.2,WTMEC.COMBN,age+gender,employ_status,prevent_hf_10yr_hba1c,567,2270467.9633047,62,gaussian (identity),Part-time employed,0.00504954850178621,0.0138745029977514,0.717246025952804,-0.0221444773738066,0.032243574377379,1.05250826201429,0.376490762961809,65,243820.89357751
racethn_combn,Other/Multi-Racial,1999-2020,21.2,WTMEC.COMBN,age+gender,employ_status,prevent_hf_10yr_hba1c,567,2270467.9633047,62,gaussian (identity),Student,0.0576138772894026,0.0412352736398785,0.167769302080342,-0.0232072590447593,0.138435013623564,1.05250826201429,0.376490762961809,3,8867.34842875472
racethn_combn,Other/Multi-Racial,1999-2020,21.2,WTMEC.COMBN,age+gender,employ_status,prevent_hf_10yr_hba1c,567,2270467.9633047,62,gaussian (identity),Unemployed,0.0147171562650869,0.0115811794044106,0.208968231986419,-0.00798195536755793,0.0374162678977317,1.05250826201429,0.376490762961809,233,846898.910267925
racethn_combn,NHW,1999-2020,21.2,WTMEC.COMBN,age+gender,employ_status,prevent_hf_10yr_uacr,15669,103653535.825074,162,gaussian (identity),Full-time employed (Intercept),-0.141929961740384,0.00174038062233759,1.97915254867502e-130,-0.145341107760166,-0.138518815720602,150.456337144633,5.7423769889964e-46,7311,57670689.7882244
racethn_combn,NHW,1999-2020,21.2,WTMEC.COMBN,age+gender,employ_status,prevent_hf_10yr_uacr,15669,103653535.825074,162,gaussian (identity),Part-time employed,0.00322580155898689,0.00153813203766602,0.0375765178536527,0.000211062765161486,0.00624054035281229,150.456337144633,5.7423769889964e-46,1567,10133974.7312672
racethn_combn,NHW,1999-2020,21.2,WTMEC.COMBN,age+gender,employ_status,prevent_hf_10yr_uacr,15669,103653535.825074,162,gaussian (identity),Student,0.00728217741626816,0.00376165390624038,0.0546767640130759,-9.06642399629946e-05,0.0146550190724993,150.456337144633,5.7423769889964e-46,54,257311.534320359
racethn_combn,NHW,1999-2020,21.2,WTMEC.COMBN,age+gender,employ_status,prevent_hf_10yr_uacr,15669,103653535.825074,162,gaussian (identity),Unemployed,0.0217938206086516,0.00106904251367955,5.73563469086599e-46,0.0196984972818397,0.0238891439354635,150.456337144633,5.7423769889964e-46,6737,35591559.7712624
racethn_combn,NHB,1999-2020,21.2,WTMEC.COMBN,age+gender,employ_status,prevent_hf_10yr_uacr,7606,14823138.522578,148,gaussian (identity),Full-time employed (Intercept),-0.153183664532875,0.00313671099158904,4.41353424125119e-91,-0.159331618076389,-0.14703571098936,63.8415662582466,2.97101068689756e-26,3726,8148570.69948977
racethn_combn,NHB,1999-2020,21.2,WTMEC.COMBN,age+gender,employ_status,prevent_hf_10yr_uacr,7606,14823138.522578,148,gaussian (identity),Part-time employed,0.00817543019610969,0.00306754721323588,0.00858071615493478,0.00216303765816737,0.014187822734052,63.8415662582466,2.97101068689756e-26,544,1051157.86666338
racethn_combn,NHB,1999-2020,21.2,WTMEC.COMBN,age+gender,employ_status,prevent_hf_10yr_uacr,7606,14823138.522578,148,gaussian (identity),Student,0.0129139529754957,0.00879741947005689,0.144320678996647,-0.00432898918581577,0.0301568951368072,63.8415662582466,2.97101068689756e-26,46,109513.252616623
racethn_combn,NHB,1999-2020,21.2,WTMEC.COMBN,age+gender,employ_status,prevent_hf_10yr_uacr,7606,14823138.522578,148,gaussian (identity),Unemployed,0.0266832568805799,0.00197007792962081,2.06666001270113e-27,0.0228219041385231,0.0305446096226367,63.8415662582466,2.97101068689756e-26,3290,5513896.70380819
racethn_combn,Mexican-American,1999-2020,21.2,WTMEC.COMBN,age+gender,employ_status,prevent_hf_10yr_uacr,6200,10639362.7916884,134,gaussian (identity),Full-time employed (Intercept),-0.143328640294883,0.0032829071300898,3.88032537868156e-79,-0.149763138269859,-0.136894142319907,52.6677887073511,2.70485553775245e-22,3158,6467147.79023119
racethn_combn,Mexican-American,1999-2020,21.2,WTMEC.COMBN,age+gender,employ_status,prevent_hf_10yr_uacr,6200,10639362.7916884,134,gaussian (identity),Part-time employed,0.00143034455361402,0.00330749372008507,0.666132310545658,-0.00505234313775272,0.00791303224498077,52.6677887073511,2.70485553775245e-22,446,797644.241852189
racethn_combn,Mexican-American,1999-2020,21.2,WTMEC.COMBN,age+gender,employ_status,prevent_hf_10yr_uacr,6200,10639362.7916884,134,gaussian (identity),Student,0.0187264421645791,0.0201430175763622,0.354276261030927,-0.0207538722850908,0.0582067566142489,52.6677887073511,2.70485553775245e-22,17,35592.8770029811
racethn_combn,Mexican-American,1999-2020,21.2,WTMEC.COMBN,age+gender,employ_status,prevent_hf_10yr_uacr,6200,10639362.7916884,134,gaussian (identity),Unemployed,0.0224854513164419,0.00180307797368454,6.56820200479627e-24,0.0189514184880202,0.0260194841448636,52.6677887073511,2.70485553775245e-22,2579,3338977.88260204
racethn_combn,Other Hispanic,1999-2020,21.2,WTMEC.COMBN,age+gender,employ_status,prevent_hf_10yr_uacr,3185,7991584.34418702,130,gaussian (identity),Full-time employed (Intercept),-0.138667215480865,0.00453718294968521,7.56415764437569e-60,-0.147560094062248,-0.129774336899482,30.2981915388649,8.64036856698813e-15,1560,4604495.26850325
racethn_combn,Other Hispanic,1999-2020,21.2,WTMEC.COMBN,age+gender,employ_status,prevent_hf_10yr_uacr,3185,7991584.34418702,130,gaussian (identity),Part-time employed,0.00238626049858633,0.00325871757377728,0.465374693551139,-0.00400082594601714,0.0087733469431898,30.2981915388649,8.64036856698813e-15,271,643889.562633094
racethn_combn,Other Hispanic,1999-2020,21.2,WTMEC.COMBN,age+gender,employ_status,prevent_hf_10yr_uacr,3185,7991584.34418702,130,gaussian (identity),Student,0.00184929986628204,0.00829508555470477,0.823946708986554,-0.0144090678209393,0.0181076675535034,30.2981915388649,8.64036856698813e-15,11,35742.8507209245
racethn_combn,Other Hispanic,1999-2020,21.2,WTMEC.COMBN,age+gender,employ_status,prevent_hf_10yr_uacr,3185,7991584.34418702,130,gaussian (identity),Unemployed,0.0228047991676926,0.00241775715260994,2.81023672006319e-16,0.0180659951485771,0.0275436031868081,30.2981915388649,8.64036856698813e-15,1343,2707456.66232975
racethn_combn,Other/Multi-Racial/NHAsian,1999-2020,21.2,WTMEC.COMBN,age+gender,employ_status,prevent_hf_10yr_uacr,765,3972571.98691481,72,gaussian (identity),Full-time employed (Intercept),-0.13425127125475,0.00853260058686871,3.45316056429506e-24,-0.150975168405012,-0.117527374104487,10.9621685929885,6.03782247305028e-06,401,2416982.57650198
racethn_combn,Other/Multi-Racial/NHAsian,1999-2020,21.2,WTMEC.COMBN,age+gender,employ_status,prevent_hf_10yr_uacr,765,3972571.98691481,72,gaussian (identity),Part-time employed,-0.0104815519205328,0.00463505492107805,0.0269876641564557,-0.0195662595658458,-0.00139684427521981,10.9621685929885,6.03782247305028e-06,59,289899.758545377
racethn_combn,Other/Multi-Racial/NHAsian,1999-2020,21.2,WTMEC.COMBN,age+gender,employ_status,prevent_hf_10yr_uacr,765,3972571.98691481,72,gaussian (identity),Student,-0.00339343395329179,0.00477613533700177,0.479861369824069,-0.0127546592138153,0.00596779130723167,10.9621685929885,6.03782247305028e-06,7,18029.0025528302
racethn_combn,Other/Multi-Racial/NHAsian,1999-2020,21.2,WTMEC.COMBN,age+gender,employ_status,prevent_hf_10yr_uacr,765,3972571.98691481,72,gaussian (identity),Unemployed,0.018640816337111,0.00457811789716343,0.000125678863866424,0.0096677052586707,0.0276139274155514,10.9621685929885,6.03782247305028e-06,298,1247660.64931462
racethn_combn,NHAsian,1999-2020,21.2,WTMEC.COMBN,age+gender,employ_status,prevent_hf_10yr_uacr,2002,3573589.03696523,66,gaussian (identity),Full-time employed (Intercept),-0.149343385584052,0.00641552747295722,4.84497402330451e-32,-0.161917819431048,-0.136768951737056,15.8482281397398,9.90207255194431e-08,1142,2034968.45811515
racethn_combn,NHAsian,1999-2020,21.2,WTMEC.COMBN,age+gender,employ_status,prevent_hf_10yr_uacr,2002,3573589.03696523,66,gaussian (identity),Part-time employed,0.00261716330579196,0.00340348917308834,0.444881416703818,-0.00405367547346117,0.0092880020850451,15.8482281397398,9.90207255194431e-08,189,342329.631672943
racethn_combn,NHAsian,1999-2020,21.2,WTMEC.COMBN,age+gender,employ_status,prevent_hf_10yr_uacr,2002,3573589.03696523,66,gaussian (identity),Student,0.00734855158860927,0.00617662829573817,0.238760660789771,-0.00475763987103754,0.0194547430482561,15.8482281397398,9.90207255194431e-08,18,31387.5494484717
racethn_combn,NHAsian,1999-2020,21.2,WTMEC.COMBN,age+gender,employ_status,prevent_hf_10yr_uacr,2002,3573589.03696523,66,gaussian (identity),Unemployed,0.022182708760081,0.00332540839653454,8.50309295133418e-09,0.0156649083028733,0.0287005092172887,15.8482281397398,9.90207255194431e-08,653,1164903.39772866
racethn_combn,Other/Multi-Racial,1999-2020,21.2,WTMEC.COMBN,age+gender,employ_status,prevent_hf_10yr_uacr,562,2259923.37838738,62,gaussian (identity),Full-time employed (Intercept),-0.147435684687418,0.0132762470690201,7.01505975978625e-16,-0.173457128942697,-0.121414240432138,1.87556649607722,0.143975171168819,263,1165739.776853
racethn_combn,Other/Multi-Racial,1999-2020,21.2,WTMEC.COMBN,age+gender,employ_status,prevent_hf_10yr_uacr,562,2259923.37838738,62,gaussian (identity),Part-time employed,0.00660123302620095,0.0130856196336992,0.615879508912332,-0.0190465814558494,0.0322490475082513,1.87556649607722,0.143975171168819,65,243820.89357751
racethn_combn,Other/Multi-Racial,1999-2020,21.2,WTMEC.COMBN,age+gender,employ_status,prevent_hf_10yr_uacr,562,2259923.37838738,62,gaussian (identity),Student,0.0614273223283715,0.0385401468330252,0.11649966485559,-0.0141113654643579,0.136966010121101,1.87556649607722,0.143975171168819,3,8867.34842875472
racethn_combn,Other/Multi-Racial,1999-2020,21.2,WTMEC.COMBN,age+gender,employ_status,prevent_hf_10yr_uacr,562,2259923.37838738,62,gaussian (identity),Unemployed,0.0184659180044124,0.00906412611371271,0.0462773239153102,0.000700230821535516,0.0362316051872894,1.87556649607722,0.143975171168819,231,841495.359528113
racethn_combn,NHW,1999-2020,21.2,WTMEC.COMBN,age+gender,employ_status,prevent_hf_10yr_full,15654,103555304.211174,162,gaussian (identity),Full-time employed (Intercept),-0.142953514930494,0.00178904412750215,4.51204280292328e-129,-0.146460041420399,-0.13944698844059,141.475250707446,1.99498417769731e-44,7303,57607328.9932564
racethn_combn,NHW,1999-2020,21.2,WTMEC.COMBN,age+gender,employ_status,prevent_hf_10yr_full,15654,103555304.211174,162,gaussian (identity),Part-time employed,0.00216544411747222,0.00149398763031019,0.149209547385019,-0.000762771637935754,0.0050936598728802,141.475250707446,1.99498417769731e-44,1567,10133974.7312672
racethn_combn,NHW,1999-2020,21.2,WTMEC.COMBN,age+gender,employ_status,prevent_hf_10yr_full,15654,103555304.211174,162,gaussian (identity),Student,0.00727677354167789,0.00369182399129826,0.0504760434036039,4.07985187332992e-05,0.0145127485646225,141.475250707446,1.99498417769731e-44,54,257311.534320359
racethn_combn,NHW,1999-2020,21.2,WTMEC.COMBN,age+gender,employ_status,prevent_hf_10yr_full,15654,103555304.211174,162,gaussian (identity),Unemployed,0.0210627888508783,0.00108504665917511,1.43011812032745e-43,0.0189360973988951,0.0231894803028615,141.475250707446,1.99498417769731e-44,6730,35556688.9523302
racethn_combn,NHB,1999-2020,21.2,WTMEC.COMBN,age+gender,employ_status,prevent_hf_10yr_full,7583,14778817.5072541,148,gaussian (identity),Full-time employed (Intercept),-0.155590565885738,0.00337565384621868,1.05379379693586e-87,-0.162206847424327,-0.14897428434715,57.4569164024456,1.96768795464312e-24,3715,8123952.66013793
racethn_combn,NHB,1999-2020,21.2,WTMEC.COMBN,age+gender,employ_status,prevent_hf_10yr_full,7583,14778817.5072541,148,gaussian (identity),Part-time employed,0.00648519013408278,0.00306536089990459,0.0361088843738654,0.000477082770269786,0.0124932974978958,57.4569164024456,1.96768795464312e-24,540,1040433.91397734
racethn_combn,NHB,1999-2020,21.2,WTMEC.COMBN,age+gender,employ_status,prevent_hf_10yr_full,7583,14778817.5072541,148,gaussian (identity),Student,0.0103323427293583,0.00870882545394013,0.237423061895656,-0.00673695516036432,0.027401640619081,57.4569164024456,1.96768795464312e-24,46,109513.252616623
racethn_combn,NHB,1999-2020,21.2,WTMEC.COMBN,age+gender,employ_status,prevent_hf_10yr_full,7583,14778817.5072541,148,gaussian (identity),Unemployed,0.0259431459256536,0.00200565201782054,7.90280991122818e-26,0.0220120679707254,0.0298742238805819,57.4569164024456,1.96768795464312e-24,3282,5504917.68052219
racethn_combn,Mexican-American,1999-2020,21.2,WTMEC.COMBN,age+gender,employ_status,prevent_hf_10yr_full,6195,10628782.7768089,134,gaussian (identity),Full-time employed (Intercept),-0.147679650285119,0.00336194902150506,1.85257827245731e-79,-0.154269070367269,-0.141090230202969,42.9894247995787,2.50896432776111e-19,3155,6461101.1002976
racethn_combn,Mexican-American,1999-2020,21.2,WTMEC.COMBN,age+gender,employ_status,prevent_hf_10yr_full,6195,10628782.7768089,134,gaussian (identity),Part-time employed,0.00309350924292732,0.00467503954181125,0.509338884586188,-0.00606956825902272,0.0122565867448774,42.9894247995787,2.50896432776111e-19,445,793912.728219359
racethn_combn,Mexican-American,1999-2020,21.2,WTMEC.COMBN,age+gender,employ_status,prevent_hf_10yr_full,6195,10628782.7768089,134,gaussian (identity),Student,0.014308280719026,0.0149700547898261,0.340964314330944,-0.0150330266690332,0.0436495881070852,42.9894247995787,2.50896432776111e-19,17,35592.8770029811
racethn_combn,Mexican-American,1999-2020,21.2,WTMEC.COMBN,age+gender,employ_status,prevent_hf_10yr_full,6195,10628782.7768089,134,gaussian (identity),Unemployed,0.0232541692685162,0.00206375513894343,6.3109076045152e-21,0.019209209196187,0.0272991293408453,42.9894247995787,2.50896432776111e-19,2578,3338176.07128892
racethn_combn,Other Hispanic,1999-2020,21.2,WTMEC.COMBN,age+gender,employ_status,prevent_hf_10yr_full,3179,7972449.92786919,130,gaussian (identity),Full-time employed (Intercept),-0.143430341791172,0.00496430721933312,3.58052056976645e-57,-0.153160383941065,-0.133700299641279,23.005038685898,6.33521929570672e-12,1556,4588976.89807334
racethn_combn,Other Hispanic,1999-2020,21.2,WTMEC.COMBN,age+gender,employ_status,prevent_hf_10yr_full,3179,7972449.92786919,130,gaussian (identity),Part-time employed,0.00303493537797522,0.00390156588939457,0.43811181649062,-0.00461213376523813,0.0106820045211886,23.005038685898,6.33521929570672e-12,271,643889.562633094
racethn_combn,Other Hispanic,1999-2020,21.2,WTMEC.COMBN,age+gender,employ_status,prevent_hf_10yr_full,3179,7972449.92786919,130,gaussian (identity),Student,-8.28473853390128e-05,0.00840329625368129,0.992149568614351,-0.0165533080425543,0.0163876132718763,23.005038685898,6.33521929570672e-12,11,35742.8507209245
racethn_combn,Other Hispanic,1999-2020,21.2,WTMEC.COMBN,age+gender,employ_status,prevent_hf_10yr_full,3179,7972449.92786919,130,gaussian (identity),Unemployed,0.0233697276071107,0.00283918501160933,2.07993889391434e-13,0.0178049249843564,0.028934530229865,23.005038685898,6.33521929570672e-12,1341,2703840.61644183
racethn_combn,Other/Multi-Racial/NHAsian,1999-2020,21.2,WTMEC.COMBN,age+gender,employ_status,prevent_hf_10yr_full,762,3957685.58718811,72,gaussian (identity),Full-time employed (Intercept),-0.141381755386849,0.00897966027226866,3.33058795202699e-24,-0.158981889520495,-0.123781621253202,11.840408687837,2.5840374743469e-06,400,2410282.87553019
racethn_combn,Other/Multi-Racial/NHAsian,1999-2020,21.2,WTMEC.COMBN,age+gender,employ_status,prevent_hf_10yr_full,762,3957685.58718811,72,gaussian (identity),Part-time employed,-0.0114109603560789,0.00428056255114287,0.0096179184333899,-0.0198008629563189,-0.00302105775583886,11.840408687837,2.5840374743469e-06,59,289899.758545377
racethn_combn,Other/Multi-Racial/NHAsian,1999-2020,21.2,WTMEC.COMBN,age+gender,employ_status,prevent_hf_10yr_full,762,3957685.58718811,72,gaussian (identity),Student,-0.00218382700117287,0.00452096868509926,0.630639183251975,-0.0110449256239674,0.00667727162162168,11.840408687837,2.5840374743469e-06,7,18029.0025528302
racethn_combn,Other/Multi-Racial/NHAsian,1999-2020,21.2,WTMEC.COMBN,age+gender,employ_status,prevent_hf_10yr_full,762,3957685.58718811,72,gaussian (identity),Unemployed,0.0220278621108533,0.00490483126510571,2.86750148438513e-05,0.0124143928312461,0.0316413313904605,11.840408687837,2.5840374743469e-06,296,1239473.95055972
racethn_combn,NHAsian,1999-2020,21.2,WTMEC.COMBN,age+gender,employ_status,prevent_hf_10yr_full,2001,3572410.04707155,66,gaussian (identity),Full-time employed (Intercept),-0.155459423100692,0.00668613920694255,5.16903323943623e-32,-0.168564255946299,-0.142354590255085,15.3569624688425,1.49007236829832e-07,1142,2034968.45811515
racethn_combn,NHAsian,1999-2020,21.2,WTMEC.COMBN,age+gender,employ_status,prevent_hf_10yr_full,2001,3572410.04707155,66,gaussian (identity),Part-time employed,0.00240311192729041,0.00336145063862312,0.477396068532,-0.0041853313244109,0.00899155517899172,15.3569624688425,1.49007236829832e-07,189,342329.631672943
racethn_combn,NHAsian,1999-2020,21.2,WTMEC.COMBN,age+gender,employ_status,prevent_hf_10yr_full,2001,3572410.04707155,66,gaussian (identity),Student,0.00547991444358,0.00609552449243609,0.372184479100278,-0.00646731356159474,0.0174271424487547,15.3569624688425,1.49007236829832e-07,18,31387.5494484717
racethn_combn,NHAsian,1999-2020,21.2,WTMEC.COMBN,age+gender,employ_status,prevent_hf_10yr_full,2001,3572410.04707155,66,gaussian (identity),Unemployed,0.0231912698616524,0.0035085233124727,1.0797255297458e-08,0.0163145641692059,0.0300679755540989,15.3569624688425,1.49007236829832e-07,652,1163724.40783498
racethn_combn,Other/Multi-Racial,1999-2020,21.2,WTMEC.COMBN,age+gender,employ_status,prevent_hf_10yr_full,562,2259923.37838738,62,gaussian (identity),Full-time employed (Intercept),-0.154052379827124,0.0171432703579243,1.62638516483384e-12,-0.187653189728655,-0.120451569925592,1.08109327028798,0.364448879814513,263,1165739.776853
racethn_combn,Other/Multi-Racial,1999-2020,21.2,WTMEC.COMBN,age+gender,employ_status,prevent_hf_10yr_full,562,2259923.37838738,62,gaussian (identity),Part-time employed,0.0106042316387204,0.0169001406502964,0.532860703853151,-0.0225200440358606,0.0437285073133014,1.08109327028798,0.364448879814513,65,243820.89357751
racethn_combn,Other/Multi-Racial,1999-2020,21.2,WTMEC.COMBN,age+gender,employ_status,prevent_hf_10yr_full,562,2259923.37838738,62,gaussian (identity),Student,0.0502531533134209,0.0339636250017221,0.144481489351629,-0.0163155516899544,0.116821858316796,1.08109327028798,0.364448879814513,3,8867.34842875472
racethn_combn,Other/Multi-Racial,1999-2020,21.2,WTMEC.COMBN,age+gender,employ_status,prevent_hf_10yr_full,562,2259923.37838738,62,gaussian (identity),Unemployed,0.0145616706128574,0.0108027132326413,0.183002790279708,-0.00661164732311958,0.0357349885488344,1.08109327028798,0.364448879814513,231,841495.359528113
racethn_combn,NHW,1999-2020,21.2,WTMEC.COMBN,age+gender,employ_status,prevent_hf_30yr_base,15804,104294356.645491,162,gaussian (identity),Full-time employed (Intercept),-0.144500869801354,0.0028882883560452,2.19446151834262e-98,-0.150161914979202,-0.138839824623505,9.9219743596351,4.99090356944374e-06,7340,57861598.7746399
racethn_combn,NHW,1999-2020,21.2,WTMEC.COMBN,age+gender,employ_status,prevent_hf_30yr_base,15804,104294356.645491,162,gaussian (identity),Part-time employed,-0.00190430990950243,0.00275139823846048,0.489881548365631,-0.00729705045688496,0.0034884306378801,9.9219743596351,4.99090356944374e-06,1574,10160076.1206335
racethn_combn,NHW,1999-2020,21.2,WTMEC.COMBN,age+gender,employ_status,prevent_hf_30yr_base,15804,104294356.645491,162,gaussian (identity),Student,-0.00611683486885758,0.00943786977054403,0.517856624490305,-0.0246150596191239,0.0123813898814087,9.9219743596351,4.99090356944374e-06,54,257311.534320359
racethn_combn,NHW,1999-2020,21.2,WTMEC.COMBN,age+gender,employ_status,prevent_hf_30yr_base,15804,104294356.645491,162,gaussian (identity),Unemployed,0.00813965375029969,0.00195515407525619,5.15947685924911e-05,0.00430755176279756,0.0119717557378018,9.9219743596351,4.99090356944374e-06,6836,36015370.2158972
racethn_combn,NHB,1999-2020,21.2,WTMEC.COMBN,age+gender,employ_status,prevent_hf_30yr_base,7705,14990590.6849992,148,gaussian (identity),Full-time employed (Intercept),-0.122016040522721,0.00522457996603317,1.18384032973733e-50,-0.132256217256146,-0.111775863789296,17.7054431554678,7.90455325592587e-10,3746,8191034.4883923
racethn_combn,NHB,1999-2020,21.2,WTMEC.COMBN,age+gender,employ_status,prevent_hf_30yr_base,7705,14990590.6849992,148,gaussian (identity),Part-time employed,0.00888876367224729,0.00600601012731643,0.141078822821984,-0.00288301617729291,0.0206605435217875,17.7054431554678,7.90455325592587e-10,552,1066402.48631594
racethn_combn,NHB,1999-2020,21.2,WTMEC.COMBN,age+gender,employ_status,prevent_hf_30yr_base,7705,14990590.6849992,148,gaussian (identity),Student,0.0031151616935342,0.0209796527236006,0.882169280169415,-0.0380049576447229,0.0442352810317913,17.7054431554678,7.90455325592587e-10,46,109513.252616623
racethn_combn,NHB,1999-2020,21.2,WTMEC.COMBN,age+gender,employ_status,prevent_hf_30yr_base,7705,14990590.6849992,148,gaussian (identity),Unemployed,0.0230897457996062,0.0032273903375146,4.02062068214165e-11,0.0167640607380776,0.0294154308611349,17.7054431554678,7.90455325592587e-10,3361,5623640.45767434
racethn_combn,Mexican-American,1999-2020,21.2,WTMEC.COMBN,age+gender,employ_status,prevent_hf_30yr_base,6231,10680212.6820149,134,gaussian (identity),Full-time employed (Intercept),-0.173551220970065,0.00612404598720025,3.01878424476909e-57,-0.185554351104978,-0.161548090835153,7.76715502811005,8.27995812465672e-05,3166,6481726.90394723
racethn_combn,Mexican-American,1999-2020,21.2,WTMEC.COMBN,age+gender,employ_status,prevent_hf_30yr_base,6231,10680212.6820149,134,gaussian (identity),Part-time employed,-0.00423122835146516,0.00776292517233225,0.586656168845499,-0.0194465616892364,0.010984104986306,7.76715502811005,8.27995812465672e-05,448,802970.447069453
racethn_combn,Mexican-American,1999-2020,21.2,WTMEC.COMBN,age+gender,employ_status,prevent_hf_30yr_base,6231,10680212.6820149,134,gaussian (identity),Student,0.0144404384159216,0.0279752907967961,0.606608558227482,-0.0403911315457988,0.069272008377642,7.76715502811005,8.27995812465672e-05,17,35592.8770029811
racethn_combn,Mexican-American,1999-2020,21.2,WTMEC.COMBN,age+gender,employ_status,prevent_hf_30yr_base,6231,10680212.6820149,134,gaussian (identity),Unemployed,0.013253180396517,0.00283157424765577,7.13522762797056e-06,0.00770329487111169,0.0188030659219223,7.76715502811005,8.27995812465672e-05,2600,3359922.45399525
racethn_combn,Other Hispanic,1999-2020,21.2,WTMEC.COMBN,age+gender,employ_status,prevent_hf_30yr_base,3200,8021369.28767066,130,gaussian (identity),Full-time employed (Intercept),-0.167988779378056,0.00620843723566602,4.23942044655028e-54,-0.180157316359962,-0.155820242396151,5.1848945731096,0.00207397736402716,1563,4615443.63379145
racethn_combn,Other Hispanic,1999-2020,21.2,WTMEC.COMBN,age+gender,employ_status,prevent_hf_30yr_base,3200,8021369.28767066,130,gaussian (identity),Part-time employed,-0.00107011533691807,0.00579888564089441,0.853890398950341,-0.0124359311930711,0.010295700519235,5.1848945731096,0.00207397736402716,271,643889.562633094
racethn_combn,Other Hispanic,1999-2020,21.2,WTMEC.COMBN,age+gender,employ_status,prevent_hf_30yr_base,3200,8021369.28767066,130,gaussian (identity),Student,-0.0196376010305136,0.0160026898218453,0.222074738724636,-0.0510028730813304,0.0117276710203032,5.1848945731096,0.00207397736402716,11,35742.8507209245
racethn_combn,Other Hispanic,1999-2020,21.2,WTMEC.COMBN,age+gender,employ_status,prevent_hf_30yr_base,3200,8021369.28767066,130,gaussian (identity),Unemployed,0.0175087998212794,0.0051813461555198,0.000970065750009564,0.00735336135646059,0.0276642382860982,5.1848945731096,0.00207397736402716,1355,2726293.24052519
racethn_combn,Other/Multi-Racial/NHAsian,1999-2020,21.2,WTMEC.COMBN,age+gender,employ_status,prevent_hf_30yr_base,772,4008693.09402991,73,gaussian (identity),Full-time employed (Intercept),-0.164008756377288,0.0136944434894533,2.06525133288043e-18,-0.190849865616616,-0.137167647137959,4.08005957740011,0.0100399149632117,403,2434673.05067255
racethn_combn,Other/Multi-Racial/NHAsian,1999-2020,21.2,WTMEC.COMBN,age+gender,employ_status,prevent_hf_30yr_base,772,4008693.09402991,73,gaussian (identity),Part-time employed,-0.021224700672,0.0104702391772784,0.0465700543760605,-0.0417463694594656,-0.000703031884534296,4.08005957740011,0.0100399149632117,59,289899.758545377
racethn_combn,Other/Multi-Racial/NHAsian,1999-2020,21.2,WTMEC.COMBN,age+gender,employ_status,prevent_hf_30yr_base,772,4008693.09402991,73,gaussian (identity),Student,-0.034712138318716,0.0127221576310045,0.00809075254457277,-0.0596475672754848,-0.00977670936194719,4.08005957740011,0.0100399149632117,7,18029.0025528302
racethn_combn,Other/Multi-Racial/NHAsian,1999-2020,21.2,WTMEC.COMBN,age+gender,employ_status,prevent_hf_30yr_base,772,4008693.09402991,73,gaussian (identity),Unemployed,0.00725392499758702,0.00968711388656874,0.456546886120549,-0.0117328182200877,0.0262406682152618,4.08005957740011,0.0100399149632117,303,1266091.28225915
racethn_combn,NHAsian,1999-2020,21.2,WTMEC.COMBN,age+gender,employ_status,prevent_hf_30yr_base,2011,3588963.70190915,66,gaussian (identity),Full-time employed (Intercept),-0.181192399536925,0.00710548495940183,3.10358218753425e-34,-0.195119150057353,-0.167265649016498,1.64906110062034,0.187417046477393,1147,2045351.58412945
racethn_combn,NHAsian,1999-2020,21.2,WTMEC.COMBN,age+gender,employ_status,prevent_hf_30yr_base,2011,3588963.70190915,66,gaussian (identity),Part-time employed,-0.00345479006470251,0.00504576191140142,0.4961320336537,-0.0133444834110493,0.00643490328164427,1.64906110062034,0.187417046477393,189,342329.631672943
racethn_combn,NHAsian,1999-2020,21.2,WTMEC.COMBN,age+gender,employ_status,prevent_hf_30yr_base,2011,3588963.70190915,66,gaussian (identity),Student,-0.00619224193669104,0.015341962119844,0.687907459172989,-0.0362624876915853,0.0238780038182032,1.64906110062034,0.187417046477393,18,31387.5494484717
racethn_combn,NHAsian,1999-2020,21.2,WTMEC.COMBN,age+gender,employ_status,prevent_hf_30yr_base,2011,3588963.70190915,66,gaussian (identity),Unemployed,0.00510133654246209,0.00374634360011478,0.178305745736306,-0.00224149691376289,0.0124441699986871,1.64906110062034,0.187417046477393,657,1169894.93665828
racethn_combn,Other/Multi-Racial,1999-2020,21.2,WTMEC.COMBN,age+gender,employ_status,prevent_hf_30yr_base,567,2270467.9633047,62,gaussian (identity),Full-time employed (Intercept),-0.113764857899602,0.0171743845791415,1.34250520549988e-08,-0.147426651674719,-0.0801030641244845,1.76296078978917,0.164519352398349,266,1170880.81103051
racethn_combn,Other/Multi-Racial,1999-2020,21.2,WTMEC.COMBN,age+gender,employ_status,prevent_hf_30yr_base,567,2270467.9633047,62,gaussian (identity),Part-time employed,-0.00505241354451783,0.0168327186298024,0.765151396339982,-0.0380445420589305,0.0279397149698949,1.76296078978917,0.164519352398349,65,243820.89357751
racethn_combn,Other/Multi-Racial,1999-2020,21.2,WTMEC.COMBN,age+gender,employ_status,prevent_hf_30yr_base,567,2270467.9633047,62,gaussian (identity),Student,0.169369751202399,0.11229686970535,0.13701825372367,-0.0507321134200873,0.389471615824886,1.76296078978917,0.164519352398349,3,8867.34842875472
racethn_combn,Other/Multi-Racial,1999-2020,21.2,WTMEC.COMBN,age+gender,employ_status,prevent_hf_30yr_base,567,2270467.9633047,62,gaussian (identity),Unemployed,0.0239150266728051,0.0146300899330867,0.107634641824539,-0.00475994959604473,0.052590002941655,1.76296078978917,0.164519352398349,233,846898.910267925
racethn_combn,NHW,1999-2020,21.2,WTMEC.COMBN,age+gender,employ_status,prevent_hf_30yr_hba1c,15788,104192519.360674,162,gaussian (identity),Full-time employed (Intercept),-0.144169647921893,0.00284804684856462,3.86855758587926e-99,-0.149751819745079,-0.138587476098706,9.57784535186675,7.60612670229165e-06,7332,57798237.9796719
racethn_combn,NHW,1999-2020,21.2,WTMEC.COMBN,age+gender,employ_status,prevent_hf_30yr_hba1c,15788,104192519.360674,162,gaussian (identity),Part-time employed,-0.0035918397829003,0.00267966818707514,0.182050259151336,-0.00884398942956758,0.00166030986376698,9.57784535186675,7.60612670229165e-06,1574,10160076.1206335
racethn_combn,NHW,1999-2020,21.2,WTMEC.COMBN,age+gender,employ_status,prevent_hf_30yr_hba1c,15788,104192519.360674,162,gaussian (identity),Student,-0.0050940744250203,0.00967611449060339,0.599312514816096,-0.0240592588266029,0.0138711099765624,9.57784535186675,7.60612670229165e-06,54,257311.534320359
racethn_combn,NHW,1999-2020,21.2,WTMEC.COMBN,age+gender,employ_status,prevent_hf_30yr_hba1c,15788,104192519.360674,162,gaussian (identity),Unemployed,0.00703802612227198,0.00191768604833323,0.000331789380843081,0.00327936146753884,0.0107966907770051,9.57784535186675,7.60612670229165e-06,6828,35976893.7260482
racethn_combn,NHB,1999-2020,21.2,WTMEC.COMBN,age+gender,employ_status,prevent_hf_30yr_hba1c,7681,14945154.7945039,148,gaussian (identity),Full-time employed (Intercept),-0.121562672286369,0.00537910548776325,4.81324595493645e-49,-0.132105719042385,-0.111019625530353,15.073386881484,1.41022290302365e-08,3735,8166416.44904045
racethn_combn,NHB,1999-2020,21.2,WTMEC.COMBN,age+gender,employ_status,prevent_hf_30yr_hba1c,7681,14945154.7945039,148,gaussian (identity),Part-time employed,0.00657914602993317,0.00605366309920182,0.278951904088157,-0.0052860336445024,0.0184443257043687,15.073386881484,1.41022290302365e-08,548,1055678.53362991
racethn_combn,NHB,1999-2020,21.2,WTMEC.COMBN,age+gender,employ_status,prevent_hf_30yr_hba1c,7681,14945154.7945039,148,gaussian (identity),Student,-0.000878711277565816,0.0205512529933698,0.965954832860019,-0.0411591671445706,0.0394017445894389,15.073386881484,1.41022290302365e-08,46,109513.252616623
racethn_combn,NHB,1999-2020,21.2,WTMEC.COMBN,age+gender,employ_status,prevent_hf_30yr_hba1c,7681,14945154.7945039,148,gaussian (identity),Unemployed,0.0215317512016128,0.00328492513408308,9.43029798494376e-10,0.01509329793881,0.0279702044644156,15.073386881484,1.41022290302365e-08,3352,5613546.55921693
racethn_combn,Mexican-American,1999-2020,21.2,WTMEC.COMBN,age+gender,employ_status,prevent_hf_30yr_hba1c,6226,10669632.6671354,134,gaussian (identity),Full-time employed (Intercept),-0.175447165392414,0.00664252220467696,7.05372228685494e-54,-0.188466508913581,-0.162427821871248,6.92288076885715,0.000233578802569504,3163,6475680.21401364
racethn_combn,Mexican-American,1999-2020,21.2,WTMEC.COMBN,age+gender,employ_status,prevent_hf_30yr_hba1c,6226,10669632.6671354,134,gaussian (identity),Part-time employed,-0.00280015250038403,0.00921355787726798,0.761681152961027,-0.0208587259398293,0.0152584209390612,6.92288076885715,0.000233578802569504,447,799238.933436623
racethn_combn,Mexican-American,1999-2020,21.2,WTMEC.COMBN,age+gender,employ_status,prevent_hf_30yr_hba1c,6226,10669632.6671354,134,gaussian (identity),Student,0.00976470265058012,0.023401705565237,0.677178506136258,-0.0361026402572845,0.0556320455584447,6.92288076885715,0.000233578802569504,17,35592.8770029811
racethn_combn,Mexican-American,1999-2020,21.2,WTMEC.COMBN,age+gender,employ_status,prevent_hf_30yr_hba1c,6226,10669632.6671354,134,gaussian (identity),Unemployed,0.0132814819087925,0.00297684351214111,1.75247005929475e-05,0.00744686862499589,0.019116095192589,6.92288076885715,0.000233578802569504,2599,3359120.64268213
racethn_combn,Other Hispanic,1999-2020,21.2,WTMEC.COMBN,age+gender,employ_status,prevent_hf_30yr_hba1c,3194,8002234.87135283,130,gaussian (identity),Full-time employed (Intercept),-0.168824872067028,0.00660120401596736,1.67172711289141e-51,-0.181763231938324,-0.155886512195732,5.1007478101706,0.00230579239533829,1559,4599925.26336155
racethn_combn,Other Hispanic,1999-2020,21.2,WTMEC.COMBN,age+gender,employ_status,prevent_hf_30yr_hba1c,3194,8002234.87135283,130,gaussian (identity),Part-time employed,4.50893053029476e-05,0.00624480808839297,0.994250605279872,-0.0121947345479473,0.0122849131585532,5.1007478101706,0.00230579239533829,271,643889.562633094
racethn_combn,Other Hispanic,1999-2020,21.2,WTMEC.COMBN,age+gender,employ_status,prevent_hf_30yr_hba1c,3194,8002234.87135283,130,gaussian (identity),Student,-0.02185525416532,0.015602143737395,0.163755872762312,-0.0524354558906142,0.00872494755997426,5.1007478101706,0.00230579239533829,11,35742.8507209245
racethn_combn,Other Hispanic,1999-2020,21.2,WTMEC.COMBN,age+gender,employ_status,prevent_hf_30yr_hba1c,3194,8002234.87135283,130,gaussian (identity),Unemployed,0.018795083193503,0.00563493288662822,0.00112143837740392,0.00775061473571172,0.0298395516512944,5.1007478101706,0.00230579239533829,1353,2722677.19463726
racethn_combn,Other/Multi-Racial/NHAsian,1999-2020,21.2,WTMEC.COMBN,age+gender,employ_status,prevent_hf_30yr_hba1c,769,3993806.69430321,73,gaussian (identity),Full-time employed (Intercept),-0.168572327760934,0.0136545052754265,4.97440023607544e-19,-0.19533515810077,-0.141809497421098,4.48306425433082,0.00624521722913112,402,2427973.34970075
racethn_combn,Other/Multi-Racial/NHAsian,1999-2020,21.2,WTMEC.COMBN,age+gender,employ_status,prevent_hf_30yr_hba1c,769,3993806.69430321,73,gaussian (identity),Part-time employed,-0.0227343920023682,0.00952731146584547,0.0198113269314496,-0.0414079224754253,-0.00406086152931109,4.48306425433082,0.00624521722913112,59,289899.758545377
racethn_combn,Other/Multi-Racial/NHAsian,1999-2020,21.2,WTMEC.COMBN,age+gender,employ_status,prevent_hf_30yr_hba1c,769,3993806.69430321,73,gaussian (identity),Student,-0.0328818313714345,0.0125400391505581,0.0107738616351363,-0.0574603081065284,-0.00830335463634069,4.48306425433082,0.00624521722913112,7,18029.0025528302
racethn_combn,Other/Multi-Racial/NHAsian,1999-2020,21.2,WTMEC.COMBN,age+gender,employ_status,prevent_hf_30yr_hba1c,769,3993806.69430321,73,gaussian (identity),Unemployed,0.0103285425343433,0.00950383988327401,0.280973304240103,-0.00829898363687371,0.0289560687055604,4.48306425433082,0.00624521722913112,301,1257904.58350425
racethn_combn,NHAsian,1999-2020,21.2,WTMEC.COMBN,age+gender,employ_status,prevent_hf_30yr_hba1c,2010,3587784.71201547,66,gaussian (identity),Full-time employed (Intercept),-0.184583249600004,0.00665090891546809,2.65768692973246e-36,-0.197619031074321,-0.171547468125686,1.96459330040628,0.128727294783554,1147,2045351.58412945
racethn_combn,NHAsian,1999-2020,21.2,WTMEC.COMBN,age+gender,employ_status,prevent_hf_30yr_hba1c,2010,3587784.71201547,66,gaussian (identity),Part-time employed,-0.00491646037981099,0.00504788238039029,0.333920525539099,-0.014810309845376,0.00497738908575398,1.96459330040628,0.128727294783554,189,342329.631672943
racethn_combn,NHAsian,1999-2020,21.2,WTMEC.COMBN,age+gender,employ_status,prevent_hf_30yr_hba1c,2010,3587784.71201547,66,gaussian (identity),Student,-0.0088322297473877,0.0145122045609472,0.545044708192383,-0.0372761506868442,0.0196116911920688,1.96459330040628,0.128727294783554,18,31387.5494484717
racethn_combn,NHAsian,1999-2020,21.2,WTMEC.COMBN,age+gender,employ_status,prevent_hf_30yr_hba1c,2010,3587784.71201547,66,gaussian (identity),Unemployed,0.00477245455836811,0.00370515220237983,0.20259019885062,-0.00248964375829636,0.0120345528750326,1.96459330040628,0.128727294783554,656,1168715.9467646
racethn_combn,Other/Multi-Racial,1999-2020,21.2,WTMEC.COMBN,age+gender,employ_status,prevent_hf_30yr_hba1c,567,2270467.9633047,62,gaussian (identity),Full-time employed (Intercept),-0.118254183635625,0.0188939343840846,5.40000589176903e-08,-0.15528629502843,-0.0812220722428188,1.19334863377853,0.320477325299098,266,1170880.81103051
racethn_combn,Other/Multi-Racial,1999-2020,21.2,WTMEC.COMBN,age+gender,employ_status,prevent_hf_30yr_hba1c,567,2270467.9633047,62,gaussian (identity),Part-time employed,-0.0022789987019788,0.019649478957193,0.908073949218958,-0.0407919774580771,0.0362339800541195,1.19334863377853,0.320477325299098,65,243820.89357751
racethn_combn,Other/Multi-Racial,1999-2020,21.2,WTMEC.COMBN,age+gender,employ_status,prevent_hf_30yr_hba1c,567,2270467.9633047,62,gaussian (identity),Student,0.147223006634174,0.102759164457076,0.157405637373554,-0.054184955701694,0.348630968970042,1.19334863377853,0.320477325299098,3,8867.34842875472
racethn_combn,Other/Multi-Racial,1999-2020,21.2,WTMEC.COMBN,age+gender,employ_status,prevent_hf_30yr_hba1c,567,2270467.9633047,62,gaussian (identity),Unemployed,0.018255791098911,0.0151501032546888,0.233184560633926,-0.011438411280279,0.047949993478101,1.19334863377853,0.320477325299098,233,846898.910267925
racethn_combn,NHW,1999-2020,21.2,WTMEC.COMBN,age+gender,employ_status,prevent_hf_30yr_uacr,15669,103653535.825074,162,gaussian (identity),Full-time employed (Intercept),-0.147709433381064,0.00250649938867447,5.49536078711392e-109,-0.152622172182865,-0.142796694579262,20.9772015846865,1.75974972231314e-11,7311,57670689.7882244
racethn_combn,NHW,1999-2020,21.2,WTMEC.COMBN,age+gender,employ_status,prevent_hf_30yr_uacr,15669,103653535.825074,162,gaussian (identity),Part-time employed,-0.00278333527373038,0.00244792753073069,0.25726356183042,-0.00758127323396255,0.00201460268650178,20.9772015846865,1.75974972231314e-11,1567,10133974.7312672
racethn_combn,NHW,1999-2020,21.2,WTMEC.COMBN,age+gender,employ_status,prevent_hf_30yr_uacr,15669,103653535.825074,162,gaussian (identity),Student,-0.00496508165981,0.00765053642517151,0.517296433196328,-0.0199601330531462,0.0100299697335262,20.9772015846865,1.75974972231314e-11,54,257311.534320359
racethn_combn,NHW,1999-2020,21.2,WTMEC.COMBN,age+gender,employ_status,prevent_hf_30yr_uacr,15669,103653535.825074,162,gaussian (identity),Unemployed,0.0112991481882269,0.0018109737580212,3.91096027031763e-09,0.00774963962250535,0.0148486567539485,20.9772015846865,1.75974972231314e-11,6737,35591559.7712624
racethn_combn,NHB,1999-2020,21.2,WTMEC.COMBN,age+gender,employ_status,prevent_hf_30yr_uacr,7606,14823138.522578,148,gaussian (identity),Full-time employed (Intercept),-0.133487966121415,0.00478589138324407,1.05399744472044e-59,-0.142868313232573,-0.124107619010256,26.0675027035615,1.64250459653164e-13,3726,8148570.69948977
racethn_combn,NHB,1999-2020,21.2,WTMEC.COMBN,age+gender,employ_status,prevent_hf_30yr_uacr,7606,14823138.522578,148,gaussian (identity),Part-time employed,0.00797291888895922,0.00571738715678404,0.1653281206396,-0.00323315993833749,0.0191789977162559,26.0675027035615,1.64250459653164e-13,544,1051157.86666338
racethn_combn,NHB,1999-2020,21.2,WTMEC.COMBN,age+gender,employ_status,prevent_hf_30yr_uacr,7606,14823138.522578,148,gaussian (identity),Student,0.00454481459433598,0.0207563583918063,0.826993323285472,-0.0361376478536044,0.0452272770422763,26.0675027035615,1.64250459653164e-13,46,109513.252616623
racethn_combn,NHB,1999-2020,21.2,WTMEC.COMBN,age+gender,employ_status,prevent_hf_30yr_uacr,7606,14823138.522578,148,gaussian (identity),Unemployed,0.0255737136678984,0.00299521453609185,1.8236606013401e-14,0.0197030931771584,0.0314443341586385,26.0675027035615,1.64250459653164e-13,3290,5513896.70380819
racethn_combn,Mexican-American,1999-2020,21.2,WTMEC.COMBN,age+gender,employ_status,prevent_hf_30yr_uacr,6200,10639362.7916884,134,gaussian (identity),Full-time employed (Intercept),-0.173894783842793,0.00568323483391583,5.4494512250548e-61,-0.185033924117268,-0.162755643568318,11.9151703916456,6.13789399396342e-07,3158,6467147.79023119
racethn_combn,Mexican-American,1999-2020,21.2,WTMEC.COMBN,age+gender,employ_status,prevent_hf_30yr_uacr,6200,10639362.7916884,134,gaussian (identity),Part-time employed,-0.00471396174446083,0.00758925966241616,0.535606206209398,-0.0195889106827965,0.0101609871938748,11.9151703916456,6.13789399396342e-07,446,797644.241852189
racethn_combn,Mexican-American,1999-2020,21.2,WTMEC.COMBN,age+gender,employ_status,prevent_hf_30yr_uacr,6200,10639362.7916884,134,gaussian (identity),Student,0.0266253015291036,0.0368625446089858,0.471425964790602,-0.0456252859045085,0.0988758889627157,11.9151703916456,6.13789399396342e-07,17,35592.8770029811
racethn_combn,Mexican-American,1999-2020,21.2,WTMEC.COMBN,age+gender,employ_status,prevent_hf_30yr_uacr,6200,10639362.7916884,134,gaussian (identity),Unemployed,0.0170375621036963,0.00293785166060031,4.85664227762123e-08,0.0112793728489197,0.0227957513584729,11.9151703916456,6.13789399396342e-07,2579,3338977.88260204
racethn_combn,Other Hispanic,1999-2020,21.2,WTMEC.COMBN,age+gender,employ_status,prevent_hf_30yr_uacr,3185,7991584.34418702,130,gaussian (identity),Full-time employed (Intercept),-0.168936261560053,0.00590850948502544,1.11472456542566e-56,-0.180516940150702,-0.157355582969403,7.9000457420495,7.2219935581053e-05,1560,4604495.26850325
racethn_combn,Other Hispanic,1999-2020,21.2,WTMEC.COMBN,age+gender,employ_status,prevent_hf_30yr_uacr,3185,7991584.34418702,130,gaussian (identity),Part-time employed,-0.0025880991187823,0.0053778620046207,0.631179799356373,-0.0131287086478389,0.00795251041027427,7.9000457420495,7.2219935581053e-05,271,643889.562633094
racethn_combn,Other Hispanic,1999-2020,21.2,WTMEC.COMBN,age+gender,employ_status,prevent_hf_30yr_uacr,3185,7991584.34418702,130,gaussian (identity),Student,-0.0200242267831058,0.0151109105726538,0.187538459682609,-0.0496416115055073,0.00959315793929567,7.9000457420495,7.2219935581053e-05,11,35742.8507209245
racethn_combn,Other Hispanic,1999-2020,21.2,WTMEC.COMBN,age+gender,employ_status,prevent_hf_30yr_uacr,3185,7991584.34418702,130,gaussian (identity),Unemployed,0.0199700404754527,0.00506183201448606,0.000132117431589633,0.01004884972706,0.0298912312238454,7.9000457420495,7.2219935581053e-05,1343,2707456.66232975
racethn_combn,Other/Multi-Racial/NHAsian,1999-2020,21.2,WTMEC.COMBN,age+gender,employ_status,prevent_hf_30yr_uacr,765,3972571.98691481,72,gaussian (identity),Full-time employed (Intercept),-0.164213680998943,0.0112571088499817,1.77434704882552e-22,-0.186277614344907,-0.142149747652979,4.77636256627146,0.00446657306331073,401,2416982.57650198
racethn_combn,Other/Multi-Racial/NHAsian,1999-2020,21.2,WTMEC.COMBN,age+gender,employ_status,prevent_hf_30yr_uacr,765,3972571.98691481,72,gaussian (identity),Part-time employed,-0.0197441700382627,0.00891149214030448,0.0301221311147996,-0.0372106946332595,-0.00227764544326592,4.77636256627146,0.00446657306331073,59,289899.758545377
racethn_combn,Other/Multi-Racial/NHAsian,1999-2020,21.2,WTMEC.COMBN,age+gender,employ_status,prevent_hf_30yr_uacr,765,3972571.98691481,72,gaussian (identity),Student,-0.0276563278805605,0.0113558003371576,0.0175413363880264,-0.0499136965413894,-0.00539895921973149,4.77636256627146,0.00446657306331073,7,18029.0025528302
racethn_combn,Other/Multi-Racial/NHAsian,1999-2020,21.2,WTMEC.COMBN,age+gender,employ_status,prevent_hf_30yr_uacr,765,3972571.98691481,72,gaussian (identity),Unemployed,0.0139815944644319,0.00923806232791852,0.134861775612507,-0.00412500769828845,0.0320881966271522,4.77636256627146,0.00446657306331073,298,1247660.64931462
racethn_combn,NHAsian,1999-2020,21.2,WTMEC.COMBN,age+gender,employ_status,prevent_hf_30yr_uacr,2002,3573589.03696523,66,gaussian (identity),Full-time employed (Intercept),-0.180287439512196,0.00635206817391697,7.45501818583964e-37,-0.192737493133073,-0.167837385891319,3.8137627045259,0.0142922136828147,1142,2034968.45811515
racethn_combn,NHAsian,1999-2020,21.2,WTMEC.COMBN,age+gender,employ_status,prevent_hf_30yr_uacr,2002,3573589.03696523,66,gaussian (identity),Part-time employed,-0.00404570499992551,0.00457859429368645,0.38037453298581,-0.013019749815551,0.00492833981569994,3.8137627045259,0.0142922136828147,189,342329.631672943
racethn_combn,NHAsian,1999-2020,21.2,WTMEC.COMBN,age+gender,employ_status,prevent_hf_30yr_uacr,2002,3573589.03696523,66,gaussian (identity),Student,-0.00326202404567854,0.014761446517131,0.825843940834928,-0.0321944592192554,0.0256704111278983,3.8137627045259,0.0142922136828147,18,31387.5494484717
racethn_combn,NHAsian,1999-2020,21.2,WTMEC.COMBN,age+gender,employ_status,prevent_hf_30yr_uacr,2002,3573589.03696523,66,gaussian (identity),Unemployed,0.00914908993834027,0.00399091073923466,0.0253410313874345,0.00132690488944034,0.0169712749872402,3.8137627045259,0.0142922136828147,653,1164903.39772866
racethn_combn,Other/Multi-Racial,1999-2020,21.2,WTMEC.COMBN,age+gender,employ_status,prevent_hf_30yr_uacr,562,2259923.37838738,62,gaussian (identity),Full-time employed (Intercept),-0.122967286728857,0.0169455352418708,1.18841418108711e-09,-0.156180535802924,-0.08975403765479,1.74902722659291,0.16725380516515,263,1165739.776853
racethn_combn,Other/Multi-Racial,1999-2020,21.2,WTMEC.COMBN,age+gender,employ_status,prevent_hf_30yr_uacr,562,2259923.37838738,62,gaussian (identity),Part-time employed,0.000431695570601797,0.0191203880971855,0.982065936422662,-0.0370442650998818,0.0379076562410854,1.74902722659291,0.16725380516515,65,243820.89357751
racethn_combn,Other/Multi-Racial,1999-2020,21.2,WTMEC.COMBN,age+gender,employ_status,prevent_hf_30yr_uacr,562,2259923.37838738,62,gaussian (identity),Student,0.160381836975753,0.104472990808345,0.13027925394139,-0.0443852250086033,0.36514889896011,1.74902722659291,0.16725380516515,3,8867.34842875472
racethn_combn,Other/Multi-Racial,1999-2020,21.2,WTMEC.COMBN,age+gender,employ_status,prevent_hf_30yr_uacr,562,2259923.37838738,62,gaussian (identity),Unemployed,0.0240909534079878,0.0137919657576901,0.0860694573517098,-0.00294129947708473,0.0511232062930604,1.74902722659291,0.16725380516515,231,841495.359528113
racethn_combn,NHW,1999-2020,21.2,WTMEC.COMBN,age+gender,employ_status,prevent_hf_30yr_full,15654,103555304.211174,162,gaussian (identity),Full-time employed (Intercept),-0.134619149031732,0.00243465170441057,7.68647444634502e-105,-0.139391066372377,-0.129847231691087,18.0490762773582,4.09577693884095e-10,7303,57607328.9932564
racethn_combn,NHW,1999-2020,21.2,WTMEC.COMBN,age+gender,employ_status,prevent_hf_30yr_full,15654,103555304.211174,162,gaussian (identity),Part-time employed,-0.00447127811733779,0.00235911275810872,0.0598876492000948,-0.00909513912323088,0.00015258288855529,18.0490762773582,4.09577693884095e-10,1567,10133974.7312672
racethn_combn,NHW,1999-2020,21.2,WTMEC.COMBN,age+gender,employ_status,prevent_hf_30yr_full,15654,103555304.211174,162,gaussian (identity),Student,-0.00491958702108099,0.00751384686118577,0.51359571951156,-0.0196467268690051,0.00980755282684311,18.0490762773582,4.09577693884095e-10,54,257311.534320359
racethn_combn,NHW,1999-2020,21.2,WTMEC.COMBN,age+gender,employ_status,prevent_hf_30yr_full,15654,103555304.211174,162,gaussian (identity),Unemployed,0.00882412573953837,0.00172834454025156,9.43510841017101e-07,0.00543657044064532,0.0122116810384314,18.0490762773582,4.09577693884095e-10,6730,35556688.9523302
racethn_combn,NHB,1999-2020,21.2,WTMEC.COMBN,age+gender,employ_status,prevent_hf_30yr_full,7583,14778817.5072541,148,gaussian (identity),Full-time employed (Intercept),-0.123433149029584,0.00490268532667537,2.06017074534081e-54,-0.133042412269868,-0.113823885789301,21.6125939162299,1.33233857701413e-11,3715,8123952.66013793
racethn_combn,NHB,1999-2020,21.2,WTMEC.COMBN,age+gender,employ_status,prevent_hf_30yr_full,7583,14778817.5072541,148,gaussian (identity),Part-time employed,0.0058304331942985,0.00560730625079646,0.300191335019291,-0.00515988705726256,0.0168207534458596,21.6125939162299,1.33233857701413e-11,540,1040433.91397734
racethn_combn,NHB,1999-2020,21.2,WTMEC.COMBN,age+gender,employ_status,prevent_hf_30yr_full,7583,14778817.5072541,148,gaussian (identity),Student,0.000188969582950027,0.0197519396295668,0.992379976772191,-0.0385248320910008,0.0389027712569009,21.6125939162299,1.33233857701413e-11,46,109513.252616623
racethn_combn,NHB,1999-2020,21.2,WTMEC.COMBN,age+gender,employ_status,prevent_hf_30yr_full,7583,14778817.5072541,148,gaussian (identity),Unemployed,0.0230426444348823,0.00297389289885796,1.57120431513037e-12,0.0172138143531207,0.0288714745166439,21.6125939162299,1.33233857701413e-11,3282,5504917.68052219
racethn_combn,Mexican-American,1999-2020,21.2,WTMEC.COMBN,age+gender,employ_status,prevent_hf_30yr_full,6195,10628782.7768089,134,gaussian (identity),Full-time employed (Intercept),-0.165415602724297,0.00599890738905611,6.27177926595496e-56,-0.177173461206847,-0.153657744241747,9.24844216376191,1.38484590377714e-05,3155,6461101.1002976
racethn_combn,Mexican-American,1999-2020,21.2,WTMEC.COMBN,age+gender,employ_status,prevent_hf_30yr_full,6195,10628782.7768089,134,gaussian (identity),Part-time employed,-0.00366226757928762,0.00879723063509278,0.67788392134136,-0.0209048396240695,0.0135803044654942,9.24844216376191,1.38484590377714e-05,445,793912.728219359
racethn_combn,Mexican-American,1999-2020,21.2,WTMEC.COMBN,age+gender,employ_status,prevent_hf_30yr_full,6195,10628782.7768089,134,gaussian (identity),Student,0.0203220018187403,0.0299050990051374,0.498007178108684,-0.0382919922313291,0.0789359958688096,9.24844216376191,1.38484590377714e-05,17,35592.8770029811
racethn_combn,Mexican-American,1999-2020,21.2,WTMEC.COMBN,age+gender,employ_status,prevent_hf_30yr_full,6195,10628782.7768089,134,gaussian (identity),Unemployed,0.0156455489415986,0.00305990400644013,1.11716828946146e-06,0.00964813708897598,0.0216429607942213,9.24844216376191,1.38484590377714e-05,2578,3338176.07128892
racethn_combn,Other Hispanic,1999-2020,21.2,WTMEC.COMBN,age+gender,employ_status,prevent_hf_30yr_full,3179,7972449.92786919,130,gaussian (identity),Full-time employed (Intercept),-0.158590053988179,0.00616990269469784,9.84924107893042e-52,-0.170683063269787,-0.146497044706572,6.87520331116852,0.000252643969726783,1556,4588976.89807334
racethn_combn,Other Hispanic,1999-2020,21.2,WTMEC.COMBN,age+gender,employ_status,prevent_hf_30yr_full,3179,7972449.92786919,130,gaussian (identity),Part-time employed,-0.00163896231749049,0.00565681411756988,0.77250101035396,-0.0127263179879275,0.00944839335294647,6.87520331116852,0.000252643969726783,271,643889.562633094
racethn_combn,Other Hispanic,1999-2020,21.2,WTMEC.COMBN,age+gender,employ_status,prevent_hf_30yr_full,3179,7972449.92786919,130,gaussian (identity),Student,-0.0220644269202345,0.0140038065803169,0.11764510615172,-0.0495118878176557,0.00538303397718668,6.87520331116852,0.000252643969726783,11,35742.8507209245
racethn_combn,Other Hispanic,1999-2020,21.2,WTMEC.COMBN,age+gender,employ_status,prevent_hf_30yr_full,3179,7972449.92786919,130,gaussian (identity),Unemployed,0.0196200920660049,0.0053498248779399,0.000361012613124895,0.00913443530524269,0.0301057488267671,6.87520331116852,0.000252643969726783,1341,2703840.61644183
racethn_combn,Other/Multi-Racial/NHAsian,1999-2020,21.2,WTMEC.COMBN,age+gender,employ_status,prevent_hf_30yr_full,762,3957685.58718811,72,gaussian (identity),Full-time employed (Intercept),-0.158437522090382,0.0112777623793717,1.19759225762136e-21,-0.18054193635395,-0.136333107826813,5.46010265270827,0.00203280475226268,400,2410282.87553019
racethn_combn,Other/Multi-Racial/NHAsian,1999-2020,21.2,WTMEC.COMBN,age+gender,employ_status,prevent_hf_30yr_full,762,3957685.58718811,72,gaussian (identity),Part-time employed,-0.0202833156070622,0.0080397463937893,0.0140201085515487,-0.0360412185388893,-0.00452541267523519,5.46010265270827,0.00203280475226268,59,289899.758545377
racethn_combn,Other/Multi-Racial/NHAsian,1999-2020,21.2,WTMEC.COMBN,age+gender,employ_status,prevent_hf_30yr_full,762,3957685.58718811,72,gaussian (identity),Student,-0.026196801405685,0.0103026488450563,0.0133156698747372,-0.0463899931419953,-0.00600360966937472,5.46010265270827,0.00203280475226268,7,18029.0025528302
racethn_combn,Other/Multi-Racial/NHAsian,1999-2020,21.2,WTMEC.COMBN,age+gender,employ_status,prevent_hf_30yr_full,762,3957685.58718811,72,gaussian (identity),Unemployed,0.0154456302734798,0.0090427919675131,0.0922549699535587,-0.00227824198284583,0.0331695025298055,5.46010265270827,0.00203280475226268,296,1239473.95055972
racethn_combn,NHAsian,1999-2020,21.2,WTMEC.COMBN,age+gender,employ_status,prevent_hf_30yr_full,2001,3572410.04707155,66,gaussian (identity),Full-time employed (Intercept),-0.169901992419612,0.00610820037986574,2.34086906530468e-36,-0.181874065164148,-0.157929919675075,3.26722712203556,0.0272051439100551,1142,2034968.45811515
racethn_combn,NHAsian,1999-2020,21.2,WTMEC.COMBN,age+gender,employ_status,prevent_hf_30yr_full,2001,3572410.04707155,66,gaussian (identity),Part-time employed,-0.00572683602804443,0.00450893376845783,0.208869389462631,-0.0145643462142218,0.00311067415813291,3.26722712203556,0.0272051439100551,189,342329.631672943
racethn_combn,NHAsian,1999-2020,21.2,WTMEC.COMBN,age+gender,employ_status,prevent_hf_30yr_full,2001,3572410.04707155,66,gaussian (identity),Student,-0.00698496420701622,0.0138394709947264,0.615578747871706,-0.03411032735668,0.0201403989426476,3.26722712203556,0.0272051439100551,18,31387.5494484717
racethn_combn,NHAsian,1999-2020,21.2,WTMEC.COMBN,age+gender,employ_status,prevent_hf_30yr_full,2001,3572410.04707155,66,gaussian (identity),Unemployed,0.00719988210344078,0.00382408589693105,0.0645022759482914,-0.000295326254544078,0.0146950904614256,3.26722712203556,0.0272051439100551,652,1163724.40783498
racethn_combn,Other/Multi-Racial,1999-2020,21.2,WTMEC.COMBN,age+gender,employ_status,prevent_hf_30yr_full,562,2259923.37838738,62,gaussian (identity),Full-time employed (Intercept),-0.11907559909568,0.0190564213027989,5.614559125664e-08,-0.156426184849166,-0.0817250133421944,1.18358795366722,0.324097442750309,263,1165739.776853
racethn_combn,Other/Multi-Racial,1999-2020,21.2,WTMEC.COMBN,age+gender,employ_status,prevent_hf_30yr_full,562,2259923.37838738,62,gaussian (identity),Part-time employed,0.00189972607859252,0.021330217407262,0.929344304064017,-0.0399075000396409,0.0437069521968259,1.18358795366722,0.324097442750309,65,243820.89357751
racethn_combn,Other/Multi-Racial,1999-2020,21.2,WTMEC.COMBN,age+gender,employ_status,prevent_hf_30yr_full,562,2259923.37838738,62,gaussian (identity),Student,0.134515271999731,0.0908184503620143,0.144075078563061,-0.0434888907098168,0.312519434709279,1.18358795366722,0.324097442750309,3,8867.34842875472
racethn_combn,Other/Multi-Racial,1999-2020,21.2,WTMEC.COMBN,age+gender,employ_status,prevent_hf_30yr_full,562,2259923.37838738,62,gaussian (identity),Unemployed,0.0175070252230415,0.0142145022268555,0.223144010316445,-0.0103533991415952,0.0453674495876783,1.18358795366722,0.324097442750309,231,841495.359528113
racethn_combn,NHW,1999-2020,21.2,WTMEC.COMBN,age+gender,employ_status,prevent_chd_10yr_base,15804,104294356.645491,162,gaussian (identity),Full-time employed (Intercept),-0.064212246308056,0.000851199146060215,3.00843177395154e-125,-0.0658805966343341,-0.062543895981778,135.106508370818,2.731250495177e-43,7340,57861598.7746399
racethn_combn,NHW,1999-2020,21.2,WTMEC.COMBN,age+gender,employ_status,prevent_chd_10yr_base,15804,104294356.645491,162,gaussian (identity),Part-time employed,0.00326485407026503,0.000805428335170322,7.91746484030218e-05,0.0016862145333312,0.00484349360719886,135.106508370818,2.731250495177e-43,1574,10160076.1206335
racethn_combn,NHW,1999-2020,21.2,WTMEC.COMBN,age+gender,employ_status,prevent_chd_10yr_base,15804,104294356.645491,162,gaussian (identity),Student,0.00620834190157998,0.00221021085422321,0.00560256337330382,0.00187632862730249,0.0105403551758575,135.106508370818,2.731250495177e-43,54,257311.534320359
racethn_combn,NHW,1999-2020,21.2,WTMEC.COMBN,age+gender,employ_status,prevent_chd_10yr_base,15804,104294356.645491,162,gaussian (identity),Unemployed,0.0099616481792763,0.00050593317760635,2.93024367266891e-44,0.00897001915116785,0.0109532772073847,135.106508370818,2.731250495177e-43,6836,36015370.2158972
racethn_combn,NHB,1999-2020,21.2,WTMEC.COMBN,age+gender,employ_status,prevent_chd_10yr_base,7705,14990590.6849992,148,gaussian (identity),Full-time employed (Intercept),-0.0638753904546469,0.00133042229998751,4.38279628501678e-90,-0.0664830181626224,-0.0612677627466713,36.1706303296867,1.86132443948318e-17,3746,8191034.4883923
racethn_combn,NHB,1999-2020,21.2,WTMEC.COMBN,age+gender,employ_status,prevent_chd_10yr_base,7705,14990590.6849992,148,gaussian (identity),Part-time employed,0.0029371490288267,0.00134038747200604,0.0300511362468223,0.000309989583694868,0.00556430847395853,36.1706303296867,1.86132443948318e-17,552,1066402.48631594
racethn_combn,NHB,1999-2020,21.2,WTMEC.COMBN,age+gender,employ_status,prevent_chd_10yr_base,7705,14990590.6849992,148,gaussian (identity),Student,0.00235671448072963,0.00321539449050828,0.464790385882534,-0.0039454587206666,0.00865888768212586,36.1706303296867,1.86132443948318e-17,46,109513.252616623
racethn_combn,NHB,1999-2020,21.2,WTMEC.COMBN,age+gender,employ_status,prevent_chd_10yr_base,7705,14990590.6849992,148,gaussian (identity),Unemployed,0.00930922751669121,0.000897228940526469,3.76811836048567e-19,0.00755065879325933,0.0110677962401231,36.1706303296867,1.86132443948318e-17,3361,5623640.45767434
racethn_combn,Mexican-American,1999-2020,21.2,WTMEC.COMBN,age+gender,employ_status,prevent_chd_10yr_base,6231,10680212.6820149,134,gaussian (identity),Full-time employed (Intercept),-0.0677316487043822,0.00151409149168472,2.04065805149436e-80,-0.0706992680280843,-0.0647640293806802,29.825361516883,1.02822178855647e-14,3166,6481726.90394723
racethn_combn,Mexican-American,1999-2020,21.2,WTMEC.COMBN,age+gender,employ_status,prevent_chd_10yr_base,6231,10680212.6820149,134,gaussian (identity),Part-time employed,0.00192392679914373,0.00150627413940294,0.203799150922719,-0.00102837051408604,0.0048762241123735,29.825361516883,1.02822178855647e-14,448,802970.447069453
racethn_combn,Mexican-American,1999-2020,21.2,WTMEC.COMBN,age+gender,employ_status,prevent_chd_10yr_base,6231,10680212.6820149,134,gaussian (identity),Student,0.00650020466232259,0.00577906900850362,0.262769061586224,-0.0048267705943445,0.0178271799189897,29.825361516883,1.02822178855647e-14,17,35592.8770029811
racethn_combn,Mexican-American,1999-2020,21.2,WTMEC.COMBN,age+gender,employ_status,prevent_chd_10yr_base,6231,10680212.6820149,134,gaussian (identity),Unemployed,0.00741813875486989,0.000788844899448956,2.58343258473991e-16,0.00587200275194994,0.00896427475778984,29.825361516883,1.02822178855647e-14,2600,3359922.45399525
racethn_combn,Other Hispanic,1999-2020,21.2,WTMEC.COMBN,age+gender,employ_status,prevent_chd_10yr_base,3200,8021369.28767066,130,gaussian (identity),Full-time employed (Intercept),-0.0654559255922058,0.00203662173720341,2.84046627478327e-62,-0.0694477041971245,-0.0614641469872871,16.8322569973094,3.02532421394153e-09,1563,4615443.63379145
racethn_combn,Other Hispanic,1999-2020,21.2,WTMEC.COMBN,age+gender,employ_status,prevent_chd_10yr_base,3200,8021369.28767066,130,gaussian (identity),Part-time employed,0.00330630858903655,0.00188409912759417,0.0817353767200437,-0.000386525701048025,0.00699914287912113,16.8322569973094,3.02532421394153e-09,271,643889.562633094
racethn_combn,Other Hispanic,1999-2020,21.2,WTMEC.COMBN,age+gender,employ_status,prevent_chd_10yr_base,3200,8021369.28767066,130,gaussian (identity),Student,0.000224713346989345,0.00406868533052144,0.956043436077198,-0.00774990990083268,0.00819933659481137,16.8322569973094,3.02532421394153e-09,11,35742.8507209245
racethn_combn,Other Hispanic,1999-2020,21.2,WTMEC.COMBN,age+gender,employ_status,prevent_chd_10yr_base,3200,8021369.28767066,130,gaussian (identity),Unemployed,0.00917475875487395,0.00131498032734399,1.55934547401038e-10,0.00659739731327973,0.0117521201964682,16.8322569973094,3.02532421394153e-09,1355,2726293.24052519
racethn_combn,Other/Multi-Racial/NHAsian,1999-2020,21.2,WTMEC.COMBN,age+gender,employ_status,prevent_chd_10yr_base,772,4008693.09402991,73,gaussian (identity),Full-time employed (Intercept),-0.064269843955586,0.00403500180757514,1.21841986096526e-24,-0.0721784474984333,-0.0563612404127387,8.57026410503449,6.63951156039366e-05,403,2434673.05067255
racethn_combn,Other/Multi-Racial/NHAsian,1999-2020,21.2,WTMEC.COMBN,age+gender,employ_status,prevent_chd_10yr_base,772,4008693.09402991,73,gaussian (identity),Part-time employed,-0.00564300027762769,0.00303557371578084,0.0673609038337328,-0.0115927247605581,0.000306724205302759,8.57026410503449,6.63951156039366e-05,59,289899.758545377
racethn_combn,Other/Multi-Racial/NHAsian,1999-2020,21.2,WTMEC.COMBN,age+gender,employ_status,prevent_chd_10yr_base,772,4008693.09402991,73,gaussian (identity),Student,-0.0073543873052421,0.00230120420577416,0.00211515308162343,-0.0118647475485595,-0.00284402706192475,8.57026410503449,6.63951156039366e-05,7,18029.0025528302
racethn_combn,Other/Multi-Racial/NHAsian,1999-2020,21.2,WTMEC.COMBN,age+gender,employ_status,prevent_chd_10yr_base,772,4008693.09402991,73,gaussian (identity),Unemployed,0.00706710459103008,0.00243169257929441,0.00493329682739571,0.00230098713561304,0.0118332220464471,8.57026410503449,6.63951156039366e-05,303,1266091.28225915
racethn_combn,NHAsian,1999-2020,21.2,WTMEC.COMBN,age+gender,employ_status,prevent_chd_10yr_base,2011,3588963.70190915,66,gaussian (identity),Full-time employed (Intercept),-0.0660741312415727,0.00201154798852127,1.72412319226692e-40,-0.0700167652990744,-0.062131497184071,11.9592639916865,2.93897262106907e-06,1147,2045351.58412945
racethn_combn,NHAsian,1999-2020,21.2,WTMEC.COMBN,age+gender,employ_status,prevent_chd_10yr_base,2011,3588963.70190915,66,gaussian (identity),Part-time employed,0.00180445409290441,0.00155834873473147,0.251407490633571,-0.00124990942716927,0.00485881761297809,11.9592639916865,2.93897262106907e-06,189,342329.631672943
racethn_combn,NHAsian,1999-2020,21.2,WTMEC.COMBN,age+gender,employ_status,prevent_chd_10yr_base,2011,3588963.70190915,66,gaussian (identity),Student,0.00271303217638314,0.00276089423259519,0.329654245180791,-0.00269832051950344,0.00812438487226972,11.9592639916865,2.93897262106907e-06,18,31387.5494484717
racethn_combn,NHAsian,1999-2020,21.2,WTMEC.COMBN,age+gender,employ_status,prevent_chd_10yr_base,2011,3588963.70190915,66,gaussian (identity),Unemployed,0.00748420605067369,0.0012781675416761,2.042261472354e-07,0.00497899766898853,0.00998941443235886,11.9592639916865,2.93897262106907e-06,657,1169894.93665828
racethn_combn,Other/Multi-Racial,1999-2020,21.2,WTMEC.COMBN,age+gender,employ_status,prevent_chd_10yr_base,567,2270467.9633047,62,gaussian (identity),Full-time employed (Intercept),-0.0636858120135181,0.00500070840908523,2.59432878559791e-18,-0.0734872004953252,-0.0538844235317111,1.95353487446327,0.131255141557059,266,1170880.81103051
racethn_combn,Other/Multi-Racial,1999-2020,21.2,WTMEC.COMBN,age+gender,employ_status,prevent_chd_10yr_base,567,2270467.9633047,62,gaussian (identity),Part-time employed,0.000237768657860181,0.00481576358249745,0.960794653431242,-0.00920112796383482,0.00967666527955518,1.95353487446327,0.131255141557059,65,243820.89357751
racethn_combn,Other/Multi-Racial,1999-2020,21.2,WTMEC.COMBN,age+gender,employ_status,prevent_chd_10yr_base,567,2270467.9633047,62,gaussian (identity),Student,0.0206012602994127,0.0115252093916814,0.0791740949388496,-0.00198815010828284,0.0431906707071082,1.95353487446327,0.131255141557059,3,8867.34842875472
racethn_combn,Other/Multi-Racial,1999-2020,21.2,WTMEC.COMBN,age+gender,employ_status,prevent_chd_10yr_base,567,2270467.9633047,62,gaussian (identity),Unemployed,0.00773184625145209,0.00400713233317311,0.0586490391528837,-0.000122133121567208,0.0155858256244714,1.95353487446327,0.131255141557059,233,846898.910267925
racethn_combn,NHW,1999-2020,21.2,WTMEC.COMBN,age+gender,employ_status,prevent_chd_10yr_hba1c,15788,104192519.360674,162,gaussian (identity),Full-time employed (Intercept),-0.0607583302045132,0.000787870710824335,1.03747109914229e-126,-0.0623025567977289,-0.0592141036112975,120.686947550843,1.4401435727612e-40,7332,57798237.9796719
racethn_combn,NHW,1999-2020,21.2,WTMEC.COMBN,age+gender,employ_status,prevent_chd_10yr_hba1c,15788,104192519.360674,162,gaussian (identity),Part-time employed,0.00234878670765475,0.00073433393662043,0.00167111591694418,0.000909492191878706,0.00378808122343079,120.686947550843,1.4401435727612e-40,1574,10160076.1206335
racethn_combn,NHW,1999-2020,21.2,WTMEC.COMBN,age+gender,employ_status,prevent_chd_10yr_hba1c,15788,104192519.360674,162,gaussian (identity),Student,0.00611442440185696,0.00243774979897418,0.0131496564052866,0.00133643479586756,0.0108924140078464,120.686947550843,1.4401435727612e-40,54,257311.534320359
racethn_combn,NHW,1999-2020,21.2,WTMEC.COMBN,age+gender,employ_status,prevent_chd_10yr_hba1c,15788,104192519.360674,162,gaussian (identity),Unemployed,0.00921711157217621,0.000506648441561394,1.68359416475301e-40,0.00822408062671588,0.0102101425176365,120.686947550843,1.4401435727612e-40,6828,35976893.7260482
racethn_combn,NHB,1999-2020,21.2,WTMEC.COMBN,age+gender,employ_status,prevent_chd_10yr_hba1c,7681,14945154.7945039,148,gaussian (identity),Full-time employed (Intercept),-0.0622998699291708,0.00140766560850685,2.40339566389603e-85,-0.0650588945218442,-0.0595408453364974,29.916312376057,4.50503709924182e-15,3735,8166416.44904045
racethn_combn,NHB,1999-2020,21.2,WTMEC.COMBN,age+gender,employ_status,prevent_chd_10yr_hba1c,7681,14945154.7945039,148,gaussian (identity),Part-time employed,0.00192774281140454,0.0013576135240617,0.157798788497932,-0.000733179695756399,0.00458866531856547,29.916312376057,4.50503709924182e-15,548,1055678.53362991
racethn_combn,NHB,1999-2020,21.2,WTMEC.COMBN,age+gender,employ_status,prevent_chd_10yr_hba1c,7681,14945154.7945039,148,gaussian (identity),Student,0.00106724382447967,0.0028843995031182,0.711925775231543,-0.00458617920163201,0.00672066685059134,29.916312376057,4.50503709924182e-15,46,109513.252616623
racethn_combn,NHB,1999-2020,21.2,WTMEC.COMBN,age+gender,employ_status,prevent_chd_10yr_hba1c,7681,14945154.7945039,148,gaussian (identity),Unemployed,0.00870772440060248,0.000924838816427009,1.11800014627508e-16,0.00689504032040554,0.0105204084807994,29.916312376057,4.50503709924182e-15,3352,5613546.55921693
racethn_combn,Mexican-American,1999-2020,21.2,WTMEC.COMBN,age+gender,employ_status,prevent_chd_10yr_hba1c,6226,10669632.6671354,134,gaussian (identity),Full-time employed (Intercept),-0.0662827228018877,0.00160984730927898,4.51563648030626e-76,-0.0694380235280745,-0.0631274220757009,25.3136204699713,6.06305651596713e-13,3163,6475680.21401364
racethn_combn,Mexican-American,1999-2020,21.2,WTMEC.COMBN,age+gender,employ_status,prevent_chd_10yr_hba1c,6226,10669632.6671354,134,gaussian (identity),Part-time employed,0.00224715873928432,0.00189580197863147,0.238064321850967,-0.00146861313883336,0.00596293061740201,25.3136204699713,6.06305651596713e-13,447,799238.933436623
racethn_combn,Mexican-American,1999-2020,21.2,WTMEC.COMBN,age+gender,employ_status,prevent_chd_10yr_hba1c,6226,10669632.6671354,134,gaussian (identity),Student,0.00497291320630751,0.00462022553787687,0.283786030947473,-0.00408272884793115,0.0140285552605462,25.3136204699713,6.06305651596713e-13,17,35592.8770029811
racethn_combn,Mexican-American,1999-2020,21.2,WTMEC.COMBN,age+gender,employ_status,prevent_chd_10yr_hba1c,6226,10669632.6671354,134,gaussian (identity),Unemployed,0.00777599663764144,0.000895097302702583,1.42635777968607e-14,0.00602160592434437,0.0095303873509385,25.3136204699713,6.06305651596713e-13,2599,3359120.64268213
racethn_combn,Other Hispanic,1999-2020,21.2,WTMEC.COMBN,age+gender,employ_status,prevent_chd_10yr_hba1c,3194,8002234.87135283,130,gaussian (identity),Full-time employed (Intercept),-0.0643536572758908,0.00185068016013044,4.02725655717377e-66,-0.0679809903897464,-0.0607263241620351,13.3704105393246,1.26433405952864e-07,1559,4599925.26336155
racethn_combn,Other Hispanic,1999-2020,21.2,WTMEC.COMBN,age+gender,employ_status,prevent_chd_10yr_hba1c,3194,8002234.87135283,130,gaussian (identity),Part-time employed,0.00380905969565449,0.00232719917315437,0.104196517230987,-0.000752250683728075,0.00837037007503705,13.3704105393246,1.26433405952864e-07,271,643889.562633094
racethn_combn,Other Hispanic,1999-2020,21.2,WTMEC.COMBN,age+gender,employ_status,prevent_chd_10yr_hba1c,3194,8002234.87135283,130,gaussian (identity),Student,-0.00122172459657526,0.00378435354421062,0.747359028535762,-0.00863905754322807,0.00619560835007755,13.3704105393246,1.26433405952864e-07,11,35742.8507209245
racethn_combn,Other Hispanic,1999-2020,21.2,WTMEC.COMBN,age+gender,employ_status,prevent_chd_10yr_hba1c,3194,8002234.87135283,130,gaussian (identity),Unemployed,0.00917720171836362,0.00148835175167161,8.91225569771275e-09,0.00626003228508726,0.01209437115164,13.3704105393246,1.26433405952864e-07,1353,2722677.19463726
racethn_combn,Other/Multi-Racial/NHAsian,1999-2020,21.2,WTMEC.COMBN,age+gender,employ_status,prevent_chd_10yr_hba1c,769,3993806.69430321,73,gaussian (identity),Full-time employed (Intercept),-0.0649333258092123,0.00459639512630298,6.57605573022661e-22,-0.0739422602567661,-0.0559243913616584,8.24854061383514,9.32230360319935e-05,402,2427973.34970075
racethn_combn,Other/Multi-Racial/NHAsian,1999-2020,21.2,WTMEC.COMBN,age+gender,employ_status,prevent_chd_10yr_hba1c,769,3993806.69430321,73,gaussian (identity),Part-time employed,-0.00627186013657046,0.00263821184312529,0.0202581246642155,-0.011442755349096,-0.00110096492404489,8.24854061383514,9.32230360319935e-05,59,289899.758545377
racethn_combn,Other/Multi-Racial/NHAsian,1999-2020,21.2,WTMEC.COMBN,age+gender,employ_status,prevent_chd_10yr_hba1c,769,3993806.69430321,73,gaussian (identity),Student,-0.0059660284140115,0.00218380148352231,0.00801456904807661,-0.0102462793217152,-0.00168577750630777,8.24854061383514,9.32230360319935e-05,7,18029.0025528302
racethn_combn,Other/Multi-Racial/NHAsian,1999-2020,21.2,WTMEC.COMBN,age+gender,employ_status,prevent_chd_10yr_hba1c,769,3993806.69430321,73,gaussian (identity),Unemployed,0.00878886736353712,0.00241450336794289,0.000526873567791086,0.00405644076236906,0.0135212939647052,8.24854061383514,9.32230360319935e-05,301,1257904.58350425
racethn_combn,NHAsian,1999-2020,21.2,WTMEC.COMBN,age+gender,employ_status,prevent_chd_10yr_hba1c,2010,3587784.71201547,66,gaussian (identity),Full-time employed (Intercept),-0.0650598390498941,0.00199459457641367,2.58424772799009e-40,-0.0689692444196649,-0.0611504336801233,11.4054737276091,4.91259701873961e-06,1147,2045351.58412945
racethn_combn,NHAsian,1999-2020,21.2,WTMEC.COMBN,age+gender,employ_status,prevent_chd_10yr_hba1c,2010,3587784.71201547,66,gaussian (identity),Part-time employed,0.00120523071018482,0.00152550298464874,0.432556469541231,-0.0017847551397267,0.00419521656009635,11.4054737276091,4.91259701873961e-06,189,342329.631672943
racethn_combn,NHAsian,1999-2020,21.2,WTMEC.COMBN,age+gender,employ_status,prevent_chd_10yr_hba1c,2010,3587784.71201547,66,gaussian (identity),Student,0.00157505117467574,0.00258630043223551,0.544787383612824,-0.00349409767250587,0.00664420002185734,11.4054737276091,4.91259701873961e-06,18,31387.5494484717
racethn_combn,NHAsian,1999-2020,21.2,WTMEC.COMBN,age+gender,employ_status,prevent_chd_10yr_hba1c,2010,3587784.71201547,66,gaussian (identity),Unemployed,0.00762310258076102,0.00132754164469944,3.15378766166668e-07,0.00502112095715012,0.0102250842043719,11.4054737276091,4.91259701873961e-06,656,1168715.9467646
racethn_combn,Other/Multi-Racial,1999-2020,21.2,WTMEC.COMBN,age+gender,employ_status,prevent_chd_10yr_hba1c,567,2270467.9633047,62,gaussian (identity),Full-time employed (Intercept),-0.0636940911049385,0.00599986978969684,4.0179610283885e-15,-0.0754538358927443,-0.0519343463171327,0.917928427460504,0.438080226782776,266,1170880.81103051
racethn_combn,Other/Multi-Racial,1999-2020,21.2,WTMEC.COMBN,age+gender,employ_status,prevent_chd_10yr_hba1c,567,2270467.9633047,62,gaussian (identity),Part-time employed,0.000937485704553452,0.00579333978729515,0.872018843304042,-0.010417460278545,0.012292431687652,0.917928427460504,0.438080226782776,65,243820.89357751
racethn_combn,Other/Multi-Racial,1999-2020,21.2,WTMEC.COMBN,age+gender,employ_status,prevent_chd_10yr_hba1c,567,2270467.9633047,62,gaussian (identity),Student,0.0137974779796841,0.00925967125518731,0.141721205169466,-0.00435147768048306,0.0319464336398512,0.917928427460504,0.438080226782776,3,8867.34842875472
racethn_combn,Other/Multi-Racial,1999-2020,21.2,WTMEC.COMBN,age+gender,employ_status,prevent_chd_10yr_hba1c,567,2270467.9633047,62,gaussian (identity),Unemployed,0.00523000182492167,0.00486296519621524,0.286693047817372,-0.0043014099596602,0.0147614136095035,0.917928427460504,0.438080226782776,233,846898.910267925
racethn_combn,NHW,1999-2020,21.2,WTMEC.COMBN,age+gender,employ_status,prevent_chd_10yr_uacr,15669,103653535.825074,162,gaussian (identity),Full-time employed (Intercept),-0.0610952158112335,0.000852104827032195,7.02341486926168e-122,-0.0627653412722166,-0.0594250903502504,137.510770829737,1.00668168740612e-43,7311,57670689.7882244
racethn_combn,NHW,1999-2020,21.2,WTMEC.COMBN,age+gender,employ_status,prevent_chd_10yr_uacr,15669,103653535.825074,162,gaussian (identity),Part-time employed,0.00250887524026678,0.000739298261465889,0.000873333511139556,0.00105985064779364,0.00395789983273993,137.510770829737,1.00668168740612e-43,1567,10133974.7312672
racethn_combn,NHW,1999-2020,21.2,WTMEC.COMBN,age+gender,employ_status,prevent_chd_10yr_uacr,15669,103653535.825074,162,gaussian (identity),Student,0.00530308491877561,0.00164348880086641,0.00152416489432158,0.00208184686907745,0.00852432296847376,137.510770829737,1.00668168740612e-43,54,257311.534320359
racethn_combn,NHW,1999-2020,21.2,WTMEC.COMBN,age+gender,employ_status,prevent_chd_10yr_uacr,15669,103653535.825074,162,gaussian (identity),Unemployed,0.00982012599374208,0.000504743119442277,1.11300774885932e-43,0.00883082947963522,0.0108094225078489,137.510770829737,1.00668168740612e-43,6737,35591559.7712624
racethn_combn,NHB,1999-2020,21.2,WTMEC.COMBN,age+gender,employ_status,prevent_chd_10yr_uacr,7606,14823138.522578,148,gaussian (identity),Full-time employed (Intercept),-0.0627947105042151,0.0014123938056877,1.30853977449351e-85,-0.065563002363363,-0.0600264186450672,36.2736247371056,1.70623111285065e-17,3726,8148570.69948977
racethn_combn,NHB,1999-2020,21.2,WTMEC.COMBN,age+gender,employ_status,prevent_chd_10yr_uacr,7606,14823138.522578,148,gaussian (identity),Part-time employed,0.00269412150521718,0.00138406173449105,0.0535510932790618,-1.86394943852784e-05,0.00540688250481964,36.2736247371056,1.70623111285065e-17,544,1051157.86666338
racethn_combn,NHB,1999-2020,21.2,WTMEC.COMBN,age+gender,employ_status,prevent_chd_10yr_uacr,7606,14823138.522578,148,gaussian (identity),Student,0.00259409680938683,0.00295483270971491,0.38146159965074,-0.0031973753016544,0.00838556892042805,36.2736247371056,1.70623111285065e-17,46,109513.252616623
racethn_combn,NHB,1999-2020,21.2,WTMEC.COMBN,age+gender,employ_status,prevent_chd_10yr_uacr,7606,14823138.522578,148,gaussian (identity),Unemployed,0.00943232744956508,0.000908122930426345,3.52664944225893e-19,0.00765240650592944,0.0112122483932007,36.2736247371056,1.70623111285065e-17,3290,5513896.70380819
racethn_combn,Mexican-American,1999-2020,21.2,WTMEC.COMBN,age+gender,employ_status,prevent_chd_10yr_uacr,6200,10639362.7916884,134,gaussian (identity),Full-time employed (Intercept),-0.066449281349645,0.00161428649260137,4.64976099878136e-76,-0.0696132828751437,-0.0632852798241464,34.793062715784,1.52087442785807e-16,3158,6467147.79023119
racethn_combn,Mexican-American,1999-2020,21.2,WTMEC.COMBN,age+gender,employ_status,prevent_chd_10yr_uacr,6200,10639362.7916884,134,gaussian (identity),Part-time employed,0.00193454271713459,0.00142589583164701,0.177239371079555,-0.000860213112893551,0.00472929854716273,34.793062715784,1.52087442785807e-16,446,797644.241852189
racethn_combn,Mexican-American,1999-2020,21.2,WTMEC.COMBN,age+gender,employ_status,prevent_chd_10yr_uacr,6200,10639362.7916884,134,gaussian (identity),Student,0.0104566953558745,0.00883923717844402,0.23899027224194,-0.00686820951387577,0.0277816002256248,34.793062715784,1.52087442785807e-16,17,35592.8770029811
racethn_combn,Mexican-American,1999-2020,21.2,WTMEC.COMBN,age+gender,employ_status,prevent_chd_10yr_uacr,6200,10639362.7916884,134,gaussian (identity),Unemployed,0.00848270074672554,0.000833206941169712,3.1493585005042e-18,0.00684961514203291,0.0101157863514182,34.793062715784,1.52087442785807e-16,2579,3338977.88260204
racethn_combn,Other Hispanic,1999-2020,21.2,WTMEC.COMBN,age+gender,employ_status,prevent_chd_10yr_uacr,3185,7991584.34418702,130,gaussian (identity),Full-time employed (Intercept),-0.0633596794339923,0.00205895843489406,3.54691909635493e-60,-0.0673952379663847,-0.0593241209015999,18.8291441510174,3.8537732087732e-10,1560,4604495.26850325
racethn_combn,Other Hispanic,1999-2020,21.2,WTMEC.COMBN,age+gender,employ_status,prevent_chd_10yr_uacr,3185,7991584.34418702,130,gaussian (identity),Part-time employed,0.00206951738280365,0.00167408471688391,0.218699051729034,-0.00121168866228881,0.00535072342789612,18.8291441510174,3.8537732087732e-10,271,643889.562633094
racethn_combn,Other Hispanic,1999-2020,21.2,WTMEC.COMBN,age+gender,employ_status,prevent_chd_10yr_uacr,3185,7991584.34418702,130,gaussian (identity),Student,0.000259602906439842,0.00374935978645143,0.944909812692348,-0.00708914227500496,0.00760834808788464,18.8291441510174,3.8537732087732e-10,11,35742.8507209245
racethn_combn,Other Hispanic,1999-2020,21.2,WTMEC.COMBN,age+gender,employ_status,prevent_chd_10yr_uacr,3185,7991584.34418702,130,gaussian (identity),Unemployed,0.0094100507728855,0.00130221119722485,4.31760667909019e-11,0.00685771682632479,0.0119623847194462,18.8291441510174,3.8537732087732e-10,1343,2707456.66232975
racethn_combn,Other/Multi-Racial/NHAsian,1999-2020,21.2,WTMEC.COMBN,age+gender,employ_status,prevent_chd_10yr_uacr,765,3972571.98691481,72,gaussian (identity),Full-time employed (Intercept),-0.0625893006575401,0.00401611140963188,5.71565528972753e-24,-0.0704608790204185,-0.0547177222946616,10.2265571422608,1.24892003595751e-05,401,2416982.57650198
racethn_combn,Other/Multi-Racial/NHAsian,1999-2020,21.2,WTMEC.COMBN,age+gender,employ_status,prevent_chd_10yr_uacr,765,3972571.98691481,72,gaussian (identity),Part-time employed,-0.00591903253845937,0.00248086087423238,0.0198716415984447,-0.0107815198519548,-0.00105654522496391,10.2265571422608,1.24892003595751e-05,59,289899.758545377
racethn_combn,Other/Multi-Racial/NHAsian,1999-2020,21.2,WTMEC.COMBN,age+gender,employ_status,prevent_chd_10yr_uacr,765,3972571.98691481,72,gaussian (identity),Student,-0.00546049434029023,0.00213410607411984,0.0127726801499601,-0.00964334224556511,-0.00127764643501535,10.2265571422608,1.24892003595751e-05,7,18029.0025528302
racethn_combn,Other/Multi-Racial/NHAsian,1999-2020,21.2,WTMEC.COMBN,age+gender,employ_status,prevent_chd_10yr_uacr,765,3972571.98691481,72,gaussian (identity),Unemployed,0.00792774938606898,0.00226420140877246,0.000828745280912388,0.00348991462487496,0.012365584147263,10.2265571422608,1.24892003595751e-05,298,1247660.64931462
racethn_combn,NHAsian,1999-2020,21.2,WTMEC.COMBN,age+gender,employ_status,prevent_chd_10yr_uacr,2002,3573589.03696523,66,gaussian (identity),Full-time employed (Intercept),-0.0645789368738877,0.00255098922420395,4.66086993940034e-34,-0.0695788757533275,-0.059578997994448,10.3630271566906,1.32206432208351e-05,1142,2034968.45811515
racethn_combn,NHAsian,1999-2020,21.2,WTMEC.COMBN,age+gender,employ_status,prevent_chd_10yr_uacr,2002,3573589.03696523,66,gaussian (identity),Part-time employed,0.00171007715808324,0.00161750978366638,0.294576363672786,-0.00146024201790286,0.00488039633406935,10.3630271566906,1.32206432208351e-05,189,342329.631672943
racethn_combn,NHAsian,1999-2020,21.2,WTMEC.COMBN,age+gender,employ_status,prevent_chd_10yr_uacr,2002,3573589.03696523,66,gaussian (identity),Student,0.0028300042066254,0.00243886947299747,0.250417307833377,-0.00195017996044963,0.00761018837370043,10.3630271566906,1.32206432208351e-05,18,31387.5494484717
racethn_combn,NHAsian,1999-2020,21.2,WTMEC.COMBN,age+gender,employ_status,prevent_chd_10yr_uacr,2002,3573589.03696523,66,gaussian (identity),Unemployed,0.00846478185617457,0.0015388216948681,7.91398234334898e-07,0.00544869133423309,0.0114808723781161,10.3630271566906,1.32206432208351e-05,653,1164903.39772866
racethn_combn,Other/Multi-Racial,1999-2020,21.2,WTMEC.COMBN,age+gender,employ_status,prevent_chd_10yr_uacr,562,2259923.37838738,62,gaussian (identity),Full-time employed (Intercept),-0.0634073047412277,0.0051234453645674,8.66302507528615e-18,-0.0734492576557798,-0.0533653518266756,1.8711403412396,0.144732733790776,263,1165739.776853
racethn_combn,Other/Multi-Racial,1999-2020,21.2,WTMEC.COMBN,age+gender,employ_status,prevent_chd_10yr_uacr,562,2259923.37838738,62,gaussian (identity),Part-time employed,0.00285842325985754,0.00580567342478874,0.624363052820823,-0.00852069665272839,0.0142375431724435,1.8711403412396,0.144732733790776,65,243820.89357751
racethn_combn,Other/Multi-Racial,1999-2020,21.2,WTMEC.COMBN,age+gender,employ_status,prevent_chd_10yr_uacr,562,2259923.37838738,62,gaussian (identity),Student,0.0181536621927907,0.0103318346483085,0.0842775815567345,-0.00209673371789401,0.0384040581034755,1.8711403412396,0.144732733790776,3,8867.34842875472
racethn_combn,Other/Multi-Racial,1999-2020,21.2,WTMEC.COMBN,age+gender,employ_status,prevent_chd_10yr_uacr,562,2259923.37838738,62,gaussian (identity),Unemployed,0.00825734279917852,0.00405193881010534,0.0462130522700001,0.00031554273137205,0.016199142866985,1.8711403412396,0.144732733790776,231,841495.359528113
racethn_combn,NHW,1999-2020,21.2,WTMEC.COMBN,age+gender,employ_status,prevent_chd_10yr_full,15654,103555304.211174,162,gaussian (identity),Full-time employed (Intercept),-0.0570867381965309,0.000801818579436585,2.051027810923e-121,-0.0586583026122266,-0.0555151737808352,112.060398744044,7.89079940617002e-39,7303,57607328.9932564
racethn_combn,NHW,1999-2020,21.2,WTMEC.COMBN,age+gender,employ_status,prevent_chd_10yr_full,15654,103555304.211174,162,gaussian (identity),Part-time employed,0.00160140524421538,0.000666335680034948,0.0174139415164868,0.000295387311346882,0.00290742317708388,112.060398744044,7.89079940617002e-39,1567,10133974.7312672
racethn_combn,NHW,1999-2020,21.2,WTMEC.COMBN,age+gender,employ_status,prevent_chd_10yr_full,15654,103555304.211174,162,gaussian (identity),Student,0.00496390480239247,0.0017681923152691,0.005629165734265,0.00149824786446504,0.00842956174031989,112.060398744044,7.89079940617002e-39,54,257311.534320359
racethn_combn,NHW,1999-2020,21.2,WTMEC.COMBN,age+gender,employ_status,prevent_chd_10yr_full,15654,103555304.211174,162,gaussian (identity),Unemployed,0.00867381933972752,0.000507982587515365,1.27598203711103e-37,0.0076781734681974,0.00966946521125763,112.060398744044,7.89079940617002e-39,6730,35556688.9523302
racethn_combn,NHB,1999-2020,21.2,WTMEC.COMBN,age+gender,employ_status,prevent_chd_10yr_full,7583,14778817.5072541,148,gaussian (identity),Full-time employed (Intercept),-0.0600495677983449,0.00150240483788632,1.73727985159022e-79,-0.0629942812806021,-0.0571048543160877,28.1339041128816,2.33033423101201e-14,3715,8123952.66013793
racethn_combn,NHB,1999-2020,21.2,WTMEC.COMBN,age+gender,employ_status,prevent_chd_10yr_full,7583,14778817.5072541,148,gaussian (identity),Part-time employed,0.00168362089209493,0.00135424585299545,0.215822469403391,-0.000970700979776145,0.00433794276396601,28.1339041128816,2.33033423101201e-14,540,1040433.91397734
racethn_combn,NHB,1999-2020,21.2,WTMEC.COMBN,age+gender,employ_status,prevent_chd_10yr_full,7583,14778817.5072541,148,gaussian (identity),Student,0.00103219589214224,0.00253394212571122,0.684361653005663,-0.00393433067425176,0.00599872245853623,28.1339041128816,2.33033423101201e-14,46,109513.252616623
racethn_combn,NHB,1999-2020,21.2,WTMEC.COMBN,age+gender,employ_status,prevent_chd_10yr_full,7583,14778817.5072541,148,gaussian (identity),Unemployed,0.00846923929014526,0.000926966416535539,5.72421318630606e-16,0.00665238511373561,0.0102860934665549,28.1339041128816,2.33033423101201e-14,3282,5504917.68052219
racethn_combn,Mexican-American,1999-2020,21.2,WTMEC.COMBN,age+gender,employ_status,prevent_chd_10yr_full,6195,10628782.7768089,134,gaussian (identity),Full-time employed (Intercept),-0.0641701529368524,0.00162021932904691,4.6878227227519e-74,-0.0673457828217843,-0.0609945230519204,29.3274321192401,1.59288250091737e-14,3155,6461101.1002976
racethn_combn,Mexican-American,1999-2020,21.2,WTMEC.COMBN,age+gender,employ_status,prevent_chd_10yr_full,6195,10628782.7768089,134,gaussian (identity),Part-time employed,0.00224360542059183,0.00178596323012587,0.211297837803974,-0.00125688251045488,0.00574409335163854,29.3274321192401,1.59288250091737e-14,445,793912.728219359
racethn_combn,Mexican-American,1999-2020,21.2,WTMEC.COMBN,age+gender,employ_status,prevent_chd_10yr_full,6195,10628782.7768089,134,gaussian (identity),Student,0.007631103798005,0.00619054725092579,0.219928549800639,-0.00450236881380955,0.0197645764098195,29.3274321192401,1.59288250091737e-14,17,35592.8770029811
racethn_combn,Mexican-American,1999-2020,21.2,WTMEC.COMBN,age+gender,employ_status,prevent_chd_10yr_full,6195,10628782.7768089,134,gaussian (identity),Unemployed,0.00858961365604151,0.000917074812795011,3.19135557460905e-16,0.00679214702296329,0.0103870802891197,29.3274321192401,1.59288250091737e-14,2578,3338176.07128892
racethn_combn,Other Hispanic,1999-2020,21.2,WTMEC.COMBN,age+gender,employ_status,prevent_chd_10yr_full,3179,7972449.92786919,130,gaussian (identity),Full-time employed (Intercept),-0.0616166355473043,0.00192659825141789,4.91130225142863e-62,-0.0653927681200834,-0.0578405029745252,14.3620349669767,4.24748128881966e-08,1556,4588976.89807334
racethn_combn,Other Hispanic,1999-2020,21.2,WTMEC.COMBN,age+gender,employ_status,prevent_chd_10yr_full,3179,7972449.92786919,130,gaussian (identity),Part-time employed,0.00271917211346236,0.00208836958447471,0.195291773990385,-0.00137403227210808,0.00681237649903279,14.3620349669767,4.24748128881966e-08,271,643889.562633094
racethn_combn,Other Hispanic,1999-2020,21.2,WTMEC.COMBN,age+gender,employ_status,prevent_chd_10yr_full,3179,7972449.92786919,130,gaussian (identity),Student,-0.000935014441068827,0.00353602286541223,0.791887593746296,-0.00786561925727681,0.00599559037513915,14.3620349669767,4.24748128881966e-08,11,35742.8507209245
racethn_combn,Other Hispanic,1999-2020,21.2,WTMEC.COMBN,age+gender,employ_status,prevent_chd_10yr_full,3179,7972449.92786919,130,gaussian (identity),Unemployed,0.00913770964255255,0.00143860693110021,3.60011280976184e-09,0.00631804005759613,0.011957379227509,14.3620349669767,4.24748128881966e-08,1341,2703840.61644183
racethn_combn,Other/Multi-Racial/NHAsian,1999-2020,21.2,WTMEC.COMBN,age+gender,employ_status,prevent_chd_10yr_full,762,3957685.58718811,72,gaussian (identity),Full-time employed (Intercept),-0.0613520436315786,0.00448017677880856,4.2925892155502e-21,-0.0701331901180433,-0.0525708971451138,10.548139057532,9.07298214277571e-06,400,2410282.87553019
racethn_combn,Other/Multi-Racial/NHAsian,1999-2020,21.2,WTMEC.COMBN,age+gender,employ_status,prevent_chd_10yr_full,762,3957685.58718811,72,gaussian (identity),Part-time employed,-0.00630894981257852,0.00211614083242226,0.00399762792573855,-0.0104565858441262,-0.00216131378103089,10.548139057532,9.07298214277571e-06,59,289899.758545377
racethn_combn,Other/Multi-Racial/NHAsian,1999-2020,21.2,WTMEC.COMBN,age+gender,employ_status,prevent_chd_10yr_full,762,3957685.58718811,72,gaussian (identity),Student,-0.00476450788421226,0.0019205723847822,0.0156272113090117,-0.00852882975838536,-0.00100018601003915,10.548139057532,9.07298214277571e-06,7,18029.0025528302
racethn_combn,Other/Multi-Racial/NHAsian,1999-2020,21.2,WTMEC.COMBN,age+gender,employ_status,prevent_chd_10yr_full,762,3957685.58718811,72,gaussian (identity),Unemployed,0.00926971397864831,0.00229841792966044,0.000143486260591364,0.00476481483651385,0.0137746131207828,10.548139057532,9.07298214277571e-06,296,1239473.95055972
racethn_combn,NHAsian,1999-2020,21.2,WTMEC.COMBN,age+gender,employ_status,prevent_chd_10yr_full,2001,3572410.04707155,66,gaussian (identity),Full-time employed (Intercept),-0.0617651586048455,0.00251523232171932,2.53385815224063e-33,-0.0666950139554153,-0.0568353032542756,9.29819111092796,3.75357033085338e-05,1142,2034968.45811515
racethn_combn,NHAsian,1999-2020,21.2,WTMEC.COMBN,age+gender,employ_status,prevent_chd_10yr_full,2001,3572410.04707155,66,gaussian (identity),Part-time employed,0.000968756009772366,0.00152963542878635,0.528889005393083,-0.00202932943064888,0.00396684145019361,9.29819111092796,3.75357033085338e-05,189,342329.631672943
racethn_combn,NHAsian,1999-2020,21.2,WTMEC.COMBN,age+gender,employ_status,prevent_chd_10yr_full,2001,3572410.04707155,66,gaussian (identity),Student,0.00165847860693415,0.00219366854786485,0.452541188317464,-0.00264111174688096,0.00595806896074925,9.29819111092796,3.75357033085338e-05,18,31387.5494484717
racethn_combn,NHAsian,1999-2020,21.2,WTMEC.COMBN,age+gender,employ_status,prevent_chd_10yr_full,2001,3572410.04707155,66,gaussian (identity),Unemployed,0.0082470230663587,0.0015820329604589,2.33529360544534e-06,0.00514623846385925,0.0113478076688581,9.29819111092796,3.75357033085338e-05,652,1163724.40783498
racethn_combn,Other/Multi-Racial,1999-2020,21.2,WTMEC.COMBN,age+gender,employ_status,prevent_chd_10yr_full,562,2259923.37838738,62,gaussian (identity),Full-time employed (Intercept),-0.0613258566498114,0.00615112041699809,4.19973020084141e-14,-0.0733820526671277,-0.0492696606324952,1.01847781908798,0.391292133792206,263,1165739.776853
racethn_combn,Other/Multi-Racial,1999-2020,21.2,WTMEC.COMBN,age+gender,employ_status,prevent_chd_10yr_full,562,2259923.37838738,62,gaussian (identity),Part-time employed,0.0039035421698634,0.00672384530990927,0.563830693816732,-0.00927519463755878,0.0170822789772856,1.01847781908798,0.391292133792206,65,243820.89357751
racethn_combn,Other/Multi-Racial,1999-2020,21.2,WTMEC.COMBN,age+gender,employ_status,prevent_chd_10yr_full,562,2259923.37838738,62,gaussian (identity),Student,0.0133641543148846,0.00858700336587638,0.125166619864979,-0.00346637228223311,0.0301946809120023,1.01847781908798,0.391292133792206,3,8867.34842875472
racethn_combn,Other/Multi-Racial,1999-2020,21.2,WTMEC.COMBN,age+gender,employ_status,prevent_chd_10yr_full,562,2259923.37838738,62,gaussian (identity),Unemployed,0.00577207828511865,0.00459026215968013,0.213714255038577,-0.0032248355478544,0.0147689921180917,1.01847781908798,0.391292133792206,231,841495.359528113
racethn_combn,NHW,1999-2020,21.2,WTMEC.COMBN,age+gender,employ_status,prevent_chd_30yr_base,15804,104294356.645491,162,gaussian (identity),Full-time employed (Intercept),-0.053948520815751,0.00161198292799629,2.35585986433178e-73,-0.0571080073546237,-0.0507890342768783,8.70140956988244,2.24311292638997e-05,7340,57861598.7746399
racethn_combn,NHW,1999-2020,21.2,WTMEC.COMBN,age+gender,employ_status,prevent_chd_30yr_base,15804,104294356.645491,162,gaussian (identity),Part-time employed,8.57129186382401e-05,0.0015139314564437,0.954922985385736,-0.00288159273599141,0.00305301857326789,8.70140956988244,2.24311292638997e-05,1574,10160076.1206335
racethn_combn,NHW,1999-2020,21.2,WTMEC.COMBN,age+gender,employ_status,prevent_chd_30yr_base,15804,104294356.645491,162,gaussian (identity),Student,0.00500047469167972,0.00637287374471615,0.433841212444124,-0.00749035784796394,0.0174913072313234,8.70140956988244,2.24311292638997e-05,54,257311.534320359
racethn_combn,NHW,1999-2020,21.2,WTMEC.COMBN,age+gender,employ_status,prevent_chd_30yr_base,15804,104294356.645491,162,gaussian (identity),Unemployed,0.0052479532719687,0.00114869154249929,9.87625678971571e-06,0.00299651784867009,0.0074993886952673,8.70140956988244,2.24311292638997e-05,6836,36015370.2158972
racethn_combn,NHB,1999-2020,21.2,WTMEC.COMBN,age+gender,employ_status,prevent_chd_30yr_base,7705,14990590.6849992,148,gaussian (identity),Full-time employed (Intercept),-0.0519343130497563,0.00253349969061038,2.08766429103518e-44,-0.0568999724433526,-0.0469686536561599,9.07199542904052,1.54437979165363e-05,3746,8191034.4883923
racethn_combn,NHB,1999-2020,21.2,WTMEC.COMBN,age+gender,employ_status,prevent_chd_30yr_base,7705,14990590.6849992,148,gaussian (identity),Part-time employed,0.00209261573526307,0.00292501783737046,0.475516149785946,-0.00364041922598304,0.00782565069650917,9.07199542904052,1.54437979165363e-05,552,1066402.48631594
racethn_combn,NHB,1999-2020,21.2,WTMEC.COMBN,age+gender,employ_status,prevent_chd_30yr_base,7705,14990590.6849992,148,gaussian (identity),Student,-0.00640638292041477,0.00712358381162755,0.369993997840609,-0.0203686071912048,0.00755584135037524,9.07199542904052,1.54437979165363e-05,46,109513.252616623
racethn_combn,NHB,1999-2020,21.2,WTMEC.COMBN,age+gender,employ_status,prevent_chd_30yr_base,7705,14990590.6849992,148,gaussian (identity),Unemployed,0.00900599471316472,0.00181898381602129,2.05016249515745e-06,0.005440786433763,0.0125712029925664,9.07199542904052,1.54437979165363e-05,3361,5623640.45767434
racethn_combn,Mexican-American,1999-2020,21.2,WTMEC.COMBN,age+gender,employ_status,prevent_chd_30yr_base,6231,10680212.6820149,134,gaussian (identity),Full-time employed (Intercept),-0.077936482430715,0.0033791709600463,1.33293654082545e-47,-0.0845596575124058,-0.0713133073490242,1.35979348835657,0.258063122925292,3166,6481726.90394723
racethn_combn,Mexican-American,1999-2020,21.2,WTMEC.COMBN,age+gender,employ_status,prevent_chd_30yr_base,6231,10680212.6820149,134,gaussian (identity),Part-time employed,-0.000297840098008249,0.00339754886996129,0.930280284258606,-0.00695703588313238,0.00636135568711589,1.35979348835657,0.258063122925292,448,802970.447069453
racethn_combn,Mexican-American,1999-2020,21.2,WTMEC.COMBN,age+gender,employ_status,prevent_chd_30yr_base,6231,10680212.6820149,134,gaussian (identity),Student,0.0170501227925687,0.0170539788629207,0.319291623497974,-0.0163756757787558,0.0504759213638933,1.35979348835657,0.258063122925292,17,35592.8770029811
racethn_combn,Mexican-American,1999-2020,21.2,WTMEC.COMBN,age+gender,employ_status,prevent_chd_30yr_base,6231,10680212.6820149,134,gaussian (identity),Unemployed,0.00267503072827597,0.00156700412152861,0.090209559297578,-0.000396297349920102,0.00574635880647203,1.35979348835657,0.258063122925292,2600,3359922.45399525
racethn_combn,Other Hispanic,1999-2020,21.2,WTMEC.COMBN,age+gender,employ_status,prevent_chd_30yr_base,3200,8021369.28767066,130,gaussian (identity),Full-time employed (Intercept),-0.0714877774853991,0.00353218941481966,2.9088900198731e-41,-0.0784108687384456,-0.0645646862323526,2.8560932410417,0.0398368128217479,1563,4615443.63379145
racethn_combn,Other Hispanic,1999-2020,21.2,WTMEC.COMBN,age+gender,employ_status,prevent_chd_30yr_base,3200,8021369.28767066,130,gaussian (identity),Part-time employed,0.00180212601928928,0.00402255939980103,0.654925227847011,-0.00608209040432074,0.00968634244289929,2.8560932410417,0.0398368128217479,271,643889.562633094
racethn_combn,Other Hispanic,1999-2020,21.2,WTMEC.COMBN,age+gender,employ_status,prevent_chd_30yr_base,3200,8021369.28767066,130,gaussian (identity),Student,-0.0107421968184254,0.00912915399137437,0.24155460022091,-0.0286353386415191,0.00715094500466839,2.8560932410417,0.0398368128217479,11,35742.8507209245
racethn_combn,Other Hispanic,1999-2020,21.2,WTMEC.COMBN,age+gender,employ_status,prevent_chd_30yr_base,3200,8021369.28767066,130,gaussian (identity),Unemployed,0.00710537494790505,0.00320400334327521,0.0283851862071262,0.000825528395085645,0.0133852215007245,2.8560932410417,0.0398368128217479,1355,2726293.24052519
racethn_combn,Other/Multi-Racial/NHAsian,1999-2020,21.2,WTMEC.COMBN,age+gender,employ_status,prevent_chd_30yr_base,772,4008693.09402991,73,gaussian (identity),Full-time employed (Intercept),-0.073751868436557,0.0085258001045853,1.44687777224333e-12,-0.0904624366415442,-0.0570413002315698,7.48980733216257,0.000210100452572387,403,2434673.05067255
racethn_combn,Other/Multi-Racial/NHAsian,1999-2020,21.2,WTMEC.COMBN,age+gender,employ_status,prevent_chd_30yr_base,772,4008693.09402991,73,gaussian (identity),Part-time employed,-0.0141384321412439,0.00532242625536623,0.00983242437884185,-0.0245703876017617,-0.00370647668072614,7.48980733216257,0.000210100452572387,59,289899.758545377
racethn_combn,Other/Multi-Racial/NHAsian,1999-2020,21.2,WTMEC.COMBN,age+gender,employ_status,prevent_chd_30yr_base,772,4008693.09402991,73,gaussian (identity),Student,-0.0265557120148599,0.00656199522757695,0.000135171982437948,-0.0394172226609107,-0.0136942013688091,7.48980733216257,0.000210100452572387,7,18029.0025528302
racethn_combn,Other/Multi-Racial/NHAsian,1999-2020,21.2,WTMEC.COMBN,age+gender,employ_status,prevent_chd_30yr_base,772,4008693.09402991,73,gaussian (identity),Unemployed,0.0035981228052838,0.00554764913549654,0.518790929330318,-0.00727526950028942,0.014471515110857,7.48980733216257,0.000210100452572387,303,1266091.28225915
racethn_combn,NHAsian,1999-2020,21.2,WTMEC.COMBN,age+gender,employ_status,prevent_chd_30yr_base,2011,3588963.70190915,66,gaussian (identity),Full-time employed (Intercept),-0.0730852934320892,0.00404003559494156,3.3708467127515e-26,-0.0810037631981746,-0.0651668236660037,0.218595517303605,0.883130385836097,1147,2045351.58412945
racethn_combn,NHAsian,1999-2020,21.2,WTMEC.COMBN,age+gender,employ_status,prevent_chd_30yr_base,2011,3588963.70190915,66,gaussian (identity),Part-time employed,-0.00198724405101102,0.00254754022312412,0.438369678906751,-0.0069804228883343,0.00300593478631226,0.218595517303605,0.883130385836097,189,342329.631672943
racethn_combn,NHAsian,1999-2020,21.2,WTMEC.COMBN,age+gender,employ_status,prevent_chd_30yr_base,2011,3588963.70190915,66,gaussian (identity),Student,-0.00125990468079679,0.00842067061666943,0.88155765547861,-0.0177644190894689,0.0152446097278753,0.218595517303605,0.883130385836097,18,31387.5494484717
racethn_combn,NHAsian,1999-2020,21.2,WTMEC.COMBN,age+gender,employ_status,prevent_chd_30yr_base,2011,3588963.70190915,66,gaussian (identity),Unemployed,-0.000262504227090626,0.00249493940454372,0.916550683980308,-0.00515258545999632,0.00462757700581507,0.218595517303605,0.883130385836097,657,1169894.93665828
racethn_combn,Other/Multi-Racial,1999-2020,21.2,WTMEC.COMBN,age+gender,employ_status,prevent_chd_30yr_base,567,2270467.9633047,62,gaussian (identity),Full-time employed (Intercept),-0.0460505924935205,0.010089090290918,2.71759557615124e-05,-0.0658252094637198,-0.0262759755233212,2.05685860234831,0.116099235842863,266,1170880.81103051
racethn_combn,Other/Multi-Racial,1999-2020,21.2,WTMEC.COMBN,age+gender,employ_status,prevent_chd_30yr_base,567,2270467.9633047,62,gaussian (identity),Part-time employed,-0.00586693923755473,0.0086365014492024,0.499685155476884,-0.0227944820779914,0.011060603602882,2.05685860234831,0.116099235842863,65,243820.89357751
racethn_combn,Other/Multi-Racial,1999-2020,21.2,WTMEC.COMBN,age+gender,employ_status,prevent_chd_30yr_base,567,2270467.9633047,62,gaussian (identity),Student,0.0579340473550806,0.0282686021700794,0.0450337611326863,0.00252758710172492,0.113340507608436,2.05685860234831,0.116099235842863,3,8867.34842875472
racethn_combn,Other/Multi-Racial,1999-2020,21.2,WTMEC.COMBN,age+gender,employ_status,prevent_chd_30yr_base,567,2270467.9633047,62,gaussian (identity),Unemployed,0.00985685127869792,0.00751034822997221,0.194633447914578,-0.00486343125204762,0.0245771338094435,2.05685860234831,0.116099235842863,233,846898.910267925
racethn_combn,NHW,1999-2020,21.2,WTMEC.COMBN,age+gender,employ_status,prevent_chd_30yr_hba1c,15788,104192519.360674,162,gaussian (identity),Full-time employed (Intercept),-0.0485856054986215,0.00144574331609892,1.33142923844247e-73,-0.0514192623981754,-0.0457519485990677,8.86187420818517,1.83851577327441e-05,7332,57798237.9796719
racethn_combn,NHW,1999-2020,21.2,WTMEC.COMBN,age+gender,employ_status,prevent_chd_30yr_hba1c,15788,104192519.360674,162,gaussian (identity),Part-time employed,-0.00113050238453316,0.00136883923311514,0.41012315674892,-0.00381342728143884,0.00155242251237251,8.86187420818517,1.83851577327441e-05,1574,10160076.1206335
racethn_combn,NHW,1999-2020,21.2,WTMEC.COMBN,age+gender,employ_status,prevent_chd_30yr_hba1c,15788,104192519.360674,162,gaussian (identity),Student,0.00465156101303543,0.0063108119820656,0.462174953258866,-0.00771763047181316,0.017020752497884,8.86187420818517,1.83851577327441e-05,54,257311.534320359
racethn_combn,NHW,1999-2020,21.2,WTMEC.COMBN,age+gender,employ_status,prevent_chd_30yr_hba1c,15788,104192519.360674,162,gaussian (identity),Unemployed,0.00422580423211975,0.00103702295169008,7.28781183452039e-05,0.0021932392468072,0.00625836921743229,8.86187420818517,1.83851577327441e-05,6828,35976893.7260482
racethn_combn,NHB,1999-2020,21.2,WTMEC.COMBN,age+gender,employ_status,prevent_chd_30yr_hba1c,7681,14945154.7945039,148,gaussian (identity),Full-time employed (Intercept),-0.0474754392485906,0.00243512910681804,4.16540543930401e-42,-0.052248292297954,-0.0427025861992273,7.99328947661486,5.79944787824122e-05,3735,8166416.44904045
racethn_combn,NHB,1999-2020,21.2,WTMEC.COMBN,age+gender,employ_status,prevent_chd_30yr_hba1c,7681,14945154.7945039,148,gaussian (identity),Part-time employed,0.000976794992244024,0.0027963751677417,0.72737226926749,-0.00450410033652971,0.00645769032101775,7.99328947661486,5.79944787824122e-05,548,1055678.53362991
racethn_combn,NHB,1999-2020,21.2,WTMEC.COMBN,age+gender,employ_status,prevent_chd_30yr_hba1c,7681,14945154.7945039,148,gaussian (identity),Student,-0.00783279882844495,0.00643299068055881,0.225382021715687,-0.0204414605623402,0.00477586290545032,7.99328947661486,5.79944787824122e-05,46,109513.252616623
racethn_combn,NHB,1999-2020,21.2,WTMEC.COMBN,age+gender,employ_status,prevent_chd_30yr_hba1c,7681,14945154.7945039,148,gaussian (identity),Unemployed,0.00795711270877455,0.00175959053895125,1.27501954844623e-05,0.0045083152524301,0.011405910165119,7.99328947661486,5.79944787824122e-05,3352,5613546.55921693
racethn_combn,Mexican-American,1999-2020,21.2,WTMEC.COMBN,age+gender,employ_status,prevent_chd_30yr_hba1c,6226,10669632.6671354,134,gaussian (identity),Full-time employed (Intercept),-0.0720595362848781,0.00338612433462686,5.02194760687559e-44,-0.0786963399807467,-0.0654227325890094,1.36072676219045,0.257772565120425,3163,6475680.21401364
racethn_combn,Mexican-American,1999-2020,21.2,WTMEC.COMBN,age+gender,employ_status,prevent_chd_30yr_hba1c,6226,10669632.6671354,134,gaussian (identity),Part-time employed,-0.000283892927485512,0.00353179598447189,0.936057990223755,-0.00720621305705041,0.00663842720207939,1.36072676219045,0.257772565120425,447,799238.933436623
racethn_combn,Mexican-American,1999-2020,21.2,WTMEC.COMBN,age+gender,employ_status,prevent_chd_30yr_hba1c,6226,10669632.6671354,134,gaussian (identity),Student,0.012629745421301,0.0133698342183924,0.346606158233074,-0.0135751296467481,0.0388346204893501,1.36072676219045,0.257772565120425,17,35592.8770029811
racethn_combn,Mexican-American,1999-2020,21.2,WTMEC.COMBN,age+gender,employ_status,prevent_chd_30yr_hba1c,6226,10669632.6671354,134,gaussian (identity),Unemployed,0.00271449257168256,0.00156788262529265,0.085787092230425,-0.000358557373891037,0.00578754251725616,1.36072676219045,0.257772565120425,2599,3359120.64268213
racethn_combn,Other Hispanic,1999-2020,21.2,WTMEC.COMBN,age+gender,employ_status,prevent_chd_30yr_hba1c,3194,8002234.87135283,130,gaussian (identity),Full-time employed (Intercept),-0.0661293439189141,0.00324850525021946,1.66419629683394e-41,-0.0724964142093442,-0.0597622736284839,3.54617434004029,0.016553377361694,1559,4599925.26336155
racethn_combn,Other Hispanic,1999-2020,21.2,WTMEC.COMBN,age+gender,employ_status,prevent_chd_30yr_hba1c,3194,8002234.87135283,130,gaussian (identity),Part-time employed,0.00243863439117193,0.00420364935444789,0.562875821590638,-0.00580051834354595,0.0106777871258898,3.54617434004029,0.016553377361694,271,643889.562633094
racethn_combn,Other Hispanic,1999-2020,21.2,WTMEC.COMBN,age+gender,employ_status,prevent_chd_30yr_hba1c,3194,8002234.87135283,130,gaussian (identity),Student,-0.0125486183831714,0.00787833383387617,0.113730478133157,-0.0279901526975687,0.00289291593122588,3.54617434004029,0.016553377361694,11,35742.8507209245
racethn_combn,Other Hispanic,1999-2020,21.2,WTMEC.COMBN,age+gender,employ_status,prevent_chd_30yr_hba1c,3194,8002234.87135283,130,gaussian (identity),Unemployed,0.00699614052448649,0.00318111303394368,0.029697967514919,0.00076115897795687,0.0132311220710161,3.54617434004029,0.016553377361694,1353,2722677.19463726
racethn_combn,Other/Multi-Racial/NHAsian,1999-2020,21.2,WTMEC.COMBN,age+gender,employ_status,prevent_chd_30yr_hba1c,769,3993806.69430321,73,gaussian (identity),Full-time employed (Intercept),-0.0702869422436664,0.00842245892718604,5.17521442538767e-12,-0.086794961740951,-0.0537789227463818,7.13074307186769,0.000310506080915322,402,2427973.34970075
racethn_combn,Other/Multi-Racial/NHAsian,1999-2020,21.2,WTMEC.COMBN,age+gender,employ_status,prevent_chd_30yr_hba1c,769,3993806.69430321,73,gaussian (identity),Part-time employed,-0.0142967769948192,0.00460451524514631,0.00277408813070222,-0.023321626875306,-0.00527192711433245,7.13074307186769,0.000310506080915322,59,289899.758545377
racethn_combn,Other/Multi-Racial/NHAsian,1999-2020,21.2,WTMEC.COMBN,age+gender,employ_status,prevent_chd_30yr_hba1c,769,3993806.69430321,73,gaussian (identity),Student,-0.0229478588029526,0.00632955632482996,0.000552274766609214,-0.0353537891996193,-0.0105419284062859,7.13074307186769,0.000310506080915322,7,18029.0025528302
racethn_combn,Other/Multi-Racial/NHAsian,1999-2020,21.2,WTMEC.COMBN,age+gender,employ_status,prevent_chd_30yr_hba1c,769,3993806.69430321,73,gaussian (identity),Unemployed,0.00498767983559727,0.00518035926181575,0.339056408120744,-0.0051658243175616,0.0151411839887561,7.13074307186769,0.000310506080915322,301,1257904.58350425
racethn_combn,NHAsian,1999-2020,21.2,WTMEC.COMBN,age+gender,employ_status,prevent_chd_30yr_hba1c,2010,3587784.71201547,66,gaussian (identity),Full-time employed (Intercept),-0.0684917732358226,0.00357887143339594,1.80459649904325e-27,-0.0755063612452786,-0.0614771852263666,0.585983340361477,0.626497978130187,1147,2045351.58412945
racethn_combn,NHAsian,1999-2020,21.2,WTMEC.COMBN,age+gender,employ_status,prevent_chd_30yr_hba1c,2010,3587784.71201547,66,gaussian (identity),Part-time employed,-0.00291226791165519,0.00238798054988308,0.227329067599739,-0.00759270978942603,0.00176817396611564,0.585983340361477,0.626497978130187,189,342329.631672943
racethn_combn,NHAsian,1999-2020,21.2,WTMEC.COMBN,age+gender,employ_status,prevent_chd_30yr_hba1c,2010,3587784.71201547,66,gaussian (identity),Student,-0.00286491024327585,0.0076195271459047,0.708224523705324,-0.0177991834492491,0.0120693629626974,0.585983340361477,0.626497978130187,18,31387.5494484717
racethn_combn,NHAsian,1999-2020,21.2,WTMEC.COMBN,age+gender,employ_status,prevent_chd_30yr_hba1c,2010,3587784.71201547,66,gaussian (identity),Unemployed,-0.000256065396193658,0.00236538414264664,0.914148473582356,-0.00489221831578107,0.00438008752339376,0.585983340361477,0.626497978130187,656,1168715.9467646
racethn_combn,Other/Multi-Racial,1999-2020,21.2,WTMEC.COMBN,age+gender,employ_status,prevent_chd_30yr_hba1c,567,2270467.9633047,62,gaussian (identity),Full-time employed (Intercept),-0.0428931519254228,0.00978058311522306,5.04498584566096e-05,-0.06206309483126,-0.0237232090195856,1.64468069172109,0.189195031307744,266,1170880.81103051
racethn_combn,Other/Multi-Racial,1999-2020,21.2,WTMEC.COMBN,age+gender,employ_status,prevent_chd_30yr_hba1c,567,2270467.9633047,62,gaussian (identity),Part-time employed,-0.00528293193205838,0.00898300998404169,0.55878642945244,-0.0228896315007801,0.0123237676366633,1.64468069172109,0.189195031307744,65,243820.89357751
racethn_combn,Other/Multi-Racial,1999-2020,21.2,WTMEC.COMBN,age+gender,employ_status,prevent_chd_30yr_hba1c,567,2270467.9633047,62,gaussian (identity),Student,0.0419888090064794,0.0213805165866405,0.0544275423144823,8.29964966639618e-05,0.0838946215162949,1.64468069172109,0.189195031307744,3,8867.34842875472
racethn_combn,Other/Multi-Racial,1999-2020,21.2,WTMEC.COMBN,age+gender,employ_status,prevent_chd_30yr_hba1c,567,2270467.9633047,62,gaussian (identity),Unemployed,0.00646312508618038,0.00741638264468132,0.387155644876089,-0.00807298489739501,0.0209992350697558,1.64468069172109,0.189195031307744,233,846898.910267925
racethn_combn,NHW,1999-2020,21.2,WTMEC.COMBN,age+gender,employ_status,prevent_chd_30yr_uacr,15669,103653535.825074,162,gaussian (identity),Full-time employed (Intercept),-0.059660504943234,0.0014372081158378,1.49683066457286e-86,-0.0624774328502761,-0.0568435770361919,13.7263308796974,5.36945130918469e-08,7311,57670689.7882244
racethn_combn,NHW,1999-2020,21.2,WTMEC.COMBN,age+gender,employ_status,prevent_chd_30yr_uacr,15669,103653535.825074,162,gaussian (identity),Part-time employed,-3.87912105053658e-05,0.00139632291563005,0.977872122173401,-0.00277558412514026,0.00269800170412953,13.7263308796974,5.36945130918469e-08,1567,10133974.7312672
racethn_combn,NHW,1999-2020,21.2,WTMEC.COMBN,age+gender,employ_status,prevent_chd_30yr_uacr,15669,103653535.825074,162,gaussian (identity),Student,0.00438226633135094,0.00524766326562503,0.404936526765704,-0.00590315366927411,0.014667686331976,13.7263308796974,5.36945130918469e-08,54,257311.534320359
racethn_combn,NHW,1999-2020,21.2,WTMEC.COMBN,age+gender,employ_status,prevent_chd_30yr_uacr,15669,103653535.825074,162,gaussian (identity),Unemployed,0.00608129555416085,0.00107423900524197,6.97512642184056e-08,0.00397578710388658,0.00818680400443511,13.7263308796974,5.36945130918469e-08,6737,35591559.7712624
racethn_combn,NHB,1999-2020,21.2,WTMEC.COMBN,age+gender,employ_status,prevent_chd_30yr_uacr,7606,14823138.522578,148,gaussian (identity),Full-time employed (Intercept),-0.0584724973030203,0.00231295115290701,1.27313567202381e-54,-0.0630058815627181,-0.0539391130433226,11.6630451932382,6.97913719653383e-07,3726,8148570.69948977
racethn_combn,NHB,1999-2020,21.2,WTMEC.COMBN,age+gender,employ_status,prevent_chd_30yr_uacr,7606,14823138.522578,148,gaussian (identity),Part-time employed,0.00220252041272951,0.00281644496323823,0.435494907206538,-0.00331771171521742,0.00772275254067645,11.6630451932382,6.97913719653383e-07,544,1051157.86666338
racethn_combn,NHB,1999-2020,21.2,WTMEC.COMBN,age+gender,employ_status,prevent_chd_30yr_uacr,7606,14823138.522578,148,gaussian (identity),Student,-0.00549842468825032,0.00676641877258959,0.417795416572873,-0.0187606054825259,0.00776375610602527,11.6630451932382,6.97913719653383e-07,46,109513.252616623
racethn_combn,NHB,1999-2020,21.2,WTMEC.COMBN,age+gender,employ_status,prevent_chd_30yr_uacr,7606,14823138.522578,148,gaussian (identity),Unemployed,0.00958060462055474,0.00170029108196116,9.01613068320891e-08,0.00624803409991086,0.0129131751411986,11.6630451932382,6.97913719653383e-07,3290,5513896.70380819
racethn_combn,Mexican-American,1999-2020,21.2,WTMEC.COMBN,age+gender,employ_status,prevent_chd_30yr_uacr,6200,10639362.7916884,134,gaussian (identity),Full-time employed (Intercept),-0.08191138119003,0.00315369474631382,4.37496880153101e-53,-0.0880926228928051,-0.0757301394872549,2.89834231908299,0.0376251896403089,3158,6467147.79023119
racethn_combn,Mexican-American,1999-2020,21.2,WTMEC.COMBN,age+gender,employ_status,prevent_chd_30yr_uacr,6200,10639362.7916884,134,gaussian (identity),Part-time employed,0.000111739741614457,0.0032347202781913,0.972496858014177,-0.0062283120036405,0.00645179148686941,2.89834231908299,0.0376251896403089,446,797644.241852189
racethn_combn,Mexican-American,1999-2020,21.2,WTMEC.COMBN,age+gender,employ_status,prevent_chd_30yr_uacr,6200,10639362.7916884,134,gaussian (identity),Student,0.0210842038532815,0.02046019415112,0.304704174607703,-0.0190177766829138,0.0611861843894767,2.89834231908299,0.0376251896403089,17,35592.8770029811
racethn_combn,Mexican-American,1999-2020,21.2,WTMEC.COMBN,age+gender,employ_status,prevent_chd_30yr_uacr,6200,10639362.7916884,134,gaussian (identity),Unemployed,0.00421129994833983,0.00153772450304284,0.00704196025716783,0.00119735992237586,0.00722523997430381,2.89834231908299,0.0376251896403089,2579,3338977.88260204
racethn_combn,Other Hispanic,1999-2020,21.2,WTMEC.COMBN,age+gender,employ_status,prevent_chd_30yr_uacr,3185,7991584.34418702,130,gaussian (identity),Full-time employed (Intercept),-0.0762945876431494,0.00319262830518597,1.9313001516893e-48,-0.0825521391213139,-0.0700370361649849,3.66242119471715,0.0142762472654082,1560,4604495.26850325
racethn_combn,Other Hispanic,1999-2020,21.2,WTMEC.COMBN,age+gender,employ_status,prevent_chd_30yr_uacr,3185,7991584.34418702,130,gaussian (identity),Part-time employed,0.0011554677833931,0.0036535405960253,0.752332869285191,-0.00600547178481649,0.00831640735160269,3.66242119471715,0.0142762472654082,271,643889.562633094
racethn_combn,Other Hispanic,1999-2020,21.2,WTMEC.COMBN,age+gender,employ_status,prevent_chd_30yr_uacr,3185,7991584.34418702,130,gaussian (identity),Student,-0.0105135838616881,0.00836664819657205,0.211239402581125,-0.0269122143269693,0.00588504660359311,3.66242119471715,0.0142762472654082,11,35742.8507209245
racethn_combn,Other Hispanic,1999-2020,21.2,WTMEC.COMBN,age+gender,employ_status,prevent_chd_30yr_uacr,3185,7991584.34418702,130,gaussian (identity),Unemployed,0.00772831159631111,0.00305800073410011,0.0127434873759345,0.00173463015747489,0.0137219930351473,3.66242119471715,0.0142762472654082,1343,2707456.66232975
racethn_combn,Other/Multi-Racial/NHAsian,1999-2020,21.2,WTMEC.COMBN,age+gender,employ_status,prevent_chd_30yr_uacr,765,3972571.98691481,72,gaussian (identity),Full-time employed (Intercept),-0.0790268599784808,0.00745358496671354,5.68161533660442e-16,-0.0936358865132393,-0.0644178334437222,8.28863727055259,9.1185385452555e-05,401,2416982.57650198
racethn_combn,Other/Multi-Racial/NHAsian,1999-2020,21.2,WTMEC.COMBN,age+gender,employ_status,prevent_chd_30yr_uacr,765,3972571.98691481,72,gaussian (identity),Part-time employed,-0.0137718348362853,0.0048118727338396,0.00561117221096058,-0.0232031053946109,-0.00434056427795973,8.28863727055259,9.1185385452555e-05,59,289899.758545377
racethn_combn,Other/Multi-Racial/NHAsian,1999-2020,21.2,WTMEC.COMBN,age+gender,employ_status,prevent_chd_30yr_uacr,765,3972571.98691481,72,gaussian (identity),Student,-0.024213273095968,0.00592858971556441,0.000120415669697763,-0.0358333089384742,-0.0125932372534617,8.28863727055259,9.1185385452555e-05,7,18029.0025528302
racethn_combn,Other/Multi-Racial/NHAsian,1999-2020,21.2,WTMEC.COMBN,age+gender,employ_status,prevent_chd_30yr_uacr,765,3972571.98691481,72,gaussian (identity),Unemployed,0.00597270688717016,0.00518507256631856,0.253454234093775,-0.00419003534281421,0.0161354491171545,8.28863727055259,9.1185385452555e-05,298,1247660.64931462
racethn_combn,NHAsian,1999-2020,21.2,WTMEC.COMBN,age+gender,employ_status,prevent_chd_30yr_uacr,2002,3573589.03696523,66,gaussian (identity),Full-time employed (Intercept),-0.0769853009433915,0.0037073776463791,2.38457778619331e-29,-0.0842517611302945,-0.0697188407564885,0.366236370029762,0.777609183316166,1142,2034968.45811515
racethn_combn,NHAsian,1999-2020,21.2,WTMEC.COMBN,age+gender,employ_status,prevent_chd_30yr_uacr,2002,3573589.03696523,66,gaussian (identity),Part-time employed,-0.00175554258623607,0.00240528961975211,0.46826486176889,-0.00646991024095021,0.00295882506847807,0.366236370029762,0.777609183316166,189,342329.631672943
racethn_combn,NHAsian,1999-2020,21.2,WTMEC.COMBN,age+gender,employ_status,prevent_chd_30yr_uacr,2002,3573589.03696523,66,gaussian (identity),Student,-0.000876937887161344,0.00754866125680294,0.907898385129041,-0.0156723139504951,0.0139184381761724,0.366236370029762,0.777609183316166,18,31387.5494484717
racethn_combn,NHAsian,1999-2020,21.2,WTMEC.COMBN,age+gender,employ_status,prevent_chd_30yr_uacr,2002,3573589.03696523,66,gaussian (identity),Unemployed,0.00139592542115668,0.00248198735093961,0.575889336212198,-0.00346876978668496,0.00626062062899832,0.366236370029762,0.777609183316166,653,1164903.39772866
racethn_combn,Other/Multi-Racial,1999-2020,21.2,WTMEC.COMBN,age+gender,employ_status,prevent_chd_30yr_uacr,562,2259923.37838738,62,gaussian (identity),Full-time employed (Intercept),-0.0538626590835476,0.00971517748474352,7.91969690338993e-07,-0.0729044069536449,-0.0348209112134503,1.86818247012986,0.145241182621667,263,1165739.776853
racethn_combn,Other/Multi-Racial,1999-2020,21.2,WTMEC.COMBN,age+gender,employ_status,prevent_chd_30yr_uacr,562,2259923.37838738,62,gaussian (identity),Part-time employed,-0.00351555217102493,0.0091109227450605,0.701035864637765,-0.0213729607513435,0.0143418564092936,1.86818247012986,0.145241182621667,65,243820.89357751
racethn_combn,Other/Multi-Racial,1999-2020,21.2,WTMEC.COMBN,age+gender,employ_status,prevent_chd_30yr_uacr,562,2259923.37838738,62,gaussian (identity),Student,0.0527417616979163,0.0263683263987016,0.050251822947405,0.00105984195646106,0.104423681439371,1.86818247012986,0.145241182621667,3,8867.34842875472
racethn_combn,Other/Multi-Racial,1999-2020,21.2,WTMEC.COMBN,age+gender,employ_status,prevent_chd_30yr_uacr,562,2259923.37838738,62,gaussian (identity),Unemployed,0.0103374826816831,0.00742784401695342,0.169414428193854,-0.00422109159154561,0.0248960569549118,1.86818247012986,0.145241182621667,231,841495.359528113
racethn_combn,NHW,1999-2020,21.2,WTMEC.COMBN,age+gender,employ_status,prevent_chd_30yr_full,15654,103555304.211174,162,gaussian (identity),Full-time employed (Intercept),-0.0508152782016785,0.00125998580211483,9.46228030387713e-85,-0.0532848503738235,-0.0483457060295334,11.2176170174166,1.03895350755719e-06,7303,57607328.9932564
racethn_combn,NHW,1999-2020,21.2,WTMEC.COMBN,age+gender,employ_status,prevent_chd_30yr_full,15654,103555304.211174,162,gaussian (identity),Part-time employed,-0.00149246528988645,0.00124898135872593,0.233910104407954,-0.00394046875298928,0.000955538173216384,11.2176170174166,1.03895350755719e-06,1567,10133974.7312672
racethn_combn,NHW,1999-2020,21.2,WTMEC.COMBN,age+gender,employ_status,prevent_chd_30yr_full,15654,103555304.211174,162,gaussian (identity),Student,0.00324819781577291,0.00539761881746146,0.548186296267061,-0.00733113506645154,0.0138275306979974,11.2176170174166,1.03895350755719e-06,54,257311.534320359
racethn_combn,NHW,1999-2020,21.2,WTMEC.COMBN,age+gender,employ_status,prevent_chd_30yr_full,15654,103555304.211174,162,gaussian (identity),Unemployed,0.00420396245722387,0.000966491203200381,2.44381668722889e-05,0.00230963969895113,0.00609828521549662,11.2176170174166,1.03895350755719e-06,6730,35556688.9523302
racethn_combn,NHB,1999-2020,21.2,WTMEC.COMBN,age+gender,employ_status,prevent_chd_30yr_full,7583,14778817.5072541,148,gaussian (identity),Full-time employed (Intercept),-0.051123396245881,0.00225803502092718,3.91727870570056e-49,-0.0555491448868983,-0.0466976476048638,8.66435641498063,2.54041577436599e-05,3715,8123952.66013793
racethn_combn,NHB,1999-2020,21.2,WTMEC.COMBN,age+gender,employ_status,prevent_chd_30yr_full,7583,14778817.5072541,148,gaussian (identity),Part-time employed,0.000905226008127103,0.00266904152274982,0.734988473875875,-0.00432609537646254,0.00613654739271675,8.66435641498063,2.54041577436599e-05,540,1040433.91397734
racethn_combn,NHB,1999-2020,21.2,WTMEC.COMBN,age+gender,employ_status,prevent_chd_30yr_full,7583,14778817.5072541,148,gaussian (identity),Student,-0.00740732573886156,0.00590149147291141,0.2114673790474,-0.0189742490257679,0.0041595975480448,8.66435641498063,2.54041577436599e-05,46,109513.252616623
racethn_combn,NHB,1999-2020,21.2,WTMEC.COMBN,age+gender,employ_status,prevent_chd_30yr_full,7583,14778817.5072541,148,gaussian (identity),Unemployed,0.0076289531968819,0.00162691356194697,6.33854858902452e-06,0.00444020261546584,0.010817703778298,8.66435641498063,2.54041577436599e-05,3282,5504917.68052219
racethn_combn,Mexican-American,1999-2020,21.2,WTMEC.COMBN,age+gender,employ_status,prevent_chd_30yr_full,6195,10628782.7768089,134,gaussian (identity),Full-time employed (Intercept),-0.0729856045989657,0.00310901330269229,2.103074857465e-48,-0.0790792706722426,-0.0668919385256888,2.44195555459679,0.0671835503743421,3155,6461101.1002976
racethn_combn,Mexican-American,1999-2020,21.2,WTMEC.COMBN,age+gender,employ_status,prevent_chd_30yr_full,6195,10628782.7768089,134,gaussian (identity),Part-time employed,-2.79866607029794e-05,0.00336684211661879,0.99338055306116,-0.0066269972092758,0.00657102388786984,2.44195555459679,0.0671835503743421,445,793912.728219359
racethn_combn,Mexican-American,1999-2020,21.2,WTMEC.COMBN,age+gender,employ_status,prevent_chd_30yr_full,6195,10628782.7768089,134,gaussian (identity),Student,0.0146572923541106,0.0151069815028291,0.333746004311936,-0.0149523913914345,0.0442669760996557,2.44195555459679,0.0671835503743421,17,35592.8770029811
racethn_combn,Mexican-American,1999-2020,21.2,WTMEC.COMBN,age+gender,employ_status,prevent_chd_30yr_full,6195,10628782.7768089,134,gaussian (identity),Unemployed,0.00380224840825029,0.00152211815174282,0.0137474318613109,0.000818896830834357,0.00678559998566622,2.44195555459679,0.0671835503743421,2578,3338176.07128892
racethn_combn,Other Hispanic,1999-2020,21.2,WTMEC.COMBN,age+gender,employ_status,prevent_chd_30yr_full,3179,7972449.92786919,130,gaussian (identity),Full-time employed (Intercept),-0.0679782375532171,0.00284865278571531,2.23362746598019e-48,-0.0735615970132191,-0.062394878093215,4.30235616630003,0.00632865886291356,1556,4588976.89807334
racethn_combn,Other Hispanic,1999-2020,21.2,WTMEC.COMBN,age+gender,employ_status,prevent_chd_30yr_full,3179,7972449.92786919,130,gaussian (identity),Part-time employed,0.00176136823815661,0.00386595399221026,0.649460741976926,-0.00581590158657549,0.00933863806288871,4.30235616630003,0.00632865886291356,271,643889.562633094
racethn_combn,Other Hispanic,1999-2020,21.2,WTMEC.COMBN,age+gender,employ_status,prevent_chd_30yr_full,3179,7972449.92786919,130,gaussian (identity),Student,-0.0117852714314127,0.0070412112853117,0.0966791020564886,-0.0255860455506236,0.00201550268779823,4.30235616630003,0.00632865886291356,11,35742.8507209245
racethn_combn,Other Hispanic,1999-2020,21.2,WTMEC.COMBN,age+gender,employ_status,prevent_chd_30yr_full,3179,7972449.92786919,130,gaussian (identity),Unemployed,0.00734553609836593,0.00300510273394323,0.0159058066476423,0.0014555347398372,0.0132355374568947,4.30235616630003,0.00632865886291356,1341,2703840.61644183
racethn_combn,Other/Multi-Racial/NHAsian,1999-2020,21.2,WTMEC.COMBN,age+gender,employ_status,prevent_chd_30yr_full,762,3957685.58718811,72,gaussian (identity),Full-time employed (Intercept),-0.0719191470463542,0.0073428547914796,1.47702721797378e-14,-0.0863111424376542,-0.0575271516550542,9.33293324082851,3.08182544851585e-05,400,2410282.87553019
racethn_combn,Other/Multi-Racial/NHAsian,1999-2020,21.2,WTMEC.COMBN,age+gender,employ_status,prevent_chd_30yr_full,762,3957685.58718811,72,gaussian (identity),Part-time employed,-0.0137576433304405,0.00413551400505469,0.00142944306634474,-0.0218632507803477,-0.00565203588053334,9.33293324082851,3.08182544851585e-05,59,289899.758545377
racethn_combn,Other/Multi-Racial/NHAsian,1999-2020,21.2,WTMEC.COMBN,age+gender,employ_status,prevent_chd_30yr_full,762,3957685.58718811,72,gaussian (identity),Student,-0.0219428782114961,0.00503662474030359,4.63943593805321e-05,-0.0318146627024912,-0.0120710937205011,9.33293324082851,3.08182544851585e-05,7,18029.0025528302
racethn_combn,Other/Multi-Racial/NHAsian,1999-2020,21.2,WTMEC.COMBN,age+gender,employ_status,prevent_chd_30yr_full,762,3957685.58718811,72,gaussian (identity),Unemployed,0.00670017771921336,0.00481550447113531,0.16871424944318,-0.00273821104421185,0.0161385664826386,9.33293324082851,3.08182544851585e-05,296,1239473.95055972
racethn_combn,NHAsian,1999-2020,21.2,WTMEC.COMBN,age+gender,employ_status,prevent_chd_30yr_full,2001,3572410.04707155,66,gaussian (identity),Full-time employed (Intercept),-0.0672360651537206,0.00337584724698009,2.20271163043366e-28,-0.0738527257578016,-0.0606194045496396,0.943303748339881,0.425369184800243,1142,2034968.45811515
racethn_combn,NHAsian,1999-2020,21.2,WTMEC.COMBN,age+gender,employ_status,prevent_chd_30yr_full,2001,3572410.04707155,66,gaussian (identity),Part-time employed,-0.0032140570707915,0.00222983216079044,0.154588753528459,-0.00758452810594076,0.00115641396435775,0.943303748339881,0.425369184800243,189,342329.631672943
racethn_combn,NHAsian,1999-2020,21.2,WTMEC.COMBN,age+gender,employ_status,prevent_chd_30yr_full,2001,3572410.04707155,66,gaussian (identity),Student,-0.00341180770793266,0.0065606146186761,0.604915237907752,-0.0162706123605378,0.00944699694467251,0.943303748339881,0.425369184800243,18,31387.5494484717
racethn_combn,NHAsian,1999-2020,21.2,WTMEC.COMBN,age+gender,employ_status,prevent_chd_30yr_full,2001,3572410.04707155,66,gaussian (identity),Unemployed,0.000603168879809635,0.00236617737369464,0.799647929898595,-0.00403453877263186,0.00524087653225113,0.943303748339881,0.425369184800243,652,1163724.40783498
racethn_combn,Other/Multi-Racial,1999-2020,21.2,WTMEC.COMBN,age+gender,employ_status,prevent_chd_30yr_full,562,2259923.37838738,62,gaussian (identity),Full-time employed (Intercept),-0.0481155037564163,0.00966737421591841,6.29670854632041e-06,-0.0670635572196164,-0.0291674502932162,1.54634184277998,0.21242522370262,263,1165739.776853
racethn_combn,Other/Multi-Racial,1999-2020,21.2,WTMEC.COMBN,age+gender,employ_status,prevent_chd_30yr_full,562,2259923.37838738,62,gaussian (identity),Part-time employed,-0.00303955702165299,0.00944842429451517,0.748856854446032,-0.0215584686389027,0.0154793545955967,1.54634184277998,0.21242522370262,65,243820.89357751
racethn_combn,Other/Multi-Racial,1999-2020,21.2,WTMEC.COMBN,age+gender,employ_status,prevent_chd_30yr_full,562,2259923.37838738,62,gaussian (identity),Student,0.0403808357329046,0.0203211264870035,0.0517205905459859,0.000551427818377838,0.0802102436474314,1.54634184277998,0.21242522370262,3,8867.34842875472
racethn_combn,Other/Multi-Racial,1999-2020,21.2,WTMEC.COMBN,age+gender,employ_status,prevent_chd_30yr_full,562,2259923.37838738,62,gaussian (identity),Unemployed,0.00680499698882709,0.00745875674039728,0.365427218032062,-0.00781416622235158,0.0214241602000058,1.54634184277998,0.21242522370262,231,841495.359528113
racethn_combn,NHW,1999-2020,21.2,WTMEC.COMBN,age+gender,employ_status,prevent_stroke_10yr_base,15804,104294356.645491,162,gaussian (identity),Full-time employed (Intercept),-0.0474293977768709,0.000542459930538283,4.45621919882411e-135,-0.0484926192407259,-0.0463661763130158,130.335720078266,2.05660592818681e-42,7340,57861598.7746399
racethn_combn,NHW,1999-2020,21.2,WTMEC.COMBN,age+gender,employ_status,prevent_stroke_10yr_base,15804,104294356.645491,162,gaussian (identity),Part-time employed,0.00136133079553754,0.000521498589059221,0.00991877877127209,0.000339193560981472,0.00238346803009362,130.335720078266,2.05660592818681e-42,1574,10160076.1206335
racethn_combn,NHW,1999-2020,21.2,WTMEC.COMBN,age+gender,employ_status,prevent_stroke_10yr_base,15804,104294356.645491,162,gaussian (identity),Student,0.00317304679626821,0.00146244246981278,0.031534141806285,0.000306659555435172,0.00603943403710126,130.335720078266,2.05660592818681e-42,54,257311.534320359
racethn_combn,NHW,1999-2020,21.2,WTMEC.COMBN,age+gender,employ_status,prevent_stroke_10yr_base,15804,104294356.645491,162,gaussian (identity),Unemployed,0.00641541831037439,0.00035098251186432,1.01582429144943e-40,0.00572749258712032,0.00710334403362846,130.335720078266,2.05660592818681e-42,6836,36015370.2158972
racethn_combn,NHB,1999-2020,21.2,WTMEC.COMBN,age+gender,employ_status,prevent_stroke_10yr_base,7705,14990590.6849992,148,gaussian (identity),Full-time employed (Intercept),-0.0480173669186111,0.00106354798525722,1.68050429325822e-86,-0.0501019209697153,-0.045932812867507,40.5692147609604,4.9585167176146e-19,3746,8191034.4883923
racethn_combn,NHB,1999-2020,21.2,WTMEC.COMBN,age+gender,employ_status,prevent_stroke_10yr_base,7705,14990590.6849992,148,gaussian (identity),Part-time employed,0.00371890372315397,0.00120228453334061,0.0023818129354922,0.00136242603780638,0.00607538140850157,40.5692147609604,4.9585167176146e-19,552,1066402.48631594
racethn_combn,NHB,1999-2020,21.2,WTMEC.COMBN,age+gender,employ_status,prevent_stroke_10yr_base,7705,14990590.6849992,148,gaussian (identity),Student,0.00279441879492756,0.00307652076693787,0.365245380265442,-0.00323556190827068,0.00882439949812579,40.5692147609604,4.9585167176146e-19,46,109513.252616623
racethn_combn,NHB,1999-2020,21.2,WTMEC.COMBN,age+gender,employ_status,prevent_stroke_10yr_base,7705,14990590.6849992,148,gaussian (identity),Unemployed,0.00815773159133358,0.000751049913399576,2.04973294325342e-20,0.00668567376107041,0.00962978942159675,40.5692147609604,4.9585167176146e-19,3361,5623640.45767434
racethn_combn,Mexican-American,1999-2020,21.2,WTMEC.COMBN,age+gender,employ_status,prevent_stroke_10yr_base,6231,10680212.6820149,134,gaussian (identity),Full-time employed (Intercept),-0.0503976562207891,0.00106871452059492,3.33860975675421e-83,-0.0524923366811552,-0.0483029757604231,33.9030050834832,3.17257651936865e-16,3166,6481726.90394723
racethn_combn,Mexican-American,1999-2020,21.2,WTMEC.COMBN,age+gender,employ_status,prevent_stroke_10yr_base,6231,10680212.6820149,134,gaussian (identity),Part-time employed,0.000854785506989911,0.00136956489968559,0.533644898116825,-0.00182956169639385,0.00353913271037367,33.9030050834832,3.17257651936865e-16,448,802970.447069453
racethn_combn,Mexican-American,1999-2020,21.2,WTMEC.COMBN,age+gender,employ_status,prevent_stroke_10yr_base,6231,10680212.6820149,134,gaussian (identity),Student,0.00562660937013557,0.00468833744755669,0.232288634831688,-0.00356253202707553,0.0148157507673467,33.9030050834832,3.17257651936865e-16,17,35592.8770029811
racethn_combn,Mexican-American,1999-2020,21.2,WTMEC.COMBN,age+gender,employ_status,prevent_stroke_10yr_base,6231,10680212.6820149,134,gaussian (identity),Unemployed,0.00589978748635057,0.000593344696476693,1.21695040748653e-17,0.00473683188125625,0.00706274309144489,33.9030050834832,3.17257651936865e-16,2600,3359922.45399525
racethn_combn,Other Hispanic,1999-2020,21.2,WTMEC.COMBN,age+gender,employ_status,prevent_stroke_10yr_base,3200,8021369.28767066,130,gaussian (identity),Full-time employed (Intercept),-0.0501335301684074,0.00127393228111073,2.79523426140394e-72,-0.0526304374393844,-0.0476366228974303,20.8526239376025,5.09518721071236e-11,1563,4615443.63379145
racethn_combn,Other Hispanic,1999-2020,21.2,WTMEC.COMBN,age+gender,employ_status,prevent_stroke_10yr_base,3200,8021369.28767066,130,gaussian (identity),Part-time employed,0.00155322626059701,0.00126550931656077,0.221996511563462,-0.00092717199986211,0.00403362452105613,20.8526239376025,5.09518721071236e-11,271,643889.562633094
racethn_combn,Other Hispanic,1999-2020,21.2,WTMEC.COMBN,age+gender,employ_status,prevent_stroke_10yr_base,3200,8021369.28767066,130,gaussian (identity),Student,-0.00164738623544418,0.00281948649723121,0.560080978328021,-0.00717357977001736,0.003878807299129,20.8526239376025,5.09518721071236e-11,11,35742.8507209245
racethn_combn,Other Hispanic,1999-2020,21.2,WTMEC.COMBN,age+gender,employ_status,prevent_stroke_10yr_base,3200,8021369.28767066,130,gaussian (identity),Unemployed,0.0065401742649097,0.000836792071275632,1.93862363493108e-12,0.00490006180520946,0.00818028672460994,20.8526239376025,5.09518721071236e-11,1355,2726293.24052519
racethn_combn,Other/Multi-Racial/NHAsian,1999-2020,21.2,WTMEC.COMBN,age+gender,employ_status,prevent_stroke_10yr_base,772,4008693.09402991,73,gaussian (identity),Full-time employed (Intercept),-0.049932565081208,0.00292793825745994,2.93244465999291e-26,-0.0556713240658295,-0.0441938060965866,5.03386835034288,0.00328771432721194,403,2434673.05067255
racethn_combn,Other/Multi-Racial/NHAsian,1999-2020,21.2,WTMEC.COMBN,age+gender,employ_status,prevent_stroke_10yr_base,772,4008693.09402991,73,gaussian (identity),Part-time employed,-0.00405383859492558,0.00245624048082082,0.103468030247938,-0.00886806993733439,0.000760392747483234,5.03386835034288,0.00328771432721194,59,289899.758545377
racethn_combn,Other/Multi-Racial/NHAsian,1999-2020,21.2,WTMEC.COMBN,age+gender,employ_status,prevent_stroke_10yr_base,772,4008693.09402991,73,gaussian (identity),Student,-0.00336196501424857,0.00198434606240585,0.0947948776568086,-0.00725128329656403,0.000527353268066899,5.03386835034288,0.00328771432721194,7,18029.0025528302
racethn_combn,Other/Multi-Racial/NHAsian,1999-2020,21.2,WTMEC.COMBN,age+gender,employ_status,prevent_stroke_10yr_base,772,4008693.09402991,73,gaussian (identity),Unemployed,0.00448006026602473,0.00171563768996133,0.0110884950506896,0.00111741039370052,0.00784271013834893,5.03386835034288,0.00328771432721194,303,1266091.28225915
racethn_combn,NHAsian,1999-2020,21.2,WTMEC.COMBN,age+gender,employ_status,prevent_stroke_10yr_base,2011,3588963.70190915,66,gaussian (identity),Full-time employed (Intercept),-0.0518788352976066,0.00151220344360116,1.39049436404478e-41,-0.0548427540470649,-0.0489149165481483,13.0629140322703,1.08144847480238e-06,1147,2045351.58412945
racethn_combn,NHAsian,1999-2020,21.2,WTMEC.COMBN,age+gender,employ_status,prevent_stroke_10yr_base,2011,3588963.70190915,66,gaussian (identity),Part-time employed,0.000586981108739869,0.00107566775389396,0.587269139779485,-0.00152132768889228,0.00269528990637202,13.0629140322703,1.08144847480238e-06,189,342329.631672943
racethn_combn,NHAsian,1999-2020,21.2,WTMEC.COMBN,age+gender,employ_status,prevent_stroke_10yr_base,2011,3588963.70190915,66,gaussian (identity),Student,0.00128453453069856,0.00239674425432175,0.593942239901671,-0.00341308420777207,0.00598215326916918,13.0629140322703,1.08144847480238e-06,18,31387.5494484717
racethn_combn,NHAsian,1999-2020,21.2,WTMEC.COMBN,age+gender,employ_status,prevent_stroke_10yr_base,2011,3588963.70190915,66,gaussian (identity),Unemployed,0.00563289927061805,0.000932748985333664,1.0048561258029e-07,0.00380471125936407,0.00746108728187203,13.0629140322703,1.08144847480238e-06,657,1169894.93665828
racethn_combn,Other/Multi-Racial,1999-2020,21.2,WTMEC.COMBN,age+gender,employ_status,prevent_stroke_10yr_base,567,2270467.9633047,62,gaussian (identity),Full-time employed (Intercept),-0.0443817392685404,0.00338090562378548,7.10295193510578e-19,-0.05100831429116,-0.0377551642459209,3.77632450696176,0.0153013899903261,266,1170880.81103051
racethn_combn,Other/Multi-Racial,1999-2020,21.2,WTMEC.COMBN,age+gender,employ_status,prevent_stroke_10yr_base,567,2270467.9633047,62,gaussian (identity),Part-time employed,-0.0019272655009494,0.00272493987082394,0.482281056707089,-0.00726814764776432,0.00341361664586553,3.77632450696176,0.0153013899903261,65,243820.89357751
racethn_combn,Other/Multi-Racial,1999-2020,21.2,WTMEC.COMBN,age+gender,employ_status,prevent_stroke_10yr_base,567,2270467.9633047,62,gaussian (identity),Student,0.022979183247754,0.0128405124362316,0.0788334556303713,-0.00218822112726001,0.0481465876227679,3.77632450696176,0.0153013899903261,3,8867.34842875472
racethn_combn,Other/Multi-Racial,1999-2020,21.2,WTMEC.COMBN,age+gender,employ_status,prevent_stroke_10yr_base,567,2270467.9633047,62,gaussian (identity),Unemployed,0.00677934551333707,0.00269654329176345,0.0147822755056167,0.00149412066148072,0.0120645703651934,3.77632450696176,0.0153013899903261,233,846898.910267925
racethn_combn,NHW,1999-2020,21.2,WTMEC.COMBN,age+gender,employ_status,prevent_stroke_10yr_hba1c,15788,104192519.360674,162,gaussian (identity),Full-time employed (Intercept),-0.0487397188151484,0.00051345579355103,1.40467727797609e-140,-0.0497460921705085,-0.0477333454597884,142.055049321432,1.57883570446433e-44,7332,57798237.9796719
racethn_combn,NHW,1999-2020,21.2,WTMEC.COMBN,age+gender,employ_status,prevent_stroke_10yr_hba1c,15788,104192519.360674,162,gaussian (identity),Part-time employed,0.00128062459971565,0.000458853867590146,0.00590816610574113,0.000381271019238968,0.00217997818019234,142.055049321432,1.57883570446433e-44,1574,10160076.1206335
racethn_combn,NHW,1999-2020,21.2,WTMEC.COMBN,age+gender,employ_status,prevent_stroke_10yr_hba1c,15788,104192519.360674,162,gaussian (identity),Student,0.00376916145889923,0.00148306023049829,0.0120078541368731,0.000862363407122577,0.00667595951067587,142.055049321432,1.57883570446433e-44,54,257311.534320359
racethn_combn,NHW,1999-2020,21.2,WTMEC.COMBN,age+gender,employ_status,prevent_stroke_10yr_hba1c,15788,104192519.360674,162,gaussian (identity),Unemployed,0.00615806924156465,0.000322905488894298,1.01466668845548e-42,0.00552517448333183,0.00679096399979747,142.055049321432,1.57883570446433e-44,6828,35976893.7260482
racethn_combn,NHB,1999-2020,21.2,WTMEC.COMBN,age+gender,employ_status,prevent_stroke_10yr_hba1c,7681,14945154.7945039,148,gaussian (identity),Full-time employed (Intercept),-0.0491317125483941,0.000961670530309206,9.84540665080326e-94,-0.0510165867878001,-0.047246838308988,41.6652986887742,2.06543119942554e-19,3735,8166416.44904045
racethn_combn,NHB,1999-2020,21.2,WTMEC.COMBN,age+gender,employ_status,prevent_stroke_10yr_hba1c,7681,14945154.7945039,148,gaussian (identity),Part-time employed,0.00329526160763414,0.00107807323352293,0.00267191172007697,0.0011822380699292,0.00540828514533907,41.6652986887742,2.06543119942554e-19,548,1055678.53362991
racethn_combn,NHB,1999-2020,21.2,WTMEC.COMBN,age+gender,employ_status,prevent_stroke_10yr_hba1c,7681,14945154.7945039,148,gaussian (identity),Student,0.00255052229096685,0.0026773126961763,0.34237862251381,-0.00269701059353869,0.00779805517547239,41.6652986887742,2.06543119942554e-19,46,109513.252616623
racethn_combn,NHB,1999-2020,21.2,WTMEC.COMBN,age+gender,employ_status,prevent_stroke_10yr_hba1c,7681,14945154.7945039,148,gaussian (identity),Unemployed,0.00731766085620414,0.000661150228621577,5.93866808001077e-21,0.00602180640810585,0.00861351530430243,41.6652986887742,2.06543119942554e-19,3352,5613546.55921693
racethn_combn,Mexican-American,1999-2020,21.2,WTMEC.COMBN,age+gender,employ_status,prevent_stroke_10yr_hba1c,6226,10669632.6671354,134,gaussian (identity),Full-time employed (Intercept),-0.0511868325315853,0.000986595935430771,2.75509034100347e-88,-0.0531205605650297,-0.049253104498141,34.1862890545268,2.50835964264774e-16,3163,6475680.21401364
racethn_combn,Mexican-American,1999-2020,21.2,WTMEC.COMBN,age+gender,employ_status,prevent_stroke_10yr_hba1c,6226,10669632.6671354,134,gaussian (identity),Part-time employed,0.00177260227460611,0.00169780859905224,0.298413387270622,-0.00155510257953628,0.00510030712874851,34.1862890545268,2.50835964264774e-16,447,799238.933436623
racethn_combn,Mexican-American,1999-2020,21.2,WTMEC.COMBN,age+gender,employ_status,prevent_stroke_10yr_hba1c,6226,10669632.6671354,134,gaussian (identity),Student,0.00467371385667605,0.00359627633740452,0.196056385821319,-0.0023749877646368,0.0117224154779889,34.1862890545268,2.50835964264774e-16,17,35592.8770029811
racethn_combn,Mexican-American,1999-2020,21.2,WTMEC.COMBN,age+gender,employ_status,prevent_stroke_10yr_hba1c,6226,10669632.6671354,134,gaussian (identity),Unemployed,0.00566763459890195,0.000567476399751279,9.46720788351473e-18,0.00455538085538945,0.00677988834241446,34.1862890545268,2.50835964264774e-16,2599,3359120.64268213
racethn_combn,Other Hispanic,1999-2020,21.2,WTMEC.COMBN,age+gender,employ_status,prevent_stroke_10yr_hba1c,3194,8002234.87135283,130,gaussian (identity),Full-time employed (Intercept),-0.051550519424879,0.00116011291012992,1.949247730805e-78,-0.0538243407287336,-0.0492766981210243,18.7976290867332,3.97916149494419e-10,1559,4599925.26336155
racethn_combn,Other Hispanic,1999-2020,21.2,WTMEC.COMBN,age+gender,employ_status,prevent_stroke_10yr_hba1c,3194,8002234.87135283,130,gaussian (identity),Part-time employed,0.00164472528172796,0.00123548865739921,0.185534656058207,-0.00077683248677449,0.0040662830502304,18.7976290867332,3.97916149494419e-10,271,643889.562633094
racethn_combn,Other Hispanic,1999-2020,21.2,WTMEC.COMBN,age+gender,employ_status,prevent_stroke_10yr_hba1c,3194,8002234.87135283,130,gaussian (identity),Student,-0.00163324859975581,0.00253362672929189,0.520349065221148,-0.0065991569891679,0.00333265978965629,18.7976290867332,3.97916149494419e-10,11,35742.8507209245
racethn_combn,Other Hispanic,1999-2020,21.2,WTMEC.COMBN,age+gender,employ_status,prevent_stroke_10yr_hba1c,3194,8002234.87135283,130,gaussian (identity),Unemployed,0.00615371336772963,0.000828080608941368,1.48111921161902e-11,0.00453067537420455,0.00777675136125472,18.7976290867332,3.97916149494419e-10,1353,2722677.19463726
racethn_combn,Other/Multi-Racial/NHAsian,1999-2020,21.2,WTMEC.COMBN,age+gender,employ_status,prevent_stroke_10yr_hba1c,769,3993806.69430321,73,gaussian (identity),Full-time employed (Intercept),-0.0513163564092702,0.00272625003968755,1.13489809144789e-28,-0.0566598064870578,-0.0459729063314826,5.64187337592906,0.00163594696080296,402,2427973.34970075
racethn_combn,Other/Multi-Racial/NHAsian,1999-2020,21.2,WTMEC.COMBN,age+gender,employ_status,prevent_stroke_10yr_hba1c,769,3993806.69430321,73,gaussian (identity),Part-time employed,-0.0040066924225474,0.0020417694849981,0.0538138292133551,-0.00800856061314367,-4.82423195111853e-06,5.64187337592906,0.00163594696080296,59,289899.758545377
racethn_combn,Other/Multi-Racial/NHAsian,1999-2020,21.2,WTMEC.COMBN,age+gender,employ_status,prevent_stroke_10yr_hba1c,769,3993806.69430321,73,gaussian (identity),Student,-0.00282369685274108,0.00202076916758133,0.16685487093064,-0.00678440442120048,0.00113701071571833,5.64187337592906,0.00163594696080296,7,18029.0025528302
racethn_combn,Other/Multi-Racial/NHAsian,1999-2020,21.2,WTMEC.COMBN,age+gender,employ_status,prevent_stroke_10yr_hba1c,769,3993806.69430321,73,gaussian (identity),Unemployed,0.0046306677207489,0.00150666960331,0.00304392795998636,0.00167759529826129,0.0075837401432365,5.64187337592906,0.00163594696080296,301,1257904.58350425
racethn_combn,NHAsian,1999-2020,21.2,WTMEC.COMBN,age+gender,employ_status,prevent_stroke_10yr_hba1c,2010,3587784.71201547,66,gaussian (identity),Full-time employed (Intercept),-0.053074525328993,0.00133908809607483,3.02516348852809e-45,-0.0556991379972997,-0.0504499126606864,13.0344596053113,1.10925142683074e-06,1147,2045351.58412945
racethn_combn,NHAsian,1999-2020,21.2,WTMEC.COMBN,age+gender,employ_status,prevent_stroke_10yr_hba1c,2010,3587784.71201547,66,gaussian (identity),Part-time employed,0.00065958742550059,0.000970813713069482,0.499443706372298,-0.0012432074521156,0.00256238230311677,13.0344596053113,1.10925142683074e-06,189,342329.631672943
racethn_combn,NHAsian,1999-2020,21.2,WTMEC.COMBN,age+gender,employ_status,prevent_stroke_10yr_hba1c,2010,3587784.71201547,66,gaussian (identity),Student,0.000632506342746482,0.00197591257783212,0.749980017650022,-0.00324028230980446,0.00450529499529743,13.0344596053113,1.10925142683074e-06,18,31387.5494484717
racethn_combn,NHAsian,1999-2020,21.2,WTMEC.COMBN,age+gender,employ_status,prevent_stroke_10yr_hba1c,2010,3587784.71201547,66,gaussian (identity),Unemployed,0.00540405872270645,0.000900126295505863,1.15234744282218e-07,0.00363981118351496,0.00716830626189795,13.0344596053113,1.10925142683074e-06,656,1168715.9467646
racethn_combn,Other/Multi-Racial,1999-2020,21.2,WTMEC.COMBN,age+gender,employ_status,prevent_stroke_10yr_hba1c,567,2270467.9633047,62,gaussian (identity),Full-time employed (Intercept),-0.0476398769942372,0.0037678377870576,3.52118316769897e-18,-0.0550248390568701,-0.0402549149316043,2.37035063601775,0.0799886271929149,266,1170880.81103051
racethn_combn,Other/Multi-Racial,1999-2020,21.2,WTMEC.COMBN,age+gender,employ_status,prevent_stroke_10yr_hba1c,567,2270467.9633047,62,gaussian (identity),Part-time employed,-0.000622399764662996,0.00300003414876197,0.836386762763952,-0.00650246669623646,0.00525766716691047,2.37035063601775,0.0799886271929149,65,243820.89357751
racethn_combn,Other/Multi-Racial,1999-2020,21.2,WTMEC.COMBN,age+gender,employ_status,prevent_stroke_10yr_hba1c,567,2270467.9633047,62,gaussian (identity),Student,0.0157734411897419,0.00969894232788185,0.109401309664469,-0.00323648577290656,0.0347833681523903,2.37035063601775,0.0799886271929149,3,8867.34842875472
racethn_combn,Other/Multi-Racial,1999-2020,21.2,WTMEC.COMBN,age+gender,employ_status,prevent_stroke_10yr_hba1c,567,2270467.9633047,62,gaussian (identity),Unemployed,0.00542915569309649,0.00274734760742619,0.0529853168640323,4.43543825411653e-05,0.0108139570036518,2.37035063601775,0.0799886271929149,233,846898.910267925
racethn_combn,NHW,1999-2020,21.2,WTMEC.COMBN,age+gender,employ_status,prevent_stroke_10yr_uacr,15669,103653535.825074,162,gaussian (identity),Full-time employed (Intercept),-0.0460774360509246,0.000590730953224718,1.81477036029114e-127,-0.047235268719245,-0.0449196033826041,118.366030718178,4.1452991242044e-40,7311,57670689.7882244
racethn_combn,NHW,1999-2020,21.2,WTMEC.COMBN,age+gender,employ_status,prevent_stroke_10yr_uacr,15669,103653535.825074,162,gaussian (identity),Part-time employed,0.000895557698431359,0.000508174211084315,0.0799638842347768,-0.000100463755293899,0.00189157915215662,118.366030718178,4.1452991242044e-40,1567,10133974.7312672
racethn_combn,NHW,1999-2020,21.2,WTMEC.COMBN,age+gender,employ_status,prevent_stroke_10yr_uacr,15669,103653535.825074,162,gaussian (identity),Student,0.00301780626933363,0.00130019692236867,0.0215710490853173,0.00046942030149103,0.00556619223717622,118.366030718178,4.1452991242044e-40,54,257311.534320359
racethn_combn,NHW,1999-2020,21.2,WTMEC.COMBN,age+gender,employ_status,prevent_stroke_10yr_uacr,15669,103653535.825074,162,gaussian (identity),Unemployed,0.00674299968950986,0.000386470818518922,1.3765223851429e-38,0.00598551688521277,0.00750048249380694,118.366030718178,4.1452991242044e-40,6737,35591559.7712624
racethn_combn,NHB,1999-2020,21.2,WTMEC.COMBN,age+gender,employ_status,prevent_stroke_10yr_uacr,7606,14823138.522578,148,gaussian (identity),Full-time employed (Intercept),-0.0488948753423972,0.00120532675604512,2.47543434541874e-80,-0.0512573157842457,-0.0465324349005488,39.0060992985599,1.76141872053384e-18,3726,8148570.69948977
racethn_combn,NHB,1999-2020,21.2,WTMEC.COMBN,age+gender,employ_status,prevent_stroke_10yr_uacr,7606,14823138.522578,148,gaussian (identity),Part-time employed,0.00348919459989143,0.00129703449701541,0.00799270064183417,0.000947006985741235,0.00603138221404163,39.0060992985599,1.76141872053384e-18,544,1051157.86666338
racethn_combn,NHB,1999-2020,21.2,WTMEC.COMBN,age+gender,employ_status,prevent_stroke_10yr_uacr,7606,14823138.522578,148,gaussian (identity),Student,0.00271110194337037,0.00284194982541352,0.341714475910387,-0.00285911971444012,0.00828132360118086,39.0060992985599,1.76141872053384e-18,46,109513.252616623
racethn_combn,NHB,1999-2020,21.2,WTMEC.COMBN,age+gender,employ_status,prevent_stroke_10yr_uacr,7606,14823138.522578,148,gaussian (identity),Unemployed,0.00869992592918324,0.000813534053506734,5.60587213669906e-20,0.00710539918431004,0.0102944526740564,39.0060992985599,1.76141872053384e-18,3290,5513896.70380819
racethn_combn,Mexican-American,1999-2020,21.2,WTMEC.COMBN,age+gender,employ_status,prevent_stroke_10yr_uacr,6200,10639362.7916884,134,gaussian (identity),Full-time employed (Intercept),-0.0506363399737135,0.00124779924999435,2.5667351318237e-75,-0.0530820265037024,-0.0481906534437246,34.3331203869749,2.2215387197473e-16,3158,6467147.79023119
racethn_combn,Mexican-American,1999-2020,21.2,WTMEC.COMBN,age+gender,employ_status,prevent_stroke_10yr_uacr,6200,10639362.7916884,134,gaussian (identity),Part-time employed,0.000746475731721522,0.00135750690235827,0.583347516298018,-0.00191423779690068,0.00340718926034372,34.3331203869749,2.2215387197473e-16,446,797644.241852189
racethn_combn,Mexican-American,1999-2020,21.2,WTMEC.COMBN,age+gender,employ_status,prevent_stroke_10yr_uacr,6200,10639362.7916884,134,gaussian (identity),Student,0.00900461888724996,0.00716462366850451,0.211090960237991,-0.00503804350301888,0.0230472812775188,34.3331203869749,2.2215387197473e-16,17,35592.8770029811
racethn_combn,Mexican-American,1999-2020,21.2,WTMEC.COMBN,age+gender,employ_status,prevent_stroke_10yr_uacr,6200,10639362.7916884,134,gaussian (identity),Unemployed,0.00700012534506044,0.000697808213983874,7.36460093507284e-18,0.00563242124565205,0.00836782944446883,34.3331203869749,2.2215387197473e-16,2579,3338977.88260204
racethn_combn,Other Hispanic,1999-2020,21.2,WTMEC.COMBN,age+gender,employ_status,prevent_stroke_10yr_uacr,3185,7991584.34418702,130,gaussian (identity),Full-time employed (Intercept),-0.0494198340951668,0.00149629240343448,1.34091522985656e-63,-0.0523525672058984,-0.0464871009844352,21.865069581326,1.89505312451282e-11,1560,4604495.26850325
racethn_combn,Other Hispanic,1999-2020,21.2,WTMEC.COMBN,age+gender,employ_status,prevent_stroke_10yr_uacr,3185,7991584.34418702,130,gaussian (identity),Part-time employed,0.000800666795560648,0.00124367045375222,0.520888898311092,-0.0016369272937937,0.00323826088491499,21.865069581326,1.89505312451282e-11,271,643889.562633094
racethn_combn,Other Hispanic,1999-2020,21.2,WTMEC.COMBN,age+gender,employ_status,prevent_stroke_10yr_uacr,3185,7991584.34418702,130,gaussian (identity),Student,-0.0016159593580687,0.00290214247116502,0.578648721159323,-0.00730415860155214,0.00407223988541473,21.865069581326,1.89505312451282e-11,11,35742.8507209245
racethn_combn,Other Hispanic,1999-2020,21.2,WTMEC.COMBN,age+gender,employ_status,prevent_stroke_10yr_uacr,3185,7991584.34418702,130,gaussian (identity),Unemployed,0.00697509887033389,0.000888462323934756,1.60850762454867e-12,0.00523371271542177,0.00871648502524601,21.865069581326,1.89505312451282e-11,1343,2707456.66232975
racethn_combn,Other/Multi-Racial/NHAsian,1999-2020,21.2,WTMEC.COMBN,age+gender,employ_status,prevent_stroke_10yr_uacr,765,3972571.98691481,72,gaussian (identity),Full-time employed (Intercept),-0.0496206112379343,0.00304204727653045,5.04828430913431e-25,-0.0555830238999339,-0.0436581985759346,7.22952064604316,0.00028327635699499,401,2416982.57650198
racethn_combn,Other/Multi-Racial/NHAsian,1999-2020,21.2,WTMEC.COMBN,age+gender,employ_status,prevent_stroke_10yr_uacr,765,3972571.98691481,72,gaussian (identity),Part-time employed,-0.0045557612349707,0.00199041910405695,0.0252476421188887,-0.00845698267892232,-0.000654539791019083,7.22952064604316,0.00028327635699499,59,289899.758545377
racethn_combn,Other/Multi-Racial/NHAsian,1999-2020,21.2,WTMEC.COMBN,age+gender,employ_status,prevent_stroke_10yr_uacr,765,3972571.98691481,72,gaussian (identity),Student,-0.00209384518322702,0.00196502378805696,0.290448789474584,-0.00594529180781867,0.00175760144136462,7.22952064604316,0.00028327635699499,7,18029.0025528302
racethn_combn,Other/Multi-Racial/NHAsian,1999-2020,21.2,WTMEC.COMBN,age+gender,employ_status,prevent_stroke_10yr_uacr,765,3972571.98691481,72,gaussian (identity),Unemployed,0.00553082711055153,0.00173210714072801,0.00214493696730354,0.00213589711472463,0.00892575710637844,7.22952064604316,0.00028327635699499,298,1247660.64931462
racethn_combn,NHAsian,1999-2020,21.2,WTMEC.COMBN,age+gender,employ_status,prevent_stroke_10yr_uacr,2002,3573589.03696523,66,gaussian (identity),Full-time employed (Intercept),-0.0518927370783838,0.00200438052198585,1.3301105640971e-34,-0.0558213229014761,-0.0479641512552916,9.47194128486598,3.15863747303361e-05,1142,2034968.45811515
racethn_combn,NHAsian,1999-2020,21.2,WTMEC.COMBN,age+gender,employ_status,prevent_stroke_10yr_uacr,2002,3573589.03696523,66,gaussian (identity),Part-time employed,0.000525567900895184,0.0011389335584559,0.646112715307317,-0.00170674187367839,0.00275787767546875,9.47194128486598,3.15863747303361e-05,189,342329.631672943
racethn_combn,NHAsian,1999-2020,21.2,WTMEC.COMBN,age+gender,employ_status,prevent_stroke_10yr_uacr,2002,3573589.03696523,66,gaussian (identity),Student,0.00171690256949359,0.00218343001607063,0.434716703808749,-0.00256262026200485,0.00599642540099203,9.47194128486598,3.15863747303361e-05,18,31387.5494484717
racethn_combn,NHAsian,1999-2020,21.2,WTMEC.COMBN,age+gender,employ_status,prevent_stroke_10yr_uacr,2002,3573589.03696523,66,gaussian (identity),Unemployed,0.0066784344567219,0.00126853805112891,1.92508872208677e-06,0.00419209987650923,0.00916476903693457,9.47194128486598,3.15863747303361e-05,653,1164903.39772866
racethn_combn,Other/Multi-Racial,1999-2020,21.2,WTMEC.COMBN,age+gender,employ_status,prevent_stroke_10yr_uacr,562,2259923.37838738,62,gaussian (identity),Full-time employed (Intercept),-0.045358517748221,0.00363474711682001,6.11713066874509e-18,-0.0524826220971882,-0.0382344133992538,3.22348723488066,0.0291678017213758,263,1165739.776853
racethn_combn,Other/Multi-Racial,1999-2020,21.2,WTMEC.COMBN,age+gender,employ_status,prevent_stroke_10yr_uacr,562,2259923.37838738,62,gaussian (identity),Part-time employed,4.7728810462358e-06,0.00349928199571946,0.998916480104619,-0.0068538198305639,0.00686336559265638,3.22348723488066,0.0291678017213758,65,243820.89357751
racethn_combn,Other/Multi-Racial,1999-2020,21.2,WTMEC.COMBN,age+gender,employ_status,prevent_stroke_10yr_uacr,562,2259923.37838738,62,gaussian (identity),Student,0.0212918536531158,0.0117559748442838,0.0753877771766389,-0.00174985704168042,0.044333564347912,3.22348723488066,0.0291678017213758,3,8867.34842875472
racethn_combn,Other/Multi-Racial,1999-2020,21.2,WTMEC.COMBN,age+gender,employ_status,prevent_stroke_10yr_uacr,562,2259923.37838738,62,gaussian (identity),Unemployed,0.00762785297957989,0.00276095967805865,0.00770262226435096,0.00221637201058494,0.0130393339485748,3.22348723488066,0.0291678017213758,231,841495.359528113
racethn_combn,NHW,1999-2020,21.2,WTMEC.COMBN,age+gender,employ_status,prevent_stroke_10yr_full,15654,103555304.211174,162,gaussian (identity),Full-time employed (Intercept),-0.0464364361051086,0.000548724534419676,6.73833687990602e-133,-0.0475119361925711,-0.045360936017646,121.711440916723,9.07146449593693e-41,7303,57607328.9932564
racethn_combn,NHW,1999-2020,21.2,WTMEC.COMBN,age+gender,employ_status,prevent_stroke_10yr_full,15654,103555304.211174,162,gaussian (identity),Part-time employed,0.000659720573031585,0.000442566907305191,0.138054906094251,-0.00020771056528659,0.00152715171134976,121.711440916723,9.07146449593693e-41,1567,10133974.7312672
racethn_combn,NHW,1999-2020,21.2,WTMEC.COMBN,age+gender,employ_status,prevent_stroke_10yr_full,15654,103555304.211174,162,gaussian (identity),Student,0.00300037583289077,0.00128903570259803,0.0212093173512649,0.000473865855798629,0.00552688580998292,121.711440916723,9.07146449593693e-41,54,257311.534320359
racethn_combn,NHW,1999-2020,21.2,WTMEC.COMBN,age+gender,employ_status,prevent_stroke_10yr_full,15654,103555304.211174,162,gaussian (identity),Unemployed,0.00615380681253946,0.000350951960702463,8.20311969110683e-39,0.00546594096956263,0.00684167265551629,121.711440916723,9.07146449593693e-41,6730,35556688.9523302
racethn_combn,NHB,1999-2020,21.2,WTMEC.COMBN,age+gender,employ_status,prevent_stroke_10yr_full,7583,14778817.5072541,148,gaussian (identity),Full-time employed (Intercept),-0.0485558338669891,0.00111460115473402,1.97376454525005e-84,-0.0507404521302677,-0.0463712156037104,38.3407528070985,3.04196228915343e-18,3715,8123952.66013793
racethn_combn,NHB,1999-2020,21.2,WTMEC.COMBN,age+gender,employ_status,prevent_stroke_10yr_full,7583,14778817.5072541,148,gaussian (identity),Part-time employed,0.00289343238320255,0.00112512297393712,0.011141684796958,0.000688191354285793,0.00509867341211931,38.3407528070985,3.04196228915343e-18,540,1040433.91397734
racethn_combn,NHB,1999-2020,21.2,WTMEC.COMBN,age+gender,employ_status,prevent_stroke_10yr_full,7583,14778817.5072541,148,gaussian (identity),Student,0.00205591212452019,0.00247726883205409,0.407972538813548,-0.00279953478630584,0.00691135903534621,38.3407528070985,3.04196228915343e-18,46,109513.252616623
racethn_combn,NHB,1999-2020,21.2,WTMEC.COMBN,age+gender,employ_status,prevent_stroke_10yr_full,7583,14778817.5072541,148,gaussian (identity),Unemployed,0.00766605188427189,0.0007191083816288,6.85173533195368e-20,0.00625659945627945,0.00907550431226434,38.3407528070985,3.04196228915343e-18,3282,5504917.68052219
racethn_combn,Mexican-American,1999-2020,21.2,WTMEC.COMBN,age+gender,employ_status,prevent_stroke_10yr_full,6195,10628782.7768089,134,gaussian (identity),Full-time employed (Intercept),-0.0498760224568397,0.00110422544495015,6.32266890759843e-81,-0.052040304328942,-0.0477117405847375,33.3165831654895,5.17345545779597e-16,3155,6461101.1002976
racethn_combn,Mexican-American,1999-2020,21.2,WTMEC.COMBN,age+gender,employ_status,prevent_stroke_10yr_full,6195,10628782.7768089,134,gaussian (identity),Part-time employed,0.00133974419720423,0.00159659180724753,0.402950053643056,-0.00178957574500093,0.00446906413940939,33.3165831654895,5.17345545779597e-16,445,793912.728219359
racethn_combn,Mexican-American,1999-2020,21.2,WTMEC.COMBN,age+gender,employ_status,prevent_stroke_10yr_full,6195,10628782.7768089,134,gaussian (identity),Student,0.00728775403630529,0.00521611727020612,0.16476387089547,-0.00293583581329869,0.0175113438859093,33.3165831654895,5.17345545779597e-16,17,35592.8770029811
racethn_combn,Mexican-American,1999-2020,21.2,WTMEC.COMBN,age+gender,employ_status,prevent_stroke_10yr_full,6195,10628782.7768089,134,gaussian (identity),Unemployed,0.00653688521144061,0.00066157019425452,1.73489642171958e-17,0.00524020763070176,0.00783356279217947,33.3165831654895,5.17345545779597e-16,2578,3338176.07128892
racethn_combn,Other Hispanic,1999-2020,21.2,WTMEC.COMBN,age+gender,employ_status,prevent_stroke_10yr_full,3179,7972449.92786919,130,gaussian (identity),Full-time employed (Intercept),-0.0496493850508871,0.0013648615680438,2.37441223612144e-68,-0.052324513724253,-0.0469742563775213,19.4017121194496,2.15992965381792e-10,1556,4588976.89807334
racethn_combn,Other Hispanic,1999-2020,21.2,WTMEC.COMBN,age+gender,employ_status,prevent_stroke_10yr_full,3179,7972449.92786919,130,gaussian (identity),Part-time employed,0.00102931307570371,0.00129695096777523,0.428908614166169,-0.00151271082113575,0.00357133697254316,19.4017121194496,2.15992965381792e-10,271,643889.562633094
racethn_combn,Other Hispanic,1999-2020,21.2,WTMEC.COMBN,age+gender,employ_status,prevent_stroke_10yr_full,3179,7972449.92786919,130,gaussian (identity),Student,-0.00176369985634734,0.00263691998520687,0.504825516835221,-0.00693206302735281,0.00340466331465813,19.4017121194496,2.15992965381792e-10,11,35742.8507209245
racethn_combn,Other Hispanic,1999-2020,21.2,WTMEC.COMBN,age+gender,employ_status,prevent_stroke_10yr_full,3179,7972449.92786919,130,gaussian (identity),Unemployed,0.00640777236321196,0.000857111170614403,1.17129830080362e-11,0.00472783446880773,0.00808771025761619,19.4017121194496,2.15992965381792e-10,1341,2703840.61644183
racethn_combn,Other/Multi-Racial/NHAsian,1999-2020,21.2,WTMEC.COMBN,age+gender,employ_status,prevent_stroke_10yr_full,762,3957685.58718811,72,gaussian (identity),Full-time employed (Intercept),-0.0496222634980651,0.00280856255791077,6.46998025825315e-27,-0.0551270461115702,-0.04411748088456,8.34467644624573,8.59583885890649e-05,400,2410282.87553019
racethn_combn,Other/Multi-Racial/NHAsian,1999-2020,21.2,WTMEC.COMBN,age+gender,employ_status,prevent_stroke_10yr_full,762,3957685.58718811,72,gaussian (identity),Part-time employed,-0.00418906128881043,0.00165435525091374,0.0136872745997723,-0.00743159758060136,-0.0009465249970195,8.34467644624573,8.59583885890649e-05,59,289899.758545377
racethn_combn,Other/Multi-Racial/NHAsian,1999-2020,21.2,WTMEC.COMBN,age+gender,employ_status,prevent_stroke_10yr_full,762,3957685.58718811,72,gaussian (identity),Student,-0.00208440807144463,0.00183813239711537,0.260843467267247,-0.00568714756979075,0.00151833142690149,8.34467644624573,8.59583885890649e-05,7,18029.0025528302
racethn_combn,Other/Multi-Racial/NHAsian,1999-2020,21.2,WTMEC.COMBN,age+gender,employ_status,prevent_stroke_10yr_full,762,3957685.58718811,72,gaussian (identity),Unemployed,0.00571858791193959,0.00155948728772565,0.000487027686454449,0.00266199282799731,0.00877518299588187,8.34467644624573,8.59583885890649e-05,296,1239473.95055972
racethn_combn,NHAsian,1999-2020,21.2,WTMEC.COMBN,age+gender,employ_status,prevent_stroke_10yr_full,2001,3572410.04707155,66,gaussian (identity),Full-time employed (Intercept),-0.0513883529715878,0.00176832986569929,1.94766706235153e-37,-0.0548542795083584,-0.0479224264348172,9.8989547023601,2.07480497163519e-05,1142,2034968.45811515
racethn_combn,NHAsian,1999-2020,21.2,WTMEC.COMBN,age+gender,employ_status,prevent_stroke_10yr_full,2001,3572410.04707155,66,gaussian (identity),Part-time employed,0.000435180041923365,0.00100313065714439,0.665948257879747,-0.00153095604607964,0.00240131612992637,9.8989547023601,2.07480497163519e-05,189,342329.631672943
racethn_combn,NHAsian,1999-2020,21.2,WTMEC.COMBN,age+gender,employ_status,prevent_stroke_10yr_full,2001,3572410.04707155,66,gaussian (identity),Student,0.000967848943885212,0.00188338563876043,0.609187018584999,-0.00272358690808522,0.00465928479585565,9.8989547023601,2.07480497163519e-05,18,31387.5494484717
racethn_combn,NHAsian,1999-2020,21.2,WTMEC.COMBN,age+gender,employ_status,prevent_stroke_10yr_full,2001,3572410.04707155,66,gaussian (identity),Unemployed,0.00628100847819554,0.00116940970299487,1.29151046554694e-06,0.0039889654603256,0.00857305149606548,9.8989547023601,2.07480497163519e-05,652,1163724.40783498
racethn_combn,Other/Multi-Racial,1999-2020,21.2,WTMEC.COMBN,age+gender,employ_status,prevent_stroke_10yr_full,562,2259923.37838738,62,gaussian (identity),Full-time employed (Intercept),-0.046459246011083,0.00386643093333168,2.94520052649174e-17,-0.0540374506404131,-0.0388810413817529,2.38296453868618,0.078798779959338,263,1165739.776853
racethn_combn,Other/Multi-Racial,1999-2020,21.2,WTMEC.COMBN,age+gender,employ_status,prevent_stroke_10yr_full,562,2259923.37838738,62,gaussian (identity),Part-time employed,0.000847331813380942,0.00372455695268137,0.820850038839739,-0.00645279981387455,0.00814746344063643,2.38296453868618,0.078798779959338,65,243820.89357751
racethn_combn,Other/Multi-Racial,1999-2020,21.2,WTMEC.COMBN,age+gender,employ_status,prevent_stroke_10yr_full,562,2259923.37838738,62,gaussian (identity),Student,0.016261619168598,0.00962209121923107,0.0964849837713078,-0.00259767962109487,0.0351209179582909,2.38296453868618,0.078798779959338,3,8867.34842875472
racethn_combn,Other/Multi-Racial,1999-2020,21.2,WTMEC.COMBN,age+gender,employ_status,prevent_stroke_10yr_full,562,2259923.37838738,62,gaussian (identity),Unemployed,0.00623492708674648,0.00269931142537895,0.0245417108687983,0.000944276693003743,0.0115255774804892,2.38296453868618,0.078798779959338,231,841495.359528113
racethn_combn,NHW,1999-2020,21.2,WTMEC.COMBN,age+gender,employ_status,prevent_stroke_30yr_base,15804,104294356.645491,162,gaussian (identity),Full-time employed (Intercept),-0.0308653139672605,0.00112067666837185,5.36896861480416e-62,-0.0330618402372693,-0.0286687876972516,2.1809323400403,0.092446952532839,7340,57861598.7746399
racethn_combn,NHW,1999-2020,21.2,WTMEC.COMBN,age+gender,employ_status,prevent_stroke_30yr_base,15804,104294356.645491,162,gaussian (identity),Part-time employed,-0.00173504011978044,0.00106446234402017,0.105112806365234,-0.00382138631405997,0.000351306074499099,2.1809323400403,0.092446952532839,1574,10160076.1206335
racethn_combn,NHW,1999-2020,21.2,WTMEC.COMBN,age+gender,employ_status,prevent_stroke_30yr_base,15804,104294356.645491,162,gaussian (identity),Student,-0.000916011789689763,0.00359666370646789,0.799300662472077,-0.00796547265436684,0.00613344907498731,2.1809323400403,0.092446952532839,54,257311.534320359
racethn_combn,NHW,1999-2020,21.2,WTMEC.COMBN,age+gender,employ_status,prevent_stroke_30yr_base,15804,104294356.645491,162,gaussian (identity),Unemployed,0.000465531021089353,0.000781964436853929,0.552476535718203,-0.00106711927514435,0.00199818131732305,2.1809323400403,0.092446952532839,6836,36015370.2158972
racethn_combn,NHB,1999-2020,21.2,WTMEC.COMBN,age+gender,employ_status,prevent_stroke_30yr_base,7705,14990590.6849992,148,gaussian (identity),Full-time employed (Intercept),-0.024705363356786,0.00222346113593846,4.58241991893631e-21,-0.0290633471832254,-0.0203473795303466,8.43454060832965,3.36746415293388e-05,3746,8191034.4883923
racethn_combn,NHB,1999-2020,21.2,WTMEC.COMBN,age+gender,employ_status,prevent_stroke_30yr_base,7705,14990590.6849992,148,gaussian (identity),Part-time employed,0.00473861938888981,0.00259278360506555,0.0696913779066959,-0.000343236477038672,0.00982047525481829,8.43454060832965,3.36746415293388e-05,552,1066402.48631594
racethn_combn,NHB,1999-2020,21.2,WTMEC.COMBN,age+gender,employ_status,prevent_stroke_30yr_base,7705,14990590.6849992,148,gaussian (identity),Student,-0.0024827042476288,0.00726315529064892,0.732986876823481,-0.0167184886173007,0.0117530801220431,8.43454060832965,3.36746415293388e-05,46,109513.252616623
racethn_combn,NHB,1999-2020,21.2,WTMEC.COMBN,age+gender,employ_status,prevent_stroke_30yr_base,7705,14990590.6849992,148,gaussian (identity),Unemployed,0.0071298522312743,0.00141745683314808,1.44786053960782e-06,0.00435163683830407,0.00990806762424453,8.43454060832965,3.36746415293388e-05,3361,5623640.45767434
racethn_combn,Mexican-American,1999-2020,21.2,WTMEC.COMBN,age+gender,employ_status,prevent_stroke_30yr_base,6231,10680212.6820149,134,gaussian (identity),Full-time employed (Intercept),-0.0510983727209724,0.00251003972313471,4.16687291862727e-42,-0.0560180505783164,-0.0461786948636283,1.51327186168807,0.214175927445574,3166,6481726.90394723
racethn_combn,Mexican-American,1999-2020,21.2,WTMEC.COMBN,age+gender,employ_status,prevent_stroke_30yr_base,6231,10680212.6820149,134,gaussian (identity),Part-time employed,-0.00122868708067549,0.00313543167798204,0.695799601443237,-0.00737413316952028,0.00491675900816931,1.51327186168807,0.214175927445574,448,802970.447069453
racethn_combn,Mexican-American,1999-2020,21.2,WTMEC.COMBN,age+gender,employ_status,prevent_stroke_30yr_base,6231,10680212.6820149,134,gaussian (identity),Student,0.0144980607984311,0.0142538847755999,0.310995208213023,-0.0134395533617446,0.0424356749586068,1.51327186168807,0.214175927445574,17,35592.8770029811
racethn_combn,Mexican-American,1999-2020,21.2,WTMEC.COMBN,age+gender,employ_status,prevent_stroke_30yr_base,6231,10680212.6820149,134,gaussian (identity),Unemployed,0.00197516882569225,0.00113002090759333,0.0828598129256247,-0.000239672153190678,0.00419000980457518,1.51327186168807,0.214175927445574,2600,3359922.45399525
racethn_combn,Other Hispanic,1999-2020,21.2,WTMEC.COMBN,age+gender,employ_status,prevent_stroke_30yr_base,3200,8021369.28767066,130,gaussian (identity),Full-time employed (Intercept),-0.0481602785368567,0.00253659825127199,1.22336562923191e-38,-0.0531320111093499,-0.0431885459643636,3.51902558477506,0.0171355801431627,1563,4615443.63379145
racethn_combn,Other Hispanic,1999-2020,21.2,WTMEC.COMBN,age+gender,employ_status,prevent_stroke_30yr_base,3200,8021369.28767066,130,gaussian (identity),Part-time employed,-0.00106855367434354,0.00251581925842814,0.671760870353014,-0.0059995594208627,0.00386245207217562,3.51902558477506,0.0171355801431627,271,643889.562633094
racethn_combn,Other Hispanic,1999-2020,21.2,WTMEC.COMBN,age+gender,employ_status,prevent_stroke_30yr_base,3200,8021369.28767066,130,gaussian (identity),Student,-0.012480695200938,0.00525477104717807,0.0190638604144847,-0.022780046453407,-0.00218134394846898,3.51902558477506,0.0171355801431627,11,35742.8507209245
racethn_combn,Other Hispanic,1999-2020,21.2,WTMEC.COMBN,age+gender,employ_status,prevent_stroke_30yr_base,3200,8021369.28767066,130,gaussian (identity),Unemployed,0.00339518101352616,0.00207320867237257,0.104010637725913,-0.00066830798432408,0.0074586700113764,3.51902558477506,0.0171355801431627,1355,2726293.24052519
racethn_combn,Other/Multi-Racial/NHAsian,1999-2020,21.2,WTMEC.COMBN,age+gender,employ_status,prevent_stroke_30yr_base,772,4008693.09402991,73,gaussian (identity),Full-time employed (Intercept),-0.0518533034337522,0.00606105385529624,2.15307030046037e-12,-0.0637329689901328,-0.0399736378773716,3.60265504438131,0.0177119547936127,403,2434673.05067255
racethn_combn,Other/Multi-Racial/NHAsian,1999-2020,21.2,WTMEC.COMBN,age+gender,employ_status,prevent_stroke_30yr_base,772,4008693.09402991,73,gaussian (identity),Part-time employed,-0.00994543246170717,0.00422463721647712,0.021460795578473,-0.0182257214060023,-0.001665143517412,3.60265504438131,0.0177119547936127,59,289899.758545377
racethn_combn,Other/Multi-Racial/NHAsian,1999-2020,21.2,WTMEC.COMBN,age+gender,employ_status,prevent_stroke_30yr_base,772,4008693.09402991,73,gaussian (identity),Student,-0.0133558091973863,0.00509512705223613,0.01079843336773,-0.0233422582197691,-0.00336936017500345,3.60265504438131,0.0177119547936127,7,18029.0025528302
racethn_combn,Other/Multi-Racial/NHAsian,1999-2020,21.2,WTMEC.COMBN,age+gender,employ_status,prevent_stroke_30yr_base,772,4008693.09402991,73,gaussian (identity),Unemployed,-0.00139353492274104,0.00397431484500443,0.726945910467548,-0.00918319201894973,0.00639612217346765,3.60265504438131,0.0177119547936127,303,1266091.28225915
racethn_combn,NHAsian,1999-2020,21.2,WTMEC.COMBN,age+gender,employ_status,prevent_stroke_30yr_base,2011,3588963.70190915,66,gaussian (identity),Full-time employed (Intercept),-0.0502424980005247,0.00320062833543958,4.27229531144116e-23,-0.0565157295379863,-0.0439692664630631,1.17610574521451,0.326271351972308,1147,2045351.58412945
racethn_combn,NHAsian,1999-2020,21.2,WTMEC.COMBN,age+gender,employ_status,prevent_stroke_30yr_base,2011,3588963.70190915,66,gaussian (identity),Part-time employed,-0.00290179047122871,0.0021029881864439,0.172672318940906,-0.00702364731665876,0.00122006637420134,1.17610574521451,0.326271351972308,189,342329.631672943
racethn_combn,NHAsian,1999-2020,21.2,WTMEC.COMBN,age+gender,employ_status,prevent_stroke_30yr_base,2011,3588963.70190915,66,gaussian (identity),Student,-0.00510862407375652,0.00565246362905161,0.369663730619142,-0.0161874527866977,0.00597020463918464,1.17610574521451,0.326271351972308,18,31387.5494484717
racethn_combn,NHAsian,1999-2020,21.2,WTMEC.COMBN,age+gender,employ_status,prevent_stroke_30yr_base,2011,3588963.70190915,66,gaussian (identity),Unemployed,-0.00235401801650869,0.00178228376163498,0.191505987462202,-0.00584729418931325,0.00113925815629587,1.17610574521451,0.326271351972308,657,1169894.93665828
racethn_combn,Other/Multi-Racial,1999-2020,21.2,WTMEC.COMBN,age+gender,employ_status,prevent_stroke_30yr_base,567,2270467.9633047,62,gaussian (identity),Full-time employed (Intercept),-0.0195728449615637,0.00659095114431475,0.0043563156884502,-0.0324911092044206,-0.00665458071870681,2.69884480662937,0.0541666313024953,266,1170880.81103051
racethn_combn,Other/Multi-Racial,1999-2020,21.2,WTMEC.COMBN,age+gender,employ_status,prevent_stroke_30yr_base,567,2270467.9633047,62,gaussian (identity),Part-time employed,-0.00763771442012814,0.00492408343106069,0.126414328351247,-0.0172889179450071,0.00201348910475082,2.69884480662937,0.0541666313024953,65,243820.89357751
racethn_combn,Other/Multi-Racial,1999-2020,21.2,WTMEC.COMBN,age+gender,employ_status,prevent_stroke_30yr_base,567,2270467.9633047,62,gaussian (identity),Student,0.0609352021589658,0.0336134284592018,0.0751260811136701,-0.00494711762106959,0.126817521939001,2.69884480662937,0.0541666313024953,3,8867.34842875472
racethn_combn,Other/Multi-Racial,1999-2020,21.2,WTMEC.COMBN,age+gender,employ_status,prevent_stroke_30yr_base,567,2270467.9633047,62,gaussian (identity),Unemployed,0.00792081193147092,0.00490906940022677,0.112157896140012,-0.00170096409297356,0.0175425879559154,2.69884480662937,0.0541666313024953,233,846898.910267925
racethn_combn,NHW,1999-2020,21.2,WTMEC.COMBN,age+gender,employ_status,prevent_stroke_30yr_hba1c,15788,104192519.360674,162,gaussian (identity),Full-time employed (Intercept),-0.0320474853695331,0.00102971353431216,4.77783970713356e-69,-0.0340657238967849,-0.0300292468422812,1.5736016885646,0.197956274597067,7332,57798237.9796719
racethn_combn,NHW,1999-2020,21.2,WTMEC.COMBN,age+gender,employ_status,prevent_stroke_30yr_hba1c,15788,104192519.360674,162,gaussian (identity),Part-time employed,-0.00194888466459376,0.000950635775395635,0.0420194233560399,-0.00381213078436921,-8.56385448183194e-05,1.5736016885646,0.197956274597067,1574,10160076.1206335
racethn_combn,NHW,1999-2020,21.2,WTMEC.COMBN,age+gender,employ_status,prevent_stroke_30yr_hba1c,15788,104192519.360674,162,gaussian (identity),Student,-0.000247721407271986,0.00346359356083801,0.943073741187557,-0.00703636478651449,0.00654092197197052,1.5736016885646,0.197956274597067,54,257311.534320359
racethn_combn,NHW,1999-2020,21.2,WTMEC.COMBN,age+gender,employ_status,prevent_stroke_30yr_hba1c,15788,104192519.360674,162,gaussian (identity),Unemployed,-0.000419103246297707,0.000691972235571017,0.54561191247907,-0.0017753688280169,0.000937162335421487,1.5736016885646,0.197956274597067,6828,35976893.7260482
racethn_combn,NHB,1999-2020,21.2,WTMEC.COMBN,age+gender,employ_status,prevent_stroke_30yr_hba1c,7681,14945154.7945039,148,gaussian (identity),Full-time employed (Intercept),-0.0247278205335793,0.00207077538931187,3.10234788161212e-23,-0.0287865402966306,-0.020669100770528,6.49389926703628,0.000376549156340703,3735,8166416.44904045
racethn_combn,NHB,1999-2020,21.2,WTMEC.COMBN,age+gender,employ_status,prevent_stroke_30yr_hba1c,7681,14945154.7945039,148,gaussian (identity),Part-time employed,0.00404148484214228,0.00229891077118755,0.0808870904883704,-0.000464380269385319,0.00854734995366988,6.49389926703628,0.000376549156340703,548,1055678.53362991
racethn_combn,NHB,1999-2020,21.2,WTMEC.COMBN,age+gender,employ_status,prevent_stroke_30yr_hba1c,7681,14945154.7945039,148,gaussian (identity),Student,-0.00284114115094229,0.00635109775117496,0.655301790161299,-0.0152892927432452,0.00960701044136062,6.49389926703628,0.000376549156340703,46,109513.252616623
racethn_combn,NHB,1999-2020,21.2,WTMEC.COMBN,age+gender,employ_status,prevent_stroke_30yr_hba1c,7681,14945154.7945039,148,gaussian (identity),Unemployed,0.00543377157995798,0.00123609150266338,2.13738070413104e-05,0.00301103223473776,0.0078565109251782,6.49389926703628,0.000376549156340703,3352,5613546.55921693
racethn_combn,Mexican-American,1999-2020,21.2,WTMEC.COMBN,age+gender,employ_status,prevent_stroke_30yr_hba1c,6226,10669632.6671354,134,gaussian (identity),Full-time employed (Intercept),-0.0503576181492821,0.00226381943155135,5.58450176642553e-46,-0.0547947042351228,-0.0459205320634415,0.529583879052843,0.66276340369748,3163,6475680.21401364
racethn_combn,Mexican-American,1999-2020,21.2,WTMEC.COMBN,age+gender,employ_status,prevent_stroke_30yr_hba1c,6226,10669632.6671354,134,gaussian (identity),Part-time employed,-9.06974687952332e-05,0.00313438226325717,0.976960102275371,-0.00623408670477929,0.00605269176718882,0.529583879052843,0.66276340369748,447,799238.933436623
racethn_combn,Mexican-American,1999-2020,21.2,WTMEC.COMBN,age+gender,employ_status,prevent_stroke_30yr_hba1c,6226,10669632.6671354,134,gaussian (identity),Student,0.0117168387428434,0.0119666628033747,0.329351718076525,-0.0117378203517711,0.0351714978374579,0.529583879052843,0.66276340369748,17,35592.8770029811
racethn_combn,Mexican-American,1999-2020,21.2,WTMEC.COMBN,age+gender,employ_status,prevent_stroke_30yr_hba1c,6226,10669632.6671354,134,gaussian (identity),Unemployed,0.000806851577302218,0.00100306501598833,0.42265394673097,-0.00115915585403491,0.00277285900863935,0.529583879052843,0.66276340369748,2599,3359120.64268213
racethn_combn,Other Hispanic,1999-2020,21.2,WTMEC.COMBN,age+gender,employ_status,prevent_stroke_30yr_hba1c,3194,8002234.87135283,130,gaussian (identity),Full-time employed (Intercept),-0.0480643604295917,0.00235941055186109,1.5540125906368e-41,-0.0526888051112395,-0.043439915747944,4.54307178529438,0.00466422425561029,1559,4599925.26336155
racethn_combn,Other Hispanic,1999-2020,21.2,WTMEC.COMBN,age+gender,employ_status,prevent_stroke_30yr_hba1c,3194,8002234.87135283,130,gaussian (identity),Part-time employed,-0.00111251273084652,0.00222421498878188,0.617826230807732,-0.005471974108859,0.00324694864716597,4.54307178529438,0.00466422425561029,271,643889.562633094
racethn_combn,Other Hispanic,1999-2020,21.2,WTMEC.COMBN,age+gender,employ_status,prevent_stroke_30yr_hba1c,3194,8002234.87135283,130,gaussian (identity),Student,-0.0125780039413348,0.00396070729805913,0.00188284003080711,-0.0203409902455307,-0.00481501763713895,4.54307178529438,0.00466422425561029,11,35742.8507209245
racethn_combn,Other Hispanic,1999-2020,21.2,WTMEC.COMBN,age+gender,employ_status,prevent_stroke_30yr_hba1c,3194,8002234.87135283,130,gaussian (identity),Unemployed,0.00206428348958553,0.00190470606439605,0.280548105911871,-0.00166894039663071,0.00579750737580178,4.54307178529438,0.00466422425561029,1353,2722677.19463726
racethn_combn,Other/Multi-Racial/NHAsian,1999-2020,21.2,WTMEC.COMBN,age+gender,employ_status,prevent_stroke_30yr_hba1c,769,3993806.69430321,73,gaussian (identity),Full-time employed (Intercept),-0.0518669947608548,0.00535600915073069,1.99607354615433e-14,-0.0623647726962869,-0.0413692168254226,3.66292150703238,0.0164823061787399,402,2427973.34970075
racethn_combn,Other/Multi-Racial/NHAsian,1999-2020,21.2,WTMEC.COMBN,age+gender,employ_status,prevent_stroke_30yr_hba1c,769,3993806.69430321,73,gaussian (identity),Part-time employed,-0.00901288041102276,0.0035725379492608,0.0139859775304606,-0.0160150547915739,-0.00201070603047159,3.66292150703238,0.0164823061787399,59,289899.758545377
racethn_combn,Other/Multi-Racial/NHAsian,1999-2020,21.2,WTMEC.COMBN,age+gender,employ_status,prevent_stroke_30yr_hba1c,769,3993806.69430321,73,gaussian (identity),Student,-0.01222163435315,0.00502724710828547,0.0176954131779313,-0.0220750386853895,-0.00236823002091048,3.66292150703238,0.0164823061787399,7,18029.0025528302
racethn_combn,Other/Multi-Racial/NHAsian,1999-2020,21.2,WTMEC.COMBN,age+gender,employ_status,prevent_stroke_30yr_hba1c,769,3993806.69430321,73,gaussian (identity),Unemployed,-0.00251341390853314,0.00340568661525473,0.463050722364472,-0.00918855967443241,0.00416173185736614,3.66292150703238,0.0164823061787399,301,1257904.58350425
racethn_combn,NHAsian,1999-2020,21.2,WTMEC.COMBN,age+gender,employ_status,prevent_stroke_30yr_hba1c,2010,3587784.71201547,66,gaussian (identity),Full-time employed (Intercept),-0.0499176576295964,0.00278805981289216,5.74175012797234e-26,-0.0553822548628651,-0.0444530603963278,2.26254356861055,0.090145269122139,1147,2045351.58412945
racethn_combn,NHAsian,1999-2020,21.2,WTMEC.COMBN,age+gender,employ_status,prevent_stroke_30yr_hba1c,2010,3587784.71201547,66,gaussian (identity),Part-time employed,-0.00292049589102549,0.00191385638588676,0.132184826156043,-0.00667165440736354,0.00083066262531255,2.26254356861055,0.090145269122139,189,342329.631672943
racethn_combn,NHAsian,1999-2020,21.2,WTMEC.COMBN,age+gender,employ_status,prevent_stroke_30yr_hba1c,2010,3587784.71201547,66,gaussian (identity),Student,-0.00584617359793699,0.00469123497187459,0.217459142357174,-0.0150409941428112,0.00334864694693721,2.26254356861055,0.090145269122139,18,31387.5494484717
racethn_combn,NHAsian,1999-2020,21.2,WTMEC.COMBN,age+gender,employ_status,prevent_stroke_30yr_hba1c,2010,3587784.71201547,66,gaussian (identity),Unemployed,-0.00365523014650448,0.00163372506818579,0.0289268655068109,-0.00685733128014862,-0.000453129012860335,2.26254356861055,0.090145269122139,656,1168715.9467646
racethn_combn,Other/Multi-Racial,1999-2020,21.2,WTMEC.COMBN,age+gender,employ_status,prevent_stroke_30yr_hba1c,567,2270467.9633047,62,gaussian (identity),Full-time employed (Intercept),-0.0222876192389775,0.00614844647729385,0.000617405989701106,-0.0343385743344735,-0.0102366641434816,2.13373305673254,0.105964105761366,266,1170880.81103051
racethn_combn,Other/Multi-Racial,1999-2020,21.2,WTMEC.COMBN,age+gender,employ_status,prevent_stroke_30yr_hba1c,567,2270467.9633047,62,gaussian (identity),Part-time employed,-0.00593317867405174,0.00462550571959934,0.204785637725828,-0.0149991698844664,0.00313281253636296,2.13373305673254,0.105964105761366,65,243820.89357751
racethn_combn,Other/Multi-Racial,1999-2020,21.2,WTMEC.COMBN,age+gender,employ_status,prevent_stroke_30yr_hba1c,567,2270467.9633047,62,gaussian (identity),Student,0.0427725052108039,0.0249710341911437,0.0921688882861257,-0.00617072180383771,0.0917157322254455,2.13373305673254,0.105964105761366,3,8867.34842875472
racethn_combn,Other/Multi-Racial,1999-2020,21.2,WTMEC.COMBN,age+gender,employ_status,prevent_stroke_30yr_hba1c,567,2270467.9633047,62,gaussian (identity),Unemployed,0.0061208875462785,0.00426212372091086,0.156436221950226,-0.00223287494670679,0.0144746500392638,2.13373305673254,0.105964105761366,233,846898.910267925
racethn_combn,NHW,1999-2020,21.2,WTMEC.COMBN,age+gender,employ_status,prevent_stroke_30yr_uacr,15669,103653535.825074,162,gaussian (identity),Full-time employed (Intercept),-0.0364154631313707,0.00103179567936558,1.48646297886135e-76,-0.0384377826629273,-0.0343931435998142,6.14396352737127,0.000562251523997246,7311,57670689.7882244
racethn_combn,NHW,1999-2020,21.2,WTMEC.COMBN,age+gender,employ_status,prevent_stroke_30yr_uacr,15669,103653535.825074,162,gaussian (identity),Part-time employed,-0.00178834231669533,0.000990043004524137,0.072782390524344,-0.00372882660556264,0.000152141972171978,6.14396352737127,0.000562251523997246,1567,10133974.7312672
racethn_combn,NHW,1999-2020,21.2,WTMEC.COMBN,age+gender,employ_status,prevent_stroke_30yr_uacr,15669,103653535.825074,162,gaussian (identity),Student,-0.000535977094912705,0.00319445959984574,0.8669696633541,-0.00679711791061036,0.00572516372078495,6.14396352737127,0.000562251523997246,54,257311.534320359
racethn_combn,NHW,1999-2020,21.2,WTMEC.COMBN,age+gender,employ_status,prevent_stroke_30yr_uacr,15669,103653535.825074,162,gaussian (identity),Unemployed,0.0015719051908459,0.000765033016613108,0.0415665421883857,7.24404782842115e-05,0.0030713699034076,6.14396352737127,0.000562251523997246,6737,35591559.7712624
racethn_combn,NHB,1999-2020,21.2,WTMEC.COMBN,age+gender,employ_status,prevent_stroke_30yr_uacr,7606,14823138.522578,148,gaussian (identity),Full-time employed (Intercept),-0.0321724457133072,0.00211886086333124,1.28866425886989e-31,-0.0363254130054364,-0.028019478421178,11.4894501964674,8.55740654521605e-07,3726,8148570.69948977
racethn_combn,NHB,1999-2020,21.2,WTMEC.COMBN,age+gender,employ_status,prevent_stroke_30yr_uacr,7606,14823138.522578,148,gaussian (identity),Part-time employed,0.0048255112861897,0.0025612358930993,0.0615874212921264,-0.000194511064284922,0.00984553363666433,11.4894501964674,8.55740654521605e-07,544,1051157.86666338
racethn_combn,NHB,1999-2020,21.2,WTMEC.COMBN,age+gender,employ_status,prevent_stroke_30yr_uacr,7606,14823138.522578,148,gaussian (identity),Student,-0.00209192711042909,0.00702265813168579,0.766225176041171,-0.0158563370485332,0.0116724828276751,11.4894501964674,8.55740654521605e-07,46,109513.252616623
racethn_combn,NHB,1999-2020,21.2,WTMEC.COMBN,age+gender,employ_status,prevent_stroke_30yr_uacr,7606,14823138.522578,148,gaussian (identity),Unemployed,0.00809429836240634,0.00137972487370157,2.96017036419179e-08,0.00539003760995127,0.0107985591148614,11.4894501964674,8.55740654521605e-07,3290,5513896.70380819
racethn_combn,Mexican-American,1999-2020,21.2,WTMEC.COMBN,age+gender,employ_status,prevent_stroke_30yr_uacr,6200,10639362.7916884,134,gaussian (identity),Full-time employed (Intercept),-0.0555198022151338,0.00240214506147558,1.06974772016714e-47,-0.0602280065356259,-0.0508115978946416,3.26373786875669,0.0236131853853022,3158,6467147.79023119
racethn_combn,Mexican-American,1999-2020,21.2,WTMEC.COMBN,age+gender,employ_status,prevent_stroke_30yr_uacr,6200,10639362.7916884,134,gaussian (identity),Part-time employed,-0.00112984272665701,0.00311396310664617,0.717324852025131,-0.0072332104156835,0.00497352496236949,3.26373786875669,0.0236131853853022,446,797644.241852189
racethn_combn,Mexican-American,1999-2020,21.2,WTMEC.COMBN,age+gender,employ_status,prevent_stroke_30yr_uacr,6200,10639362.7916884,134,gaussian (identity),Student,0.0182871665480895,0.0166873795047448,0.27517819316372,-0.0144200972812104,0.0509944303773894,3.26373786875669,0.0236131853853022,17,35592.8770029811
racethn_combn,Mexican-American,1999-2020,21.2,WTMEC.COMBN,age+gender,employ_status,prevent_stroke_30yr_uacr,6200,10639362.7916884,134,gaussian (identity),Unemployed,0.00336165564070326,0.00119872267469153,0.00582174265901442,0.00101215919830786,0.00571115208309866,3.26373786875669,0.0236131853853022,2579,3338977.88260204
racethn_combn,Other Hispanic,1999-2020,21.2,WTMEC.COMBN,age+gender,employ_status,prevent_stroke_30yr_uacr,3185,7991584.34418702,130,gaussian (identity),Full-time employed (Intercept),-0.0529391499106816,0.0024055843733625,8.06510244019734e-45,-0.0576540952824721,-0.0482242045388912,4.53234443369599,0.00472803008478754,1560,4604495.26850325
racethn_combn,Other Hispanic,1999-2020,21.2,WTMEC.COMBN,age+gender,employ_status,prevent_stroke_30yr_uacr,3185,7991584.34418702,130,gaussian (identity),Part-time employed,-0.00151241634774017,0.00236423109543699,0.523533491287394,-0.00614630929479667,0.00312147659931634,4.53234443369599,0.00472803008478754,271,643889.562633094
racethn_combn,Other Hispanic,1999-2020,21.2,WTMEC.COMBN,age+gender,employ_status,prevent_stroke_30yr_uacr,3185,7991584.34418702,130,gaussian (identity),Student,-0.0122221700819293,0.00487950555512326,0.0135388971209079,-0.0217860009699709,-0.00265833919388775,4.53234443369599,0.00472803008478754,11,35742.8507209245
racethn_combn,Other Hispanic,1999-2020,21.2,WTMEC.COMBN,age+gender,employ_status,prevent_stroke_30yr_uacr,3185,7991584.34418702,130,gaussian (identity),Unemployed,0.00411718805095384,0.00204044260680505,0.0457539683336596,0.000117920541615929,0.00811645556029174,4.53234443369599,0.00472803008478754,1343,2707456.66232975
racethn_combn,Other/Multi-Racial/NHAsian,1999-2020,21.2,WTMEC.COMBN,age+gender,employ_status,prevent_stroke_30yr_uacr,765,3972571.98691481,72,gaussian (identity),Full-time employed (Intercept),-0.0570460051363593,0.00521651273612548,1.51102587612302e-16,-0.0672703700991652,-0.0468216401735533,3.87729857339021,0.0128333771545411,401,2416982.57650198
racethn_combn,Other/Multi-Racial/NHAsian,1999-2020,21.2,WTMEC.COMBN,age+gender,employ_status,prevent_stroke_30yr_uacr,765,3972571.98691481,72,gaussian (identity),Part-time employed,-0.0095940520666227,0.00381566329515981,0.0143317547528003,-0.0170727521251359,-0.00211535200810948,3.87729857339021,0.0128333771545411,59,289899.758545377
racethn_combn,Other/Multi-Racial/NHAsian,1999-2020,21.2,WTMEC.COMBN,age+gender,employ_status,prevent_stroke_30yr_uacr,765,3972571.98691481,72,gaussian (identity),Student,-0.0122770621413271,0.00470869400141022,0.0112388079961945,-0.0215061023840911,-0.00304802189856302,3.87729857339021,0.0128333771545411,7,18029.0025528302
racethn_combn,Other/Multi-Racial/NHAsian,1999-2020,21.2,WTMEC.COMBN,age+gender,employ_status,prevent_stroke_30yr_uacr,765,3972571.98691481,72,gaussian (identity),Unemployed,0.00093077287635838,0.0037950733698328,0.807006186737528,-0.00650757092851391,0.00836911668123067,3.87729857339021,0.0128333771545411,298,1247660.64931462
racethn_combn,NHAsian,1999-2020,21.2,WTMEC.COMBN,age+gender,employ_status,prevent_stroke_30yr_uacr,2002,3573589.03696523,66,gaussian (identity),Full-time employed (Intercept),-0.0547007938073221,0.00289504652812768,3.52415423735554e-27,-0.0603750850024523,-0.0490265026121918,0.978720733225903,0.408747375553851,1142,2034968.45811515
racethn_combn,NHAsian,1999-2020,21.2,WTMEC.COMBN,age+gender,employ_status,prevent_stroke_30yr_uacr,2002,3573589.03696523,66,gaussian (identity),Part-time employed,-0.00275510405602408,0.00187921455250387,0.14775910162838,-0.00643836457893167,0.000928156466883511,0.978720733225903,0.408747375553851,189,342329.631672943
racethn_combn,NHAsian,1999-2020,21.2,WTMEC.COMBN,age+gender,employ_status,prevent_stroke_30yr_uacr,2002,3573589.03696523,66,gaussian (identity),Student,-0.00427928904986277,0.00520824184232694,0.414482868440042,-0.0144874430608236,0.00592886496109803,0.978720733225903,0.408747375553851,18,31387.5494484717
racethn_combn,NHAsian,1999-2020,21.2,WTMEC.COMBN,age+gender,employ_status,prevent_stroke_30yr_uacr,2002,3573589.03696523,66,gaussian (identity),Unemployed,-0.000796062209473999,0.00187140057526523,0.672054399997214,-0.00446400733699385,0.00287188291804586,0.978720733225903,0.408747375553851,653,1164903.39772866
racethn_combn,Other/Multi-Racial,1999-2020,21.2,WTMEC.COMBN,age+gender,employ_status,prevent_stroke_30yr_uacr,562,2259923.37838738,62,gaussian (identity),Full-time employed (Intercept),-0.0269899204202985,0.00651263949726745,0.000114329872762567,-0.0397546938349427,-0.0142251470056543,2.24597157701642,0.0927306679824109,263,1165739.776853
racethn_combn,Other/Multi-Racial,1999-2020,21.2,WTMEC.COMBN,age+gender,employ_status,prevent_stroke_30yr_uacr,562,2259923.37838738,62,gaussian (identity),Part-time employed,-0.00537708179643045,0.00573583469347648,0.352480300666815,-0.0166193177956443,0.00586515420278345,2.24597157701642,0.0927306679824109,65,243820.89357751
racethn_combn,Other/Multi-Racial,1999-2020,21.2,WTMEC.COMBN,age+gender,employ_status,prevent_stroke_30yr_uacr,562,2259923.37838738,62,gaussian (identity),Student,0.0570837090950385,0.0318803080898968,0.0786742938402517,-0.00540169476115923,0.119569112951236,2.24597157701642,0.0927306679824109,3,8867.34842875472
racethn_combn,Other/Multi-Racial,1999-2020,21.2,WTMEC.COMBN,age+gender,employ_status,prevent_stroke_30yr_uacr,562,2259923.37838738,62,gaussian (identity),Unemployed,0.00830981178004768,0.00481901469598003,0.090059009353252,-0.00113545702407318,0.0177550805841685,2.24597157701642,0.0927306679824109,231,841495.359528113
racethn_combn,NHW,1999-2020,21.2,WTMEC.COMBN,age+gender,employ_status,prevent_stroke_30yr_full,15654,103555304.211174,162,gaussian (identity),Full-time employed (Intercept),-0.0324274020800421,0.000972692932393593,4.01744335035954e-73,-0.0343338802275336,-0.0305209239325507,4.00335416159737,0.00884835690674224,7303,57607328.9932564
racethn_combn,NHW,1999-2020,21.2,WTMEC.COMBN,age+gender,employ_status,prevent_stroke_30yr_full,15654,103555304.211174,162,gaussian (identity),Part-time employed,-0.00248839935698014,0.00088013679245334,0.00530615417956592,-0.00421346747018868,-0.00076333124377159,4.00335416159737,0.00884835690674224,1567,10133974.7312672
racethn_combn,NHW,1999-2020,21.2,WTMEC.COMBN,age+gender,employ_status,prevent_stroke_30yr_full,15654,103555304.211174,162,gaussian (identity),Student,-0.00108681341935131,0.00310027555443975,0.726393008564761,-0.00716335350605323,0.00498972666735061,4.00335416159737,0.00884835690674224,54,257311.534320359
racethn_combn,NHW,1999-2020,21.2,WTMEC.COMBN,age+gender,employ_status,prevent_stroke_30yr_full,15654,103555304.211174,162,gaussian (identity),Unemployed,-3.77162604120491e-05,0.0006770760803037,0.955647951485179,-0.0013647853778073,0.0012893528569832,4.00335416159737,0.00884835690674224,6730,35556688.9523302
racethn_combn,NHB,1999-2020,21.2,WTMEC.COMBN,age+gender,employ_status,prevent_stroke_30yr_full,7583,14778817.5072541,148,gaussian (identity),Full-time employed (Intercept),-0.027829103108187,0.00198330288334202,1.1373428511872e-28,-0.0317163767595374,-0.0239418294568367,8.25149827017801,4.21760146051302e-05,3715,8123952.66013793
racethn_combn,NHB,1999-2020,21.2,WTMEC.COMBN,age+gender,employ_status,prevent_stroke_30yr_full,7583,14778817.5072541,148,gaussian (identity),Part-time employed,0.003719663590995,0.00225874050318024,0.101797787766041,-0.000707467795238282,0.00814679497722828,8.25149827017801,4.21760146051302e-05,540,1040433.91397734
racethn_combn,NHB,1999-2020,21.2,WTMEC.COMBN,age+gender,employ_status,prevent_stroke_30yr_full,7583,14778817.5072541,148,gaussian (identity),Student,-0.00321163106295852,0.0061559319388907,0.602677142820942,-0.0152772576631843,0.00885399553726726,8.25149827017801,4.21760146051302e-05,46,109513.252616623
racethn_combn,NHB,1999-2020,21.2,WTMEC.COMBN,age+gender,employ_status,prevent_stroke_30yr_full,7583,14778817.5072541,148,gaussian (identity),Unemployed,0.00593168576004412,0.00119551849351792,1.95794581203148e-06,0.00358846951274899,0.00827490200733926,8.25149827017801,4.21760146051302e-05,3282,5504917.68052219
racethn_combn,Mexican-American,1999-2020,21.2,WTMEC.COMBN,age+gender,employ_status,prevent_stroke_30yr_full,6195,10628782.7768089,134,gaussian (identity),Full-time employed (Intercept),-0.0496724990559282,0.00219408117681818,9.13869847775919e-47,-0.0539728981624918,-0.0453720999493646,1.40981239894409,0.242912384927058,3155,6461101.1002976
racethn_combn,Mexican-American,1999-2020,21.2,WTMEC.COMBN,age+gender,employ_status,prevent_stroke_30yr_full,6195,10628782.7768089,134,gaussian (identity),Part-time employed,-0.000817332075848079,0.00297165997726816,0.783723802447425,-0.00664178563129368,0.00500712147959752,1.40981239894409,0.242912384927058,445,793912.728219359
racethn_combn,Mexican-American,1999-2020,21.2,WTMEC.COMBN,age+gender,employ_status,prevent_stroke_30yr_full,6195,10628782.7768089,134,gaussian (identity),Student,0.0147057510919855,0.0135941124475454,0.281371244571012,-0.0119387093052035,0.0413502114891745,1.40981239894409,0.242912384927058,17,35592.8770029811
racethn_combn,Mexican-American,1999-2020,21.2,WTMEC.COMBN,age+gender,employ_status,prevent_stroke_30yr_full,6195,10628782.7768089,134,gaussian (identity),Unemployed,0.0017790886691689,0.00107631136751162,0.100772831069323,-0.000330481611153862,0.00388865894949167,1.40981239894409,0.242912384927058,2578,3338176.07128892
racethn_combn,Other Hispanic,1999-2020,21.2,WTMEC.COMBN,age+gender,employ_status,prevent_stroke_30yr_full,3179,7972449.92786919,130,gaussian (identity),Full-time employed (Intercept),-0.0481166340705891,0.00229360537904487,9.01359387509748e-43,-0.0526121006135171,-0.0436211675276612,4.6205249926304,0.00422854171282504,1556,4588976.89807334
racethn_combn,Other Hispanic,1999-2020,21.2,WTMEC.COMBN,age+gender,employ_status,prevent_stroke_30yr_full,3179,7972449.92786919,130,gaussian (identity),Part-time employed,-0.00166343685649376,0.00217547782615171,0.445932653524593,-0.00592737339575112,0.00260049968276359,4.6205249926304,0.00422854171282504,271,643889.562633094
racethn_combn,Other Hispanic,1999-2020,21.2,WTMEC.COMBN,age+gender,employ_status,prevent_stroke_30yr_full,3179,7972449.92786919,130,gaussian (identity),Student,-0.0121327777374103,0.00390863099898183,0.00236102503105459,-0.0197936944954147,-0.0044718609794059,4.6205249926304,0.00422854171282504,11,35742.8507209245
racethn_combn,Other Hispanic,1999-2020,21.2,WTMEC.COMBN,age+gender,employ_status,prevent_stroke_30yr_full,3179,7972449.92786919,130,gaussian (identity),Unemployed,0.0024608596729365,0.00185653325713028,0.187418413146858,-0.00117794551103884,0.00609966485691184,4.6205249926304,0.00422854171282504,1341,2703840.61644183
racethn_combn,Other/Multi-Racial/NHAsian,1999-2020,21.2,WTMEC.COMBN,age+gender,employ_status,prevent_stroke_30yr_full,762,3957685.58718811,72,gaussian (identity),Full-time employed (Intercept),-0.0529281205405889,0.00471933185094459,5.01923691917162e-17,-0.0621780109684403,-0.0436782301127375,3.55598253987486,0.0188076969533983,400,2410282.87553019
racethn_combn,Other/Multi-Racial/NHAsian,1999-2020,21.2,WTMEC.COMBN,age+gender,employ_status,prevent_stroke_30yr_full,762,3957685.58718811,72,gaussian (identity),Part-time employed,-0.00839786002390637,0.00328099682976721,0.0127438096813287,-0.0148286138102501,-0.00196710623756265,3.55598253987486,0.0188076969533983,59,289899.758545377
racethn_combn,Other/Multi-Racial/NHAsian,1999-2020,21.2,WTMEC.COMBN,age+gender,employ_status,prevent_stroke_30yr_full,762,3957685.58718811,72,gaussian (identity),Student,-0.0111286777510185,0.00466732686971443,0.0199462519259052,-0.0202766384156588,-0.00198071708637823,3.55598253987486,0.0188076969533983,7,18029.0025528302
racethn_combn,Other/Multi-Racial/NHAsian,1999-2020,21.2,WTMEC.COMBN,age+gender,employ_status,prevent_stroke_30yr_full,762,3957685.58718811,72,gaussian (identity),Unemployed,-0.000185229135804571,0.00334198583965352,0.955964929749805,-0.00673552138152547,0.00636506310991633,3.55598253987486,0.0188076969533983,296,1239473.95055972
racethn_combn,NHAsian,1999-2020,21.2,WTMEC.COMBN,age+gender,employ_status,prevent_stroke_30yr_full,2001,3572410.04707155,66,gaussian (identity),Full-time employed (Intercept),-0.0485411411489385,0.00262038629657645,9.87825867322691e-27,-0.0536770982902283,-0.0434051840076486,1.98310957240978,0.125911927026474,1142,2034968.45811515
racethn_combn,NHAsian,1999-2020,21.2,WTMEC.COMBN,age+gender,employ_status,prevent_stroke_30yr_full,2001,3572410.04707155,66,gaussian (identity),Part-time employed,-0.0032329320965148,0.00178674675124376,0.0753172310696848,-0.00673495572895258,0.000269091535922978,1.98310957240978,0.125911927026474,189,342329.631672943
racethn_combn,NHAsian,1999-2020,21.2,WTMEC.COMBN,age+gender,employ_status,prevent_stroke_30yr_full,2001,3572410.04707155,66,gaussian (identity),Student,-0.00575116987086006,0.00443048476914223,0.199143043225032,-0.0144349200183788,0.00293258027665871,1.98310957240978,0.125911927026474,18,31387.5494484717
racethn_combn,NHAsian,1999-2020,21.2,WTMEC.COMBN,age+gender,employ_status,prevent_stroke_30yr_full,2001,3572410.04707155,66,gaussian (identity),Unemployed,-0.00261747085786179,0.00171688382284437,0.132540184503237,-0.00598256315063676,0.000747621434913172,1.98310957240978,0.125911927026474,652,1163724.40783498
racethn_combn,Other/Multi-Racial,1999-2020,21.2,WTMEC.COMBN,age+gender,employ_status,prevent_stroke_30yr_full,562,2259923.37838738,62,gaussian (identity),Full-time employed (Intercept),-0.0253839699266036,0.00608907364367704,0.000105300913704899,-0.0373185542682106,-0.0134493855849966,2.15265408623628,0.103607889588799,263,1165739.776853
racethn_combn,Other/Multi-Racial,1999-2020,21.2,WTMEC.COMBN,age+gender,employ_status,prevent_stroke_30yr_full,562,2259923.37838738,62,gaussian (identity),Part-time employed,-0.00524786201123834,0.00516454412375373,0.313860067587827,-0.0153703684937957,0.00487464447131898,2.15265408623628,0.103607889588799,65,243820.89357751
racethn_combn,Other/Multi-Racial,1999-2020,21.2,WTMEC.COMBN,age+gender,employ_status,prevent_stroke_30yr_full,562,2259923.37838738,62,gaussian (identity),Student,0.0440114610821847,0.0247131442234451,0.0802588111519518,-0.00442630159576763,0.092449223760137,2.15265408623628,0.103607889588799,3,8867.34842875472
racethn_combn,Other/Multi-Racial,1999-2020,21.2,WTMEC.COMBN,age+gender,employ_status,prevent_stroke_30yr_full,562,2259923.37838738,62,gaussian (identity),Unemployed,0.00640819216660993,0.00415126967899398,0.128202388075902,-0.00172829640421827,0.0145446807374381,2.15265408623628,0.103607889588799,231,841495.359528113
