strata_var,strata_level,cycle_yrs,n_yrs.,survweight.,model_covars,exposure,outcome,n_total_raw,n_total_weighted,model_df,model_type,exp_level,beta,se,pval,low95CI,up95CI,fstat,f_pval,n_exp_raw,n_exp_weighted
racethn_combn,NHW,1999-2020,21.2,WTMEC.COMBN,age+gender,inc_to_pov_level,smoke_current,16715,100638828.656626,161,quasibinomial (logit),High income (Intercept),-1.02727547566383,0.0973431038532131,5.16623907470721e-20,-1.21806795921612,-0.836482992111528,192.729852295006,5.37372316174503e-43,5540,42704963.7313371
racethn_combn,NHW,1999-2020,21.2,WTMEC.COMBN,age+gender,inc_to_pov_level,smoke_current,16715,100638828.656626,161,quasibinomial (logit),Middle income,0.893433168374189,0.0600543049643355,8.57567097563079e-32,0.775726730644091,1.01113960610429,192.729852295006,5.37372316174503e-43,8560,47282918.9097705
racethn_combn,NHW,1999-2020,21.2,WTMEC.COMBN,age+gender,inc_to_pov_level,smoke_current,16715,100638828.656626,161,quasibinomial (logit),Low income,1.63376156748952,0.0908624548197648,5.85027566123707e-40,1.45567115604278,1.81185197893626,192.729852295006,5.37372316174503e-43,2615,10650946.0155185
racethn_combn,NHB,1999-2020,21.2,WTMEC.COMBN,age+gender,inc_to_pov_level,smoke_current,9344,19088668.3472352,145,quasibinomial (logit),High income (Intercept),-2.69367596985735,0.120115672559451,2.38283527696239e-48,-2.92910268807387,-2.45824925164082,129.754100227874,1.08603255439721e-32,1771,3711168.36524475
racethn_combn,NHB,1999-2020,21.2,WTMEC.COMBN,age+gender,inc_to_pov_level,smoke_current,9344,19088668.3472352,145,quasibinomial (logit),Middle income,0.767810540954242,0.0883944083153178,8.45591275502111e-15,0.594557500656219,0.941063581252264,129.754100227874,1.08603255439721e-32,5074,10351272.1849356
racethn_combn,NHB,1999-2020,21.2,WTMEC.COMBN,age+gender,inc_to_pov_level,smoke_current,9344,19088668.3472352,145,quasibinomial (logit),Low income,1.475485594335,0.095474804044493,3.83957663153976e-32,1.28835497840779,1.66261621026221,129.754100227874,1.08603255439721e-32,2499,5026227.79705483
racethn_combn,Mexican-American,1999-2020,21.2,WTMEC.COMBN,age+gender,inc_to_pov_level,smoke_current,6877,13013291.9333799,137,quasibinomial (logit),High income (Intercept),-2.60661440498333,0.166471621735331,5.63989122781129e-32,-2.93289878358458,-2.28033002638208,16.204755369706,5.03341106884201e-07,787,1632417.10217664
racethn_combn,Mexican-American,1999-2020,21.2,WTMEC.COMBN,age+gender,inc_to_pov_level,smoke_current,6877,13013291.9333799,137,quasibinomial (logit),Middle income,0.334768065547783,0.124458062784478,0.00806579655125962,0.0908302624902057,0.578705868605361,16.204755369706,5.03341106884201e-07,3872,7323761.4270716
racethn_combn,Mexican-American,1999-2020,21.2,WTMEC.COMBN,age+gender,inc_to_pov_level,smoke_current,6877,13013291.9333799,137,quasibinomial (logit),Low income,0.716438760731942,0.138593055964117,8.41366314527789e-07,0.444796371042272,0.988081150421611,16.204755369706,5.03341106884201e-07,2218,4057113.4041317
racethn_combn,Other Hispanic,1999-2020,21.2,WTMEC.COMBN,age+gender,inc_to_pov_level,smoke_current,3395,9155351.00174977,129,quasibinomial (logit),High income (Intercept),-1.90861285879284,0.277070667564811,2.45100190316179e-10,-2.45167136721987,-1.36555435036581,5.13452511138422,0.00719404699019229,523,1516086.56712208
racethn_combn,Other Hispanic,1999-2020,21.2,WTMEC.COMBN,age+gender,inc_to_pov_level,smoke_current,3395,9155351.00174977,129,quasibinomial (logit),Middle income,0.426158406087591,0.207403943277133,0.0419891827892376,0.0196466772644109,0.832670134910771,5.13452511138422,0.00719404699019229,1831,5002593.14754666
racethn_combn,Other Hispanic,1999-2020,21.2,WTMEC.COMBN,age+gender,inc_to_pov_level,smoke_current,3395,9155351.00174977,129,quasibinomial (logit),Low income,0.740734409776733,0.2371319083985,0.00221983374150769,0.275955869315672,1.20551295023779,5.13452511138422,0.00719404699019229,1041,2636671.28708104
racethn_combn,Other/Multi-Racial/NHAsian,1999-2020,21.2,WTMEC.COMBN,age+gender,inc_to_pov_level,smoke_current,1002,4832659.33124774,81,quasibinomial (logit),High income (Intercept),-1.75421339081997,0.375175672263346,1.22618703939996e-05,-2.48955770845612,-1.01886907318381,6.95823394194791,0.00166784064065117,284,1617590.79287019
racethn_combn,Other/Multi-Racial/NHAsian,1999-2020,21.2,WTMEC.COMBN,age+gender,inc_to_pov_level,smoke_current,1002,4832659.33124774,81,quasibinomial (logit),Middle income,0.147502169699801,0.230944499253044,0.52491924067796,-0.305149048836166,0.600153388235768,6.95823394194791,0.00166784064065117,488,2337592.10559585
racethn_combn,Other/Multi-Racial/NHAsian,1999-2020,21.2,WTMEC.COMBN,age+gender,inc_to_pov_level,smoke_current,1002,4832659.33124774,81,quasibinomial (logit),Low income,0.846317069322885,0.256348905571094,0.00145985522901549,0.343873214403541,1.34876092424223,6.95823394194791,0.00166784064065117,230,877476.432781698
racethn_combn,NHAsian,1999-2020,21.2,WTMEC.COMBN,age+gender,inc_to_pov_level,smoke_current,2501,4391821.56308643,71,quasibinomial (logit),High income (Intercept),-3.97564583792558,0.32471743343887,9.40789641197434e-19,-4.61209200746576,-3.3391996683854,9.13234897485851,0.000310982356796958,995,1842945.83541191
racethn_combn,NHAsian,1999-2020,21.2,WTMEC.COMBN,age+gender,inc_to_pov_level,smoke_current,2501,4391821.56308643,71,quasibinomial (logit),Middle income,0.795181557497227,0.214677259232368,0.000431524407229947,0.374414129401786,1.21594898559267,9.13234897485851,0.000310982356796958,1129,1975327.00427289
racethn_combn,NHAsian,1999-2020,21.2,WTMEC.COMBN,age+gender,inc_to_pov_level,smoke_current,2501,4391821.56308643,71,quasibinomial (logit),Low income,1.1736335820494,0.296175778259603,0.000182401354795334,0.593129056660581,1.75413810743823,9.13234897485851,0.000310982356796958,377,573548.723401642
racethn_combn,Other/Multi-Racial,1999-2020,21.2,WTMEC.COMBN,age+gender,inc_to_pov_level,smoke_current,723,2383262.46124264,68,quasibinomial (logit),High income (Intercept),-1.5105223340877,0.408537373302724,0.000454118852422792,-2.31125558576104,-0.709789082414359,3.40070488352379,0.0394837323405989,146,576140.669309189
racethn_combn,Other/Multi-Racial,1999-2020,21.2,WTMEC.COMBN,age+gender,inc_to_pov_level,smoke_current,723,2383262.46124264,68,quasibinomial (logit),Middle income,0.229386431590587,0.372057655578214,0.539728680456714,-0.499846573342713,0.958619436523887,3.40070488352379,0.0394837323405989,386,1322328.99459334
racethn_combn,Other/Multi-Racial,1999-2020,21.2,WTMEC.COMBN,age+gender,inc_to_pov_level,smoke_current,723,2383262.46124264,68,quasibinomial (logit),Low income,0.748598983711238,0.375163956550415,0.0502607794024586,0.0132776288724248,1.48392033855005,3.40070488352379,0.0394837323405989,191,484792.797340113
racethn_combn,NHW,1999-2020,21.2,WTMEC.COMBN,age+gender,inc_to_pov_level,smoke_ever,23945,139725195.236194,162,quasibinomial (logit),High income (Intercept),-0.975902604973636,0.0743784078783726,4.52983423610763e-27,-1.12168428441525,-0.830120925532026,133.090750226992,1.3101580018089e-34,8088,60504083.1958273
racethn_combn,NHW,1999-2020,21.2,WTMEC.COMBN,age+gender,inc_to_pov_level,smoke_ever,23945,139725195.236194,162,quasibinomial (logit),Middle income,0.46007971829319,0.0382576520224271,4.59508717101428e-24,0.385094720329232,0.535064716257147,133.090750226992,1.3101580018089e-34,12520,66083886.7465716
racethn_combn,NHW,1999-2020,21.2,WTMEC.COMBN,age+gender,inc_to_pov_level,smoke_ever,23945,139725195.236194,162,quasibinomial (logit),Low income,0.931134135922751,0.0653510031682694,3.75503704466987e-30,0.803046169712943,1.05922210213256,133.090750226992,1.3101580018089e-34,3337,13137225.2937952
racethn_combn,Mexican-American,1999-2020,21.2,WTMEC.COMBN,age+gender,inc_to_pov_level,smoke_ever,8864,16137957.0006307,139,quasibinomial (logit),High income (Intercept),-2.25618955725163,0.127597899842233,5.90821766515941e-37,-2.50628144094241,-2.00609767356086,7.12401199971495,0.00114472074872409,1074,2056531.5765094
racethn_combn,Mexican-American,1999-2020,21.2,WTMEC.COMBN,age+gender,inc_to_pov_level,smoke_ever,8864,16137957.0006307,139,quasibinomial (logit),Middle income,0.196075078467877,0.0829726386917416,0.0195480821105153,0.0334487066320633,0.35870145030369,7.12401199971495,0.00114472074872409,5028,9206805.23964049
racethn_combn,Mexican-American,1999-2020,21.2,WTMEC.COMBN,age+gender,inc_to_pov_level,smoke_ever,8864,16137957.0006307,139,quasibinomial (logit),Low income,0.36124792341693,0.0964681340027698,0.000266450249870942,0.172170380771501,0.550325466062359,7.12401199971495,0.00114472074872409,2762,4874620.18448083
racethn_combn,NHB,1999-2020,21.2,WTMEC.COMBN,age+gender,inc_to_pov_level,smoke_ever,11464,22488030.4214887,152,quasibinomial (logit),High income (Intercept),-2.55775368732779,0.103108734062152,1.37954780132213e-54,-2.75984680608961,-2.35566056856597,94.6153833638671,3.41000395912412e-27,2264,4506736.88146709
racethn_combn,NHB,1999-2020,21.2,WTMEC.COMBN,age+gender,inc_to_pov_level,smoke_ever,11464,22488030.4214887,152,quasibinomial (logit),Middle income,0.480935850916196,0.069281964729756,1.13281283897387e-10,0.345143200045874,0.616728501786517,94.6153833638671,3.41000395912412e-27,6274,12307008.9979276
racethn_combn,NHB,1999-2020,21.2,WTMEC.COMBN,age+gender,inc_to_pov_level,smoke_ever,11464,22488030.4214887,152,quasibinomial (logit),Low income,0.985317660377882,0.0731646989128247,1.71676418962137e-27,0.841914850508746,1.12872047024702,94.6153833638671,3.41000395912412e-27,2926,5674284.54209409
racethn_combn,Other Hispanic,1999-2020,21.2,WTMEC.COMBN,age+gender,inc_to_pov_level,smoke_ever,4331,11348019.8428868,135,quasibinomial (logit),High income (Intercept),-1.66128024374959,0.191980510377486,1.57024102501542e-14,-2.03756204408947,-1.28499844340972,1.40335416456312,0.249441241946311,719,2016903.61906445
racethn_combn,Other Hispanic,1999-2020,21.2,WTMEC.COMBN,age+gender,inc_to_pov_level,smoke_ever,4331,11348019.8428868,135,quasibinomial (logit),Middle income,0.050464257113113,0.130640140591504,0.699912680486569,-0.205590418446235,0.306518932672461,1.40335416456312,0.249441241946311,2327,6164218.12831219
racethn_combn,Other Hispanic,1999-2020,21.2,WTMEC.COMBN,age+gender,inc_to_pov_level,smoke_ever,4331,11348019.8428868,135,quasibinomial (logit),Low income,0.224501919353656,0.164978667537506,0.175915456485614,-0.0988562690198558,0.547860107727169,1.40335416456312,0.249441241946311,1285,3166898.09551015
racethn_combn,Other/Multi-Racial/NHAsian,1999-2020,21.2,WTMEC.COMBN,age+gender,inc_to_pov_level,smoke_ever,1222,5817759.22051028,82,quasibinomial (logit),High income (Intercept),-1.60402979167344,0.295220938501892,6.09955216428369e-07,-2.18266283113715,-1.02539675220973,2.81360246318262,0.0660897064286473,349,1956781.87594679
racethn_combn,Other/Multi-Racial/NHAsian,1999-2020,21.2,WTMEC.COMBN,age+gender,inc_to_pov_level,smoke_ever,1222,5817759.22051028,82,quasibinomial (logit),Middle income,0.145976507571818,0.166124419367008,0.382253179628555,-0.179627354387517,0.471580369531154,2.81360246318262,0.0660897064286473,605,2869231.64486453
racethn_combn,Other/Multi-Racial/NHAsian,1999-2020,21.2,WTMEC.COMBN,age+gender,inc_to_pov_level,smoke_ever,1222,5817759.22051028,82,quasibinomial (logit),Low income,0.50166479765637,0.219008318015346,0.0246867309287386,0.0724084943462922,0.930921100966447,2.81360246318262,0.0660897064286473,268,991745.699698962
racethn_combn,NHAsian,1999-2020,21.2,WTMEC.COMBN,age+gender,inc_to_pov_level,smoke_ever,2935,5070170.26551489,71,quasibinomial (logit),High income (Intercept),-3.59876146103414,0.228007987247631,2.92321216678531e-24,-4.0456571160395,-3.15186580602879,8.31650022087807,0.000594091966190822,1158,2102430.27859349
racethn_combn,NHAsian,1999-2020,21.2,WTMEC.COMBN,age+gender,inc_to_pov_level,smoke_ever,2935,5070170.26551489,71,quasibinomial (logit),Middle income,0.441874682008196,0.118409120934766,0.000394110914901802,0.209792804976054,0.673956559040337,8.31650022087807,0.000594091966190822,1341,2309043.3758183
racethn_combn,NHAsian,1999-2020,21.2,WTMEC.COMBN,age+gender,inc_to_pov_level,smoke_ever,2935,5070170.26551489,71,quasibinomial (logit),Low income,0.575458211604278,0.191979475920178,0.00381575637931592,0.199178438800728,0.951737984407827,8.31650022087807,0.000594091966190822,436,658696.611103095
racethn_combn,Other/Multi-Racial,1999-2020,21.2,WTMEC.COMBN,age+gender,inc_to_pov_level,smoke_ever,940,3218006.14390089,70,quasibinomial (logit),High income (Intercept),-1.40174221001326,0.298384685307777,1.3785742331248e-05,-1.9865761932165,-0.816908226810017,1.90757565541253,0.156534587767081,196,768190.377826868
racethn_combn,Other/Multi-Racial,1999-2020,21.2,WTMEC.COMBN,age+gender,inc_to_pov_level,smoke_ever,940,3218006.14390089,70,quasibinomial (logit),Middle income,0.25321643365795,0.25913617642525,0.3320601495717,-0.25469047213554,0.76112333945144,1.90757565541253,0.156534587767081,515,1846612.10912226
racethn_combn,Other/Multi-Racial,1999-2020,21.2,WTMEC.COMBN,age+gender,inc_to_pov_level,smoke_ever,940,3218006.14390089,70,quasibinomial (logit),Low income,0.566787560337422,0.307557698947832,0.0698400668101591,-0.0360255296003278,1.16960065027517,1.90757565541253,0.156534587767081,229,603203.656951755
racethn_combn,NHW,1999-2020,21.2,WTMEC.COMBN,age+gender,inc_to_pov_level,alch_drink_curr,17634,113307519.920475,162,quasibinomial (logit),High income (Intercept),3.66977593299159,0.187787612265158,5.21670306987003e-44,3.30171221295187,4.0378396530313,127.090612245958,1.26456648411343e-33,6513,52055402.4512388
racethn_combn,NHW,1999-2020,21.2,WTMEC.COMBN,age+gender,inc_to_pov_level,alch_drink_curr,17634,113307519.920475,162,quasibinomial (logit),Middle income,-0.897295915753568,0.065360593333611,9.82506997388708e-29,-1.02540267868745,-0.76918915281969,127.090612245958,1.26456648411343e-33,8856,51386585.6620779
racethn_combn,NHW,1999-2020,21.2,WTMEC.COMBN,age+gender,inc_to_pov_level,alch_drink_curr,17634,113307519.920475,162,quasibinomial (logit),Low income,-1.40071029351957,0.105916162549772,2.35030345711534e-27,-1.60830597211712,-1.19311461492201,127.090612245958,1.26456648411343e-33,2265,9865531.80715844
racethn_combn,Mexican-American,1999-2020,21.2,WTMEC.COMBN,age+gender,inc_to_pov_level,alch_drink_curr,6436,12730602.2906982,135,quasibinomial (logit),High income (Intercept),2.87591341730773,0.182795217401253,5.60987620384042e-32,2.51763479120127,3.23419204341418,57.7691060088987,1.03003507689804e-18,868,1790156.15570383
racethn_combn,Mexican-American,1999-2020,21.2,WTMEC.COMBN,age+gender,inc_to_pov_level,alch_drink_curr,6436,12730602.2906982,135,quasibinomial (logit),Middle income,-0.930903048607676,0.153833673073187,1.41218933253238e-08,-1.23241704783112,-0.629389049384229,57.7691060088987,1.03003507689804e-18,3666,7299371.23455611
racethn_combn,Mexican-American,1999-2020,21.2,WTMEC.COMBN,age+gender,inc_to_pov_level,alch_drink_curr,6436,12730602.2906982,135,quasibinomial (logit),Low income,-1.5239337017167,0.148626080071675,1.79317543385608e-18,-1.81524081865719,-1.23262658477622,57.7691060088987,1.03003507689804e-18,1902,3641074.90043823
racethn_combn,NHB,1999-2020,21.2,WTMEC.COMBN,age+gender,inc_to_pov_level,alch_drink_curr,8144,16941353.99811,148,quasibinomial (logit),High income (Intercept),2.08380465756426,0.132787802618684,5.55519262526304e-33,1.82354056443164,2.34406875069688,12.0261876676603,1.47939532980391e-05,1664,3522039.03886049
racethn_combn,NHB,1999-2020,21.2,WTMEC.COMBN,age+gender,inc_to_pov_level,alch_drink_curr,8144,16941353.99811,148,quasibinomial (logit),Middle income,-0.325700099120315,0.0882047640543264,0.000314396831956344,-0.498581436666795,-0.152818761573835,12.0261876676603,1.47939532980391e-05,4435,9228074.5333747
racethn_combn,NHB,1999-2020,21.2,WTMEC.COMBN,age+gender,inc_to_pov_level,alch_drink_curr,8144,16941353.99811,148,quasibinomial (logit),Low income,-0.500119823325177,0.102898018633766,3.02712168938898e-06,-0.701799939847358,-0.298439706802996,12.0261876676603,1.47939532980391e-05,2045,4191240.42587477
racethn_combn,Other Hispanic,1999-2020,21.2,WTMEC.COMBN,age+gender,inc_to_pov_level,alch_drink_curr,3139,8871393.56884426,126,quasibinomial (logit),High income (Intercept),3.22682661222076,0.318013255081247,6.50541942292522e-18,2.60352063226152,3.85013259218001,26.305183868375,3.17451969076567e-10,585,1718140.95594374
racethn_combn,Other Hispanic,1999-2020,21.2,WTMEC.COMBN,age+gender,inc_to_pov_level,alch_drink_curr,3139,8871393.56884426,126,quasibinomial (logit),Middle income,-1.1857932507235,0.235341023428408,1.64491422835837e-06,-1.64706165664318,-0.724524844803823,26.305183868375,3.17451969076567e-10,1697,4877331.8543994
racethn_combn,Other Hispanic,1999-2020,21.2,WTMEC.COMBN,age+gender,inc_to_pov_level,alch_drink_curr,3139,8871393.56884426,126,quasibinomial (logit),Low income,-1.73370112731133,0.246445327444656,1.25616874445897e-10,-2.21673396910285,-1.2506682855198,26.305183868375,3.17451969076567e-10,857,2275920.75850113
racethn_combn,Other/Multi-Racial/NHAsian,1999-2020,21.2,WTMEC.COMBN,age+gender,inc_to_pov_level,alch_drink_curr,829,4208374.62965359,79,quasibinomial (logit),High income (Intercept),2.22389128431084,0.335476275265118,4.56482896786462e-09,1.5663577847912,2.88142478383047,3.83463249984828,0.0259653698062991,256,1547274.86857538
racethn_combn,Other/Multi-Racial/NHAsian,1999-2020,21.2,WTMEC.COMBN,age+gender,inc_to_pov_level,alch_drink_curr,829,4208374.62965359,79,quasibinomial (logit),Middle income,-0.397315411760671,0.225347428965096,0.0819529277991924,-0.838996372532258,0.0443655490109164,3.83463249984828,0.0259653698062991,393,1973186.10235821
racethn_combn,Other/Multi-Racial/NHAsian,1999-2020,21.2,WTMEC.COMBN,age+gender,inc_to_pov_level,alch_drink_curr,829,4208374.62965359,79,quasibinomial (logit),Low income,-0.799283024858506,0.294073830431384,0.00815400529238788,-1.37566773250402,-0.222898317212993,3.83463249984828,0.0259653698062991,180,687913.65872
racethn_combn,NHAsian,1999-2020,21.2,WTMEC.COMBN,age+gender,inc_to_pov_level,alch_drink_curr,1987,3595504.80315566,70,quasibinomial (logit),High income (Intercept),2.02471405768199,0.213141215758088,5.689799690631e-14,1.60695727479614,2.44247084056784,23.068191981872,2.53112625596782e-08,833,1581710.48744732
racethn_combn,NHAsian,1999-2020,21.2,WTMEC.COMBN,age+gender,inc_to_pov_level,alch_drink_curr,1987,3595504.80315566,70,quasibinomial (logit),Middle income,-0.698145142251687,0.128930099586559,9.22229866316478e-07,-0.950848137441344,-0.445442147062031,23.068191981872,2.53112625596782e-08,872,1554160.59311113
racethn_combn,NHAsian,1999-2020,21.2,WTMEC.COMBN,age+gender,inc_to_pov_level,alch_drink_curr,1987,3595504.80315566,70,quasibinomial (logit),Low income,-0.905009321287206,0.157170234779349,2.41473001176265e-07,-1.21306298145473,-0.596955661119681,23.068191981872,2.53112625596782e-08,282,459633.722597208
racethn_combn,Other/Multi-Racial,1999-2020,21.2,WTMEC.COMBN,age+gender,inc_to_pov_level,alch_drink_curr,755,2729196.70311706,69,quasibinomial (logit),High income (Intercept),3.28832262650014,0.615297107313728,1.24973321784404e-06,2.08234029616523,4.49430495683504,3.22445696345148,0.0462195873652778,164,676877.842310453
racethn_combn,Other/Multi-Racial,1999-2020,21.2,WTMEC.COMBN,age+gender,inc_to_pov_level,alch_drink_curr,755,2729196.70311706,69,quasibinomial (logit),Middle income,-0.885378045708154,0.445844404831603,0.0512712890711729,-1.7592330791781,-0.0115230122382123,3.22445696345148,0.0462195873652778,420,1594061.11254513
racethn_combn,Other/Multi-Racial,1999-2020,21.2,WTMEC.COMBN,age+gender,inc_to_pov_level,alch_drink_curr,755,2729196.70311706,69,quasibinomial (logit),Low income,-1.21647201800846,0.4842523684787,0.0144950372358994,-2.16560666022671,-0.267337375790207,3.22445696345148,0.0462195873652778,171,458257.748261472
racethn_combn,NHW,1999-2020,21.2,WTMEC.COMBN,age+gender,inc_to_pov_level,alch_drink_daily,17634,113307519.920475,162,quasibinomial (logit),High income (Intercept),-5.02710622790809,0.125885118981785,1.83054632013449e-84,-5.27384106111239,-4.78037139470379,18.7169715900627,5.06885992922767e-08,6513,52055402.4512388
racethn_combn,NHW,1999-2020,21.2,WTMEC.COMBN,age+gender,inc_to_pov_level,alch_drink_daily,17634,113307519.920475,162,quasibinomial (logit),Middle income,-0.363978341540751,0.067664173645659,2.65179109350211e-07,-0.496600121886243,-0.231356561195259,18.7169715900627,5.06885992922767e-08,8856,51386585.6620779
racethn_combn,NHW,1999-2020,21.2,WTMEC.COMBN,age+gender,inc_to_pov_level,alch_drink_daily,17634,113307519.920475,162,quasibinomial (logit),Low income,-0.645849862372192,0.131673683321678,2.30341338774885e-06,-0.903930281682681,-0.387769443061702,18.7169715900627,5.06885992922767e-08,2265,9865531.80715844
racethn_combn,Mexican-American,1999-2020,21.2,WTMEC.COMBN,age+gender,inc_to_pov_level,alch_drink_daily,6436,12730602.2906982,135,quasibinomial (logit),High income (Intercept),-6.38975754338447,0.473395832114776,1.45824567360935e-26,-7.31761337432943,-5.46190171243951,0.771043560395369,0.464617573864288,868,1790156.15570383
racethn_combn,Mexican-American,1999-2020,21.2,WTMEC.COMBN,age+gender,inc_to_pov_level,alch_drink_daily,6436,12730602.2906982,135,quasibinomial (logit),Middle income,-0.18316173026107,0.22818642478109,0.423610921319938,-0.630407122832006,0.264083662309866,0.771043560395369,0.464617573864288,3666,7299371.23455611
racethn_combn,Mexican-American,1999-2020,21.2,WTMEC.COMBN,age+gender,inc_to_pov_level,alch_drink_daily,6436,12730602.2906982,135,quasibinomial (logit),Low income,-0.305328165526548,0.24731236065108,0.219194911371064,-0.790060392402665,0.179404061349568,0.771043560395369,0.464617573864288,1902,3641074.90043823
racethn_combn,NHB,1999-2020,21.2,WTMEC.COMBN,age+gender,inc_to_pov_level,alch_drink_daily,8144,16941353.99811,148,quasibinomial (logit),High income (Intercept),-5.46230492513594,0.268258609352224,3.13133281280533e-44,-5.9880917994663,-4.93651805080559,10.6873039528676,4.7026629201358e-05,1664,3522039.03886049
racethn_combn,NHB,1999-2020,21.2,WTMEC.COMBN,age+gender,inc_to_pov_level,alch_drink_daily,8144,16941353.99811,148,quasibinomial (logit),Middle income,0.424464792442292,0.18290612848583,0.0217087941986717,0.0659687806100663,0.782960804274518,10.6873039528676,4.7026629201358e-05,4435,9228074.5333747
racethn_combn,NHB,1999-2020,21.2,WTMEC.COMBN,age+gender,inc_to_pov_level,alch_drink_daily,8144,16941353.99811,148,quasibinomial (logit),Low income,0.85157399393848,0.200590417797555,3.89307111629022e-05,0.458416775055272,1.24473121282169,10.6873039528676,4.7026629201358e-05,2045,4191240.42587477
racethn_combn,Other Hispanic,1999-2020,21.2,WTMEC.COMBN,age+gender,inc_to_pov_level,alch_drink_daily,3139,8871393.56884426,126,quasibinomial (logit),High income (Intercept),-5.84338356787757,0.591955906622781,3.00064156260599e-17,-7.00361714485822,-4.68314999089692,9.69526325700642,0.000123683183822585,585,1718140.95594374
racethn_combn,Other Hispanic,1999-2020,21.2,WTMEC.COMBN,age+gender,inc_to_pov_level,alch_drink_daily,3139,8871393.56884426,126,quasibinomial (logit),Middle income,-1.43114921838481,0.325243840131145,2.33014786668601e-05,-2.06862714504185,-0.793671291727767,9.69526325700642,0.000123683183822585,1697,4877331.8543994
racethn_combn,Other Hispanic,1999-2020,21.2,WTMEC.COMBN,age+gender,inc_to_pov_level,alch_drink_daily,3139,8871393.56884426,126,quasibinomial (logit),Low income,-0.832976108534852,0.461135967354691,0.0733277073312949,-1.73680260455005,0.0708503874803429,9.69526325700642,0.000123683183822585,857,2275920.75850113
racethn_combn,Other/Multi-Racial/NHAsian,1999-2020,21.2,WTMEC.COMBN,age+gender,inc_to_pov_level,alch_drink_daily,829,4208374.62965359,79,quasibinomial (logit),High income (Intercept),-4.98093932794057,0.905307677698828,4.99763954607574e-07,-6.75534237623028,-3.20653627965087,0.242465813847839,0.785303262529125,256,1547274.86857538
racethn_combn,Other/Multi-Racial/NHAsian,1999-2020,21.2,WTMEC.COMBN,age+gender,inc_to_pov_level,alch_drink_daily,829,4208374.62965359,79,quasibinomial (logit),Middle income,-0.0291462661589208,0.574488364470321,0.959672120563779,-1.15514346052075,1.09685092820291,0.242465813847839,0.785303262529125,393,1973186.10235821
racethn_combn,Other/Multi-Racial/NHAsian,1999-2020,21.2,WTMEC.COMBN,age+gender,inc_to_pov_level,alch_drink_daily,829,4208374.62965359,79,quasibinomial (logit),Low income,0.298675142840157,0.641961141840987,0.643097506127207,-0.959568695168177,1.55691898084849,0.242465813847839,0.785303262529125,180,687913.65872
racethn_combn,NHAsian,1999-2020,21.2,WTMEC.COMBN,age+gender,inc_to_pov_level,alch_drink_daily,1987,3595504.80315566,70,quasibinomial (logit),High income (Intercept),-6.73195463341222,0.652456568663897,2.11729783474151e-15,-8.01076950799346,-5.45313975883098,0.0954643343972874,0.909076056569326,833,1581710.48744732
racethn_combn,NHAsian,1999-2020,21.2,WTMEC.COMBN,age+gender,inc_to_pov_level,alch_drink_daily,1987,3595504.80315566,70,quasibinomial (logit),Middle income,0.127550821858129,0.293040454250028,0.664788792252548,-0.446808468471925,0.701910112188183,0.0954643343972874,0.909076056569326,872,1554160.59311113
racethn_combn,NHAsian,1999-2020,21.2,WTMEC.COMBN,age+gender,inc_to_pov_level,alch_drink_daily,1987,3595504.80315566,70,quasibinomial (logit),Low income,0.0488562285363273,0.430318792903658,0.909951099034724,-0.794568605554842,0.892281062627497,0.0954643343972874,0.909076056569326,282,459633.722597208
racethn_combn,Other/Multi-Racial,1999-2020,21.2,WTMEC.COMBN,age+gender,inc_to_pov_level,alch_drink_daily,755,2729196.70311706,69,quasibinomial (logit),High income (Intercept),-6.70286420066512,0.887305031853091,1.80806524096221e-10,-8.44198206309718,-4.96374633823307,0.892702250332465,0.414508430183213,164,676877.842310453
racethn_combn,Other/Multi-Racial,1999-2020,21.2,WTMEC.COMBN,age+gender,inc_to_pov_level,alch_drink_daily,755,2729196.70311706,69,quasibinomial (logit),Middle income,-0.512257330389254,0.532403611317159,0.339535149383556,-1.55576840857088,0.531253747792377,0.892702250332465,0.414508430183213,420,1594061.11254513
racethn_combn,Other/Multi-Racial,1999-2020,21.2,WTMEC.COMBN,age+gender,inc_to_pov_level,alch_drink_daily,755,2729196.70311706,69,quasibinomial (logit),Low income,-0.0383087666515039,0.799165890067262,0.961914282651424,-1.60467391118334,1.52805637788033,0.892702250332465,0.414508430183213,171,458257.748261472
racethn_combn,NHW,1999-2020,21.2,WTMEC.COMBN,age+gender,inc_to_pov_level,alch_drink_weekly,17634,113307519.920475,162,quasibinomial (logit),High income (Intercept),-0.105603316198499,0.080581919658087,0.191925570555618,-0.263543878728349,0.052337246331352,135.485718833313,5.39595270832856e-35,6513,52055402.4512388
racethn_combn,NHW,1999-2020,21.2,WTMEC.COMBN,age+gender,inc_to_pov_level,alch_drink_weekly,17634,113307519.920475,162,quasibinomial (logit),Middle income,-0.576554402503768,0.045214600789611,4.67123866285294e-26,-0.665175020051406,-0.487933784956131,135.485718833313,5.39595270832856e-35,8856,51386585.6620779
racethn_combn,NHW,1999-2020,21.2,WTMEC.COMBN,age+gender,inc_to_pov_level,alch_drink_weekly,17634,113307519.920475,162,quasibinomial (logit),Low income,-0.978074085524165,0.067124227804059,4.98089205582119e-31,-1.10963757202012,-0.846510599028209,135.485718833313,5.39595270832856e-35,2265,9865531.80715844
racethn_combn,Mexican-American,1999-2020,21.2,WTMEC.COMBN,age+gender,inc_to_pov_level,alch_drink_weekly,6436,12730602.2906982,135,quasibinomial (logit),High income (Intercept),-1.18790954110834,0.139628010212126,3.5326757305597e-14,-1.46158044112411,-0.914238641092572,33.2581724759452,2.0857906764265e-12,868,1790156.15570383
racethn_combn,Mexican-American,1999-2020,21.2,WTMEC.COMBN,age+gender,inc_to_pov_level,alch_drink_weekly,6436,12730602.2906982,135,quasibinomial (logit),Middle income,-0.646322415183986,0.0896959198125588,4.08194092630339e-11,-0.822126418016601,-0.470518412351371,33.2581724759452,2.0857906764265e-12,3666,7299371.23455611
racethn_combn,Mexican-American,1999-2020,21.2,WTMEC.COMBN,age+gender,inc_to_pov_level,alch_drink_weekly,6436,12730602.2906982,135,quasibinomial (logit),Low income,-0.888341377833345,0.12100729478401,1.99735882614879e-11,-1.12551567561,-0.651167080056685,33.2581724759452,2.0857906764265e-12,1902,3641074.90043823
racethn_combn,NHB,1999-2020,21.2,WTMEC.COMBN,age+gender,inc_to_pov_level,alch_drink_weekly,8144,16941353.99811,148,quasibinomial (logit),High income (Intercept),-1.43537705004295,0.118705455614073,1.13319152061605e-23,-1.66803974304653,-1.20271435703937,1.2928429964234,0.277655857127099,1664,3522039.03886049
racethn_combn,NHB,1999-2020,21.2,WTMEC.COMBN,age+gender,inc_to_pov_level,alch_drink_weekly,8144,16941353.99811,148,quasibinomial (logit),Middle income,-0.0208942094645943,0.0767947225999749,0.785951213303132,-0.171411865760545,0.129623446831356,1.2928429964234,0.277655857127099,4435,9228074.5333747
racethn_combn,NHB,1999-2020,21.2,WTMEC.COMBN,age+gender,inc_to_pov_level,alch_drink_weekly,8144,16941353.99811,148,quasibinomial (logit),Low income,0.0822275385903945,0.0944715985826062,0.385533616719328,-0.102936794631514,0.267391871812303,1.2928429964234,0.277655857127099,2045,4191240.42587477
racethn_combn,Other Hispanic,1999-2020,21.2,WTMEC.COMBN,age+gender,inc_to_pov_level,alch_drink_weekly,3139,8871393.56884426,126,quasibinomial (logit),High income (Intercept),-0.839890946650593,0.203487320912633,6.74006832168277e-05,-1.23872609563935,-0.441055797661832,24.487435439252,1.14572481998134e-09,585,1718140.95594374
racethn_combn,Other Hispanic,1999-2020,21.2,WTMEC.COMBN,age+gender,inc_to_pov_level,alch_drink_weekly,3139,8871393.56884426,126,quasibinomial (logit),Middle income,-0.678069738243398,0.144625038727821,7.23660511778366e-06,-0.961534814149927,-0.394604662336869,24.487435439252,1.14572481998134e-09,1697,4877331.8543994
racethn_combn,Other Hispanic,1999-2020,21.2,WTMEC.COMBN,age+gender,inc_to_pov_level,alch_drink_weekly,3139,8871393.56884426,126,quasibinomial (logit),Low income,-1.14755185524568,0.167667841130979,3.3042463916967e-10,-1.4761808238624,-0.818922886628959,24.487435439252,1.14572481998134e-09,857,2275920.75850113
racethn_combn,Other/Multi-Racial/NHAsian,1999-2020,21.2,WTMEC.COMBN,age+gender,inc_to_pov_level,alch_drink_weekly,829,4208374.62965359,79,quasibinomial (logit),High income (Intercept),-0.890440798041085,0.289212325438184,0.00290265924164269,-1.45729695589993,-0.323584640182245,1.10759057739203,0.335696123802978,256,1547274.86857538
racethn_combn,Other/Multi-Racial/NHAsian,1999-2020,21.2,WTMEC.COMBN,age+gender,inc_to_pov_level,alch_drink_weekly,829,4208374.62965359,79,quasibinomial (logit),Middle income,-0.148962773659394,0.195514110281988,0.448507285911291,-0.532170429812091,0.234244882493302,1.10759057739203,0.335696123802978,393,1973186.10235821
racethn_combn,Other/Multi-Racial/NHAsian,1999-2020,21.2,WTMEC.COMBN,age+gender,inc_to_pov_level,alch_drink_weekly,829,4208374.62965359,79,quasibinomial (logit),Low income,-0.397905024069076,0.268778625496282,0.14295018289735,-0.924711130041788,0.128901081903638,1.10759057739203,0.335696123802978,180,687913.65872
racethn_combn,NHAsian,1999-2020,21.2,WTMEC.COMBN,age+gender,inc_to_pov_level,alch_drink_weekly,1987,3595504.80315566,70,quasibinomial (logit),High income (Intercept),-1.08357860320365,0.230616105579612,1.37425454267624e-05,-1.53558617013969,-0.631571036267613,4.13385688876718,0.0203492336206444,833,1581710.48744732
racethn_combn,NHAsian,1999-2020,21.2,WTMEC.COMBN,age+gender,inc_to_pov_level,alch_drink_weekly,1987,3595504.80315566,70,quasibinomial (logit),Middle income,-0.348542309447168,0.126855458568249,0.00773335296562671,-0.597179008240936,-0.0999056106534002,4.13385688876718,0.0203492336206444,872,1554160.59311113
racethn_combn,NHAsian,1999-2020,21.2,WTMEC.COMBN,age+gender,inc_to_pov_level,alch_drink_weekly,1987,3595504.80315566,70,quasibinomial (logit),Low income,-0.0824939114185803,0.206547365095977,0.690891949857481,-0.487326747006695,0.322338924169534,4.13385688876718,0.0203492336206444,282,459633.722597208
racethn_combn,Other/Multi-Racial,1999-2020,21.2,WTMEC.COMBN,age+gender,inc_to_pov_level,alch_drink_weekly,755,2729196.70311706,69,quasibinomial (logit),High income (Intercept),-0.428605392816539,0.34155297654395,0.214018318681094,-1.09804922684268,0.240838441209603,0.971211141305728,0.384050063546779,164,676877.842310453
racethn_combn,Other/Multi-Racial,1999-2020,21.2,WTMEC.COMBN,age+gender,inc_to_pov_level,alch_drink_weekly,755,2729196.70311706,69,quasibinomial (logit),Middle income,-0.338271693916971,0.267489482246412,0.210524295453694,-0.862551079119937,0.186007691285996,0.971211141305728,0.384050063546779,420,1594061.11254513
racethn_combn,Other/Multi-Racial,1999-2020,21.2,WTMEC.COMBN,age+gender,inc_to_pov_level,alch_drink_weekly,755,2729196.70311706,69,quasibinomial (logit),Low income,-0.482890830030298,0.372672089937998,0.199643265494374,-1.21332812630877,0.247546466248179,0.971211141305728,0.384050063546779,171,458257.748261472
racethn_combn,NHW,1999-2020,21.2,WTMEC.COMBN,age+gender,inc_to_pov_level,pa_total_mets_wk,24691,142183776.889892,162,gaussian (identity),High income (Intercept),4117.40475761905,136.723279201324,2.35858781694556e-67,3849.42713038446,4385.38238485365,12.9191417196489,6.36017886025253e-06,8268,61159316.7132371
racethn_combn,NHW,1999-2020,21.2,WTMEC.COMBN,age+gender,inc_to_pov_level,pa_total_mets_wk,24691,142183776.889892,162,gaussian (identity),Middle income,427.383237943792,94.0203605861295,1.08342854697125e-05,243.103331194978,611.663144692605,12.9191417196489,6.36017886025253e-06,12864,67244768.0642414
racethn_combn,NHW,1999-2020,21.2,WTMEC.COMBN,age+gender,inc_to_pov_level,pa_total_mets_wk,24691,142183776.889892,162,gaussian (identity),Low income,572.400751630095,178.175302654425,0.00159447861300996,223.177158427422,921.624344832769,12.9191417196489,6.36017886025253e-06,3559,13779692.1124135
racethn_combn,Other/Multi-Racial/NHAsian,1999-2020,21.2,WTMEC.COMBN,age+gender,inc_to_pov_level,pa_total_mets_wk,1345,6089631.95157407,84,gaussian (identity),High income (Intercept),1863.53988566615,466.809268565348,0.000144405389663288,948.593719278067,2778.48605205423,0.606546651577652,0.547718460194534,367,1990190.00589934
racethn_combn,Other/Multi-Racial/NHAsian,1999-2020,21.2,WTMEC.COMBN,age+gender,inc_to_pov_level,pa_total_mets_wk,1345,6089631.95157407,84,gaussian (identity),Middle income,-234.876267273372,344.195340657357,0.496962056158156,-909.499134961792,439.746600415049,0.606546651577652,0.547718460194534,656,2986228.37699453
racethn_combn,Other/Multi-Racial/NHAsian,1999-2020,21.2,WTMEC.COMBN,age+gender,inc_to_pov_level,pa_total_mets_wk,1345,6089631.95157407,84,gaussian (identity),Low income,173.801350153915,504.720477365391,0.731485368063793,-815.450785482252,1163.05348579008,0.606546651577652,0.547718460194534,322,1113213.5686802
racethn_combn,Mexican-American,1999-2020,21.2,WTMEC.COMBN,age+gender,inc_to_pov_level,pa_total_mets_wk,9733,16651515.6194626,144,gaussian (identity),High income (Intercept),3394.83837009878,417.652665615355,2.07347546459162e-13,2576.23914549269,4213.43759470488,0.221889728253833,0.801284839119161,1124,2084405.25721711
racethn_combn,Mexican-American,1999-2020,21.2,WTMEC.COMBN,age+gender,inc_to_pov_level,pa_total_mets_wk,9733,16651515.6194626,144,gaussian (identity),Middle income,230.996586182903,365.193479451212,0.528070983682734,-484.782633541472,946.775805907278,0.221889728253833,0.801284839119161,5497,9478831.96022711
racethn_combn,Mexican-American,1999-2020,21.2,WTMEC.COMBN,age+gender,inc_to_pov_level,pa_total_mets_wk,9733,16651515.6194626,144,gaussian (identity),Low income,234.704467574512,366.514017430903,0.522978986862105,-483.663006590058,953.071941739081,0.221889728253833,0.801284839119161,3112,5088278.40201838
racethn_combn,NHB,1999-2020,21.2,WTMEC.COMBN,age+gender,inc_to_pov_level,pa_total_mets_wk,12306,23133454.7170091,153,gaussian (identity),High income (Intercept),4441.25415329677,237.576248607559,6.59219516061914e-41,3975.60470602595,4906.90360056759,0.510638968549597,0.601158345052203,2353,4572839.2913026
racethn_combn,NHB,1999-2020,21.2,WTMEC.COMBN,age+gender,inc_to_pov_level,pa_total_mets_wk,12306,23133454.7170091,153,gaussian (identity),Middle income,152.880538368049,160.355755873935,0.34193987168333,-161.416743144864,467.177819880963,0.510638968549597,0.601158345052203,6631,12563357.5083882
racethn_combn,NHB,1999-2020,21.2,WTMEC.COMBN,age+gender,inc_to_pov_level,pa_total_mets_wk,12306,23133454.7170091,153,gaussian (identity),Low income,159.585129002887,211.453361250141,0.451616582262809,-254.863459047389,574.033717053162,0.510638968549597,0.601158345052203,3322,5997257.91731825
racethn_combn,Other Hispanic,1999-2020,21.2,WTMEC.COMBN,age+gender,inc_to_pov_level,pa_total_mets_wk,4490,11625295.1518187,138,gaussian (identity),High income (Intercept),4217.027813572,384.042363154412,2.10293489113691e-20,3464.30478178935,4969.75084535465,1.26280085241526,0.286204751659294,730,2036949.20514162
racethn_combn,Other Hispanic,1999-2020,21.2,WTMEC.COMBN,age+gender,inc_to_pov_level,pa_total_mets_wk,4490,11625295.1518187,138,gaussian (identity),Middle income,257.174912396661,297.038127563654,0.388148629141519,-325.0198176281,839.369642421423,1.26280085241526,0.286204751659294,2405,6293867.5625739
racethn_combn,Other Hispanic,1999-2020,21.2,WTMEC.COMBN,age+gender,inc_to_pov_level,pa_total_mets_wk,4490,11625295.1518187,138,gaussian (identity),Low income,546.664059298065,344.773090102846,0.115192538358158,-129.091197303514,1222.41931589964,1.26280085241526,0.286204751659294,1355,3294478.38410318
racethn_combn,NHAsian,1999-2020,21.2,WTMEC.COMBN,age+gender,inc_to_pov_level,pa_total_mets_wk,2959,5087420.39448013,71,gaussian (identity),High income (Intercept),3455.41167905096,282.226264321509,9.40760774863525e-19,2902.2482009808,4008.57515712111,1.75238210367169,0.181212156996807,1158,2101440.19495534
racethn_combn,NHAsian,1999-2020,21.2,WTMEC.COMBN,age+gender,inc_to_pov_level,pa_total_mets_wk,2959,5087420.39448013,71,gaussian (identity),Middle income,296.799648381676,178.652437988682,0.101321067388693,-53.3591300761403,646.958426839491,1.75238210367169,0.181212156996807,1357,2321678.8485284
racethn_combn,NHAsian,1999-2020,21.2,WTMEC.COMBN,age+gender,inc_to_pov_level,pa_total_mets_wk,2959,5087420.39448013,71,gaussian (identity),Low income,195.592447561678,256.10933861843,0.447723034369591,-306.381856130444,697.566751253801,1.75238210367169,0.181212156996807,444,664301.350996396
racethn_combn,Other/Multi-Racial,1999-2020,21.2,WTMEC.COMBN,age+gender,inc_to_pov_level,pa_total_mets_wk,944,3221910.9325584,71,gaussian (identity),High income (Intercept),5871.50481128293,1004.53565528229,1.64650069885549e-07,3902.61492692964,7840.39469563621,3.26760637733831,0.0442498248278728,197,757030.426582453
racethn_combn,Other/Multi-Racial,1999-2020,21.2,WTMEC.COMBN,age+gender,inc_to_pov_level,pa_total_mets_wk,944,3221910.9325584,71,gaussian (identity),Middle income,1468.31654339143,655.813151019396,0.0284862099992035,182.922767393417,2753.71031938945,3.26760637733831,0.0442498248278728,518,1864070.80942494
racethn_combn,Other/Multi-Racial,1999-2020,21.2,WTMEC.COMBN,age+gender,inc_to_pov_level,pa_total_mets_wk,944,3221910.9325584,71,gaussian (identity),Low income,1415.85389918973,687.791936026878,0.0434291385160488,67.7817045770482,2763.92609380241,3.26760637733831,0.0442498248278728,229,600809.696551
racethn_combn,NHW,1999-2020,21.2,WTMEC.COMBN,age+gender,inc_to_pov_level,pa_meets_guidelines,24691,142183776.889892,162,quasibinomial (logit),High income (Intercept),1.57647947440903,0.0668600349293208,1.28573393488662e-53,1.44543380594756,1.7075251428705,66.6361513463547,1.0334130059209e-21,8268,61159316.7132371
racethn_combn,NHW,1999-2020,21.2,WTMEC.COMBN,age+gender,inc_to_pov_level,pa_meets_guidelines,24691,142183776.889892,162,quasibinomial (logit),Middle income,-0.446539147551376,0.0457094338871637,6.28169568704134e-18,-0.536129637970217,-0.356948657132535,66.6361513463547,1.0334130059209e-21,12864,67244768.0642414
racethn_combn,NHW,1999-2020,21.2,WTMEC.COMBN,age+gender,inc_to_pov_level,pa_meets_guidelines,24691,142183776.889892,162,quasibinomial (logit),Low income,-0.652745135418037,0.0695565434888335,6.62292740685299e-17,-0.78907596065615,-0.516414310179923,66.6361513463547,1.0334130059209e-21,3559,13779692.1124135
racethn_combn,Other/Multi-Racial/NHAsian,1999-2020,21.2,WTMEC.COMBN,age+gender,inc_to_pov_level,pa_meets_guidelines,1345,6089631.95157407,84,quasibinomial (logit),High income (Intercept),0.397236811939032,0.209172821910614,0.0611582292658644,-0.0127419190057722,0.807215542883836,0.659042305858376,0.52013233798174,367,1990190.00589934
racethn_combn,Other/Multi-Racial/NHAsian,1999-2020,21.2,WTMEC.COMBN,age+gender,inc_to_pov_level,pa_meets_guidelines,1345,6089631.95157407,84,quasibinomial (logit),Middle income,-0.180903515274754,0.188715173971976,0.34064539673817,-0.550785256259826,0.188978225710318,0.659042305858376,0.52013233798174,656,2986228.37699453
racethn_combn,Other/Multi-Racial/NHAsian,1999-2020,21.2,WTMEC.COMBN,age+gender,inc_to_pov_level,pa_meets_guidelines,1345,6089631.95157407,84,quasibinomial (logit),Low income,-0.262921661564248,0.239359770108826,0.275308573132483,-0.732066810977547,0.206223487849051,0.659042305858376,0.52013233798174,322,1113213.5686802
racethn_combn,Mexican-American,1999-2020,21.2,WTMEC.COMBN,age+gender,inc_to_pov_level,pa_meets_guidelines,9733,16651515.6194626,144,quasibinomial (logit),High income (Intercept),1.1311920815336,0.11735169256889,3.53242198387277e-17,0.901182764098574,1.36120139896862,21.4545483057771,7.45574702498605e-09,1124,2084405.25721711
racethn_combn,Mexican-American,1999-2020,21.2,WTMEC.COMBN,age+gender,inc_to_pov_level,pa_meets_guidelines,9733,16651515.6194626,144,quasibinomial (logit),Middle income,-0.449999806992533,0.0884687760578388,1.15087332198618e-06,-0.623398608065897,-0.276601005919169,21.4545483057771,7.45574702498605e-09,5497,9478831.96022711
racethn_combn,Mexican-American,1999-2020,21.2,WTMEC.COMBN,age+gender,inc_to_pov_level,pa_meets_guidelines,9733,16651515.6194626,144,quasibinomial (logit),Low income,-0.585205111625286,0.0895158863347461,1.08396358623357e-09,-0.760656248841388,-0.409753974409183,21.4545483057771,7.45574702498605e-09,3112,5088278.40201838
racethn_combn,NHB,1999-2020,21.2,WTMEC.COMBN,age+gender,inc_to_pov_level,pa_meets_guidelines,12306,23133454.7170091,153,quasibinomial (logit),High income (Intercept),1.25373126635067,0.0982695979624276,1.16150895386373e-25,1.06112285434431,1.44633967835703,22.1937008641596,3.65997149233499e-09,2353,4572839.2913026
racethn_combn,NHB,1999-2020,21.2,WTMEC.COMBN,age+gender,inc_to_pov_level,pa_meets_guidelines,12306,23133454.7170091,153,quasibinomial (logit),Middle income,-0.331421142533902,0.0608146300193424,2.04245181684734e-07,-0.450617817371813,-0.212224467695991,22.1937008641596,3.65997149233499e-09,6631,12563357.5083882
racethn_combn,NHB,1999-2020,21.2,WTMEC.COMBN,age+gender,inc_to_pov_level,pa_meets_guidelines,12306,23133454.7170091,153,quasibinomial (logit),Low income,-0.46773081226594,0.0732601747451685,2.06264273478617e-09,-0.61132075476647,-0.32414086976541,22.1937008641596,3.65997149233499e-09,3322,5997257.91731825
racethn_combn,Other Hispanic,1999-2020,21.2,WTMEC.COMBN,age+gender,inc_to_pov_level,pa_meets_guidelines,4490,11625295.1518187,138,quasibinomial (logit),High income (Intercept),1.6259970379626,0.134352119373145,3.04327220311799e-23,1.36266688399123,1.88932719193396,15.3493031183002,9.94939297783825e-07,730,2036949.20514162
racethn_combn,Other Hispanic,1999-2020,21.2,WTMEC.COMBN,age+gender,inc_to_pov_level,pa_meets_guidelines,4490,11625295.1518187,138,quasibinomial (logit),Middle income,-0.566919705705782,0.135443304015608,5.11577267676654e-05,-0.832388581576375,-0.30145082983519,15.3493031183002,9.94939297783825e-07,2405,6293867.5625739
racethn_combn,Other Hispanic,1999-2020,21.2,WTMEC.COMBN,age+gender,inc_to_pov_level,pa_meets_guidelines,4490,11625295.1518187,138,quasibinomial (logit),Low income,-0.777906477982491,0.142709009736733,2.32886937541202e-07,-1.05761613706649,-0.498196818898494,15.3493031183002,9.94939297783825e-07,1355,3294478.38410318
racethn_combn,NHAsian,1999-2020,21.2,WTMEC.COMBN,age+gender,inc_to_pov_level,pa_meets_guidelines,2959,5087420.39448013,71,quasibinomial (logit),High income (Intercept),1.4376898221242,0.178276134434846,1.84188712688868e-11,1.08826859863191,1.7871110456165,3.61899683275034,0.0321756486591252,1158,2101440.19495534
racethn_combn,NHAsian,1999-2020,21.2,WTMEC.COMBN,age+gender,inc_to_pov_level,pa_meets_guidelines,2959,5087420.39448013,71,quasibinomial (logit),Middle income,-0.23797367417876,0.10166445923152,0.0222286517865569,-0.437236014272539,-0.0387113340849806,3.61899683275034,0.0321756486591252,1357,2321678.8485284
racethn_combn,NHAsian,1999-2020,21.2,WTMEC.COMBN,age+gender,inc_to_pov_level,pa_meets_guidelines,2959,5087420.39448013,71,quasibinomial (logit),Low income,-0.252812230236045,0.125757714756237,0.0484263705539835,-0.499297351158269,-0.00632710931382166,3.61899683275034,0.0321756486591252,444,664301.350996396
racethn_combn,Other/Multi-Racial,1999-2020,21.2,WTMEC.COMBN,age+gender,inc_to_pov_level,pa_meets_guidelines,944,3221910.9325584,71,quasibinomial (logit),High income (Intercept),2.46795060673389,0.379784306540817,1.18441665916731e-08,1.72357336591389,3.21232784755389,0.374699654564996,0.688927229945282,197,757030.426582453
racethn_combn,Other/Multi-Racial,1999-2020,21.2,WTMEC.COMBN,age+gender,inc_to_pov_level,pa_meets_guidelines,944,3221910.9325584,71,quasibinomial (logit),Middle income,-0.244935073805086,0.294449277330123,0.408453549655813,-0.822055657372127,0.332185509761955,0.374699654564996,0.688927229945282,518,1864070.80942494
racethn_combn,Other/Multi-Racial,1999-2020,21.2,WTMEC.COMBN,age+gender,inc_to_pov_level,pa_meets_guidelines,944,3221910.9325584,71,quasibinomial (logit),Low income,-0.190997692048135,0.357680770821409,0.595116313825931,-0.892052002858097,0.510056618761827,0.374699654564996,0.688927229945282,229,600809.696551
racethn_combn,NHB,2005-2020,15.2,WTDR.COMBN,age+gender,inc_to_pov_level,hei2015_total,7279,24173277.1131004,114,gaussian (identity),High income (Intercept),45.8651033888962,0.684013244382325,4.77183806050758e-91,44.5244374299069,47.2057693478856,38.8790636585637,1.69303801145581e-13,1425,4649337.05999493
racethn_combn,NHB,2005-2020,15.2,WTDR.COMBN,age+gender,inc_to_pov_level,hei2015_total,7279,24173277.1131004,114,gaussian (identity),Middle income,-3.18699116045765,0.471517241391775,6.93019943826178e-10,-4.11116495358553,-2.26281736732977,38.8790636585637,1.69303801145581e-13,3956,13030015.1602926
racethn_combn,NHB,2005-2020,15.2,WTDR.COMBN,age+gender,inc_to_pov_level,hei2015_total,7279,24173277.1131004,114,gaussian (identity),Low income,-5.16934886128271,0.600227730530226,5.7740724807748e-14,-6.34579521312195,-3.99290250944346,38.8790636585637,1.69303801145581e-13,1898,6493924.89281287
racethn_combn,NHW,2005-2020,15.2,WTDR.COMBN,age+gender,inc_to_pov_level,hei2015_total,14184,147065522.955781,118,gaussian (identity),High income (Intercept),47.8925414052604,0.591117088210712,1.29960105982557e-102,46.7339519123674,49.0511308981534,71.9297500407729,6.23358311004816e-21,4687,65074187.2752222
racethn_combn,NHW,2005-2020,15.2,WTDR.COMBN,age+gender,inc_to_pov_level,hei2015_total,14184,147065522.955781,118,gaussian (identity),Middle income,-3.68049347797607,0.40358418756326,3.11305433034701e-15,-4.47151848560006,-2.88946847035208,71.9297500407729,6.23358311004816e-21,7435,68298390.5471064
racethn_combn,NHW,2005-2020,15.2,WTDR.COMBN,age+gender,inc_to_pov_level,hei2015_total,14184,147065522.955781,118,gaussian (identity),Low income,-5.95828829661359,0.512612866391912,4.490489891076e-21,-6.96300951474174,-4.95356707848544,71.9297500407729,6.23358311004816e-21,2062,13692945.133452
racethn_combn,Other Hispanic,2005-2020,15.2,WTDR.COMBN,age+gender,inc_to_pov_level,hei2015_total,2901,11798758.0182606,106,gaussian (identity),High income (Intercept),46.6544686931375,1.13752610824646,3.34781836153412e-65,44.4249175209744,48.8840198653005,4.04319406841904,0.0204265012535919,509,2175443.71901826
racethn_combn,Other Hispanic,2005-2020,15.2,WTDR.COMBN,age+gender,inc_to_pov_level,hei2015_total,2901,11798758.0182606,106,gaussian (identity),Middle income,-0.565201770320907,0.986581568949294,0.567980590168271,-2.49890164546152,1.36849810481971,4.04319406841904,0.0204265012535919,1560,6320369.56292084
racethn_combn,Other Hispanic,2005-2020,15.2,WTDR.COMBN,age+gender,inc_to_pov_level,hei2015_total,2901,11798758.0182606,106,gaussian (identity),Low income,-2.18052885948,0.975822246097548,0.0276281014946269,-4.0931404618312,-0.267917257128809,4.04319406841904,0.0204265012535919,832,3302944.7363215
racethn_combn,Mexican-American,2005-2020,15.2,WTDR.COMBN,age+gender,inc_to_pov_level,hei2015_total,4783,18208261.3843597,102,gaussian (identity),High income (Intercept),47.1787308365215,0.918802823150408,1.18875599476306e-72,45.3778773031467,48.9795843698963,1.55190107581384,0.217005524017622,552,2422199.23608935
racethn_combn,Mexican-American,2005-2020,15.2,WTDR.COMBN,age+gender,inc_to_pov_level,hei2015_total,4783,18208261.3843597,102,gaussian (identity),Middle income,-1.37752410315355,0.893601285291915,0.126407828657875,-3.1289826223257,0.373934416018604,1.55190107581384,0.217005524017622,2694,10355399.333893
racethn_combn,Mexican-American,2005-2020,15.2,WTDR.COMBN,age+gender,inc_to_pov_level,hei2015_total,4783,18208261.3843597,102,gaussian (identity),Low income,-1.48080881379683,0.852673721394679,0.0855885499916803,-3.1520493077304,0.190431680136737,1.55190107581384,0.217005524017622,1537,5430662.81437735
racethn_combn,Other/Multi-Racial/NHAsian,2005-2020,15.2,WTDR.COMBN,age+gender,inc_to_pov_level,hei2015_total,553,4411845.21717568,43,gaussian (identity),High income (Intercept),49.7137345731906,1.55386244302235,1.32720896761508e-29,46.6681641848668,52.7593049615144,5.18547200301637,0.0100708685313569,164,1625742.55705759
racethn_combn,Other/Multi-Racial/NHAsian,2005-2020,15.2,WTDR.COMBN,age+gender,inc_to_pov_level,hei2015_total,553,4411845.21717568,43,gaussian (identity),Middle income,-2.76332460039353,1.21133822104402,0.0280778717945387,-5.13754751363982,-0.389101687147252,5.18547200301637,0.0100708685313569,279,2335101.82280439
racethn_combn,Other/Multi-Racial/NHAsian,2005-2020,15.2,WTDR.COMBN,age+gender,inc_to_pov_level,hei2015_total,553,4411845.21717568,43,gaussian (identity),Low income,-4.38248730603207,1.50089355632602,0.00579089268112557,-7.32423867643106,-1.44073593563307,5.18547200301637,0.0100708685313569,110,451000.837313704
racethn_combn,NHAsian,2005-2020,15.2,WTDR.COMBN,age+gender,inc_to_pov_level,hei2015_total,1949,7167029.21369907,67,gaussian (identity),High income (Intercept),49.8886319519408,1.37314051216521,5.67155352235135e-44,47.197276548097,52.5799873557846,6.53669832498962,0.00263265447003464,844,3101148.1080326
racethn_combn,NHAsian,2005-2020,15.2,WTDR.COMBN,age+gender,inc_to_pov_level,hei2015_total,1949,7167029.21369907,67,gaussian (identity),Middle income,-3.61250601099519,1.0264293578508,0.000809078498956355,-5.62430755238276,-1.60070446960761,6.53669832498962,0.00263265447003464,857,3141317.33160667
racethn_combn,NHAsian,2005-2020,15.2,WTDR.COMBN,age+gender,inc_to_pov_level,hei2015_total,1949,7167029.21369907,67,gaussian (identity),Low income,-3.15923243967936,1.50691965585646,0.0400608182868164,-6.11279496515803,-0.205669914200688,6.53669832498962,0.00263265447003464,248,924563.774059802
racethn_combn,Other/Multi-Racial,2005-2020,15.2,WTDR.COMBN,age+gender,inc_to_pov_level,hei2015_total,732,4617794.05760438,71,gaussian (identity),High income (Intercept),50.2000578239612,2.33127882931221,8.07693113363842e-32,45.6307513185092,54.7693643294131,11.3608456410781,5.64210628012328e-05,153,1092564.83620396
racethn_combn,Other/Multi-Racial,2005-2020,15.2,WTDR.COMBN,age+gender,inc_to_pov_level,hei2015_total,732,4617794.05760438,71,gaussian (identity),Middle income,-6.60586486119228,1.6156705159601,0.00011857700222524,-9.77257907247407,-3.43915064991049,11.3608456410781,5.64210628012328e-05,404,2594236.29702833
racethn_combn,Other/Multi-Racial,2005-2020,15.2,WTDR.COMBN,age+gender,inc_to_pov_level,hei2015_total,732,4617794.05760438,71,gaussian (identity),Low income,-9.13574295352388,1.9887433875145,1.97655425882427e-05,-13.0336799930523,-5.23780591399546,11.3608456410781,5.64210628012328e-05,175,930992.924372084
racethn_combn,NHB,2005-2020,15.2,WTDR.COMBN,age+gender,inc_to_pov_level,ahei_total,7265,24129022.2886787,114,gaussian (identity),High income (Intercept),40.5531295133711,0.596361263581979,1.05600218689863e-91,39.3842614367505,41.7219975899918,52.9643043953607,7.75420749629074e-17,1421,4633003.32166396
racethn_combn,NHB,2005-2020,15.2,WTDR.COMBN,age+gender,inc_to_pov_level,ahei_total,7265,24129022.2886787,114,gaussian (identity),Middle income,-3.39499936805068,0.446475101209242,1.03421026851706e-11,-4.27009056642079,-2.51990816968057,52.9643043953607,7.75420749629074e-17,3949,13011011.6258608
racethn_combn,NHB,2005-2020,15.2,WTDR.COMBN,age+gender,inc_to_pov_level,ahei_total,7265,24129022.2886787,114,gaussian (identity),Low income,-5.14180807069646,0.499600739126581,8.34175440229013e-18,-6.12102551938455,-4.16259062200836,52.9643043953607,7.75420749629074e-17,1895,6485007.34115387
racethn_combn,NHW,2005-2020,15.2,WTDR.COMBN,age+gender,inc_to_pov_level,ahei_total,14169,146929773.690811,118,gaussian (identity),High income (Intercept),41.9986462910018,0.525112455220891,5.52770563987003e-102,40.9694258787688,43.0278667032347,92.8086449510192,1.20023104319697e-24,4684,65057899.4034775
racethn_combn,NHW,2005-2020,15.2,WTDR.COMBN,age+gender,inc_to_pov_level,ahei_total,14169,146929773.690811,118,gaussian (identity),Middle income,-3.7637966530162,0.353327619696275,8.28537929932879e-19,-4.4563187876209,-3.07127451841151,92.8086449510192,1.20023104319697e-24,7427,68236151.367776
racethn_combn,NHW,2005-2020,15.2,WTDR.COMBN,age+gender,inc_to_pov_level,ahei_total,14169,146929773.690811,118,gaussian (identity),Low income,-5.94894668088692,0.460440316378084,4.53483535160896e-24,-6.85140970098796,-5.04648366078587,92.8086449510192,1.20023104319697e-24,2058,13635722.919557
racethn_combn,Other Hispanic,2005-2020,15.2,WTDR.COMBN,age+gender,inc_to_pov_level,ahei_total,2900,11790393.971072,106,gaussian (identity),High income (Intercept),41.452703566342,0.989217314606395,4.22647208113304e-66,39.5138376297135,43.3915695029705,14.04302975805,4.10053077329209e-06,509,2175443.71901826
racethn_combn,Other Hispanic,2005-2020,15.2,WTDR.COMBN,age+gender,inc_to_pov_level,ahei_total,2900,11790393.971072,106,gaussian (identity),Middle income,-2.09066395111407,0.807498901028267,0.0110292622775364,-3.67336179712947,-0.507966105098667,14.04302975805,4.10053077329209e-06,1560,6320369.56292084
racethn_combn,Other Hispanic,2005-2020,15.2,WTDR.COMBN,age+gender,inc_to_pov_level,ahei_total,2900,11790393.971072,106,gaussian (identity),Low income,-4.02973994917992,0.82305446459505,3.67539017302335e-06,-5.64292669978622,-2.41655319857363,14.04302975805,4.10053077329209e-06,831,3294580.68913287
racethn_combn,Mexican-American,2005-2020,15.2,WTDR.COMBN,age+gender,inc_to_pov_level,ahei_total,4781,18190585.2637525,102,gaussian (identity),High income (Intercept),42.3029541033925,0.916646805628104,2.74790644777657e-68,40.5063263643614,44.0995818424236,7.90412238847556,0.000656999687426997,552,2422199.23608935
racethn_combn,Mexican-American,2005-2020,15.2,WTDR.COMBN,age+gender,inc_to_pov_level,ahei_total,4781,18190585.2637525,102,gaussian (identity),Middle income,-1.91541276851634,0.774725598366059,0.015144684095945,-3.43387494131381,-0.39695059571886,7.90412238847556,0.000656999687426997,2692,10337723.2132858
racethn_combn,Mexican-American,2005-2020,15.2,WTDR.COMBN,age+gender,inc_to_pov_level,ahei_total,4781,18190585.2637525,102,gaussian (identity),Low income,-2.80076838455036,0.740567529574594,0.000267735718092045,-4.25228074251657,-1.34925602658416,7.90412238847556,0.000656999687426997,1537,5430662.81437735
racethn_combn,Other/Multi-Racial/NHAsian,2005-2020,15.2,WTDR.COMBN,age+gender,inc_to_pov_level,ahei_total,552,4401985.04318029,43,gaussian (identity),High income (Intercept),39.5223885704085,1.52338660138034,3.2862655818482e-26,36.536550831703,42.508226309114,3.28787281742429,0.0479127475877974,164,1625742.55705759
racethn_combn,Other/Multi-Racial/NHAsian,2005-2020,15.2,WTDR.COMBN,age+gender,inc_to_pov_level,ahei_total,552,4401985.04318029,43,gaussian (identity),Middle income,-2.6669287097315,1.18135338292709,0.0296502209720307,-4.98238134026859,-0.35147607919441,3.28787281742429,0.0479127475877974,279,2335101.82280439
racethn_combn,Other/Multi-Racial/NHAsian,2005-2020,15.2,WTDR.COMBN,age+gender,inc_to_pov_level,ahei_total,552,4401985.04318029,43,gaussian (identity),Low income,-3.62882598180514,1.65379606371586,0.0342409626188567,-6.87026626668824,-0.387385696922049,3.28787281742429,0.0479127475877974,109,441140.66331831
racethn_combn,NHAsian,2005-2020,15.2,WTDR.COMBN,age+gender,inc_to_pov_level,ahei_total,1949,7167029.21369907,67,gaussian (identity),High income (Intercept),43.8708191190224,1.24242789389693,3.14640437048519e-43,41.4356604469844,46.3059777910603,12.9281216880054,1.97495376782532e-05,844,3101148.1080326
racethn_combn,NHAsian,2005-2020,15.2,WTDR.COMBN,age+gender,inc_to_pov_level,ahei_total,1949,7167029.21369907,67,gaussian (identity),Middle income,-4.04932377280201,0.917910726808489,4.09262900363943e-05,-5.84842879734665,-2.25021874825737,12.9281216880054,1.97495376782532e-05,857,3141317.33160667
racethn_combn,NHAsian,2005-2020,15.2,WTDR.COMBN,age+gender,inc_to_pov_level,ahei_total,1949,7167029.21369907,67,gaussian (identity),Low income,-4.79323255532466,1.22793482947206,0.000233460572128852,-7.1999848210899,-2.38648028955941,12.9281216880054,1.97495376782532e-05,248,924563.774059802
racethn_combn,Other/Multi-Racial,2005-2020,15.2,WTDR.COMBN,age+gender,inc_to_pov_level,ahei_total,732,4617794.05760438,71,gaussian (identity),High income (Intercept),44.6397721753154,2.63784657908268,6.89940422716856e-26,39.4695928803134,49.8099514703175,7.14687909499399,0.00153670196116953,153,1092564.83620396
racethn_combn,Other/Multi-Racial,2005-2020,15.2,WTDR.COMBN,age+gender,inc_to_pov_level,ahei_total,732,4617794.05760438,71,gaussian (identity),Middle income,-5.07530659266768,1.59943056970234,0.00227683427527763,-8.21019050928427,-1.94042267605109,7.14687909499399,0.00153670196116953,404,2594236.29702833
racethn_combn,Other/Multi-Racial,2005-2020,15.2,WTDR.COMBN,age+gender,inc_to_pov_level,ahei_total,732,4617794.05760438,71,gaussian (identity),Low income,-6.88751116460541,1.82799780558735,0.000350041026697931,-10.4703868635566,-3.3046354656542,7.14687909499399,0.00153670196116953,175,930992.924372084
racethn_combn,NHB,2005-2020,15.2,WTDR.COMBN,age+gender,inc_to_pov_level,dii_total,7265,24129022.2886787,114,gaussian (identity),High income (Intercept),2.77484259467372,0.128048416990037,1.69660860877307e-41,2.52386769737325,3.02581749197419,31.6120502468417,1.42278857026677e-11,1421,4633003.32166396
racethn_combn,NHB,2005-2020,15.2,WTDR.COMBN,age+gender,inc_to_pov_level,dii_total,7265,24129022.2886787,114,gaussian (identity),Middle income,0.592960654095762,0.0759753123572628,3.7288555027942e-12,0.444049041875527,0.741872266315997,31.6120502468417,1.42278857026677e-11,3949,13011011.6258608
racethn_combn,NHB,2005-2020,15.2,WTDR.COMBN,age+gender,inc_to_pov_level,dii_total,7265,24129022.2886787,114,gaussian (identity),Low income,0.731767934366448,0.109653017090624,1.05042558103901e-09,0.516848020868824,0.946687847864072,31.6120502468417,1.42278857026677e-11,1895,6485007.34115387
racethn_combn,NHW,2005-2020,15.2,WTDR.COMBN,age+gender,inc_to_pov_level,dii_total,14169,146929773.690811,118,gaussian (identity),High income (Intercept),2.52120873378921,0.108479783435107,4.60292106706058e-45,2.3085883582564,2.73382910932202,51.5177764683971,1.1516386828044e-16,4684,65057899.4034775
racethn_combn,NHW,2005-2020,15.2,WTDR.COMBN,age+gender,inc_to_pov_level,dii_total,14169,146929773.690811,118,gaussian (identity),Middle income,0.61457980105616,0.0659426339484069,1.06741529121028e-15,0.485332238517283,0.743827363595038,51.5177764683971,1.1516386828044e-16,7427,68236151.367776
racethn_combn,NHW,2005-2020,15.2,WTDR.COMBN,age+gender,inc_to_pov_level,dii_total,14169,146929773.690811,118,gaussian (identity),Low income,1.05836227007936,0.12710012696016,2.06912679351348e-13,0.809246021237442,1.30747851892127,51.5177764683971,1.1516386828044e-16,2058,13635722.919557
racethn_combn,Other Hispanic,2005-2020,15.2,WTDR.COMBN,age+gender,inc_to_pov_level,dii_total,2900,11790393.971072,106,gaussian (identity),High income (Intercept),2.41580407484149,0.217155280464598,2.66856499532193e-19,1.99017972513088,2.8414284245521,14.1088335610672,3.89442477363907e-06,509,2175443.71901826
racethn_combn,Other Hispanic,2005-2020,15.2,WTDR.COMBN,age+gender,inc_to_pov_level,dii_total,2900,11790393.971072,106,gaussian (identity),Middle income,0.432542401629371,0.150082112230134,0.00481814172568081,0.138381461658308,0.726703341600434,14.1088335610672,3.89442477363907e-06,1560,6320369.56292084
racethn_combn,Other Hispanic,2005-2020,15.2,WTDR.COMBN,age+gender,inc_to_pov_level,dii_total,2900,11790393.971072,106,gaussian (identity),Low income,0.919547968009059,0.177233284310556,1.08279555771544e-06,0.57217073076037,1.26692520525775,14.1088335610672,3.89442477363907e-06,831,3294580.68913287
racethn_combn,Mexican-American,2005-2020,15.2,WTDR.COMBN,age+gender,inc_to_pov_level,dii_total,4781,18190585.2637525,102,gaussian (identity),High income (Intercept),2.12007290299465,0.181278632042531,2.67653352577858e-20,1.76476678419129,2.47537902179801,12.1117680858365,1.99292210728439e-05,552,2422199.23608935
racethn_combn,Mexican-American,2005-2020,15.2,WTDR.COMBN,age+gender,inc_to_pov_level,dii_total,4781,18190585.2637525,102,gaussian (identity),Middle income,0.310585721578044,0.153132822561013,0.0452523408742929,0.0104453893584583,0.610726053797629,12.1117680858365,1.99292210728439e-05,2692,10337723.2132858
racethn_combn,Mexican-American,2005-2020,15.2,WTDR.COMBN,age+gender,inc_to_pov_level,dii_total,4781,18190585.2637525,102,gaussian (identity),Low income,0.633320772905158,0.144901993165679,3.08475125851929e-05,0.349312866300427,0.917328679509889,12.1117680858365,1.99292210728439e-05,1537,5430662.81437735
racethn_combn,Other/Multi-Racial/NHAsian,2005-2020,15.2,WTDR.COMBN,age+gender,inc_to_pov_level,dii_total,552,4401985.04318029,43,gaussian (identity),High income (Intercept),2.32593303515896,0.351180686458628,7.08170916763263e-08,1.63761888970005,3.01424718061787,5.42096917394735,0.00836871592212185,164,1625742.55705759
racethn_combn,Other/Multi-Racial/NHAsian,2005-2020,15.2,WTDR.COMBN,age+gender,inc_to_pov_level,dii_total,552,4401985.04318029,43,gaussian (identity),Middle income,0.75574020765163,0.239578343866407,0.00309258735542495,0.286166653673473,1.22531376162979,5.42096917394735,0.00836871592212185,279,2335101.82280439
racethn_combn,Other/Multi-Racial/NHAsian,2005-2020,15.2,WTDR.COMBN,age+gender,inc_to_pov_level,dii_total,552,4401985.04318029,43,gaussian (identity),Low income,0.958082958439003,0.367572092655195,0.0128888129680168,0.237641656834821,1.67852426004319,5.42096917394735,0.00836871592212185,109,441140.66331831
racethn_combn,NHAsian,2005-2020,15.2,WTDR.COMBN,age+gender,inc_to_pov_level,dii_total,1949,7167029.21369907,67,gaussian (identity),High income (Intercept),2.04021788282739,0.187945629836952,4.61932964471268e-16,1.67184444834697,2.40859131730782,8.68610112535689,0.000466007012301878,844,3101148.1080326
racethn_combn,NHAsian,2005-2020,15.2,WTDR.COMBN,age+gender,inc_to_pov_level,dii_total,1949,7167029.21369907,67,gaussian (identity),Middle income,0.464274913575709,0.127385326820999,0.000543692994941331,0.214599673006552,0.713950154144866,8.68610112535689,0.000466007012301878,857,3141317.33160667
racethn_combn,NHAsian,2005-2020,15.2,WTDR.COMBN,age+gender,inc_to_pov_level,dii_total,1949,7167029.21369907,67,gaussian (identity),Low income,0.658285139650423,0.181090165911003,0.000560542931659498,0.303348414464857,1.01322186483599,8.68610112535689,0.000466007012301878,248,924563.774059802
racethn_combn,Other/Multi-Racial,2005-2020,15.2,WTDR.COMBN,age+gender,inc_to_pov_level,dii_total,732,4617794.05760438,71,gaussian (identity),High income (Intercept),2.351428069961,0.348399403260575,4.24658621506035e-09,1.66856523957027,3.03429090035172,2.97499671635019,0.0578308767546289,153,1092564.83620396
racethn_combn,Other/Multi-Racial,2005-2020,15.2,WTDR.COMBN,age+gender,inc_to_pov_level,dii_total,732,4617794.05760438,71,gaussian (identity),Middle income,0.459380476270105,0.214384034395672,0.0357659161088235,0.0391877688545879,0.879573183685622,2.97499671635019,0.0578308767546289,404,2594236.29702833
racethn_combn,Other/Multi-Racial,2005-2020,15.2,WTDR.COMBN,age+gender,inc_to_pov_level,dii_total,732,4617794.05760438,71,gaussian (identity),Low income,0.699984659457932,0.314692473218811,0.0294987045165275,0.083187411949062,1.3167819069668,2.97499671635019,0.0578308767546289,175,930992.924372084
racethn_combn,NHW,1999-2020,21.2,WTMEC.COMBN,age+gender,inc_to_pov_level,dietsuppl_any,24764,142556110.9177,162,quasibinomial (logit),High income (Intercept),-1.79777827962509,0.0807635076827492,1.41506670789868e-50,-1.95607475468328,-1.6394818045669,31.8988054834827,2.30843482337672e-12,8283,61293639.4167784
racethn_combn,NHW,1999-2020,21.2,WTMEC.COMBN,age+gender,inc_to_pov_level,dietsuppl_any,24764,142556110.9177,162,quasibinomial (logit),Middle income,-0.328635796959118,0.0555124261046535,1.93863835507626e-08,-0.437440152124239,-0.219831441793997,31.8988054834827,2.30843482337672e-12,12910,67438943.489069
racethn_combn,NHW,1999-2020,21.2,WTMEC.COMBN,age+gender,inc_to_pov_level,dietsuppl_any,24764,142556110.9177,162,quasibinomial (logit),Low income,-0.659668007501014,0.087654486633408,3.74242952514734e-12,-0.831470801302493,-0.487865213699534,31.8988054834827,2.30843482337672e-12,3571,13823528.0118521
racethn_combn,Other/Multi-Racial/NHAsian,1999-2020,21.2,WTMEC.COMBN,age+gender,inc_to_pov_level,dietsuppl_any,1350,6110566.02552643,84,quasibinomial (logit),High income (Intercept),-2.57785933117285,0.30355150300946,8.74171216124344e-13,-3.1728202770714,-1.98289838527431,2.03360262508348,0.137573594589886,369,2007767.83024123
racethn_combn,Other/Multi-Racial/NHAsian,1999-2020,21.2,WTMEC.COMBN,age+gender,inc_to_pov_level,dietsuppl_any,1350,6110566.02552643,84,quasibinomial (logit),Middle income,-0.321561795194728,0.22963282554061,0.165280996159745,-0.771642133254325,0.128518542864868,2.03360262508348,0.137573594589886,658,2989584.626605
racethn_combn,Other/Multi-Racial/NHAsian,1999-2020,21.2,WTMEC.COMBN,age+gender,inc_to_pov_level,dietsuppl_any,1350,6110566.02552643,84,quasibinomial (logit),Low income,-0.756794434877923,0.377476629237911,0.0483585702660604,-1.49664862818423,-0.0169402415716179,2.03360262508348,0.137573594589886,323,1113213.5686802
racethn_combn,Mexican-American,1999-2020,21.2,WTMEC.COMBN,age+gender,inc_to_pov_level,dietsuppl_any,9756,16685825.7569652,144,quasibinomial (logit),High income (Intercept),-2.1719461432076,0.113964644982864,1.00980629100601e-40,-2.39531684737402,-1.94857543904119,14.4876669591302,1.91130749822224e-06,1127,2088622.52521459
racethn_combn,Mexican-American,1999-2020,21.2,WTMEC.COMBN,age+gender,inc_to_pov_level,dietsuppl_any,9756,16685825.7569652,144,quasibinomial (logit),Middle income,-0.318906728345438,0.0883329948673156,0.000425105923167314,-0.492039398285376,-0.145774058405499,14.4876669591302,1.91130749822224e-06,5512,9497547.23135021
racethn_combn,Mexican-American,1999-2020,21.2,WTMEC.COMBN,age+gender,inc_to_pov_level,dietsuppl_any,9756,16685825.7569652,144,quasibinomial (logit),Low income,-0.576267047832669,0.107073819738156,3.02307698627579e-07,-0.786131734519456,-0.366402361145883,14.4876669591302,1.91130749822224e-06,3117,5099656.00040036
racethn_combn,NHB,1999-2020,21.2,WTMEC.COMBN,age+gender,inc_to_pov_level,dietsuppl_any,12343,23202912.6290451,153,quasibinomial (logit),High income (Intercept),-2.21348895742579,0.111681448523141,1.29895215945278e-43,-2.43238459653115,-1.99459331832043,22.3690500530834,3.19784033972408e-09,2355,4577061.0169181
racethn_combn,NHB,1999-2020,21.2,WTMEC.COMBN,age+gender,inc_to_pov_level,dietsuppl_any,12343,23202912.6290451,153,quasibinomial (logit),Middle income,-0.338519301735964,0.0692620469766974,2.61182210624414e-06,-0.474272913810291,-0.202765689661637,22.3690500530834,3.19784033972408e-09,6648,12598132.1328467
racethn_combn,NHB,1999-2020,21.2,WTMEC.COMBN,age+gender,inc_to_pov_level,dietsuppl_any,12343,23202912.6290451,153,quasibinomial (logit),Low income,-0.628459112544734,0.095219074526577,6.75936041027483e-10,-0.815088498616825,-0.441829726472643,22.3690500530834,3.19784033972408e-09,3340,6027719.47928029
racethn_combn,Other Hispanic,1999-2020,21.2,WTMEC.COMBN,age+gender,inc_to_pov_level,dietsuppl_any,4507,11655953.8571825,138,quasibinomial (logit),High income (Intercept),-1.55118699632997,0.163829561104666,1.33819120946913e-16,-1.87229293609511,-1.23008105656482,20.9845623702295,1.17971673446811e-08,733,2039958.03679889
racethn_combn,Other Hispanic,1999-2020,21.2,WTMEC.COMBN,age+gender,inc_to_pov_level,dietsuppl_any,4507,11655953.8571825,138,quasibinomial (logit),Middle income,-0.613570425776024,0.126203898650017,3.20692682785548e-06,-0.860930067130057,-0.36621078442199,20.9845623702295,1.17971673446811e-08,2415,6315342.4182755
racethn_combn,Other Hispanic,1999-2020,21.2,WTMEC.COMBN,age+gender,inc_to_pov_level,dietsuppl_any,4507,11655953.8571825,138,quasibinomial (logit),Low income,-0.96751081191329,0.155642016241307,6.01731002084116e-09,-1.27256916374625,-0.662452460080329,20.9845623702295,1.17971673446811e-08,1359,3300653.40210814
racethn_combn,NHAsian,1999-2020,21.2,WTMEC.COMBN,age+gender,inc_to_pov_level,dietsuppl_any,2964,5093595.09645102,71,quasibinomial (logit),High income (Intercept),-1.23053312440576,0.158443699271992,6.34787679828511e-11,-1.54108277497887,-0.919983473832659,20.262254425464,1.31221721317129e-07,1160,2104897.24888066
racethn_combn,NHAsian,1999-2020,21.2,WTMEC.COMBN,age+gender,inc_to_pov_level,dietsuppl_any,2964,5093595.09645102,71,quasibinomial (logit),Middle income,-0.550644852509134,0.0937740937754424,1.47856318685655e-07,-0.734442076309001,-0.366847628709267,20.262254425464,1.31221721317129e-07,1359,2324396.49657396
racethn_combn,NHAsian,1999-2020,21.2,WTMEC.COMBN,age+gender,inc_to_pov_level,dietsuppl_any,2964,5093595.09645102,71,quasibinomial (logit),Low income,-0.823739354199834,0.171325522634772,8.98436223095768e-06,-1.15953737856399,-0.487941329835681,20.262254425464,1.31221721317129e-07,445,664301.350996396
racethn_combn,Other/Multi-Racial,1999-2020,21.2,WTMEC.COMBN,age+gender,inc_to_pov_level,dietsuppl_any,953,3250195.78718183,71,quasibinomial (logit),High income (Intercept),-1.07700344226156,0.342561928043851,0.00248412529199597,-1.74842482122751,-0.405582063295617,9.75364726690945,0.000191531159673854,200,772660.519632623
racethn_combn,Other/Multi-Racial,1999-2020,21.2,WTMEC.COMBN,age+gender,inc_to_pov_level,dietsuppl_any,953,3250195.78718183,71,quasibinomial (logit),Middle income,-0.49388630654842,0.247865915650633,0.0503865046317833,-0.979703501223661,-0.00806911187317971,9.75364726690945,0.000191531159673854,519,1867756.08099038
racethn_combn,Other/Multi-Racial,1999-2020,21.2,WTMEC.COMBN,age+gender,inc_to_pov_level,dietsuppl_any,953,3250195.78718183,71,quasibinomial (logit),Low income,-1.05348537472598,0.238629934727431,3.77182120953715e-05,-1.52120004679175,-0.585770702660215,9.75364726690945,0.000191531159673854,234,609779.18655883
racethn_combn,Other/Multi-Racial/NHAsian,2007-2020,13.2,WTMEC.COMBN,age+gender,inc_to_pov_level,dietsuppl_num,484,3519651.47295,28,gaussian (identity),High income (Intercept),-0.122103399556195,0.228877162928982,0.59860179361328,-0.570702638897001,0.32649583978461,0.445089370348246,0.645949722760629,127,1300279.18658394
racethn_combn,Other/Multi-Racial/NHAsian,2007-2020,13.2,WTMEC.COMBN,age+gender,inc_to_pov_level,dietsuppl_num,484,3519651.47295,28,gaussian (identity),Middle income,-0.0240962037803666,0.171168339746809,0.88922267657025,-0.359586149684113,0.31139374212338,0.445089370348246,0.645949722760629,235,1666741.77816561
racethn_combn,Other/Multi-Racial/NHAsian,2007-2020,13.2,WTMEC.COMBN,age+gender,inc_to_pov_level,dietsuppl_num,484,3519651.47295,28,gaussian (identity),Low income,-0.165459297706227,0.194658267411216,0.403725910574506,-0.546989501832211,0.216070906419756,0.445089370348246,0.645949722760629,122,552630.508200455
racethn_combn,NHW,2007-2020,13.2,WTMEC.COMBN,age+gender,inc_to_pov_level,dietsuppl_num,13485,137278415.583996,103,gaussian (identity),High income (Intercept),-0.0962573438791174,0.0672638979850586,0.155567796613892,-0.228094583929832,0.0355798961715974,48.70257268225,1.87445710785474e-15,4305,60398393.1311447
racethn_combn,NHW,2007-2020,13.2,WTMEC.COMBN,age+gender,inc_to_pov_level,dietsuppl_num,13485,137278415.583996,103,gaussian (identity),Middle income,-0.358908273427899,0.069497817033948,1.24985408278042e-06,-0.495123994814437,-0.22269255204136,48.70257268225,1.87445710785474e-15,6995,63463000.401824
racethn_combn,NHW,2007-2020,13.2,WTMEC.COMBN,age+gender,inc_to_pov_level,dietsuppl_num,13485,137278415.583996,103,gaussian (identity),Low income,-0.706463609856437,0.073245910267172,6.50660779189842e-16,-0.850025593980094,-0.56290162573278,48.70257268225,1.87445710785474e-15,2185,13417022.0510275
racethn_combn,Mexican-American,2007-2020,13.2,WTMEC.COMBN,age+gender,inc_to_pov_level,dietsuppl_num,4614,16638109.6314635,90,gaussian (identity),High income (Intercept),0.135475937946502,0.0789702668295405,0.0898487681123028,-0.0193057850393969,0.290257660932402,28.5004985900359,3.19046194724253e-10,545,2161559.24667185
racethn_combn,Mexican-American,2007-2020,13.2,WTMEC.COMBN,age+gender,inc_to_pov_level,dietsuppl_num,4614,16638109.6314635,90,gaussian (identity),Middle income,-0.183795003550646,0.0662570295036852,0.00679079396201227,-0.313658781377869,-0.053931225723423,28.5004985900359,3.19046194724253e-10,2607,9394473.12611367
racethn_combn,Mexican-American,2007-2020,13.2,WTMEC.COMBN,age+gender,inc_to_pov_level,dietsuppl_num,4614,16638109.6314635,90,gaussian (identity),Low income,-0.383028120965981,0.0661467614739179,1.12041966001788e-07,-0.51267577345486,-0.253380468477102,28.5004985900359,3.19046194724253e-10,1462,5082077.25867803
racethn_combn,NHB,2007-2020,13.2,WTMEC.COMBN,age+gender,inc_to_pov_level,dietsuppl_num,7112,22184009.4126816,99,gaussian (identity),High income (Intercept),0.218325838571469,0.0526566745791557,7.34728448402538e-05,0.115118756396324,0.321532920746614,80.9259347852317,3.03348267391812e-21,1357,4384675.01861973
racethn_combn,NHB,2007-2020,13.2,WTMEC.COMBN,age+gender,inc_to_pov_level,dietsuppl_num,7112,22184009.4126816,99,gaussian (identity),Middle income,-0.353605161830064,0.046472906981847,1.99067906871899e-11,-0.444692059514484,-0.262518264145644,80.9259347852317,3.03348267391812e-21,3836,11980291.99676
racethn_combn,NHB,2007-2020,13.2,WTMEC.COMBN,age+gender,inc_to_pov_level,dietsuppl_num,7112,22184009.4126816,99,gaussian (identity),Low income,-0.54522313168117,0.0435727284200203,8.36562235544146e-22,-0.63062567938441,-0.45982058397793,80.9259347852317,3.03348267391812e-21,1919,5819042.39730191
racethn_combn,Other Hispanic,2007-2020,13.2,WTMEC.COMBN,age+gender,inc_to_pov_level,dietsuppl_num,3222,11633673.7112707,98,gaussian (identity),High income (Intercept),0.403268136755977,0.134752846259169,0.00353282723889981,0.139152558088005,0.667383715423948,17.7467805157559,2.89297673782703e-07,565,2233939.793398
racethn_combn,Other Hispanic,2007-2020,13.2,WTMEC.COMBN,age+gender,inc_to_pov_level,dietsuppl_num,3222,11633673.7112707,98,gaussian (identity),Middle income,-0.42458118977534,0.124607756431886,0.000967083576123497,-0.668812392381836,-0.180349987168843,17.7467805157559,2.89297673782703e-07,1703,6044018.99184127
racethn_combn,Other Hispanic,2007-2020,13.2,WTMEC.COMBN,age+gender,inc_to_pov_level,dietsuppl_num,3222,11633673.7112707,98,gaussian (identity),Low income,-0.698620453745091,0.125649663898884,2.51683059593382e-07,-0.944893794986904,-0.452347112503279,17.7467805157559,2.89297673782703e-07,954,3355714.92603146
racethn_combn,NHAsian,2007-2020,13.2,WTMEC.COMBN,age+gender,inc_to_pov_level,dietsuppl_num,2330,6816176.769754,70,gaussian (identity),High income (Intercept),-0.119007449551708,0.139073880703479,0.39525204055726,-0.391592255730527,0.153577356627111,5.83168376331092,0.00465387466789014,968,3001397.54827973
racethn_combn,NHAsian,2007-2020,13.2,WTMEC.COMBN,age+gender,inc_to_pov_level,dietsuppl_num,2330,6816176.769754,70,gaussian (identity),Middle income,-0.255492103855321,0.0821971529721624,0.00277584971750008,-0.416598523680759,-0.0943856840298822,5.83168376331092,0.00465387466789014,1047,3008884.54609464
racethn_combn,NHAsian,2007-2020,13.2,WTMEC.COMBN,age+gender,inc_to_pov_level,dietsuppl_num,2330,6816176.769754,70,gaussian (identity),Low income,-0.330337060726572,0.112753633870431,0.00465455526570537,-0.551334183112616,-0.109339938340528,5.83168376331092,0.00465387466789014,315,805894.675379637
racethn_combn,Other/Multi-Racial,2007-2020,13.2,WTMEC.COMBN,age+gender,inc_to_pov_level,dietsuppl_num,844,4909411.70962912,71,gaussian (identity),High income (Intercept),0.0229995532270169,0.340510351782739,0.946349514564254,-0.644400736267151,0.690399842721184,5.69170392895289,0.00521191300096241,174,1179553.35187061
racethn_combn,Other/Multi-Racial,2007-2020,13.2,WTMEC.COMBN,age+gender,inc_to_pov_level,dietsuppl_num,844,4909411.70962912,71,gaussian (identity),Middle income,-0.113622723039168,0.283556399225081,0.689911622363548,-0.669393265520326,0.44214781944199,5.69170392895289,0.00521191300096241,469,2837412.75824867
racethn_combn,Other/Multi-Racial,2007-2020,13.2,WTMEC.COMBN,age+gender,inc_to_pov_level,dietsuppl_num,844,4909411.70962912,71,gaussian (identity),Low income,-0.686825499556367,0.222780324694442,0.0029748053491361,-1.12347493595747,-0.25017606315526,5.69170392895289,0.00521191300096241,201,892445.599509849
racethn_combn,NHW,1999-2020,21.2,WTMEC.COMBN,age+gender,inc_to_pov_level,addsalt_prep_often,24399,140871883.216475,162,quasibinomial (logit),High income (Intercept),0.590776335614973,0.0654809039339502,5.9478804501127e-16,0.462433763904431,0.719118907325515,6.40986837485839,0.00210573666175264,8202,60787010.7069502
racethn_combn,NHW,1999-2020,21.2,WTMEC.COMBN,age+gender,inc_to_pov_level,addsalt_prep_often,24399,140871883.216475,162,quasibinomial (logit),Middle income,-0.140209517743207,0.0465663438764103,0.00303282260055967,-0.231479551740971,-0.0489394837454423,6.40986837485839,0.00210573666175264,12689,66480831.9803531
racethn_combn,NHW,1999-2020,21.2,WTMEC.COMBN,age+gender,inc_to_pov_level,addsalt_prep_often,24399,140871883.216475,162,quasibinomial (logit),Low income,-0.271141877788716,0.0824418683520568,0.00124004231352952,-0.432727939758748,-0.109555815818685,6.40986837485839,0.00210573666175264,3508,13604040.5291715
racethn_combn,Other/Multi-Racial/NHAsian,1999-2020,21.2,WTMEC.COMBN,age+gender,inc_to_pov_level,addsalt_prep_often,1322,6005249.76243492,84,quasibinomial (logit),High income (Intercept),0.342414571651159,0.217223030026456,0.118896872239211,-0.0833425672006935,0.768171710503012,6.37965923055438,0.00268718469818508,365,1985950.86029057
racethn_combn,Other/Multi-Racial/NHAsian,1999-2020,21.2,WTMEC.COMBN,age+gender,inc_to_pov_level,addsalt_prep_often,1322,6005249.76243492,84,quasibinomial (logit),Middle income,-0.042584873058069,0.186005270389654,0.819496361874092,-0.407155203021792,0.321985456905654,6.37965923055438,0.00268718469818508,645,2937985.14521943
racethn_combn,Other/Multi-Racial/NHAsian,1999-2020,21.2,WTMEC.COMBN,age+gender,inc_to_pov_level,addsalt_prep_often,1322,6005249.76243492,84,quasibinomial (logit),Low income,-0.847124243177555,0.308980733608949,0.00753881381563062,-1.45272648105109,-0.241522005304015,6.37965923055438,0.00268718469818508,312,1081313.75692492
racethn_combn,Mexican-American,1999-2020,21.2,WTMEC.COMBN,age+gender,inc_to_pov_level,addsalt_prep_often,9639,16493467.8564394,144,quasibinomial (logit),High income (Intercept),0.690254897874831,0.126978376387028,2.35562161320154e-07,0.441377280156256,0.939132515593406,0.0961146606115253,0.908419743119871,1118,2073571.78115664
racethn_combn,Mexican-American,1999-2020,21.2,WTMEC.COMBN,age+gender,inc_to_pov_level,addsalt_prep_often,9639,16493467.8564394,144,quasibinomial (logit),Middle income,0.0226192570311167,0.0866897003400865,0.794536013578041,-0.147292555635453,0.192531069697686,0.0961146606115253,0.908419743119871,5442,9376251.5780946
racethn_combn,Mexican-American,1999-2020,21.2,WTMEC.COMBN,age+gender,inc_to_pov_level,addsalt_prep_often,9639,16493467.8564394,144,quasibinomial (logit),Low income,-0.00170704787192955,0.113542682918386,0.988026127945326,-0.224250706391967,0.220836610648108,0.0961146606115253,0.908419743119871,3079,5043644.49718813
racethn_combn,NHB,1999-2020,21.2,WTMEC.COMBN,age+gender,inc_to_pov_level,addsalt_prep_often,12178,22940841.3112854,153,quasibinomial (logit),High income (Intercept),0.758466560492249,0.117783777906847,1.55491155047967e-09,0.527610355794828,0.98932276518967,1.81252593834687,0.166821901212562,2332,4538896.11245337
racethn_combn,NHB,1999-2020,21.2,WTMEC.COMBN,age+gender,inc_to_pov_level,addsalt_prep_often,12178,22940841.3112854,153,quasibinomial (logit),Middle income,-0.0778548108789761,0.0630852739621191,0.219101092715563,-0.20150194784473,0.0457923260867773,1.81252593834687,0.166821901212562,6558,12460207.7948173
racethn_combn,NHB,1999-2020,21.2,WTMEC.COMBN,age+gender,inc_to_pov_level,addsalt_prep_often,12178,22940841.3112854,153,quasibinomial (logit),Low income,-0.178049998809471,0.0947270147373415,0.0621135718131522,-0.363714947694661,0.00761495007571802,1.81252593834687,0.166821901212562,3288,5941737.40401474
racethn_combn,Other Hispanic,1999-2020,21.2,WTMEC.COMBN,age+gender,inc_to_pov_level,addsalt_prep_often,4429,11482498.4451915,138,quasibinomial (logit),High income (Intercept),0.526743329732897,0.155807959662229,0.000947551752130849,0.221359728794928,0.832126930670866,0.279494401554264,0.756605684074084,722,2019579.20860455
racethn_combn,Other Hispanic,1999-2020,21.2,WTMEC.COMBN,age+gender,inc_to_pov_level,addsalt_prep_often,4429,11482498.4451915,138,quasibinomial (logit),Middle income,-0.0678434402166656,0.13876037425232,0.625693949220725,-0.339813773751212,0.204126893317881,0.279494401554264,0.756605684074084,2378,6221082.50610805
racethn_combn,Other Hispanic,1999-2020,21.2,WTMEC.COMBN,age+gender,inc_to_pov_level,addsalt_prep_often,4429,11482498.4451915,138,quasibinomial (logit),Low income,-0.133056314544785,0.177976987356096,0.456008974730503,-0.481891209762733,0.215778580673164,0.279494401554264,0.756605684074084,1329,3241836.73047893
racethn_combn,NHAsian,1999-2020,21.2,WTMEC.COMBN,age+gender,inc_to_pov_level,addsalt_prep_often,2884,4956291.62363179,71,quasibinomial (logit),High income (Intercept),2.16127179818865,0.186267598509007,1.10348387370951e-17,1.796187305111,2.52635629126631,13.8854761376075,9.01332849150616e-06,1142,2072582.56373785
racethn_combn,NHAsian,1999-2020,21.2,WTMEC.COMBN,age+gender,inc_to_pov_level,addsalt_prep_often,2884,4956291.62363179,71,quasibinomial (logit),Middle income,-0.387560147646828,0.128877231276873,0.00371019845515051,-0.640159520949499,-0.134960774344156,13.8854761376075,9.01332849150616e-06,1312,2239317.48851445
racethn_combn,NHAsian,1999-2020,21.2,WTMEC.COMBN,age+gender,inc_to_pov_level,addsalt_prep_often,2884,4956291.62363179,71,quasibinomial (logit),Low income,-0.870070414865434,0.168523155877488,2.35856886346944e-06,-1.20037580038531,-0.539765029345558,13.8854761376075,9.01332849150616e-06,430,644391.571379491
racethn_combn,Other/Multi-Racial,1999-2020,21.2,WTMEC.COMBN,age+gender,inc_to_pov_level,addsalt_prep_often,942,3192963.79492255,71,quasibinomial (logit),High income (Intercept),1.52418172039152,0.419333672968263,0.000540632364834704,0.702287721373722,2.34607571940931,1.17220513407442,0.315952656063021,199,756955.927476208
racethn_combn,Other/Multi-Racial,1999-2020,21.2,WTMEC.COMBN,age+gender,inc_to_pov_level,addsalt_prep_often,942,3192963.79492255,71,quasibinomial (logit),Middle income,-0.0180567687235429,0.329972270172388,0.9565227292743,-0.664802418261423,0.628688880814337,1.17220513407442,0.315952656063021,511,1831346.56444525
racethn_combn,Other/Multi-Racial,1999-2020,21.2,WTMEC.COMBN,age+gender,inc_to_pov_level,addsalt_prep_often,942,3192963.79492255,71,quasibinomial (logit),Low income,-0.352718165269359,0.363226988749434,0.335007044486336,-1.06464306321825,0.35920673267953,1.17220513407442,0.315952656063021,232,604661.303001095
racethn_combn,NHW,1999-2020,21.2,WTMEC.COMBN,age+gender,inc_to_pov_level,addsalt_table_often,24748,142470328.463721,162,quasibinomial (logit),High income (Intercept),-0.462923051261879,0.0540785509754751,9.40345674729546e-15,-0.56891701117381,-0.356929091349948,0.178365029548404,0.836805195304331,8281,61270128.9951491
racethn_combn,NHW,1999-2020,21.2,WTMEC.COMBN,age+gender,inc_to_pov_level,addsalt_table_often,24748,142470328.463721,162,quasibinomial (logit),Middle income,0.023963880418493,0.0430636358353644,0.578672779209314,-0.0604408458188212,0.108368606655807,0.178365029548404,0.836805195304331,12903,67421605.7573916
racethn_combn,NHW,1999-2020,21.2,WTMEC.COMBN,age+gender,inc_to_pov_level,addsalt_table_often,24748,142470328.463721,162,quasibinomial (logit),Low income,0.0329820828413214,0.0667618186776987,0.621973834032602,-0.097871081766968,0.163835247449611,0.178365029548404,0.836805195304331,3564,13778593.71118
racethn_combn,Other/Multi-Racial/NHAsian,1999-2020,21.2,WTMEC.COMBN,age+gender,inc_to_pov_level,addsalt_table_often,1349,6108863.63504048,84,quasibinomial (logit),High income (Intercept),-1.1943904790132,0.246488460454563,6.08053222232713e-06,-1.67750786150414,-0.711273096522255,1.22821417184061,0.298276278029993,369,2007767.83024123
racethn_combn,Other/Multi-Racial/NHAsian,1999-2020,21.2,WTMEC.COMBN,age+gender,inc_to_pov_level,addsalt_table_often,1349,6108863.63504048,84,quasibinomial (logit),Middle income,0.125704578807388,0.189035146414216,0.507975831318181,-0.244804308164476,0.496213465779251,1.22821417184061,0.298276278029993,657,2987882.23611906
racethn_combn,Other/Multi-Racial/NHAsian,1999-2020,21.2,WTMEC.COMBN,age+gender,inc_to_pov_level,addsalt_table_often,1349,6108863.63504048,84,quasibinomial (logit),Low income,-0.197920400400756,0.289888407676492,0.496739173437643,-0.766101679446681,0.370260878645168,1.22821417184061,0.298276278029993,323,1113213.5686802
racethn_combn,Mexican-American,1999-2020,21.2,WTMEC.COMBN,age+gender,inc_to_pov_level,addsalt_table_often,9746,16674214.9735271,144,quasibinomial (logit),High income (Intercept),-0.660802240514131,0.12969535911828,1.10818894516135e-06,-0.91500514438596,-0.406599336642303,1.83956388605951,0.162706422531976,1127,2088622.52521459
racethn_combn,Mexican-American,1999-2020,21.2,WTMEC.COMBN,age+gender,inc_to_pov_level,addsalt_table_often,9746,16674214.9735271,144,quasibinomial (logit),Middle income,-0.16446396269494,0.088489573467103,0.0651880590807097,-0.337903526690462,0.00897560130058195,1.83956388605951,0.162706422531976,5507,9490633.8117337
racethn_combn,Mexican-American,1999-2020,21.2,WTMEC.COMBN,age+gender,inc_to_pov_level,addsalt_table_often,9746,16674214.9735271,144,quasibinomial (logit),Low income,-0.116747793802919,0.102446842647794,0.256401557121221,-0.317543605392595,0.0840480177867572,1.83956388605951,0.162706422531976,3112,5094958.63657885
racethn_combn,NHB,1999-2020,21.2,WTMEC.COMBN,age+gender,inc_to_pov_level,addsalt_table_often,12337,23193633.7168299,153,quasibinomial (logit),High income (Intercept),-0.938367275300715,0.0873915630770269,2.80536999915016e-20,-1.10965473893169,-0.767079811669742,6.45310185112748,0.00205232912423643,2355,4577061.0169181
racethn_combn,NHB,1999-2020,21.2,WTMEC.COMBN,age+gender,inc_to_pov_level,addsalt_table_often,12337,23193633.7168299,153,quasibinomial (logit),Middle income,0.0420120403345003,0.0620403236000077,0.499346141407369,-0.0795869939215148,0.163611074590515,6.45310185112748,0.00205232912423643,6646,12593522.3133599
racethn_combn,NHB,1999-2020,21.2,WTMEC.COMBN,age+gender,inc_to_pov_level,addsalt_table_often,12337,23193633.7168299,153,quasibinomial (logit),Low income,0.241530272067789,0.0756755535694638,0.00172556855407237,0.0932061870716402,0.389854357063938,6.45310185112748,0.00205232912423643,3336,6023050.38655188
racethn_combn,Other Hispanic,1999-2020,21.2,WTMEC.COMBN,age+gender,inc_to_pov_level,addsalt_table_often,4496,11641103.3556529,138,quasibinomial (logit),High income (Intercept),-0.844056149923319,0.188422881226985,1.58679509694867e-05,-1.21336499712821,-0.474747302718428,2.33369742393498,0.100864793553446,733,2039958.03679889
racethn_combn,Other Hispanic,1999-2020,21.2,WTMEC.COMBN,age+gender,inc_to_pov_level,addsalt_table_often,4496,11641103.3556529,138,quasibinomial (logit),Middle income,-0.23612356472791,0.145995019634871,0.108156605751723,-0.522273803212258,0.0500266737564379,2.33369742393498,0.100864793553446,2412,6310455.90248501
racethn_combn,Other Hispanic,1999-2020,21.2,WTMEC.COMBN,age+gender,inc_to_pov_level,addsalt_table_often,4496,11641103.3556529,138,quasibinomial (logit),Low income,-0.0387465784446682,0.150877491831967,0.797720719034554,-0.334466462435324,0.256973305545987,2.33369742393498,0.100864793553446,1351,3290689.41636899
racethn_combn,NHAsian,1999-2020,21.2,WTMEC.COMBN,age+gender,inc_to_pov_level,addsalt_table_often,2959,5085762.96712008,71,quasibinomial (logit),High income (Intercept),-1.05973772445828,0.137508564412128,8.13184632696565e-11,-1.32925451070605,-0.790220938210513,0.736145495592056,0.482789830166749,1157,2100437.05499377
racethn_combn,NHAsian,1999-2020,21.2,WTMEC.COMBN,age+gender,inc_to_pov_level,addsalt_table_often,2959,5085762.96712008,71,quasibinomial (logit),Middle income,0.0544362385235014,0.111966832078661,0.628424691513408,-0.165018752350674,0.273891229397677,0.736145495592056,0.482789830166749,1357,2321024.56112991
racethn_combn,NHAsian,1999-2020,21.2,WTMEC.COMBN,age+gender,inc_to_pov_level,addsalt_table_often,2959,5085762.96712008,71,quasibinomial (logit),Low income,-0.120383392691378,0.145037139624697,0.40947652727019,-0.404656186355784,0.163889400973028,0.736145495592056,0.482789830166749,445,664301.350996396
racethn_combn,Other/Multi-Racial,1999-2020,21.2,WTMEC.COMBN,age+gender,inc_to_pov_level,addsalt_table_often,952,3248056.92053353,71,quasibinomial (logit),High income (Intercept),-0.940273236049071,0.322409651687238,0.00481327764000552,-1.57219615335606,-0.308350318742084,0.806169798934119,0.450849129903401,200,772660.519632623
racethn_combn,Other/Multi-Racial,1999-2020,21.2,WTMEC.COMBN,age+gender,inc_to_pov_level,addsalt_table_often,952,3248056.92053353,71,quasibinomial (logit),Middle income,-0.280562983348329,0.272404885468973,0.306738026800462,-0.814476558867515,0.253350592170857,0.806169798934119,0.450849129903401,518,1865617.21434208
racethn_combn,Other/Multi-Racial,1999-2020,21.2,WTMEC.COMBN,age+gender,inc_to_pov_level,addsalt_table_often,952,3248056.92053353,71,quasibinomial (logit),Low income,-0.0685964677557965,0.271030156105957,0.800969505244103,-0.599815573723471,0.462622638211878,0.806169798934119,0.450849129903401,234,609779.18655883
racethn_combn,NHW,1999-2020,21.2,WTMEC.COMBN,age+gender,inc_to_pov_level,restaur_freq_gt2,24756,142542123.090817,162,quasibinomial (logit),High income (Intercept),1.2600071205553,0.0659369192374795,6.31409732573844e-43,1.13077075884984,1.38924348226076,122.765248265536,6.75580783043571e-33,8283,61293639.4167784
racethn_combn,NHW,1999-2020,21.2,WTMEC.COMBN,age+gender,inc_to_pov_level,restaur_freq_gt2,24756,142542123.090817,162,quasibinomial (logit),Middle income,-0.56974089124083,0.043351817663209,3.95521774668032e-27,-0.65471045386072,-0.484771328620941,122.765248265536,6.75580783043571e-33,12906,67432781.9879527
racethn_combn,NHW,1999-2020,21.2,WTMEC.COMBN,age+gender,inc_to_pov_level,restaur_freq_gt2,24756,142542123.090817,162,quasibinomial (logit),Low income,-1.11897135943528,0.0776458848457301,1.35320340444002e-30,-1.27115729373292,-0.966785425137654,122.765248265536,6.75580783043571e-33,3567,13815701.6860861
racethn_combn,Other/Multi-Racial/NHAsian,1999-2020,21.2,WTMEC.COMBN,age+gender,inc_to_pov_level,restaur_freq_gt2,1349,6108821.42260039,84,quasibinomial (logit),High income (Intercept),0.875533442580488,0.259438564357133,0.00114189889910142,0.367033856440506,1.38403302872047,5.81875058853988,0.00437189734593092,369,2007767.83024123
racethn_combn,Other/Multi-Racial/NHAsian,1999-2020,21.2,WTMEC.COMBN,age+gender,inc_to_pov_level,restaur_freq_gt2,1349,6108821.42260039,84,quasibinomial (logit),Middle income,-0.49915350672565,0.17766416961825,0.0062340020500316,-0.84737527917742,-0.15093173427388,5.81875058853988,0.00437189734593092,658,2989584.626605
racethn_combn,Other/Multi-Racial/NHAsian,1999-2020,21.2,WTMEC.COMBN,age+gender,inc_to_pov_level,restaur_freq_gt2,1349,6108821.42260039,84,quasibinomial (logit),Low income,-0.629958345753815,0.214610710105494,0.00434766521520412,-1.05059533756058,-0.209321353947046,5.81875058853988,0.00437189734593092,322,1111468.96575416
racethn_combn,Mexican-American,1999-2020,21.2,WTMEC.COMBN,age+gender,inc_to_pov_level,restaur_freq_gt2,9754,16680867.7853958,144,quasibinomial (logit),High income (Intercept),1.5131596110414,0.131456881111883,5.43570306568833e-22,1.2555041240621,1.77081509802069,91.8955057085617,3.23912203973938e-26,1127,2088622.52521459
racethn_combn,Mexican-American,1999-2020,21.2,WTMEC.COMBN,age+gender,inc_to_pov_level,restaur_freq_gt2,9754,16680867.7853958,144,quasibinomial (logit),Middle income,-0.912058401595502,0.106964183041777,2.18737335888902e-14,-1.12170820035739,-0.702408602833618,91.8955057085617,3.23912203973938e-26,5510,9492589.25978085
racethn_combn,Mexican-American,1999-2020,21.2,WTMEC.COMBN,age+gender,inc_to_pov_level,restaur_freq_gt2,9754,16680867.7853958,144,quasibinomial (logit),Low income,-1.50805656319394,0.11400443363355,2.00611642869679e-26,-1.7315052531157,-1.28460787327218,91.8955057085617,3.23912203973938e-26,3117,5099656.00040036
racethn_combn,NHB,1999-2020,21.2,WTMEC.COMBN,age+gender,inc_to_pov_level,restaur_freq_gt2,12334,23187074.9094388,153,quasibinomial (logit),High income (Intercept),1.73407784947027,0.0980507486167738,1.99526514627255e-38,1.54189838218139,1.92625731675914,76.8320223482119,1.17705036742894e-23,2353,4573618.62011565
racethn_combn,NHB,1999-2020,21.2,WTMEC.COMBN,age+gender,inc_to_pov_level,restaur_freq_gt2,12334,23187074.9094388,153,quasibinomial (logit),Middle income,-0.543785555828393,0.06614178351118,9.0821375907079e-14,-0.673423451510305,-0.41414766014648,76.8320223482119,1.17705036742894e-23,6644,12588957.4375197
racethn_combn,NHB,1999-2020,21.2,WTMEC.COMBN,age+gender,inc_to_pov_level,restaur_freq_gt2,12334,23187074.9094388,153,quasibinomial (logit),Low income,-0.93305289432525,0.0753193397612707,1.12630314238123e-24,-1.08067880025734,-0.78542698839316,76.8320223482119,1.17705036742894e-23,3337,6024498.85180344
racethn_combn,Other Hispanic,1999-2020,21.2,WTMEC.COMBN,age+gender,inc_to_pov_level,restaur_freq_gt2,4505,11646326.3989275,138,quasibinomial (logit),High income (Intercept),1.21390894357054,0.126502450230108,6.43137236633309e-17,0.965964141119529,1.46185374602155,32.1613995832704,3.9088983298973e-12,733,2039958.03679889
racethn_combn,Other Hispanic,1999-2020,21.2,WTMEC.COMBN,age+gender,inc_to_pov_level,restaur_freq_gt2,4505,11646326.3989275,138,quasibinomial (logit),Middle income,-0.646806395394825,0.120428740567188,3.36194178220014e-07,-0.882846726906513,-0.410766063883137,32.1613995832704,3.9088983298973e-12,2413,6305714.96002042
racethn_combn,Other Hispanic,1999-2020,21.2,WTMEC.COMBN,age+gender,inc_to_pov_level,restaur_freq_gt2,4505,11646326.3989275,138,quasibinomial (logit),Low income,-0.999681276665487,0.124882791087543,5.0581813510115e-13,-1.24445154719707,-0.754911006133903,32.1613995832704,3.9088983298973e-12,1359,3300653.40210814
racethn_combn,NHAsian,1999-2020,21.2,WTMEC.COMBN,age+gender,inc_to_pov_level,restaur_freq_gt2,2960,5087344.6526751,71,quasibinomial (logit),High income (Intercept),1.27588259220741,0.202297744427183,2.57677297448411e-08,0.879379013130133,1.67238617128469,13.5445871327071,1.14796164033597e-05,1157,2100795.77688323
racethn_combn,NHAsian,1999-2020,21.2,WTMEC.COMBN,age+gender,inc_to_pov_level,restaur_freq_gt2,2960,5087344.6526751,71,quasibinomial (logit),Middle income,-0.567429795223232,0.11420635386831,4.9309516296854e-06,-0.79127424880512,-0.343585341641345,13.5445871327071,1.14796164033597e-05,1359,2324396.49657396
racethn_combn,NHAsian,1999-2020,21.2,WTMEC.COMBN,age+gender,inc_to_pov_level,restaur_freq_gt2,2960,5087344.6526751,71,quasibinomial (logit),Low income,-0.658800881144062,0.200776284178622,0.00164284832610531,-1.05232239813416,-0.265279364153963,13.5445871327071,1.14796164033597e-05,444,662152.379217906
racethn_combn,Other/Multi-Racial,1999-2020,21.2,WTMEC.COMBN,age+gender,inc_to_pov_level,restaur_freq_gt2,951,3246677.77295702,71,quasibinomial (logit),High income (Intercept),1.33241018185391,0.413249273695998,0.00195324535105751,0.522441605409757,2.14237875829807,1.81096673561578,0.171407245697749,200,772660.519632623
racethn_combn,Other/Multi-Racial,1999-2020,21.2,WTMEC.COMBN,age+gender,inc_to_pov_level,restaur_freq_gt2,951,3246677.77295702,71,quasibinomial (logit),Middle income,-0.493680363745261,0.272450658656204,0.0744676602071485,-1.02768365471142,0.0403229272208989,1.81096673561578,0.171407245697749,518,1865368.45596009
racethn_combn,Other/Multi-Racial,1999-2020,21.2,WTMEC.COMBN,age+gender,inc_to_pov_level,restaur_freq_gt2,951,3246677.77295702,71,quasibinomial (logit),Low income,-0.552568823044905,0.315825134907883,0.0847655810873328,-1.17158608746436,0.0664484413745444,1.81096673561578,0.171407245697749,233,608648.797364302
racethn_combn,NHW,1999-2020,21.2,WTMEC.COMBN,age+gender,inc_to_pov_level,govtmeal_any,9382,39584902.427876,160,quasibinomial (logit),High income (Intercept),-11.5881972615503,0.884759899356912,6.53325142670249e-27,-13.3223266642899,-9.85406785881078,30.0196890219868,9.3357893248319e-12,2677,14779473.5970712
racethn_combn,NHW,1999-2020,21.2,WTMEC.COMBN,age+gender,inc_to_pov_level,govtmeal_any,9382,39584902.427876,160,quasibinomial (logit),Middle income,1.77793780464008,0.339209094316886,5.10247608045506e-07,1.11308797977899,2.44278762950118,30.0196890219868,9.3357893248319e-12,5814,22196617.5927366
racethn_combn,NHW,1999-2020,21.2,WTMEC.COMBN,age+gender,inc_to_pov_level,govtmeal_any,9382,39584902.427876,160,quasibinomial (logit),Low income,2.70799705668685,0.377289232165221,2.70932861440852e-11,1.96851016164302,3.44748395173068,30.0196890219868,9.3357893248319e-12,891,2608811.23806826
racethn_combn,Mexican-American,1999-2020,21.2,WTMEC.COMBN,age+gender,inc_to_pov_level,govtmeal_any,2449,1837794.88491638,79,quasibinomial (logit),High income (Intercept),-9.43137283848538,1.39761387241826,2.74229261165062e-09,-12.1706960284252,-6.69204964854559,4.42621840847228,0.015239091437746,280,235771.405275359
racethn_combn,Mexican-American,1999-2020,21.2,WTMEC.COMBN,age+gender,inc_to_pov_level,govtmeal_any,2449,1837794.88491638,79,quasibinomial (logit),Middle income,0.242400021746047,0.516018164971085,0.639895924674297,-0.768995581597279,1.25379562508937,4.42621840847228,0.015239091437746,1384,1036511.78422559
racethn_combn,Mexican-American,1999-2020,21.2,WTMEC.COMBN,age+gender,inc_to_pov_level,govtmeal_any,2449,1837794.88491638,79,quasibinomial (logit),Low income,1.03342863187657,0.565663242101532,0.071688511834338,-0.0752713226424286,2.14212858639558,4.42621840847228,0.015239091437746,785,565511.695415434
racethn_combn,NHB,1999-2020,21.2,WTMEC.COMBN,age+gender,inc_to_pov_level,govtmeal_any,3614,4335785.32342504,133,quasibinomial (logit),High income (Intercept),-10.7702514070711,0.922275956292986,6.04660951719176e-22,-12.5779122814053,-8.96259053273684,23.9772141785627,1.39950264660639e-09,702,822151.23851383
racethn_combn,NHB,1999-2020,21.2,WTMEC.COMBN,age+gender,inc_to_pov_level,govtmeal_any,3614,4335785.32342504,133,quasibinomial (logit),Middle income,0.906162423422781,0.453616686035331,0.0478593426511987,0.0170737187935327,1.79525112805203,23.9772141785627,1.39950264660639e-09,2069,2517971.13183415
racethn_combn,NHB,1999-2020,21.2,WTMEC.COMBN,age+gender,inc_to_pov_level,govtmeal_any,3614,4335785.32342504,133,quasibinomial (logit),Low income,1.93811977464113,0.416559120230835,8.01032967833227e-06,1.12166389898869,2.75457565029356,23.9772141785627,1.39950264660639e-09,843,995662.953077057
racethn_combn,Other Hispanic,1999-2020,21.2,WTMEC.COMBN,age+gender,inc_to_pov_level,govtmeal_any,1325,1811365.98139426,84,quasibinomial (logit),High income (Intercept),-8.84267773805893,1.64468330671634,7.32520168613111e-07,-12.0662570192229,-5.61909845689491,6.0816543643842,0.00347758029223775,203,266119.50391383
racethn_combn,Other Hispanic,1999-2020,21.2,WTMEC.COMBN,age+gender,inc_to_pov_level,govtmeal_any,1325,1811365.98139426,84,quasibinomial (logit),Middle income,0.388627696163562,0.833975940055268,0.642486170267414,-1.24596514634476,2.02322053867189,6.0816543643842,0.00347758029223775,699,956353.044370208
racethn_combn,Other Hispanic,1999-2020,21.2,WTMEC.COMBN,age+gender,inc_to_pov_level,govtmeal_any,1325,1811365.98139426,84,quasibinomial (logit),Low income,1.82474198105262,0.756135333259566,0.0180970809185928,0.342716727863869,3.30676723424137,6.0816543643842,0.00347758029223775,423,588893.433110227
racethn_combn,Other/Multi-Racial/NHAsian,1999-2020,21.2,WTMEC.COMBN,age+gender,inc_to_pov_level,govtmeal_any,293,887847.453708585,34,quasibinomial (logit),High income (Intercept),-15.3381331096229,5.12603775137798,0.00549669866230537,-25.3851671023237,-5.29109911692206,1.54456042834834,0.229900752267647,78,307978.473329623
racethn_combn,Other/Multi-Racial/NHAsian,1999-2020,21.2,WTMEC.COMBN,age+gender,inc_to_pov_level,govtmeal_any,293,887847.453708585,34,quasibinomial (logit),Middle income,0.579509950398608,1.25887991313547,0.648593204030495,-1.88789467934692,3.04691458014413,1.54456042834834,0.229900752267647,145,420370.075235849
racethn_combn,Other/Multi-Racial/NHAsian,1999-2020,21.2,WTMEC.COMBN,age+gender,inc_to_pov_level,govtmeal_any,293,887847.453708585,34,quasibinomial (logit),Low income,-1.58607579463954,1.51778804098115,0.30437433110018,-4.5609403549626,1.38878876568351,1.54456042834834,0.229900752267647,70,159498.905143113
racethn_combn,NHAsian,1999-2020,21.2,WTMEC.COMBN,age+gender,inc_to_pov_level,govtmeal_any,661,1042293.95874085,47,quasibinomial (logit),High income (Intercept),-10.9468126626486,3.07873012004523,0.00093212455393222,-16.9811236979373,-4.91250162735999,5.87225811148147,0.00556222325285591,213,333457.508602189
racethn_combn,NHAsian,1999-2020,21.2,WTMEC.COMBN,age+gender,inc_to_pov_level,govtmeal_any,661,1042293.95874085,47,quasibinomial (logit),Middle income,0.825114266540567,1.36632518464875,0.549087643336896,-1.85288309537097,3.50311162845211,5.87225811148147,0.00556222325285591,319,510865.86483483
racethn_combn,NHAsian,1999-2020,21.2,WTMEC.COMBN,age+gender,inc_to_pov_level,govtmeal_any,661,1042293.95874085,47,quasibinomial (logit),Low income,3.12774113742716,1.12144370546016,0.00784552411481032,0.929711474725244,5.32577080012907,5.87225811148147,0.00556222325285591,129,197970.58530383
racethn_combn,Other/Multi-Racial,1999-2020,21.2,WTMEC.COMBN,age+gender,inc_to_pov_level,govtmeal_any,207,691459.315763094,33,quasibinomial (logit),High income (Intercept),-30.4436940727175,4.77232223224166,5.65885397478014e-07,-39.7974456479112,-21.0899424975238,563.205158194104,6.23871973366483e-24,27,128960.082278208
racethn_combn,Other/Multi-Racial,1999-2020,21.2,WTMEC.COMBN,age+gender,inc_to_pov_level,govtmeal_any,207,691459.315763094,33,quasibinomial (logit),Middle income,16.5854225226205,0.547826662473641,1.70026496998445e-23,15.5116822641722,17.6591627810688,563.205158194104,6.23871973366483e-24,134,449528.294073509
racethn_combn,Other/Multi-Racial,1999-2020,21.2,WTMEC.COMBN,age+gender,inc_to_pov_level,govtmeal_any,207,691459.315763094,33,quasibinomial (logit),Low income,17.2154425810783,0.679805221767494,2.51045420770676e-21,15.883024346414,18.5478608157426,563.205158194104,6.23871973366483e-24,46,112970.939411377
racethn_combn,NHB,2003-2020,17.2,WTMEC.COMBN,age+gender,inc_to_pov_level,foodinsecure,10371,23928929.412684,128,quasibinomial (logit),High income (Intercept),-3.15753271883742,0.232707766982518,2.86014856468578e-26,-3.61363994212316,-2.70142549555169,149.155066375904,1.00691164927749e-33,1991,4748928.04915708
racethn_combn,NHB,2003-2020,17.2,WTMEC.COMBN,age+gender,inc_to_pov_level,foodinsecure,10371,23928929.412684,128,quasibinomial (logit),Middle income,2.30503828192949,0.193294768045172,2.60763658052742e-22,1.92618053656095,2.68389602729803,149.155066375904,1.00691164927749e-33,5579,13004976.0840332
racethn_combn,NHB,2003-2020,17.2,WTMEC.COMBN,age+gender,inc_to_pov_level,foodinsecure,10371,23928929.412684,128,quasibinomial (logit),Low income,3.15983998771252,0.202547934130595,4.9824076307257e-31,2.76284603681655,3.55683393860848,149.155066375904,1.00691164927749e-33,2801,6175025.27949373
racethn_combn,NHW,2003-2020,17.2,WTMEC.COMBN,age+gender,inc_to_pov_level,foodinsecure,19827,144048617.110263,133,quasibinomial (logit),High income (Intercept),-3.6124901360568,0.207887972764039,1.35912345527914e-35,-4.01995056267431,-3.20502970943928,215.481990595545,7.52853271999799e-42,6465,62400522.2770424
racethn_combn,NHW,2003-2020,17.2,WTMEC.COMBN,age+gender,inc_to_pov_level,foodinsecure,19827,144048617.110263,133,quasibinomial (logit),Middle income,2.48234830358659,0.182188741127716,9.58792168622826e-27,2.12525837097627,2.83943823619691,215.481990595545,7.52853271999799e-42,10345,67747907.1882956
racethn_combn,NHW,2003-2020,17.2,WTMEC.COMBN,age+gender,inc_to_pov_level,foodinsecure,19827,144048617.110263,133,quasibinomial (logit),Low income,3.6899709915767,0.189660439266394,3.46336548201221e-40,3.31823653061457,4.06170545253883,215.481990595545,7.52853271999799e-42,3017,13900187.6449247
racethn_combn,Mexican-American,2003-2020,17.2,WTMEC.COMBN,age+gender,inc_to_pov_level,foodinsecure,7237,17413051.6197776,120,quasibinomial (logit),High income (Intercept),-3.1034245991208,0.293227828018388,9.91266759855493e-19,-3.67815114203684,-2.52869805620476,85.5420057760598,1.49293540006461e-23,822,2167192.13587693
racethn_combn,Mexican-American,2003-2020,17.2,WTMEC.COMBN,age+gender,inc_to_pov_level,foodinsecure,7237,17413051.6197776,120,quasibinomial (logit),Middle income,2.19926985192168,0.26046235581056,1.01059085400584e-13,1.68876363453299,2.70977606931038,85.5420057760598,1.49293540006461e-23,4038,9828711.38716363
racethn_combn,Mexican-American,2003-2020,17.2,WTMEC.COMBN,age+gender,inc_to_pov_level,foodinsecure,7237,17413051.6197776,120,quasibinomial (logit),Low income,3.18950175759761,0.265909764548567,4.75043367160882e-22,2.66831861908242,3.71068489611281,85.5420057760598,1.49293540006461e-23,2377,5417148.09673707
racethn_combn,Other Hispanic,2003-2020,17.2,WTMEC.COMBN,age+gender,inc_to_pov_level,foodinsecure,3985,11381871.1637629,119,quasibinomial (logit),High income (Intercept),-4.32117871599638,0.37523106484247,7.08902342002473e-21,-5.05663160308762,-3.58572582890514,92.6459439296952,1.07490183971416e-24,675,2131387.91420607
racethn_combn,Other Hispanic,2003-2020,17.2,WTMEC.COMBN,age+gender,inc_to_pov_level,foodinsecure,3985,11381871.1637629,119,quasibinomial (logit),Middle income,3.01000635705766,0.356696559203361,1.09299070353115e-13,2.31088110101907,3.70913161309625,92.6459439296952,1.07490183971416e-24,2110,6024495.08563352
racethn_combn,Other Hispanic,2003-2020,17.2,WTMEC.COMBN,age+gender,inc_to_pov_level,foodinsecure,3985,11381871.1637629,119,quasibinomial (logit),Low income,4.22616282289332,0.365603427064805,5.6121339547252e-21,3.5095801058463,4.94274553994034,92.6459439296952,1.07490183971416e-24,1200,3225988.16392329
racethn_combn,Other/Multi-Racial/NHAsian,2003-2020,17.2,WTMEC.COMBN,age+gender,inc_to_pov_level,foodinsecure,989,5525064.08503013,57,quasibinomial (logit),High income (Intercept),-6.11959727258845,1.13188437911838,1.562823424712e-06,-8.33809065566048,-3.90110388951642,18.581227279587,7.67589096428709e-07,268,1885850.06827267
racethn_combn,Other/Multi-Racial/NHAsian,2003-2020,17.2,WTMEC.COMBN,age+gender,inc_to_pov_level,foodinsecure,989,5525064.08503013,57,quasibinomial (logit),Middle income,4.43938388442262,1.05603824582437,0.000101348638155479,2.36954892260686,6.50921884623838,18.581227279587,7.67589096428709e-07,493,2813649.97617116
racethn_combn,Other/Multi-Racial/NHAsian,2003-2020,17.2,WTMEC.COMBN,age+gender,inc_to_pov_level,foodinsecure,989,5525064.08503013,57,quasibinomial (logit),Low income,5.59063865936707,1.03777776436261,1.67579629700853e-06,3.55659424121636,7.62468307751778,18.581227279587,7.67589096428709e-07,228,825564.040586291
racethn_combn,NHAsian,2003-2020,17.2,WTMEC.COMBN,age+gender,inc_to_pov_level,foodinsecure,2962,6275899.08496974,71,quasibinomial (logit),High income (Intercept),-4.50424282134206,0.52810122704579,2.67954471594026e-12,-5.5393212263518,-3.46916441633231,24.397107157437,1.09646827441234e-08,1159,2592155.22633651
racethn_combn,NHAsian,2003-2020,17.2,WTMEC.COMBN,age+gender,inc_to_pov_level,foodinsecure,2962,6275899.08496974,71,quasibinomial (logit),Middle income,2.43274131182749,0.46064725877742,1.49867381315505e-06,1.52987268462375,3.33560993903124,24.397107157437,1.09646827441234e-08,1359,2864953.8213586
racethn_combn,NHAsian,2003-2020,17.2,WTMEC.COMBN,age+gender,inc_to_pov_level,foodinsecure,2962,6275899.08496974,71,quasibinomial (logit),Low income,3.09886936026868,0.444662363107294,1.72082954544723e-09,2.22733112857839,3.97040759195898,24.397107157437,1.09646827441234e-08,444,818790.037274628
racethn_combn,Other/Multi-Racial,2003-2020,17.2,WTMEC.COMBN,age+gender,inc_to_pov_level,foodinsecure,953,4006055.27257295,71,quasibinomial (logit),High income (Intercept),-2.11633892057028,0.600300927409488,0.000767675492466381,-3.29292873829288,-0.939749102847686,13.3431822588427,1.32539992221191e-05,200,952349.012570442
racethn_combn,Other/Multi-Racial,2003-2020,17.2,WTMEC.COMBN,age+gender,inc_to_pov_level,foodinsecure,953,4006055.27257295,71,quasibinomial (logit),Middle income,1.63071004648212,0.522563091579421,0.0026624105316354,0.606486386986452,2.65493370597778,13.3431822588427,1.32539992221191e-05,519,2302117.96029047
racethn_combn,Other/Multi-Racial,2003-2020,17.2,WTMEC.COMBN,age+gender,inc_to_pov_level,foodinsecure,953,4006055.27257295,71,quasibinomial (logit),Low income,2.60628006927192,0.55921615071449,1.54807669736189e-05,1.51021641387152,3.70234372467232,13.3431822588427,1.32539992221191e-05,234,751588.299712047
racethn_combn,NHW,1999-2020,21.2,WTMEC.COMBN,age+gender,inc_to_pov_level,genhealth_low_vs_other,24751,142488261.511836,162,quasibinomial (logit),High income (Intercept),-3.8428287485946,0.0829377469415579,7.28763751326016e-94,-4.00538673260005,-3.68027076458915,336.371998960909,1.13762756055032e-57,8280,61270226.9228892
racethn_combn,NHW,1999-2020,21.2,WTMEC.COMBN,age+gender,inc_to_pov_level,genhealth_low_vs_other,24751,142488261.511836,162,quasibinomial (logit),Middle income,0.930265183138178,0.0558195362095648,1.23878747669275e-36,0.820858892167431,1.03967147410892,336.371998960909,1.13762756055032e-57,12901,67404571.6996106
racethn_combn,NHW,1999-2020,21.2,WTMEC.COMBN,age+gender,inc_to_pov_level,genhealth_low_vs_other,24751,142488261.511836,162,quasibinomial (logit),Low income,1.85713475393746,0.0730890719496732,1.10505924404084e-57,1.7138801729161,2.00038933495882,336.371998960909,1.13762756055032e-57,3570,13813462.8893365
racethn_combn,Other/Multi-Racial/NHAsian,1999-2020,21.2,WTMEC.COMBN,age+gender,inc_to_pov_level,genhealth_low_vs_other,1348,6107934.79664888,83,quasibinomial (logit),High income (Intercept),-4.09625818510224,0.293716873960254,5.24991867884296e-23,-4.67194325806434,-3.52057311214015,10.7300335804288,7.5427249553553e-05,369,2007767.83024123
racethn_combn,Other/Multi-Racial/NHAsian,1999-2020,21.2,WTMEC.COMBN,age+gender,inc_to_pov_level,genhealth_low_vs_other,1348,6107934.79664888,83,quasibinomial (logit),Middle income,0.874532887977459,0.207349335546815,6.52407507628238e-05,0.468128190305701,1.28093758564922,10.7300335804288,7.5427249553553e-05,657,2987338.51512953
racethn_combn,Other/Multi-Racial/NHAsian,1999-2020,21.2,WTMEC.COMBN,age+gender,inc_to_pov_level,genhealth_low_vs_other,1348,6107934.79664888,83,quasibinomial (logit),Low income,1.31499091183192,0.333142280626063,0.000170415774362181,0.662032041804837,1.967949781859,10.7300335804288,7.5427249553553e-05,322,1112828.45127812
racethn_combn,Mexican-American,1999-2020,21.2,WTMEC.COMBN,age+gender,inc_to_pov_level,genhealth_low_vs_other,9748,16677219.3329698,144,quasibinomial (logit),High income (Intercept),-3.53001698896592,0.185906664768842,1.46519063815265e-40,-3.89439405191285,-3.16563992601899,86.3851718600712,3.65740269992171e-25,1126,2086639.55827081
racethn_combn,Mexican-American,1999-2020,21.2,WTMEC.COMBN,age+gender,inc_to_pov_level,genhealth_low_vs_other,9748,16677219.3329698,144,quasibinomial (logit),Middle income,1.40770541490658,0.141492933551903,5.73776619216383e-18,1.13037926514485,1.68503156466831,86.3851718600712,3.65740269992171e-25,5507,9491404.53362275
racethn_combn,Mexican-American,1999-2020,21.2,WTMEC.COMBN,age+gender,inc_to_pov_level,genhealth_low_vs_other,9748,16677219.3329698,144,quasibinomial (logit),Low income,1.86854179860199,0.147595073210267,5.81514743577596e-25,1.57925545510987,2.15782814209412,86.3851718600712,3.65740269992171e-25,3115,5099175.24107621
racethn_combn,NHB,1999-2020,21.2,WTMEC.COMBN,age+gender,inc_to_pov_level,genhealth_low_vs_other,12334,23185739.2712437,153,quasibinomial (logit),High income (Intercept),-3.34945173191768,0.110658155643341,1.6078659588165e-65,-3.56634171697863,-3.13256174685673,149.325403227249,2.55501727389739e-36,2354,4577061.0169181
racethn_combn,NHB,1999-2020,21.2,WTMEC.COMBN,age+gender,inc_to_pov_level,genhealth_low_vs_other,12334,23185739.2712437,153,quasibinomial (logit),Middle income,0.631442892311002,0.0764144685882644,7.14106340556773e-14,0.481670533878003,0.781215250744,149.325403227249,2.55501727389739e-36,6644,12591901.7994086
racethn_combn,NHB,1999-2020,21.2,WTMEC.COMBN,age+gender,inc_to_pov_level,genhealth_low_vs_other,12334,23185739.2712437,153,quasibinomial (logit),Low income,1.30248107647524,0.0808635944035976,1.92688894408396e-34,1.14398843144419,1.46097372150629,149.325403227249,2.55501727389739e-36,3336,6016776.45491701
racethn_combn,Other Hispanic,1999-2020,21.2,WTMEC.COMBN,age+gender,inc_to_pov_level,genhealth_low_vs_other,4501,11643915.1919867,138,quasibinomial (logit),High income (Intercept),-3.48627239492188,0.198374178069368,1.35226124629734e-36,-3.87508578393784,-3.09745900590591,64.9315295790894,1.92156794034182e-20,732,2033923.22268296
racethn_combn,Other Hispanic,1999-2020,21.2,WTMEC.COMBN,age+gender,inc_to_pov_level,genhealth_low_vs_other,4501,11643915.1919867,138,quasibinomial (logit),Middle income,1.15823019834189,0.178212933525662,1.46348843802534e-09,0.808932848631588,1.50752754805219,64.9315295790894,1.92156794034182e-20,2412,6313056.16656522
racethn_combn,Other Hispanic,1999-2020,21.2,WTMEC.COMBN,age+gender,inc_to_pov_level,genhealth_low_vs_other,4501,11643915.1919867,138,quasibinomial (logit),Low income,1.81093334610929,0.168291171656012,7.56920652269737e-20,1.48108264966351,2.14078404255508,64.9315295790894,1.92156794034182e-20,1357,3296935.80273852
racethn_combn,NHAsian,1999-2020,21.2,WTMEC.COMBN,age+gender,inc_to_pov_level,genhealth_low_vs_other,2964,5093595.09645102,71,quasibinomial (logit),High income (Intercept),-4.00461983433895,0.264158789627584,2.43154647673816e-23,-4.52237106200902,-3.48686860666889,23.0799238010764,2.37034758344272e-08,1160,2104897.24888066
racethn_combn,NHAsian,1999-2020,21.2,WTMEC.COMBN,age+gender,inc_to_pov_level,genhealth_low_vs_other,2964,5093595.09645102,71,quasibinomial (logit),Middle income,0.828603197011177,0.136713960558687,6.95091446336997e-08,0.56064383431615,1.0965625597062,23.0799238010764,2.37034758344272e-08,1359,2324396.49657396
racethn_combn,NHAsian,1999-2020,21.2,WTMEC.COMBN,age+gender,inc_to_pov_level,genhealth_low_vs_other,2964,5093595.09645102,71,quasibinomial (logit),Low income,1.26606530056091,0.218509150958696,2.01521506269876e-07,0.837787364681862,1.69434323643995,23.0799238010764,2.37034758344272e-08,445,664301.350996396
racethn_combn,Other/Multi-Racial,1999-2020,21.2,WTMEC.COMBN,age+gender,inc_to_pov_level,genhealth_low_vs_other,950,3246346.14965942,71,quasibinomial (logit),High income (Intercept),-2.6810637429398,0.430021211811528,3.4511442980463e-08,-3.5239053180904,-1.83822216778921,5.91496018433163,0.0043087812617404,200,772660.519632623
racethn_combn,Other/Multi-Racial,1999-2020,21.2,WTMEC.COMBN,age+gender,inc_to_pov_level,genhealth_low_vs_other,950,3246346.14965942,71,quasibinomial (logit),Middle income,0.766293195651321,0.335158849299466,0.025400926420213,0.109381851024369,1.42320454027827,5.91496018433163,0.0043087812617404,518,1866482.85377679
racethn_combn,Other/Multi-Racial,1999-2020,21.2,WTMEC.COMBN,age+gender,inc_to_pov_level,genhealth_low_vs_other,950,3246346.14965942,71,quasibinomial (logit),Low income,1.27760833446654,0.381896274691104,0.00134933646618175,0.529091636071978,2.02612503286111,5.91496018433163,0.0043087812617404,232,607202.77625
racethn_combn,NHW,1999-2020,21.2,WTMEC.COMBN,age+gender,inc_to_pov_level,hc_drvisit,24751,142507770.6944,162,quasibinomial (logit),High income (Intercept),1.45878802778209,0.0804889601581638,2.00230994332575e-40,1.30102966587209,1.61654638969209,39.2565249234359,1.44329899088004e-14,8282,61283047.0779793
racethn_combn,NHW,1999-2020,21.2,WTMEC.COMBN,age+gender,inc_to_pov_level,hc_drvisit,24751,142507770.6944,162,quasibinomial (logit),Middle income,-0.459000943875784,0.0541984698746803,1.6136075209743e-14,-0.565229944830157,-0.352771942921411,39.2565249234359,1.44329899088004e-14,12903,67416145.2633845
racethn_combn,NHW,1999-2020,21.2,WTMEC.COMBN,age+gender,inc_to_pov_level,hc_drvisit,24751,142507770.6944,162,quasibinomial (logit),Low income,-0.4344058753742,0.0785179187259124,1.28279813548625e-07,-0.588300996076988,-0.280510754671412,39.2565249234359,1.44329899088004e-14,3566,13808578.3530359
racethn_combn,Other/Multi-Racial/NHAsian,1999-2020,21.2,WTMEC.COMBN,age+gender,inc_to_pov_level,hc_drvisit,1348,6107934.79664888,83,quasibinomial (logit),High income (Intercept),0.916729211581547,0.29783091926048,0.00286443040503959,0.332980609831007,1.50047781333209,2.20098956106473,0.117436749748901,369,2007767.83024123
racethn_combn,Other/Multi-Racial/NHAsian,1999-2020,21.2,WTMEC.COMBN,age+gender,inc_to_pov_level,hc_drvisit,1348,6107934.79664888,83,quasibinomial (logit),Middle income,-0.398225985046744,0.18981267675858,0.0391019363414703,-0.770258831493561,-0.0261931385999275,2.20098956106473,0.117436749748901,657,2987338.51512953
racethn_combn,Other/Multi-Racial/NHAsian,1999-2020,21.2,WTMEC.COMBN,age+gender,inc_to_pov_level,hc_drvisit,1348,6107934.79664888,83,quasibinomial (logit),Low income,-0.229898189538539,0.256282709390637,0.372418280041616,-0.732212299944188,0.27241592086711,2.20098956106473,0.117436749748901,322,1112828.45127812
racethn_combn,Mexican-American,1999-2020,21.2,WTMEC.COMBN,age+gender,inc_to_pov_level,hc_drvisit,9739,16657818.0560322,144,quasibinomial (logit),High income (Intercept),1.60958908641755,0.146987508063395,1.52576483462091e-20,1.3214935706133,1.89768460222181,62.9963666699262,3.07665243118876e-20,1126,2087485.94078032
racethn_combn,Mexican-American,1999-2020,21.2,WTMEC.COMBN,age+gender,inc_to_pov_level,hc_drvisit,9739,16657818.0560322,144,quasibinomial (logit),Middle income,-0.975840163648951,0.117135758310095,6.63883040144067e-14,-1.20542624993674,-0.746254077361165,62.9963666699262,3.07665243118876e-20,5507,9490911.89398502
racethn_combn,Mexican-American,1999-2020,21.2,WTMEC.COMBN,age+gender,inc_to_pov_level,hc_drvisit,9739,16657818.0560322,144,quasibinomial (logit),Low income,-1.32405507388912,0.121789270288026,2.43782100365883e-20,-1.56276204365365,-1.08534810412459,62.9963666699262,3.07665243118876e-20,3106,5079420.22126689
racethn_combn,NHB,1999-2020,21.2,WTMEC.COMBN,age+gender,inc_to_pov_level,hc_drvisit,12332,23188254.5977972,153,quasibinomial (logit),High income (Intercept),1.57078580910053,0.120667157386979,2.36789132122903e-26,1.33427818062206,1.80729343757901,13.0860441371794,5.81087321036013e-06,2355,4577061.0169181
racethn_combn,NHB,1999-2020,21.2,WTMEC.COMBN,age+gender,inc_to_pov_level,hc_drvisit,12332,23188254.5977972,153,quasibinomial (logit),Middle income,-0.431572495030693,0.0898174119245761,3.73968360705592e-06,-0.607614622402862,-0.255530367658524,13.0860441371794,5.81087321036013e-06,6641,12588321.9823702
racethn_combn,NHB,1999-2020,21.2,WTMEC.COMBN,age+gender,inc_to_pov_level,hc_drvisit,12332,23188254.5977972,153,quasibinomial (logit),Low income,-0.517093948710003,0.106316410805884,2.89776916296623e-06,-0.725474113889535,-0.308713783530471,13.0860441371794,5.81087321036013e-06,3336,6022871.59850891
racethn_combn,Other Hispanic,1999-2020,21.2,WTMEC.COMBN,age+gender,inc_to_pov_level,hc_drvisit,4501,11648724.4228251,138,quasibinomial (logit),High income (Intercept),1.35581693468612,0.229750239275545,2.79635165601727e-08,0.90550646570605,1.80612740366619,8.64036456674268,0.000295474281726682,733,2039958.03679889
racethn_combn,Other Hispanic,1999-2020,21.2,WTMEC.COMBN,age+gender,inc_to_pov_level,hc_drvisit,4501,11648724.4228251,138,quasibinomial (logit),Middle income,-0.726874055478674,0.199840451739514,0.000391971971069331,-1.11856134088812,-0.335186770069226,8.64036456674268,0.000295474281726682,2413,6314084.55452116
racethn_combn,Other Hispanic,1999-2020,21.2,WTMEC.COMBN,age+gender,inc_to_pov_level,hc_drvisit,4501,11648724.4228251,138,quasibinomial (logit),Low income,-0.825104693210717,0.202537814517856,7.87383258233439e-05,-1.22207880966572,-0.428130576755719,8.64036456674268,0.000295474281726682,1355,3294681.83150503
racethn_combn,NHAsian,1999-2020,21.2,WTMEC.COMBN,age+gender,inc_to_pov_level,hc_drvisit,2962,5088822.58282564,71,quasibinomial (logit),High income (Intercept),1.11844868479828,0.172463235175373,1.24960172279694e-08,0.78042074385455,1.45647662574201,10.181362992676,0.000137745989942568,1160,2104897.24888066
racethn_combn,NHAsian,1999-2020,21.2,WTMEC.COMBN,age+gender,inc_to_pov_level,hc_drvisit,2962,5088822.58282564,71,quasibinomial (logit),Middle income,-0.496746638569136,0.115149532717855,5.3986583078959e-05,-0.722439722696132,-0.27105355444214,10.181362992676,0.000137745989942568,1359,2324396.49657396
racethn_combn,NHAsian,1999-2020,21.2,WTMEC.COMBN,age+gender,inc_to_pov_level,hc_drvisit,2962,5088822.58282564,71,quasibinomial (logit),Low income,-0.629943822190503,0.197602649592395,0.00217857715603726,-1.0172450153916,-0.242642628989409,10.181362992676,0.000137745989942568,443,659528.837371019
racethn_combn,Other/Multi-Racial,1999-2020,21.2,WTMEC.COMBN,age+gender,inc_to_pov_level,hc_drvisit,952,3247931.93250757,71,quasibinomial (logit),High income (Intercept),2.39457115773871,0.344173149591827,1.80486132567099e-09,1.71999178453873,3.06915053093869,14.3512561465177,6.49492359838501e-06,200,772660.519632623
racethn_combn,Other/Multi-Racial,1999-2020,21.2,WTMEC.COMBN,age+gender,inc_to_pov_level,hc_drvisit,952,3247931.93250757,71,quasibinomial (logit),Middle income,-1.12895248679182,0.291138276375441,0.000242845441474363,-1.69958350848768,-0.558321465095955,14.3512561465177,6.49492359838501e-06,519,1867756.08099038
racethn_combn,Other/Multi-Racial,1999-2020,21.2,WTMEC.COMBN,age+gender,inc_to_pov_level,hc_drvisit,952,3247931.93250757,71,quasibinomial (logit),Low income,-1.39092227045656,0.261350868442458,1.27992918437606e-06,-1.90316997260378,-0.878674568309342,14.3512561465177,6.49492359838501e-06,233,607515.331884566
racethn_combn,NHW,1999-2020,21.2,WTMEC.COMBN,age+gender,inc_to_pov_level,hc_hospadmit,24758,142540328.966083,162,quasibinomial (logit),High income (Intercept),-3.28194636885541,0.101480529616233,1.44154373430481e-71,-3.48084820690323,-3.0830445308076,59.6265215273325,5.08956267976677e-20,8283,61293639.4167784
racethn_combn,NHW,1999-2020,21.2,WTMEC.COMBN,age+gender,inc_to_pov_level,hc_hospadmit,24758,142540328.966083,162,quasibinomial (logit),Middle income,0.318799072412629,0.0641336361759788,1.71894941351592e-06,0.193097145507711,0.444500999317547,59.6265215273325,5.08956267976677e-20,12907,67432423.0175653
racethn_combn,NHW,1999-2020,21.2,WTMEC.COMBN,age+gender,inc_to_pov_level,hc_hospadmit,24758,142540328.966083,162,quasibinomial (logit),Low income,0.831114820063242,0.0767723871477076,8.82903583284318e-21,0.680640941253735,0.981588698872749,59.6265215273325,5.08956267976677e-20,3568,13814266.5317393
racethn_combn,Other/Multi-Racial/NHAsian,1999-2020,21.2,WTMEC.COMBN,age+gender,inc_to_pov_level,hc_hospadmit,1347,6106338.75395737,83,quasibinomial (logit),High income (Intercept),-3.39651470912117,0.397531002322206,7.56475754507119e-13,-4.1756754736727,-2.61735394456965,3.57595538326717,0.0326066362050415,369,2007767.83024123
racethn_combn,Other/Multi-Racial/NHAsian,1999-2020,21.2,WTMEC.COMBN,age+gender,inc_to_pov_level,hc_hospadmit,1347,6106338.75395737,83,quasibinomial (logit),Middle income,-0.164897650394167,0.304453654923707,0.589605822361689,-0.761626814044632,0.431831513256298,3.57595538326717,0.0326066362050415,656,2985742.47243802
racethn_combn,Other/Multi-Racial/NHAsian,1999-2020,21.2,WTMEC.COMBN,age+gender,inc_to_pov_level,hc_hospadmit,1347,6106338.75395737,83,quasibinomial (logit),Low income,0.558427785575511,0.290184653455697,0.0579067593328574,-0.0103341351976562,1.12718970634868,3.57595538326717,0.0326066362050415,322,1112828.45127812
racethn_combn,Mexican-American,1999-2020,21.2,WTMEC.COMBN,age+gender,inc_to_pov_level,hc_hospadmit,9753,16681636.8638275,144,quasibinomial (logit),High income (Intercept),-3.04870286034601,0.208749530367058,6.23871723447213e-30,-3.45785193986544,-2.63955378082658,9.71512611327454,0.000111946668940342,1125,2084777.98378534
racethn_combn,Mexican-American,1999-2020,21.2,WTMEC.COMBN,age+gender,inc_to_pov_level,hc_hospadmit,9753,16681636.8638275,144,quasibinomial (logit),Middle income,0.440114100570471,0.162128602687417,0.00747068779968654,0.122342039303132,0.757886161837809,9.71512611327454,0.000111946668940342,5512,9497547.23135021
racethn_combn,Mexican-American,1999-2020,21.2,WTMEC.COMBN,age+gender,inc_to_pov_level,hc_hospadmit,9753,16681636.8638275,144,quasibinomial (logit),Low income,0.704894063428798,0.169483341026915,5.54423750200821e-05,0.372706715016045,1.03708141184155,9.71512611327454,0.000111946668940342,3116,5099311.64869196
racethn_combn,NHB,1999-2020,21.2,WTMEC.COMBN,age+gender,inc_to_pov_level,hc_hospadmit,12340,23197718.9139099,153,quasibinomial (logit),High income (Intercept),-2.82888235295515,0.13047911608223,6.19587077419688e-48,-3.08462142047632,-2.57314328543397,27.4650332832133,7.01492532720478e-11,2355,4577061.0169181
racethn_combn,NHB,1999-2020,21.2,WTMEC.COMBN,age+gender,inc_to_pov_level,hc_hospadmit,12340,23197718.9139099,153,quasibinomial (logit),Middle income,0.350610739771977,0.0885137329103109,0.000115283092533073,0.177123823267768,0.524097656276187,27.4650332832133,7.01492532720478e-11,6647,12595447.254629
racethn_combn,NHB,1999-2020,21.2,WTMEC.COMBN,age+gender,inc_to_pov_level,hc_hospadmit,12340,23197718.9139099,153,quasibinomial (logit),Low income,0.709299640034109,0.0974842825385894,1.82293022327393e-11,0.518230446258474,0.900368833809744,27.4650332832133,7.01492532720478e-11,3338,6025210.64236284
racethn_combn,Other Hispanic,1999-2020,21.2,WTMEC.COMBN,age+gender,inc_to_pov_level,hc_hospadmit,4505,11655589.4703388,138,quasibinomial (logit),High income (Intercept),-2.8985038633713,0.264323201231612,2.29332128149275e-20,-3.41657733778527,-2.38043038895734,2.83852829939194,0.0620356720523203,733,2039958.03679889
racethn_combn,Other Hispanic,1999-2020,21.2,WTMEC.COMBN,age+gender,inc_to_pov_level,hc_hospadmit,4505,11655589.4703388,138,quasibinomial (logit),Middle income,0.197078441030423,0.219172592014143,0.370162910341678,-0.232499839317298,0.626656721378144,2.83852829939194,0.0620356720523203,2414,6314978.03143173
racethn_combn,Other Hispanic,1999-2020,21.2,WTMEC.COMBN,age+gender,inc_to_pov_level,hc_hospadmit,4505,11655589.4703388,138,quasibinomial (logit),Low income,0.48654043711688,0.229549745625812,0.0358887349603722,0.036622935690289,0.936457938543472,2.83852829939194,0.0620356720523203,1358,3300653.40210814
racethn_combn,NHAsian,1999-2020,21.2,WTMEC.COMBN,age+gender,inc_to_pov_level,hc_hospadmit,2963,5091442.44108092,71,quasibinomial (logit),High income (Intercept),-3.57605167116105,0.337118022740093,5.56522106192964e-16,-4.23680299573163,-2.91530034659046,4.06531031904035,0.021559425245088,1159,2102744.59351057
racethn_combn,NHAsian,1999-2020,21.2,WTMEC.COMBN,age+gender,inc_to_pov_level,hc_hospadmit,2963,5091442.44108092,71,quasibinomial (logit),Middle income,0.214330803805214,0.225173022406941,0.344594648580113,-0.227008320112391,0.65566992772282,4.06531031904035,0.021559425245088,1359,2324396.49657396
racethn_combn,NHAsian,1999-2020,21.2,WTMEC.COMBN,age+gender,inc_to_pov_level,hc_hospadmit,2963,5091442.44108092,71,quasibinomial (logit),Low income,0.701390595114623,0.251227131119897,0.00682244973810577,0.208985418119625,1.19379577210962,4.06531031904035,0.021559425245088,445,664301.350996396
racethn_combn,Other/Multi-Racial,1999-2020,21.2,WTMEC.COMBN,age+gender,inc_to_pov_level,hc_hospadmit,950,3243671.60864817,71,quasibinomial (logit),High income (Intercept),-3.85044676726794,0.476659560766861,1.74090080741019e-11,-4.78469950637098,-2.91619402816489,4.86288408003877,0.0106653270368821,200,772660.519632623
racethn_combn,Other/Multi-Racial,1999-2020,21.2,WTMEC.COMBN,age+gender,inc_to_pov_level,hc_hospadmit,950,3243671.60864817,71,quasibinomial (logit),Middle income,1.16446217168825,0.373514192099663,0.00268626185100709,0.432374355172914,1.89654998820359,4.86288408003877,0.0106653270368821,518,1864332.9843137
racethn_combn,Other/Multi-Racial,1999-2020,21.2,WTMEC.COMBN,age+gender,inc_to_pov_level,hc_hospadmit,950,3243671.60864817,71,quasibinomial (logit),Low income,1.25025330934118,0.479528656128529,0.0112406896054266,0.31037714332926,2.19012947535309,4.86288408003877,0.0106653270368821,232,606678.104701849
racethn_combn,NHW,1999-2020,21.2,WTMEC.COMBN,age+gender,inc_to_pov_level,insur_any,24748,142463652.972923,162,quasibinomial (logit),High income (Intercept),1.86449892495881,0.105365703592963,2.54101739017349e-39,1.6579821459166,2.07101570400102,207.507702833852,6.29176231899035e-45,8282,61285089.7849146
racethn_combn,NHW,1999-2020,21.2,WTMEC.COMBN,age+gender,inc_to_pov_level,insur_any,24748,142463652.972923,162,quasibinomial (logit),Middle income,-1.540621758249,0.0883821898625902,1.22915859686196e-38,-1.71385085037968,-1.36739266611832,207.507702833852,6.29176231899035e-45,12898,67363730.579952
racethn_combn,NHW,1999-2020,21.2,WTMEC.COMBN,age+gender,inc_to_pov_level,insur_any,24748,142463652.972923,162,quasibinomial (logit),Low income,-2.14725282229443,0.107710483703744,5.52469910503357e-45,-2.35836537035376,-1.93614027423509,207.507702833852,6.29176231899035e-45,3568,13814832.6080562
racethn_combn,Other/Multi-Racial/NHAsian,1999-2020,21.2,WTMEC.COMBN,age+gender,inc_to_pov_level,insur_any,1346,6099719.70115869,84,quasibinomial (logit),High income (Intercept),2.46781946613571,0.39055149163772,1.39537760597279e-08,1.70233854252578,3.23330038974564,18.686037170992,2.19284673466196e-07,368,2001294.63720896
racethn_combn,Other/Multi-Racial/NHAsian,1999-2020,21.2,WTMEC.COMBN,age+gender,inc_to_pov_level,insur_any,1346,6099719.70115869,84,quasibinomial (logit),Middle income,-1.98002693521557,0.34214829105858,1.34126927867374e-07,-2.65063758569039,-1.30941628474076,18.686037170992,2.19284673466196e-07,657,2986956.09819557
racethn_combn,Other/Multi-Racial/NHAsian,1999-2020,21.2,WTMEC.COMBN,age+gender,inc_to_pov_level,insur_any,1346,6099719.70115869,84,quasibinomial (logit),Low income,-1.89171862454646,0.326307488372402,1.2845325366945e-07,-2.53128130175636,-1.25215594733655,18.686037170992,2.19284673466196e-07,321,1111468.96575416
racethn_combn,Mexican-American,1999-2020,21.2,WTMEC.COMBN,age+gender,inc_to_pov_level,insur_any,9732,16653790.7952379,144,quasibinomial (logit),High income (Intercept),1.13652513429913,0.201398427558772,8.9313450267187e-08,0.741784216283933,1.53126605231432,117.311023976654,1.19516850090467e-30,1125,2088622.52521459
racethn_combn,Mexican-American,1999-2020,21.2,WTMEC.COMBN,age+gender,inc_to_pov_level,insur_any,9732,16653790.7952379,144,quasibinomial (logit),Middle income,-1.8307982277246,0.16709788354739,1.47294095868423e-20,-2.15831007947748,-1.50328637597171,117.311023976654,1.19516850090467e-30,5503,9488434.22369634
racethn_combn,Mexican-American,1999-2020,21.2,WTMEC.COMBN,age+gender,inc_to_pov_level,insur_any,9732,16653790.7952379,144,quasibinomial (logit),Low income,-2.6095506762327,0.182958153207767,4.56540524834553e-29,-2.96814865651993,-2.25095269594548,117.311023976654,1.19516850090467e-30,3104,5076734.04632698
racethn_combn,NHB,1999-2020,21.2,WTMEC.COMBN,age+gender,inc_to_pov_level,insur_any,12312,23158259.7022489,153,quasibinomial (logit),High income (Intercept),1.45712717489085,0.125862642509932,1.6393744778315e-22,1.21043639557138,1.70381795421031,96.7395867737855,1.18067826730433e-27,2354,4576544.2492778
racethn_combn,NHB,1999-2020,21.2,WTMEC.COMBN,age+gender,inc_to_pov_level,insur_any,12312,23158259.7022489,153,quasibinomial (logit),Middle income,-1.22588666505862,0.100720183409468,4.26447598379292e-24,-1.42329822454118,-1.02847510557607,96.7395867737855,1.18067826730433e-27,6633,12575922.6820331
racethn_combn,NHB,1999-2020,21.2,WTMEC.COMBN,age+gender,inc_to_pov_level,insur_any,12312,23158259.7022489,153,quasibinomial (logit),Low income,-1.55136033195891,0.112550029436676,2.19497832096886e-28,-1.7719583896548,-1.33076227426302,96.7395867737855,1.18067826730433e-27,3325,6005792.77093795
racethn_combn,Other Hispanic,1999-2020,21.2,WTMEC.COMBN,age+gender,inc_to_pov_level,insur_any,4499,11638369.0550473,138,quasibinomial (logit),High income (Intercept),1.38218875443236,0.218739389523513,3.61580637077542e-09,0.953459550966277,1.81091795789845,43.3898751991054,2.95632750028364e-15,732,2038898.35437823
racethn_combn,Other Hispanic,1999-2020,21.2,WTMEC.COMBN,age+gender,inc_to_pov_level,insur_any,4499,11638369.0550473,138,quasibinomial (logit),Middle income,-1.61635567868053,0.209396649095935,2.41104180198364e-12,-2.02677311090856,-1.2059382464525,43.3898751991054,2.95632750028364e-15,2412,6300861.76526073
racethn_combn,Other Hispanic,1999-2020,21.2,WTMEC.COMBN,age+gender,inc_to_pov_level,insur_any,4499,11638369.0550473,138,quasibinomial (logit),Low income,-2.08043857242758,0.22342321169227,3.28111598014169e-16,-2.51834806734443,-1.64252907751073,43.3898751991054,2.95632750028364e-15,1355,3298608.93540837
racethn_combn,NHAsian,1999-2020,21.2,WTMEC.COMBN,age+gender,inc_to_pov_level,insur_any,2961,5088319.12769717,71,quasibinomial (logit),High income (Intercept),2.45514793594732,0.20593404282211,3.21722939433734e-18,2.05151721201598,2.85877865987866,48.4779756544695,9.55311881714052e-14,1159,2103011.37961745
racethn_combn,NHAsian,1999-2020,21.2,WTMEC.COMBN,age+gender,inc_to_pov_level,insur_any,2961,5088319.12769717,71,quasibinomial (logit),Middle income,-1.18240741645041,0.169788816139804,1.7569923033854e-09,-1.51519349608443,-0.849621336816398,48.4779756544695,9.55311881714052e-14,1359,2324396.49657396
racethn_combn,NHAsian,1999-2020,21.2,WTMEC.COMBN,age+gender,inc_to_pov_level,insur_any,2961,5088319.12769717,71,quasibinomial (logit),Low income,-2.06887533129027,0.213208016956292,2.13840301073177e-14,-2.4867630445246,-1.65098761805594,48.4779756544695,9.55311881714052e-14,443,660911.251505755
racethn_combn,Other/Multi-Racial,1999-2020,21.2,WTMEC.COMBN,age+gender,inc_to_pov_level,insur_any,951,3243619.56904751,71,quasibinomial (logit),High income (Intercept),1.97335021273071,0.334423486031869,1.31874571664415e-07,1.31788018010825,2.62882024535318,18.5962182287214,3.76698073208465e-07,200,772660.519632623
racethn_combn,Other/Multi-Racial,1999-2020,21.2,WTMEC.COMBN,age+gender,inc_to_pov_level,insur_any,951,3243619.56904751,71,quasibinomial (logit),Middle income,-1.5898270926149,0.345812211975414,1.95048299862316e-05,-2.26761902808671,-0.912035157143086,18.5962182287214,3.76698073208465e-07,517,1861179.86285606
racethn_combn,Other/Multi-Racial,1999-2020,21.2,WTMEC.COMBN,age+gender,inc_to_pov_level,insur_any,951,3243619.56904751,71,quasibinomial (logit),Low income,-1.92356877002384,0.316212651289904,6.35567885089685e-08,-2.54334556655206,-1.30379197349563,18.5962182287214,3.76698073208465e-07,234,609779.18655883
racethn_combn,NHW,1999-2020,21.2,WTMEC.COMBN,age+gender,inc_to_pov_level,uninsur_lastyr,21560,125593237.633614,162,quasibinomial (logit),High income (Intercept),-1.76631318234605,0.117953687411059,4.02932275137901e-32,-1.99750240967172,-1.53512395502037,54.1048531203771,1.26247521449665e-18,7958,58855870.1408893
racethn_combn,NHW,1999-2020,21.2,WTMEC.COMBN,age+gender,inc_to_pov_level,uninsur_lastyr,21560,125593237.633614,162,quasibinomial (logit),Middle income,0.809482050953747,0.102206782393607,3.96142949870227e-13,0.609156757462278,1.00980734444522,54.1048531203771,1.26247521449665e-18,11037,56882068.6279188
racethn_combn,NHW,1999-2020,21.2,WTMEC.COMBN,age+gender,inc_to_pov_level,uninsur_lastyr,21560,125593237.633614,162,quasibinomial (logit),Low income,1.23761098283443,0.12388882740324,1.61132035785143e-18,0.994788881124079,1.48043308454478,54.1048531203771,1.26247521449665e-18,2565,9855298.86480591
racethn_combn,Other/Multi-Racial/NHAsian,1999-2020,21.2,WTMEC.COMBN,age+gender,inc_to_pov_level,uninsur_lastyr,1071,4796372.39304445,80,quasibinomial (logit),High income (Intercept),-2.13320180935633,0.472034923080611,2.24122875792536e-05,-3.05839025859433,-1.20801336011833,3.51609698177142,0.0346376959179377,348,1893793.60258906
racethn_combn,Other/Multi-Racial/NHAsian,1999-2020,21.2,WTMEC.COMBN,age+gender,inc_to_pov_level,uninsur_lastyr,1071,4796372.39304445,80,quasibinomial (logit),Middle income,0.895025233816597,0.34753381428472,0.011955322590709,0.213858957818545,1.57619150981465,3.51609698177142,0.0346376959179377,480,2113144.91197642
racethn_combn,Other/Multi-Racial/NHAsian,1999-2020,21.2,WTMEC.COMBN,age+gender,inc_to_pov_level,uninsur_lastyr,1071,4796372.39304445,80,quasibinomial (logit),Low income,0.922532376869296,0.488484831433342,0.0627667561440401,-0.0348978927400531,1.87996264647865,3.51609698177142,0.0346376959179377,243,789433.878478972
racethn_combn,Mexican-American,1999-2020,21.2,WTMEC.COMBN,age+gender,inc_to_pov_level,uninsur_lastyr,5794,9241939.28596677,130,quasibinomial (logit),High income (Intercept),-1.70738206222785,0.232875726085391,2.42078484312232e-11,-2.16381848535521,-1.25094563910048,12.7895982524422,8.77100792878502e-06,1010,1872464.81907183
racethn_combn,Mexican-American,1999-2020,21.2,WTMEC.COMBN,age+gender,inc_to_pov_level,uninsur_lastyr,5794,9241939.28596677,130,quasibinomial (logit),Middle income,0.661291690445082,0.156460959539079,4.51806041221878e-05,0.354628209748487,0.967955171141677,12.7895982524422,8.77100792878502e-06,3387,5425198.98960696
racethn_combn,Mexican-American,1999-2020,21.2,WTMEC.COMBN,age+gender,inc_to_pov_level,uninsur_lastyr,5794,9241939.28596677,130,quasibinomial (logit),Low income,0.917748307317775,0.183281101367958,1.81862392247231e-06,0.558517348636578,1.27697926599897,12.7895982524422,8.77100792878502e-06,1397,1944275.47728798
racethn_combn,NHB,1999-2020,21.2,WTMEC.COMBN,age+gender,inc_to_pov_level,uninsur_lastyr,9840,17991907.100403,151,quasibinomial (logit),High income (Intercept),-1.93519390552023,0.16942385398717,5.01178129620342e-22,-2.26726465933509,-1.60312315170538,23.9377002816804,1.00157406217797e-09,2176,4202603.48313643
racethn_combn,NHB,1999-2020,21.2,WTMEC.COMBN,age+gender,inc_to_pov_level,uninsur_lastyr,9840,17991907.100403,151,quasibinomial (logit),Middle income,0.852103247225734,0.142937877140483,1.7780816086997e-08,0.571945008030387,1.13226148642108,23.9377002816804,1.00157406217797e-09,5239,9618061.410039
racethn_combn,NHB,1999-2020,21.2,WTMEC.COMBN,age+gender,inc_to_pov_level,uninsur_lastyr,9840,17991907.100403,151,quasibinomial (logit),Low income,1.05860041464489,0.155851399496458,2.54940663384614e-10,0.753131671631829,1.36406915765795,23.9377002816804,1.00157406217797e-09,2425,4171242.20722757
racethn_combn,Other Hispanic,1999-2020,21.2,WTMEC.COMBN,age+gender,inc_to_pov_level,uninsur_lastyr,3285,8136704.10804703,135,quasibinomial (logit),High income (Intercept),-1.5269735961386,0.313309486512391,3.11107737331483e-06,-2.14106018970289,-0.912887002574318,10.2137038465753,7.5487653094481e-05,679,1872852.76184245
racethn_combn,Other Hispanic,1999-2020,21.2,WTMEC.COMBN,age+gender,inc_to_pov_level,uninsur_lastyr,3285,8136704.10804703,135,quasibinomial (logit),Middle income,0.991769886525942,0.233340000671983,4.0247576552745e-05,0.534423485208855,1.44911628784303,10.2137038465753,7.5487653094481e-05,1746,4348563.16268041
racethn_combn,Other Hispanic,1999-2020,21.2,WTMEC.COMBN,age+gender,inc_to_pov_level,uninsur_lastyr,3285,8136704.10804703,135,quasibinomial (logit),Low income,1.2455460396117,0.286462168196714,2.73567507590796e-05,0.684080189946138,1.80701188927726,10.2137038465753,7.5487653094481e-05,860,1915288.18352417
racethn_combn,NHAsian,1999-2020,21.2,WTMEC.COMBN,age+gender,inc_to_pov_level,uninsur_lastyr,2537,4442118.83292143,71,quasibinomial (logit),High income (Intercept),-1.6330842613525,0.31819292127157,2.65009227999699e-06,-2.25674238704478,-1.00942613566023,9.62034600837017,0.000212395882646541,1093,1994156.9547907
racethn_combn,NHAsian,1999-2020,21.2,WTMEC.COMBN,age+gender,inc_to_pov_level,uninsur_lastyr,2537,4442118.83292143,71,quasibinomial (logit),Middle income,0.664679104847714,0.179009885376839,0.000418994442965516,0.313819729509109,1.01553848018632,9.62034600837017,0.000212395882646541,1135,1983398.46392775
racethn_combn,NHAsian,1999-2020,21.2,WTMEC.COMBN,age+gender,inc_to_pov_level,uninsur_lastyr,2537,4442118.83292143,71,quasibinomial (logit),Low income,1.07732409565814,0.286748828992126,0.000362682779203412,0.515296390833576,1.63935180048271,9.62034600837017,0.000212395882646541,309,464563.414202981
racethn_combn,Other/Multi-Racial,1999-2020,21.2,WTMEC.COMBN,age+gender,inc_to_pov_level,uninsur_lastyr,774,2660157.38410793,68,quasibinomial (logit),High income (Intercept),-2.50869631964688,0.57684600502432,5.00942235764112e-05,-3.63931448949455,-1.37807814979922,9.03485299657953,0.000349870305348624,184,731573.462571378
racethn_combn,Other/Multi-Racial,1999-2020,21.2,WTMEC.COMBN,age+gender,inc_to_pov_level,uninsur_lastyr,774,2660157.38410793,68,quasibinomial (logit),Middle income,1.74329534153209,0.443552691435805,0.000210862008681353,0.873932066317914,2.61265861674627,9.03485299657953,0.000349870305348624,419,1481987.38284992
racethn_combn,Other/Multi-Racial,1999-2020,21.2,WTMEC.COMBN,age+gender,inc_to_pov_level,uninsur_lastyr,774,2660157.38410793,68,quasibinomial (logit),Low income,2.00698076679365,0.541182336128304,0.000438034682378928,0.946263387982176,3.06769814560513,9.03485299657953,0.000349870305348624,171,446596.538686623
