strata_var,strata_level,cycle_yrs,n_yrs.,survweight.,model_covars,exposure,outcome,n_total_raw,n_total_weighted,model_df,model_type,exp_level,beta,se,pval,low95CI,up95CI,fstat,f_pval,n_exp_raw,n_exp_weighted
racethn_combn,NHW,1999-2020,21.2,WTMEC.COMBN,age+gender,educ_level,fib4,23682,143751653.102458,162,gaussian (identity),College graduate or above (Intercept),-0.302076507533898,0.0187843517386068,6.21641391885838e-35,-0.338893836941568,-0.265259178126229,4.59338917344307,0.00155920482614808,6164,44937194.1047289
racethn_combn,NHW,1999-2020,21.2,WTMEC.COMBN,age+gender,educ_level,fib4,23682,143751653.102458,162,gaussian (identity),Some college or AA degree,-0.00823765391422066,0.0150734965095463,0.585503623028416,-0.0377817070729315,0.0213063992444902,4.59338917344307,0.00155920482614808,7422,45805193.1544115
racethn_combn,NHW,1999-2020,21.2,WTMEC.COMBN,age+gender,educ_level,fib4,23682,143751653.102458,162,gaussian (identity),HS graduate or GED,-0.0356162795972894,0.0114989452197667,0.00231604056655294,-0.0581542122280322,-0.0130783469665466,4.59338917344307,0.00155920482614808,6196,36158842.7752248
racethn_combn,NHW,1999-2020,21.2,WTMEC.COMBN,age+gender,educ_level,fib4,23682,143751653.102458,162,gaussian (identity),9-11th grade,-0.00997867721017706,0.017924724731313,0.57853081326895,-0.0451111376835506,0.0251537832631965,4.59338917344307,0.00155920482614808,2820,13006426.0707243
racethn_combn,NHW,1999-2020,21.2,WTMEC.COMBN,age+gender,educ_level,fib4,23682,143751653.102458,162,gaussian (identity),Less than 9th grade,0.0585662749470228,0.0278522415248758,0.0370930826030389,0.00397588155826629,0.113156668335779,4.59338917344307,0.00155920482614808,1080,3843996.99736866
racethn_combn,Other/Multi-Racial/NHAsian,1999-2020,21.2,WTMEC.COMBN,age+gender,educ_level,fib4,1289,6206147.50026897,85,gaussian (identity),College graduate or above (Intercept),-0.233180620123251,0.0341559571420632,1.59800476927316e-09,-0.300126296121695,-0.166234944124807,0.742920385026182,0.565597415709555,389,2123530.51544783
racethn_combn,Other/Multi-Racial/NHAsian,1999-2020,21.2,WTMEC.COMBN,age+gender,educ_level,fib4,1289,6206147.50026897,85,gaussian (identity),Some college or AA degree,0.0115593514362311,0.0284936924750475,0.686073617901645,-0.0442882858148621,0.0674069886873242,0.742920385026182,0.565597415709555,348,1709314.19139299
racethn_combn,Other/Multi-Racial/NHAsian,1999-2020,21.2,WTMEC.COMBN,age+gender,educ_level,fib4,1289,6206147.50026897,85,gaussian (identity),HS graduate or GED,0.0101625213577637,0.0530066608872501,0.848452221926858,-0.0937305339812466,0.114055576696774,0.742920385026182,0.565597415709555,263,1168546.39607646
racethn_combn,Other/Multi-Racial/NHAsian,1999-2020,21.2,WTMEC.COMBN,age+gender,educ_level,fib4,1289,6206147.50026897,85,gaussian (identity),9-11th grade,-0.0204657213182892,0.0345802558978227,0.555652665482481,-0.0882430228780216,0.0473115802414433,0.742920385026182,0.565597415709555,156,683299.88695349
racethn_combn,Other/Multi-Racial/NHAsian,1999-2020,21.2,WTMEC.COMBN,age+gender,educ_level,fib4,1289,6206147.50026897,85,gaussian (identity),Less than 9th grade,0.106862430847705,0.0781524414093513,0.175390726818811,-0.0463163543146237,0.260041216010034,0.742920385026182,0.565597415709555,133,521456.510398208
racethn_combn,NHB,1999-2020,21.2,WTMEC.COMBN,age+gender,educ_level,fib4,11675,22766728.8086646,152,gaussian (identity),College graduate or above (Intercept),-0.273724802449749,0.0209795761040566,2.80933912840823e-26,-0.3148447716137,-0.232604833285798,1.39678162138372,0.237961110194331,1755,3788713.72737536
racethn_combn,NHB,1999-2020,21.2,WTMEC.COMBN,age+gender,educ_level,fib4,11675,22766728.8086646,152,gaussian (identity),Some college or AA degree,-0.00922430555323824,0.0179620908958313,0.608347843538945,-0.0444300037090676,0.0259813926025911,1.39678162138372,0.237961110194331,3745,7612796.66683411
racethn_combn,NHB,1999-2020,21.2,WTMEC.COMBN,age+gender,educ_level,fib4,11675,22766728.8086646,152,gaussian (identity),HS graduate or GED,-0.00591860286550475,0.0190838735187196,0.756899527167021,-0.0433229949621953,0.0314857892311858,1.39678162138372,0.237961110194331,3046,6011158.65511335
racethn_combn,NHB,1999-2020,21.2,WTMEC.COMBN,age+gender,educ_level,fib4,11675,22766728.8086646,152,gaussian (identity),9-11th grade,0.0337024295711897,0.024949676484616,0.178844112756152,-0.0151989363386577,0.0826037954810371,1.39678162138372,0.237961110194331,2535,4447473.50362997
racethn_combn,NHB,1999-2020,21.2,WTMEC.COMBN,age+gender,educ_level,fib4,11675,22766728.8086646,152,gaussian (identity),Less than 9th grade,0.031854715404687,0.0443936621691215,0.474180704363324,-0.0551568624467912,0.118866293256165,1.39678162138372,0.237961110194331,594,906586.255711782
racethn_combn,Mexican-American,1999-2020,21.2,WTMEC.COMBN,age+gender,educ_level,fib4,9994,17671896.2342885,145,gaussian (identity),College graduate or above (Intercept),-0.2506783148352,0.0279474276469819,1.81333435137321e-15,-0.305455273023285,-0.195901356647116,0.126761738455575,0.97254475648073,626,1462052.00525585
racethn_combn,Mexican-American,1999-2020,21.2,WTMEC.COMBN,age+gender,educ_level,fib4,9994,17671896.2342885,145,gaussian (identity),Some college or AA degree,0.00597883744496909,0.022477754848883,0.790641744457188,-0.0380775620588416,0.0500352369487798,0.126761738455575,0.97254475648073,1861,3778398.74441589
racethn_combn,Mexican-American,1999-2020,21.2,WTMEC.COMBN,age+gender,educ_level,fib4,9994,17671896.2342885,145,gaussian (identity),HS graduate or GED,0.00795541657765707,0.0233408180464827,0.733740842201819,-0.037792586793449,0.0537034199487631,0.126761738455575,0.97254475648073,2029,4117297.90302866
racethn_combn,Mexican-American,1999-2020,21.2,WTMEC.COMBN,age+gender,educ_level,fib4,9994,17671896.2342885,145,gaussian (identity),9-11th grade,0.00616950621779274,0.0216995142156507,0.776591789886305,-0.0363615416448826,0.0487005540804681,0.126761738455575,0.97254475648073,2225,3797594.51708808
racethn_combn,Mexican-American,1999-2020,21.2,WTMEC.COMBN,age+gender,educ_level,fib4,9994,17671896.2342885,145,gaussian (identity),Less than 9th grade,-0.00451013574612088,0.0222477256461807,0.83964762724711,-0.048115678012635,0.0390954065203932,0.126761738455575,0.97254475648073,3253,4516553.06450004
racethn_combn,Other Hispanic,1999-2020,21.2,WTMEC.COMBN,age+gender,educ_level,fib4,4608,12348252.693571,138,gaussian (identity),College graduate or above (Intercept),-0.242358721516087,0.0437200778988112,1.55212315140286e-07,-0.328050074197757,-0.156667368834418,1.51497857557417,0.201439242761778,677,2031109.84784774
racethn_combn,Other Hispanic,1999-2020,21.2,WTMEC.COMBN,age+gender,educ_level,fib4,4608,12348252.693571,138,gaussian (identity),Some college or AA degree,-0.045518302408091,0.0220928964158332,0.0413329002333462,-0.088820379383124,-0.00221622543305797,1.51497857557417,0.201439242761778,1226,3556407.67936393
racethn_combn,Other Hispanic,1999-2020,21.2,WTMEC.COMBN,age+gender,educ_level,fib4,4608,12348252.693571,138,gaussian (identity),HS graduate or GED,-0.0181795227481948,0.0278122548256664,0.51447339389451,-0.0726915422065008,0.0363324967101113,1.51497857557417,0.201439242761778,932,2717836.57063585
racethn_combn,Other Hispanic,1999-2020,21.2,WTMEC.COMBN,age+gender,educ_level,fib4,4608,12348252.693571,138,gaussian (identity),9-11th grade,-0.0119807287819056,0.0287797011784584,0.677873209584639,-0.068388943091684,0.0444274855278728,1.51497857557417,0.201439242761778,846,2068476.2114423
racethn_combn,Other Hispanic,1999-2020,21.2,WTMEC.COMBN,age+gender,educ_level,fib4,4608,12348252.693571,138,gaussian (identity),Less than 9th grade,0.0125867973951262,0.0374879477292786,0.737588067211881,-0.0608895801542598,0.0860631749445123,1.51497857557417,0.201439242761778,927,1974422.38428117
racethn_combn,NHAsian,1999-2020,21.2,WTMEC.COMBN,age+gender,educ_level,fib4,2909,5319901.68570474,70,gaussian (identity),College graduate or above (Intercept),-0.343881872614921,0.090354824125311,0.000318622651717559,-0.520977327900531,-0.166786417329312,2.84285330458284,0.0310926524161039,1459,2785271.28515068
racethn_combn,NHAsian,1999-2020,21.2,WTMEC.COMBN,age+gender,educ_level,fib4,2909,5319901.68570474,70,gaussian (identity),Some college or AA degree,0.0224743736136476,0.0202636645376703,0.271538552923176,-0.0172424088801861,0.0621911561074814,2.84285330458284,0.0310926524161039,579,1064255.36845355
racethn_combn,NHAsian,1999-2020,21.2,WTMEC.COMBN,age+gender,educ_level,fib4,2909,5319901.68570474,70,gaussian (identity),HS graduate or GED,0.0601410838292637,0.027663435910288,0.0334080541265225,0.00592074944509927,0.114361418213428,2.84285330458284,0.0310926524161039,431,764047.216784283
racethn_combn,NHAsian,1999-2020,21.2,WTMEC.COMBN,age+gender,educ_level,fib4,2909,5319901.68570474,70,gaussian (identity),9-11th grade,0.0456215517963521,0.0572902050976803,0.428787916158874,-0.0666672501951012,0.157910353787805,2.84285330458284,0.0310926524161039,211,332521.27919866
racethn_combn,NHAsian,1999-2020,21.2,WTMEC.COMBN,age+gender,educ_level,fib4,2909,5319901.68570474,70,gaussian (identity),Less than 9th grade,0.425067197094929,0.23737549798559,0.0780715093564231,-0.0401887789568273,0.890323173146685,2.84285330458284,0.0310926524161039,229,373806.536117566
racethn_combn,Other/Multi-Racial,1999-2020,21.2,WTMEC.COMBN,age+gender,educ_level,fib4,907,3313281.72697351,71,gaussian (identity),College graduate or above (Intercept),-0.279430929711252,0.0589638567474853,1.21076432792278e-05,-0.395000088936323,-0.163861770486181,0.324693754749887,0.860429546064947,193,737553.838625906
racethn_combn,Other/Multi-Racial,1999-2020,21.2,WTMEC.COMBN,age+gender,educ_level,fib4,907,3313281.72697351,71,gaussian (identity),Some college or AA degree,-0.00374983853485464,0.0398725004506631,0.925362130700871,-0.0818999394181543,0.074400262348445,0.324693754749887,0.860429546064947,391,1443597.24162377
racethn_combn,Other/Multi-Racial,1999-2020,21.2,WTMEC.COMBN,age+gender,educ_level,fib4,907,3313281.72697351,71,gaussian (identity),HS graduate or GED,0.0440122713888338,0.0643943796252057,0.496732813167983,-0.0822007126765694,0.170225255454237,0.324693754749887,0.860429546064947,198,746535.615816378
racethn_combn,Other/Multi-Racial,1999-2020,21.2,WTMEC.COMBN,age+gender,educ_level,fib4,907,3313281.72697351,71,gaussian (identity),9-11th grade,-0.00304621824470989,0.0634848068623588,0.961876585892397,-0.127476439694933,0.121384003205513,0.324693754749887,0.860429546064947,93,296516.13326066
racethn_combn,Other/Multi-Racial,1999-2020,21.2,WTMEC.COMBN,age+gender,educ_level,fib4,907,3313281.72697351,71,gaussian (identity),Less than 9th grade,0.0741314200237587,0.0838007932323186,0.379625053761996,-0.0901181347115857,0.238380974759103,0.324693754749887,0.860429546064947,32,89078.8976467925
racethn_combn,NHW,1999-2020,21.2,WTMEC.COMBN,age+gender,educ_level,fib4_mod_vs_low,22624,139787468.990806,162,quasibinomial (logit),College graduate or above (Intercept),-5.11936414743726,0.0845908181284577,3.08394951193612e-110,-5.28516215096904,-4.95356614390548,2.84180314747861,0.0260977484922895,5927,43885715.2695296
racethn_combn,NHW,1999-2020,21.2,WTMEC.COMBN,age+gender,educ_level,fib4_mod_vs_low,22624,139787468.990806,162,quasibinomial (logit),Some college or AA degree,-0.12034105209283,0.0652471257591752,0.0670231642870966,-0.248225418580813,0.00754331439515377,2.84180314747861,0.0260977484922895,7140,44725249.7663932
racethn_combn,NHW,1999-2020,21.2,WTMEC.COMBN,age+gender,educ_level,fib4_mod_vs_low,22624,139787468.990806,162,quasibinomial (logit),HS graduate or GED,-0.204061072510212,0.0665937201970309,0.0025715524301764,-0.334584764096393,-0.0735373809240318,2.84180314747861,0.0260977484922895,5923,35096467.9544388
racethn_combn,NHW,1999-2020,21.2,WTMEC.COMBN,age+gender,educ_level,fib4_mod_vs_low,22624,139787468.990806,162,quasibinomial (logit),9-11th grade,-0.252281506012741,0.100821794228168,0.0133714048667879,-0.44989222269995,-0.0546707893255328,2.84180314747861,0.0260977484922895,2685,12575609.277346
racethn_combn,NHW,1999-2020,21.2,WTMEC.COMBN,age+gender,educ_level,fib4_mod_vs_low,22624,139787468.990806,162,quasibinomial (logit),Less than 9th grade,-0.262763219630046,0.115185431894676,0.023888498191904,-0.48852666614361,-0.0369997731164822,2.84180314747861,0.0260977484922895,949,3504426.72309877
racethn_combn,Other/Multi-Racial/NHAsian,1999-2020,21.2,WTMEC.COMBN,age+gender,educ_level,fib4_mod_vs_low,1260,6113599.76392228,85,quasibinomial (logit),College graduate or above (Intercept),-5.78520680350977,0.433059862594237,5.78362569585247e-22,-6.63400413419448,-4.93640947282507,0.20769239783543,0.933444995434588,384,2106083.91326774
racethn_combn,Other/Multi-Racial/NHAsian,1999-2020,21.2,WTMEC.COMBN,age+gender,educ_level,fib4_mod_vs_low,1260,6113599.76392228,85,quasibinomial (logit),Some college or AA degree,0.040769429373342,0.364911482961319,0.911325503596617,-0.674457077230844,0.755995935977528,0.20769239783543,0.933444995434588,341,1683064.33907619
racethn_combn,Other/Multi-Racial/NHAsian,1999-2020,21.2,WTMEC.COMBN,age+gender,educ_level,fib4_mod_vs_low,1260,6113599.76392228,85,quasibinomial (logit),HS graduate or GED,0.191188154379674,0.321512307190233,0.553775011639147,-0.438975967713183,0.821352276472531,0.20769239783543,0.933444995434588,256,1148603.44487429
racethn_combn,Other/Multi-Racial/NHAsian,1999-2020,21.2,WTMEC.COMBN,age+gender,educ_level,fib4_mod_vs_low,1260,6113599.76392228,85,quasibinomial (logit),9-11th grade,0.037307536025693,0.505533085246724,0.941357336503921,-0.953537311057886,1.02815238310927,0.20769239783543,0.933444995434588,155,681280.779650283
racethn_combn,Other/Multi-Racial/NHAsian,1999-2020,21.2,WTMEC.COMBN,age+gender,educ_level,fib4_mod_vs_low,1260,6113599.76392228,85,quasibinomial (logit),Less than 9th grade,-0.211480278458469,0.429730163581627,0.623996897360808,-1.05375139907846,0.630790842161519,0.20769239783543,0.933444995434588,124,494567.287053774
racethn_combn,NHB,1999-2020,21.2,WTMEC.COMBN,age+gender,educ_level,fib4_mod_vs_low,11282,22178771.7307291,151,quasibinomial (logit),College graduate or above (Intercept),-5.70794905379172,0.134101214747461,7.94499747408114e-84,-5.97078743469674,-5.44511067288669,7.67075143656151,1.23535251680491e-05,1700,3697269.38884315
racethn_combn,NHB,1999-2020,21.2,WTMEC.COMBN,age+gender,educ_level,fib4_mod_vs_low,11282,22178771.7307291,151,quasibinomial (logit),Some college or AA degree,0.0412365776450561,0.0884461423615693,0.641747842367318,-0.13211786138362,0.214591016673732,7.67075143656151,1.23535251680491e-05,3660,7479758.9526027
racethn_combn,NHB,1999-2020,21.2,WTMEC.COMBN,age+gender,educ_level,fib4_mod_vs_low,11282,22178771.7307291,151,quasibinomial (logit),HS graduate or GED,0.0186614252388245,0.106094816967364,0.860622750783726,-0.189284416017208,0.226607266494857,7.67075143656151,1.23535251680491e-05,2961,5883300.91726542
racethn_combn,NHB,1999-2020,21.2,WTMEC.COMBN,age+gender,educ_level,fib4_mod_vs_low,11282,22178771.7307291,151,quasibinomial (logit),9-11th grade,-0.239356533800792,0.107472389689156,0.0274787218428894,-0.450002417591537,-0.028710650010047,7.67075143656151,1.23535251680491e-05,2429,4290585.49663974
racethn_combn,NHB,1999-2020,21.2,WTMEC.COMBN,age+gender,educ_level,fib4_mod_vs_low,11282,22178771.7307291,151,quasibinomial (logit),Less than 9th grade,-0.575670216733284,0.145705171416575,0.000121143555307592,-0.861252352709771,-0.290088080756797,7.67075143656151,1.23535251680491e-05,532,827856.975378065
racethn_combn,Mexican-American,1999-2020,21.2,WTMEC.COMBN,age+gender,educ_level,fib4_mod_vs_low,9779,17418006.8554817,145,quasibinomial (logit),College graduate or above (Intercept),-6.39583291287707,0.200115986823168,6.36943186571926e-66,-6.78806024705048,-6.00360557870366,1.10098545847872,0.358657709065458,616,1445898.90816781
racethn_combn,Mexican-American,1999-2020,21.2,WTMEC.COMBN,age+gender,educ_level,fib4_mod_vs_low,9779,17418006.8554817,145,quasibinomial (logit),Some college or AA degree,-0.376762277947141,0.203686418744915,0.0664779841972083,-0.775987658687176,0.0224631027928926,1.10098545847872,0.358657709065458,1832,3732099.45591383
racethn_combn,Mexican-American,1999-2020,21.2,WTMEC.COMBN,age+gender,educ_level,fib4_mod_vs_low,9779,17418006.8554817,145,quasibinomial (logit),HS graduate or GED,-0.407982880159435,0.206197077434222,0.0498369421351107,-0.812129151930511,-0.00383660838835959,1.10098545847872,0.358657709065458,1997,4073039.56070862
racethn_combn,Mexican-American,1999-2020,21.2,WTMEC.COMBN,age+gender,educ_level,fib4_mod_vs_low,9779,17418006.8554817,145,quasibinomial (logit),9-11th grade,-0.292038768016162,0.203021540550699,0.152550810849692,-0.689960987495532,0.105883451463208,1.10098545847872,0.358657709065458,2186,3750024.66078304
racethn_combn,Mexican-American,1999-2020,21.2,WTMEC.COMBN,age+gender,educ_level,fib4_mod_vs_low,9779,17418006.8554817,145,quasibinomial (logit),Less than 9th grade,-0.335392985261409,0.183589260135211,0.0698651974941194,-0.695227935126422,0.0244419646036042,1.10098545847872,0.358657709065458,3148,4416944.26990838
racethn_combn,Other Hispanic,1999-2020,21.2,WTMEC.COMBN,age+gender,educ_level,fib4_mod_vs_low,4490,12150156.1256033,137,quasibinomial (logit),College graduate or above (Intercept),-5.88700263542602,0.254328837776281,3.97213422440062e-48,-6.38548715746754,-5.38851811338451,2.50608035550656,0.0451868668442934,662,2012610.04170749
racethn_combn,Other Hispanic,1999-2020,21.2,WTMEC.COMBN,age+gender,educ_level,fib4_mod_vs_low,4490,12150156.1256033,137,quasibinomial (logit),Some college or AA degree,-0.424919748639209,0.17512305183763,0.0166099284309285,-0.768160930240964,-0.0816785670374532,2.50608035550656,0.0451868668442934,1194,3513083.55116379
racethn_combn,Other Hispanic,1999-2020,21.2,WTMEC.COMBN,age+gender,educ_level,fib4_mod_vs_low,4490,12150156.1256033,137,quasibinomial (logit),HS graduate or GED,-0.516213338525329,0.198203329194587,0.0102647703831979,-0.904691863746719,-0.127734813303939,2.50608035550656,0.0451868668442934,916,2676680.46202956
racethn_combn,Other Hispanic,1999-2020,21.2,WTMEC.COMBN,age+gender,educ_level,fib4_mod_vs_low,4490,12150156.1256033,137,quasibinomial (logit),9-11th grade,-0.490668234732992,0.20596572621809,0.0186431906010206,-0.894361058120449,-0.0869754113455343,2.50608035550656,0.0451868668442934,827,2042617.8550344
racethn_combn,Other Hispanic,1999-2020,21.2,WTMEC.COMBN,age+gender,educ_level,fib4_mod_vs_low,4490,12150156.1256033,137,quasibinomial (logit),Less than 9th grade,-0.488657337723903,0.184915830244985,0.00923025393376738,-0.851092365004074,-0.126222310443733,2.50608035550656,0.0451868668442934,891,1905164.21566808
racethn_combn,NHAsian,1999-2020,21.2,WTMEC.COMBN,age+gender,educ_level,fib4_mod_vs_low,2838,5208786.32687776,70,quasibinomial (logit),College graduate or above (Intercept),-5.66520836286199,0.258134744614803,1.73649992296522e-31,-6.171152462307,-5.15926426341697,0.208362692815748,0.932882861048633,1436,2751540.05353004
racethn_combn,NHAsian,1999-2020,21.2,WTMEC.COMBN,age+gender,educ_level,fib4_mod_vs_low,2838,5208786.32687776,70,quasibinomial (logit),Some college or AA degree,0.0621158515413865,0.16547581933708,0.70862118764393,-0.26221675435929,0.386448457442063,0.208362692815748,0.932882861048633,569,1049667.66261732
racethn_combn,NHAsian,1999-2020,21.2,WTMEC.COMBN,age+gender,educ_level,fib4_mod_vs_low,2838,5208786.32687776,70,quasibinomial (logit),HS graduate or GED,0.130790541326535,0.182648692178887,0.476548505483839,-0.227200895344083,0.488781977997153,0.208362692815748,0.932882861048633,417,739920.450122793
racethn_combn,NHAsian,1999-2020,21.2,WTMEC.COMBN,age+gender,educ_level,fib4_mod_vs_low,2838,5208786.32687776,70,quasibinomial (logit),9-11th grade,0.131140149495012,0.220558510901397,0.554219095825518,-0.301154531871726,0.563434830861749,0.208362692815748,0.932882861048633,203,321125.226550679
racethn_combn,NHAsian,1999-2020,21.2,WTMEC.COMBN,age+gender,educ_level,fib4_mod_vs_low,2838,5208786.32687776,70,quasibinomial (logit),Less than 9th grade,0.149766386209126,0.230230203136511,0.517693249703983,-0.301484811938435,0.601017584356687,0.208362692815748,0.932882861048633,213,346532.934056925
racethn_combn,Other/Multi-Racial,1999-2020,21.2,WTMEC.COMBN,age+gender,educ_level,fib4_mod_vs_low,882,3236510.72506681,71,quasibinomial (logit),College graduate or above (Intercept),-6.03030166382771,0.454960565869097,3.82377388929399e-20,-6.92202437293114,-5.13857895472428,0.195105383134066,0.940101845057977,190,732058.929914208
racethn_combn,Other/Multi-Racial,1999-2020,21.2,WTMEC.COMBN,age+gender,educ_level,fib4_mod_vs_low,882,3236510.72506681,71,quasibinomial (logit),Some college or AA degree,0.226638972698953,0.431259995818967,0.601004822060972,-0.618630619106222,1.07190856450413,0.195105383134066,0.940101845057977,384,1413197.19493555
racethn_combn,Other/Multi-Racial,1999-2020,21.2,WTMEC.COMBN,age+gender,educ_level,fib4_mod_vs_low,882,3236510.72506681,71,quasibinomial (logit),HS graduate or GED,0.194674306604285,0.464684890814069,0.676642394379362,-0.71610807939129,1.10545669259986,0.195105383134066,0.940101845057977,188,714981.56100451
racethn_combn,Other/Multi-Racial,1999-2020,21.2,WTMEC.COMBN,age+gender,educ_level,fib4_mod_vs_low,882,3236510.72506681,71,quasibinomial (logit),9-11th grade,-0.0282914125900939,0.748077231342426,0.969948036562222,-1.49452278602125,1.43793996084106,0.195105383134066,0.940101845057977,90,290463.502150189
racethn_combn,Other/Multi-Racial,1999-2020,21.2,WTMEC.COMBN,age+gender,educ_level,fib4_mod_vs_low,882,3236510.72506681,71,quasibinomial (logit),Less than 9th grade,0.385729660225162,0.673141601789174,0.568602184933585,-0.933627879281619,1.70508719973194,0.195105383134066,0.940101845057977,30,85809.5370623585
racethn_combn,NHW,1999-2020,21.2,WTMEC.COMBN,age+gender,educ_level,fib4_high_vs_low,19969,122246723.71487,162,quasibinomial (logit),College graduate or above (Intercept),-10.6529930739376,0.340160157849525,3.60522479675743e-69,-11.3197069833226,-9.9862791645525,1.34590886299297,0.255402009156062,5160,37815372.6108373
racethn_combn,NHW,1999-2020,21.2,WTMEC.COMBN,age+gender,educ_level,fib4_high_vs_low,19969,122246723.71487,162,quasibinomial (logit),Some college or AA degree,0.00258745464549043,0.120101504482677,0.982839316960512,-0.232811494140557,0.237986403431538,1.34590886299297,0.255402009156062,6349,39468633.5285198
racethn_combn,NHW,1999-2020,21.2,WTMEC.COMBN,age+gender,educ_level,fib4_high_vs_low,19969,122246723.71487,162,quasibinomial (logit),HS graduate or GED,-0.0390583268048968,0.13573363383775,0.773914546410968,-0.305096249126888,0.226979595517094,1.34590886299297,0.255402009156062,5239,30841247.4435114
racethn_combn,NHW,1999-2020,21.2,WTMEC.COMBN,age+gender,educ_level,fib4_high_vs_low,19969,122246723.71487,162,quasibinomial (logit),9-11th grade,-0.0581065728438158,0.161011259093104,0.718673533288444,-0.3736886406663,0.257475494978668,1.34590886299297,0.255402009156062,2406,11114407.5355735
racethn_combn,NHW,1999-2020,21.2,WTMEC.COMBN,age+gender,educ_level,fib4_high_vs_low,19969,122246723.71487,162,quasibinomial (logit),Less than 9th grade,0.259491601926991,0.155377286187073,0.0969099604494393,-0.0450478789996724,0.564031082853655,1.34590886299297,0.255402009156062,815,3007062.59642774
racethn_combn,Other/Multi-Racial/NHAsian,1999-2020,21.2,WTMEC.COMBN,age+gender,educ_level,fib4_high_vs_low,1158,5632961.30698029,84,quasibinomial (logit),College graduate or above (Intercept),-11.5717888870728,1.03087144450315,5.90776976117872e-18,-13.592296918299,-9.55128085584662,1.29077555773728,0.280919113535136,352,1946956.0010033
racethn_combn,Other/Multi-Racial/NHAsian,1999-2020,21.2,WTMEC.COMBN,age+gender,educ_level,fib4_high_vs_low,1158,5632961.30698029,84,quasibinomial (logit),Some college or AA degree,0.884087813108446,0.729102593688157,0.228954207850044,-0.544953270520342,2.31312889673723,1.29077555773728,0.280919113535136,319,1577763.65833383
racethn_combn,Other/Multi-Racial/NHAsian,1999-2020,21.2,WTMEC.COMBN,age+gender,educ_level,fib4_high_vs_low,1158,5632961.30698029,84,quasibinomial (logit),HS graduate or GED,0.570595284770572,0.681901058703693,0.405277461035483,-0.765930790288667,1.90712135982981,1.29077555773728,0.280919113535136,236,1041183.34278184
racethn_combn,Other/Multi-Racial/NHAsian,1999-2020,21.2,WTMEC.COMBN,age+gender,educ_level,fib4_high_vs_low,1158,5632961.30698029,84,quasibinomial (logit),9-11th grade,-1.30503938747173,1.07296643394686,0.227542032437372,-3.40805359800758,0.797974823064105,1.29077555773728,0.280919113535136,143,621253.353322641
racethn_combn,Other/Multi-Racial/NHAsian,1999-2020,21.2,WTMEC.COMBN,age+gender,educ_level,fib4_high_vs_low,1158,5632961.30698029,84,quasibinomial (logit),Less than 9th grade,0.927361067887022,0.782719840329936,0.239696717918102,-0.606769819159653,2.4614919549337,1.29077555773728,0.280919113535136,108,445804.951538679
racethn_combn,NHB,1999-2020,21.2,WTMEC.COMBN,age+gender,educ_level,fib4_high_vs_low,9817,19628648.9645554,149,quasibinomial (logit),College graduate or above (Intercept),-9.0504279207891,0.321375111861257,3.28714737685753e-60,-9.68032314003717,-8.42053270154104,1.16131294387776,0.330488883987479,1453,3253005.62660168
racethn_combn,NHB,1999-2020,21.2,WTMEC.COMBN,age+gender,educ_level,fib4_high_vs_low,9817,19628648.9645554,149,quasibinomial (logit),Some college or AA degree,-0.10168439543944,0.205056544964521,0.62073706172662,-0.503595223569901,0.300226432691021,1.16131294387776,0.330488883987479,3182,6654923.96983764
racethn_combn,NHB,1999-2020,21.2,WTMEC.COMBN,age+gender,educ_level,fib4_high_vs_low,9817,19628648.9645554,149,quasibinomial (logit),HS graduate or GED,-0.21097311560875,0.200326377373935,0.294049903461185,-0.603612815261662,0.181666584044163,1.16131294387776,0.330488883987479,2540,5136414.42461042
racethn_combn,NHB,1999-2020,21.2,WTMEC.COMBN,age+gender,educ_level,fib4_high_vs_low,9817,19628648.9645554,149,quasibinomial (logit),9-11th grade,0.145041575656774,0.207074570063942,0.484795845483761,-0.260824581668554,0.550907732982101,1.16131294387776,0.330488883987479,2193,3876257.49407498
racethn_combn,NHB,1999-2020,21.2,WTMEC.COMBN,age+gender,educ_level,fib4_high_vs_low,9817,19628648.9645554,149,quasibinomial (logit),Less than 9th grade,-0.117777667373305,0.234311639313422,0.615980831466998,-0.577028480427611,0.341473145681002,1.16131294387776,0.330488883987479,449,708047.449430669
racethn_combn,Mexican-American,1999-2020,21.2,WTMEC.COMBN,age+gender,educ_level,fib4_high_vs_low,8932,16318794.6810084,144,quasibinomial (logit),College graduate or above (Intercept),-9.39300664588052,0.512148901102032,8.02034501670193e-39,-10.3968184920405,-8.38919479972053,0.756981296606795,0.555022654034874,541,1321055.79571945
racethn_combn,Mexican-American,1999-2020,21.2,WTMEC.COMBN,age+gender,educ_level,fib4_high_vs_low,8932,16318794.6810084,144,quasibinomial (logit),Some college or AA degree,0.248752347895129,0.421762372961314,0.556294107055465,-0.577901903109047,1.07540659889931,0.756981296606795,0.555022654034874,1712,3554037.00428393
racethn_combn,Mexican-American,1999-2020,21.2,WTMEC.COMBN,age+gender,educ_level,fib4_high_vs_low,8932,16318794.6810084,144,quasibinomial (logit),HS graduate or GED,0.241051980704338,0.439891953652503,0.584590944157797,-0.621136248454567,1.10324020986324,0.756981296606795,0.555022654034874,1875,3896036.50096872
racethn_combn,Mexican-American,1999-2020,21.2,WTMEC.COMBN,age+gender,educ_level,fib4_high_vs_low,8932,16318794.6810084,144,quasibinomial (logit),9-11th grade,0.427682062713957,0.447851568998813,0.341265808918735,-0.450107012523715,1.30547113795163,0.756981296606795,0.555022654034874,2063,3578138.82440709
racethn_combn,Mexican-American,1999-2020,21.2,WTMEC.COMBN,age+gender,educ_level,fib4_high_vs_low,8932,16318794.6810084,144,quasibinomial (logit),Less than 9th grade,-0.0486416050458603,0.409435384979461,0.905605250849852,-0.851134959605603,0.753851749513882,0.756981296606795,0.555022654034874,2741,3969526.55562923
racethn_combn,Other Hispanic,1999-2020,21.2,WTMEC.COMBN,age+gender,educ_level,fib4_high_vs_low,3989,11240655.8444203,134,quasibinomial (logit),College graduate or above (Intercept),-11.4363608765176,0.741228247230411,5.41808844001277e-31,-12.8891682410893,-9.98355351194604,0.150614006336431,0.962426141270321,561,1797598.21808057
racethn_combn,Other Hispanic,1999-2020,21.2,WTMEC.COMBN,age+gender,educ_level,fib4_high_vs_low,3989,11240655.8444203,134,quasibinomial (logit),Some college or AA degree,0.123515936038656,0.38051520084436,0.746012317410953,-0.62229385761629,0.869325729693601,0.150614006336431,0.962426141270321,1095,3305786.65863345
racethn_combn,Other Hispanic,1999-2020,21.2,WTMEC.COMBN,age+gender,educ_level,fib4_high_vs_low,3989,11240655.8444203,134,quasibinomial (logit),HS graduate or GED,0.146153336509909,0.495667153259248,0.768577115765255,-0.825354283878216,1.11766095689803,0.150614006336431,0.962426141270321,816,2510109.56798562
racethn_combn,Other Hispanic,1999-2020,21.2,WTMEC.COMBN,age+gender,educ_level,fib4_high_vs_low,3989,11240655.8444203,134,quasibinomial (logit),9-11th grade,-0.0788739235166231,0.399954783499939,0.843978281173141,-0.862785299176504,0.705037452143257,0.150614006336431,0.962426141270321,757,1910195.64858791
racethn_combn,Other Hispanic,1999-2020,21.2,WTMEC.COMBN,age+gender,educ_level,fib4_high_vs_low,3989,11240655.8444203,134,quasibinomial (logit),Less than 9th grade,0.0989277605148997,0.331231783645005,0.765679021877809,-0.55028653542931,0.74814205645911,0.150614006336431,0.962426141270321,760,1716965.75113274
racethn_combn,NHAsian,1999-2020,21.2,WTMEC.COMBN,age+gender,educ_level,fib4_high_vs_low,2413,4488311.84787498,70,quasibinomial (logit),College graduate or above (Intercept),-9.56893164338111,0.747157185382197,2.56237480983227e-19,-11.0333597267302,-8.104503560032,2.05660365143668,0.0969270883627894,1241,2413881.83914487
racethn_combn,NHAsian,1999-2020,21.2,WTMEC.COMBN,age+gender,educ_level,fib4_high_vs_low,2413,4488311.84787498,70,quasibinomial (logit),Some college or AA degree,0.0897416730773423,0.434137686215056,0.836890667178809,-0.761168191904168,0.940651538058853,2.05660365143668,0.0969270883627894,496,923180.069663227
racethn_combn,NHAsian,1999-2020,21.2,WTMEC.COMBN,age+gender,educ_level,fib4_high_vs_low,2413,4488311.84787498,70,quasibinomial (logit),HS graduate or GED,0.70006843615078,0.372705578127442,0.0648910592682221,-0.0304344969790059,1.43057136928056,2.05660365143668,0.0969270883627894,349,629883.024474887
racethn_combn,NHAsian,1999-2020,21.2,WTMEC.COMBN,age+gender,educ_level,fib4_high_vs_low,2413,4488311.84787498,70,quasibinomial (logit),9-11th grade,0.631303414778771,0.597774954773212,0.294897994361673,-0.540335496576725,1.80294232613427,2.05660365143668,0.0969270883627894,168,260650.605736774
racethn_combn,NHAsian,1999-2020,21.2,WTMEC.COMBN,age+gender,educ_level,fib4_high_vs_low,2413,4488311.84787498,70,quasibinomial (logit),Less than 9th grade,0.72511787624484,0.333514871202103,0.0333969506686562,0.0714287286887176,1.37880702380096,2.05660365143668,0.0969270883627894,159,260716.308855226
racethn_combn,Other/Multi-Racial,1999-2020,21.2,WTMEC.COMBN,age+gender,educ_level,fib4_high_vs_low,791,2876860.48755134,71,quasibinomial (logit),College graduate or above (Intercept),-9.97444060541398,0.941486935167906,8.52612326653057e-16,-11.8197549983431,-8.12912621248489,1.22397807376071,0.309321273404489,171,660018.31015934
racethn_combn,Other/Multi-Racial,1999-2020,21.2,WTMEC.COMBN,age+gender,educ_level,fib4_high_vs_low,791,2876860.48755134,71,quasibinomial (logit),Some college or AA degree,1.07926309221093,0.850269643047635,0.208853563871814,-0.587265408162433,2.7457915925843,1.22397807376071,0.309321273404489,345,1249920.01863534
racethn_combn,Other/Multi-Racial,1999-2020,21.2,WTMEC.COMBN,age+gender,educ_level,fib4_high_vs_low,791,2876860.48755134,71,quasibinomial (logit),HS graduate or GED,1.82101687563394,0.840849677347101,0.0340098671825485,0.172951508033623,3.46908224323426,1.22397807376071,0.309321273404489,167,634185.319188245
racethn_combn,Other/Multi-Racial,1999-2020,21.2,WTMEC.COMBN,age+gender,educ_level,fib4_high_vs_low,791,2876860.48755134,71,quasibinomial (logit),9-11th grade,0.54964714227071,1.05389122629345,0.603762775282045,-1.51597966126445,2.61527394580587,1.22397807376071,0.309321273404489,83,264517.317440415
racethn_combn,Other/Multi-Racial,1999-2020,21.2,WTMEC.COMBN,age+gender,educ_level,fib4_high_vs_low,791,2876860.48755134,71,quasibinomial (logit),Less than 9th grade,1.16035501338843,0.978669919505845,0.240078877733146,-0.757838028843024,3.07854805561989,1.22397807376071,0.309321273404489,25,68219.522128
racethn_combn,NHW,1999-2020,21.2,WTMEC.COMBN,age+gender,educ_level,prevent_cvd_10yr_base,15800,104277995.879337,162,gaussian (identity),College graduate or above (Intercept),-0.201711529647713,0.00194052603060769,5.79874846798844e-146,-0.205514960667704,-0.197908098627722,186.393337329799,2.45414771511816e-58,4562,35404925.0443767
racethn_combn,NHW,1999-2020,21.2,WTMEC.COMBN,age+gender,educ_level,prevent_cvd_10yr_base,15800,104277995.879337,162,gaussian (identity),Some college or AA degree,0.0188653832371486,0.00123004854019941,5.85649842626296e-33,0.0164544880983578,0.0212762783759394,186.393337329799,2.45414771511816e-58,4893,32357031.0377336
racethn_combn,NHW,1999-2020,21.2,WTMEC.COMBN,age+gender,educ_level,prevent_cvd_10yr_base,15800,104277995.879337,162,gaussian (identity),HS graduate or GED,0.0249083568049867,0.00149090452501528,1.41841796266704e-36,0.0219861839359567,0.0278305296740167,186.393337329799,2.45414771511816e-58,4016,25406774.3688037
racethn_combn,NHW,1999-2020,21.2,WTMEC.COMBN,age+gender,educ_level,prevent_cvd_10yr_base,15800,104277995.879337,162,gaussian (identity),9-11th grade,0.0378598947111424,0.00182277866489293,9.05674091776531e-47,0.0342872485279523,0.0414325408943325,186.393337329799,2.45414771511816e-58,1704,8619151.24291126
racethn_combn,NHW,1999-2020,21.2,WTMEC.COMBN,age+gender,educ_level,prevent_cvd_10yr_base,15800,104277995.879337,162,gaussian (identity),Less than 9th grade,0.0520199044409218,0.00378580240244245,1.16354495282879e-28,0.0445997317321346,0.059440077149709,186.393337329799,2.45414771511816e-58,625,2490114.18551192
racethn_combn,NHB,1999-2020,21.2,WTMEC.COMBN,age+gender,educ_level,prevent_cvd_10yr_base,7703,14987750.5852691,148,gaussian (identity),College graduate or above (Intercept),-0.208269706042981,0.00295052429520461,1.81056479972883e-112,-0.214052733661582,-0.20248667842438,27.8272045832911,4.58289526054144e-17,1382,2867279.27513777
racethn_combn,NHB,1999-2020,21.2,WTMEC.COMBN,age+gender,educ_level,prevent_cvd_10yr_base,7703,14987750.5852691,148,gaussian (identity),Some college or AA degree,0.0139679851723888,0.00251116663598673,1.28165293985469e-07,0.00904609856585482,0.0188898717789228,27.8272045832911,4.58289526054144e-17,2452,4879281.70713981
racethn_combn,NHB,1999-2020,21.2,WTMEC.COMBN,age+gender,educ_level,prevent_cvd_10yr_base,7703,14987750.5852691,148,gaussian (identity),HS graduate or GED,0.0189174644672723,0.00269202538936704,8.09899434758266e-11,0.0136410947041129,0.0241938342304317,27.8272045832911,4.58289526054144e-17,1983,3856810.60133849
racethn_combn,NHB,1999-2020,21.2,WTMEC.COMBN,age+gender,educ_level,prevent_cvd_10yr_base,7703,14987750.5852691,148,gaussian (identity),9-11th grade,0.0274744254475814,0.00270534549706812,1.49105866189011e-18,0.0221719482733279,0.0327769026218349,27.8272045832911,4.58289526054144e-17,1494,2786321.16433136
racethn_combn,NHB,1999-2020,21.2,WTMEC.COMBN,age+gender,educ_level,prevent_cvd_10yr_base,7703,14987750.5852691,148,gaussian (identity),Less than 9th grade,0.0284899645541687,0.0043005793490838,6.68518184006116e-10,0.0200608290299645,0.036919100078373,27.8272045832911,4.58289526054144e-17,392,598057.837321642
racethn_combn,Mexican-American,1999-2020,21.2,WTMEC.COMBN,age+gender,educ_level,prevent_cvd_10yr_base,6231,10684202.3052091,134,gaussian (identity),College graduate or above (Intercept),-0.20314553923976,0.00377501865704624,9.16842267781774e-90,-0.210544575807571,-0.195746502671949,8.07678179334757,7.71635232959094e-06,475,1044787.38624562
racethn_combn,Mexican-American,1999-2020,21.2,WTMEC.COMBN,age+gender,educ_level,prevent_cvd_10yr_base,6231,10684202.3052091,134,gaussian (identity),Some college or AA degree,0.0117687686046231,0.00306581651659566,0.000193463156242369,0.00575976823209556,0.0177777689771505,8.07678179334757,7.71635232959094e-06,1085,2058991.71157509
racethn_combn,Mexican-American,1999-2020,21.2,WTMEC.COMBN,age+gender,educ_level,prevent_cvd_10yr_base,6231,10684202.3052091,134,gaussian (identity),HS graduate or GED,0.0133737972340372,0.00272989813035055,2.85360978506901e-06,0.00802319689855009,0.0187243975695242,8.07678179334757,7.71635232959094e-06,1060,2142592.7985134
racethn_combn,Mexican-American,1999-2020,21.2,WTMEC.COMBN,age+gender,educ_level,prevent_cvd_10yr_base,6231,10684202.3052091,134,gaussian (identity),9-11th grade,0.0172168410273024,0.00338293110996229,1.25082354755177e-06,0.0105862960517763,0.0238473860028285,8.07678179334757,7.71635232959094e-06,1159,2123846.24468117
racethn_combn,Mexican-American,1999-2020,21.2,WTMEC.COMBN,age+gender,educ_level,prevent_cvd_10yr_base,6231,10684202.3052091,134,gaussian (identity),Less than 9th grade,0.0164804799668244,0.00321909062384052,1.09508313256407e-06,0.010171062344097,0.0227898975895518,8.07678179334757,7.71635232959094e-06,2452,3313984.16419381
racethn_combn,Other Hispanic,1999-2020,21.2,WTMEC.COMBN,age+gender,educ_level,prevent_cvd_10yr_base,3196,8012696.56155144,130,gaussian (identity),College graduate or above (Intercept),-0.201007598879487,0.00449587565888139,2.45139281720496e-78,-0.209819515170894,-0.192195682588079,17.129939597204,3.29348653224244e-11,515,1382739.9268943
racethn_combn,Other Hispanic,1999-2020,21.2,WTMEC.COMBN,age+gender,educ_level,prevent_cvd_10yr_base,3196,8012696.56155144,130,gaussian (identity),Some college or AA degree,0.00982585901474082,0.00375458416958566,0.0099731400597658,0.00246687404235293,0.0171848439871287,17.129939597204,3.29348653224244e-11,814,2186490.87226781
racethn_combn,Other Hispanic,1999-2020,21.2,WTMEC.COMBN,age+gender,educ_level,prevent_cvd_10yr_base,3196,8012696.56155144,130,gaussian (identity),HS graduate or GED,0.0155923114302202,0.00299667467303957,7.86320225025437e-07,0.00971882907106269,0.0214657937893778,17.129939597204,3.29348653224244e-11,613,1720099.74872868
racethn_combn,Other Hispanic,1999-2020,21.2,WTMEC.COMBN,age+gender,educ_level,prevent_cvd_10yr_base,3196,8012696.56155144,130,gaussian (identity),9-11th grade,0.0258444472680692,0.00424037768465366,1.27792851517911e-08,0.017533307006148,0.0341555875299903,17.129939597204,3.29348653224244e-11,527,1247571.35375981
racethn_combn,Other Hispanic,1999-2020,21.2,WTMEC.COMBN,age+gender,educ_level,prevent_cvd_10yr_base,3196,8012696.56155144,130,gaussian (identity),Less than 9th grade,0.0247828667211423,0.00389416423927121,3.45362888154383e-09,0.0171503048121707,0.0324154286301139,17.129939597204,3.29348653224244e-11,727,1475794.65990083
racethn_combn,Other/Multi-Racial/NHAsian,1999-2020,21.2,WTMEC.COMBN,age+gender,educ_level,prevent_cvd_10yr_base,770,3999498.48914632,73,gaussian (identity),College graduate or above (Intercept),-0.19988901563973,0.00931812991627203,1.00921773810667e-31,-0.218152550275623,-0.181625481003837,7.52240483362984,4.56502048786208e-05,281,1545117.17483604
racethn_combn,Other/Multi-Racial/NHAsian,1999-2020,21.2,WTMEC.COMBN,age+gender,educ_level,prevent_cvd_10yr_base,770,3999498.48914632,73,gaussian (identity),Some college or AA degree,0.0257357719237436,0.00682891968981679,0.000349054621169377,0.0123510893317027,0.0391204545157845,7.52240483362984,4.56502048786208e-05,176,946543.950211038
racethn_combn,Other/Multi-Racial/NHAsian,1999-2020,21.2,WTMEC.COMBN,age+gender,educ_level,prevent_cvd_10yr_base,770,3999498.48914632,73,gaussian (identity),HS graduate or GED,0.0146204914775773,0.00665104595751259,0.0313919562022177,0.00158444140085268,0.027656541554302,7.52240483362984,4.56502048786208e-05,148,718989.486766981
racethn_combn,Other/Multi-Racial/NHAsian,1999-2020,21.2,WTMEC.COMBN,age+gender,educ_level,prevent_cvd_10yr_base,770,3999498.48914632,73,gaussian (identity),9-11th grade,0.0506130905751075,0.0126915194623077,0.000167373163902604,0.0257377124289843,0.0754884687212307,7.52240483362984,4.56502048786208e-05,71,377841.371177642
racethn_combn,Other/Multi-Racial/NHAsian,1999-2020,21.2,WTMEC.COMBN,age+gender,educ_level,prevent_cvd_10yr_base,770,3999498.48914632,73,gaussian (identity),Less than 9th grade,0.0138123408928115,0.00946611282694632,0.149200454448488,-0.00474124024800333,0.0323659220336262,7.52240483362984,4.56502048786208e-05,94,411006.506154623
racethn_combn,NHAsian,1999-2020,21.2,WTMEC.COMBN,age+gender,educ_level,prevent_cvd_10yr_base,2015,3596946.21931577,67,gaussian (identity),College graduate or above (Intercept),-0.203376863088802,0.00627419315593438,3.70715427004386e-40,-0.215674281674433,-0.19107944450317,4.0635913546508,0.00550996249314082,1064,1963343.99854123
racethn_combn,NHAsian,1999-2020,21.2,WTMEC.COMBN,age+gender,educ_level,prevent_cvd_10yr_base,2015,3596946.21931577,67,gaussian (identity),Some college or AA degree,0.00659780730475019,0.00335008014477639,0.0534478362134215,3.16502209884743e-05,0.0131639643885119,4.0635913546508,0.00550996249314082,339,603766.709147736
racethn_combn,NHAsian,1999-2020,21.2,WTMEC.COMBN,age+gender,educ_level,prevent_cvd_10yr_base,2015,3596946.21931577,67,gaussian (identity),HS graduate or GED,0.00967444807657741,0.00402028813484188,0.0191544643342892,0.00179468333228732,0.0175542128208675,4.0635913546508,0.00550996249314082,277,482942.487319566
racethn_combn,NHAsian,1999-2020,21.2,WTMEC.COMBN,age+gender,educ_level,prevent_cvd_10yr_base,2015,3596946.21931577,67,gaussian (identity),9-11th grade,0.0139590750851857,0.00498295328423714,0.00680888413073308,0.00419248664808086,0.0237256635222905,4.0635913546508,0.00550996249314082,159,262690.944795811
racethn_combn,NHAsian,1999-2020,21.2,WTMEC.COMBN,age+gender,educ_level,prevent_cvd_10yr_base,2015,3596946.21931577,67,gaussian (identity),Less than 9th grade,0.0178766202486851,0.00586274815051689,0.00339158509157783,0.00638563387367202,0.0293676066236982,4.0635913546508,0.00550996249314082,176,284202.079511434
racethn_combn,Other/Multi-Racial,1999-2020,21.2,WTMEC.COMBN,age+gender,educ_level,prevent_cvd_10yr_base,566,2267044.86662802,62,gaussian (identity),College graduate or above (Intercept),-0.201786374411929,0.0119092158139281,1.04956515994292e-23,-0.225128437407228,-0.17844431141663,4.12909047607742,0.00530827739856021,137,547771.771017453
racethn_combn,Other/Multi-Racial,1999-2020,21.2,WTMEC.COMBN,age+gender,educ_level,prevent_cvd_10yr_base,566,2267044.86662802,62,gaussian (identity),Some college or AA degree,0.0331502447962718,0.00916132110850011,0.000637418872931811,0.0151940554236116,0.051106434168932,4.12909047607742,0.00530827739856021,247,1003429.58703774
racethn_combn,Other/Multi-Racial,1999-2020,21.2,WTMEC.COMBN,age+gender,educ_level,prevent_cvd_10yr_base,566,2267044.86662802,62,gaussian (identity),HS graduate or GED,0.0298804466051526,0.00942432413176075,0.00246761819189771,0.0114087713069015,0.0483521219034037,4.12909047607742,0.00530827739856021,108,464337.700509095
racethn_combn,Other/Multi-Racial,1999-2020,21.2,WTMEC.COMBN,age+gender,educ_level,prevent_cvd_10yr_base,566,2267044.86662802,62,gaussian (identity),9-11th grade,0.0182709159678305,0.00977156969869439,0.0667421679593718,-0.000881360641610467,0.0374231925772715,4.12909047607742,0.00530827739856021,55,195579.412773679
racethn_combn,Other/Multi-Racial,1999-2020,21.2,WTMEC.COMBN,age+gender,educ_level,prevent_cvd_10yr_base,566,2267044.86662802,62,gaussian (identity),Less than 9th grade,0.0252537958245675,0.0138062568549731,0.0727024191024866,-0.0018064676111797,0.0523140592603147,4.12909047607742,0.00530827739856021,19,55926.3952900566
racethn_combn,NHW,1999-2020,21.2,WTMEC.COMBN,age+gender,educ_level,prevent_cvd_10yr_hba1c,15784,104176158.59452,162,gaussian (identity),College graduate or above (Intercept),-0.201700894106217,0.00185555966852133,5.9507223769894e-149,-0.205337791056519,-0.198063997155915,196.939625380701,6.99546969859753e-60,4558,35373143.7557502
racethn_combn,NHW,1999-2020,21.2,WTMEC.COMBN,age+gender,educ_level,prevent_cvd_10yr_hba1c,15784,104176158.59452,162,gaussian (identity),Some college or AA degree,0.0182494911093597,0.00118600839251768,4.30286353624303e-33,0.015924914660025,0.0205740675586944,196.939625380701,6.99546969859753e-60,4887,32324782.1512812
racethn_combn,NHW,1999-2020,21.2,WTMEC.COMBN,age+gender,educ_level,prevent_cvd_10yr_hba1c,15784,104176158.59452,162,gaussian (identity),HS graduate or GED,0.0249402018366674,0.00142758880215495,1.48874621898282e-38,0.0221421277844437,0.0277382758888911,196.939625380701,6.99546969859753e-60,4011,25372307.0813698
racethn_combn,NHW,1999-2020,21.2,WTMEC.COMBN,age+gender,educ_level,prevent_cvd_10yr_hba1c,15784,104176158.59452,162,gaussian (identity),9-11th grade,0.0380306608033889,0.0017811307106798,3.71460364931042e-48,0.0345396446104565,0.0415216769963213,196.939625380701,6.99546969859753e-60,1704,8619151.24291126
racethn_combn,NHW,1999-2020,21.2,WTMEC.COMBN,age+gender,educ_level,prevent_cvd_10yr_hba1c,15784,104176158.59452,162,gaussian (identity),Less than 9th grade,0.0497162226164411,0.00337976732156524,2.79987375240598e-31,0.0430918786661732,0.056340566566709,196.939625380701,6.99546969859753e-60,624,2486774.36320768
racethn_combn,NHB,1999-2020,21.2,WTMEC.COMBN,age+gender,educ_level,prevent_cvd_10yr_hba1c,7679,14942314.6947738,148,gaussian (identity),College graduate or above (Intercept),-0.208418005591765,0.00275689450371932,1.37041280932204e-116,-0.213821518819054,-0.203014492364475,27.2151246163259,9.02295347486456e-17,1377,2857234.59615994
racethn_combn,NHB,1999-2020,21.2,WTMEC.COMBN,age+gender,educ_level,prevent_cvd_10yr_hba1c,7679,14942314.6947738,148,gaussian (identity),Some college or AA degree,0.0140591014510641,0.00246147399208111,6.31408188520375e-08,0.00923461242658515,0.0188835904755431,27.2151246163259,9.02295347486456e-17,2443,4862212.46879938
racethn_combn,NHB,1999-2020,21.2,WTMEC.COMBN,age+gender,educ_level,prevent_cvd_10yr_hba1c,7679,14942314.6947738,148,gaussian (identity),HS graduate or GED,0.018260363881007,0.00268145222748889,2.54987708019681e-10,0.0130047175151288,0.0235160102468852,27.2151246163259,9.02295347486456e-17,1978,3845566.58020862
racethn_combn,NHB,1999-2020,21.2,WTMEC.COMBN,age+gender,educ_level,prevent_cvd_10yr_hba1c,7679,14942314.6947738,148,gaussian (identity),9-11th grade,0.0275166287730967,0.00283647005730013,2.19650681156431e-17,0.0219571474607885,0.033076110085405,27.2151246163259,9.02295347486456e-17,1491,2781296.85708928
racethn_combn,NHB,1999-2020,21.2,WTMEC.COMBN,age+gender,educ_level,prevent_cvd_10yr_hba1c,7679,14942314.6947738,148,gaussian (identity),Less than 9th grade,0.029747634001058,0.00449203425745739,6.76768230811973e-10,0.0209432468564415,0.0385520211456745,27.2151246163259,9.02295347486456e-17,390,596004.192516547
racethn_combn,Mexican-American,1999-2020,21.2,WTMEC.COMBN,age+gender,educ_level,prevent_cvd_10yr_hba1c,6226,10673622.2903296,134,gaussian (identity),College graduate or above (Intercept),-0.205500361418967,0.00405028550761233,1.22650299940481e-86,-0.213438921013888,-0.197561801824047,10.2689638299249,3.04068507750271e-07,475,1044787.38624562
racethn_combn,Mexican-American,1999-2020,21.2,WTMEC.COMBN,age+gender,educ_level,prevent_cvd_10yr_hba1c,6226,10673622.2903296,134,gaussian (identity),Some college or AA degree,0.013401584229089,0.00317224890588829,4.51024450280063e-05,0.00718397637354799,0.0196191920846301,10.2689638299249,3.04068507750271e-07,1083,2053298.29402623
racethn_combn,Mexican-American,1999-2020,21.2,WTMEC.COMBN,age+gender,educ_level,prevent_cvd_10yr_hba1c,6226,10673622.2903296,134,gaussian (identity),HS graduate or GED,0.0150911682234271,0.00286642229484709,5.75069882476682e-07,0.00947298052552677,0.0207093559213273,10.2689638299249,3.04068507750271e-07,1059,2138861.28488057
racethn_combn,Mexican-American,1999-2020,21.2,WTMEC.COMBN,age+gender,educ_level,prevent_cvd_10yr_hba1c,6226,10673622.2903296,134,gaussian (identity),9-11th grade,0.0185377939929979,0.00346385518841958,3.89039221833536e-07,0.0117486378236955,0.0253269501623003,10.2689638299249,3.04068507750271e-07,1158,2123492.97229645
racethn_combn,Mexican-American,1999-2020,21.2,WTMEC.COMBN,age+gender,educ_level,prevent_cvd_10yr_hba1c,6226,10673622.2903296,134,gaussian (identity),Less than 9th grade,0.0193108491354814,0.00323056137893511,2.10774659320973e-08,0.0129789488327686,0.0256427494381942,10.2689638299249,3.04068507750271e-07,2451,3313182.3528807
racethn_combn,Other Hispanic,1999-2020,21.2,WTMEC.COMBN,age+gender,educ_level,prevent_cvd_10yr_hba1c,3190,7993562.1452336,130,gaussian (identity),College graduate or above (Intercept),-0.205250807879678,0.00459397754049046,2.65894972516813e-78,-0.214255003859039,-0.196246611900316,20.9952781683757,3.09187679916065e-13,515,1382739.9268943
racethn_combn,Other Hispanic,1999-2020,21.2,WTMEC.COMBN,age+gender,educ_level,prevent_cvd_10yr_hba1c,3190,7993562.1452336,130,gaussian (identity),Some college or AA degree,0.0126472106773214,0.00403916328928563,0.00217215558799226,0.00473045063032156,0.0205639707243212,20.9952781683757,3.09187679916065e-13,810,2171171.53525526
racethn_combn,Other Hispanic,1999-2020,21.2,WTMEC.COMBN,age+gender,educ_level,prevent_cvd_10yr_hba1c,3190,7993562.1452336,130,gaussian (identity),HS graduate or GED,0.0175530725081654,0.00307017876646153,7.62966729227906e-08,0.0115355221259008,0.02357062289043,20.9952781683757,3.09187679916065e-13,612,1717116.42404726
racethn_combn,Other Hispanic,1999-2020,21.2,WTMEC.COMBN,age+gender,educ_level,prevent_cvd_10yr_hba1c,3190,7993562.1452336,130,gaussian (identity),9-11th grade,0.0292078510781103,0.0045166955995752,2.08387585954542e-09,0.0203551277029429,0.0380605744532777,20.9952781683757,3.09187679916065e-13,527,1247571.35375981
racethn_combn,Other Hispanic,1999-2020,21.2,WTMEC.COMBN,age+gender,educ_level,prevent_cvd_10yr_hba1c,3190,7993562.1452336,130,gaussian (identity),Less than 9th grade,0.0268591333258481,0.00378156431489486,8.40564798133305e-11,0.0194472672686542,0.034270999383042,20.9952781683757,3.09187679916065e-13,726,1474962.90527696
racethn_combn,Other/Multi-Racial/NHAsian,1999-2020,21.2,WTMEC.COMBN,age+gender,educ_level,prevent_cvd_10yr_hba1c,767,3984612.08941962,73,gaussian (identity),College graduate or above (Intercept),-0.203726580098596,0.00935531719669851,4.17465971350633e-32,-0.222063001804125,-0.185390158393067,7.55295468066144,4.38783287316546e-05,280,1538417.47386425
racethn_combn,Other/Multi-Racial/NHAsian,1999-2020,21.2,WTMEC.COMBN,age+gender,educ_level,prevent_cvd_10yr_hba1c,767,3984612.08941962,73,gaussian (identity),Some college or AA degree,0.0248221022168324,0.0065000841528813,0.000295689346504234,0.0120819372771851,0.0375622671564798,7.55295468066144,4.38783287316546e-05,176,946543.950211038
racethn_combn,Other/Multi-Racial/NHAsian,1999-2020,21.2,WTMEC.COMBN,age+gender,educ_level,prevent_cvd_10yr_hba1c,767,3984612.08941962,73,gaussian (identity),HS graduate or GED,0.0143914149802005,0.00659118210843968,0.0325105255059009,0.00147269804765872,0.0273101319127423,7.55295468066144,4.38783287316546e-05,147,716494.702775095
racethn_combn,Other/Multi-Racial/NHAsian,1999-2020,21.2,WTMEC.COMBN,age+gender,educ_level,prevent_cvd_10yr_hba1c,767,3984612.08941962,73,gaussian (identity),9-11th grade,0.0462165939007586,0.0112967916193124,0.000117558126115147,0.0240748823269063,0.0683583054746108,7.55295468066144,4.38783287316546e-05,71,377841.371177642
racethn_combn,Other/Multi-Racial/NHAsian,1999-2020,21.2,WTMEC.COMBN,age+gender,educ_level,prevent_cvd_10yr_hba1c,767,3984612.08941962,73,gaussian (identity),Less than 9th grade,0.0175725215349155,0.0105922309887219,0.101790077862615,-0.00318825120297949,0.0383332942728106,7.55295468066144,4.38783287316546e-05,93,405314.591391604
racethn_combn,NHAsian,1999-2020,21.2,WTMEC.COMBN,age+gender,educ_level,prevent_cvd_10yr_hba1c,2014,3595767.22942209,67,gaussian (identity),College graduate or above (Intercept),-0.206059911339121,0.00606736383733884,2.49830804344361e-41,-0.217951944460305,-0.194167878217936,5.39789650410658,0.000868919169108814,1064,1963343.99854123
racethn_combn,NHAsian,1999-2020,21.2,WTMEC.COMBN,age+gender,educ_level,prevent_cvd_10yr_hba1c,2014,3595767.22942209,67,gaussian (identity),Some college or AA degree,0.0074374800366558,0.00335380101158582,0.030315332803295,0.000864030053947596,0.014010930019364,5.39789650410658,0.000868919169108814,339,603766.709147736
racethn_combn,NHAsian,1999-2020,21.2,WTMEC.COMBN,age+gender,educ_level,prevent_cvd_10yr_hba1c,2014,3595767.22942209,67,gaussian (identity),HS graduate or GED,0.00923225013508503,0.00373013685527498,0.0161163223320249,0.00192118189874608,0.016543318371424,5.39789650410658,0.000868919169108814,277,482942.487319566
racethn_combn,NHAsian,1999-2020,21.2,WTMEC.COMBN,age+gender,educ_level,prevent_cvd_10yr_hba1c,2014,3595767.22942209,67,gaussian (identity),9-11th grade,0.0155473210203056,0.00544604389027204,0.00587670930611109,0.00487307499537236,0.0262215670452388,5.39789650410658,0.000868919169108814,159,262690.944795811
racethn_combn,NHAsian,1999-2020,21.2,WTMEC.COMBN,age+gender,educ_level,prevent_cvd_10yr_hba1c,2014,3595767.22942209,67,gaussian (identity),Less than 9th grade,0.0227836202027898,0.0061769410594332,0.000482324328875623,0.0106768157263007,0.0348904246792788,5.39789650410658,0.000868919169108814,175,283023.089617755
racethn_combn,Other/Multi-Racial,1999-2020,21.2,WTMEC.COMBN,age+gender,educ_level,prevent_cvd_10yr_hba1c,566,2267044.86662802,62,gaussian (identity),College graduate or above (Intercept),-0.209027178246095,0.0141699595254388,6.07481169497107e-21,-0.236800298915955,-0.181254057576235,4.49930915242355,0.00319067693167248,137,547771.771017453
racethn_combn,Other/Multi-Racial,1999-2020,21.2,WTMEC.COMBN,age+gender,educ_level,prevent_cvd_10yr_hba1c,566,2267044.86662802,62,gaussian (identity),Some college or AA degree,0.0379601784818834,0.00979107784292529,0.000280093123176445,0.0187696659097498,0.057150691054017,4.49930915242355,0.00319067693167248,247,1003429.58703774
racethn_combn,Other/Multi-Racial,1999-2020,21.2,WTMEC.COMBN,age+gender,educ_level,prevent_cvd_10yr_hba1c,566,2267044.86662802,62,gaussian (identity),HS graduate or GED,0.0301136639486955,0.00924718804878292,0.00191754589271677,0.0119891753730809,0.04823815252431,4.49930915242355,0.00319067693167248,108,464337.700509095
racethn_combn,Other/Multi-Racial,1999-2020,21.2,WTMEC.COMBN,age+gender,educ_level,prevent_cvd_10yr_hba1c,566,2267044.86662802,62,gaussian (identity),9-11th grade,0.0231233613375534,0.0101013252798499,0.02586382083513,0.00332476378904748,0.0429219588860593,4.49930915242355,0.00319067693167248,55,195579.412773679
racethn_combn,Other/Multi-Racial,1999-2020,21.2,WTMEC.COMBN,age+gender,educ_level,prevent_cvd_10yr_hba1c,566,2267044.86662802,62,gaussian (identity),Less than 9th grade,0.0304521715458348,0.0211448537432488,0.15538700253375,-0.0109917417909329,0.0718960848826025,4.49930915242355,0.00319067693167248,19,55926.3952900566
racethn_combn,NHW,1999-2020,21.2,WTMEC.COMBN,age+gender,educ_level,prevent_cvd_10yr_uacr,15666,103633087.161141,162,gaussian (identity),College graduate or above (Intercept),-0.190314566428174,0.00206269958777276,5.14657442432243e-138,-0.194357457620209,-0.18627167523614,151.895262047302,1.00185081883695e-52,4538,35270686.8676338
racethn_combn,NHW,1999-2020,21.2,WTMEC.COMBN,age+gender,educ_level,prevent_cvd_10yr_uacr,15666,103633087.161141,162,gaussian (identity),Some college or AA degree,0.0172516579020606,0.00125699180819444,1.28773590707572e-28,0.0147879539579995,0.0197153618461217,151.895262047302,1.00185081883695e-52,4862,32218277.9064017
racethn_combn,NHW,1999-2020,21.2,WTMEC.COMBN,age+gender,educ_level,prevent_cvd_10yr_uacr,15666,103633087.161141,162,gaussian (identity),HS graduate or GED,0.0225919561830634,0.00137291140448707,6.44772879028141e-36,0.0199010498302687,0.0252828625358581,151.895262047302,1.00185081883695e-52,3979,25189222.4803264
racethn_combn,NHW,1999-2020,21.2,WTMEC.COMBN,age+gender,educ_level,prevent_cvd_10yr_uacr,15666,103633087.161141,162,gaussian (identity),9-11th grade,0.0370033013506201,0.00202373896665546,1.23698440204086e-40,0.0330367729759754,0.0409698297252648,151.895262047302,1.00185081883695e-52,1680,8517269.11144411
racethn_combn,NHW,1999-2020,21.2,WTMEC.COMBN,age+gender,educ_level,prevent_cvd_10yr_uacr,15666,103633087.161141,162,gaussian (identity),Less than 9th grade,0.0500756173565863,0.00426099539176571,3.05864527760516e-23,0.0417240663887255,0.0584271683244471,151.895262047302,1.00185081883695e-52,607,2437630.79533487
racethn_combn,NHB,1999-2020,21.2,WTMEC.COMBN,age+gender,educ_level,prevent_cvd_10yr_uacr,7604,14820298.4228478,148,gaussian (identity),College graduate or above (Intercept),-0.201695146984714,0.00329469859208413,5.77809115232294e-104,-0.208152756225199,-0.195237537744229,29.5676523411162,6.90644985883223e-18,1369,2846346.46289445
racethn_combn,NHB,1999-2020,21.2,WTMEC.COMBN,age+gender,educ_level,prevent_cvd_10yr_uacr,7604,14820298.4228478,148,gaussian (identity),Some college or AA degree,0.0131713963283944,0.00251185922353096,5.59361340067e-07,0.00824815225027373,0.0180946404065151,29.5676523411162,6.90644985883223e-18,2427,4834188.15826066
racethn_combn,NHB,1999-2020,21.2,WTMEC.COMBN,age+gender,educ_level,prevent_cvd_10yr_uacr,7604,14820298.4228478,148,gaussian (identity),HS graduate or GED,0.0173264333758835,0.00243790785371625,5.29213439876483e-11,0.0125481339825997,0.0221047327691674,29.5676523411162,6.90644985883223e-18,1956,3806084.83208436
racethn_combn,NHB,1999-2020,21.2,WTMEC.COMBN,age+gender,educ_level,prevent_cvd_10yr_uacr,7604,14820298.4228478,148,gaussian (identity),9-11th grade,0.0268141666570051,0.00269988281060315,5.62634030052762e-18,0.021522396348223,0.0321059369657873,29.5676523411162,6.90644985883223e-18,1473,2752983.78008408
racethn_combn,NHB,1999-2020,21.2,WTMEC.COMBN,age+gender,educ_level,prevent_cvd_10yr_uacr,7604,14820298.4228478,148,gaussian (identity),Less than 9th grade,0.0314949392628639,0.00509365967800236,6.30459197527267e-09,0.0215113662939792,0.0414785122317485,29.5676523411162,6.90644985883223e-18,379,580695.189524283
racethn_combn,Mexican-American,1999-2020,21.2,WTMEC.COMBN,age+gender,educ_level,prevent_cvd_10yr_uacr,6201,10644054.003821,134,gaussian (identity),College graduate or above (Intercept),-0.196306995275308,0.00423672683298406,7.51251424294921e-82,-0.204610979867957,-0.18800301068266,8.08695696259168,7.59908314878377e-06,472,1037188.72230062
racethn_combn,Mexican-American,1999-2020,21.2,WTMEC.COMBN,age+gender,educ_level,prevent_cvd_10yr_uacr,6201,10644054.003821,134,gaussian (identity),Some college or AA degree,0.0115243986962318,0.00295047606678393,0.000151145528542493,0.0057414656053353,0.0173073317871283,8.08695696259168,7.59908314878377e-06,1079,2050650.97970472
racethn_combn,Mexican-American,1999-2020,21.2,WTMEC.COMBN,age+gender,educ_level,prevent_cvd_10yr_uacr,6201,10644054.003821,134,gaussian (identity),HS graduate or GED,0.0127331758930504,0.00284216953436157,1.63514840368293e-05,0.00716252360570172,0.0183038281803991,8.08695696259168,7.59908314878377e-06,1056,2137539.8981784
racethn_combn,Mexican-American,1999-2020,21.2,WTMEC.COMBN,age+gender,educ_level,prevent_cvd_10yr_uacr,6201,10644054.003821,134,gaussian (identity),9-11th grade,0.0170130836765289,0.00329711882106515,9.16484756936064e-07,0.0105507307872412,0.0234754365658165,8.08695696259168,7.59908314878377e-06,1152,2118418.00959862
racethn_combn,Mexican-American,1999-2020,21.2,WTMEC.COMBN,age+gender,educ_level,prevent_cvd_10yr_uacr,6201,10644054.003821,134,gaussian (identity),Less than 9th grade,0.0162734468493732,0.00318647505631239,1.15729609173126e-06,0.0100279557390009,0.0225189379597455,8.08695696259168,7.59908314878377e-06,2442,3300256.39403862
racethn_combn,Other Hispanic,1999-2020,21.2,WTMEC.COMBN,age+gender,educ_level,prevent_cvd_10yr_uacr,3181,7982911.61806779,130,gaussian (identity),College graduate or above (Intercept),-0.193966465569711,0.00527442757208166,1.49528938457665e-68,-0.204304343610991,-0.183628587528431,21.1958462763421,2.4486055552142e-13,512,1372495.06313811
racethn_combn,Other Hispanic,1999-2020,21.2,WTMEC.COMBN,age+gender,educ_level,prevent_cvd_10yr_uacr,3181,7982911.61806779,130,gaussian (identity),Some college or AA degree,0.0115563736224739,0.00354667221655828,0.00144603969422096,0.00460489607801969,0.0185078511669282,21.1958462763421,2.4486055552142e-13,813,2184047.76933772
racethn_combn,Other Hispanic,1999-2020,21.2,WTMEC.COMBN,age+gender,educ_level,prevent_cvd_10yr_uacr,3181,7982911.61806779,130,gaussian (identity),HS graduate or GED,0.0169662425010778,0.00309264769601636,2.21230736217974e-07,0.0109046530168857,0.0230278319852699,21.1958462763421,2.4486055552142e-13,609,1714335.72680651
racethn_combn,Other Hispanic,1999-2020,21.2,WTMEC.COMBN,age+gender,educ_level,prevent_cvd_10yr_uacr,3181,7982911.61806779,130,gaussian (identity),9-11th grade,0.0276078612008832,0.00403972876055658,3.31124986455232e-10,0.0196899928301923,0.0355257295715741,21.1958462763421,2.4486055552142e-13,526,1246124.24900887
racethn_combn,Other Hispanic,1999-2020,21.2,WTMEC.COMBN,age+gender,educ_level,prevent_cvd_10yr_uacr,3181,7982911.61806779,130,gaussian (identity),Less than 9th grade,0.0295264066217002,0.00386359532884043,5.04336676634475e-12,0.021953759777173,0.0370990534662274,21.1958462763421,2.4486055552142e-13,721,1465908.80977659
racethn_combn,Other/Multi-Racial/NHAsian,1999-2020,21.2,WTMEC.COMBN,age+gender,educ_level,prevent_cvd_10yr_uacr,763,3963377.38203123,72,gaussian (identity),College graduate or above (Intercept),-0.19206158510854,0.0100028756530796,1.02567961756321e-28,-0.211667221388576,-0.172455948828504,7.53303745830453,4.62422048582165e-05,280,1536472.57271019
racethn_combn,Other/Multi-Racial/NHAsian,1999-2020,21.2,WTMEC.COMBN,age+gender,educ_level,prevent_cvd_10yr_uacr,763,3963377.38203123,72,gaussian (identity),Some college or AA degree,0.0269579842679037,0.00799495172989267,0.00125210781293141,0.0112878788773141,0.0426280896584934,7.53303745830453,4.62422048582165e-05,175,944597.864880943
racethn_combn,Other/Multi-Racial/NHAsian,1999-2020,21.2,WTMEC.COMBN,age+gender,educ_level,prevent_cvd_10yr_uacr,763,3963377.38203123,72,gaussian (identity),HS graduate or GED,0.0132158150290839,0.00662258066228854,0.0501110743656723,0.000235556930998341,0.0261960731271694,7.53303745830453,4.62422048582165e-05,146,712202.623096698
racethn_combn,Other/Multi-Racial/NHAsian,1999-2020,21.2,WTMEC.COMBN,age+gender,educ_level,prevent_cvd_10yr_uacr,763,3963377.38203123,72,gaussian (identity),9-11th grade,0.0503008311066491,0.0118696417429459,7.16495938555906e-05,0.0270363332904751,0.073565328922823,7.53303745830453,4.62422048582165e-05,68,359097.815188774
racethn_combn,Other/Multi-Racial/NHAsian,1999-2020,21.2,WTMEC.COMBN,age+gender,educ_level,prevent_cvd_10yr_uacr,763,3963377.38203123,72,gaussian (identity),Less than 9th grade,0.022535780602772,0.0102451907024679,0.0313394243017213,0.00245520682593485,0.0426163543796091,7.53303745830453,4.62422048582165e-05,94,411006.506154623
racethn_combn,NHAsian,1999-2020,21.2,WTMEC.COMBN,age+gender,educ_level,prevent_cvd_10yr_uacr,2006,3581571.55437185,67,gaussian (identity),College graduate or above (Intercept),-0.195859997738202,0.00811653825003188,6.67225353374063e-33,-0.211768412708264,-0.17995158276814,5.36374552619514,0.000910114436416054,1058,1951577.37017164
racethn_combn,NHAsian,1999-2020,21.2,WTMEC.COMBN,age+gender,educ_level,prevent_cvd_10yr_uacr,2006,3581571.55437185,67,gaussian (identity),Some college or AA degree,0.00976692129587341,0.00383242842055807,0.0133521343758041,0.0022553615915796,0.0172784810001672,5.36374552619514,0.000910114436416054,339,603766.709147736
racethn_combn,NHAsian,1999-2020,21.2,WTMEC.COMBN,age+gender,educ_level,prevent_cvd_10yr_uacr,2006,3581571.55437185,67,gaussian (identity),HS graduate or GED,0.00842489036716135,0.00383784025617869,0.031963117884464,0.000902723465051116,0.0159470572692716,5.36374552619514,0.000910114436416054,277,482942.487319566
racethn_combn,NHAsian,1999-2020,21.2,WTMEC.COMBN,age+gender,educ_level,prevent_cvd_10yr_uacr,2006,3581571.55437185,67,gaussian (identity),9-11th grade,0.020705100148762,0.00669102449105936,0.0029749086932586,0.00759069214628565,0.0338195081512384,5.36374552619514,0.000910114436416054,158,262173.270934868
racethn_combn,NHAsian,1999-2020,21.2,WTMEC.COMBN,age+gender,educ_level,prevent_cvd_10yr_uacr,2006,3581571.55437185,67,gaussian (identity),Less than 9th grade,0.0190545028197517,0.00771369436153779,0.0163148252098935,0.00393566187113763,0.0341733437683658,5.36374552619514,0.000910114436416054,174,281111.716798038
racethn_combn,Other/Multi-Racial,1999-2020,21.2,WTMEC.COMBN,age+gender,educ_level,prevent_cvd_10yr_uacr,561,2256500.2817107,62,gaussian (identity),College graduate or above (Intercept),-0.195461325907751,0.0131588984458028,4.45475661726119e-21,-0.221252766861524,-0.169669884953977,4.23063013644096,0.00461389315566112,135,545065.233636321
racethn_combn,Other/Multi-Racial,1999-2020,21.2,WTMEC.COMBN,age+gender,educ_level,prevent_cvd_10yr_uacr,561,2256500.2817107,62,gaussian (identity),Some college or AA degree,0.0341175005870537,0.00938011466258808,0.000601152863379122,0.0157324758483811,0.0525025253257264,4.23063013644096,0.00461389315566112,244,995591.539501547
racethn_combn,Other/Multi-Racial,1999-2020,21.2,WTMEC.COMBN,age+gender,educ_level,prevent_cvd_10yr_uacr,561,2256500.2817107,62,gaussian (identity),HS graduate or GED,0.0291900140808557,0.0099901210977345,0.00500880676637063,0.00960937672929606,0.0487706514324153,4.23063013644096,0.00461389315566112,108,464337.700509095
racethn_combn,Other/Multi-Racial,1999-2020,21.2,WTMEC.COMBN,age+gender,educ_level,prevent_cvd_10yr_uacr,561,2256500.2817107,62,gaussian (identity),9-11th grade,0.0139238288049376,0.00991679037017364,0.16582100475278,-0.00551308032060278,0.0333607379304779,4.23063013644096,0.00461389315566112,55,195579.412773679
racethn_combn,Other/Multi-Racial,1999-2020,21.2,WTMEC.COMBN,age+gender,educ_level,prevent_cvd_10yr_uacr,561,2256500.2817107,62,gaussian (identity),Less than 9th grade,0.0237304296280811,0.0141560145105445,0.099244532962406,-0.00401535881258613,0.0514762180687484,4.23063013644096,0.00461389315566112,19,55926.3952900566
racethn_combn,NHW,1999-2020,21.2,WTMEC.COMBN,age+gender,educ_level,prevent_cvd_10yr_full,15651,103534855.547241,162,gaussian (identity),College graduate or above (Intercept),-0.18561614348174,0.00199440913378683,1.3630888099043e-138,-0.189525185383962,-0.181707101579518,144.482075563362,2.1780301951405e-51,4534,35238905.5790074
racethn_combn,NHW,1999-2020,21.2,WTMEC.COMBN,age+gender,educ_level,prevent_cvd_10yr_full,15651,103534855.547241,162,gaussian (identity),Some college or AA degree,0.0159455927891474,0.00120874754262853,3.61698444676488e-27,0.0135764476055955,0.0183147379726994,144.482075563362,2.1780301951405e-51,4856,32186029.0199493
racethn_combn,NHW,1999-2020,21.2,WTMEC.COMBN,age+gender,educ_level,prevent_cvd_10yr_full,15651,103534855.547241,162,gaussian (identity),HS graduate or GED,0.0212815490500596,0.00131572577945276,3.52498613503739e-35,0.0187027265223322,0.023860371577787,144.482075563362,2.1780301951405e-51,3975,25158360.8638093
racethn_combn,NHW,1999-2020,21.2,WTMEC.COMBN,age+gender,educ_level,prevent_cvd_10yr_full,15651,103534855.547241,162,gaussian (identity),9-11th grade,0.0349601211601636,0.00194051215608204,5.9572140242765e-40,0.0311567173342428,0.0387635249860844,144.482075563362,2.1780301951405e-51,1680,8517269.11144411
racethn_combn,NHW,1999-2020,21.2,WTMEC.COMBN,age+gender,educ_level,prevent_cvd_10yr_full,15651,103534855.547241,162,gaussian (identity),Less than 9th grade,0.0458379123711063,0.00371418655646223,7.5503060640276e-25,0.0385581067204404,0.0531177180217723,144.482075563362,2.1780301951405e-51,606,2434290.97303062
racethn_combn,NHB,1999-2020,21.2,WTMEC.COMBN,age+gender,educ_level,prevent_cvd_10yr_full,7581,14775977.4075239,148,gaussian (identity),College graduate or above (Intercept),-0.195091645892384,0.00314924957821551,1.1387929362321e-104,-0.201264175065686,-0.188919116719081,25.6821890339427,5.06332124400885e-16,1364,2836301.78391662
racethn_combn,NHB,1999-2020,21.2,WTMEC.COMBN,age+gender,educ_level,prevent_cvd_10yr_full,7581,14775977.4075239,148,gaussian (identity),Some college or AA degree,0.0123974934973816,0.00242774612751407,1.03724562910254e-06,0.00763911108745402,0.0171558759073092,25.6821890339427,5.06332124400885e-16,2418,4817118.91992023
racethn_combn,NHB,1999-2020,21.2,WTMEC.COMBN,age+gender,educ_level,prevent_cvd_10yr_full,7581,14775977.4075239,148,gaussian (identity),HS graduate or GED,0.0155289885572862,0.00242745500458147,2.14500814223247e-09,0.0107711767483065,0.0202868003662659,25.6821890339427,5.06332124400885e-16,1951,3794840.81095449
racethn_combn,NHB,1999-2020,21.2,WTMEC.COMBN,age+gender,educ_level,prevent_cvd_10yr_full,7581,14775977.4075239,148,gaussian (identity),9-11th grade,0.0251005181765882,0.00281548516514447,2.16786405898699e-15,0.0195821672529051,0.0306188691002714,25.6821890339427,5.06332124400885e-16,1470,2747959.472842
racethn_combn,NHB,1999-2020,21.2,WTMEC.COMBN,age+gender,educ_level,prevent_cvd_10yr_full,7581,14775977.4075239,148,gaussian (identity),Less than 9th grade,0.0313906272524412,0.00518304331299761,1.18285663454006e-08,0.0212318623589658,0.0415493921459165,25.6821890339427,5.06332124400885e-16,378,579756.419890604
racethn_combn,Mexican-American,1999-2020,21.2,WTMEC.COMBN,age+gender,educ_level,prevent_cvd_10yr_full,6196,10633473.9889415,134,gaussian (identity),College graduate or above (Intercept),-0.193490804634105,0.00421788196901346,2.5114368772425e-81,-0.201757853293372,-0.185223755974839,9.62933761419849,7.70540624418587e-07,472,1037188.72230062
racethn_combn,Mexican-American,1999-2020,21.2,WTMEC.COMBN,age+gender,educ_level,prevent_cvd_10yr_full,6196,10633473.9889415,134,gaussian (identity),Some college or AA degree,0.0125061120704253,0.00298987974868906,5.30510434473486e-05,0.00664594776299474,0.0183662763778559,9.62933761419849,7.70540624418587e-07,1077,2044957.56215585
racethn_combn,Mexican-American,1999-2020,21.2,WTMEC.COMBN,age+gender,educ_level,prevent_cvd_10yr_full,6196,10633473.9889415,134,gaussian (identity),HS graduate or GED,0.0136122351648835,0.00289537422215872,6.58279984042938e-06,0.00793730168945244,0.0192871686403146,9.62933761419849,7.70540624418587e-07,1055,2133808.38454557
racethn_combn,Mexican-American,1999-2020,21.2,WTMEC.COMBN,age+gender,educ_level,prevent_cvd_10yr_full,6196,10633473.9889415,134,gaussian (identity),9-11th grade,0.0173110850773666,0.00337540372032842,1.05260063966362e-06,0.0106952937855229,0.0239268763692103,9.62933761419849,7.70540624418587e-07,1151,2118064.73721391
racethn_combn,Mexican-American,1999-2020,21.2,WTMEC.COMBN,age+gender,educ_level,prevent_cvd_10yr_full,6196,10633473.9889415,134,gaussian (identity),Less than 9th grade,0.0183003550425106,0.00319690486234222,7.0015211296331e-08,0.0120344215123198,0.0245662885727013,9.62933761419849,7.70540624418587e-07,2441,3299454.58272551
racethn_combn,Other Hispanic,1999-2020,21.2,WTMEC.COMBN,age+gender,educ_level,prevent_cvd_10yr_full,3175,7963777.20174996,130,gaussian (identity),College graduate or above (Intercept),-0.19264933355894,0.00536086320995122,2.04784007672546e-67,-0.203156625450444,-0.182142041667436,22.9912364039058,3.14889728660935e-14,512,1372495.06313811
racethn_combn,Other Hispanic,1999-2020,21.2,WTMEC.COMBN,age+gender,educ_level,prevent_cvd_10yr_full,3175,7963777.20174996,130,gaussian (identity),Some college or AA degree,0.013329865988298,0.00379675475048747,0.000623535381466029,0.00588822667734255,0.0207715052992534,22.9912364039058,3.14889728660935e-14,809,2168728.43232517
racethn_combn,Other Hispanic,1999-2020,21.2,WTMEC.COMBN,age+gender,educ_level,prevent_cvd_10yr_full,3175,7963777.20174996,130,gaussian (identity),HS graduate or GED,0.0176451178828951,0.00316140091781521,1.42999699964904e-07,0.0114487720839773,0.0238414636818129,22.9912364039058,3.14889728660935e-14,608,1711352.40212509
racethn_combn,Other Hispanic,1999-2020,21.2,WTMEC.COMBN,age+gender,educ_level,prevent_cvd_10yr_full,3175,7963777.20174996,130,gaussian (identity),9-11th grade,0.0295142499308366,0.00428233688639086,2.46707953522726e-10,0.0211208696335105,0.0379076302281627,22.9912364039058,3.14889728660935e-14,526,1246124.24900887
racethn_combn,Other Hispanic,1999-2020,21.2,WTMEC.COMBN,age+gender,educ_level,prevent_cvd_10yr_full,3175,7963777.20174996,130,gaussian (identity),Less than 9th grade,0.0302017976934889,0.00382194408715008,1.26851757763048e-12,0.0227107872826747,0.037692808104303,22.9912364039058,3.14889728660935e-14,720,1465077.05515272
racethn_combn,Other/Multi-Racial/NHAsian,1999-2020,21.2,WTMEC.COMBN,age+gender,educ_level,prevent_cvd_10yr_full,760,3948490.98230453,72,gaussian (identity),College graduate or above (Intercept),-0.18967647253923,0.00999717761651257,2.00076511779536e-28,-0.209270940667595,-0.170082004410865,7.82264039167323,3.18843596873832e-05,279,1529772.8717384
racethn_combn,Other/Multi-Racial/NHAsian,1999-2020,21.2,WTMEC.COMBN,age+gender,educ_level,prevent_cvd_10yr_full,760,3948490.98230453,72,gaussian (identity),Some college or AA degree,0.026480105704989,0.00782841372494054,0.00121136639135567,0.0111364148041055,0.0418237966058724,7.82264039167323,3.18843596873832e-05,175,944597.864880943
racethn_combn,Other/Multi-Racial/NHAsian,1999-2020,21.2,WTMEC.COMBN,age+gender,educ_level,prevent_cvd_10yr_full,760,3948490.98230453,72,gaussian (identity),HS graduate or GED,0.011825782459282,0.00630010168984997,0.0649282878237961,-0.000522416852823946,0.0241739817713879,7.82264039167323,3.18843596873832e-05,145,709707.839104811
racethn_combn,Other/Multi-Racial/NHAsian,1999-2020,21.2,WTMEC.COMBN,age+gender,educ_level,prevent_cvd_10yr_full,760,3948490.98230453,72,gaussian (identity),9-11th grade,0.0449775934154366,0.0104381199762202,5.58037002502516e-05,0.0245188782620449,0.0654363085688283,7.82264039167323,3.18843596873832e-05,68,359097.815188774
racethn_combn,Other/Multi-Racial/NHAsian,1999-2020,21.2,WTMEC.COMBN,age+gender,educ_level,prevent_cvd_10yr_full,760,3948490.98230453,72,gaussian (identity),Less than 9th grade,0.0247384452536741,0.0109185681980347,0.0267548090758852,0.00333805158552604,0.0461388389218221,7.82264039167323,3.18843596873832e-05,93,405314.591391604
racethn_combn,NHAsian,1999-2020,21.2,WTMEC.COMBN,age+gender,educ_level,prevent_cvd_10yr_full,2005,3580392.56447817,67,gaussian (identity),College graduate or above (Intercept),-0.192636397598054,0.00797088066828049,6.13653237672859e-33,-0.208259323707883,-0.177013471488224,5.9303669646547,0.000424911569952338,1058,1951577.37017164
racethn_combn,NHAsian,1999-2020,21.2,WTMEC.COMBN,age+gender,educ_level,prevent_cvd_10yr_full,2005,3580392.56447817,67,gaussian (identity),Some college or AA degree,0.0103249162791885,0.00385955614462002,0.00957590564718709,0.00276018623573324,0.0178896463226437,5.9303669646547,0.000424911569952338,339,603766.709147736
racethn_combn,NHAsian,1999-2020,21.2,WTMEC.COMBN,age+gender,educ_level,prevent_cvd_10yr_full,2005,3580392.56447817,67,gaussian (identity),HS graduate or GED,0.0080190048735854,0.00371754288254947,0.0349491574286295,0.000732620823788446,0.0153053889233824,5.9303669646547,0.000424911569952338,277,482942.487319566
racethn_combn,NHAsian,1999-2020,21.2,WTMEC.COMBN,age+gender,educ_level,prevent_cvd_10yr_full,2005,3580392.56447817,67,gaussian (identity),9-11th grade,0.0207074067412863,0.00682685108668294,0.00355101321409245,0.00732677861138771,0.0340880348711848,5.9303669646547,0.000424911569952338,158,262173.270934868
racethn_combn,NHAsian,1999-2020,21.2,WTMEC.COMBN,age+gender,educ_level,prevent_cvd_10yr_full,2005,3580392.56447817,67,gaussian (identity),Less than 9th grade,0.0231745969703699,0.00752314763168483,0.00309853695025953,0.00842922761226759,0.0379199663284721,5.9303669646547,0.000424911569952338,173,279932.726904359
racethn_combn,Other/Multi-Racial,1999-2020,21.2,WTMEC.COMBN,age+gender,educ_level,prevent_cvd_10yr_full,561,2256500.2817107,62,gaussian (identity),College graduate or above (Intercept),-0.194335598262139,0.015221731077319,3.19564270827662e-18,-0.224170191173684,-0.164501005350594,4.23730910897121,0.00457161040368717,135,545065.233636321
racethn_combn,Other/Multi-Racial,1999-2020,21.2,WTMEC.COMBN,age+gender,educ_level,prevent_cvd_10yr_full,561,2256500.2817107,62,gaussian (identity),Some college or AA degree,0.0372444079760654,0.00970576585113201,0.000318332943386914,0.0182211069078467,0.0562677090442841,4.23730910897121,0.00457161040368717,244,995591.539501547
racethn_combn,Other/Multi-Racial,1999-2020,21.2,WTMEC.COMBN,age+gender,educ_level,prevent_cvd_10yr_full,561,2256500.2817107,62,gaussian (identity),HS graduate or GED,0.027560690670168,0.0093127160267658,0.00451022232165276,0.00930776725770705,0.045813614082629,4.23730910897121,0.00457161040368717,108,464337.700509095
racethn_combn,Other/Multi-Racial,1999-2020,21.2,WTMEC.COMBN,age+gender,educ_level,prevent_cvd_10yr_full,561,2256500.2817107,62,gaussian (identity),9-11th grade,0.0169635861392897,0.0100830679982065,0.0980630445435421,-0.00279922713719492,0.0367263994157744,4.23730910897121,0.00457161040368717,55,195579.412773679
racethn_combn,Other/Multi-Racial,1999-2020,21.2,WTMEC.COMBN,age+gender,educ_level,prevent_cvd_10yr_full,561,2256500.2817107,62,gaussian (identity),Less than 9th grade,0.0265357989006039,0.0188879994155264,0.16557327084533,-0.0104846799538279,0.0635562777550357,4.23730910897121,0.00457161040368717,19,55926.3952900566
racethn_combn,NHW,1999-2020,21.2,WTMEC.COMBN,age+gender,educ_level,prevent_cvd_30yr_base,15800,104277995.879337,162,gaussian (identity),College graduate or above (Intercept),-0.123189202105921,0.00319722502292432,1.3193034404121e-81,-0.129455763150853,-0.11692264106099,191.874958177938,3.78469718247257e-59,4562,35404925.0443767
racethn_combn,NHW,1999-2020,21.2,WTMEC.COMBN,age+gender,educ_level,prevent_cvd_30yr_base,15800,104277995.879337,162,gaussian (identity),Some college or AA degree,0.034672684975251,0.00196110209240913,4.29656166093693e-39,0.0308289248741291,0.0385164450763729,191.874958177938,3.78469718247257e-59,4893,32357031.0377336
racethn_combn,NHW,1999-2020,21.2,WTMEC.COMBN,age+gender,educ_level,prevent_cvd_30yr_base,15800,104277995.879337,162,gaussian (identity),HS graduate or GED,0.0453814594878904,0.00243331037409135,1.47828475358472e-41,0.0406121711546713,0.0501507478211094,191.874958177938,3.78469718247257e-59,4016,25406774.3688037
racethn_combn,NHW,1999-2020,21.2,WTMEC.COMBN,age+gender,educ_level,prevent_cvd_30yr_base,15800,104277995.879337,162,gaussian (identity),9-11th grade,0.058289649898379,0.00293134642651143,1.27192335300808e-44,0.0525442109024166,0.0640350888943414,191.874958177938,3.78469718247257e-59,1704,8619151.24291126
racethn_combn,NHW,1999-2020,21.2,WTMEC.COMBN,age+gender,educ_level,prevent_cvd_30yr_base,15800,104277995.879337,162,gaussian (identity),Less than 9th grade,0.0544325442891135,0.00542719490788817,1.40126746275464e-18,0.0437952422696527,0.0650698463085743,191.874958177938,3.78469718247257e-59,625,2490114.18551192
racethn_combn,NHB,1999-2020,21.2,WTMEC.COMBN,age+gender,educ_level,prevent_cvd_30yr_base,7703,14987750.5852691,148,gaussian (identity),College graduate or above (Intercept),-0.127325371736412,0.00612716727246614,6.67989096633067e-45,-0.139334619590446,-0.115316123882379,27.4864528167945,6.67714438097167e-17,1382,2867279.27513777
racethn_combn,NHB,1999-2020,21.2,WTMEC.COMBN,age+gender,educ_level,prevent_cvd_30yr_base,7703,14987750.5852691,148,gaussian (identity),Some college or AA degree,0.023552482018754,0.00425461316789278,1.45224555859457e-07,0.0152134402096841,0.0318915238278238,27.4864528167945,6.67714438097167e-17,2452,4879281.70713981
racethn_combn,NHB,1999-2020,21.2,WTMEC.COMBN,age+gender,educ_level,prevent_cvd_30yr_base,7703,14987750.5852691,148,gaussian (identity),HS graduate or GED,0.0315367849345587,0.0043666323829851,2.85518748202156e-11,0.0229781854639079,0.0400953844052095,27.4864528167945,6.67714438097167e-17,1983,3856810.60133849
racethn_combn,NHB,1999-2020,21.2,WTMEC.COMBN,age+gender,educ_level,prevent_cvd_30yr_base,7703,14987750.5852691,148,gaussian (identity),9-11th grade,0.0411718927843502,0.00455608752796981,1.07204008523913e-15,0.0322419612295293,0.050101824339171,27.4864528167945,6.67714438097167e-17,1494,2786321.16433136
racethn_combn,NHB,1999-2020,21.2,WTMEC.COMBN,age+gender,educ_level,prevent_cvd_30yr_base,7703,14987750.5852691,148,gaussian (identity),Less than 9th grade,0.00538786970876558,0.00736394708377184,0.465584820894686,-0.00904546657542723,0.0198212059929584,27.4864528167945,6.67714438097167e-17,392,598057.837321642
racethn_combn,Mexican-American,1999-2020,21.2,WTMEC.COMBN,age+gender,educ_level,prevent_cvd_30yr_base,6231,10684202.3052091,134,gaussian (identity),College graduate or above (Intercept),-0.175980589683178,0.0079083978488917,8.0032290586991e-46,-0.191481049467005,-0.16048012989935,6.61219976199712,7.193670800196e-05,475,1044787.38624562
racethn_combn,Mexican-American,1999-2020,21.2,WTMEC.COMBN,age+gender,educ_level,prevent_cvd_30yr_base,6231,10684202.3052091,134,gaussian (identity),Some college or AA degree,0.0219542936481441,0.0063897828474868,0.000796974169959129,0.00943031926706996,0.0344782680292182,6.61219976199712,7.193670800196e-05,1085,2058991.71157509
racethn_combn,Mexican-American,1999-2020,21.2,WTMEC.COMBN,age+gender,educ_level,prevent_cvd_30yr_base,6231,10684202.3052091,134,gaussian (identity),HS graduate or GED,0.0256260550046437,0.00607782095528155,4.65848362434387e-05,0.0137135259322918,0.0375385840769955,6.61219976199712,7.193670800196e-05,1060,2142592.7985134
racethn_combn,Mexican-American,1999-2020,21.2,WTMEC.COMBN,age+gender,educ_level,prevent_cvd_30yr_base,6231,10684202.3052091,134,gaussian (identity),9-11th grade,0.030574646600681,0.00628672926127067,3.32319257018289e-06,0.0182526572485905,0.0428966359527715,6.61219976199712,7.193670800196e-05,1159,2123846.24468117
racethn_combn,Mexican-American,1999-2020,21.2,WTMEC.COMBN,age+gender,educ_level,prevent_cvd_30yr_base,6231,10684202.3052091,134,gaussian (identity),Less than 9th grade,0.0272320198416205,0.00610719962491009,1.78062009647105e-05,0.0152619085767967,0.0392021311064442,6.61219976199712,7.193670800196e-05,2452,3313984.16419381
racethn_combn,Other Hispanic,1999-2020,21.2,WTMEC.COMBN,age+gender,educ_level,prevent_cvd_30yr_base,3196,8012696.56155144,130,gaussian (identity),College graduate or above (Intercept),-0.16612162853182,0.00810547559701615,1.23685600545546e-41,-0.182008360701971,-0.150234896361668,7.83208792846259,1.1616860369963e-05,515,1382739.9268943
racethn_combn,Other Hispanic,1999-2020,21.2,WTMEC.COMBN,age+gender,educ_level,prevent_cvd_30yr_base,3196,8012696.56155144,130,gaussian (identity),Some college or AA degree,0.0176123509185911,0.00652086557419635,0.00788209083260249,0.00483145439316622,0.0303932474440159,7.83208792846259,1.1616860369963e-05,814,2186490.87226781
racethn_combn,Other Hispanic,1999-2020,21.2,WTMEC.COMBN,age+gender,educ_level,prevent_cvd_30yr_base,3196,8012696.56155144,130,gaussian (identity),HS graduate or GED,0.0227159301692726,0.00568787734815204,0.000110709752231026,0.0115676905668946,0.0338641697716506,7.83208792846259,1.1616860369963e-05,613,1720099.74872868
racethn_combn,Other Hispanic,1999-2020,21.2,WTMEC.COMBN,age+gender,educ_level,prevent_cvd_30yr_base,3196,8012696.56155144,130,gaussian (identity),9-11th grade,0.0406395883720394,0.00790810777135909,1.04315538019317e-06,0.0251396971401756,0.0561394796039032,7.83208792846259,1.1616860369963e-05,527,1247571.35375981
racethn_combn,Other Hispanic,1999-2020,21.2,WTMEC.COMBN,age+gender,educ_level,prevent_cvd_30yr_base,3196,8012696.56155144,130,gaussian (identity),Less than 9th grade,0.0287737036469039,0.00753659264535964,0.000211485670609198,0.014001982061999,0.0435454252318088,7.83208792846259,1.1616860369963e-05,727,1475794.65990083
racethn_combn,Other/Multi-Racial/NHAsian,1999-2020,21.2,WTMEC.COMBN,age+gender,educ_level,prevent_cvd_30yr_base,770,3999498.48914632,73,gaussian (identity),College graduate or above (Intercept),-0.182305897784749,0.0152164894504938,2.56671749080805e-18,-0.212130217107717,-0.152481578461781,15.5224335915299,4.91990312349195e-09,281,1545117.17483604
racethn_combn,Other/Multi-Racial/NHAsian,1999-2020,21.2,WTMEC.COMBN,age+gender,educ_level,prevent_cvd_30yr_base,770,3999498.48914632,73,gaussian (identity),Some college or AA degree,0.0637365658374833,0.01132108636215,3.85478615789961e-07,0.0415472365676693,0.0859258951072972,15.5224335915299,4.91990312349195e-09,176,946543.950211038
racethn_combn,Other/Multi-Racial/NHAsian,1999-2020,21.2,WTMEC.COMBN,age+gender,educ_level,prevent_cvd_30yr_base,770,3999498.48914632,73,gaussian (identity),HS graduate or GED,0.0392693165409,0.01059981807879,0.000430626692538871,0.0184936731064716,0.0600449599753283,15.5224335915299,4.91990312349195e-09,148,718989.486766981
racethn_combn,Other/Multi-Racial/NHAsian,1999-2020,21.2,WTMEC.COMBN,age+gender,educ_level,prevent_cvd_30yr_base,770,3999498.48914632,73,gaussian (identity),9-11th grade,0.0767671645983956,0.0176363171967984,4.70376035021335e-05,0.0421999828926707,0.111334346304121,15.5224335915299,4.91990312349195e-09,71,377841.371177642
racethn_combn,Other/Multi-Racial/NHAsian,1999-2020,21.2,WTMEC.COMBN,age+gender,educ_level,prevent_cvd_30yr_base,770,3999498.48914632,73,gaussian (identity),Less than 9th grade,0.00924234193875252,0.0117089611106082,0.432698292542105,-0.0137072218380396,0.0321919057155446,15.5224335915299,4.91990312349195e-09,94,411006.506154623
racethn_combn,NHAsian,1999-2020,21.2,WTMEC.COMBN,age+gender,educ_level,prevent_cvd_30yr_base,2015,3596946.21931577,67,gaussian (identity),College graduate or above (Intercept),-0.16602851073385,0.009789154902959,9.06183355768958e-25,-0.18521525434365,-0.146841767124051,6.07881171210912,0.000348890651196802,1064,1963343.99854123
racethn_combn,NHAsian,1999-2020,21.2,WTMEC.COMBN,age+gender,educ_level,prevent_cvd_30yr_base,2015,3596946.21931577,67,gaussian (identity),Some college or AA degree,0.0235753557033006,0.0061728131128742,0.000315885984889571,0.0114766420020672,0.0356740694045341,6.07881171210912,0.000348890651196802,339,603766.709147736
racethn_combn,NHAsian,1999-2020,21.2,WTMEC.COMBN,age+gender,educ_level,prevent_cvd_30yr_base,2015,3596946.21931577,67,gaussian (identity),HS graduate or GED,0.0245774991189128,0.00714118905144641,0.00104958103742494,0.0105807685780778,0.0385742296597477,6.07881171210912,0.000348890651196802,277,482942.487319566
racethn_combn,NHAsian,1999-2020,21.2,WTMEC.COMBN,age+gender,educ_level,prevent_cvd_30yr_base,2015,3596946.21931577,67,gaussian (identity),9-11th grade,0.024512004421249,0.00849077156621595,0.00537471790777797,0.00787009215146575,0.0411539166910323,6.07881171210912,0.000348890651196802,159,262690.944795811
racethn_combn,NHAsian,1999-2020,21.2,WTMEC.COMBN,age+gender,educ_level,prevent_cvd_30yr_base,2015,3596946.21931577,67,gaussian (identity),Less than 9th grade,0.0253487936641278,0.0079635312965199,0.00229391839460587,0.00974027232294881,0.0409573150053068,6.07881171210912,0.000348890651196802,176,284202.079511434
racethn_combn,Other/Multi-Racial,1999-2020,21.2,WTMEC.COMBN,age+gender,educ_level,prevent_cvd_30yr_base,566,2267044.86662802,62,gaussian (identity),College graduate or above (Intercept),-0.107722838376008,0.0221589128633444,9.81953345414692e-06,-0.151154307588163,-0.0642913691638526,3.11372636731586,0.0220225862863605,137,547771.771017453
racethn_combn,Other/Multi-Racial,1999-2020,21.2,WTMEC.COMBN,age+gender,educ_level,prevent_cvd_30yr_base,566,2267044.86662802,62,gaussian (identity),Some college or AA degree,0.0527601858993742,0.0162009705087104,0.00191706247624601,0.0210062837023019,0.0845140880964465,3.11372636731586,0.0220225862863605,247,1003429.58703774
racethn_combn,Other/Multi-Racial,1999-2020,21.2,WTMEC.COMBN,age+gender,educ_level,prevent_cvd_30yr_base,566,2267044.86662802,62,gaussian (identity),HS graduate or GED,0.0289467628845088,0.0171231284139019,0.0964906513041139,-0.00461456880673895,0.0625080945757566,3.11372636731586,0.0220225862863605,108,464337.700509095
racethn_combn,Other/Multi-Racial,1999-2020,21.2,WTMEC.COMBN,age+gender,educ_level,prevent_cvd_30yr_base,566,2267044.86662802,62,gaussian (identity),9-11th grade,0.0180836504778365,0.0193945403787891,0.355127766305048,-0.0199296486645901,0.056096949620263,3.11372636731586,0.0220225862863605,55,195579.412773679
racethn_combn,Other/Multi-Racial,1999-2020,21.2,WTMEC.COMBN,age+gender,educ_level,prevent_cvd_30yr_base,566,2267044.86662802,62,gaussian (identity),Less than 9th grade,0.0322042392343665,0.0253102774411701,0.208496770774346,-0.0174039045503269,0.0818123830190599,3.11372636731586,0.0220225862863605,19,55926.3952900566
racethn_combn,NHW,1999-2020,21.2,WTMEC.COMBN,age+gender,educ_level,prevent_cvd_30yr_hba1c,15784,104176158.59452,162,gaussian (identity),College graduate or above (Intercept),-0.118851239788299,0.00305273801369779,3.03368402949734e-82,-0.124834606295147,-0.112867873281452,208.714015247755,1.58178822797045e-61,4558,35373143.7557502
racethn_combn,NHW,1999-2020,21.2,WTMEC.COMBN,age+gender,educ_level,prevent_cvd_30yr_hba1c,15784,104176158.59452,162,gaussian (identity),Some college or AA degree,0.0331980458001751,0.0018263681325552,2.31817611660778e-40,0.0296183642603669,0.0367777273399833,208.714015247755,1.58178822797045e-61,4887,32324782.1512812
racethn_combn,NHW,1999-2020,21.2,WTMEC.COMBN,age+gender,educ_level,prevent_cvd_30yr_hba1c,15784,104176158.59452,162,gaussian (identity),HS graduate or GED,0.0440748610575619,0.00223958568950946,4.05277827461153e-44,0.0396852731061233,0.0484644490090004,208.714015247755,1.58178822797045e-61,4011,25372307.0813698
racethn_combn,NHW,1999-2020,21.2,WTMEC.COMBN,age+gender,educ_level,prevent_cvd_30yr_hba1c,15784,104176158.59452,162,gaussian (identity),9-11th grade,0.056662740674571,0.00275021950811549,2.28966252165974e-46,0.0512723104386647,0.0620531709104774,208.714015247755,1.58178822797045e-61,1704,8619151.24291126
racethn_combn,NHW,1999-2020,21.2,WTMEC.COMBN,age+gender,educ_level,prevent_cvd_30yr_hba1c,15784,104176158.59452,162,gaussian (identity),Less than 9th grade,0.0507139470268019,0.00506026902919844,1.46842458968572e-18,0.0407958197295729,0.0606320743240308,208.714015247755,1.58178822797045e-61,624,2486774.36320768
racethn_combn,NHB,1999-2020,21.2,WTMEC.COMBN,age+gender,educ_level,prevent_cvd_30yr_hba1c,7679,14942314.6947738,148,gaussian (identity),College graduate or above (Intercept),-0.120549440569007,0.00592299748545916,6.12511644151457e-44,-0.132158515640507,-0.108940365497507,26.6241844859711,1.74590495105898e-16,1377,2857234.59615994
racethn_combn,NHB,1999-2020,21.2,WTMEC.COMBN,age+gender,educ_level,prevent_cvd_30yr_hba1c,7679,14942314.6947738,148,gaussian (identity),Some college or AA degree,0.0228512237557778,0.00412045866853845,1.38536160720342e-07,0.0147751247654425,0.0309273227461132,26.6241844859711,1.74590495105898e-16,2443,4862212.46879938
racethn_combn,NHB,1999-2020,21.2,WTMEC.COMBN,age+gender,educ_level,prevent_cvd_30yr_hba1c,7679,14942314.6947738,148,gaussian (identity),HS graduate or GED,0.030275513832578,0.00423020122820863,4.05232363569438e-11,0.0219843194252891,0.0385667082398669,26.6241844859711,1.74590495105898e-16,1978,3845566.58020862
racethn_combn,NHB,1999-2020,21.2,WTMEC.COMBN,age+gender,educ_level,prevent_cvd_30yr_hba1c,7679,14942314.6947738,148,gaussian (identity),9-11th grade,0.0396469212207692,0.00441337045832039,1.46054526280872e-15,0.0309967151224612,0.0482971273190772,26.6241844859711,1.74590495105898e-16,1491,2781296.85708928
racethn_combn,NHB,1999-2020,21.2,WTMEC.COMBN,age+gender,educ_level,prevent_cvd_30yr_hba1c,7679,14942314.6947738,148,gaussian (identity),Less than 9th grade,0.00481388445240196,0.00707995152530824,0.497654594215169,-0.00906282053720219,0.0186905894420061,26.6241844859711,1.74590495105898e-16,390,596004.192516547
racethn_combn,Mexican-American,1999-2020,21.2,WTMEC.COMBN,age+gender,educ_level,prevent_cvd_30yr_hba1c,6226,10673622.2903296,134,gaussian (identity),College graduate or above (Intercept),-0.172381706389695,0.00780331701917813,1.67982191698072e-45,-0.187676207747285,-0.157087205032106,8.03445974534466,8.22409644511431e-06,475,1044787.38624562
racethn_combn,Mexican-American,1999-2020,21.2,WTMEC.COMBN,age+gender,educ_level,prevent_cvd_30yr_hba1c,6226,10673622.2903296,134,gaussian (identity),Some college or AA degree,0.022962970412002,0.00621327749822255,0.000323712082501822,0.0107849465154858,0.0351409943085182,8.03445974534466,8.22409644511431e-06,1083,2053298.29402623
racethn_combn,Mexican-American,1999-2020,21.2,WTMEC.COMBN,age+gender,educ_level,prevent_cvd_30yr_hba1c,6226,10673622.2903296,134,gaussian (identity),HS graduate or GED,0.0268113651054561,0.00586823511055092,1.13878121554712e-05,0.0153096242887763,0.0383131059221359,8.03445974534466,8.22409644511431e-06,1059,2138861.28488057
racethn_combn,Mexican-American,1999-2020,21.2,WTMEC.COMBN,age+gender,educ_level,prevent_cvd_30yr_hba1c,6226,10673622.2903296,134,gaussian (identity),9-11th grade,0.0311262104813966,0.00591746358274027,5.87414281935094e-07,0.0195279818592256,0.0427244391035675,8.03445974534466,8.22409644511431e-06,1158,2123492.97229645
racethn_combn,Mexican-American,1999-2020,21.2,WTMEC.COMBN,age+gender,educ_level,prevent_cvd_30yr_hba1c,6226,10673622.2903296,134,gaussian (identity),Less than 9th grade,0.0290854230711451,0.00571531404667811,1.25243271363982e-06,0.017883407539656,0.0402874386026342,8.03445974534466,8.22409644511431e-06,2451,3313182.3528807
racethn_combn,Other Hispanic,1999-2020,21.2,WTMEC.COMBN,age+gender,educ_level,prevent_cvd_30yr_hba1c,3190,7993562.1452336,130,gaussian (identity),College graduate or above (Intercept),-0.163115265580916,0.0079101442080158,6.86227087070418e-42,-0.178619148228627,-0.147611382933205,9.34060582839283,1.24355439716559e-06,515,1382739.9268943
racethn_combn,Other Hispanic,1999-2020,21.2,WTMEC.COMBN,age+gender,educ_level,prevent_cvd_30yr_hba1c,3190,7993562.1452336,130,gaussian (identity),Some college or AA degree,0.0197677415482294,0.00644253414017317,0.00264424250376163,0.00714037463348999,0.0323951084629688,9.34060582839283,1.24355439716559e-06,810,2171171.53525526
racethn_combn,Other Hispanic,1999-2020,21.2,WTMEC.COMBN,age+gender,educ_level,prevent_cvd_30yr_hba1c,3190,7993562.1452336,130,gaussian (identity),HS graduate or GED,0.0241621114304858,0.00551412722801861,2.4788177976787e-05,0.0133544220635694,0.0349698007974023,9.34060582839283,1.24355439716559e-06,612,1717116.42404726
racethn_combn,Other Hispanic,1999-2020,21.2,WTMEC.COMBN,age+gender,educ_level,prevent_cvd_30yr_hba1c,3190,7993562.1452336,130,gaussian (identity),9-11th grade,0.0425750153884453,0.0077686322386297,2.26958131734188e-07,0.0273484962007311,0.0578015345761595,9.34060582839283,1.24355439716559e-06,527,1247571.35375981
racethn_combn,Other Hispanic,1999-2020,21.2,WTMEC.COMBN,age+gender,educ_level,prevent_cvd_30yr_hba1c,3190,7993562.1452336,130,gaussian (identity),Less than 9th grade,0.0300072091873564,0.00697469191811646,3.39392224533861e-05,0.0163368130278482,0.0436776053468647,9.34060582839283,1.24355439716559e-06,726,1474962.90527696
racethn_combn,Other/Multi-Racial/NHAsian,1999-2020,21.2,WTMEC.COMBN,age+gender,educ_level,prevent_cvd_30yr_hba1c,767,3984612.08941962,73,gaussian (identity),College graduate or above (Intercept),-0.17836107599643,0.0141551557155649,2.43636822232447e-19,-0.206105181198937,-0.150616970793923,16.6324766152165,1.6382410151293e-09,280,1538417.47386425
racethn_combn,Other/Multi-Racial/NHAsian,1999-2020,21.2,WTMEC.COMBN,age+gender,educ_level,prevent_cvd_30yr_hba1c,767,3984612.08941962,73,gaussian (identity),Some college or AA degree,0.060938724197847,0.0104232162561651,1.63705153934587e-07,0.0405092203357634,0.0813682280599307,16.6324766152165,1.6382410151293e-09,176,946543.950211038
racethn_combn,Other/Multi-Racial/NHAsian,1999-2020,21.2,WTMEC.COMBN,age+gender,educ_level,prevent_cvd_30yr_hba1c,767,3984612.08941962,73,gaussian (identity),HS graduate or GED,0.0371760903761559,0.00970034040293168,0.00028249721149659,0.0181634231864098,0.056188757565902,16.6324766152165,1.6382410151293e-09,147,716494.702775095
racethn_combn,Other/Multi-Racial/NHAsian,1999-2020,21.2,WTMEC.COMBN,age+gender,educ_level,prevent_cvd_30yr_hba1c,767,3984612.08941962,73,gaussian (identity),9-11th grade,0.0706252988042894,0.0158699321551256,3.32084037306073e-05,0.0395202317802432,0.101730365828335,16.6324766152165,1.6382410151293e-09,71,377841.371177642
racethn_combn,Other/Multi-Racial/NHAsian,1999-2020,21.2,WTMEC.COMBN,age+gender,educ_level,prevent_cvd_30yr_hba1c,767,3984612.08941962,73,gaussian (identity),Less than 9th grade,0.0131800032457266,0.0119532836349308,0.274134481226759,-0.0102484326787377,0.0366084391701909,16.6324766152165,1.6382410151293e-09,93,405314.591391604
racethn_combn,NHAsian,1999-2020,21.2,WTMEC.COMBN,age+gender,educ_level,prevent_cvd_30yr_hba1c,2014,3595767.22942209,67,gaussian (identity),College graduate or above (Intercept),-0.162016383696502,0.00903491101058145,5.29579477684864e-26,-0.179724809277242,-0.144307958115763,7.04827700459078,9.87252503043955e-05,1064,1963343.99854123
racethn_combn,NHAsian,1999-2020,21.2,WTMEC.COMBN,age+gender,educ_level,prevent_cvd_30yr_hba1c,2014,3595767.22942209,67,gaussian (identity),Some college or AA degree,0.0235477938279957,0.0057775623761906,0.000134767805132933,0.0122237715706621,0.0348718160853293,7.04827700459078,9.87252503043955e-05,339,603766.709147736
racethn_combn,NHAsian,1999-2020,21.2,WTMEC.COMBN,age+gender,educ_level,prevent_cvd_30yr_hba1c,2014,3595767.22942209,67,gaussian (identity),HS graduate or GED,0.0238579311267914,0.00661354535048291,0.000624621536667788,0.0108953822398449,0.0368204800137379,7.04827700459078,9.87252503043955e-05,277,482942.487319566
racethn_combn,NHAsian,1999-2020,21.2,WTMEC.COMBN,age+gender,educ_level,prevent_cvd_30yr_hba1c,2014,3595767.22942209,67,gaussian (identity),9-11th grade,0.0254353361140559,0.00852280015340689,0.00408342082966866,0.0087306478133784,0.0421400244147334,7.04827700459078,9.87252503043955e-05,159,262690.944795811
racethn_combn,NHAsian,1999-2020,21.2,WTMEC.COMBN,age+gender,educ_level,prevent_cvd_30yr_hba1c,2014,3595767.22942209,67,gaussian (identity),Less than 9th grade,0.02856078116779,0.00790194243920025,0.000610971721487743,0.0130729739869575,0.0440485883486224,7.04827700459078,9.87252503043955e-05,175,283023.089617755
racethn_combn,Other/Multi-Racial,1999-2020,21.2,WTMEC.COMBN,age+gender,educ_level,prevent_cvd_30yr_hba1c,566,2267044.86662802,62,gaussian (identity),College graduate or above (Intercept),-0.108483394968609,0.0216274908377267,5.65624913777931e-06,-0.150873277010553,-0.0660935129266645,3.43716569769157,0.0139463236379649,137,547771.771017453
racethn_combn,Other/Multi-Racial,1999-2020,21.2,WTMEC.COMBN,age+gender,educ_level,prevent_cvd_30yr_hba1c,566,2267044.86662802,62,gaussian (identity),Some college or AA degree,0.0553690732483347,0.0156712921820991,0.000830967651244722,0.0246533405714204,0.086084805925249,3.43716569769157,0.0139463236379649,247,1003429.58703774
racethn_combn,Other/Multi-Racial,1999-2020,21.2,WTMEC.COMBN,age+gender,educ_level,prevent_cvd_30yr_hba1c,566,2267044.86662802,62,gaussian (identity),HS graduate or GED,0.0283142921472969,0.0159534642422758,0.0813652551402016,-0.00295449776756358,0.0595830820621574,3.43716569769157,0.0139463236379649,108,464337.700509095
racethn_combn,Other/Multi-Racial,1999-2020,21.2,WTMEC.COMBN,age+gender,educ_level,prevent_cvd_30yr_hba1c,566,2267044.86662802,62,gaussian (identity),9-11th grade,0.0221924878275566,0.0187416032843674,0.241363523663226,-0.0145410546098036,0.0589260302649168,3.43716569769157,0.0139463236379649,55,195579.412773679
racethn_combn,Other/Multi-Racial,1999-2020,21.2,WTMEC.COMBN,age+gender,educ_level,prevent_cvd_30yr_hba1c,566,2267044.86662802,62,gaussian (identity),Less than 9th grade,0.0350883763506491,0.0284994323072455,0.223395471988835,-0.0207705109715522,0.0909472636728503,3.43716569769157,0.0139463236379649,19,55926.3952900566
racethn_combn,NHW,1999-2020,21.2,WTMEC.COMBN,age+gender,educ_level,prevent_cvd_30yr_uacr,15666,103633087.161141,162,gaussian (identity),College graduate or above (Intercept),-0.143177301911958,0.00280446630228841,2.88405772421018e-99,-0.148674055864444,-0.137680547959473,208.726903903062,1.57539700722736e-61,4538,35270686.8676338
racethn_combn,NHW,1999-2020,21.2,WTMEC.COMBN,age+gender,educ_level,prevent_cvd_30yr_uacr,15666,103633087.161141,162,gaussian (identity),Some college or AA degree,0.0330589850653935,0.00185328853640539,1.69461866007521e-39,0.029426539534039,0.0366914305967481,208.726903903062,1.57539700722736e-61,4862,32218277.9064017
racethn_combn,NHW,1999-2020,21.2,WTMEC.COMBN,age+gender,educ_level,prevent_cvd_30yr_uacr,15666,103633087.161141,162,gaussian (identity),HS graduate or GED,0.0429250094614081,0.00228959892009494,8.39842307679841e-42,0.038437395578022,0.0474126233447942,208.726903903062,1.57539700722736e-61,3979,25189222.4803264
racethn_combn,NHW,1999-2020,21.2,WTMEC.COMBN,age+gender,educ_level,prevent_cvd_30yr_uacr,15666,103633087.161141,162,gaussian (identity),9-11th grade,0.0575323279824056,0.00279886848651419,2.97940032943142e-46,0.0520465457488378,0.0630181102159734,208.726903903062,1.57539700722736e-61,1680,8517269.11144411
racethn_combn,NHW,1999-2020,21.2,WTMEC.COMBN,age+gender,educ_level,prevent_cvd_30yr_uacr,15666,103633087.161141,162,gaussian (identity),Less than 9th grade,0.0549146793722972,0.00538861638971801,5.18382759368866e-19,0.0443529912484499,0.0654763674961445,208.726903903062,1.57539700722736e-61,607,2437630.79533487
racethn_combn,NHB,1999-2020,21.2,WTMEC.COMBN,age+gender,educ_level,prevent_cvd_30yr_uacr,7604,14820298.4228478,148,gaussian (identity),College graduate or above (Intercept),-0.150071878911364,0.0056351041362352,4.39285938700332e-57,-0.161116683018385,-0.139027074804343,27.0335590841819,1.10446452401034e-16,1369,2846346.46289445
racethn_combn,NHB,1999-2020,21.2,WTMEC.COMBN,age+gender,educ_level,prevent_cvd_30yr_uacr,7604,14820298.4228478,148,gaussian (identity),Some college or AA degree,0.0234977669924066,0.00415753629964719,8.39534887428563e-08,0.0153489958450981,0.0316465381397151,27.0335590841819,1.10446452401034e-16,2427,4834188.15826066
racethn_combn,NHB,1999-2020,21.2,WTMEC.COMBN,age+gender,educ_level,prevent_cvd_30yr_uacr,7604,14820298.4228478,148,gaussian (identity),HS graduate or GED,0.0309988860575679,0.00410714394821626,4.8824097739668e-12,0.022948883919064,0.0390488881960717,27.0335590841819,1.10446452401034e-16,1956,3806084.83208436
racethn_combn,NHB,1999-2020,21.2,WTMEC.COMBN,age+gender,educ_level,prevent_cvd_30yr_uacr,7604,14820298.4228478,148,gaussian (identity),9-11th grade,0.0414276339461104,0.00444531453080636,2.06457398416853e-16,0.03271481746573,0.0501404504264909,27.0335590841819,1.10446452401034e-16,1473,2752983.78008408
racethn_combn,NHB,1999-2020,21.2,WTMEC.COMBN,age+gender,educ_level,prevent_cvd_30yr_uacr,7604,14820298.4228478,148,gaussian (identity),Less than 9th grade,0.00953778460327358,0.00722131083653763,0.188698339104907,-0.00461598463634017,0.0236915538428873,27.0335590841819,1.10446452401034e-16,379,580695.189524283
racethn_combn,Mexican-American,1999-2020,21.2,WTMEC.COMBN,age+gender,educ_level,prevent_cvd_30yr_uacr,6201,10644054.003821,134,gaussian (identity),College graduate or above (Intercept),-0.190139447942916,0.00774514551134513,2.96193060986784e-50,-0.205319933145153,-0.17495896274068,6.36377542976485,0.000105609001668631,472,1037188.72230062
racethn_combn,Mexican-American,1999-2020,21.2,WTMEC.COMBN,age+gender,educ_level,prevent_cvd_30yr_uacr,6201,10644054.003821,134,gaussian (identity),Some college or AA degree,0.0213608652864787,0.00621156900883628,0.000788831358435943,0.00918619002915961,0.0335355405437978,6.36377542976485,0.000105609001668631,1079,2050650.97970472
racethn_combn,Mexican-American,1999-2020,21.2,WTMEC.COMBN,age+gender,educ_level,prevent_cvd_30yr_uacr,6201,10644054.003821,134,gaussian (identity),HS graduate or GED,0.0247502184617539,0.00599469801609055,6.53497298295974e-05,0.0130006103502164,0.0364998265732914,6.36377542976485,0.000105609001668631,1056,2137539.8981784
racethn_combn,Mexican-American,1999-2020,21.2,WTMEC.COMBN,age+gender,educ_level,prevent_cvd_30yr_uacr,6201,10644054.003821,134,gaussian (identity),9-11th grade,0.0298296439911461,0.00622501425378736,4.50080270721405e-06,0.0176286160537229,0.0420306719285694,6.36377542976485,0.000105609001668631,1152,2118418.00959862
racethn_combn,Mexican-American,1999-2020,21.2,WTMEC.COMBN,age+gender,educ_level,prevent_cvd_30yr_uacr,6201,10644054.003821,134,gaussian (identity),Less than 9th grade,0.0268028037024755,0.00607634692221042,2.15970085340606e-05,0.0148931637349431,0.0387124436700079,6.36377542976485,0.000105609001668631,2442,3300256.39403862
racethn_combn,Other Hispanic,1999-2020,21.2,WTMEC.COMBN,age+gender,educ_level,prevent_cvd_30yr_uacr,3181,7982911.61806779,130,gaussian (identity),College graduate or above (Intercept),-0.184204937040001,0.00752896181337174,2.72407482347394e-49,-0.198961702194209,-0.169448171885792,10.4188715193957,2.61900919180208e-07,512,1372495.06313811
racethn_combn,Other Hispanic,1999-2020,21.2,WTMEC.COMBN,age+gender,educ_level,prevent_cvd_30yr_uacr,3181,7982911.61806779,130,gaussian (identity),Some college or AA degree,0.0186430353947623,0.0061339774941811,0.00289282635636309,0.00662043950616731,0.0306656312833572,10.4188715193957,2.61900919180208e-07,813,2184047.76933772
racethn_combn,Other Hispanic,1999-2020,21.2,WTMEC.COMBN,age+gender,educ_level,prevent_cvd_30yr_uacr,3181,7982911.61806779,130,gaussian (identity),HS graduate or GED,0.0239531169975071,0.00538379925031455,1.89507940971967e-05,0.0134008704668906,0.0345053635281237,10.4188715193957,2.61900919180208e-07,609,1714335.72680651
racethn_combn,Other Hispanic,1999-2020,21.2,WTMEC.COMBN,age+gender,educ_level,prevent_cvd_30yr_uacr,3181,7982911.61806779,130,gaussian (identity),9-11th grade,0.0427696597292591,0.00748568006021252,7.76396165201129e-08,0.0280977268112426,0.0574415926472757,10.4188715193957,2.61900919180208e-07,526,1246124.24900887
racethn_combn,Other Hispanic,1999-2020,21.2,WTMEC.COMBN,age+gender,educ_level,prevent_cvd_30yr_uacr,3181,7982911.61806779,130,gaussian (identity),Less than 9th grade,0.0342881809527098,0.00725466359507553,6.0955143822301e-06,0.0200690403063617,0.0485073215990578,10.4188715193957,2.61900919180208e-07,721,1465908.80977659
racethn_combn,Other/Multi-Racial/NHAsian,1999-2020,21.2,WTMEC.COMBN,age+gender,educ_level,prevent_cvd_30yr_uacr,763,3963377.38203123,72,gaussian (identity),College graduate or above (Intercept),-0.200656670088804,0.0124597537002526,1.49783477930451e-24,-0.225077787341299,-0.176235552836309,14.5499832130384,1.43045417306371e-08,280,1536472.57271019
racethn_combn,Other/Multi-Racial/NHAsian,1999-2020,21.2,WTMEC.COMBN,age+gender,educ_level,prevent_cvd_30yr_uacr,763,3963377.38203123,72,gaussian (identity),Some college or AA degree,0.0630020314640212,0.0116537742197389,9.54006455289927e-07,0.0401606339933329,0.0858434289347096,14.5499832130384,1.43045417306371e-08,175,944597.864880943
racethn_combn,Other/Multi-Racial/NHAsian,1999-2020,21.2,WTMEC.COMBN,age+gender,educ_level,prevent_cvd_30yr_uacr,763,3963377.38203123,72,gaussian (identity),HS graduate or GED,0.036782614163221,0.0102568783110615,0.000637805041489916,0.0166791326735405,0.0568860956529015,14.5499832130384,1.43045417306371e-08,146,712202.623096698
racethn_combn,Other/Multi-Racial/NHAsian,1999-2020,21.2,WTMEC.COMBN,age+gender,educ_level,prevent_cvd_30yr_uacr,763,3963377.38203123,72,gaussian (identity),9-11th grade,0.083957436432413,0.0167363705597707,4.21944956646984e-06,0.0511541501352624,0.116760722729564,14.5499832130384,1.43045417306371e-08,68,359097.815188774
racethn_combn,Other/Multi-Racial/NHAsian,1999-2020,21.2,WTMEC.COMBN,age+gender,educ_level,prevent_cvd_30yr_uacr,763,3963377.38203123,72,gaussian (identity),Less than 9th grade,0.0168782402431745,0.0120181343663979,0.164889129127285,-0.00667730311496546,0.0404337836013144,14.5499832130384,1.43045417306371e-08,94,411006.506154623
racethn_combn,NHAsian,1999-2020,21.2,WTMEC.COMBN,age+gender,educ_level,prevent_cvd_30yr_uacr,2006,3581571.55437185,67,gaussian (identity),College graduate or above (Intercept),-0.180867889976858,0.00894227900962619,9.71605331068896e-29,-0.198394756835726,-0.163341023117991,8.33306822773376,1.97907183259357e-05,1058,1951577.37017164
racethn_combn,NHAsian,1999-2020,21.2,WTMEC.COMBN,age+gender,educ_level,prevent_cvd_30yr_uacr,2006,3581571.55437185,67,gaussian (identity),Some college or AA degree,0.0260663330572058,0.00602370733916033,5.69853943684907e-05,0.0142598666724516,0.0378727994419601,8.33306822773376,1.97907183259357e-05,339,603766.709147736
racethn_combn,NHAsian,1999-2020,21.2,WTMEC.COMBN,age+gender,educ_level,prevent_cvd_30yr_uacr,2006,3581571.55437185,67,gaussian (identity),HS graduate or GED,0.0239774781750323,0.00659699636034044,0.000572968087493046,0.011047365308765,0.0369075910412995,8.33306822773376,1.97907183259357e-05,277,482942.487319566
racethn_combn,NHAsian,1999-2020,21.2,WTMEC.COMBN,age+gender,educ_level,prevent_cvd_30yr_uacr,2006,3581571.55437185,67,gaussian (identity),9-11th grade,0.0297285445076948,0.00880844914064747,0.00128819130920725,0.0124639841920257,0.0469931048233638,8.33306822773376,1.97907183259357e-05,158,262173.270934868
racethn_combn,NHAsian,1999-2020,21.2,WTMEC.COMBN,age+gender,educ_level,prevent_cvd_30yr_uacr,2006,3581571.55437185,67,gaussian (identity),Less than 9th grade,0.027116071014736,0.00827382669662091,0.00173211627400971,0.010899370689359,0.043332771340113,8.33306822773376,1.97907183259357e-05,174,281111.716798038
racethn_combn,Other/Multi-Racial,1999-2020,21.2,WTMEC.COMBN,age+gender,educ_level,prevent_cvd_30yr_uacr,561,2256500.2817107,62,gaussian (identity),College graduate or above (Intercept),-0.129661142938385,0.0226273165470229,4.1571190127157e-07,-0.17401068337055,-0.0853116025062201,3.4572082021697,0.0135583427153404,135,545065.233636321
racethn_combn,Other/Multi-Racial,1999-2020,21.2,WTMEC.COMBN,age+gender,educ_level,prevent_cvd_30yr_uacr,561,2256500.2817107,62,gaussian (identity),Some college or AA degree,0.0521694960112192,0.0165052674739591,0.00253890889264685,0.0198191717622594,0.0845198202601789,3.4572082021697,0.0135583427153404,244,995591.539501547
racethn_combn,Other/Multi-Racial,1999-2020,21.2,WTMEC.COMBN,age+gender,educ_level,prevent_cvd_30yr_uacr,561,2256500.2817107,62,gaussian (identity),HS graduate or GED,0.02771185487042,0.0184367293511067,0.138437567190969,-0.00842413465774911,0.063847844398589,3.4572082021697,0.0135583427153404,108,464337.700509095
racethn_combn,Other/Multi-Racial,1999-2020,21.2,WTMEC.COMBN,age+gender,educ_level,prevent_cvd_30yr_uacr,561,2256500.2817107,62,gaussian (identity),9-11th grade,0.0116789438579745,0.0185839413543542,0.532268814119986,-0.0247455811965598,0.0481034689125087,3.4572082021697,0.0135583427153404,55,195579.412773679
racethn_combn,Other/Multi-Racial,1999-2020,21.2,WTMEC.COMBN,age+gender,educ_level,prevent_cvd_30yr_uacr,561,2256500.2817107,62,gaussian (identity),Less than 9th grade,0.0297181013915602,0.0260828688386306,0.259398136455611,-0.0214043215321558,0.0808405243152763,3.4572082021697,0.0135583427153404,19,55926.3952900566
racethn_combn,NHW,1999-2020,21.2,WTMEC.COMBN,age+gender,educ_level,prevent_cvd_30yr_full,15651,103534855.547241,162,gaussian (identity),College graduate or above (Intercept),-0.126208539868002,0.00266855184043537,2.1292135644996e-94,-0.131438901475255,-0.120978178260748,205.914053464701,3.83097745942439e-61,4534,35238905.5790074
racethn_combn,NHW,1999-2020,21.2,WTMEC.COMBN,age+gender,educ_level,prevent_cvd_30yr_full,15651,103534855.547241,162,gaussian (identity),Some college or AA degree,0.030584282976638,0.00171880068443136,2.196448576164e-39,0.0272154336351525,0.0339531323181235,205.914053464701,3.83097745942439e-61,4856,32186029.0199493
racethn_combn,NHW,1999-2020,21.2,WTMEC.COMBN,age+gender,educ_level,prevent_cvd_30yr_full,15651,103534855.547241,162,gaussian (identity),HS graduate or GED,0.0396087056261514,0.00210817258525977,6.65256611173692e-42,0.0354766873590422,0.0437407238932605,205.914053464701,3.83097745942439e-61,3975,25158360.8638093
racethn_combn,NHW,1999-2020,21.2,WTMEC.COMBN,age+gender,educ_level,prevent_cvd_30yr_full,15651,103534855.547241,162,gaussian (identity),9-11th grade,0.0529320883495293,0.00261795214835532,1.94782994167245e-45,0.0478009021387529,0.0580632745603058,205.914053464701,3.83097745942439e-61,1680,8517269.11144411
racethn_combn,NHW,1999-2020,21.2,WTMEC.COMBN,age+gender,educ_level,prevent_cvd_30yr_full,15651,103534855.547241,162,gaussian (identity),Less than 9th grade,0.0489746754794667,0.0049183549722517,2.18296633252865e-18,0.0393346997338533,0.05861465122508,205.914053464701,3.83097745942439e-61,606,2434290.97303062
racethn_combn,NHB,1999-2020,21.2,WTMEC.COMBN,age+gender,educ_level,prevent_cvd_30yr_full,7581,14775977.4075239,148,gaussian (identity),College graduate or above (Intercept),-0.130896514623197,0.00550939012498927,2.5081388503264e-51,-0.141694919268176,-0.120098109978218,23.1745648416451,9.3177057029324e-15,1364,2836301.78391662
racethn_combn,NHB,1999-2020,21.2,WTMEC.COMBN,age+gender,educ_level,prevent_cvd_30yr_full,7581,14775977.4075239,148,gaussian (identity),Some college or AA degree,0.021646361974433,0.00399111774574989,2.44968672352675e-07,0.0138237711927632,0.0294689527561028,23.1745648416451,9.3177057029324e-15,2418,4817118.91992023
racethn_combn,NHB,1999-2020,21.2,WTMEC.COMBN,age+gender,educ_level,prevent_cvd_30yr_full,7581,14775977.4075239,148,gaussian (identity),HS graduate or GED,0.0274871960895462,0.00394317519217241,1.09234017422756e-10,0.0197585727128883,0.0352158194662042,23.1745648416451,9.3177057029324e-15,1951,3794840.81095449
racethn_combn,NHB,1999-2020,21.2,WTMEC.COMBN,age+gender,educ_level,prevent_cvd_30yr_full,7581,14775977.4075239,148,gaussian (identity),9-11th grade,0.0371980886781247,0.00433516279759814,1.48744661857609e-14,0.0287011695948324,0.0456950077614171,23.1745648416451,9.3177057029324e-15,1470,2747959.472842
racethn_combn,NHB,1999-2020,21.2,WTMEC.COMBN,age+gender,educ_level,prevent_cvd_30yr_full,7581,14775977.4075239,148,gaussian (identity),Less than 9th grade,0.00673697454422335,0.00694850074688797,0.333915390866519,-0.00688208691967706,0.0203560360081238,23.1745648416451,9.3177057029324e-15,378,579756.419890604
racethn_combn,Mexican-American,1999-2020,21.2,WTMEC.COMBN,age+gender,educ_level,prevent_cvd_30yr_full,6196,10633473.9889415,134,gaussian (identity),College graduate or above (Intercept),-0.174646653916948,0.00753446777462643,1.20638829555365e-47,-0.189414210755216,-0.15987909707868,7.16688751086277,3.06871222072082e-05,472,1037188.72230062
racethn_combn,Mexican-American,1999-2020,21.2,WTMEC.COMBN,age+gender,educ_level,prevent_cvd_30yr_full,6196,10633473.9889415,134,gaussian (identity),Some college or AA degree,0.021505330731342,0.00602032028834207,0.000499815332364453,0.00970550296619155,0.0333051584964925,7.16688751086277,3.06871222072082e-05,1077,2044957.56215585
racethn_combn,Mexican-American,1999-2020,21.2,WTMEC.COMBN,age+gender,educ_level,prevent_cvd_30yr_full,6196,10633473.9889415,134,gaussian (identity),HS graduate or GED,0.0245067188715486,0.00573401929696573,3.71980483455189e-05,0.0132680410494958,0.0357453966936014,7.16688751086277,3.06871222072082e-05,1055,2133808.38454557
racethn_combn,Mexican-American,1999-2020,21.2,WTMEC.COMBN,age+gender,educ_level,prevent_cvd_30yr_full,6196,10633473.9889415,134,gaussian (identity),9-11th grade,0.0286547888020171,0.00580219434483225,2.40737130073463e-06,0.0172824878861459,0.0400270897178883,7.16688751086277,3.06871222072082e-05,1151,2118064.73721391
racethn_combn,Mexican-American,1999-2020,21.2,WTMEC.COMBN,age+gender,educ_level,prevent_cvd_30yr_full,6196,10633473.9889415,134,gaussian (identity),Less than 9th grade,0.0277652824506483,0.00564899098891931,2.66352810733861e-06,0.0166932601123664,0.0388373047889301,7.16688751086277,3.06871222072082e-05,2441,3299454.58272551
racethn_combn,Other Hispanic,1999-2020,21.2,WTMEC.COMBN,age+gender,educ_level,prevent_cvd_30yr_full,3175,7963777.20174996,130,gaussian (identity),College graduate or above (Intercept),-0.16843791957662,0.0073701787668369,2.78508752911275e-46,-0.182883469959621,-0.15399236919362,11.3680865386607,6.82980287733638e-08,512,1372495.06313811
racethn_combn,Other Hispanic,1999-2020,21.2,WTMEC.COMBN,age+gender,educ_level,prevent_cvd_30yr_full,3175,7963777.20174996,130,gaussian (identity),Some college or AA degree,0.0192799136272474,0.00600190698765904,0.00167784444121154,0.00751617593143567,0.0310436513230591,11.3680865386607,6.82980287733638e-08,809,2168728.43232517
racethn_combn,Other Hispanic,1999-2020,21.2,WTMEC.COMBN,age+gender,educ_level,prevent_cvd_30yr_full,3175,7963777.20174996,130,gaussian (identity),HS graduate or GED,0.0237084299451855,0.00514956928770053,1.0111312712643e-05,0.0136152741412925,0.0338015857490785,11.3680865386607,6.82980287733638e-08,608,1711352.40212509
racethn_combn,Other Hispanic,1999-2020,21.2,WTMEC.COMBN,age+gender,educ_level,prevent_cvd_30yr_full,3175,7963777.20174996,130,gaussian (identity),9-11th grade,0.0428687310485683,0.00729567484651113,3.62723186242794e-08,0.0285692083494065,0.0571682537477301,11.3680865386607,6.82980287733638e-08,526,1246124.24900887
racethn_combn,Other Hispanic,1999-2020,21.2,WTMEC.COMBN,age+gender,educ_level,prevent_cvd_30yr_full,3175,7963777.20174996,130,gaussian (identity),Less than 9th grade,0.0333959285416645,0.00670236514813959,2.0570532978772e-06,0.0202592928513109,0.0465325642320181,11.3680865386607,6.82980287733638e-08,720,1465077.05515272
racethn_combn,Other/Multi-Racial/NHAsian,1999-2020,21.2,WTMEC.COMBN,age+gender,educ_level,prevent_cvd_30yr_full,760,3948490.98230453,72,gaussian (identity),College graduate or above (Intercept),-0.18487343139261,0.0115702054135666,2.26615878632391e-24,-0.2075510340032,-0.162195828782019,15.6864493886941,4.53232995634195e-09,279,1529772.8717384
racethn_combn,Other/Multi-Racial/NHAsian,1999-2020,21.2,WTMEC.COMBN,age+gender,educ_level,prevent_cvd_30yr_full,760,3948490.98230453,72,gaussian (identity),Some college or AA degree,0.0596678841993575,0.010787393629193,5.8721105245821e-07,0.0385245926861393,0.0808111757125757,15.6864493886941,4.53232995634195e-09,175,944597.864880943
racethn_combn,Other/Multi-Racial/NHAsian,1999-2020,21.2,WTMEC.COMBN,age+gender,educ_level,prevent_cvd_30yr_full,760,3948490.98230453,72,gaussian (identity),HS graduate or GED,0.0337221234809899,0.00922980232407132,0.000513265529245143,0.0156317109258102,0.0518125360361697,15.6864493886941,4.53232995634195e-09,145,709707.839104811
racethn_combn,Other/Multi-Racial/NHAsian,1999-2020,21.2,WTMEC.COMBN,age+gender,educ_level,prevent_cvd_30yr_full,760,3948490.98230453,72,gaussian (identity),9-11th grade,0.0761406409292104,0.0148265223191284,2.69134102141426e-06,0.0470806571837188,0.105200624674702,15.6864493886941,4.53232995634195e-09,68,359097.815188774
racethn_combn,Other/Multi-Racial/NHAsian,1999-2020,21.2,WTMEC.COMBN,age+gender,educ_level,prevent_cvd_30yr_full,760,3948490.98230453,72,gaussian (identity),Less than 9th grade,0.0191586587826058,0.0120315246822282,0.116079773440236,-0.00442312959456137,0.042740447159773,15.6864493886941,4.53232995634195e-09,93,405314.591391604
racethn_combn,NHAsian,1999-2020,21.2,WTMEC.COMBN,age+gender,educ_level,prevent_cvd_30yr_full,2005,3580392.56447817,67,gaussian (identity),College graduate or above (Intercept),-0.162080805521599,0.00841922200846308,1.32333145987621e-27,-0.178582480658187,-0.145579130385012,8.77019461138335,1.16472913472837e-05,1058,1951577.37017164
racethn_combn,NHAsian,1999-2020,21.2,WTMEC.COMBN,age+gender,educ_level,prevent_cvd_30yr_full,2005,3580392.56447817,67,gaussian (identity),Some college or AA degree,0.0251831382178035,0.0057375111375955,4.59412418857327e-05,0.0139376163881163,0.0364286600474906,8.77019461138335,1.16472913472837e-05,339,603766.709147736
racethn_combn,NHAsian,1999-2020,21.2,WTMEC.COMBN,age+gender,educ_level,prevent_cvd_30yr_full,2005,3580392.56447817,67,gaussian (identity),HS graduate or GED,0.0230943321002049,0.00614742405460483,0.000387066869228392,0.0110453809531794,0.0351432832472304,8.77019461138335,1.16472913472837e-05,277,482942.487319566
racethn_combn,NHAsian,1999-2020,21.2,WTMEC.COMBN,age+gender,educ_level,prevent_cvd_30yr_full,2005,3580392.56447817,67,gaussian (identity),9-11th grade,0.0292723237568154,0.00856863832270231,0.00113522907537696,0.0124777926443189,0.046066854869312,8.77019461138335,1.16472913472837e-05,158,262173.270934868
racethn_combn,NHAsian,1999-2020,21.2,WTMEC.COMBN,age+gender,educ_level,prevent_cvd_30yr_full,2005,3580392.56447817,67,gaussian (identity),Less than 9th grade,0.0295029202899953,0.00806654678188054,0.000532732391306851,0.0136924885975094,0.0453133519824811,8.77019461138335,1.16472913472837e-05,173,279932.726904359
racethn_combn,Other/Multi-Racial,1999-2020,21.2,WTMEC.COMBN,age+gender,educ_level,prevent_cvd_30yr_full,561,2256500.2817107,62,gaussian (identity),College graduate or above (Intercept),-0.121050017356978,0.0220877710616469,1.04662772998169e-06,-0.164342048637806,-0.0777579860761496,3.63966121401931,0.0104934491009283,135,545065.233636321
racethn_combn,Other/Multi-Racial,1999-2020,21.2,WTMEC.COMBN,age+gender,educ_level,prevent_cvd_30yr_full,561,2256500.2817107,62,gaussian (identity),Some college or AA degree,0.0534680565972627,0.0155837114189898,0.0011363142909442,0.0229239822160427,0.0840121309784827,3.63966121401931,0.0104934491009283,244,995591.539501547
racethn_combn,Other/Multi-Racial,1999-2020,21.2,WTMEC.COMBN,age+gender,educ_level,prevent_cvd_30yr_full,561,2256500.2817107,62,gaussian (identity),HS graduate or GED,0.0261685557106796,0.0167535893536688,0.123929777506622,-0.00666847942251114,0.0590055908438704,3.63966121401931,0.0104934491009283,108,464337.700509095
racethn_combn,Other/Multi-Racial,1999-2020,21.2,WTMEC.COMBN,age+gender,educ_level,prevent_cvd_30yr_full,561,2256500.2817107,62,gaussian (identity),9-11th grade,0.0149595612732045,0.0172865166034815,0.390517603788783,-0.0189220112696192,0.0488411338160283,3.63966121401931,0.0104934491009283,55,195579.412773679
racethn_combn,Other/Multi-Racial,1999-2020,21.2,WTMEC.COMBN,age+gender,educ_level,prevent_cvd_30yr_full,561,2256500.2817107,62,gaussian (identity),Less than 9th grade,0.0301001510697537,0.0277848877472829,0.283305252677454,-0.0243582289149209,0.0845585310544282,3.63966121401931,0.0104934491009283,19,55926.3952900566
racethn_combn,NHW,1999-2020,21.2,WTMEC.COMBN,age+gender,educ_level,prevent_ascvd_10yr_base,15800,104277995.879337,162,gaussian (identity),College graduate or above (Intercept),-0.108445933660446,0.00115327287160431,2.80447654882943e-139,-0.11070634848879,-0.106185518832101,169.6802832914,9.82941196812125e-56,4562,35404925.0443767
racethn_combn,NHW,1999-2020,21.2,WTMEC.COMBN,age+gender,educ_level,prevent_ascvd_10yr_base,15800,104277995.879337,162,gaussian (identity),Some college or AA degree,0.0111998087043927,0.00071998289594078,1.53332521093317e-33,0.00978864222834872,0.0126109751804366,169.6802832914,9.82941196812125e-56,4893,32357031.0377336
racethn_combn,NHW,1999-2020,21.2,WTMEC.COMBN,age+gender,educ_level,prevent_ascvd_10yr_base,15800,104277995.879337,162,gaussian (identity),HS graduate or GED,0.0146781054596083,0.000905475963837419,2.84040250751767e-35,0.012903372570487,0.0164528383487297,169.6802832914,9.82941196812125e-56,4016,25406774.3688037
racethn_combn,NHW,1999-2020,21.2,WTMEC.COMBN,age+gender,educ_level,prevent_ascvd_10yr_base,15800,104277995.879337,162,gaussian (identity),9-11th grade,0.0223420757582327,0.00120195810307237,2.11763334947065e-41,0.0199862378762108,0.0246979136402545,169.6802832914,9.82941196812125e-56,1704,8619151.24291126
racethn_combn,NHW,1999-2020,21.2,WTMEC.COMBN,age+gender,educ_level,prevent_ascvd_10yr_base,15800,104277995.879337,162,gaussian (identity),Less than 9th grade,0.0319398349974946,0.00250783843780438,6.32253491055838e-26,0.027024471659398,0.0368551983355912,169.6802832914,9.82941196812125e-56,625,2490114.18551192
racethn_combn,NHB,1999-2020,21.2,WTMEC.COMBN,age+gender,educ_level,prevent_ascvd_10yr_base,7703,14987750.5852691,148,gaussian (identity),College graduate or above (Intercept),-0.108637968343937,0.0017687399936628,3.67268760844543e-104,-0.112104698731516,-0.105171237956358,25.8604701184033,4.13427582606705e-16,1382,2867279.27513777
racethn_combn,NHB,1999-2020,21.2,WTMEC.COMBN,age+gender,educ_level,prevent_ascvd_10yr_base,7703,14987750.5852691,148,gaussian (identity),Some college or AA degree,0.00759155011560847,0.00150191015283415,1.30743587607783e-06,0.00464780621605354,0.0105352940151634,25.8604701184033,4.13427582606705e-16,2452,4879281.70713981
racethn_combn,NHB,1999-2020,21.2,WTMEC.COMBN,age+gender,educ_level,prevent_ascvd_10yr_base,7703,14987750.5852691,148,gaussian (identity),HS graduate or GED,0.0102411391900889,0.00157782673210889,1.33203288889635e-09,0.00714859879515545,0.0133336795850223,25.8604701184033,4.13427582606705e-16,1983,3856810.60133849
racethn_combn,NHB,1999-2020,21.2,WTMEC.COMBN,age+gender,educ_level,prevent_ascvd_10yr_base,7703,14987750.5852691,148,gaussian (identity),9-11th grade,0.0155714816968674,0.00160735831475522,2.37684252923892e-17,0.0124210593999472,0.0187219039937876,25.8604701184033,4.13427582606705e-16,1494,2786321.16433136
racethn_combn,NHB,1999-2020,21.2,WTMEC.COMBN,age+gender,educ_level,prevent_ascvd_10yr_base,7703,14987750.5852691,148,gaussian (identity),Less than 9th grade,0.0163000665567428,0.00256388654870679,2.62312029989645e-09,0.0112748489212775,0.0213252841922081,25.8604701184033,4.13427582606705e-16,392,598057.837321642
racethn_combn,Mexican-American,1999-2020,21.2,WTMEC.COMBN,age+gender,educ_level,prevent_ascvd_10yr_base,6231,10684202.3052091,134,gaussian (identity),College graduate or above (Intercept),-0.111782525422846,0.0024041668071366,4.94294741965557e-82,-0.116494692364834,-0.107070358480859,8.25022269539672,5.94580179788667e-06,475,1044787.38624562
racethn_combn,Mexican-American,1999-2020,21.2,WTMEC.COMBN,age+gender,educ_level,prevent_ascvd_10yr_base,6231,10684202.3052091,134,gaussian (identity),Some college or AA degree,0.00677865285270812,0.00184612756066959,0.000352429197577173,0.00316024283379572,0.0103970628716205,8.25022269539672,5.94580179788667e-06,1085,2058991.71157509
racethn_combn,Mexican-American,1999-2020,21.2,WTMEC.COMBN,age+gender,educ_level,prevent_ascvd_10yr_base,6231,10684202.3052091,134,gaussian (identity),HS graduate or GED,0.00750615041282838,0.00163164769158585,1.00073777968969e-05,0.00430812093732012,0.0107041798883366,8.25022269539672,5.94580179788667e-06,1060,2142592.7985134
racethn_combn,Mexican-American,1999-2020,21.2,WTMEC.COMBN,age+gender,educ_level,prevent_ascvd_10yr_base,6231,10684202.3052091,134,gaussian (identity),9-11th grade,0.0102562617738283,0.0020171727158573,1.27770837341878e-06,0.00630260325074796,0.0142099202969086,8.25022269539672,5.94580179788667e-06,1159,2123846.24468117
racethn_combn,Mexican-American,1999-2020,21.2,WTMEC.COMBN,age+gender,educ_level,prevent_ascvd_10yr_base,6231,10684202.3052091,134,gaussian (identity),Less than 9th grade,0.0104744375093533,0.00193857482057112,3.08295114940534e-07,0.0066748308610339,0.0142740441576727,8.25022269539672,5.94580179788667e-06,2452,3313984.16419381
racethn_combn,Other Hispanic,1999-2020,21.2,WTMEC.COMBN,age+gender,educ_level,prevent_ascvd_10yr_base,3196,8012696.56155144,130,gaussian (identity),College graduate or above (Intercept),-0.109549459396882,0.00267641042485949,6.98279657715163e-74,-0.114795223829607,-0.104303694964158,16.2151164612322,1.04607206927873e-10,515,1382739.9268943
racethn_combn,Other Hispanic,1999-2020,21.2,WTMEC.COMBN,age+gender,educ_level,prevent_ascvd_10yr_base,3196,8012696.56155144,130,gaussian (identity),Some college or AA degree,0.00606181972526907,0.00220326082368207,0.00682617025693124,0.00174342851085221,0.0103802109396859,16.2151164612322,1.04607206927873e-10,814,2186490.87226781
racethn_combn,Other Hispanic,1999-2020,21.2,WTMEC.COMBN,age+gender,educ_level,prevent_ascvd_10yr_base,3196,8012696.56155144,130,gaussian (identity),HS graduate or GED,0.00880043084409727,0.00169202111916843,7.93538442248152e-07,0.00548406945052715,0.0121167922376674,16.2151164612322,1.04607206927873e-10,613,1720099.74872868
racethn_combn,Other Hispanic,1999-2020,21.2,WTMEC.COMBN,age+gender,educ_level,prevent_ascvd_10yr_base,3196,8012696.56155144,130,gaussian (identity),9-11th grade,0.0156646521008373,0.00269749823480944,5.01434210089626e-08,0.0103775555606108,0.0209517486410638,16.2151164612322,1.04607206927873e-10,527,1247571.35375981
racethn_combn,Other Hispanic,1999-2020,21.2,WTMEC.COMBN,age+gender,educ_level,prevent_ascvd_10yr_base,3196,8012696.56155144,130,gaussian (identity),Less than 9th grade,0.0153026477847706,0.00242698613137833,4.6085775002107e-09,0.0105457549672691,0.0200595406022721,16.2151164612322,1.04607206927873e-10,727,1475794.65990083
racethn_combn,Other/Multi-Racial/NHAsian,1999-2020,21.2,WTMEC.COMBN,age+gender,educ_level,prevent_ascvd_10yr_base,770,3999498.48914632,73,gaussian (identity),College graduate or above (Intercept),-0.109309604557284,0.00562810995043232,3.16762459254381e-29,-0.120340700060132,-0.0982785090544368,7.86981266633587,2.91712265371525e-05,281,1545117.17483604
racethn_combn,Other/Multi-Racial/NHAsian,1999-2020,21.2,WTMEC.COMBN,age+gender,educ_level,prevent_ascvd_10yr_base,770,3999498.48914632,73,gaussian (identity),Some college or AA degree,0.0150003198705272,0.00391529716428951,0.000283669643171359,0.00732633742851972,0.0226743023125346,7.86981266633587,2.91712265371525e-05,176,946543.950211038
racethn_combn,Other/Multi-Racial/NHAsian,1999-2020,21.2,WTMEC.COMBN,age+gender,educ_level,prevent_ascvd_10yr_base,770,3999498.48914632,73,gaussian (identity),HS graduate or GED,0.00913347525519513,0.00399219100239133,0.0253097926341194,0.00130878089050813,0.0169581696198821,7.86981266633587,2.91712265371525e-05,148,718989.486766981
racethn_combn,Other/Multi-Racial/NHAsian,1999-2020,21.2,WTMEC.COMBN,age+gender,educ_level,prevent_ascvd_10yr_base,770,3999498.48914632,73,gaussian (identity),9-11th grade,0.0340751357792316,0.00880144836627995,0.000247927334634875,0.0168242969813229,0.0513259745771403,7.86981266633587,2.91712265371525e-05,71,377841.371177642
racethn_combn,Other/Multi-Racial/NHAsian,1999-2020,21.2,WTMEC.COMBN,age+gender,educ_level,prevent_ascvd_10yr_base,770,3999498.48914632,73,gaussian (identity),Less than 9th grade,0.00805964938117062,0.00565400083980122,0.158661619247016,-0.00302219226483978,0.019141491027181,7.86981266633587,2.91712265371525e-05,94,411006.506154623
racethn_combn,NHAsian,1999-2020,21.2,WTMEC.COMBN,age+gender,educ_level,prevent_ascvd_10yr_base,2015,3596946.21931577,67,gaussian (identity),College graduate or above (Intercept),-0.106036980593102,0.00340150016110367,3.51107153532337e-39,-0.112703920908866,-0.0993700402773392,4.2119931161984,0.00447074161954268,1064,1963343.99854123
racethn_combn,NHAsian,1999-2020,21.2,WTMEC.COMBN,age+gender,educ_level,prevent_ascvd_10yr_base,2015,3596946.21931577,67,gaussian (identity),Some college or AA degree,0.00412753853872928,0.00181277676925085,0.0263114675204642,0.000574496070997614,0.00768058100646094,4.2119931161984,0.00447074161954268,339,603766.709147736
racethn_combn,NHAsian,1999-2020,21.2,WTMEC.COMBN,age+gender,educ_level,prevent_ascvd_10yr_base,2015,3596946.21931577,67,gaussian (identity),HS graduate or GED,0.00595465850465926,0.00254293504298793,0.0224811932820111,0.000970505820402916,0.0109388111889156,4.2119931161984,0.00447074161954268,277,482942.487319566
racethn_combn,NHAsian,1999-2020,21.2,WTMEC.COMBN,age+gender,educ_level,prevent_ascvd_10yr_base,2015,3596946.21931577,67,gaussian (identity),9-11th grade,0.00963592827556936,0.00290023657286864,0.0015115464107523,0.00395146459274682,0.0153203919583919,4.2119931161984,0.00447074161954268,159,262690.944795811
racethn_combn,NHAsian,1999-2020,21.2,WTMEC.COMBN,age+gender,educ_level,prevent_ascvd_10yr_base,2015,3596946.21931577,67,gaussian (identity),Less than 9th grade,0.00884643309314359,0.00333132927923277,0.0100887427914778,0.00231702770584735,0.0153758384804398,4.2119931161984,0.00447074161954268,176,284202.079511434
racethn_combn,Other/Multi-Racial,1999-2020,21.2,WTMEC.COMBN,age+gender,educ_level,prevent_ascvd_10yr_base,566,2267044.86662802,62,gaussian (identity),College graduate or above (Intercept),-0.106195399605191,0.00725935030649661,8.82014394809083e-21,-0.120423726205924,-0.0919670730044576,3.27632358184906,0.0174975103306216,137,547771.771017453
racethn_combn,Other/Multi-Racial,1999-2020,21.2,WTMEC.COMBN,age+gender,educ_level,prevent_ascvd_10yr_base,566,2267044.86662802,62,gaussian (identity),Some college or AA degree,0.0176763494733904,0.00546196341999884,0.00203566810967814,0.00697090117019271,0.0283817977765882,3.27632358184906,0.0174975103306216,247,1003429.58703774
racethn_combn,Other/Multi-Racial,1999-2020,21.2,WTMEC.COMBN,age+gender,educ_level,prevent_ascvd_10yr_base,566,2267044.86662802,62,gaussian (identity),HS graduate or GED,0.0168829640534719,0.00576388594268443,0.00490940448203561,0.00558574760581046,0.0281801805011334,3.27632358184906,0.0174975103306216,108,464337.700509095
racethn_combn,Other/Multi-Racial,1999-2020,21.2,WTMEC.COMBN,age+gender,educ_level,prevent_ascvd_10yr_base,566,2267044.86662802,62,gaussian (identity),9-11th grade,0.0101527667389523,0.00620795675738186,0.10756514299119,-0.00201482850551616,0.0223203619834207,3.27632358184906,0.0174975103306216,55,195579.412773679
racethn_combn,Other/Multi-Racial,1999-2020,21.2,WTMEC.COMBN,age+gender,educ_level,prevent_ascvd_10yr_base,566,2267044.86662802,62,gaussian (identity),Less than 9th grade,0.0137452814075773,0.00840887843574647,0.107739439156012,-0.00273612032648579,0.0302266831416404,3.27632358184906,0.0174975103306216,19,55926.3952900566
racethn_combn,NHW,1999-2020,21.2,WTMEC.COMBN,age+gender,educ_level,prevent_ascvd_10yr_hba1c,15784,104176158.59452,162,gaussian (identity),College graduate or above (Intercept),-0.106941630208959,0.0010877696417352,3.03609535027452e-142,-0.10907365870676,-0.104809601711158,174.180125011211,1.87026827128226e-56,4558,35373143.7557502
racethn_combn,NHW,1999-2020,21.2,WTMEC.COMBN,age+gender,educ_level,prevent_ascvd_10yr_hba1c,15784,104176158.59452,162,gaussian (identity),Some college or AA degree,0.0106354088751065,0.000687633188336977,2.644492120461e-33,0.00928764782596601,0.011983169924247,174.180125011211,1.87026827128226e-56,4887,32324782.1512812
racethn_combn,NHW,1999-2020,21.2,WTMEC.COMBN,age+gender,educ_level,prevent_ascvd_10yr_hba1c,15784,104176158.59452,162,gaussian (identity),HS graduate or GED,0.0144209344984841,0.000846512358239429,1.97644477347099e-37,0.0127617702763348,0.0160800987206334,174.180125011211,1.87026827128226e-56,4011,25372307.0813698
racethn_combn,NHW,1999-2020,21.2,WTMEC.COMBN,age+gender,educ_level,prevent_ascvd_10yr_hba1c,15784,104176158.59452,162,gaussian (identity),9-11th grade,0.0221473374066236,0.00119386739361732,2.62680840913939e-41,0.0198073573151337,0.0244873174981136,174.180125011211,1.87026827128226e-56,1704,8619151.24291126
racethn_combn,NHW,1999-2020,21.2,WTMEC.COMBN,age+gender,educ_level,prevent_ascvd_10yr_hba1c,15784,104176158.59452,162,gaussian (identity),Less than 9th grade,0.0299805322982115,0.00219812660133419,2.19670625005986e-28,0.0256722041595965,0.0342888604368265,174.180125011211,1.87026827128226e-56,624,2486774.36320768
racethn_combn,NHB,1999-2020,21.2,WTMEC.COMBN,age+gender,educ_level,prevent_ascvd_10yr_hba1c,7679,14942314.6947738,148,gaussian (identity),College graduate or above (Intercept),-0.107763982647991,0.00164100315440528,3.79978754515334e-108,-0.110980348830625,-0.104547616465356,25.2409034333265,8.38305613250011e-16,1377,2857234.59615994
racethn_combn,NHB,1999-2020,21.2,WTMEC.COMBN,age+gender,educ_level,prevent_ascvd_10yr_hba1c,7679,14942314.6947738,148,gaussian (identity),Some college or AA degree,0.00752052570079452,0.001464047645646,9.06042305989568e-07,0.00465099231532836,0.0103900590862607,25.2409034333265,8.38305613250011e-16,2443,4862212.46879938
racethn_combn,NHB,1999-2020,21.2,WTMEC.COMBN,age+gender,educ_level,prevent_ascvd_10yr_hba1c,7679,14942314.6947738,148,gaussian (identity),HS graduate or GED,0.00970916640933832,0.00157749028357328,7.26159639998504e-09,0.0066172854535347,0.0128010473651419,25.2409034333265,8.38305613250011e-16,1978,3845566.58020862
racethn_combn,NHB,1999-2020,21.2,WTMEC.COMBN,age+gender,educ_level,prevent_ascvd_10yr_hba1c,7679,14942314.6947738,148,gaussian (identity),9-11th grade,0.0155068895935969,0.00169959816911269,6.45902871470906e-16,0.012175677182136,0.0188381020050577,25.2409034333265,8.38305613250011e-16,1491,2781296.85708928
racethn_combn,NHB,1999-2020,21.2,WTMEC.COMBN,age+gender,educ_level,prevent_ascvd_10yr_hba1c,7679,14942314.6947738,148,gaussian (identity),Less than 9th grade,0.0170515539382451,0.00272642432861634,4.41815891355485e-09,0.0117077622541571,0.0223953456223332,25.2409034333265,8.38305613250011e-16,390,596004.192516547
racethn_combn,Mexican-American,1999-2020,21.2,WTMEC.COMBN,age+gender,educ_level,prevent_ascvd_10yr_hba1c,6226,10673622.2903296,134,gaussian (identity),College graduate or above (Intercept),-0.111965743679622,0.00253551386814461,2.47156192035994e-79,-0.116935350861185,-0.106996136498058,10.4032244052832,2.50514614531752e-07,475,1044787.38624562
racethn_combn,Mexican-American,1999-2020,21.2,WTMEC.COMBN,age+gender,educ_level,prevent_ascvd_10yr_hba1c,6226,10673622.2903296,134,gaussian (identity),Some college or AA degree,0.00757651357252843,0.00187587853080689,9.197220669934e-05,0.00389979165214692,0.0112532354929099,10.4032244052832,2.50514614531752e-07,1083,2053298.29402623
racethn_combn,Mexican-American,1999-2020,21.2,WTMEC.COMBN,age+gender,educ_level,prevent_ascvd_10yr_hba1c,6226,10673622.2903296,134,gaussian (identity),HS graduate or GED,0.00827996384645785,0.00167128548837954,2.25052731680877e-06,0.00500424428923396,0.0115556834036817,10.4032244052832,2.50514614531752e-07,1059,2138861.28488057
racethn_combn,Mexican-American,1999-2020,21.2,WTMEC.COMBN,age+gender,educ_level,prevent_ascvd_10yr_hba1c,6226,10673622.2903296,134,gaussian (identity),9-11th grade,0.0109167106862536,0.00206007977737816,4.93014997386856e-07,0.00687895432259241,0.0149544670499148,10.4032244052832,2.50514614531752e-07,1158,2123492.97229645
racethn_combn,Mexican-American,1999-2020,21.2,WTMEC.COMBN,age+gender,educ_level,prevent_ascvd_10yr_hba1c,6226,10673622.2903296,134,gaussian (identity),Less than 9th grade,0.0121077680860787,0.00194687750017036,6.54160276223239e-09,0.00829188818574477,0.0159236479864126,10.4032244052832,2.50514614531752e-07,2451,3313182.3528807
racethn_combn,Other Hispanic,1999-2020,21.2,WTMEC.COMBN,age+gender,educ_level,prevent_ascvd_10yr_hba1c,3190,7993562.1452336,130,gaussian (identity),College graduate or above (Intercept),-0.111143912289097,0.00262283719363449,1.26062798347077e-75,-0.116284673188621,-0.106003151389574,20.8958138183289,3.47213545789329e-13,515,1382739.9268943
racethn_combn,Other Hispanic,1999-2020,21.2,WTMEC.COMBN,age+gender,educ_level,prevent_ascvd_10yr_hba1c,3190,7993562.1452336,130,gaussian (identity),Some college or AA degree,0.00774512477953558,0.00234182805071403,0.00123280628801302,0.00315514180013608,0.0123351077589351,20.8958138183289,3.47213545789329e-13,810,2171171.53525526
racethn_combn,Other Hispanic,1999-2020,21.2,WTMEC.COMBN,age+gender,educ_level,prevent_ascvd_10yr_hba1c,3190,7993562.1452336,130,gaussian (identity),HS graduate or GED,0.00996542471176406,0.00170948280273218,4.51374676332894e-08,0.00661483841840899,0.0133160110051191,20.8958138183289,3.47213545789329e-13,612,1717116.42404726
racethn_combn,Other Hispanic,1999-2020,21.2,WTMEC.COMBN,age+gender,educ_level,prevent_ascvd_10yr_hba1c,3190,7993562.1452336,130,gaussian (identity),9-11th grade,0.0175455844819889,0.00289249542226543,1.46853468274542e-08,0.0118762934543486,0.0232148755096291,20.8958138183289,3.47213545789329e-13,527,1247571.35375981
racethn_combn,Other Hispanic,1999-2020,21.2,WTMEC.COMBN,age+gender,educ_level,prevent_ascvd_10yr_hba1c,3190,7993562.1452336,130,gaussian (identity),Less than 9th grade,0.0164621535638626,0.00236266961243653,1.67926938815501e-10,0.011831321123487,0.0210929860042382,20.8958138183289,3.47213545789329e-13,726,1474962.90527696
racethn_combn,Other/Multi-Racial/NHAsian,1999-2020,21.2,WTMEC.COMBN,age+gender,educ_level,prevent_ascvd_10yr_hba1c,767,3984612.08941962,73,gaussian (identity),College graduate or above (Intercept),-0.110753072596633,0.00569168143222453,2.84432346882706e-29,-0.121908768203793,-0.0995973769894729,7.89107755120235,2.83872138113653e-05,280,1538417.47386425
racethn_combn,Other/Multi-Racial/NHAsian,1999-2020,21.2,WTMEC.COMBN,age+gender,educ_level,prevent_ascvd_10yr_hba1c,767,3984612.08941962,73,gaussian (identity),Some college or AA degree,0.014310581038945,0.00368721738954948,0.000240082079056433,0.00708363495542798,0.0215375271224619,7.89107755120235,2.83872138113653e-05,176,946543.950211038
racethn_combn,Other/Multi-Racial/NHAsian,1999-2020,21.2,WTMEC.COMBN,age+gender,educ_level,prevent_ascvd_10yr_hba1c,767,3984612.08941962,73,gaussian (identity),HS graduate or GED,0.00871854915502177,0.00393462445901574,0.0301029062430177,0.00100668521535093,0.0164304130946926,7.89107755120235,2.83872138113653e-05,147,716494.702775095
racethn_combn,Other/Multi-Racial/NHAsian,1999-2020,21.2,WTMEC.COMBN,age+gender,educ_level,prevent_ascvd_10yr_hba1c,767,3984612.08941962,73,gaussian (identity),9-11th grade,0.0306811257380773,0.00774671070731007,0.000183697686182511,0.0154975727517496,0.045864678724405,7.89107755120235,2.83872138113653e-05,71,377841.371177642
racethn_combn,Other/Multi-Racial/NHAsian,1999-2020,21.2,WTMEC.COMBN,age+gender,educ_level,prevent_ascvd_10yr_hba1c,767,3984612.08941962,73,gaussian (identity),Less than 9th grade,0.010475229938378,0.00671892000954639,0.123692517166329,-0.00269385328033294,0.0236443131570889,7.89107755120235,2.83872138113653e-05,93,405314.591391604
racethn_combn,NHAsian,1999-2020,21.2,WTMEC.COMBN,age+gender,educ_level,prevent_ascvd_10yr_hba1c,2014,3595767.22942209,67,gaussian (identity),College graduate or above (Intercept),-0.106424868514882,0.00324843362409746,2.00433945965553e-40,-0.112791798418113,-0.100057938611651,5.16826403021793,0.0011876276439172,1064,1963343.99854123
racethn_combn,NHAsian,1999-2020,21.2,WTMEC.COMBN,age+gender,educ_level,prevent_ascvd_10yr_hba1c,2014,3595767.22942209,67,gaussian (identity),Some college or AA degree,0.00454852534257501,0.00181891218236431,0.0150976389839865,0.000983457465140954,0.00811359322000906,5.16826403021793,0.0011876276439172,339,603766.709147736
racethn_combn,NHAsian,1999-2020,21.2,WTMEC.COMBN,age+gender,educ_level,prevent_ascvd_10yr_hba1c,2014,3595767.22942209,67,gaussian (identity),HS graduate or GED,0.00565729384083882,0.00237860675761005,0.0205346537366988,0.000995224595923124,0.0103193630857545,5.16826403021793,0.0011876276439172,277,482942.487319566
racethn_combn,NHAsian,1999-2020,21.2,WTMEC.COMBN,age+gender,educ_level,prevent_ascvd_10yr_hba1c,2014,3595767.22942209,67,gaussian (identity),9-11th grade,0.0106578016534753,0.00324320230663331,0.00168652491942106,0.00430112513247402,0.0170144781744766,5.16826403021793,0.0011876276439172,159,262690.944795811
racethn_combn,NHAsian,1999-2020,21.2,WTMEC.COMBN,age+gender,educ_level,prevent_ascvd_10yr_hba1c,2014,3595767.22942209,67,gaussian (identity),Less than 9th grade,0.0118154475982482,0.00362014691810927,0.00180392609773373,0.00471995963875403,0.0189109355577424,5.16826403021793,0.0011876276439172,175,283023.089617755
racethn_combn,Other/Multi-Racial,1999-2020,21.2,WTMEC.COMBN,age+gender,educ_level,prevent_ascvd_10yr_hba1c,566,2267044.86662802,62,gaussian (identity),College graduate or above (Intercept),-0.10951968217229,0.00845472460980695,1.73498861614783e-18,-0.126090942407512,-0.0929484219370684,3.51439075846823,0.0125105776738381,137,547771.771017453
racethn_combn,Other/Multi-Racial,1999-2020,21.2,WTMEC.COMBN,age+gender,educ_level,prevent_ascvd_10yr_hba1c,566,2267044.86662802,62,gaussian (identity),Some college or AA degree,0.0201327013563073,0.00582011830281883,0.00104295787557984,0.00872526948278243,0.0315401332298322,3.51439075846823,0.0125105776738381,247,1003429.58703774
racethn_combn,Other/Multi-Racial,1999-2020,21.2,WTMEC.COMBN,age+gender,educ_level,prevent_ascvd_10yr_hba1c,566,2267044.86662802,62,gaussian (identity),HS graduate or GED,0.0166119610564072,0.00558294269611322,0.00431210161525535,0.0056693933720253,0.0275545287407891,3.51439075846823,0.0125105776738381,108,464337.700509095
racethn_combn,Other/Multi-Racial,1999-2020,21.2,WTMEC.COMBN,age+gender,educ_level,prevent_ascvd_10yr_hba1c,566,2267044.86662802,62,gaussian (identity),9-11th grade,0.0128316694798056,0.00630390416676477,0.0465417420897145,0.000476017312946607,0.0251873216466645,3.51439075846823,0.0125105776738381,55,195579.412773679
racethn_combn,Other/Multi-Racial,1999-2020,21.2,WTMEC.COMBN,age+gender,educ_level,prevent_ascvd_10yr_hba1c,566,2267044.86662802,62,gaussian (identity),Less than 9th grade,0.0163486238683725,0.0120003506042807,0.178543330540929,-0.00717206331601763,0.0398693110527626,3.51439075846823,0.0125105776738381,19,55926.3952900566
racethn_combn,NHW,1999-2020,21.2,WTMEC.COMBN,age+gender,educ_level,prevent_ascvd_10yr_uacr,15666,103633087.161141,162,gaussian (identity),College graduate or above (Intercept),-0.105000311044093,0.00123278024916715,1.05846368543818e-132,-0.107416560332461,-0.102584061755725,141.1204074988,9.16858096399173e-51,4538,35270686.8676338
racethn_combn,NHW,1999-2020,21.2,WTMEC.COMBN,age+gender,educ_level,prevent_ascvd_10yr_uacr,15666,103633087.161141,162,gaussian (identity),Some college or AA degree,0.0103610847418413,0.000747139791098582,5.26776960853517e-29,0.00889669075128806,0.0118254787323945,141.1204074988,9.16858096399173e-51,4862,32218277.9064017
racethn_combn,NHW,1999-2020,21.2,WTMEC.COMBN,age+gender,educ_level,prevent_ascvd_10yr_uacr,15666,103633087.161141,162,gaussian (identity),HS graduate or GED,0.0133964975365061,0.000835476983761545,8.25771797307892e-35,0.0117589626483335,0.0150340324246787,141.1204074988,9.16858096399173e-51,3979,25189222.4803264
racethn_combn,NHW,1999-2020,21.2,WTMEC.COMBN,age+gender,educ_level,prevent_ascvd_10yr_uacr,15666,103633087.161141,162,gaussian (identity),9-11th grade,0.0220438108521221,0.00131280657281724,8.53919715104183e-37,0.0194707099694003,0.0246169117348439,141.1204074988,9.16858096399173e-51,1680,8517269.11144411
racethn_combn,NHW,1999-2020,21.2,WTMEC.COMBN,age+gender,educ_level,prevent_ascvd_10yr_uacr,15666,103633087.161141,162,gaussian (identity),Less than 9th grade,0.0309326016011683,0.00279622382995364,2.30356962379436e-21,0.0254520028944592,0.0364132003078774,141.1204074988,9.16858096399173e-51,607,2437630.79533487
racethn_combn,NHB,1999-2020,21.2,WTMEC.COMBN,age+gender,educ_level,prevent_ascvd_10yr_uacr,7604,14820298.4228478,148,gaussian (identity),College graduate or above (Intercept),-0.107923582299153,0.00197829130722214,3.81039370297903e-97,-0.111801033261308,-0.104046131336997,26.72060117652,1.56700309068705e-16,1369,2846346.46289445
racethn_combn,NHB,1999-2020,21.2,WTMEC.COMBN,age+gender,educ_level,prevent_ascvd_10yr_uacr,7604,14820298.4228478,148,gaussian (identity),Some college or AA degree,0.00725162304214789,0.00150939015803192,3.90105032483904e-06,0.00429321833240533,0.0102100277518905,26.72060117652,1.56700309068705e-16,2427,4834188.15826066
racethn_combn,NHB,1999-2020,21.2,WTMEC.COMBN,age+gender,educ_level,prevent_ascvd_10yr_uacr,7604,14820298.4228478,148,gaussian (identity),HS graduate or GED,0.00938857934810459,0.0014555781458391,1.63907069986094e-09,0.00653564618225995,0.0122415125139492,26.72060117652,1.56700309068705e-16,1956,3806084.83208436
racethn_combn,NHB,1999-2020,21.2,WTMEC.COMBN,age+gender,educ_level,prevent_ascvd_10yr_uacr,7604,14820298.4228478,148,gaussian (identity),9-11th grade,0.0150907266724414,0.00159703676140202,9.65413738899701e-17,0.0119605346200934,0.0182209187247893,26.72060117652,1.56700309068705e-16,1473,2752983.78008408
racethn_combn,NHB,1999-2020,21.2,WTMEC.COMBN,age+gender,educ_level,prevent_ascvd_10yr_uacr,7604,14820298.4228478,148,gaussian (identity),Less than 9th grade,0.0183106445938764,0.00309177672821761,2.28324868691099e-08,0.0122507622065699,0.0243705269811829,26.72060117652,1.56700309068705e-16,379,580695.189524283
racethn_combn,Mexican-American,1999-2020,21.2,WTMEC.COMBN,age+gender,educ_level,prevent_ascvd_10yr_uacr,6201,10644054.003821,134,gaussian (identity),College graduate or above (Intercept),-0.111055115345657,0.00263939524148198,8.07632990181218e-77,-0.116228330018961,-0.105881900672352,8.40246284667131,4.73300699232414e-06,472,1037188.72230062
racethn_combn,Mexican-American,1999-2020,21.2,WTMEC.COMBN,age+gender,educ_level,prevent_ascvd_10yr_uacr,6201,10644054.003821,134,gaussian (identity),Some college or AA degree,0.00672448611939433,0.00180511891075029,0.000291465218869318,0.00318645305432377,0.0102625191844649,8.40246284667131,4.73300699232414e-06,1079,2050650.97970472
racethn_combn,Mexican-American,1999-2020,21.2,WTMEC.COMBN,age+gender,educ_level,prevent_ascvd_10yr_uacr,6201,10644054.003821,134,gaussian (identity),HS graduate or GED,0.00726543033195762,0.00170291294861318,3.83002280349648e-05,0.00392772095267579,0.0106031397112394,8.40246284667131,4.73300699232414e-06,1056,2137539.8981784
racethn_combn,Mexican-American,1999-2020,21.2,WTMEC.COMBN,age+gender,educ_level,prevent_ascvd_10yr_uacr,6201,10644054.003821,134,gaussian (identity),9-11th grade,0.0102495953242261,0.00199179416199627,9.75253673702638e-07,0.00634567876671337,0.0141535118817388,8.40246284667131,4.73300699232414e-06,1152,2118418.00959862
racethn_combn,Mexican-American,1999-2020,21.2,WTMEC.COMBN,age+gender,educ_level,prevent_ascvd_10yr_uacr,6201,10644054.003821,134,gaussian (identity),Less than 9th grade,0.0104194436288205,0.00193629459612783,3.40694993880249e-07,0.00662430622040995,0.014214581037231,8.40246284667131,4.73300699232414e-06,2442,3300256.39403862
racethn_combn,Other Hispanic,1999-2020,21.2,WTMEC.COMBN,age+gender,educ_level,prevent_ascvd_10yr_uacr,3181,7982911.61806779,130,gaussian (identity),College graduate or above (Intercept),-0.108277156164001,0.00299161508903763,9.12591955788e-68,-0.114140721738515,-0.102413590589488,20.0599678488243,9.27996823106567e-13,512,1372495.06313811
racethn_combn,Other Hispanic,1999-2020,21.2,WTMEC.COMBN,age+gender,educ_level,prevent_ascvd_10yr_uacr,3181,7982911.61806779,130,gaussian (identity),Some college or AA degree,0.00686953520789384,0.00215371368529266,0.00180422277358667,0.00264825638472023,0.0110908140310674,20.0599678488243,9.27996823106567e-13,813,2184047.76933772
racethn_combn,Other Hispanic,1999-2020,21.2,WTMEC.COMBN,age+gender,educ_level,prevent_ascvd_10yr_uacr,3181,7982911.61806779,130,gaussian (identity),HS graduate or GED,0.00959851149373016,0.00174452719409745,2.05609601647841e-07,0.00617923819329915,0.0130177847941612,20.0599678488243,9.27996823106567e-13,609,1714335.72680651
racethn_combn,Other Hispanic,1999-2020,21.2,WTMEC.COMBN,age+gender,educ_level,prevent_ascvd_10yr_uacr,3181,7982911.61806779,130,gaussian (identity),9-11th grade,0.016440190960008,0.0025509355755471,2.32170758923382e-09,0.0114403572319357,0.0214400246880803,20.0599678488243,9.27996823106567e-13,526,1246124.24900887
racethn_combn,Other Hispanic,1999-2020,21.2,WTMEC.COMBN,age+gender,educ_level,prevent_ascvd_10yr_uacr,3181,7982911.61806779,130,gaussian (identity),Less than 9th grade,0.0176524691067445,0.00239827757436899,2.21159781282111e-11,0.0129518450609813,0.0223530931525077,20.0599678488243,9.27996823106567e-13,721,1465908.80977659
racethn_combn,Other/Multi-Racial/NHAsian,1999-2020,21.2,WTMEC.COMBN,age+gender,educ_level,prevent_ascvd_10yr_uacr,763,3963377.38203123,72,gaussian (identity),College graduate or above (Intercept),-0.108089633067324,0.0058963139828104,1.35469236597541e-27,-0.119646408473632,-0.0965328576610154,7.69535843619718,3.75272703309933e-05,280,1536472.57271019
racethn_combn,Other/Multi-Racial/NHAsian,1999-2020,21.2,WTMEC.COMBN,age+gender,educ_level,prevent_ascvd_10yr_uacr,763,3963377.38203123,72,gaussian (identity),Some college or AA degree,0.0161876552693793,0.00474354820579579,0.00110359617429061,0.00689030078601953,0.025485009752739,7.69535843619718,3.75272703309933e-05,175,944597.864880943
racethn_combn,Other/Multi-Racial/NHAsian,1999-2020,21.2,WTMEC.COMBN,age+gender,educ_level,prevent_ascvd_10yr_uacr,763,3963377.38203123,72,gaussian (identity),HS graduate or GED,0.00827653969148391,0.00385285157270713,0.0353758349371136,0.000724950608977932,0.0158281287739899,7.69535843619718,3.75272703309933e-05,146,712202.623096698
racethn_combn,Other/Multi-Racial/NHAsian,1999-2020,21.2,WTMEC.COMBN,age+gender,educ_level,prevent_ascvd_10yr_uacr,763,3963377.38203123,72,gaussian (identity),9-11th grade,0.0338843444487972,0.00828279375197195,0.000119197283142169,0.0176500686949321,0.0501186202026622,7.69535843619718,3.75272703309933e-05,68,359097.815188774
racethn_combn,Other/Multi-Racial/NHAsian,1999-2020,21.2,WTMEC.COMBN,age+gender,educ_level,prevent_ascvd_10yr_uacr,763,3963377.38203123,72,gaussian (identity),Less than 9th grade,0.0125584635857768,0.00612352539031308,0.0442548948961675,0.000556353820763147,0.0245605733507904,7.69535843619718,3.75272703309933e-05,94,411006.506154623
racethn_combn,NHAsian,1999-2020,21.2,WTMEC.COMBN,age+gender,educ_level,prevent_ascvd_10yr_uacr,2006,3581571.55437185,67,gaussian (identity),College graduate or above (Intercept),-0.105140924300569,0.00446118413516431,2.45521580026977e-32,-0.113884845205491,-0.0963970033956467,5.84642167314263,0.000475231277162293,1058,1951577.37017164
racethn_combn,NHAsian,1999-2020,21.2,WTMEC.COMBN,age+gender,educ_level,prevent_ascvd_10yr_uacr,2006,3581571.55437185,67,gaussian (identity),Some college or AA degree,0.00572185185030429,0.00204019076919906,0.00674940192272862,0.00172307794267413,0.00972062575793444,5.84642167314263,0.000475231277162293,339,603766.709147736
racethn_combn,NHAsian,1999-2020,21.2,WTMEC.COMBN,age+gender,educ_level,prevent_ascvd_10yr_uacr,2006,3581571.55437185,67,gaussian (identity),HS graduate or GED,0.00546501390890437,0.00240870250970548,0.0268262834510187,0.000743956989881639,0.0101860708279271,5.84642167314263,0.000475231277162293,277,482942.487319566
racethn_combn,NHAsian,1999-2020,21.2,WTMEC.COMBN,age+gender,educ_level,prevent_ascvd_10yr_uacr,2006,3581571.55437185,67,gaussian (identity),9-11th grade,0.013650253418893,0.00401902709375927,0.00120646868073692,0.00577296031512481,0.0215275465226611,5.84642167314263,0.000475231277162293,158,262173.270934868
racethn_combn,NHAsian,1999-2020,21.2,WTMEC.COMBN,age+gender,educ_level,prevent_ascvd_10yr_uacr,2006,3581571.55437185,67,gaussian (identity),Less than 9th grade,0.0096235137845062,0.00431879483211303,0.0295581365025728,0.00115867591356467,0.0180883516554477,5.84642167314263,0.000475231277162293,174,281111.716798038
racethn_combn,Other/Multi-Racial,1999-2020,21.2,WTMEC.COMBN,age+gender,educ_level,prevent_ascvd_10yr_uacr,561,2256500.2817107,62,gaussian (identity),College graduate or above (Intercept),-0.106716252593927,0.00812502206646169,9.64984747525271e-19,-0.122641295844192,-0.0907912093436621,3.0663267271968,0.0235525439818236,135,545065.233636321
racethn_combn,Other/Multi-Racial,1999-2020,21.2,WTMEC.COMBN,age+gender,educ_level,prevent_ascvd_10yr_uacr,561,2256500.2817107,62,gaussian (identity),Some college or AA degree,0.0184978058940859,0.00597330530210471,0.00305516802351712,0.00679012750196063,0.0302054842862111,3.0663267271968,0.0235525439818236,244,995591.539501547
racethn_combn,Other/Multi-Racial,1999-2020,21.2,WTMEC.COMBN,age+gender,educ_level,prevent_ascvd_10yr_uacr,561,2256500.2817107,62,gaussian (identity),HS graduate or GED,0.0161985818119491,0.0061839325238968,0.0113115423739328,0.0040780740651114,0.0283190895587868,3.0663267271968,0.0235525439818236,108,464337.700509095
racethn_combn,Other/Multi-Racial,1999-2020,21.2,WTMEC.COMBN,age+gender,educ_level,prevent_ascvd_10yr_uacr,561,2256500.2817107,62,gaussian (identity),9-11th grade,0.0077847763570541,0.00632821733043256,0.223776650897458,-0.00461852961059371,0.0201880823247019,3.0663267271968,0.0235525439818236,55,195579.412773679
racethn_combn,Other/Multi-Racial,1999-2020,21.2,WTMEC.COMBN,age+gender,educ_level,prevent_ascvd_10yr_uacr,561,2256500.2817107,62,gaussian (identity),Less than 9th grade,0.0125364828597524,0.00859074218195601,0.150069095733463,-0.00430137181688142,0.0293743375363861,3.0663267271968,0.0235525439818236,19,55926.3952900566
racethn_combn,NHW,1999-2020,21.2,WTMEC.COMBN,age+gender,educ_level,prevent_ascvd_10yr_full,15651,103534855.547241,162,gaussian (identity),College graduate or above (Intercept),-0.0995856982260934,0.00114544300526985,4.59097078043354e-134,-0.101830766516422,-0.0973406299357645,137.296339147867,4.86030960908161e-50,4534,35238905.5790074
racethn_combn,NHW,1999-2020,21.2,WTMEC.COMBN,age+gender,educ_level,prevent_ascvd_10yr_full,15651,103534855.547241,162,gaussian (identity),Some college or AA degree,0.00946016532554048,0.000699841179914795,4.69896618456041e-28,0.00808847661290748,0.0108318540381735,137.296339147867,4.86030960908161e-50,4856,32186029.0199493
racethn_combn,NHW,1999-2020,21.2,WTMEC.COMBN,age+gender,educ_level,prevent_ascvd_10yr_full,15651,103534855.547241,162,gaussian (identity),HS graduate or GED,0.0125035068157534,0.000771164365548381,2.78201272570758e-35,0.0109920246592786,0.0140149889722282,137.296339147867,4.86030960908161e-50,3975,25158360.8638093
racethn_combn,NHW,1999-2020,21.2,WTMEC.COMBN,age+gender,educ_level,prevent_ascvd_10yr_full,15651,103534855.547241,162,gaussian (identity),9-11th grade,0.0205388682886086,0.00123594928483255,2.42258944426528e-36,0.0181164076903368,0.0229613288868804,137.296339147867,4.86030960908161e-50,1680,8517269.11144411
racethn_combn,NHW,1999-2020,21.2,WTMEC.COMBN,age+gender,educ_level,prevent_ascvd_10yr_full,15651,103534855.547241,162,gaussian (identity),Less than 9th grade,0.0274992057677837,0.00234248401824161,3.3136779418464e-23,0.0229079370920302,0.0320904744435373,137.296339147867,4.86030960908161e-50,606,2434290.97303062
racethn_combn,NHB,1999-2020,21.2,WTMEC.COMBN,age+gender,educ_level,prevent_ascvd_10yr_full,7581,14775977.4075239,148,gaussian (identity),College graduate or above (Intercept),-0.102054346365955,0.0018520672779803,9.79770253381785e-98,-0.105684398230796,-0.0984242945011134,23.2724533329782,8.29808072732769e-15,1364,2836301.78391662
racethn_combn,NHB,1999-2020,21.2,WTMEC.COMBN,age+gender,educ_level,prevent_ascvd_10yr_full,7581,14775977.4075239,148,gaussian (identity),Some college or AA degree,0.00665402327001534,0.00144423263757128,8.99297407853215e-06,0.00382332730037563,0.00948471923965506,23.2724533329782,8.29808072732769e-15,2418,4817118.91992023
racethn_combn,NHB,1999-2020,21.2,WTMEC.COMBN,age+gender,educ_level,prevent_ascvd_10yr_full,7581,14775977.4075239,148,gaussian (identity),HS graduate or GED,0.00827704845984588,0.00144502940869396,5.84106769445618e-08,0.00544479081880571,0.011109306100886,23.2724533329782,8.29808072732769e-15,1951,3794840.81095449
racethn_combn,NHB,1999-2020,21.2,WTMEC.COMBN,age+gender,educ_level,prevent_ascvd_10yr_full,7581,14775977.4075239,148,gaussian (identity),9-11th grade,0.0139200965940596,0.00165605642978732,4.03779048887307e-14,0.0106742259916765,0.0171659671964428,23.2724533329782,8.29808072732769e-15,1470,2747959.472842
racethn_combn,NHB,1999-2020,21.2,WTMEC.COMBN,age+gender,educ_level,prevent_ascvd_10yr_full,7581,14775977.4075239,148,gaussian (identity),Less than 9th grade,0.0177633190302687,0.00309071043560139,5.32321164622817e-08,0.01170552657649,0.0238211114840474,23.2724533329782,8.29808072732769e-15,378,579756.419890604
racethn_combn,Mexican-American,1999-2020,21.2,WTMEC.COMBN,age+gender,educ_level,prevent_ascvd_10yr_full,6196,10633473.9889415,134,gaussian (identity),College graduate or above (Intercept),-0.106694450337263,0.00254882349935506,1.49180249899223e-76,-0.111690144395999,-0.101698756278527,10.2422050735177,3.16057839317825e-07,472,1037188.72230062
racethn_combn,Mexican-American,1999-2020,21.2,WTMEC.COMBN,age+gender,educ_level,prevent_ascvd_10yr_full,6196,10633473.9889415,134,gaussian (identity),Some college or AA degree,0.00715149180930138,0.00177715837310915,9.72545721028113e-05,0.00366826139800745,0.0106347222205953,10.2422050735177,3.16057839317825e-07,1077,2044957.56215585
racethn_combn,Mexican-American,1999-2020,21.2,WTMEC.COMBN,age+gender,educ_level,prevent_ascvd_10yr_full,6196,10633473.9889415,134,gaussian (identity),HS graduate or GED,0.00763584972999398,0.00167651010192929,1.2074013801357e-05,0.00434988993021257,0.0109218095297754,10.2422050735177,3.16057839317825e-07,1055,2133808.38454557
racethn_combn,Mexican-American,1999-2020,21.2,WTMEC.COMBN,age+gender,educ_level,prevent_ascvd_10yr_full,6196,10633473.9889415,134,gaussian (identity),9-11th grade,0.0102866118368029,0.00199636243145851,9.465543084384e-07,0.00637374147114418,0.0141994822024615,10.2422050735177,3.16057839317825e-07,1151,2118064.73721391
racethn_combn,Mexican-American,1999-2020,21.2,WTMEC.COMBN,age+gender,educ_level,prevent_ascvd_10yr_full,6196,10633473.9889415,134,gaussian (identity),Less than 9th grade,0.011546997415498,0.00189749366837676,1.25365674673023e-08,0.00782790982547952,0.0152660850055164,10.2422050735177,3.16057839317825e-07,2441,3299454.58272551
racethn_combn,Other Hispanic,1999-2020,21.2,WTMEC.COMBN,age+gender,educ_level,prevent_ascvd_10yr_full,3175,7963777.20174996,130,gaussian (identity),College graduate or above (Intercept),-0.105514487442675,0.00287652312571197,1.99774377311728e-68,-0.11115247276907,-0.0998765021162793,23.1915242088418,2.51499416952418e-14,512,1372495.06313811
racethn_combn,Other Hispanic,1999-2020,21.2,WTMEC.COMBN,age+gender,educ_level,prevent_ascvd_10yr_full,3175,7963777.20174996,130,gaussian (identity),Some college or AA degree,0.00786621033211137,0.00221349776494562,0.000538158619820048,0.00352775471281796,0.0122046659514048,23.1915242088418,2.51499416952418e-14,809,2168728.43232517
racethn_combn,Other Hispanic,1999-2020,21.2,WTMEC.COMBN,age+gender,educ_level,prevent_ascvd_10yr_full,3175,7963777.20174996,130,gaussian (identity),HS graduate or GED,0.0100425200321478,0.00173777264786166,5.72122245619537e-08,0.00663648564233893,0.0134485544219566,23.1915242088418,2.51499416952418e-14,608,1711352.40212509
racethn_combn,Other Hispanic,1999-2020,21.2,WTMEC.COMBN,age+gender,educ_level,prevent_ascvd_10yr_full,3175,7963777.20174996,130,gaussian (identity),9-11th grade,0.017367277208445,0.00263711470481036,1.15374379469724e-09,0.0121985323870166,0.0225360220298733,23.1915242088418,2.51499416952418e-14,526,1246124.24900887
racethn_combn,Other Hispanic,1999-2020,21.2,WTMEC.COMBN,age+gender,educ_level,prevent_ascvd_10yr_full,3175,7963777.20174996,130,gaussian (identity),Less than 9th grade,0.0180563213569108,0.00233229477156306,2.97649704486554e-12,0.0134850236046472,0.0226276191091744,23.1915242088418,2.51499416952418e-14,720,1465077.05515272
racethn_combn,Other/Multi-Racial/NHAsian,1999-2020,21.2,WTMEC.COMBN,age+gender,educ_level,prevent_ascvd_10yr_full,760,3948490.98230453,72,gaussian (identity),College graduate or above (Intercept),-0.104595502292617,0.00574323734693956,1.94622022157343e-27,-0.115852247492618,-0.0933387570926153,8.10383429399738,2.22999144069133e-05,279,1529772.8717384
racethn_combn,Other/Multi-Racial/NHAsian,1999-2020,21.2,WTMEC.COMBN,age+gender,educ_level,prevent_ascvd_10yr_full,760,3948490.98230453,72,gaussian (identity),Some college or AA degree,0.015547809037397,0.0044948292751956,0.00095434945278707,0.00673794365801359,0.0243576744167804,8.10383429399738,2.22999144069133e-05,175,944597.864880943
racethn_combn,Other/Multi-Racial/NHAsian,1999-2020,21.2,WTMEC.COMBN,age+gender,educ_level,prevent_ascvd_10yr_full,760,3948490.98230453,72,gaussian (identity),HS graduate or GED,0.00730429703897924,0.00358088948753587,0.0453762876174183,0.000285753643408922,0.0143228404345495,8.10383429399738,2.22999144069133e-05,145,709707.839104811
racethn_combn,Other/Multi-Racial/NHAsian,1999-2020,21.2,WTMEC.COMBN,age+gender,educ_level,prevent_ascvd_10yr_full,760,3948490.98230453,72,gaussian (identity),9-11th grade,0.029919195378362,0.00711557766314994,8.04016257978239e-05,0.0159726631585881,0.0438657275981359,8.10383429399738,2.22999144069133e-05,68,359097.815188774
racethn_combn,Other/Multi-Racial/NHAsian,1999-2020,21.2,WTMEC.COMBN,age+gender,educ_level,prevent_ascvd_10yr_full,760,3948490.98230453,72,gaussian (identity),Less than 9th grade,0.0138853689947611,0.00662325950336688,0.0398787891068572,0.000903780368162055,0.0268669576213602,8.10383429399738,2.22999144069133e-05,93,405314.591391604
racethn_combn,NHAsian,1999-2020,21.2,WTMEC.COMBN,age+gender,educ_level,prevent_ascvd_10yr_full,2005,3580392.56447817,67,gaussian (identity),College graduate or above (Intercept),-0.10066812224379,0.00420326592294635,1.01155452054329e-32,-0.108906523452765,-0.092429721034815,6.04470553268727,0.000365022543750992,1058,1951577.37017164
racethn_combn,NHAsian,1999-2020,21.2,WTMEC.COMBN,age+gender,educ_level,prevent_ascvd_10yr_full,2005,3580392.56447817,67,gaussian (identity),Some college or AA degree,0.00586577799025782,0.0020195702030751,0.00511712500353558,0.00190742039223061,0.00982413558828502,6.04470553268727,0.000365022543750992,339,603766.709147736
racethn_combn,NHAsian,1999-2020,21.2,WTMEC.COMBN,age+gender,educ_level,prevent_ascvd_10yr_full,2005,3580392.56447817,67,gaussian (identity),HS graduate or GED,0.00520727322244178,0.00232245483563019,0.0285989104510222,0.000655261744606616,0.00975928470027695,6.04470553268727,0.000365022543750992,277,482942.487319566
racethn_combn,NHAsian,1999-2020,21.2,WTMEC.COMBN,age+gender,educ_level,prevent_ascvd_10yr_full,2005,3580392.56447817,67,gaussian (identity),9-11th grade,0.0135949550534952,0.00411927268307894,0.00161618305189295,0.00552118059466049,0.0216687295123299,6.04470553268727,0.000365022543750992,158,262173.270934868
racethn_combn,NHAsian,1999-2020,21.2,WTMEC.COMBN,age+gender,educ_level,prevent_ascvd_10yr_full,2005,3580392.56447817,67,gaussian (identity),Less than 9th grade,0.0121775319723766,0.0041756510868975,0.00494987822047534,0.00399325584205748,0.0203618081026957,6.04470553268727,0.000365022543750992,173,279932.726904359
racethn_combn,Other/Multi-Racial,1999-2020,21.2,WTMEC.COMBN,age+gender,educ_level,prevent_ascvd_10yr_full,561,2256500.2817107,62,gaussian (identity),College graduate or above (Intercept),-0.103332828204833,0.00884182144034675,1.19544751130093e-16,-0.120662798227912,-0.0860028581817531,3.08232833035559,0.0230243956633178,135,545065.233636321
racethn_combn,Other/Multi-Racial,1999-2020,21.2,WTMEC.COMBN,age+gender,educ_level,prevent_ascvd_10yr_full,561,2256500.2817107,62,gaussian (identity),Some college or AA degree,0.0200160751219598,0.00598957230758536,0.00148752636811843,0.00827651339909249,0.0317556368448271,3.08232833035559,0.0230243956633178,244,995591.539501547
racethn_combn,Other/Multi-Racial,1999-2020,21.2,WTMEC.COMBN,age+gender,educ_level,prevent_ascvd_10yr_full,561,2256500.2817107,62,gaussian (identity),HS graduate or GED,0.014773182374403,0.00566985094303342,0.0117278445698619,0.00366027452605747,0.0258860902227485,3.08232833035559,0.0230243956633178,108,464337.700509095
racethn_combn,Other/Multi-Racial,1999-2020,21.2,WTMEC.COMBN,age+gender,educ_level,prevent_ascvd_10yr_full,561,2256500.2817107,62,gaussian (identity),9-11th grade,0.00934123325046426,0.00627759326651953,0.142353400191578,-0.00296284955191401,0.0216453160528425,3.08232833035559,0.0230243956633178,55,195579.412773679
racethn_combn,Other/Multi-Racial,1999-2020,21.2,WTMEC.COMBN,age+gender,educ_level,prevent_ascvd_10yr_full,561,2256500.2817107,62,gaussian (identity),Less than 9th grade,0.0142989065844277,0.0107108473778624,0.187280615667632,-0.00669435427618268,0.0352921674450381,3.08232833035559,0.0230243956633178,19,55926.3952900566
racethn_combn,NHW,1999-2020,21.2,WTMEC.COMBN,age+gender,educ_level,prevent_ascvd_30yr_base,15800,104277995.879337,162,gaussian (identity),College graduate or above (Intercept),-0.0763699916879765,0.00199972277017107,4.60513430166424e-81,-0.0802894483175118,-0.0724505350584412,168.751645628472,1.39049606886342e-55,4562,35404925.0443767
racethn_combn,NHW,1999-2020,21.2,WTMEC.COMBN,age+gender,educ_level,prevent_ascvd_30yr_base,15800,104277995.879337,162,gaussian (identity),Some college or AA degree,0.022605614243662,0.00136165266582564,2.67221255233294e-36,0.0199367750186437,0.0252744534686803,168.751645628472,1.39049606886342e-55,4893,32357031.0377336
racethn_combn,NHW,1999-2020,21.2,WTMEC.COMBN,age+gender,educ_level,prevent_ascvd_30yr_base,15800,104277995.879337,162,gaussian (identity),HS graduate or GED,0.0293969491081207,0.00172839771150551,2.32950033191904e-37,0.0260092895935699,0.0327846086226715,168.751645628472,1.39049606886342e-55,4016,25406774.3688037
racethn_combn,NHW,1999-2020,21.2,WTMEC.COMBN,age+gender,educ_level,prevent_ascvd_30yr_base,15800,104277995.879337,162,gaussian (identity),9-11th grade,0.0376110078831888,0.00216145505495201,2.24672999726008e-38,0.0333745559754829,0.0418474597908948,168.751645628472,1.39049606886342e-55,1704,8619151.24291126
racethn_combn,NHW,1999-2020,21.2,WTMEC.COMBN,age+gender,educ_level,prevent_ascvd_30yr_base,15800,104277995.879337,162,gaussian (identity),Less than 9th grade,0.0388814335025459,0.00408754938367621,3.32854351607443e-17,0.0308698367105405,0.0468930302945512,168.751645628472,1.39049606886342e-55,625,2490114.18551192
racethn_combn,NHB,1999-2020,21.2,WTMEC.COMBN,age+gender,educ_level,prevent_ascvd_30yr_base,7703,14987750.5852691,148,gaussian (identity),College graduate or above (Intercept),-0.0752598402667781,0.00398544775019434,1.47619188152288e-40,-0.083071317857159,-0.0674483626763972,23.108040369604,1.00822926664354e-14,1382,2867279.27513777
racethn_combn,NHB,1999-2020,21.2,WTMEC.COMBN,age+gender,educ_level,prevent_ascvd_30yr_base,7703,14987750.5852691,148,gaussian (identity),Some college or AA degree,0.0139262410626115,0.00288032142782421,3.41918789321313e-06,0.00828081106407608,0.019571671061147,23.108040369604,1.00822926664354e-14,2452,4879281.70713981
racethn_combn,NHB,1999-2020,21.2,WTMEC.COMBN,age+gender,educ_level,prevent_ascvd_30yr_base,7703,14987750.5852691,148,gaussian (identity),HS graduate or GED,0.0187506506483899,0.00298619103870754,3.897616565407e-09,0.0128977162125231,0.0246035850842567,23.108040369604,1.00822926664354e-14,1983,3856810.60133849
racethn_combn,NHB,1999-2020,21.2,WTMEC.COMBN,age+gender,educ_level,prevent_ascvd_30yr_base,7703,14987750.5852691,148,gaussian (identity),9-11th grade,0.0260950438316366,0.00311262793151105,4.57498108799784e-14,0.019994293085875,0.0321957945773983,23.108040369604,1.00822926664354e-14,1494,2786321.16433136
racethn_combn,NHB,1999-2020,21.2,WTMEC.COMBN,age+gender,educ_level,prevent_ascvd_30yr_base,7703,14987750.5852691,148,gaussian (identity),Less than 9th grade,0.00376899085295724,0.00516242404407494,0.46654302675646,-0.00634936027342964,0.0138873419793441,23.108040369604,1.00822926664354e-14,392,598057.837321642
racethn_combn,Mexican-American,1999-2020,21.2,WTMEC.COMBN,age+gender,educ_level,prevent_ascvd_30yr_base,6231,10684202.3052091,134,gaussian (identity),College graduate or above (Intercept),-0.113162496125266,0.00544788242746393,8.06654360637261e-43,-0.123840345683095,-0.102484646567437,6.51655656889453,8.33825415740031e-05,475,1044787.38624562
racethn_combn,Mexican-American,1999-2020,21.2,WTMEC.COMBN,age+gender,educ_level,prevent_ascvd_30yr_base,6231,10684202.3052091,134,gaussian (identity),Some college or AA degree,0.0141250886475898,0.00422105102961598,0.00107515574253802,0.00585182862954246,0.0223983486656371,6.51655656889453,8.33825415740031e-05,1085,2058991.71157509
racethn_combn,Mexican-American,1999-2020,21.2,WTMEC.COMBN,age+gender,educ_level,prevent_ascvd_30yr_base,6231,10684202.3052091,134,gaussian (identity),HS graduate or GED,0.0154786361315684,0.00396114215784147,0.000150213898731804,0.00771479750219908,0.0232424747609377,6.51655656889453,8.33825415740031e-05,1060,2142592.7985134
racethn_combn,Mexican-American,1999-2020,21.2,WTMEC.COMBN,age+gender,educ_level,prevent_ascvd_30yr_base,6231,10684202.3052091,134,gaussian (identity),9-11th grade,0.0200841985775161,0.00424793965881407,5.88944922826926e-06,0.0117582368462405,0.0284101603087917,6.51655656889453,8.33825415740031e-05,1159,2123846.24468117
racethn_combn,Mexican-American,1999-2020,21.2,WTMEC.COMBN,age+gender,educ_level,prevent_ascvd_30yr_base,6231,10684202.3052091,134,gaussian (identity),Less than 9th grade,0.019381853994601,0.00412783494012603,6.74882957749236e-06,0.011291297511954,0.0274724104772481,6.51655656889453,8.33825415740031e-05,2452,3313984.16419381
racethn_combn,Other Hispanic,1999-2020,21.2,WTMEC.COMBN,age+gender,educ_level,prevent_ascvd_30yr_base,3196,8012696.56155144,130,gaussian (identity),College graduate or above (Intercept),-0.105899789465231,0.00514187871403412,7.72895347129146e-42,-0.115977871744737,-0.0958217071857237,7.90394989480319,1.04288342348244e-05,515,1382739.9268943
racethn_combn,Other Hispanic,1999-2020,21.2,WTMEC.COMBN,age+gender,educ_level,prevent_ascvd_30yr_base,3196,8012696.56155144,130,gaussian (identity),Some college or AA degree,0.0126350736070019,0.00435754420877583,0.00442097696096782,0.00409428695780124,0.0211758602562025,7.90394989480319,1.04288342348244e-05,814,2186490.87226781
racethn_combn,Other Hispanic,1999-2020,21.2,WTMEC.COMBN,age+gender,educ_level,prevent_ascvd_30yr_base,3196,8012696.56155144,130,gaussian (identity),HS graduate or GED,0.0143178217037134,0.00362755096552174,0.00013176122828657,0.00720782181129082,0.0214278215961361,7.90394989480319,1.04288342348244e-05,613,1720099.74872868
racethn_combn,Other Hispanic,1999-2020,21.2,WTMEC.COMBN,age+gender,educ_level,prevent_ascvd_30yr_base,3196,8012696.56155144,130,gaussian (identity),9-11th grade,0.027942760330471,0.00566741318817182,2.57448967232003e-06,0.0168346304816542,0.0390508901792877,7.90394989480319,1.04288342348244e-05,527,1247571.35375981
racethn_combn,Other Hispanic,1999-2020,21.2,WTMEC.COMBN,age+gender,educ_level,prevent_ascvd_30yr_base,3196,8012696.56155144,130,gaussian (identity),Less than 9th grade,0.0209960856114037,0.00515798028890797,8.29220741331639e-05,0.0108864442451441,0.0311057269776633,7.90394989480319,1.04288342348244e-05,727,1475794.65990083
racethn_combn,Other/Multi-Racial/NHAsian,1999-2020,21.2,WTMEC.COMBN,age+gender,educ_level,prevent_ascvd_30yr_base,770,3999498.48914632,73,gaussian (identity),College graduate or above (Intercept),-0.11628873019624,0.0101725294535759,2.15059697957469e-17,-0.136226887925249,-0.0963505724672316,15.1652591395422,7.06166229257929e-09,281,1545117.17483604
racethn_combn,Other/Multi-Racial/NHAsian,1999-2020,21.2,WTMEC.COMBN,age+gender,educ_level,prevent_ascvd_30yr_base,770,3999498.48914632,73,gaussian (identity),Some college or AA degree,0.0408051060784575,0.00742809183844719,6.58186145801063e-07,0.026246046075101,0.055364166081814,15.1652591395422,7.06166229257929e-09,176,946543.950211038
racethn_combn,Other/Multi-Racial/NHAsian,1999-2020,21.2,WTMEC.COMBN,age+gender,educ_level,prevent_ascvd_30yr_base,770,3999498.48914632,73,gaussian (identity),HS graduate or GED,0.0267835786902121,0.00741617835947627,0.000582814072860882,0.0122478691056386,0.0413192882747856,15.1652591395422,7.06166229257929e-09,148,718989.486766981
racethn_combn,Other/Multi-Racial/NHAsian,1999-2020,21.2,WTMEC.COMBN,age+gender,educ_level,prevent_ascvd_30yr_base,770,3999498.48914632,73,gaussian (identity),9-11th grade,0.0581783408111715,0.0141785868313554,0.000112742112701629,0.0303883106217149,0.0859683710006282,15.1652591395422,7.06166229257929e-09,71,377841.371177642
racethn_combn,Other/Multi-Racial/NHAsian,1999-2020,21.2,WTMEC.COMBN,age+gender,educ_level,prevent_ascvd_30yr_base,770,3999498.48914632,73,gaussian (identity),Less than 9th grade,0.00544785623460077,0.0079679467699947,0.49650896716045,-0.0101693194345888,0.0210650319037904,15.1652591395422,7.06166229257929e-09,94,411006.506154623
racethn_combn,NHAsian,1999-2020,21.2,WTMEC.COMBN,age+gender,educ_level,prevent_ascvd_30yr_base,2015,3596946.21931577,67,gaussian (identity),College graduate or above (Intercept),-0.0969108422522795,0.00614878344304541,3.50614930723082e-23,-0.108962457800649,-0.0848592267039105,6.56131444262061,0.000185127558059591,1064,1963343.99854123
racethn_combn,NHAsian,1999-2020,21.2,WTMEC.COMBN,age+gender,educ_level,prevent_ascvd_30yr_base,2015,3596946.21931577,67,gaussian (identity),Some college or AA degree,0.0159615984700705,0.00399122057381428,0.000174274655714642,0.00813880614539448,0.0237843907947465,6.56131444262061,0.000185127558059591,339,603766.709147736
racethn_combn,NHAsian,1999-2020,21.2,WTMEC.COMBN,age+gender,educ_level,prevent_ascvd_30yr_base,2015,3596946.21931577,67,gaussian (identity),HS graduate or GED,0.0169152995479485,0.0050634510610936,0.00143031683600741,0.006990935468205,0.0268396636276919,6.56131444262061,0.000185127558059591,277,482942.487319566
racethn_combn,NHAsian,1999-2020,21.2,WTMEC.COMBN,age+gender,educ_level,prevent_ascvd_30yr_base,2015,3596946.21931577,67,gaussian (identity),9-11th grade,0.0190321914594436,0.00562754621657969,0.00126103441006235,0.00800220087494739,0.0300621820439398,6.56131444262061,0.000185127558059591,159,262690.944795811
racethn_combn,NHAsian,1999-2020,21.2,WTMEC.COMBN,age+gender,educ_level,prevent_ascvd_30yr_base,2015,3596946.21931577,67,gaussian (identity),Less than 9th grade,0.0141278625990915,0.0052728894386381,0.00946973874724965,0.00379299929936083,0.0244627258988222,6.56131444262061,0.000185127558059591,176,284202.079511434
racethn_combn,Other/Multi-Racial,1999-2020,21.2,WTMEC.COMBN,age+gender,educ_level,prevent_ascvd_30yr_base,566,2267044.86662802,62,gaussian (identity),College graduate or above (Intercept),-0.0636766735794889,0.0150311217916742,8.55167897415631e-05,-0.0931376722911704,-0.0342156748678075,1.90544464539644,0.122243468178428,137,547771.771017453
racethn_combn,Other/Multi-Racial,1999-2020,21.2,WTMEC.COMBN,age+gender,educ_level,prevent_ascvd_30yr_base,566,2267044.86662802,62,gaussian (identity),Some college or AA degree,0.0298905374591516,0.0118864933988511,0.0148134495313619,0.00659301039740344,0.0531880645208997,1.90544464539644,0.122243468178428,247,1003429.58703774
racethn_combn,Other/Multi-Racial,1999-2020,21.2,WTMEC.COMBN,age+gender,educ_level,prevent_ascvd_30yr_base,566,2267044.86662802,62,gaussian (identity),HS graduate or GED,0.0158761352585842,0.0123160151633526,0.202675230091208,-0.00826325446158702,0.0400155249787553,1.90544464539644,0.122243468178428,108,464337.700509095
racethn_combn,Other/Multi-Racial,1999-2020,21.2,WTMEC.COMBN,age+gender,educ_level,prevent_ascvd_30yr_base,566,2267044.86662802,62,gaussian (identity),9-11th grade,0.0105226294790807,0.0141843125102637,0.461278460686335,-0.0172786230410362,0.0383238819991975,1.90544464539644,0.122243468178428,55,195579.412773679
racethn_combn,Other/Multi-Racial,1999-2020,21.2,WTMEC.COMBN,age+gender,educ_level,prevent_ascvd_30yr_base,566,2267044.86662802,62,gaussian (identity),Less than 9th grade,0.0170625271773595,0.0178017084604793,0.341942284684943,-0.0178288214051799,0.0519538757598988,1.90544464539644,0.122243468178428,19,55926.3952900566
racethn_combn,NHW,1999-2020,21.2,WTMEC.COMBN,age+gender,educ_level,prevent_ascvd_30yr_hba1c,15784,104176158.59452,162,gaussian (identity),College graduate or above (Intercept),-0.0728376956971694,0.00184539148131948,4.34789983957456e-83,-0.0764546630005555,-0.0692207283937832,185.122150646697,3.81051532522919e-58,4558,35373143.7557502
racethn_combn,NHW,1999-2020,21.2,WTMEC.COMBN,age+gender,educ_level,prevent_ascvd_30yr_hba1c,15784,104176158.59452,162,gaussian (identity),Some college or AA degree,0.0211300704262806,0.00123799810977105,1.63028245944891e-37,0.0187035941311293,0.0235565467214318,185.122150646697,3.81051532522919e-58,4887,32324782.1512812
racethn_combn,NHW,1999-2020,21.2,WTMEC.COMBN,age+gender,educ_level,prevent_ascvd_30yr_hba1c,15784,104176158.59452,162,gaussian (identity),HS graduate or GED,0.0279481537877084,0.00154650012829861,4.291346802933e-40,0.0249170135362432,0.0309792940391737,185.122150646697,3.81051532522919e-58,4011,25372307.0813698
racethn_combn,NHW,1999-2020,21.2,WTMEC.COMBN,age+gender,educ_level,prevent_ascvd_30yr_hba1c,15784,104176158.59452,162,gaussian (identity),9-11th grade,0.035876045133474,0.00197496860828292,2.48245766092467e-40,0.0320051066612395,0.0397469836057085,185.122150646697,3.81051532522919e-58,1704,8619151.24291126
racethn_combn,NHW,1999-2020,21.2,WTMEC.COMBN,age+gender,educ_level,prevent_ascvd_30yr_hba1c,15784,104176158.59452,162,gaussian (identity),Less than 9th grade,0.0351783886545436,0.0036611341473175,1.84965506554237e-17,0.0280025657258013,0.0423542115832859,185.122150646697,3.81051532522919e-58,624,2486774.36320768
racethn_combn,NHB,1999-2020,21.2,WTMEC.COMBN,age+gender,educ_level,prevent_ascvd_30yr_hba1c,7679,14942314.6947738,148,gaussian (identity),College graduate or above (Intercept),-0.0706179609772933,0.00375979725510611,2.55044165680817e-40,-0.0779871635973013,-0.0632487583572853,22.3797006689489,2.40420867627712e-14,1377,2857234.59615994
racethn_combn,NHB,1999-2020,21.2,WTMEC.COMBN,age+gender,educ_level,prevent_ascvd_30yr_hba1c,7679,14942314.6947738,148,gaussian (identity),Some college or AA degree,0.0132106386370093,0.00269508303856046,2.55981878518704e-06,0.00792827588143084,0.0184930013925878,22.3797006689489,2.40420867627712e-14,2443,4862212.46879938
racethn_combn,NHB,1999-2020,21.2,WTMEC.COMBN,age+gender,educ_level,prevent_ascvd_30yr_hba1c,7679,14942314.6947738,148,gaussian (identity),HS graduate or GED,0.0175761824008355,0.00281128485926879,4.46659614918152e-09,0.0120660640766687,0.0230863007250023,22.3797006689489,2.40420867627712e-14,1978,3845566.58020862
racethn_combn,NHB,1999-2020,21.2,WTMEC.COMBN,age+gender,educ_level,prevent_ascvd_30yr_hba1c,7679,14942314.6947738,148,gaussian (identity),9-11th grade,0.024693975831162,0.00294180137844364,4.30830530562482e-14,0.0189280451294125,0.0304599065329116,22.3797006689489,2.40420867627712e-14,1491,2781296.85708928
racethn_combn,NHB,1999-2020,21.2,WTMEC.COMBN,age+gender,educ_level,prevent_ascvd_30yr_hba1c,7679,14942314.6947738,148,gaussian (identity),Less than 9th grade,0.00339519755339385,0.00478422154341499,0.479075202891411,-0.00598187667169953,0.0127722717784872,22.3797006689489,2.40420867627712e-14,390,596004.192516547
racethn_combn,Mexican-American,1999-2020,21.2,WTMEC.COMBN,age+gender,educ_level,prevent_ascvd_30yr_hba1c,6226,10673622.2903296,134,gaussian (identity),College graduate or above (Intercept),-0.108875876691547,0.00517555762892583,2.29611937513684e-43,-0.119019969644242,-0.0987317837388523,8.25280348104678,5.92282170081421e-06,475,1044787.38624562
racethn_combn,Mexican-American,1999-2020,21.2,WTMEC.COMBN,age+gender,educ_level,prevent_ascvd_30yr_hba1c,6226,10673622.2903296,134,gaussian (identity),Some college or AA degree,0.0142903788915766,0.00391964347399862,0.000386281341070868,0.0066078776825393,0.0219728801006139,8.25280348104678,5.92282170081421e-06,1083,2053298.29402623
racethn_combn,Mexican-American,1999-2020,21.2,WTMEC.COMBN,age+gender,educ_level,prevent_ascvd_30yr_hba1c,6226,10673622.2903296,134,gaussian (identity),HS graduate or GED,0.0159059341248837,0.00366068517312728,2.80915608101968e-05,0.00873099118555421,0.0230808770642131,8.25280348104678,5.92282170081421e-06,1059,2138861.28488057
racethn_combn,Mexican-American,1999-2020,21.2,WTMEC.COMBN,age+gender,educ_level,prevent_ascvd_30yr_hba1c,6226,10673622.2903296,134,gaussian (identity),9-11th grade,0.0200705871837394,0.003887026445273,9.02430148312063e-07,0.0124520153510043,0.0276891590164745,8.25280348104678,5.92282170081421e-06,1158,2123492.97229645
racethn_combn,Mexican-American,1999-2020,21.2,WTMEC.COMBN,age+gender,educ_level,prevent_ascvd_30yr_hba1c,6226,10673622.2903296,134,gaussian (identity),Less than 9th grade,0.0202407865073508,0.00375276886592178,3.2202532591644e-07,0.0128853595301441,0.0275962134845575,8.25280348104678,5.92282170081421e-06,2451,3313182.3528807
racethn_combn,Other Hispanic,1999-2020,21.2,WTMEC.COMBN,age+gender,educ_level,prevent_ascvd_30yr_hba1c,3190,7993562.1452336,130,gaussian (identity),College graduate or above (Intercept),-0.102852043941216,0.00485221996686293,4.76849857501545e-43,-0.112362395076267,-0.0933416928061648,9.97460390911409,4.95614331048224e-07,515,1382739.9268943
racethn_combn,Other Hispanic,1999-2020,21.2,WTMEC.COMBN,age+gender,educ_level,prevent_ascvd_30yr_hba1c,3190,7993562.1452336,130,gaussian (identity),Some college or AA degree,0.0138233886067757,0.00415397706548002,0.00115271150752289,0.00568159355843485,0.0219651836551165,9.97460390911409,4.95614331048224e-07,810,2171171.53525526
racethn_combn,Other Hispanic,1999-2020,21.2,WTMEC.COMBN,age+gender,educ_level,prevent_ascvd_30yr_hba1c,3190,7993562.1452336,130,gaussian (identity),HS graduate or GED,0.0152799633118052,0.00343629947685978,1.91400495636861e-05,0.00854481633716009,0.0220151102864504,9.97460390911409,4.95614331048224e-07,612,1717116.42404726
racethn_combn,Other Hispanic,1999-2020,21.2,WTMEC.COMBN,age+gender,educ_level,prevent_ascvd_30yr_hba1c,3190,7993562.1452336,130,gaussian (identity),9-11th grade,0.0286693975480445,0.00547000666517936,6.64612072677286e-07,0.0179481844842929,0.039390610611796,9.97460390911409,4.95614331048224e-07,527,1247571.35375981
racethn_combn,Other Hispanic,1999-2020,21.2,WTMEC.COMBN,age+gender,educ_level,prevent_ascvd_30yr_hba1c,3190,7993562.1452336,130,gaussian (identity),Less than 9th grade,0.0215365707787,0.00464295652598085,8.77147707764668e-06,0.0124363759877776,0.0306367655696225,9.97460390911409,4.95614331048224e-07,726,1474962.90527696
racethn_combn,Other/Multi-Racial/NHAsian,1999-2020,21.2,WTMEC.COMBN,age+gender,educ_level,prevent_ascvd_30yr_hba1c,767,3984612.08941962,73,gaussian (identity),College graduate or above (Intercept),-0.112379865292734,0.00938109932749487,2.58074486387696e-18,-0.130766819974624,-0.0939929106108437,16.1440546095889,2.64633895272926e-09,280,1538417.47386425
racethn_combn,Other/Multi-Racial/NHAsian,1999-2020,21.2,WTMEC.COMBN,age+gender,educ_level,prevent_ascvd_30yr_hba1c,767,3984612.08941962,73,gaussian (identity),Some college or AA degree,0.0377935077359871,0.00668054652644253,3.46140059992037e-07,0.0246996365441597,0.0508873789278144,16.1440546095889,2.64633895272926e-09,176,946543.950211038
racethn_combn,Other/Multi-Racial/NHAsian,1999-2020,21.2,WTMEC.COMBN,age+gender,educ_level,prevent_ascvd_30yr_hba1c,767,3984612.08941962,73,gaussian (identity),HS graduate or GED,0.0249345801577606,0.0066846491115557,0.000396233876859389,0.0118326678991115,0.0380364924164098,16.1440546095889,2.64633895272926e-09,147,716494.702775095
racethn_combn,Other/Multi-Racial/NHAsian,1999-2020,21.2,WTMEC.COMBN,age+gender,educ_level,prevent_ascvd_30yr_hba1c,767,3984612.08941962,73,gaussian (identity),9-11th grade,0.0516399675541185,0.0124221165566111,9.35634247906684e-05,0.0272926191031607,0.0759873160050763,16.1440546095889,2.64633895272926e-09,71,377841.371177642
racethn_combn,Other/Multi-Racial/NHAsian,1999-2020,21.2,WTMEC.COMBN,age+gender,educ_level,prevent_ascvd_30yr_hba1c,767,3984612.08941962,73,gaussian (identity),Less than 9th grade,0.00807094218868167,0.00810255265388022,0.322786154771231,-0.00781006101292356,0.0239519453902869,16.1440546095889,2.64633895272926e-09,93,405314.591391604
racethn_combn,NHAsian,1999-2020,21.2,WTMEC.COMBN,age+gender,educ_level,prevent_ascvd_30yr_hba1c,2014,3595767.22942209,67,gaussian (identity),College graduate or above (Intercept),-0.0932829799717965,0.00549600938633259,8.73339116541582e-25,-0.104055158369008,-0.0825108015745846,7.24222156490983,7.70896303727337e-05,1064,1963343.99854123
racethn_combn,NHAsian,1999-2020,21.2,WTMEC.COMBN,age+gender,educ_level,prevent_ascvd_30yr_hba1c,2014,3595767.22942209,67,gaussian (identity),Some college or AA degree,0.0153900379766537,0.0035899816498644,6.55261019412002e-05,0.00835367394291951,0.022426402010388,7.24222156490983,7.70896303727337e-05,339,603766.709147736
racethn_combn,NHAsian,1999-2020,21.2,WTMEC.COMBN,age+gender,educ_level,prevent_ascvd_30yr_hba1c,2014,3595767.22942209,67,gaussian (identity),HS graduate or GED,0.0158700218502683,0.00459030154642888,0.000999999195552565,0.00687303081926773,0.0248670128812689,7.24222156490983,7.70896303727337e-05,277,482942.487319566
racethn_combn,NHAsian,1999-2020,21.2,WTMEC.COMBN,age+gender,educ_level,prevent_ascvd_30yr_hba1c,2014,3595767.22942209,67,gaussian (identity),9-11th grade,0.019289345454015,0.00557462155681932,0.000991012889074524,0.00836308720264911,0.0302156037053809,7.24222156490983,7.70896303727337e-05,159,262690.944795811
racethn_combn,NHAsian,1999-2020,21.2,WTMEC.COMBN,age+gender,educ_level,prevent_ascvd_30yr_hba1c,2014,3595767.22942209,67,gaussian (identity),Less than 9th grade,0.0160655266550046,0.00508212539540519,0.00244722793974062,0.00610456088001043,0.0260264924299988,7.24222156490983,7.70896303727337e-05,175,283023.089617755
racethn_combn,Other/Multi-Racial,1999-2020,21.2,WTMEC.COMBN,age+gender,educ_level,prevent_ascvd_30yr_hba1c,566,2267044.86662802,62,gaussian (identity),College graduate or above (Intercept),-0.0633352445778631,0.0142955223282396,4.42151250245977e-05,-0.0913544683412126,-0.0353160208145135,2.18156307301578,0.082789644333686,137,547771.771017453
racethn_combn,Other/Multi-Racial,1999-2020,21.2,WTMEC.COMBN,age+gender,educ_level,prevent_ascvd_30yr_hba1c,566,2267044.86662802,62,gaussian (identity),Some college or AA degree,0.0305297021038963,0.0113156853082527,0.00920161340157762,0.00835095889972106,0.0527084453080715,2.18156307301578,0.082789644333686,247,1003429.58703774
racethn_combn,Other/Multi-Racial,1999-2020,21.2,WTMEC.COMBN,age+gender,educ_level,prevent_ascvd_30yr_hba1c,566,2267044.86662802,62,gaussian (identity),HS graduate or GED,0.0146187541489597,0.0113277794217828,0.202172323246507,-0.00758369351773453,0.036821201815654,2.18156307301578,0.082789644333686,108,464337.700509095
racethn_combn,Other/Multi-Racial,1999-2020,21.2,WTMEC.COMBN,age+gender,educ_level,prevent_ascvd_30yr_hba1c,566,2267044.86662802,62,gaussian (identity),9-11th grade,0.0125443642137657,0.013389055617531,0.352827080935144,-0.0136981847965951,0.0387869132241264,2.18156307301578,0.082789644333686,55,195579.412773679
racethn_combn,Other/Multi-Racial,1999-2020,21.2,WTMEC.COMBN,age+gender,educ_level,prevent_ascvd_30yr_hba1c,566,2267044.86662802,62,gaussian (identity),Less than 9th grade,0.0181563710352037,0.01853359762446,0.33147412227334,-0.0181694803087379,0.0544822223791454,2.18156307301578,0.082789644333686,19,55926.3952900566
racethn_combn,NHW,1999-2020,21.2,WTMEC.COMBN,age+gender,educ_level,prevent_ascvd_30yr_uacr,15666,103633087.161141,162,gaussian (identity),College graduate or above (Intercept),-0.086798220974941,0.0017823543958018,2.96061472435766e-96,-0.0902916355907125,-0.0833048063591695,177.440651650241,5.74325865725131e-57,4538,35270686.8676338
racethn_combn,NHW,1999-2020,21.2,WTMEC.COMBN,age+gender,educ_level,prevent_ascvd_30yr_uacr,15666,103633087.161141,162,gaussian (identity),Some college or AA degree,0.0215688811944036,0.00129425979610562,1.82421207426228e-36,0.0190321319940366,0.0241056303947707,177.440651650241,5.74325865725131e-57,4862,32218277.9064017
racethn_combn,NHW,1999-2020,21.2,WTMEC.COMBN,age+gender,educ_level,prevent_ascvd_30yr_uacr,15666,103633087.161141,162,gaussian (identity),HS graduate or GED,0.0277834766937706,0.00161905263481209,9.39310438004049e-38,0.0246101335295389,0.0309568198580023,177.440651650241,5.74325865725131e-57,3979,25189222.4803264
racethn_combn,NHW,1999-2020,21.2,WTMEC.COMBN,age+gender,educ_level,prevent_ascvd_30yr_uacr,15666,103633087.161141,162,gaussian (identity),9-11th grade,0.036915090727172,0.00206840597626118,1.60616922232013e-39,0.0328610150137001,0.0409691664406439,177.440651650241,5.74325865725131e-57,1680,8517269.11144411
racethn_combn,NHW,1999-2020,21.2,WTMEC.COMBN,age+gender,educ_level,prevent_ascvd_30yr_uacr,15666,103633087.161141,162,gaussian (identity),Less than 9th grade,0.038540298289247,0.00410098495068657,6.66759195140322e-17,0.0305023677859013,0.0465782287925927,177.440651650241,5.74325865725131e-57,607,2437630.79533487
racethn_combn,NHB,1999-2020,21.2,WTMEC.COMBN,age+gender,educ_level,prevent_ascvd_30yr_uacr,7604,14820298.4228478,148,gaussian (identity),College graduate or above (Intercept),-0.0870872357674599,0.00370954534565029,9.72519451916868e-51,-0.0943579446449344,-0.0798165268899853,22.4371406203629,2.24411540138745e-14,1369,2846346.46289445
racethn_combn,NHB,1999-2020,21.2,WTMEC.COMBN,age+gender,educ_level,prevent_ascvd_30yr_uacr,7604,14820298.4228478,148,gaussian (identity),Some college or AA degree,0.0137641098778845,0.00277477965137567,1.98089537049094e-06,0.00832554176118819,0.0192026779945808,22.4371406203629,2.24411540138745e-14,2427,4834188.15826066
racethn_combn,NHB,1999-2020,21.2,WTMEC.COMBN,age+gender,educ_level,prevent_ascvd_30yr_uacr,7604,14820298.4228478,148,gaussian (identity),HS graduate or GED,0.0180475574192115,0.00280173296858721,1.71168430690506e-09,0.0125561608007806,0.0235389540376425,22.4371406203629,2.24411540138745e-14,1956,3806084.83208436
racethn_combn,NHB,1999-2020,21.2,WTMEC.COMBN,age+gender,educ_level,prevent_ascvd_30yr_uacr,7604,14820298.4228478,148,gaussian (identity),9-11th grade,0.0256195777049202,0.00303068654980137,3.07527287651838e-14,0.0196794320673095,0.0315597233425309,22.4371406203629,2.24411540138745e-14,1473,2752983.78008408
racethn_combn,NHB,1999-2020,21.2,WTMEC.COMBN,age+gender,educ_level,prevent_ascvd_30yr_uacr,7604,14820298.4228478,148,gaussian (identity),Less than 9th grade,0.00583517144422839,0.00508588655541896,0.253176181824034,-0.00413316620439277,0.0158035090928496,22.4371406203629,2.24411540138745e-14,379,580695.189524283
racethn_combn,Mexican-American,1999-2020,21.2,WTMEC.COMBN,age+gender,educ_level,prevent_ascvd_30yr_uacr,6201,10644054.003821,134,gaussian (identity),College graduate or above (Intercept),-0.120740252723426,0.00533423586178361,1.40011803708924e-46,-0.131195355012522,-0.11028515043433,6.44826203068,9.26660666454527e-05,472,1037188.72230062
racethn_combn,Mexican-American,1999-2020,21.2,WTMEC.COMBN,age+gender,educ_level,prevent_ascvd_30yr_uacr,6201,10644054.003821,134,gaussian (identity),Some college or AA degree,0.0137475638205236,0.00408159672141091,0.000999927257116481,0.00574763424655822,0.021747493394489,6.44826203068,9.26660666454527e-05,1079,2050650.97970472
racethn_combn,Mexican-American,1999-2020,21.2,WTMEC.COMBN,age+gender,educ_level,prevent_ascvd_30yr_uacr,6201,10644054.003821,134,gaussian (identity),HS graduate or GED,0.0148460169630224,0.003876798883251,0.000200101929871287,0.0072474911518504,0.0224445427741943,6.44826203068,9.26660666454527e-05,1056,2137539.8981784
racethn_combn,Mexican-American,1999-2020,21.2,WTMEC.COMBN,age+gender,educ_level,prevent_ascvd_30yr_uacr,6201,10644054.003821,134,gaussian (identity),9-11th grade,0.0195558100302616,0.00415706941724211,6.50475057928064e-06,0.0114079539724671,0.0277036660880562,6.44826203068,9.26660666454527e-05,1152,2118418.00959862
racethn_combn,Mexican-American,1999-2020,21.2,WTMEC.COMBN,age+gender,educ_level,prevent_ascvd_30yr_uacr,6201,10644054.003821,134,gaussian (identity),Less than 9th grade,0.0189569400194361,0.00405365193421479,7.3015573891065e-06,0.0110117822283751,0.0269020978104971,6.44826203068,9.26660666454527e-05,2442,3300256.39403862
racethn_combn,Other Hispanic,1999-2020,21.2,WTMEC.COMBN,age+gender,educ_level,prevent_ascvd_30yr_uacr,3181,7982911.61806779,130,gaussian (identity),College graduate or above (Intercept),-0.115446722049624,0.00478356848027891,1.10815579972967e-48,-0.124822516270971,-0.106070927828278,10.1889108343366,3.64096945424239e-07,512,1372495.06313811
racethn_combn,Other Hispanic,1999-2020,21.2,WTMEC.COMBN,age+gender,educ_level,prevent_ascvd_30yr_uacr,3181,7982911.61806779,130,gaussian (identity),Some college or AA degree,0.013020597681933,0.00412118361375728,0.00198626363181366,0.0049430777989687,0.0210981175648972,10.1889108343366,3.64096945424239e-07,813,2184047.76933772
racethn_combn,Other Hispanic,1999-2020,21.2,WTMEC.COMBN,age+gender,educ_level,prevent_ascvd_30yr_uacr,3181,7982911.61806779,130,gaussian (identity),HS graduate or GED,0.0148884112784707,0.00340581616815313,2.5831943187793e-05,0.00821301158889061,0.0215638109680509,10.1889108343366,3.64096945424239e-07,609,1714335.72680651
racethn_combn,Other Hispanic,1999-2020,21.2,WTMEC.COMBN,age+gender,educ_level,prevent_ascvd_30yr_uacr,3181,7982911.61806779,130,gaussian (identity),9-11th grade,0.0287256129219559,0.00534211410014556,3.61973572729842e-07,0.0182550692856706,0.0391961565582412,10.1889108343366,3.64096945424239e-07,526,1246124.24900887
racethn_combn,Other Hispanic,1999-2020,21.2,WTMEC.COMBN,age+gender,educ_level,prevent_ascvd_30yr_uacr,3181,7982911.61806779,130,gaussian (identity),Less than 9th grade,0.0234633747041836,0.00491103368783144,4.91795787090806e-06,0.013837748676034,0.0330890007323333,10.1889108343366,3.64096945424239e-07,721,1465908.80977659
racethn_combn,Other/Multi-Racial/NHAsian,1999-2020,21.2,WTMEC.COMBN,age+gender,educ_level,prevent_ascvd_30yr_uacr,763,3963377.38203123,72,gaussian (identity),College graduate or above (Intercept),-0.126809721368893,0.00865634208206865,2.0169702548401e-22,-0.143776151849747,-0.109843290888038,14.3614752186912,1.73745612798701e-08,280,1536472.57271019
racethn_combn,Other/Multi-Racial/NHAsian,1999-2020,21.2,WTMEC.COMBN,age+gender,educ_level,prevent_ascvd_30yr_uacr,763,3963377.38203123,72,gaussian (identity),Some college or AA degree,0.0402073969213458,0.00771416492628843,2.00978920954441e-06,0.0250876336658205,0.0553271601768711,14.3614752186912,1.73745612798701e-08,175,944597.864880943
racethn_combn,Other/Multi-Racial/NHAsian,1999-2020,21.2,WTMEC.COMBN,age+gender,educ_level,prevent_ascvd_30yr_uacr,763,3963377.38203123,72,gaussian (identity),HS graduate or GED,0.0250187452629539,0.00699420851869875,0.000656603109072159,0.0113100965663043,0.0387273939596034,14.3614752186912,1.73745612798701e-08,146,712202.623096698
racethn_combn,Other/Multi-Racial/NHAsian,1999-2020,21.2,WTMEC.COMBN,age+gender,educ_level,prevent_ascvd_30yr_uacr,763,3963377.38203123,72,gaussian (identity),9-11th grade,0.0624372613780343,0.0133151101482913,1.4225115441494e-05,0.0363396454873835,0.0885348772686852,14.3614752186912,1.73745612798701e-08,68,359097.815188774
racethn_combn,Other/Multi-Racial/NHAsian,1999-2020,21.2,WTMEC.COMBN,age+gender,educ_level,prevent_ascvd_30yr_uacr,763,3963377.38203123,72,gaussian (identity),Less than 9th grade,0.00945582603756399,0.0081702065784169,0.251298983084419,-0.00655777885613313,0.0254694309312611,14.3614752186912,1.73745612798701e-08,94,411006.506154623
racethn_combn,NHAsian,1999-2020,21.2,WTMEC.COMBN,age+gender,educ_level,prevent_ascvd_30yr_uacr,2006,3581571.55437185,67,gaussian (identity),College graduate or above (Intercept),-0.105072743266312,0.00570135658649378,1.28991137547441e-26,-0.11624740217584,-0.0938980843567839,8.44489377554924,1.72671032878539e-05,1058,1951577.37017164
racethn_combn,NHAsian,1999-2020,21.2,WTMEC.COMBN,age+gender,educ_level,prevent_ascvd_30yr_uacr,2006,3581571.55437185,67,gaussian (identity),Some college or AA degree,0.0171261545288951,0.00389577766498064,4.48521750932288e-05,0.00949043030553309,0.0247618787522572,8.44489377554924,1.72671032878539e-05,339,603766.709147736
racethn_combn,NHAsian,1999-2020,21.2,WTMEC.COMBN,age+gender,educ_level,prevent_ascvd_30yr_uacr,2006,3581571.55437185,67,gaussian (identity),HS graduate or GED,0.0163005921438732,0.0047421727967506,0.00106356907904827,0.00700593346224202,0.0255952508255044,8.44489377554924,1.72671032878539e-05,277,482942.487319566
racethn_combn,NHAsian,1999-2020,21.2,WTMEC.COMBN,age+gender,educ_level,prevent_ascvd_30yr_uacr,2006,3581571.55437185,67,gaussian (identity),9-11th grade,0.0220850293066013,0.00597430581888412,0.000469835204054749,0.0103753899015885,0.0337946687116142,8.44489377554924,1.72671032878539e-05,158,262173.270934868
racethn_combn,NHAsian,1999-2020,21.2,WTMEC.COMBN,age+gender,educ_level,prevent_ascvd_30yr_uacr,2006,3581571.55437185,67,gaussian (identity),Less than 9th grade,0.0151660638933219,0.00537830502690136,0.00647180330835545,0.00462458604059525,0.0257075417460486,8.44489377554924,1.72671032878539e-05,174,281111.716798038
racethn_combn,Other/Multi-Racial,1999-2020,21.2,WTMEC.COMBN,age+gender,educ_level,prevent_ascvd_30yr_uacr,561,2256500.2817107,62,gaussian (identity),College graduate or above (Intercept),-0.07586322100668,0.0154892660343858,8.627617344613e-06,-0.106222182434076,-0.0455042595792838,1.97072444876222,0.111519850830299,135,545065.233636321
racethn_combn,Other/Multi-Racial,1999-2020,21.2,WTMEC.COMBN,age+gender,educ_level,prevent_ascvd_30yr_uacr,561,2256500.2817107,62,gaussian (identity),Some college or AA degree,0.0288981552522066,0.0124303375130824,0.0237326126356501,0.00453469372656505,0.0532616167778482,1.97072444876222,0.111519850830299,244,995591.539501547
racethn_combn,Other/Multi-Racial,1999-2020,21.2,WTMEC.COMBN,age+gender,educ_level,prevent_ascvd_30yr_uacr,561,2256500.2817107,62,gaussian (identity),HS graduate or GED,0.0145039018728536,0.0132743468096764,0.279236099941941,-0.0115138178741122,0.0405216216198193,1.97072444876222,0.111519850830299,108,464337.700509095
racethn_combn,Other/Multi-Racial,1999-2020,21.2,WTMEC.COMBN,age+gender,educ_level,prevent_ascvd_30yr_uacr,561,2256500.2817107,62,gaussian (identity),9-11th grade,0.00646485752522025,0.0139602304937139,0.645093812754538,-0.020897194242459,0.0338269092928995,1.97072444876222,0.111519850830299,55,195579.412773679
racethn_combn,Other/Multi-Racial,1999-2020,21.2,WTMEC.COMBN,age+gender,educ_level,prevent_ascvd_30yr_uacr,561,2256500.2817107,62,gaussian (identity),Less than 9th grade,0.0151392119289928,0.0182370394604138,0.409987298006523,-0.0206053854134182,0.0508838092714039,1.97072444876222,0.111519850830299,19,55926.3952900566
racethn_combn,NHW,1999-2020,21.2,WTMEC.COMBN,age+gender,educ_level,prevent_ascvd_30yr_full,15651,103534855.547241,162,gaussian (identity),College graduate or above (Intercept),-0.0725506483442269,0.00165271892130061,1.06441459498946e-89,-0.0757899774299761,-0.0693113192584777,183.76847791512,6.10460134120076e-58,4534,35238905.5790074
racethn_combn,NHW,1999-2020,21.2,WTMEC.COMBN,age+gender,educ_level,prevent_ascvd_30yr_full,15651,103534855.547241,162,gaussian (identity),Some college or AA degree,0.0196730040326557,0.00116465167956436,4.67710905251547e-37,0.0173902867407095,0.0219557213246018,183.76847791512,6.10460134120076e-58,4856,32186029.0199493
racethn_combn,NHW,1999-2020,21.2,WTMEC.COMBN,age+gender,educ_level,prevent_ascvd_30yr_full,15651,103534855.547241,162,gaussian (identity),HS graduate or GED,0.0255394154572379,0.00144819270264596,5.59931534429903e-39,0.0227009577600518,0.0283778731544239,183.76847791512,6.10460134120076e-58,3975,25158360.8638093
racethn_combn,NHW,1999-2020,21.2,WTMEC.COMBN,age+gender,educ_level,prevent_ascvd_30yr_full,15651,103534855.547241,162,gaussian (identity),9-11th grade,0.0335514435833903,0.00185450324945791,3.81681480622038e-40,0.0299166172144528,0.0371862699523278,183.76847791512,6.10460134120076e-58,1680,8517269.11144411
racethn_combn,NHW,1999-2020,21.2,WTMEC.COMBN,age+gender,educ_level,prevent_ascvd_30yr_full,15651,103534855.547241,162,gaussian (identity),Less than 9th grade,0.0331515551876282,0.00356759968180922,1.26267573477771e-16,0.0261590598112821,0.0401440505639742,183.76847791512,6.10460134120076e-58,606,2434290.97303062
racethn_combn,NHB,1999-2020,21.2,WTMEC.COMBN,age+gender,educ_level,prevent_ascvd_30yr_full,7581,14775977.4075239,148,gaussian (identity),College graduate or above (Intercept),-0.072432501232365,0.00354348291341443,3.86964633422762e-44,-0.0793777277426573,-0.0654872747220727,19.6017867941808,7.28955574828022e-13,1364,2836301.78391662
racethn_combn,NHB,1999-2020,21.2,WTMEC.COMBN,age+gender,educ_level,prevent_ascvd_30yr_full,7581,14775977.4075239,148,gaussian (identity),Some college or AA degree,0.0123251239006537,0.00257208757722437,4.1154802412722e-06,0.00728383224929393,0.0173664155520134,19.6017867941808,7.28955574828022e-13,2418,4817118.91992023
racethn_combn,NHB,1999-2020,21.2,WTMEC.COMBN,age+gender,educ_level,prevent_ascvd_30yr_full,7581,14775977.4075239,148,gaussian (identity),HS graduate or GED,0.0157528465894041,0.00261471857214394,1.38310139561739e-08,0.010627998188002,0.0208776949908063,19.6017867941808,7.28955574828022e-13,1951,3794840.81095449
racethn_combn,NHB,1999-2020,21.2,WTMEC.COMBN,age+gender,educ_level,prevent_ascvd_30yr_full,7581,14775977.4075239,148,gaussian (identity),9-11th grade,0.0225544645943082,0.0028494469723319,6.39178643172218e-13,0.0169695485285377,0.0281393806600787,19.6017867941808,7.28955574828022e-13,1470,2747959.472842
racethn_combn,NHB,1999-2020,21.2,WTMEC.COMBN,age+gender,educ_level,prevent_ascvd_30yr_full,7581,14775977.4075239,148,gaussian (identity),Less than 9th grade,0.00366674864726272,0.00465078266095202,0.431768005694607,-0.00544878536820323,0.0127822826627287,19.6017867941808,7.28955574828022e-13,378,579756.419890604
racethn_combn,Mexican-American,1999-2020,21.2,WTMEC.COMBN,age+gender,educ_level,prevent_ascvd_30yr_full,6196,10633473.9889415,134,gaussian (identity),College graduate or above (Intercept),-0.10589226958929,0.00499639965714482,1.09348602764214e-43,-0.115685212917294,-0.0960993262612862,7.8995648206164,1.00795354573764e-05,472,1037188.72230062
racethn_combn,Mexican-American,1999-2020,21.2,WTMEC.COMBN,age+gender,educ_level,prevent_ascvd_30yr_full,6196,10633473.9889415,134,gaussian (identity),Some college or AA degree,0.0133895654543478,0.00374922671098625,0.000501268865589047,0.00604108110081473,0.0207380498078808,7.8995648206164,1.00795354573764e-05,1077,2044957.56215585
racethn_combn,Mexican-American,1999-2020,21.2,WTMEC.COMBN,age+gender,educ_level,prevent_ascvd_30yr_full,6196,10633473.9889415,134,gaussian (identity),HS graduate or GED,0.0145362635177569,0.00353115925227368,6.84544148755358e-05,0.00761519138330045,0.0214573356522133,7.8995648206164,1.00795354573764e-05,1055,2133808.38454557
racethn_combn,Mexican-American,1999-2020,21.2,WTMEC.COMBN,age+gender,educ_level,prevent_ascvd_30yr_full,6196,10633473.9889415,134,gaussian (identity),9-11th grade,0.0186295932218934,0.00374036723503957,2.00764451026927e-06,0.0112984734412158,0.025960713002571,7.8995648206164,1.00795354573764e-05,1151,2118064.73721391
racethn_combn,Mexican-American,1999-2020,21.2,WTMEC.COMBN,age+gender,educ_level,prevent_ascvd_30yr_full,6196,10633473.9889415,134,gaussian (identity),Less than 9th grade,0.019279461986229,0.00362217845237419,4.43701165789748e-07,0.0121799922195756,0.0263789317528824,7.8995648206164,1.00795354573764e-05,2441,3299454.58272551
racethn_combn,Other Hispanic,1999-2020,21.2,WTMEC.COMBN,age+gender,educ_level,prevent_ascvd_30yr_full,3175,7963777.20174996,130,gaussian (identity),College graduate or above (Intercept),-0.101964420046418,0.00450694844282852,7.67913301025399e-46,-0.110798038994362,-0.093130801098474,11.8076215097765,3.69683762818962e-08,512,1372495.06313811
racethn_combn,Other Hispanic,1999-2020,21.2,WTMEC.COMBN,age+gender,educ_level,prevent_ascvd_30yr_full,3175,7963777.20174996,130,gaussian (identity),Some college or AA degree,0.0132661441611862,0.003868406767223,0.000822019279973151,0.00568406689742912,0.0208482214249433,11.8076215097765,3.69683762818962e-08,809,2168728.43232517
racethn_combn,Other Hispanic,1999-2020,21.2,WTMEC.COMBN,age+gender,educ_level,prevent_ascvd_30yr_full,3175,7963777.20174996,130,gaussian (identity),HS graduate or GED,0.0150510666610419,0.00320819000143711,7.0480949688259e-06,0.00876301425822514,0.0213391190638586,11.8076215097765,3.69683762818962e-08,608,1711352.40212509
racethn_combn,Other Hispanic,1999-2020,21.2,WTMEC.COMBN,age+gender,educ_level,prevent_ascvd_30yr_full,3175,7963777.20174996,130,gaussian (identity),9-11th grade,0.0282451148653779,0.00506396341493212,1.45486855102219e-07,0.0183197465721109,0.0381704831586448,11.8076215097765,3.69683762818962e-08,526,1246124.24900887
racethn_combn,Other Hispanic,1999-2020,21.2,WTMEC.COMBN,age+gender,educ_level,prevent_ascvd_30yr_full,3175,7963777.20174996,130,gaussian (identity),Less than 9th grade,0.0229579862724135,0.00441224533729834,7.86185600391294e-07,0.0143099854113088,0.0316059871335183,11.8076215097765,3.69683762818962e-08,720,1465077.05515272
racethn_combn,Other/Multi-Racial/NHAsian,1999-2020,21.2,WTMEC.COMBN,age+gender,educ_level,prevent_ascvd_30yr_full,760,3948490.98230453,72,gaussian (identity),College graduate or above (Intercept),-0.112975778999157,0.00799356693200781,1.22375825754391e-21,-0.128643170185892,-0.0973083878124218,15.6261805201077,4.81254856794887e-09,279,1529772.8717384
racethn_combn,Other/Multi-Racial/NHAsian,1999-2020,21.2,WTMEC.COMBN,age+gender,educ_level,prevent_ascvd_30yr_full,760,3948490.98230453,72,gaussian (identity),Some college or AA degree,0.0370071163887228,0.00691886617781437,1.19056891481696e-06,0.0234461386802067,0.050568094097239,15.6261805201077,4.81254856794887e-09,175,944597.864880943
racethn_combn,Other/Multi-Racial/NHAsian,1999-2020,21.2,WTMEC.COMBN,age+gender,educ_level,prevent_ascvd_30yr_full,760,3948490.98230453,72,gaussian (identity),HS graduate or GED,0.0228984650753205,0.00617744091781342,0.000431820400542091,0.0107906808764062,0.0350062492742348,15.6261805201077,4.81254856794887e-09,145,709707.839104811
racethn_combn,Other/Multi-Racial/NHAsian,1999-2020,21.2,WTMEC.COMBN,age+gender,educ_level,prevent_ascvd_30yr_full,760,3948490.98230453,72,gaussian (identity),9-11th grade,0.0548189159538559,0.0113961857275078,9.10891024409323e-06,0.0324823919279406,0.0771554399797712,15.6261805201077,4.81254856794887e-09,68,359097.815188774
racethn_combn,Other/Multi-Racial/NHAsian,1999-2020,21.2,WTMEC.COMBN,age+gender,educ_level,prevent_ascvd_30yr_full,760,3948490.98230453,72,gaussian (identity),Less than 9th grade,0.0113203077714037,0.00802494695733078,0.163046971898167,-0.00440858826496464,0.027049203807772,15.6261805201077,4.81254856794887e-09,93,405314.591391604
racethn_combn,NHAsian,1999-2020,21.2,WTMEC.COMBN,age+gender,educ_level,prevent_ascvd_30yr_full,2005,3580392.56447817,67,gaussian (identity),College graduate or above (Intercept),-0.0893702184924049,0.0052121587842613,5.21837202315777e-25,-0.099586049709557,-0.0791543872752527,8.69065950577772,1.28188565755856e-05,1058,1951577.37017164
racethn_combn,NHAsian,1999-2020,21.2,WTMEC.COMBN,age+gender,educ_level,prevent_ascvd_30yr_full,2005,3580392.56447817,67,gaussian (identity),Some college or AA degree,0.0160321007196499,0.00352146276702745,2.58491864030903e-05,0.00913003369627608,0.0229341677430237,8.69065950577772,1.28188565755856e-05,339,603766.709147736
racethn_combn,NHAsian,1999-2020,21.2,WTMEC.COMBN,age+gender,educ_level,prevent_ascvd_30yr_full,2005,3580392.56447817,67,gaussian (identity),HS graduate or GED,0.0154005571398457,0.00434036560052533,0.00075299535438455,0.00689344056281604,0.0239076737168754,8.69065950577772,1.28188565755856e-05,277,482942.487319566
racethn_combn,NHAsian,1999-2020,21.2,WTMEC.COMBN,age+gender,educ_level,prevent_ascvd_30yr_full,2005,3580392.56447817,67,gaussian (identity),9-11th grade,0.0212152422342121,0.00571359845001112,0.000445635695960923,0.0100165892721903,0.0324138951962339,8.69065950577772,1.28188565755856e-05,158,262173.270934868
racethn_combn,NHAsian,1999-2020,21.2,WTMEC.COMBN,age+gender,educ_level,prevent_ascvd_30yr_full,2005,3580392.56447817,67,gaussian (identity),Less than 9th grade,0.0168885125207605,0.00510037125889104,0.00156381389294231,0.00689178485333407,0.026885240188187,8.69065950577772,1.28188565755856e-05,173,279932.726904359
racethn_combn,Other/Multi-Racial,1999-2020,21.2,WTMEC.COMBN,age+gender,educ_level,prevent_ascvd_30yr_full,561,2256500.2817107,62,gaussian (identity),College graduate or above (Intercept),-0.0664564963296098,0.0145516355462395,2.76067996785496e-05,-0.0949777020002392,-0.0379352906589804,2.25067758692312,0.0750618378651462,135,545065.233636321
racethn_combn,Other/Multi-Racial,1999-2020,21.2,WTMEC.COMBN,age+gender,educ_level,prevent_ascvd_30yr_full,561,2256500.2817107,62,gaussian (identity),Some college or AA degree,0.0291859623851659,0.0114948991694713,0.0139211305397461,0.00665596001300228,0.0517159647573296,2.25067758692312,0.0750618378651462,244,995591.539501547
racethn_combn,Other/Multi-Racial,1999-2020,21.2,WTMEC.COMBN,age+gender,educ_level,prevent_ascvd_30yr_full,561,2256500.2817107,62,gaussian (identity),HS graduate or GED,0.0130236223159359,0.0118346854352327,0.275838850828364,-0.0101723611371201,0.0362196057689919,2.25067758692312,0.0750618378651462,108,464337.700509095
racethn_combn,Other/Multi-Racial,1999-2020,21.2,WTMEC.COMBN,age+gender,educ_level,prevent_ascvd_30yr_full,561,2256500.2817107,62,gaussian (identity),9-11th grade,0.00820419203447163,0.0126608949753454,0.519636511412552,-0.0166111621172054,0.0330195461861486,2.25067758692312,0.0750618378651462,55,195579.412773679
racethn_combn,Other/Multi-Racial,1999-2020,21.2,WTMEC.COMBN,age+gender,educ_level,prevent_ascvd_30yr_full,561,2256500.2817107,62,gaussian (identity),Less than 9th grade,0.0154365301627541,0.0179359441813317,0.393101997626157,-0.0197179204326559,0.0505909807581642,2.25067758692312,0.0750618378651462,19,55926.3952900566
racethn_combn,NHW,1999-2020,21.2,WTMEC.COMBN,age+gender,educ_level,prevent_hf_10yr_base,15800,104277995.879337,162,gaussian (identity),College graduate or above (Intercept),-0.177472690606975,0.00197619993139099,3.2256659903113e-136,-0.181346042472501,-0.173599338741449,107.519052531744,8.48217693039171e-44,4562,35404925.0443767
racethn_combn,NHW,1999-2020,21.2,WTMEC.COMBN,age+gender,educ_level,prevent_hf_10yr_base,15800,104277995.879337,162,gaussian (identity),Some college or AA degree,0.0138053261815798,0.00110629322570798,3.17997391696016e-25,0.0116369914591922,0.0159736609039675,107.519052531744,8.48217693039171e-44,4893,32357031.0377336
racethn_combn,NHW,1999-2020,21.2,WTMEC.COMBN,age+gender,educ_level,prevent_hf_10yr_base,15800,104277995.879337,162,gaussian (identity),HS graduate or GED,0.0173902029431002,0.0014409607533638,4.19323324708455e-24,0.0145659198665072,0.0202144860196933,107.519052531744,8.48217693039171e-44,4016,25406774.3688037
racethn_combn,NHW,1999-2020,21.2,WTMEC.COMBN,age+gender,educ_level,prevent_hf_10yr_base,15800,104277995.879337,162,gaussian (identity),9-11th grade,0.0245066660254851,0.00163077115077956,3.93247175338081e-32,0.0213103545699572,0.027702977481013,107.519052531744,8.48217693039171e-44,1704,8619151.24291126
racethn_combn,NHW,1999-2020,21.2,WTMEC.COMBN,age+gender,educ_level,prevent_hf_10yr_base,15800,104277995.879337,162,gaussian (identity),Less than 9th grade,0.0368988360253848,0.00347143824824743,3.42548871378467e-20,0.0300948170588198,0.0437028549919497,107.519052531744,8.48217693039171e-44,625,2490114.18551192
racethn_combn,NHB,1999-2020,21.2,WTMEC.COMBN,age+gender,educ_level,prevent_hf_10yr_base,7703,14987750.5852691,148,gaussian (identity),College graduate or above (Intercept),-0.181867534447071,0.0028965452434682,1.80186945911897e-105,-0.187544763124269,-0.176190305769873,19.7505533231857,6.04778042690138e-13,1382,2867279.27513777
racethn_combn,NHB,1999-2020,21.2,WTMEC.COMBN,age+gender,educ_level,prevent_hf_10yr_base,7703,14987750.5852691,148,gaussian (identity),Some college or AA degree,0.0121893790948927,0.00244457129631221,1.76806636596992e-06,0.00739801935412075,0.0169807388356646,19.7505533231857,6.04778042690138e-13,2452,4879281.70713981
racethn_combn,NHB,1999-2020,21.2,WTMEC.COMBN,age+gender,educ_level,prevent_hf_10yr_base,7703,14987750.5852691,148,gaussian (identity),HS graduate or GED,0.0138553980928329,0.00255460955953497,2.44910551164162e-07,0.0088483633561444,0.0188624328295215,19.7505533231857,6.04778042690138e-13,1983,3856810.60133849
racethn_combn,NHB,1999-2020,21.2,WTMEC.COMBN,age+gender,educ_level,prevent_hf_10yr_base,7703,14987750.5852691,148,gaussian (identity),9-11th grade,0.0210847673335255,0.00244593786683115,1.18441983563437e-14,0.0162907291145364,0.0258788055525145,19.7505533231857,6.04778042690138e-13,1494,2786321.16433136
racethn_combn,NHB,1999-2020,21.2,WTMEC.COMBN,age+gender,educ_level,prevent_hf_10yr_base,7703,14987750.5852691,148,gaussian (identity),Less than 9th grade,0.0235394643793135,0.00486623211007137,3.38472810411188e-06,0.0140016494435736,0.0330772793150534,19.7505533231857,6.04778042690138e-13,392,598057.837321642
racethn_combn,Mexican-American,1999-2020,21.2,WTMEC.COMBN,age+gender,educ_level,prevent_hf_10yr_base,6231,10684202.3052091,134,gaussian (identity),College graduate or above (Intercept),-0.166850441259719,0.00335274922246801,1.29559421970333e-85,-0.173421829735757,-0.160279052783682,5.62858939863823,0.000331635547724116,475,1044787.38624562
racethn_combn,Mexican-American,1999-2020,21.2,WTMEC.COMBN,age+gender,educ_level,prevent_hf_10yr_base,6231,10684202.3052091,134,gaussian (identity),Some college or AA degree,0.0102199180415309,0.00255625258723296,0.000107288010021117,0.00520966297055425,0.0152301731125075,5.62858939863823,0.000331635547724116,1085,2058991.71157509
racethn_combn,Mexican-American,1999-2020,21.2,WTMEC.COMBN,age+gender,educ_level,prevent_hf_10yr_base,6231,10684202.3052091,134,gaussian (identity),HS graduate or GED,0.00919992570670032,0.00249429186210023,0.000332331285669509,0.00431111365698388,0.0140887377564168,5.62858939863823,0.000331635547724116,1060,2142592.7985134
racethn_combn,Mexican-American,1999-2020,21.2,WTMEC.COMBN,age+gender,educ_level,prevent_hf_10yr_base,6231,10684202.3052091,134,gaussian (identity),9-11th grade,0.0101895269525969,0.00258989622274717,0.000136064336730354,0.00511333035601242,0.0152657235491813,5.62858939863823,0.000331635547724116,1159,2123846.24468117
racethn_combn,Mexican-American,1999-2020,21.2,WTMEC.COMBN,age+gender,educ_level,prevent_hf_10yr_base,6231,10684202.3052091,134,gaussian (identity),Less than 9th grade,0.0072707340462483,0.00258211422102646,0.00563631546952428,0.00220979017303644,0.0123316779194602,5.62858939863823,0.000331635547724116,2452,3313984.16419381
racethn_combn,Other Hispanic,1999-2020,21.2,WTMEC.COMBN,age+gender,educ_level,prevent_hf_10yr_base,3196,8012696.56155144,130,gaussian (identity),College graduate or above (Intercept),-0.164182506188337,0.00429737447410463,1.92805153877849e-70,-0.172605360157582,-0.155759652219092,8.03802910112327,8.5306604012064e-06,515,1382739.9268943
racethn_combn,Other Hispanic,1999-2020,21.2,WTMEC.COMBN,age+gender,educ_level,prevent_hf_10yr_base,3196,8012696.56155144,130,gaussian (identity),Some college or AA degree,0.00636836577140728,0.00293840638005758,0.0321242688999529,0.000609089266494419,0.0121276422763201,8.03802910112327,8.5306604012064e-06,814,2186490.87226781
racethn_combn,Other Hispanic,1999-2020,21.2,WTMEC.COMBN,age+gender,educ_level,prevent_hf_10yr_base,3196,8012696.56155144,130,gaussian (identity),HS graduate or GED,0.00961254175436876,0.003181473212379,0.00305673589849338,0.00337685425810591,0.0158482292506316,8.03802910112327,8.5306604012064e-06,613,1720099.74872868
racethn_combn,Other Hispanic,1999-2020,21.2,WTMEC.COMBN,age+gender,educ_level,prevent_hf_10yr_base,3196,8012696.56155144,130,gaussian (identity),9-11th grade,0.0159834104523822,0.00373839055042961,3.76994390531062e-05,0.00865616497354018,0.0233106559312242,8.03802910112327,8.5306604012064e-06,527,1247571.35375981
racethn_combn,Other Hispanic,1999-2020,21.2,WTMEC.COMBN,age+gender,educ_level,prevent_hf_10yr_base,3196,8012696.56155144,130,gaussian (identity),Less than 9th grade,0.0146345936895064,0.00314007085025036,8.00875891281866e-06,0.00848005482301568,0.0207891325559971,8.03802910112327,8.5306604012064e-06,727,1475794.65990083
racethn_combn,Other/Multi-Racial/NHAsian,1999-2020,21.2,WTMEC.COMBN,age+gender,educ_level,prevent_hf_10yr_base,770,3999498.48914632,73,gaussian (identity),College graduate or above (Intercept),-0.15959055461173,0.0077052065915456,7.81664512699722e-31,-0.174692759531159,-0.144488349692301,6.01171859456243,0.000339992252262112,281,1545117.17483604
racethn_combn,Other/Multi-Racial/NHAsian,1999-2020,21.2,WTMEC.COMBN,age+gender,educ_level,prevent_hf_10yr_base,770,3999498.48914632,73,gaussian (identity),Some college or AA degree,0.0176393237954432,0.00558592257008354,0.00238379016411406,0.00669091555807943,0.0285877320328069,6.01171859456243,0.000339992252262112,176,946543.950211038
racethn_combn,Other/Multi-Racial/NHAsian,1999-2020,21.2,WTMEC.COMBN,age+gender,educ_level,prevent_hf_10yr_base,770,3999498.48914632,73,gaussian (identity),HS graduate or GED,0.014352179661329,0.00597242065508865,0.0190333977849728,0.00264623517735525,0.0260581241453028,6.01171859456243,0.000339992252262112,148,718989.486766981
racethn_combn,Other/Multi-Racial/NHAsian,1999-2020,21.2,WTMEC.COMBN,age+gender,educ_level,prevent_hf_10yr_base,770,3999498.48914632,73,gaussian (identity),9-11th grade,0.0328002177207909,0.00856202754050394,0.000283967144999794,0.0160186437414032,0.0495817917001786,6.01171859456243,0.000339992252262112,71,377841.371177642
racethn_combn,Other/Multi-Racial/NHAsian,1999-2020,21.2,WTMEC.COMBN,age+gender,educ_level,prevent_hf_10yr_base,770,3999498.48914632,73,gaussian (identity),Less than 9th grade,0.00321471435088191,0.00661327121726486,0.628482052326123,-0.00974729723495722,0.016176725936721,6.01171859456243,0.000339992252262112,94,411006.506154623
racethn_combn,NHAsian,1999-2020,21.2,WTMEC.COMBN,age+gender,educ_level,prevent_hf_10yr_base,2015,3596946.21931577,67,gaussian (identity),College graduate or above (Intercept),-0.167812932125901,0.00562013475584957,4.14519073686412e-38,-0.178828396247366,-0.156797468004436,1.78847058246309,0.142724702692506,1064,1963343.99854123
racethn_combn,NHAsian,1999-2020,21.2,WTMEC.COMBN,age+gender,educ_level,prevent_hf_10yr_base,2015,3596946.21931577,67,gaussian (identity),Some college or AA degree,0.00305844830731282,0.00254256297676028,0.233663272857509,-0.00192497512713733,0.00804187174176298,1.78847058246309,0.142724702692506,339,603766.709147736
racethn_combn,NHAsian,1999-2020,21.2,WTMEC.COMBN,age+gender,educ_level,prevent_hf_10yr_base,2015,3596946.21931577,67,gaussian (identity),HS graduate or GED,0.00517118580033047,0.00290889153542814,0.080434939952932,-0.000530241609108674,0.0108726132097696,1.78847058246309,0.142724702692506,277,482942.487319566
racethn_combn,NHAsian,1999-2020,21.2,WTMEC.COMBN,age+gender,educ_level,prevent_hf_10yr_base,2015,3596946.21931577,67,gaussian (identity),9-11th grade,0.00607439074104059,0.0038204990781144,0.117016670399383,-0.00141378745206363,0.0135625689341448,1.78847058246309,0.142724702692506,159,262690.944795811
racethn_combn,NHAsian,1999-2020,21.2,WTMEC.COMBN,age+gender,educ_level,prevent_hf_10yr_base,2015,3596946.21931577,67,gaussian (identity),Less than 9th grade,0.00950287756884818,0.00511043784165795,0.0677800842323992,-0.00051358060080141,0.0195193357384978,1.78847058246309,0.142724702692506,176,284202.079511434
racethn_combn,Other/Multi-Racial,1999-2020,21.2,WTMEC.COMBN,age+gender,educ_level,prevent_hf_10yr_base,566,2267044.86662802,62,gaussian (identity),College graduate or above (Intercept),-0.181053282458879,0.0135299431160712,4.34978340406866e-19,-0.207571970966379,-0.154534593951379,3.76654469631223,0.00878647176267953,137,547771.771017453
racethn_combn,Other/Multi-Racial,1999-2020,21.2,WTMEC.COMBN,age+gender,educ_level,prevent_hf_10yr_base,566,2267044.86662802,62,gaussian (identity),Some college or AA degree,0.0268309672548795,0.00852538764446445,0.00264113551343365,0.0101212074717292,0.0435407270380298,3.76654469631223,0.00878647176267953,247,1003429.58703774
racethn_combn,Other/Multi-Racial,1999-2020,21.2,WTMEC.COMBN,age+gender,educ_level,prevent_hf_10yr_base,566,2267044.86662802,62,gaussian (identity),HS graduate or GED,0.0314344895933477,0.00938284515002929,0.00145056146933363,0.0130441130992903,0.0498248660874051,3.76654469631223,0.00878647176267953,108,464337.700509095
racethn_combn,Other/Multi-Racial,1999-2020,21.2,WTMEC.COMBN,age+gender,educ_level,prevent_hf_10yr_base,566,2267044.86662802,62,gaussian (identity),9-11th grade,0.0131330285152678,0.0105715612655731,0.219303970485626,-0.00758723156525541,0.033853288595791,3.76654469631223,0.00878647176267953,55,195579.412773679
racethn_combn,Other/Multi-Racial,1999-2020,21.2,WTMEC.COMBN,age+gender,educ_level,prevent_hf_10yr_base,566,2267044.86662802,62,gaussian (identity),Less than 9th grade,0.00595386574729374,0.011291452257908,0.600075330723607,-0.0161773806782059,0.0280851121727934,3.76654469631223,0.00878647176267953,19,55926.3952900566
racethn_combn,NHW,1999-2020,21.2,WTMEC.COMBN,age+gender,educ_level,prevent_hf_10yr_hba1c,15784,104176158.59452,162,gaussian (identity),College graduate or above (Intercept),-0.181716737227153,0.00200136568252144,6.00776402775446e-137,-0.185639413964895,-0.177794060489411,110.208622378641,2.06587161589234e-44,4558,35373143.7557502
racethn_combn,NHW,1999-2020,21.2,WTMEC.COMBN,age+gender,educ_level,prevent_hf_10yr_hba1c,15784,104176158.59452,162,gaussian (identity),Some college or AA degree,0.013870598750163,0.00109602054927884,1.0489149845189e-25,0.0117223984735765,0.0160187990267495,110.208622378641,2.06587161589234e-44,4887,32324782.1512812
racethn_combn,NHW,1999-2020,21.2,WTMEC.COMBN,age+gender,educ_level,prevent_hf_10yr_hba1c,15784,104176158.59452,162,gaussian (identity),HS graduate or GED,0.0183281449756957,0.00144586410734557,9.20205189889033e-26,0.0154942513252984,0.021162038626093,110.208622378641,2.06587161589234e-44,4011,25372307.0813698
racethn_combn,NHW,1999-2020,21.2,WTMEC.COMBN,age+gender,educ_level,prevent_hf_10yr_hba1c,15784,104176158.59452,162,gaussian (identity),9-11th grade,0.0260960282338559,0.00169492639288495,4.06579941514667e-33,0.0227739725038014,0.0294180839639104,110.208622378641,2.06587161589234e-44,1704,8619151.24291126
racethn_combn,NHW,1999-2020,21.2,WTMEC.COMBN,age+gender,educ_level,prevent_hf_10yr_hba1c,15784,104176158.59452,162,gaussian (identity),Less than 9th grade,0.037231253355431,0.00341066436601186,5.73737519451452e-21,0.0305463511980478,0.0439161555128143,110.208622378641,2.06587161589234e-44,624,2486774.36320768
racethn_combn,NHB,1999-2020,21.2,WTMEC.COMBN,age+gender,educ_level,prevent_hf_10yr_hba1c,7679,14942314.6947738,148,gaussian (identity),College graduate or above (Intercept),-0.188215535109936,0.00285793769062256,2.56711451126662e-108,-0.193817092983556,-0.182613977236316,18.6733538678201,2.36327482428754e-12,1377,2857234.59615994
racethn_combn,NHB,1999-2020,21.2,WTMEC.COMBN,age+gender,educ_level,prevent_hf_10yr_hba1c,7679,14942314.6947738,148,gaussian (identity),Some college or AA degree,0.0127127339558785,0.0025413157781202,1.64689595509334e-06,0.00773175503076296,0.0176937128809941,18.6733538678201,2.36327482428754e-12,2443,4862212.46879938
racethn_combn,NHB,1999-2020,21.2,WTMEC.COMBN,age+gender,educ_level,prevent_hf_10yr_hba1c,7679,14942314.6947738,148,gaussian (identity),HS graduate or GED,0.0137614078185407,0.00270922407802565,1.17060437797036e-06,0.00845132862561045,0.019071487011471,18.6733538678201,2.36327482428754e-12,1978,3845566.58020862
racethn_combn,NHB,1999-2020,21.2,WTMEC.COMBN,age+gender,educ_level,prevent_hf_10yr_hba1c,7679,14942314.6947738,148,gaussian (identity),9-11th grade,0.0224863129393825,0.0028206779248959,4.66072654751433e-13,0.0169577842065866,0.0280148416721785,18.6733538678201,2.36327482428754e-12,1491,2781296.85708928
racethn_combn,NHB,1999-2020,21.2,WTMEC.COMBN,age+gender,educ_level,prevent_hf_10yr_hba1c,7679,14942314.6947738,148,gaussian (identity),Less than 9th grade,0.0267752360901348,0.00531641199154072,1.41768784998537e-06,0.0163550685867149,0.0371954035935546,18.6733538678201,2.36327482428754e-12,390,596004.192516547
racethn_combn,Mexican-American,1999-2020,21.2,WTMEC.COMBN,age+gender,educ_level,prevent_hf_10yr_hba1c,6226,10673622.2903296,134,gaussian (identity),College graduate or above (Intercept),-0.175831821349997,0.00389898305688303,1.97123743113739e-80,-0.183473828141488,-0.168189814558507,6.08231448449699,0.000163442872475154,475,1044787.38624562
racethn_combn,Mexican-American,1999-2020,21.2,WTMEC.COMBN,age+gender,educ_level,prevent_hf_10yr_hba1c,6226,10673622.2903296,134,gaussian (identity),Some college or AA degree,0.0123967029077266,0.00290602281257805,3.83913614246297e-05,0.00670089819507365,0.0180925076203796,6.08231448449699,0.000163442872475154,1083,2053298.29402623
racethn_combn,Mexican-American,1999-2020,21.2,WTMEC.COMBN,age+gender,educ_level,prevent_hf_10yr_hba1c,6226,10673622.2903296,134,gaussian (identity),HS graduate or GED,0.0112505257842127,0.00274541900143198,7.35094175727303e-05,0.00586950454140599,0.0166315470270194,6.08231448449699,0.000163442872475154,1059,2138861.28488057
racethn_combn,Mexican-American,1999-2020,21.2,WTMEC.COMBN,age+gender,educ_level,prevent_hf_10yr_hba1c,6226,10673622.2903296,134,gaussian (identity),9-11th grade,0.0123359548432154,0.00298676037502407,6.49679491118419e-05,0.00648190450816827,0.0181900051782626,6.08231448449699,0.000163442872475154,1158,2123492.97229645
racethn_combn,Mexican-American,1999-2020,21.2,WTMEC.COMBN,age+gender,educ_level,prevent_hf_10yr_hba1c,6226,10673622.2903296,134,gaussian (identity),Less than 9th grade,0.0111414281834238,0.0028589799462588,0.000156221456140123,0.0055378274887566,0.0167450288780911,6.08231448449699,0.000163442872475154,2451,3313182.3528807
racethn_combn,Other Hispanic,1999-2020,21.2,WTMEC.COMBN,age+gender,educ_level,prevent_hf_10yr_hba1c,3190,7993562.1452336,130,gaussian (identity),College graduate or above (Intercept),-0.174696059764145,0.0049610084008316,2.03282263437583e-66,-0.184419636229775,-0.164972483298515,11.0662004435505,1.04438614149165e-07,515,1382739.9268943
racethn_combn,Other Hispanic,1999-2020,21.2,WTMEC.COMBN,age+gender,educ_level,prevent_hf_10yr_hba1c,3190,7993562.1452336,130,gaussian (identity),Some college or AA degree,0.00987290262341125,0.00348971862763668,0.00544534007084415,0.00303305411324335,0.0167127511335791,11.0662004435505,1.04438614149165e-07,810,2171171.53525526
racethn_combn,Other Hispanic,1999-2020,21.2,WTMEC.COMBN,age+gender,educ_level,prevent_hf_10yr_hba1c,3190,7993562.1452336,130,gaussian (identity),HS graduate or GED,0.0122226300884246,0.00334949643105347,0.000386191814480307,0.00565761708355983,0.0187876430932894,11.0662004435505,1.04438614149165e-07,612,1717116.42404726
racethn_combn,Other Hispanic,1999-2020,21.2,WTMEC.COMBN,age+gender,educ_level,prevent_hf_10yr_hba1c,3190,7993562.1452336,130,gaussian (identity),9-11th grade,0.0210373027851577,0.00430244537505295,3.06424525290667e-06,0.0126045098500539,0.0294700957202615,11.0662004435505,1.04438614149165e-07,527,1247571.35375981
racethn_combn,Other Hispanic,1999-2020,21.2,WTMEC.COMBN,age+gender,educ_level,prevent_hf_10yr_hba1c,3190,7993562.1452336,130,gaussian (identity),Less than 9th grade,0.0183442567905524,0.00335733834793624,2.44570875661429e-07,0.0117638736285973,0.0249246399525074,11.0662004435505,1.04438614149165e-07,726,1474962.90527696
racethn_combn,Other/Multi-Racial/NHAsian,1999-2020,21.2,WTMEC.COMBN,age+gender,educ_level,prevent_hf_10yr_hba1c,767,3984612.08941962,73,gaussian (identity),College graduate or above (Intercept),-0.170330794049249,0.00836331178471312,2.0725887714058e-30,-0.186722885147287,-0.153938702951212,5.90570689434583,0.000392889881802258,280,1538417.47386425
racethn_combn,Other/Multi-Racial/NHAsian,1999-2020,21.2,WTMEC.COMBN,age+gender,educ_level,prevent_hf_10yr_hba1c,767,3984612.08941962,73,gaussian (identity),Some college or AA degree,0.0184814292689224,0.00567964380620114,0.00178507552325941,0.00734932740876815,0.0296135311290766,5.90570689434583,0.000392889881802258,176,946543.950211038
racethn_combn,Other/Multi-Racial/NHAsian,1999-2020,21.2,WTMEC.COMBN,age+gender,educ_level,prevent_hf_10yr_hba1c,767,3984612.08941962,73,gaussian (identity),HS graduate or GED,0.0140813784946647,0.00608642327412239,0.0237675860997948,0.00215198887738486,0.0260107681119446,5.90570689434583,0.000392889881802258,147,716494.702775095
racethn_combn,Other/Multi-Racial/NHAsian,1999-2020,21.2,WTMEC.COMBN,age+gender,educ_level,prevent_hf_10yr_hba1c,767,3984612.08941962,73,gaussian (identity),9-11th grade,0.0326882769026916,0.00817271646957539,0.000160817624705586,0.0166697526223238,0.0487068011830594,5.90570689434583,0.000392889881802258,71,377841.371177642
racethn_combn,Other/Multi-Racial/NHAsian,1999-2020,21.2,WTMEC.COMBN,age+gender,educ_level,prevent_hf_10yr_hba1c,767,3984612.08941962,73,gaussian (identity),Less than 9th grade,0.00899418215109317,0.00865764602421568,0.302599139800839,-0.00797480405636956,0.0259631683585559,5.90570689434583,0.000392889881802258,93,405314.591391604
racethn_combn,NHAsian,1999-2020,21.2,WTMEC.COMBN,age+gender,educ_level,prevent_hf_10yr_hba1c,2014,3595767.22942209,67,gaussian (identity),College graduate or above (Intercept),-0.176565570212692,0.00605208750439825,1.55847089593882e-37,-0.188427661721313,-0.164703478704072,3.17986617250554,0.0194109467771502,1064,1963343.99854123
racethn_combn,NHAsian,1999-2020,21.2,WTMEC.COMBN,age+gender,educ_level,prevent_hf_10yr_hba1c,2014,3595767.22942209,67,gaussian (identity),Some college or AA degree,0.00441952409163708,0.00272663062757713,0.110203105386642,-0.00092467193841409,0.00976372012168825,3.17986617250554,0.0194109467771502,339,603766.709147736
racethn_combn,NHAsian,1999-2020,21.2,WTMEC.COMBN,age+gender,educ_level,prevent_hf_10yr_hba1c,2014,3595767.22942209,67,gaussian (identity),HS graduate or GED,0.00548712989254906,0.00293566155235747,0.0664075248235592,-0.000266766750071583,0.0112410265351697,3.17986617250554,0.0194109467771502,277,482942.487319566
racethn_combn,NHAsian,1999-2020,21.2,WTMEC.COMBN,age+gender,educ_level,prevent_hf_10yr_hba1c,2014,3595767.22942209,67,gaussian (identity),9-11th grade,0.0084373637972716,0.00468528131143189,0.0766744953221857,-0.000745787573134902,0.0176205151676781,3.17986617250554,0.0194109467771502,159,262690.944795811
racethn_combn,NHAsian,1999-2020,21.2,WTMEC.COMBN,age+gender,educ_level,prevent_hf_10yr_hba1c,2014,3595767.22942209,67,gaussian (identity),Less than 9th grade,0.0166831762637629,0.0058639366434639,0.00603741995575406,0.00518986044257362,0.0281764920849521,3.17986617250554,0.0194109467771502,175,283023.089617755
racethn_combn,Other/Multi-Racial,1999-2020,21.2,WTMEC.COMBN,age+gender,educ_level,prevent_hf_10yr_hba1c,566,2267044.86662802,62,gaussian (identity),College graduate or above (Intercept),-0.194475471952766,0.0177830155973753,1.61688442487565e-15,-0.229330182523622,-0.159620761381911,4.21907716719625,0.00468797805735296,137,547771.771017453
racethn_combn,Other/Multi-Racial,1999-2020,21.2,WTMEC.COMBN,age+gender,educ_level,prevent_hf_10yr_hba1c,566,2267044.86662802,62,gaussian (identity),Some college or AA degree,0.0334197584030577,0.0098241335200859,0.00124163754378879,0.0141644567036894,0.0526750601024261,4.21907716719625,0.00468797805735296,247,1003429.58703774
racethn_combn,Other/Multi-Racial,1999-2020,21.2,WTMEC.COMBN,age+gender,educ_level,prevent_hf_10yr_hba1c,566,2267044.86662802,62,gaussian (identity),HS graduate or GED,0.0335951260435411,0.00949598900492165,0.000819068007122528,0.0149829875938946,0.0522072644931875,4.21907716719625,0.00468797805735296,108,464337.700509095
racethn_combn,Other/Multi-Racial,1999-2020,21.2,WTMEC.COMBN,age+gender,educ_level,prevent_hf_10yr_hba1c,566,2267044.86662802,62,gaussian (identity),9-11th grade,0.0185954519077588,0.0110990710237098,0.0994303269612719,-0.00315872729871242,0.0403496311142301,4.21907716719625,0.00468797805735296,55,195579.412773679
racethn_combn,Other/Multi-Racial,1999-2020,21.2,WTMEC.COMBN,age+gender,educ_level,prevent_hf_10yr_hba1c,566,2267044.86662802,62,gaussian (identity),Less than 9th grade,0.0112106705540646,0.017920380412782,0.534130338616177,-0.0239132750549882,0.0463346161631173,4.21907716719625,0.00468797805735296,19,55926.3952900566
racethn_combn,NHW,1999-2020,21.2,WTMEC.COMBN,age+gender,educ_level,prevent_hf_10yr_uacr,15666,103633087.161141,162,gaussian (identity),College graduate or above (Intercept),-0.157727666776215,0.00196039147617657,6.29057879796838e-129,-0.161570034069521,-0.153885299482909,86.5240772050328,1.38305143217888e-38,4538,35270686.8676338
racethn_combn,NHW,1999-2020,21.2,WTMEC.COMBN,age+gender,educ_level,prevent_hf_10yr_uacr,15666,103633087.161141,162,gaussian (identity),Some college or AA degree,0.0126920857530334,0.00110023039270042,1.18792563403817e-22,0.0105356341833406,0.0148485373227262,86.5240772050328,1.38305143217888e-38,4862,32218277.9064017
racethn_combn,NHW,1999-2020,21.2,WTMEC.COMBN,age+gender,educ_level,prevent_hf_10yr_uacr,15666,103633087.161141,162,gaussian (identity),HS graduate or GED,0.0157774363996832,0.00128917329877336,1.44141488037748e-24,0.0132506567340874,0.0183042160652789,86.5240772050328,1.38305143217888e-38,3979,25189222.4803264
racethn_combn,NHW,1999-2020,21.2,WTMEC.COMBN,age+gender,educ_level,prevent_hf_10yr_uacr,15666,103633087.161141,162,gaussian (identity),9-11th grade,0.0251973774916473,0.00187375300660233,7.28513189600424e-28,0.0215248215987068,0.0288699333845879,86.5240772050328,1.38305143217888e-38,1680,8517269.11144411
racethn_combn,NHW,1999-2020,21.2,WTMEC.COMBN,age+gender,educ_level,prevent_hf_10yr_uacr,15666,103633087.161141,162,gaussian (identity),Less than 9th grade,0.0357389145856278,0.00398516866473684,8.89886851497801e-16,0.0279279840027436,0.043549845168512,86.5240772050328,1.38305143217888e-38,607,2437630.79533487
racethn_combn,NHB,1999-2020,21.2,WTMEC.COMBN,age+gender,educ_level,prevent_hf_10yr_uacr,7604,14820298.4228478,148,gaussian (identity),College graduate or above (Intercept),-0.168954613995428,0.00342793250128861,3.38213820499958e-91,-0.175673361697954,-0.162235866292903,21.0150660151693,1.25986154748125e-13,1369,2846346.46289445
racethn_combn,NHB,1999-2020,21.2,WTMEC.COMBN,age+gender,educ_level,prevent_hf_10yr_uacr,7604,14820298.4228478,148,gaussian (identity),Some college or AA degree,0.0111456333819522,0.00236920583390513,5.97659382266379e-06,0.00650198994749817,0.0157892768164063,21.0150660151693,1.25986154748125e-13,2427,4834188.15826066
racethn_combn,NHB,1999-2020,21.2,WTMEC.COMBN,age+gender,educ_level,prevent_hf_10yr_uacr,7604,14820298.4228478,148,gaussian (identity),HS graduate or GED,0.0126181467604119,0.00231445620751027,2.14860599905603e-07,0.00808181259369172,0.017154480927132,21.0150660151693,1.25986154748125e-13,1956,3806084.83208436
racethn_combn,NHB,1999-2020,21.2,WTMEC.COMBN,age+gender,educ_level,prevent_hf_10yr_uacr,7604,14820298.4228478,148,gaussian (identity),9-11th grade,0.0202180336977505,0.00238749109425194,2.82441005108867e-14,0.0155385511530168,0.0248975162424843,21.0150660151693,1.25986154748125e-13,1473,2752983.78008408
racethn_combn,NHB,1999-2020,21.2,WTMEC.COMBN,age+gender,educ_level,prevent_hf_10yr_uacr,7604,14820298.4228478,148,gaussian (identity),Less than 9th grade,0.0259829421010524,0.0056005454370276,7.86283709124257e-06,0.0150058730444783,0.0369600111576265,21.0150660151693,1.25986154748125e-13,379,580695.189524283
racethn_combn,Mexican-American,1999-2020,21.2,WTMEC.COMBN,age+gender,educ_level,prevent_hf_10yr_uacr,6201,10644054.003821,134,gaussian (identity),College graduate or above (Intercept),-0.155539236982155,0.00372185305894153,1.81883972687183e-76,-0.16283406897768,-0.14824440498663,5.73483637904636,0.000280892572053102,472,1037188.72230062
racethn_combn,Mexican-American,1999-2020,21.2,WTMEC.COMBN,age+gender,educ_level,prevent_hf_10yr_uacr,6201,10644054.003821,134,gaussian (identity),Some college or AA degree,0.00964554200753006,0.00237124534243006,8.24686167921561e-05,0.00499790113636714,0.014293182878693,5.73483637904636,0.000280892572053102,1079,2050650.97970472
racethn_combn,Mexican-American,1999-2020,21.2,WTMEC.COMBN,age+gender,educ_level,prevent_hf_10yr_uacr,6201,10644054.003821,134,gaussian (identity),HS graduate or GED,0.00833312376618101,0.00259573993998135,0.00167650208382066,0.00324547348381756,0.0134207740485445,5.73483637904636,0.000280892572053102,1056,2137539.8981784
racethn_combn,Mexican-American,1999-2020,21.2,WTMEC.COMBN,age+gender,educ_level,prevent_hf_10yr_uacr,6201,10644054.003821,134,gaussian (identity),9-11th grade,0.0107178127911465,0.00252462899994879,4.16085830853377e-05,0.00576953995124683,0.0156660856310461,5.73483637904636,0.000280892572053102,1152,2118418.00959862
racethn_combn,Mexican-American,1999-2020,21.2,WTMEC.COMBN,age+gender,educ_level,prevent_hf_10yr_uacr,6201,10644054.003821,134,gaussian (identity),Less than 9th grade,0.00819398512904244,0.00255533389042541,0.00169650091365479,0.00318553070380863,0.0132024395542762,5.73483637904636,0.000280892572053102,2442,3300256.39403862
racethn_combn,Other Hispanic,1999-2020,21.2,WTMEC.COMBN,age+gender,educ_level,prevent_hf_10yr_uacr,3181,7982911.61806779,130,gaussian (identity),College graduate or above (Intercept),-0.151012573757973,0.00499267843625492,4.43463572919994e-59,-0.160798223493032,-0.141226924022913,12.708951320689,1.06767361931391e-08,512,1372495.06313811
racethn_combn,Other Hispanic,1999-2020,21.2,WTMEC.COMBN,age+gender,educ_level,prevent_hf_10yr_uacr,3181,7982911.61806779,130,gaussian (identity),Some college or AA degree,0.00830390767972591,0.00267423861022322,0.0023571252524537,0.00306240000368839,0.0135454153557634,12.708951320689,1.06767361931391e-08,813,2184047.76933772
racethn_combn,Other Hispanic,1999-2020,21.2,WTMEC.COMBN,age+gender,educ_level,prevent_hf_10yr_uacr,3181,7982911.61806779,130,gaussian (identity),HS graduate or GED,0.0114788302582627,0.00300937861937104,0.000214194858777122,0.00558044816429544,0.0173772123522299,12.708951320689,1.06767361931391e-08,609,1714335.72680651
racethn_combn,Other Hispanic,1999-2020,21.2,WTMEC.COMBN,age+gender,educ_level,prevent_hf_10yr_uacr,3181,7982911.61806779,130,gaussian (identity),9-11th grade,0.0182690141970918,0.00351791243292841,8.22038106460762e-07,0.0113739058285522,0.0251641225656315,12.708951320689,1.06767361931391e-08,526,1246124.24900887
racethn_combn,Other Hispanic,1999-2020,21.2,WTMEC.COMBN,age+gender,educ_level,prevent_hf_10yr_uacr,3181,7982911.61806779,130,gaussian (identity),Less than 9th grade,0.0199393388568346,0.00311011444571377,2.7406799001079e-09,0.0138435145432356,0.0260351631704336,12.708951320689,1.06767361931391e-08,721,1465908.80977659
racethn_combn,Other/Multi-Racial/NHAsian,1999-2020,21.2,WTMEC.COMBN,age+gender,educ_level,prevent_hf_10yr_uacr,763,3963377.38203123,72,gaussian (identity),College graduate or above (Intercept),-0.146487701078695,0.00898039990048764,7.60398686386507e-25,-0.164089284883651,-0.128886117273739,5.92350679403334,0.000390216608962395,280,1536472.57271019
racethn_combn,Other/Multi-Racial/NHAsian,1999-2020,21.2,WTMEC.COMBN,age+gender,educ_level,prevent_hf_10yr_uacr,763,3963377.38203123,72,gaussian (identity),Some college or AA degree,0.0193195315742707,0.00684976867136116,0.00632671308816144,0.00589398497840282,0.0327450781701385,5.92350679403334,0.000390216608962395,175,944597.864880943
racethn_combn,Other/Multi-Racial/NHAsian,1999-2020,21.2,WTMEC.COMBN,age+gender,educ_level,prevent_hf_10yr_uacr,763,3963377.38203123,72,gaussian (identity),HS graduate or GED,0.0129649892022089,0.00591404803937609,0.0318941794098392,0.00137345504503175,0.024556523359386,5.92350679403334,0.000390216608962395,146,712202.623096698
racethn_combn,Other/Multi-Racial/NHAsian,1999-2020,21.2,WTMEC.COMBN,age+gender,educ_level,prevent_hf_10yr_uacr,763,3963377.38203123,72,gaussian (identity),9-11th grade,0.0312209521123442,0.00796207059941741,0.000212237501903619,0.015615293737486,0.0468266104872023,5.92350679403334,0.000390216608962395,68,359097.815188774
racethn_combn,Other/Multi-Racial/NHAsian,1999-2020,21.2,WTMEC.COMBN,age+gender,educ_level,prevent_hf_10yr_uacr,763,3963377.38203123,72,gaussian (identity),Less than 9th grade,0.0123535238918372,0.00746474490539718,0.102689791024599,-0.00227737612274123,0.0269844239064157,5.92350679403334,0.000390216608962395,94,411006.506154623
racethn_combn,NHAsian,1999-2020,21.2,WTMEC.COMBN,age+gender,educ_level,prevent_hf_10yr_uacr,2006,3581571.55437185,67,gaussian (identity),College graduate or above (Intercept),-0.154608650910656,0.00765873975121544,1.07647418514182e-28,-0.169619780823038,-0.139597520998273,3.10523984349466,0.0216081021580724,1058,1951577.37017164
racethn_combn,NHAsian,1999-2020,21.2,WTMEC.COMBN,age+gender,educ_level,prevent_hf_10yr_uacr,2006,3581571.55437185,67,gaussian (identity),Some college or AA degree,0.00636339270491192,0.00319382171560839,0.0508066861539124,0.000103502142319467,0.0126232832675044,3.10523984349466,0.0216081021580724,339,603766.709147736
racethn_combn,NHAsian,1999-2020,21.2,WTMEC.COMBN,age+gender,educ_level,prevent_hf_10yr_uacr,2006,3581571.55437185,67,gaussian (identity),HS graduate or GED,0.0043220877793278,0.00296246138474028,0.149708817023746,-0.00148433653476315,0.0101285120934187,3.10523984349466,0.0216081021580724,277,482942.487319566
racethn_combn,NHAsian,1999-2020,21.2,WTMEC.COMBN,age+gender,educ_level,prevent_hf_10yr_uacr,2006,3581571.55437185,67,gaussian (identity),9-11th grade,0.0131041025016586,0.00604760914279821,0.0341633767869866,0.00125078858177413,0.0249574164215431,3.10523984349466,0.0216081021580724,158,262173.270934868
racethn_combn,NHAsian,1999-2020,21.2,WTMEC.COMBN,age+gender,educ_level,prevent_hf_10yr_uacr,2006,3581571.55437185,67,gaussian (identity),Less than 9th grade,0.0112527321933887,0.00671339236200282,0.098825112330047,-0.0019055168361368,0.0244109812229143,3.10523984349466,0.0216081021580724,174,281111.716798038
racethn_combn,Other/Multi-Racial,1999-2020,21.2,WTMEC.COMBN,age+gender,educ_level,prevent_hf_10yr_uacr,561,2256500.2817107,62,gaussian (identity),College graduate or above (Intercept),-0.166062895981993,0.0149211358949503,8.21258100089359e-16,-0.195308322336096,-0.13681746962789,4.00779990248019,0.00627948931738155,135,545065.233636321
racethn_combn,Other/Multi-Racial,1999-2020,21.2,WTMEC.COMBN,age+gender,educ_level,prevent_hf_10yr_uacr,561,2256500.2817107,62,gaussian (identity),Some college or AA degree,0.0283398937143766,0.00861602909482485,0.00174049456772554,0.0114524766885199,0.0452273107402333,4.00779990248019,0.00627948931738155,244,995591.539501547
racethn_combn,Other/Multi-Racial,1999-2020,21.2,WTMEC.COMBN,age+gender,educ_level,prevent_hf_10yr_uacr,561,2256500.2817107,62,gaussian (identity),HS graduate or GED,0.0302393182990792,0.00979617758813621,0.00314323271434236,0.0110388102263323,0.0494398263718262,4.00779990248019,0.00627948931738155,108,464337.700509095
racethn_combn,Other/Multi-Racial,1999-2020,21.2,WTMEC.COMBN,age+gender,educ_level,prevent_hf_10yr_uacr,561,2256500.2817107,62,gaussian (identity),9-11th grade,0.0101688456703832,0.00916183655454381,0.271779737598479,-0.00778835397652269,0.0281260453172891,4.00779990248019,0.00627948931738155,55,195579.412773679
racethn_combn,Other/Multi-Racial,1999-2020,21.2,WTMEC.COMBN,age+gender,educ_level,prevent_hf_10yr_uacr,561,2256500.2817107,62,gaussian (identity),Less than 9th grade,0.00707490219088276,0.0109542816738365,0.521009690899357,-0.0143954898898368,0.0285452942716023,4.00779990248019,0.00627948931738155,19,55926.3952900566
racethn_combn,NHW,1999-2020,21.2,WTMEC.COMBN,age+gender,educ_level,prevent_hf_10yr_full,15651,103534855.547241,162,gaussian (identity),College graduate or above (Intercept),-0.158421192518755,0.00198831951705841,2.78103807704485e-128,-0.162318298772189,-0.15452408626532,84.9215533430995,3.74628388175644e-38,4534,35238905.5790074
racethn_combn,NHW,1999-2020,21.2,WTMEC.COMBN,age+gender,educ_level,prevent_hf_10yr_full,15651,103534855.547241,162,gaussian (identity),Some college or AA degree,0.012224503602551,0.00108626968278648,6.9600714327481e-22,0.0100954150242895,0.0143535921808125,84.9215533430995,3.74628388175644e-38,4856,32186029.0199493
racethn_combn,NHW,1999-2020,21.2,WTMEC.COMBN,age+gender,educ_level,prevent_hf_10yr_full,15651,103534855.547241,162,gaussian (identity),HS graduate or GED,0.0158927360858769,0.00130188686791341,1.75089610756945e-24,0.0133410378247666,0.0184444343469871,84.9215533430995,3.74628388175644e-38,3975,25158360.8638093
racethn_combn,NHW,1999-2020,21.2,WTMEC.COMBN,age+gender,educ_level,prevent_hf_10yr_full,15651,103534855.547241,162,gaussian (identity),9-11th grade,0.0253178404828499,0.00185949252408152,2.54722938947681e-28,0.0216732351356501,0.0289624458300496,84.9215533430995,3.74628388175644e-38,1680,8517269.11144411
racethn_combn,NHW,1999-2020,21.2,WTMEC.COMBN,age+gender,educ_level,prevent_hf_10yr_full,15651,103534855.547241,162,gaussian (identity),Less than 9th grade,0.0346003771167867,0.00373431163481969,1.48539067245114e-16,0.0272811263125401,0.0419196279210333,84.9215533430995,3.74628388175644e-38,606,2434290.97303062
racethn_combn,NHB,1999-2020,21.2,WTMEC.COMBN,age+gender,educ_level,prevent_hf_10yr_full,7581,14775977.4075239,148,gaussian (identity),College graduate or above (Intercept),-0.170978703295542,0.00341002902327964,3.37984038730715e-92,-0.17766236018117,-0.164295046409914,19.0993047350106,1.37454899683064e-12,1364,2836301.78391662
racethn_combn,NHB,1999-2020,21.2,WTMEC.COMBN,age+gender,educ_level,prevent_hf_10yr_full,7581,14775977.4075239,148,gaussian (identity),Some college or AA degree,0.0110377689300371,0.00241359071008913,1.03685936699286e-05,0.0063071311382624,0.0157684067218118,19.0993047350106,1.37454899683064e-12,2418,4817118.91992023
racethn_combn,NHB,1999-2020,21.2,WTMEC.COMBN,age+gender,educ_level,prevent_hf_10yr_full,7581,14775977.4075239,148,gaussian (identity),HS graduate or GED,0.0119967261751222,0.00243150706686335,2.22527779659862e-06,0.00723097232407008,0.0167624800261744,19.0993047350106,1.37454899683064e-12,1951,3794840.81095449
racethn_combn,NHB,1999-2020,21.2,WTMEC.COMBN,age+gender,educ_level,prevent_hf_10yr_full,7581,14775977.4075239,148,gaussian (identity),9-11th grade,0.020782429234133,0.00268986042121846,1.82695327186842e-12,0.0155103028085448,0.0260545556597212,19.0993047350106,1.37454899683064e-12,1470,2747959.472842
racethn_combn,NHB,1999-2020,21.2,WTMEC.COMBN,age+gender,educ_level,prevent_hf_10yr_full,7581,14775977.4075239,148,gaussian (identity),Less than 9th grade,0.0284533050448253,0.00595882619285674,4.42436043886184e-06,0.016774005706826,0.0401326043828245,19.0993047350106,1.37454899683064e-12,378,579756.419890604
racethn_combn,Mexican-American,1999-2020,21.2,WTMEC.COMBN,age+gender,educ_level,prevent_hf_10yr_full,6196,10633473.9889415,134,gaussian (identity),College graduate or above (Intercept),-0.16089834634548,0.00395340496350587,4.26193007353179e-75,-0.168647020073951,-0.153149672617008,6.36158632385755,0.000105967600136915,472,1037188.72230062
racethn_combn,Mexican-American,1999-2020,21.2,WTMEC.COMBN,age+gender,educ_level,prevent_hf_10yr_full,6196,10633473.9889415,134,gaussian (identity),Some college or AA degree,0.0111128906826436,0.00262026362363407,4.22914186818514e-05,0.0059771739803208,0.0162486073849664,6.36158632385755,0.000105967600136915,1077,2044957.56215585
racethn_combn,Mexican-American,1999-2020,21.2,WTMEC.COMBN,age+gender,educ_level,prevent_hf_10yr_full,6196,10633473.9889415,134,gaussian (identity),HS graduate or GED,0.0097761211283765,0.00274600204255501,0.000521036139453913,0.00439395712496869,0.0151582851317843,6.36158632385755,0.000105967600136915,1055,2133808.38454557
racethn_combn,Mexican-American,1999-2020,21.2,WTMEC.COMBN,age+gender,educ_level,prevent_hf_10yr_full,6196,10633473.9889415,134,gaussian (identity),9-11th grade,0.012017362467549,0.00288180703051597,5.57275066984606e-05,0.00636902068773771,0.0176657042473603,6.36158632385755,0.000105967600136915,1151,2118064.73721391
racethn_combn,Mexican-American,1999-2020,21.2,WTMEC.COMBN,age+gender,educ_level,prevent_hf_10yr_full,6196,10633473.9889415,134,gaussian (identity),Less than 9th grade,0.0112440448356047,0.00278132362712322,9.06672713956002e-05,0.00579265052644321,0.0166954391447662,6.36158632385755,0.000105967600136915,2441,3299454.58272551
racethn_combn,Other Hispanic,1999-2020,21.2,WTMEC.COMBN,age+gender,educ_level,prevent_hf_10yr_full,3175,7963777.20174996,130,gaussian (identity),College graduate or above (Intercept),-0.157938945109577,0.00556067325427801,4.07557889350521e-56,-0.168837864687962,-0.147040025531192,14.9792189962132,5.15123910710782e-10,512,1372495.06313811
racethn_combn,Other Hispanic,1999-2020,21.2,WTMEC.COMBN,age+gender,educ_level,prevent_hf_10yr_full,3175,7963777.20174996,130,gaussian (identity),Some college or AA degree,0.0109620993561946,0.00315632483729272,0.000709205058514707,0.00477570267510089,0.0171484960372883,14.9792189962132,5.15123910710782e-10,809,2168728.43232517
racethn_combn,Other Hispanic,1999-2020,21.2,WTMEC.COMBN,age+gender,educ_level,prevent_hf_10yr_full,3175,7963777.20174996,130,gaussian (identity),HS graduate or GED,0.0131381833405187,0.00322883928124067,8.34227549940186e-05,0.00680965834928699,0.0194667083317504,14.9792189962132,5.15123910710782e-10,608,1711352.40212509
racethn_combn,Other Hispanic,1999-2020,21.2,WTMEC.COMBN,age+gender,educ_level,prevent_hf_10yr_full,3175,7963777.20174996,130,gaussian (identity),9-11th grade,0.0221117399090616,0.00396080385763109,1.42203158817754e-07,0.0143485643481047,0.0298749154700186,14.9792189962132,5.15123910710782e-10,526,1246124.24900887
racethn_combn,Other Hispanic,1999-2020,21.2,WTMEC.COMBN,age+gender,educ_level,prevent_hf_10yr_full,3175,7963777.20174996,130,gaussian (identity),Less than 9th grade,0.0223170454182264,0.00337144548732404,9.75043617812921e-10,0.0157090122630713,0.0289250785733815,14.9792189962132,5.15123910710782e-10,720,1465077.05515272
racethn_combn,Other/Multi-Racial/NHAsian,1999-2020,21.2,WTMEC.COMBN,age+gender,educ_level,prevent_hf_10yr_full,760,3948490.98230453,72,gaussian (identity),College graduate or above (Intercept),-0.154338863771124,0.00945189940474912,7.19639272738748e-25,-0.172864586604432,-0.135813140937815,6.17009176294045,0.000279390003762177,279,1529772.8717384
racethn_combn,Other/Multi-Racial/NHAsian,1999-2020,21.2,WTMEC.COMBN,age+gender,educ_level,prevent_hf_10yr_full,760,3948490.98230453,72,gaussian (identity),Some college or AA degree,0.020381846161601,0.00713247601814022,0.00570440748691669,0.00640219316604621,0.0343614991571559,6.17009176294045,0.000279390003762177,175,944597.864880943
racethn_combn,Other/Multi-Racial/NHAsian,1999-2020,21.2,WTMEC.COMBN,age+gender,educ_level,prevent_hf_10yr_full,760,3948490.98230453,72,gaussian (identity),HS graduate or GED,0.0118542196593856,0.00567788999625827,0.0406806316913638,0.000725555266719346,0.0229828840520518,6.17009176294045,0.000279390003762177,145,709707.839104811
racethn_combn,Other/Multi-Racial/NHAsian,1999-2020,21.2,WTMEC.COMBN,age+gender,educ_level,prevent_hf_10yr_full,760,3948490.98230453,72,gaussian (identity),9-11th grade,0.0307385109453102,0.00778078783736306,0.000192255164983161,0.0154881667840786,0.0459888551065417,6.17009176294045,0.000279390003762177,68,359097.815188774
racethn_combn,Other/Multi-Racial/NHAsian,1999-2020,21.2,WTMEC.COMBN,age+gender,educ_level,prevent_hf_10yr_full,760,3948490.98230453,72,gaussian (identity),Less than 9th grade,0.016397734294899,0.00894832003177971,0.0713895288681976,-0.0011409729673892,0.0339364415571873,6.17009176294045,0.000279390003762177,93,405314.591391604
racethn_combn,NHAsian,1999-2020,21.2,WTMEC.COMBN,age+gender,educ_level,prevent_hf_10yr_full,2005,3580392.56447817,67,gaussian (identity),College graduate or above (Intercept),-0.160706913548775,0.00802106325661267,1.6067584632086e-28,-0.176428197531736,-0.144985629565815,3.67984837433168,0.00949323373496485,1058,1951577.37017164
racethn_combn,NHAsian,1999-2020,21.2,WTMEC.COMBN,age+gender,educ_level,prevent_hf_10yr_full,2005,3580392.56447817,67,gaussian (identity),Some college or AA degree,0.00732038419856668,0.00334306159100888,0.032378733770982,0.000767983480189269,0.0138727849169441,3.67984837433168,0.00949323373496485,339,603766.709147736
racethn_combn,NHAsian,1999-2020,21.2,WTMEC.COMBN,age+gender,educ_level,prevent_hf_10yr_full,2005,3580392.56447817,67,gaussian (identity),HS graduate or GED,0.00472413969408351,0.00301502659231493,0.12231960518148,-0.00118531242685374,0.0106335918150208,3.67984837433168,0.00949323373496485,277,482942.487319566
racethn_combn,NHAsian,1999-2020,21.2,WTMEC.COMBN,age+gender,educ_level,prevent_hf_10yr_full,2005,3580392.56447817,67,gaussian (identity),9-11th grade,0.0143989165135182,0.00664378754318858,0.0341273651251819,0.00137709292886862,0.0274207400981679,3.67984837433168,0.00949323373496485,158,262173.270934868
racethn_combn,NHAsian,1999-2020,21.2,WTMEC.COMBN,age+gender,educ_level,prevent_hf_10yr_full,2005,3580392.56447817,67,gaussian (identity),Less than 9th grade,0.0171947224928043,0.00697595187787513,0.0165379098662543,0.00352185681216908,0.0308675881734396,3.67984837433168,0.00949323373496485,173,279932.726904359
racethn_combn,Other/Multi-Racial,1999-2020,21.2,WTMEC.COMBN,age+gender,educ_level,prevent_hf_10yr_full,561,2256500.2817107,62,gaussian (identity),College graduate or above (Intercept),-0.173508125967232,0.0187281528734792,6.75752442078158e-13,-0.210215305599251,-0.136800946335213,4.40518031318007,0.00362949789641437,135,545065.233636321
racethn_combn,Other/Multi-Racial,1999-2020,21.2,WTMEC.COMBN,age+gender,educ_level,prevent_hf_10yr_full,561,2256500.2817107,62,gaussian (identity),Some college or AA degree,0.0333042223489427,0.0097399550765274,0.00117736095135294,0.014213910398949,0.0523945342989364,4.40518031318007,0.00362949789641437,244,995591.539501547
racethn_combn,Other/Multi-Racial,1999-2020,21.2,WTMEC.COMBN,age+gender,educ_level,prevent_hf_10yr_full,561,2256500.2817107,62,gaussian (identity),HS graduate or GED,0.0310752039207201,0.00935909754425283,0.00158638140501934,0.0127313727339845,0.0494190351074556,4.40518031318007,0.00362949789641437,108,464337.700509095
racethn_combn,Other/Multi-Racial,1999-2020,21.2,WTMEC.COMBN,age+gender,educ_level,prevent_hf_10yr_full,561,2256500.2817107,62,gaussian (identity),9-11th grade,0.0150808021668182,0.00966754823845731,0.124407933151203,-0.00386759238055815,0.0340291967141945,4.40518031318007,0.00362949789641437,55,195579.412773679
racethn_combn,Other/Multi-Racial,1999-2020,21.2,WTMEC.COMBN,age+gender,educ_level,prevent_hf_10yr_full,561,2256500.2817107,62,gaussian (identity),Less than 9th grade,0.0103774911964779,0.0150712687034768,0.49394222257345,-0.0191621954623365,0.0399171778552924,4.40518031318007,0.00362949789641437,19,55926.3952900566
racethn_combn,NHW,1999-2020,21.2,WTMEC.COMBN,age+gender,educ_level,prevent_hf_30yr_base,15800,104277995.879337,162,gaussian (identity),College graduate or above (Intercept),-0.163032619388092,0.0027883191742018,5.3094312927595e-108,-0.168497724969528,-0.157567513806657,116.40655005109,8.75801201371366e-46,4562,35404925.0443767
racethn_combn,NHW,1999-2020,21.2,WTMEC.COMBN,age+gender,educ_level,prevent_hf_30yr_base,15800,104277995.879337,162,gaussian (identity),Some college or AA degree,0.0265162148820075,0.00184873380551626,2.72854081744413e-30,0.0228926966231956,0.0301397331408193,116.40655005109,8.75801201371366e-46,4893,32357031.0377336
racethn_combn,NHW,1999-2020,21.2,WTMEC.COMBN,age+gender,educ_level,prevent_hf_30yr_base,15800,104277995.879337,162,gaussian (identity),HS graduate or GED,0.0318113646742056,0.00225406340314502,1.14151007125952e-29,0.0273934004040414,0.0362293289443699,116.40655005109,8.75801201371366e-46,4016,25406774.3688037
racethn_combn,NHW,1999-2020,21.2,WTMEC.COMBN,age+gender,educ_level,prevent_hf_30yr_base,15800,104277995.879337,162,gaussian (identity),9-11th grade,0.0373423063409381,0.00254125739833697,3.08248633464827e-31,0.0323614418401977,0.0423231708416786,116.40655005109,8.75801201371366e-46,1704,8619151.24291126
racethn_combn,NHW,1999-2020,21.2,WTMEC.COMBN,age+gender,educ_level,prevent_hf_30yr_base,15800,104277995.879337,162,gaussian (identity),Less than 9th grade,0.036156656634484,0.00487576844665627,7.25013623568394e-12,0.0266001504790377,0.0457131627899303,116.40655005109,8.75801201371366e-46,625,2490114.18551192
racethn_combn,NHB,1999-2020,21.2,WTMEC.COMBN,age+gender,educ_level,prevent_hf_30yr_base,7703,14987750.5852691,148,gaussian (identity),College graduate or above (Intercept),-0.149253238574463,0.00583399730792682,4.95430086227555e-55,-0.160687873297999,-0.137818603850926,20.5856858184739,2.13817738531595e-13,1382,2867279.27513777
racethn_combn,NHB,1999-2020,21.2,WTMEC.COMBN,age+gender,educ_level,prevent_hf_30yr_base,7703,14987750.5852691,148,gaussian (identity),Some college or AA degree,0.0219134846539333,0.0039939166164956,1.82680213622913e-07,0.0140854080856019,0.0297415612222647,20.5856858184739,2.13817738531595e-13,2452,4879281.70713981
racethn_combn,NHB,1999-2020,21.2,WTMEC.COMBN,age+gender,educ_level,prevent_hf_30yr_base,7703,14987750.5852691,148,gaussian (identity),HS graduate or GED,0.0250687054561301,0.0042277926750014,2.20517699239881e-08,0.0167822318131273,0.0333551790991328,20.5856858184739,2.13817738531595e-13,1983,3856810.60133849
racethn_combn,NHB,1999-2020,21.2,WTMEC.COMBN,age+gender,educ_level,prevent_hf_30yr_base,7703,14987750.5852691,148,gaussian (identity),9-11th grade,0.03313896027886,0.0043689219972708,3.97283465683041e-12,0.0245758731642092,0.0417020473935107,20.5856858184739,2.13817738531595e-13,1494,2786321.16433136
racethn_combn,NHB,1999-2020,21.2,WTMEC.COMBN,age+gender,educ_level,prevent_hf_30yr_base,7703,14987750.5852691,148,gaussian (identity),Less than 9th grade,0.000200074890045686,0.00751521199515915,0.978798081791046,-0.0145297406204663,0.0149298904005576,20.5856858184739,2.13817738531595e-13,392,598057.837321642
racethn_combn,Mexican-American,1999-2020,21.2,WTMEC.COMBN,age+gender,educ_level,prevent_hf_30yr_base,6231,10684202.3052091,134,gaussian (identity),College graduate or above (Intercept),-0.193101098599253,0.00638321736819781,3.65434245785543e-60,-0.205612204640921,-0.180589992557586,5.06847965341344,0.000798615887790022,475,1044787.38624562
racethn_combn,Mexican-American,1999-2020,21.2,WTMEC.COMBN,age+gender,educ_level,prevent_hf_30yr_base,6231,10684202.3052091,134,gaussian (identity),Some college or AA degree,0.0195994188712908,0.00560670207195165,0.000650295650199539,0.00861028281026554,0.030588554932316,5.06847965341344,0.000798615887790022,1085,2058991.71157509
racethn_combn,Mexican-American,1999-2020,21.2,WTMEC.COMBN,age+gender,educ_level,prevent_hf_30yr_base,6231,10684202.3052091,134,gaussian (identity),HS graduate or GED,0.0186002618988357,0.00534735365601276,0.000689855255473503,0.00811944873305069,0.0290810750646207,5.06847965341344,0.000798615887790022,1060,2142592.7985134
racethn_combn,Mexican-American,1999-2020,21.2,WTMEC.COMBN,age+gender,educ_level,prevent_hf_30yr_base,6231,10684202.3052091,134,gaussian (identity),9-11th grade,0.0179155065530532,0.00556894537749244,0.00164056741049697,0.00700037361316799,0.0288306394929384,5.06847965341344,0.000798615887790022,1159,2123846.24468117
racethn_combn,Mexican-American,1999-2020,21.2,WTMEC.COMBN,age+gender,educ_level,prevent_hf_30yr_base,6231,10684202.3052091,134,gaussian (identity),Less than 9th grade,0.010746427829947,0.00556211647568042,0.0555597127008111,-0.000155320462386579,0.0216481761222807,5.06847965341344,0.000798615887790022,2452,3313984.16419381
racethn_combn,Other Hispanic,1999-2020,21.2,WTMEC.COMBN,age+gender,educ_level,prevent_hf_30yr_base,3196,8012696.56155144,130,gaussian (identity),College graduate or above (Intercept),-0.184069506247988,0.00717058797238933,1.86936568745796e-51,-0.198123858673871,-0.170015153822105,3.57398534587569,0.0085452192864514,515,1382739.9268943
racethn_combn,Other Hispanic,1999-2020,21.2,WTMEC.COMBN,age+gender,educ_level,prevent_hf_30yr_base,3196,8012696.56155144,130,gaussian (identity),Some college or AA degree,0.0113324777974886,0.00563255109815675,0.0463911584928016,0.000292677645101314,0.0223722779498758,3.57398534587569,0.0085452192864514,814,2186490.87226781
racethn_combn,Other Hispanic,1999-2020,21.2,WTMEC.COMBN,age+gender,educ_level,prevent_hf_30yr_base,3196,8012696.56155144,130,gaussian (identity),HS graduate or GED,0.0140130557071441,0.00569645338743362,0.0152729627464955,0.0028480070677742,0.025178104346514,3.57398534587569,0.0085452192864514,613,1720099.74872868
racethn_combn,Other Hispanic,1999-2020,21.2,WTMEC.COMBN,age+gender,educ_level,prevent_hf_30yr_base,3196,8012696.56155144,130,gaussian (identity),9-11th grade,0.0251162716820534,0.00676489707893401,0.000308423558843014,0.0118570734073427,0.038375469956764,3.57398534587569,0.0085452192864514,527,1247571.35375981
racethn_combn,Other Hispanic,1999-2020,21.2,WTMEC.COMBN,age+gender,educ_level,prevent_hf_30yr_base,3196,8012696.56155144,130,gaussian (identity),Less than 9th grade,0.0140563886551861,0.00653624626751403,0.0334538332313222,0.00124534597085865,0.0268674313395136,3.57398534587569,0.0085452192864514,727,1475794.65990083
racethn_combn,Other/Multi-Racial/NHAsian,1999-2020,21.2,WTMEC.COMBN,age+gender,educ_level,prevent_hf_30yr_base,770,3999498.48914632,73,gaussian (identity),College graduate or above (Intercept),-0.188853998294359,0.0106777951890906,6.10775365569646e-27,-0.209782476864977,-0.167925519723742,11.5560773634877,3.4131049017949e-07,281,1545117.17483604
racethn_combn,Other/Multi-Racial/NHAsian,1999-2020,21.2,WTMEC.COMBN,age+gender,educ_level,prevent_hf_30yr_base,770,3999498.48914632,73,gaussian (identity),Some college or AA degree,0.050075607203651,0.0115895526961163,5.2697674299538e-05,0.027360083919263,0.072791130488039,11.5560773634877,3.4131049017949e-07,176,946543.950211038
racethn_combn,Other/Multi-Racial/NHAsian,1999-2020,21.2,WTMEC.COMBN,age+gender,educ_level,prevent_hf_30yr_base,770,3999498.48914632,73,gaussian (identity),HS graduate or GED,0.0349759736232916,0.0101862662939972,0.00102574003905865,0.0150108916870572,0.0549410555595261,11.5560773634877,3.4131049017949e-07,148,718989.486766981
racethn_combn,Other/Multi-Racial/NHAsian,1999-2020,21.2,WTMEC.COMBN,age+gender,educ_level,prevent_hf_30yr_base,770,3999498.48914632,73,gaussian (identity),9-11th grade,0.0629465443772283,0.0141622133178034,3.38796816759384e-05,0.0351886062743337,0.0907044824801228,11.5560773634877,3.4131049017949e-07,71,377841.371177642
racethn_combn,Other/Multi-Racial/NHAsian,1999-2020,21.2,WTMEC.COMBN,age+gender,educ_level,prevent_hf_30yr_base,770,3999498.48914632,73,gaussian (identity),Less than 9th grade,-0.00841731085917123,0.00862095604227001,0.332389475504368,-0.0253143847020204,0.00847976298367799,11.5560773634877,3.4131049017949e-07,94,411006.506154623
racethn_combn,NHAsian,1999-2020,21.2,WTMEC.COMBN,age+gender,educ_level,prevent_hf_30yr_base,2015,3596946.21931577,67,gaussian (identity),College graduate or above (Intercept),-0.18471698195046,0.00711849558390963,1.17036662904133e-34,-0.198669233294922,-0.170764730605997,4.28494293491766,0.00403544886078936,1064,1963343.99854123
racethn_combn,NHAsian,1999-2020,21.2,WTMEC.COMBN,age+gender,educ_level,prevent_hf_30yr_base,2015,3596946.21931577,67,gaussian (identity),Some college or AA degree,0.0170149067483334,0.00510584474292926,0.00146651329254859,0.00700745105219209,0.0270223624444748,4.28494293491766,0.00403544886078936,339,603766.709147736
racethn_combn,NHAsian,1999-2020,21.2,WTMEC.COMBN,age+gender,educ_level,prevent_hf_30yr_base,2015,3596946.21931577,67,gaussian (identity),HS graduate or GED,0.0183681774303553,0.00603799973364495,0.00346158809800404,0.00653369795241119,0.0302026569082994,4.28494293491766,0.00403544886078936,277,482942.487319566
racethn_combn,NHAsian,1999-2020,21.2,WTMEC.COMBN,age+gender,educ_level,prevent_hf_30yr_base,2015,3596946.21931577,67,gaussian (identity),9-11th grade,0.0151338847023111,0.0064591663338414,0.022406285045371,0.00247391868798196,0.0277938507166403,4.28494293491766,0.00403544886078936,159,262690.944795811
racethn_combn,NHAsian,1999-2020,21.2,WTMEC.COMBN,age+gender,educ_level,prevent_hf_30yr_base,2015,3596946.21931577,67,gaussian (identity),Less than 9th grade,0.0122201516674486,0.00669948152300842,0.073044489983696,-0.000910832117647916,0.0253511354525451,4.28494293491766,0.00403544886078936,176,284202.079511434
racethn_combn,Other/Multi-Racial,1999-2020,21.2,WTMEC.COMBN,age+gender,educ_level,prevent_hf_30yr_base,566,2267044.86662802,62,gaussian (identity),College graduate or above (Intercept),-0.145158891512344,0.0193211389129585,4.91373600576836e-10,-0.183028323781742,-0.107289459242945,4.6285564377398,0.00267496924630222,137,547771.771017453
racethn_combn,Other/Multi-Racial,1999-2020,21.2,WTMEC.COMBN,age+gender,educ_level,prevent_hf_30yr_base,566,2267044.86662802,62,gaussian (identity),Some college or AA degree,0.0532466344964855,0.0141655838389627,0.000409274818867461,0.0254820901721186,0.0810111788208524,4.6285564377398,0.00267496924630222,247,1003429.58703774
racethn_combn,Other/Multi-Racial,1999-2020,21.2,WTMEC.COMBN,age+gender,educ_level,prevent_hf_30yr_base,566,2267044.86662802,62,gaussian (identity),HS graduate or GED,0.039312666548456,0.0170546180778442,0.0248898470765058,0.00588561511588141,0.0727397179810306,4.6285564377398,0.00267496924630222,108,464337.700509095
racethn_combn,Other/Multi-Racial,1999-2020,21.2,WTMEC.COMBN,age+gender,educ_level,prevent_hf_30yr_base,566,2267044.86662802,62,gaussian (identity),9-11th grade,0.00605495290430923,0.0178586297995941,0.735840859166819,-0.0289479615028953,0.0410578673115137,4.6285564377398,0.00267496924630222,55,195579.412773679
racethn_combn,Other/Multi-Racial,1999-2020,21.2,WTMEC.COMBN,age+gender,educ_level,prevent_hf_30yr_base,566,2267044.86662802,62,gaussian (identity),Less than 9th grade,0.00980074475057008,0.019615031160708,0.619275745199852,-0.0286447163244175,0.0482462058255577,4.6285564377398,0.00267496924630222,19,55926.3952900566
racethn_combn,NHW,1999-2020,21.2,WTMEC.COMBN,age+gender,educ_level,prevent_hf_30yr_hba1c,15784,104176158.59452,162,gaussian (identity),College graduate or above (Intercept),-0.162569734612569,0.00270818086584546,1.04081137785232e-109,-0.167877769109626,-0.157261700115512,128.633450006306,2.43887721685012e-48,4558,35373143.7557502
racethn_combn,NHW,1999-2020,21.2,WTMEC.COMBN,age+gender,educ_level,prevent_hf_30yr_hba1c,15784,104176158.59452,162,gaussian (identity),Some college or AA degree,0.0265742074267211,0.00176800462592609,3.86120228220251e-32,0.0231089183599059,0.0300394964935362,128.633450006306,2.43887721685012e-48,4887,32324782.1512812
racethn_combn,NHW,1999-2020,21.2,WTMEC.COMBN,age+gender,educ_level,prevent_hf_30yr_hba1c,15784,104176158.59452,162,gaussian (identity),HS graduate or GED,0.0325628397014626,0.00214088532550007,1.27925211701564e-32,0.0283667044634825,0.0367589749394428,128.633450006306,2.43887721685012e-48,4011,25372307.0813698
racethn_combn,NHW,1999-2020,21.2,WTMEC.COMBN,age+gender,educ_level,prevent_hf_30yr_hba1c,15784,104176158.59452,162,gaussian (identity),9-11th grade,0.03841287577838,0.00250313584916075,5.54853736894501e-33,0.0335067295140249,0.0433190220427351,128.633450006306,2.43887721685012e-48,1704,8619151.24291126
racethn_combn,NHW,1999-2020,21.2,WTMEC.COMBN,age+gender,educ_level,prevent_hf_30yr_hba1c,15784,104176158.59452,162,gaussian (identity),Less than 9th grade,0.0357547622457926,0.00481939832391682,7.11608291503496e-12,0.0263087415309156,0.0452007829606696,128.633450006306,2.43887721685012e-48,624,2486774.36320768
racethn_combn,NHB,1999-2020,21.2,WTMEC.COMBN,age+gender,educ_level,prevent_hf_30yr_hba1c,7679,14942314.6947738,148,gaussian (identity),College graduate or above (Intercept),-0.14835164189761,0.00580124903753044,5.209516389311e-55,-0.15972209001117,-0.136981193784051,17.8206113110694,7.07737556170817e-12,1377,2857234.59615994
racethn_combn,NHB,1999-2020,21.2,WTMEC.COMBN,age+gender,educ_level,prevent_hf_30yr_hba1c,7679,14942314.6947738,148,gaussian (identity),Some college or AA degree,0.0218555506123021,0.00410263532327667,3.82110659880599e-07,0.0138143853786798,0.0298967158459243,17.8206113110694,7.07737556170817e-12,2443,4862212.46879938
racethn_combn,NHB,1999-2020,21.2,WTMEC.COMBN,age+gender,educ_level,prevent_hf_30yr_hba1c,7679,14942314.6947738,148,gaussian (identity),HS graduate or GED,0.024330528359688,0.00435092669917227,1.11434934833483e-07,0.0158027120293103,0.0328583446900657,17.8206113110694,7.07737556170817e-12,1978,3845566.58020862
racethn_combn,NHB,1999-2020,21.2,WTMEC.COMBN,age+gender,educ_level,prevent_hf_30yr_hba1c,7679,14942314.6947738,148,gaussian (identity),9-11th grade,0.0332490183589778,0.00464948245546443,4.18174037503442e-11,0.0241360327462675,0.0423620039716881,17.8206113110694,7.07737556170817e-12,1491,2781296.85708928
racethn_combn,NHB,1999-2020,21.2,WTMEC.COMBN,age+gender,educ_level,prevent_hf_30yr_hba1c,7679,14942314.6947738,148,gaussian (identity),Less than 9th grade,0.000929709747166966,0.00761891090864878,0.903050477901483,-0.0140033556337846,0.0158627751281186,17.8206113110694,7.07737556170817e-12,390,596004.192516547
racethn_combn,Mexican-American,1999-2020,21.2,WTMEC.COMBN,age+gender,educ_level,prevent_hf_30yr_hba1c,6226,10673622.2903296,134,gaussian (identity),College graduate or above (Intercept),-0.197138438550951,0.00672779100564934,1.29776337204722e-58,-0.210324908922023,-0.183951968179878,6.15517526014118,0.000145946865409315,475,1044787.38624562
racethn_combn,Mexican-American,1999-2020,21.2,WTMEC.COMBN,age+gender,educ_level,prevent_hf_30yr_hba1c,6226,10673622.2903296,134,gaussian (identity),Some college or AA degree,0.0224195975812938,0.00571209043944544,0.000140891267935772,0.0112239003199807,0.0336152948426069,6.15517526014118,0.000145946865409315,1083,2053298.29402623
racethn_combn,Mexican-American,1999-2020,21.2,WTMEC.COMBN,age+gender,educ_level,prevent_hf_30yr_hba1c,6226,10673622.2903296,134,gaussian (identity),HS graduate or GED,0.0217770513326208,0.0052173777784616,5.4901478921212e-05,0.011550990886836,0.0320031117784055,6.15517526014118,0.000145946865409315,1059,2138861.28488057
racethn_combn,Mexican-American,1999-2020,21.2,WTMEC.COMBN,age+gender,educ_level,prevent_hf_30yr_hba1c,6226,10673622.2903296,134,gaussian (identity),9-11th grade,0.0207176789996758,0.00542337017414321,0.000207050307682595,0.0100878734583551,0.0313474845409965,6.15517526014118,0.000145946865409315,1158,2123492.97229645
racethn_combn,Mexican-American,1999-2020,21.2,WTMEC.COMBN,age+gender,educ_level,prevent_hf_30yr_hba1c,6226,10673622.2903296,134,gaussian (identity),Less than 9th grade,0.0158312659086365,0.00536986860491786,0.00380063013921684,0.00530632344299751,0.0263562083742755,6.15517526014118,0.000145946865409315,2451,3313182.3528807
racethn_combn,Other Hispanic,1999-2020,21.2,WTMEC.COMBN,age+gender,educ_level,prevent_hf_30yr_hba1c,3190,7993562.1452336,130,gaussian (identity),College graduate or above (Intercept),-0.188243417823847,0.00748593323676426,1.60104338911739e-50,-0.202915846967905,-0.173570988679789,4.99376619924954,0.000913457895581908,515,1382739.9268943
racethn_combn,Other Hispanic,1999-2020,21.2,WTMEC.COMBN,age+gender,educ_level,prevent_hf_30yr_hba1c,3190,7993562.1452336,130,gaussian (identity),Some college or AA degree,0.0153033787234786,0.00602285238323743,0.0122908266800743,0.00349858805233321,0.0271081693946239,4.99376619924954,0.000913457895581908,810,2171171.53525526
racethn_combn,Other Hispanic,1999-2020,21.2,WTMEC.COMBN,age+gender,educ_level,prevent_hf_30yr_hba1c,3190,7993562.1452336,130,gaussian (identity),HS graduate or GED,0.0169953586571872,0.00568215461288041,0.0033550426394156,0.00585833561594157,0.0281323816984328,4.99376619924954,0.000913457895581908,612,1717116.42404726
racethn_combn,Other Hispanic,1999-2020,21.2,WTMEC.COMBN,age+gender,educ_level,prevent_hf_30yr_hba1c,3190,7993562.1452336,130,gaussian (identity),9-11th grade,0.0310452329843468,0.00730382707229645,4.15522036902204e-05,0.0167297319226457,0.0453607340460478,4.99376619924954,0.000913457895581908,527,1247571.35375981
racethn_combn,Other Hispanic,1999-2020,21.2,WTMEC.COMBN,age+gender,educ_level,prevent_hf_30yr_hba1c,3190,7993562.1452336,130,gaussian (identity),Less than 9th grade,0.0180126370512374,0.0064494597966163,0.00605304868730954,0.0053716958498694,0.0306535782526053,4.99376619924954,0.000913457895581908,726,1474962.90527696
racethn_combn,Other/Multi-Racial/NHAsian,1999-2020,21.2,WTMEC.COMBN,age+gender,educ_level,prevent_hf_30yr_hba1c,767,3984612.08941962,73,gaussian (identity),College graduate or above (Intercept),-0.194024741753493,0.0103883522110447,2.90977295880664e-28,-0.214385912087141,-0.173663571419845,11.5499751948658,3.43684453167755e-07,280,1538417.47386425
racethn_combn,Other/Multi-Racial/NHAsian,1999-2020,21.2,WTMEC.COMBN,age+gender,educ_level,prevent_hf_30yr_hba1c,767,3984612.08941962,73,gaussian (identity),Some college or AA degree,0.0508091834363259,0.0110982821308718,2.09213220345287e-05,0.0290565504598173,0.0725618164128346,11.5499751948658,3.43684453167755e-07,176,946543.950211038
racethn_combn,Other/Multi-Racial/NHAsian,1999-2020,21.2,WTMEC.COMBN,age+gender,educ_level,prevent_hf_30yr_hba1c,767,3984612.08941962,73,gaussian (identity),HS graduate or GED,0.0344045431113566,0.00981279495911354,0.000816376662561721,0.0151714649914941,0.0536376212312192,11.5499751948658,3.43684453167755e-07,147,716494.702775095
racethn_combn,Other/Multi-Racial/NHAsian,1999-2020,21.2,WTMEC.COMBN,age+gender,educ_level,prevent_hf_30yr_hba1c,767,3984612.08941962,73,gaussian (identity),9-11th grade,0.060846395641298,0.0128595077649226,1.19217677248125e-05,0.0356417604220498,0.0860510308605462,11.5499751948658,3.43684453167755e-07,71,377841.371177642
racethn_combn,Other/Multi-Racial/NHAsian,1999-2020,21.2,WTMEC.COMBN,age+gender,educ_level,prevent_hf_30yr_hba1c,767,3984612.08941962,73,gaussian (identity),Less than 9th grade,-0.001517286777967,0.0103057118241559,0.883394400194369,-0.0217164819533126,0.0186819083973786,11.5499751948658,3.43684453167755e-07,93,405314.591391604
racethn_combn,NHAsian,1999-2020,21.2,WTMEC.COMBN,age+gender,educ_level,prevent_hf_30yr_hba1c,2014,3595767.22942209,67,gaussian (identity),College graduate or above (Intercept),-0.187828563742779,0.00678905069004294,3.1723515963919e-36,-0.201135103095263,-0.174522024390295,5.39905082798928,0.000867560602828099,1064,1963343.99854123
racethn_combn,NHAsian,1999-2020,21.2,WTMEC.COMBN,age+gender,educ_level,prevent_hf_30yr_hba1c,2014,3595767.22942209,67,gaussian (identity),Some college or AA degree,0.0184317754862346,0.00507967742260844,0.000584146328061739,0.00847560773792208,0.0283879432345472,5.39905082798928,0.000867560602828099,339,603766.709147736
racethn_combn,NHAsian,1999-2020,21.2,WTMEC.COMBN,age+gender,educ_level,prevent_hf_30yr_hba1c,2014,3595767.22942209,67,gaussian (identity),HS graduate or GED,0.0192597910489049,0.00580145802337197,0.00152369982121151,0.0078889333230958,0.0306306487747139,5.39905082798928,0.000867560602828099,277,482942.487319566
racethn_combn,NHAsian,1999-2020,21.2,WTMEC.COMBN,age+gender,educ_level,prevent_hf_30yr_hba1c,2014,3595767.22942209,67,gaussian (identity),9-11th grade,0.0172537739220136,0.00711164317401747,0.0182327265931712,0.0033149533009394,0.0311925945430879,5.39905082798928,0.000867560602828099,159,262690.944795811
racethn_combn,NHAsian,1999-2020,21.2,WTMEC.COMBN,age+gender,educ_level,prevent_hf_30yr_hba1c,2014,3595767.22942209,67,gaussian (identity),Less than 9th grade,0.0197944260841124,0.00715731045319266,0.00750657991244377,0.00576609759585478,0.03382275457237,5.39905082798928,0.000867560602828099,175,283023.089617755
racethn_combn,Other/Multi-Racial,1999-2020,21.2,WTMEC.COMBN,age+gender,educ_level,prevent_hf_30yr_hba1c,566,2267044.86662802,62,gaussian (identity),College graduate or above (Intercept),-0.151002081926607,0.0206841077288283,1.10328723764369e-09,-0.19154293307511,-0.110461230778103,4.69527005836558,0.00244301931284857,137,547771.771017453
racethn_combn,Other/Multi-Racial,1999-2020,21.2,WTMEC.COMBN,age+gender,educ_level,prevent_hf_30yr_hba1c,566,2267044.86662802,62,gaussian (identity),Some college or AA degree,0.0591116422177825,0.0144416031657735,0.00013798322782687,0.0308061000128665,0.0874171844226985,4.69527005836558,0.00244301931284857,247,1003429.58703774
racethn_combn,Other/Multi-Racial,1999-2020,21.2,WTMEC.COMBN,age+gender,educ_level,prevent_hf_30yr_hba1c,566,2267044.86662802,62,gaussian (identity),HS graduate or GED,0.0410023585312416,0.0163918221698816,0.0153208817601372,0.00887438707827363,0.0731303299842095,4.69527005836558,0.00244301931284857,108,464337.700509095
racethn_combn,Other/Multi-Racial,1999-2020,21.2,WTMEC.COMBN,age+gender,educ_level,prevent_hf_30yr_hba1c,566,2267044.86662802,62,gaussian (identity),9-11th grade,0.0115505702275571,0.017620894056504,0.514827188188793,-0.0229863821231908,0.046087522578305,4.69527005836558,0.00244301931284857,55,195579.412773679
racethn_combn,Other/Multi-Racial,1999-2020,21.2,WTMEC.COMBN,age+gender,educ_level,prevent_hf_30yr_hba1c,566,2267044.86662802,62,gaussian (identity),Less than 9th grade,0.015732700514739,0.0265522655502877,0.555888747038254,-0.0363097399638249,0.0677751409933029,4.69527005836558,0.00244301931284857,19,55926.3952900566
racethn_combn,NHW,1999-2020,21.2,WTMEC.COMBN,age+gender,educ_level,prevent_hf_30yr_uacr,15666,103633087.161141,162,gaussian (identity),College graduate or above (Intercept),-0.167000239862969,0.00242154573553081,9.04978988296778e-119,-0.171746469504609,-0.162254010221328,122.48821863355,4.43997918057849e-47,4538,35270686.8676338
racethn_combn,NHW,1999-2020,21.2,WTMEC.COMBN,age+gender,educ_level,prevent_hf_30yr_uacr,15666,103633087.161141,162,gaussian (identity),Some college or AA degree,0.0252583279712612,0.00170492738190779,1.46278162690149e-31,0.0219166703027219,0.0285999856398005,122.48821863355,4.43997918057849e-47,4862,32218277.9064017
racethn_combn,NHW,1999-2020,21.2,WTMEC.COMBN,age+gender,educ_level,prevent_hf_30yr_uacr,15666,103633087.161141,162,gaussian (identity),HS graduate or GED,0.0299891102265086,0.00208018701725643,1.72678625990104e-30,0.025911943672686,0.0340662767803312,122.48821863355,4.43997918057849e-47,3979,25189222.4803264
racethn_combn,NHW,1999-2020,21.2,WTMEC.COMBN,age+gender,educ_level,prevent_hf_30yr_uacr,15666,103633087.161141,162,gaussian (identity),9-11th grade,0.0377988359221257,0.00254027662077169,9.7939467434204e-32,0.0328198937454132,0.0427777780988382,122.48821863355,4.43997918057849e-47,1680,8517269.11144411
racethn_combn,NHW,1999-2020,21.2,WTMEC.COMBN,age+gender,educ_level,prevent_hf_30yr_uacr,15666,103633087.161141,162,gaussian (identity),Less than 9th grade,0.0373570941391313,0.00505059844070116,8.06083720428945e-12,0.027457921195357,0.0472562670829056,122.48821863355,4.43997918057849e-47,607,2437630.79533487
racethn_combn,NHB,1999-2020,21.2,WTMEC.COMBN,age+gender,educ_level,prevent_hf_30yr_uacr,7604,14820298.4228478,148,gaussian (identity),College graduate or above (Intercept),-0.160476114622533,0.00538488565556811,5.68106636086191e-63,-0.171030490507446,-0.149921738737619,19.7976221328894,5.70134402680642e-13,1369,2846346.46289445
racethn_combn,NHB,1999-2020,21.2,WTMEC.COMBN,age+gender,educ_level,prevent_hf_30yr_uacr,7604,14820298.4228478,148,gaussian (identity),Some college or AA degree,0.0214460480058596,0.00376729838032601,6.91258911789503e-08,0.0140621431804207,0.0288299528312986,19.7976221328894,5.70134402680642e-13,2427,4834188.15826066
racethn_combn,NHB,1999-2020,21.2,WTMEC.COMBN,age+gender,educ_level,prevent_hf_30yr_uacr,7604,14820298.4228478,148,gaussian (identity),HS graduate or GED,0.0244149298324266,0.00388128254927016,3.68191127370802e-09,0.0168076160358571,0.0320222436289961,19.7976221328894,5.70134402680642e-13,1956,3806084.83208436
racethn_combn,NHB,1999-2020,21.2,WTMEC.COMBN,age+gender,educ_level,prevent_hf_30yr_uacr,7604,14820298.4228478,148,gaussian (identity),9-11th grade,0.0328891266680079,0.0041561046148185,6.46105122989187e-13,0.0247431616229637,0.0410350917130522,19.7976221328894,5.70134402680642e-13,1473,2752983.78008408
racethn_combn,NHB,1999-2020,21.2,WTMEC.COMBN,age+gender,educ_level,prevent_hf_30yr_uacr,7604,14820298.4228478,148,gaussian (identity),Less than 9th grade,0.00514448275446316,0.00733262873121935,0.484084529524054,-0.00922746955872676,0.0195164350676531,19.7976221328894,5.70134402680642e-13,379,580695.189524283
racethn_combn,Mexican-American,1999-2020,21.2,WTMEC.COMBN,age+gender,educ_level,prevent_hf_30yr_uacr,6201,10644054.003821,134,gaussian (identity),College graduate or above (Intercept),-0.193532427751845,0.00638546344552752,2.95824809615944e-60,-0.206047936105078,-0.181016919398611,4.77363618604016,0.0012708983376027,472,1037188.72230062
racethn_combn,Mexican-American,1999-2020,21.2,WTMEC.COMBN,age+gender,educ_level,prevent_hf_30yr_uacr,6201,10644054.003821,134,gaussian (identity),Some college or AA degree,0.0188420052724839,0.00536981565031793,0.000621652644034015,0.0083171665978608,0.0293668439471071,4.77363618604016,0.0012708983376027,1079,2050650.97970472
racethn_combn,Mexican-American,1999-2020,21.2,WTMEC.COMBN,age+gender,educ_level,prevent_hf_30yr_uacr,6201,10644054.003821,134,gaussian (identity),HS graduate or GED,0.0173000512662372,0.00531037443439636,0.00143787470181941,0.00689171737482033,0.0277083851576541,4.77363618604016,0.0012708983376027,1056,2137539.8981784
racethn_combn,Mexican-American,1999-2020,21.2,WTMEC.COMBN,age+gender,educ_level,prevent_hf_30yr_uacr,6201,10644054.003821,134,gaussian (identity),9-11th grade,0.0182779628961627,0.00540493529826452,0.000955810021055733,0.00768428971156424,0.0288716360807612,4.77363618604016,0.0012708983376027,1152,2118418.00959862
racethn_combn,Mexican-American,1999-2020,21.2,WTMEC.COMBN,age+gender,educ_level,prevent_hf_30yr_uacr,6201,10644054.003821,134,gaussian (identity),Less than 9th grade,0.0116185521050081,0.00540735569443573,0.0335441752607093,0.00102013494391404,0.0222169692661021,4.77363618604016,0.0012708983376027,2442,3300256.39403862
racethn_combn,Other Hispanic,1999-2020,21.2,WTMEC.COMBN,age+gender,educ_level,prevent_hf_30yr_uacr,3181,7982911.61806779,130,gaussian (identity),College graduate or above (Intercept),-0.187040410457695,0.00664173813878311,1.02040744872501e-55,-0.20005821720971,-0.174022603705681,5.66853359116371,0.000318342921571755,512,1372495.06313811
racethn_combn,Other Hispanic,1999-2020,21.2,WTMEC.COMBN,age+gender,educ_level,prevent_hf_30yr_uacr,3181,7982911.61806779,130,gaussian (identity),Some college or AA degree,0.0132896008143615,0.00511910381324125,0.0105679630689222,0.00325615734040863,0.0233230442883143,5.66853359116371,0.000318342921571755,813,2184047.76933772
racethn_combn,Other Hispanic,1999-2020,21.2,WTMEC.COMBN,age+gender,educ_level,prevent_hf_30yr_uacr,3181,7982911.61806779,130,gaussian (identity),HS graduate or GED,0.0158958734733426,0.00538051203575848,0.00375034564367687,0.00535006988325594,0.0264416770634292,5.66853359116371,0.000318342921571755,609,1714335.72680651
racethn_combn,Other Hispanic,1999-2020,21.2,WTMEC.COMBN,age+gender,educ_level,prevent_hf_30yr_uacr,3181,7982911.61806779,130,gaussian (identity),9-11th grade,0.0287214724874185,0.0063906529572681,1.57993550736288e-05,0.016195792691173,0.0412471522836639,5.66853359116371,0.000318342921571755,526,1246124.24900887
racethn_combn,Other Hispanic,1999-2020,21.2,WTMEC.COMBN,age+gender,educ_level,prevent_hf_30yr_uacr,3181,7982911.61806779,130,gaussian (identity),Less than 9th grade,0.0214744769875908,0.00608671862964007,0.000587807678256742,0.00954450847349623,0.0334044455016853,5.66853359116371,0.000318342921571755,721,1465908.80977659
racethn_combn,Other/Multi-Racial/NHAsian,1999-2020,21.2,WTMEC.COMBN,age+gender,educ_level,prevent_hf_30yr_uacr,763,3963377.38203123,72,gaussian (identity),College graduate or above (Intercept),-0.189593589318543,0.00875067330003259,1.03787308041888e-31,-0.206744908986607,-0.172442269650479,10.1724644566492,1.77814847633059e-06,280,1536472.57271019
racethn_combn,Other/Multi-Racial/NHAsian,1999-2020,21.2,WTMEC.COMBN,age+gender,educ_level,prevent_hf_30yr_uacr,763,3963377.38203123,72,gaussian (identity),Some college or AA degree,0.048774705221597,0.0115569004955991,7.61323792633416e-05,0.0261231802502227,0.0714262301929713,10.1724644566492,1.77814847633059e-06,175,944597.864880943
racethn_combn,Other/Multi-Racial/NHAsian,1999-2020,21.2,WTMEC.COMBN,age+gender,educ_level,prevent_hf_30yr_uacr,763,3963377.38203123,72,gaussian (identity),HS graduate or GED,0.0323166298080784,0.00994000374241892,0.00181151198576418,0.0128342224729373,0.0517990371432195,10.1724644566492,1.77814847633059e-06,146,712202.623096698
racethn_combn,Other/Multi-Racial/NHAsian,1999-2020,21.2,WTMEC.COMBN,age+gender,educ_level,prevent_hf_30yr_uacr,763,3963377.38203123,72,gaussian (identity),9-11th grade,0.0639757628066231,0.0132371423752665,8.37229648461404e-06,0.0380309637511006,0.0899205618621455,10.1724644566492,1.77814847633059e-06,68,359097.815188774
racethn_combn,Other/Multi-Racial/NHAsian,1999-2020,21.2,WTMEC.COMBN,age+gender,educ_level,prevent_hf_30yr_uacr,763,3963377.38203123,72,gaussian (identity),Less than 9th grade,0.00225142425991631,0.00905461269518321,0.80440407393186,-0.0154956166226428,0.0199984651424754,10.1724644566492,1.77814847633059e-06,94,411006.506154623
racethn_combn,NHAsian,1999-2020,21.2,WTMEC.COMBN,age+gender,educ_level,prevent_hf_30yr_uacr,2006,3581571.55437185,67,gaussian (identity),College graduate or above (Intercept),-0.184974059786561,0.00679192167414532,7.71882512452113e-36,-0.198286226267886,-0.171661893305236,6.90245676590246,0.000119040471101886,1058,1951577.37017164
racethn_combn,NHAsian,1999-2020,21.2,WTMEC.COMBN,age+gender,educ_level,prevent_hf_30yr_uacr,2006,3581571.55437185,67,gaussian (identity),Some college or AA degree,0.0198967609894864,0.00512316270510546,0.00025567534660917,0.0098553620874797,0.0299381598914931,6.90245676590246,0.000119040471101886,339,603766.709147736
racethn_combn,NHAsian,1999-2020,21.2,WTMEC.COMBN,age+gender,educ_level,prevent_hf_30yr_uacr,2006,3581571.55437185,67,gaussian (identity),HS graduate or GED,0.017142624618485,0.00540943832038406,0.00239135128897658,0.00654012551053223,0.0277451237264377,6.90245676590246,0.000119040471101886,277,482942.487319566
racethn_combn,NHAsian,1999-2020,21.2,WTMEC.COMBN,age+gender,educ_level,prevent_hf_30yr_uacr,2006,3581571.55437185,67,gaussian (identity),9-11th grade,0.0210692796291204,0.00707619537268665,0.00416436085130677,0.00719993669865455,0.0349386225595862,6.90245676590246,0.000119040471101886,158,262173.270934868
racethn_combn,NHAsian,1999-2020,21.2,WTMEC.COMBN,age+gender,educ_level,prevent_hf_30yr_uacr,2006,3581571.55437185,67,gaussian (identity),Less than 9th grade,0.0147085070303273,0.00660132776983405,0.0295703216435878,0.00176990460145252,0.027647109459202,6.90245676590246,0.000119040471101886,174,281111.716798038
racethn_combn,Other/Multi-Racial,1999-2020,21.2,WTMEC.COMBN,age+gender,educ_level,prevent_hf_30yr_uacr,561,2256500.2817107,62,gaussian (identity),College graduate or above (Intercept),-0.15247991787239,0.0204434942184698,6.04242214725772e-10,-0.192549166540591,-0.11241066920419,4.91861360222191,0.00180591454376969,135,545065.233636321
racethn_combn,Other/Multi-Racial,1999-2020,21.2,WTMEC.COMBN,age+gender,educ_level,prevent_hf_30yr_uacr,561,2256500.2817107,62,gaussian (identity),Some college or AA degree,0.0517199050634669,0.01392909933602,0.000473348727456599,0.0244188703648676,0.0790209397620662,4.91861360222191,0.00180591454376969,244,995591.539501547
racethn_combn,Other/Multi-Racial,1999-2020,21.2,WTMEC.COMBN,age+gender,educ_level,prevent_hf_30yr_uacr,561,2256500.2817107,62,gaussian (identity),HS graduate or GED,0.0374914884450326,0.0182834912351614,0.0450005488949254,0.0016558456241163,0.0733271312659489,4.91861360222191,0.00180591454376969,108,464337.700509095
racethn_combn,Other/Multi-Racial,1999-2020,21.2,WTMEC.COMBN,age+gender,educ_level,prevent_hf_30yr_uacr,561,2256500.2817107,62,gaussian (identity),9-11th grade,0.00155351123441946,0.0164081450407992,0.924907552329053,-0.030606453045547,0.033713475514386,4.91861360222191,0.00180591454376969,55,195579.412773679
racethn_combn,Other/Multi-Racial,1999-2020,21.2,WTMEC.COMBN,age+gender,educ_level,prevent_hf_30yr_uacr,561,2256500.2817107,62,gaussian (identity),Less than 9th grade,0.00890108894978745,0.019783082986406,0.654494674214104,-0.0298737537035683,0.0476759316031432,4.91861360222191,0.00180591454376969,19,55926.3952900566
racethn_combn,NHW,1999-2020,21.2,WTMEC.COMBN,age+gender,educ_level,prevent_hf_30yr_full,15651,103534855.547241,162,gaussian (identity),College graduate or above (Intercept),-0.15257990711025,0.00232910896969538,2.10165166181878e-115,-0.157144960690853,-0.148014853529647,127.129055310424,4.91351645384434e-48,4534,35238905.5790074
racethn_combn,NHW,1999-2020,21.2,WTMEC.COMBN,age+gender,educ_level,prevent_hf_30yr_full,15651,103534855.547241,162,gaussian (identity),Some college or AA degree,0.0242855239424391,0.00159738670342315,1.33311196521419e-32,0.0211546460037297,0.0274164018811484,127.129055310424,4.91351645384434e-48,4856,32186029.0199493
racethn_combn,NHW,1999-2020,21.2,WTMEC.COMBN,age+gender,educ_level,prevent_hf_30yr_full,15651,103534855.547241,162,gaussian (identity),HS graduate or GED,0.0293237338183978,0.00194350961271083,2.71044704680514e-32,0.0255144549774846,0.0331330126593111,127.129055310424,4.91351645384434e-48,3975,25158360.8638093
racethn_combn,NHW,1999-2020,21.2,WTMEC.COMBN,age+gender,educ_level,prevent_hf_30yr_full,15651,103534855.547241,162,gaussian (identity),9-11th grade,0.0369025365385802,0.002447555680721,2.89569680204154e-32,0.032105327404367,0.0416997456727933,127.129055310424,4.91351645384434e-48,1680,8517269.11144411
racethn_combn,NHW,1999-2020,21.2,WTMEC.COMBN,age+gender,educ_level,prevent_hf_30yr_full,15651,103534855.547241,162,gaussian (identity),Less than 9th grade,0.0352351082477023,0.00482975273459189,1.41371117832394e-11,0.0257687928879022,0.0447014236075024,127.129055310424,4.91351645384434e-48,606,2434290.97303062
racethn_combn,NHB,1999-2020,21.2,WTMEC.COMBN,age+gender,educ_level,prevent_hf_30yr_full,7581,14775977.4075239,148,gaussian (identity),College graduate or above (Intercept),-0.148984248437519,0.00530723047308786,8.11952898006678e-60,-0.159386420164772,-0.138582076710267,16.7333558924698,2.93419834990174e-11,1364,2836301.78391662
racethn_combn,NHB,1999-2020,21.2,WTMEC.COMBN,age+gender,educ_level,prevent_hf_30yr_full,7581,14775977.4075239,148,gaussian (identity),Some college or AA degree,0.0205444288390023,0.00379948839654252,2.64391943843859e-07,0.0130974315817789,0.0279914260962256,16.7333558924698,2.93419834990174e-11,2418,4817118.91992023
racethn_combn,NHB,1999-2020,21.2,WTMEC.COMBN,age+gender,educ_level,prevent_hf_30yr_full,7581,14775977.4075239,148,gaussian (identity),HS graduate or GED,0.0224860026737866,0.00390910942076092,5.20006250208144e-08,0.0148241482090952,0.030147857138478,16.7333558924698,2.93419834990174e-11,1951,3794840.81095449
racethn_combn,NHB,1999-2020,21.2,WTMEC.COMBN,age+gender,educ_level,prevent_hf_30yr_full,7581,14775977.4075239,148,gaussian (identity),9-11th grade,0.0319864103503239,0.00438661708094264,1.962170765137e-11,0.0233886408716763,0.0405841798289715,16.7333558924698,2.93419834990174e-11,1470,2747959.472842
racethn_combn,NHB,1999-2020,21.2,WTMEC.COMBN,age+gender,educ_level,prevent_hf_30yr_full,7581,14775977.4075239,148,gaussian (identity),Less than 9th grade,0.0048999847571362,0.00739384558433688,0.508589743712908,-0.00959195258816409,0.0193919221024365,16.7333558924698,2.93419834990174e-11,378,579756.419890604
racethn_combn,Mexican-American,1999-2020,21.2,WTMEC.COMBN,age+gender,educ_level,prevent_hf_30yr_full,6196,10633473.9889415,134,gaussian (identity),College graduate or above (Intercept),-0.185482217446195,0.00647240656576734,1.54039760672186e-57,-0.198168134315099,-0.172796300577291,5.31653944157234,0.000540770948132639,472,1037188.72230062
racethn_combn,Mexican-American,1999-2020,21.2,WTMEC.COMBN,age+gender,educ_level,prevent_hf_30yr_full,6196,10633473.9889415,134,gaussian (identity),Some college or AA degree,0.0202219945999043,0.00533653982016439,0.000231460269653266,0.00976237655238211,0.0306816126474265,5.31653944157234,0.000540770948132639,1077,2044957.56215585
racethn_combn,Mexican-American,1999-2020,21.2,WTMEC.COMBN,age+gender,educ_level,prevent_hf_30yr_full,6196,10633473.9889415,134,gaussian (identity),HS graduate or GED,0.0187102328073546,0.00505550198652517,0.000317810441239761,0.00880144891376524,0.0286190167009439,5.31653944157234,0.000540770948132639,1055,2133808.38454557
racethn_combn,Mexican-American,1999-2020,21.2,WTMEC.COMBN,age+gender,educ_level,prevent_hf_30yr_full,6196,10633473.9889415,134,gaussian (identity),9-11th grade,0.0191421719713079,0.00518568840202661,0.000328863505723565,0.0089782227033357,0.02930612123928,5.31653944157234,0.000540770948132639,1151,2118064.73721391
racethn_combn,Mexican-American,1999-2020,21.2,WTMEC.COMBN,age+gender,educ_level,prevent_hf_30yr_full,6196,10633473.9889415,134,gaussian (identity),Less than 9th grade,0.0153097265581387,0.00516734689480036,0.00363589032195098,0.00518172664433002,0.0254377264719474,5.31653944157234,0.000540770948132639,2441,3299454.58272551
racethn_combn,Other Hispanic,1999-2020,21.2,WTMEC.COMBN,age+gender,educ_level,prevent_hf_30yr_full,3175,7963777.20174996,130,gaussian (identity),College graduate or above (Intercept),-0.178616078260294,0.00686968670146286,4.89533978445205e-52,-0.192080664195161,-0.165151492325427,7.05119618702727,3.78547907082241e-05,512,1372495.06313811
racethn_combn,Other Hispanic,1999-2020,21.2,WTMEC.COMBN,age+gender,educ_level,prevent_hf_30yr_full,3175,7963777.20174996,130,gaussian (identity),Some college or AA degree,0.0158689931043068,0.00539165947435078,0.00387814335253821,0.00530134053457923,0.0264366456740343,7.05119618702727,3.78547907082241e-05,809,2168728.43232517
racethn_combn,Other Hispanic,1999-2020,21.2,WTMEC.COMBN,age+gender,educ_level,prevent_hf_30yr_full,3175,7963777.20174996,130,gaussian (identity),HS graduate or GED,0.0172539020556362,0.00529174170406676,0.00143592932776585,0.00688208831566539,0.0276257157956071,7.05119618702727,3.78547907082241e-05,608,1711352.40212509
racethn_combn,Other Hispanic,1999-2020,21.2,WTMEC.COMBN,age+gender,educ_level,prevent_hf_30yr_full,3175,7963777.20174996,130,gaussian (identity),9-11th grade,0.0330518911933495,0.00679585059796193,3.42332201443152e-06,0.0197320240213441,0.0463717583653548,7.05119618702727,3.78547907082241e-05,526,1246124.24900887
racethn_combn,Other Hispanic,1999-2020,21.2,WTMEC.COMBN,age+gender,educ_level,prevent_hf_30yr_full,3175,7963777.20174996,130,gaussian (identity),Less than 9th grade,0.0230725004781806,0.00593029962001518,0.000162203532620439,0.0114491132229508,0.0346958877334103,7.05119618702727,3.78547907082241e-05,720,1465077.05515272
racethn_combn,Other/Multi-Racial/NHAsian,1999-2020,21.2,WTMEC.COMBN,age+gender,educ_level,prevent_hf_30yr_full,760,3948490.98230453,72,gaussian (identity),College graduate or above (Intercept),-0.183718511944946,0.00876004291144545,6.79959731008534e-31,-0.200888196051379,-0.166548827838513,10.9833394414357,6.91190391291802e-07,279,1529772.8717384
racethn_combn,Other/Multi-Racial/NHAsian,1999-2020,21.2,WTMEC.COMBN,age+gender,educ_level,prevent_hf_30yr_full,760,3948490.98230453,72,gaussian (identity),Some college or AA degree,0.0486426307677225,0.0112146911540943,5.0475761757784e-05,0.0266618361056977,0.0706234254297474,10.9833394414357,6.91190391291802e-07,175,944597.864880943
racethn_combn,Other/Multi-Racial/NHAsian,1999-2020,21.2,WTMEC.COMBN,age+gender,educ_level,prevent_hf_30yr_full,760,3948490.98230453,72,gaussian (identity),HS graduate or GED,0.0306630774084451,0.00919786768905113,0.00140838003918899,0.0126352567379049,0.0486908980789854,10.9833394414357,6.91190391291802e-07,145,709707.839104811
racethn_combn,Other/Multi-Racial/NHAsian,1999-2020,21.2,WTMEC.COMBN,age+gender,educ_level,prevent_hf_30yr_full,760,3948490.98230453,72,gaussian (identity),9-11th grade,0.0609965544875972,0.012071969253388,3.68035799271255e-06,0.0373354947509568,0.0846576142242376,10.9833394414357,6.91190391291802e-07,68,359097.815188774
racethn_combn,Other/Multi-Racial/NHAsian,1999-2020,21.2,WTMEC.COMBN,age+gender,educ_level,prevent_hf_30yr_full,760,3948490.98230453,72,gaussian (identity),Less than 9th grade,0.00688597439010941,0.0103516412870496,0.508236676267897,-0.0134032425325078,0.0271751913127266,10.9833394414357,6.91190391291802e-07,93,405314.591391604
racethn_combn,NHAsian,1999-2020,21.2,WTMEC.COMBN,age+gender,educ_level,prevent_hf_30yr_full,2005,3580392.56447817,67,gaussian (identity),College graduate or above (Intercept),-0.173944194002076,0.0066610284610951,8.20737141752299e-35,-0.186999809785823,-0.16088857821833,7.42693287855027,6.10055781362139e-05,1058,1951577.37017164
racethn_combn,NHAsian,1999-2020,21.2,WTMEC.COMBN,age+gender,educ_level,prevent_hf_30yr_full,2005,3580392.56447817,67,gaussian (identity),Some college or AA degree,0.0201793792616611,0.00500138050466361,0.000154690843731106,0.0103766734725204,0.0299820850508018,7.42693287855027,6.10055781362139e-05,339,603766.709147736
racethn_combn,NHAsian,1999-2020,21.2,WTMEC.COMBN,age+gender,educ_level,prevent_hf_30yr_full,2005,3580392.56447817,67,gaussian (identity),HS graduate or GED,0.0176567572150402,0.00517871120965495,0.00115896547569154,0.00750648324411652,0.0278070311859639,7.42693287855027,6.10055781362139e-05,277,482942.487319566
racethn_combn,NHAsian,1999-2020,21.2,WTMEC.COMBN,age+gender,educ_level,prevent_hf_30yr_full,2005,3580392.56447817,67,gaussian (identity),9-11th grade,0.021599462019084,0.00731915512386396,0.00448800035792377,0.00725391797631066,0.0359450060618574,7.42693287855027,6.10055781362139e-05,158,262173.270934868
racethn_combn,NHAsian,1999-2020,21.2,WTMEC.COMBN,age+gender,educ_level,prevent_hf_30yr_full,2005,3580392.56447817,67,gaussian (identity),Less than 9th grade,0.020690323959237,0.00687665897434848,0.00380892171217781,0.007212072369514,0.0341685755489601,7.42693287855027,6.10055781362139e-05,173,279932.726904359
racethn_combn,Other/Multi-Racial,1999-2020,21.2,WTMEC.COMBN,age+gender,educ_level,prevent_hf_30yr_full,561,2256500.2817107,62,gaussian (identity),College graduate or above (Intercept),-0.148734171476628,0.0220142895860079,8.74191653281581e-09,-0.191882179065203,-0.105586163888052,4.53544715367522,0.00303698400552912,135,545065.233636321
racethn_combn,Other/Multi-Racial,1999-2020,21.2,WTMEC.COMBN,age+gender,educ_level,prevent_hf_30yr_full,561,2256500.2817107,62,gaussian (identity),Some college or AA degree,0.0548848191761472,0.0139064598264927,0.000223355394365457,0.0276281579162216,0.0821414804360728,4.53544715367522,0.00303698400552912,244,995591.539501547
racethn_combn,Other/Multi-Racial,1999-2020,21.2,WTMEC.COMBN,age+gender,educ_level,prevent_hf_30yr_full,561,2256500.2817107,62,gaussian (identity),HS graduate or GED,0.0381303715355962,0.0171395736090991,0.0301485064258166,0.00453680726176188,0.0717239358094305,4.53544715367522,0.00303698400552912,108,464337.700509095
racethn_combn,Other/Multi-Racial,1999-2020,21.2,WTMEC.COMBN,age+gender,educ_level,prevent_hf_30yr_full,561,2256500.2817107,62,gaussian (identity),9-11th grade,0.00757244543230083,0.0156190545814564,0.629694437497252,-0.0230409015473537,0.0381857924119554,4.53544715367522,0.00303698400552912,55,195579.412773679
racethn_combn,Other/Multi-Racial,1999-2020,21.2,WTMEC.COMBN,age+gender,educ_level,prevent_hf_30yr_full,561,2256500.2817107,62,gaussian (identity),Less than 9th grade,0.0120796225310939,0.0244583005114398,0.623318065785202,-0.035858646471328,0.0600178915335159,4.53544715367522,0.00303698400552912,19,55926.3952900566
racethn_combn,NHW,1999-2020,21.2,WTMEC.COMBN,age+gender,educ_level,prevent_chd_10yr_base,15800,104277995.879337,162,gaussian (identity),College graduate or above (Intercept),-0.0719002476094805,0.000856441097813723,9.60182877600982e-132,-0.0735788721611954,-0.0702216230577656,135.804120631247,9.40965381804252e-50,4562,35404925.0443767
racethn_combn,NHW,1999-2020,21.2,WTMEC.COMBN,age+gender,educ_level,prevent_chd_10yr_base,15800,104277995.879337,162,gaussian (identity),Some college or AA degree,0.00721201155135198,0.000514409685531523,2.03686911300176e-29,0.0062037685677102,0.00822025453499376,135.804120631247,9.40965381804252e-50,4893,32357031.0377336
racethn_combn,NHW,1999-2020,21.2,WTMEC.COMBN,age+gender,educ_level,prevent_chd_10yr_base,15800,104277995.879337,162,gaussian (identity),HS graduate or GED,0.00917457132633646,0.000640251031704938,2.96292671450388e-30,0.00791967930419478,0.0104294633484781,135.804120631247,9.40965381804252e-50,4016,25406774.3688037
racethn_combn,NHW,1999-2020,21.2,WTMEC.COMBN,age+gender,educ_level,prevent_chd_10yr_base,15800,104277995.879337,162,gaussian (identity),9-11th grade,0.0144386691656635,0.000890087991902939,2.65328456455852e-35,0.0126940967015337,0.0161832416297933,135.804120631247,9.40965381804252e-50,1704,8619151.24291126
racethn_combn,NHW,1999-2020,21.2,WTMEC.COMBN,age+gender,educ_level,prevent_chd_10yr_base,15800,104277995.879337,162,gaussian (identity),Less than 9th grade,0.0221953766638559,0.00181490606018606,1.52455389697812e-24,0.0186381607858912,0.0257525925418205,135.804120631247,9.40965381804252e-50,625,2490114.18551192
racethn_combn,NHB,1999-2020,21.2,WTMEC.COMBN,age+gender,educ_level,prevent_chd_10yr_base,7703,14987750.5852691,148,gaussian (identity),College graduate or above (Intercept),-0.0697748656629704,0.0012365904750874,3.91011069444149e-99,-0.0721985829941417,-0.0673511483317991,21.0504905231964,1.20626757477146e-13,1382,2867279.27513777
racethn_combn,NHB,1999-2020,21.2,WTMEC.COMBN,age+gender,educ_level,prevent_chd_10yr_base,7703,14987750.5852691,148,gaussian (identity),Some college or AA degree,0.0040245723904508,0.000982713571715334,7.04766869661212e-05,0.00209845378988875,0.00595069099101286,21.0504905231964,1.20626757477146e-13,2452,4879281.70713981
racethn_combn,NHB,1999-2020,21.2,WTMEC.COMBN,age+gender,educ_level,prevent_chd_10yr_base,7703,14987750.5852691,148,gaussian (identity),HS graduate or GED,0.00558568127734325,0.00104526481744474,3.54085362605153e-07,0.00353696223515156,0.00763440031953494,21.0504905231964,1.20626757477146e-13,1983,3856810.60133849
racethn_combn,NHB,1999-2020,21.2,WTMEC.COMBN,age+gender,educ_level,prevent_chd_10yr_base,7703,14987750.5852691,148,gaussian (identity),9-11th grade,0.00886228579913757,0.0010736187574159,9.50854717069144e-14,0.0067579930346024,0.0109665785636727,21.0504905231964,1.20626757477146e-13,1494,2786321.16433136
racethn_combn,NHB,1999-2020,21.2,WTMEC.COMBN,age+gender,educ_level,prevent_chd_10yr_base,7703,14987750.5852691,148,gaussian (identity),Less than 9th grade,0.0106156063974257,0.00172409091161996,7.17528465552273e-09,0.00723638821065062,0.0139948245842009,21.0504905231964,1.20626757477146e-13,392,598057.837321642
racethn_combn,Mexican-American,1999-2020,21.2,WTMEC.COMBN,age+gender,educ_level,prevent_chd_10yr_base,6231,10684202.3052091,134,gaussian (identity),College graduate or above (Intercept),-0.0732348187625836,0.0017132816446631,1.22365689284572e-77,-0.0765928507861233,-0.0698767867390439,8.61400944959052,3.45082933344548e-06,475,1044787.38624562
racethn_combn,Mexican-American,1999-2020,21.2,WTMEC.COMBN,age+gender,educ_level,prevent_chd_10yr_base,6231,10684202.3052091,134,gaussian (identity),Some college or AA degree,0.00454719995275171,0.00124822572921339,0.000390252031008301,0.00210067752349347,0.00699372238200995,8.61400944959052,3.45082933344548e-06,1085,2058991.71157509
racethn_combn,Mexican-American,1999-2020,21.2,WTMEC.COMBN,age+gender,educ_level,prevent_chd_10yr_base,6231,10684202.3052091,134,gaussian (identity),HS graduate or GED,0.00447158658551548,0.00105359625206226,4.18015466852094e-05,0.00240653793147346,0.0065366352395575,8.61400944959052,3.45082933344548e-06,1060,2142592.7985134
racethn_combn,Mexican-American,1999-2020,21.2,WTMEC.COMBN,age+gender,educ_level,prevent_chd_10yr_base,6231,10684202.3052091,134,gaussian (identity),9-11th grade,0.00685485068448752,0.00135939828173821,1.53453436994232e-06,0.00419043005228063,0.00951927131669441,8.61400944959052,3.45082933344548e-06,1159,2123846.24468117
racethn_combn,Mexican-American,1999-2020,21.2,WTMEC.COMBN,age+gender,educ_level,prevent_chd_10yr_base,6231,10684202.3052091,134,gaussian (identity),Less than 9th grade,0.00713684257230368,0.00129106374833409,1.74377099901174e-07,0.00460635762556887,0.00966732751903849,8.61400944959052,3.45082933344548e-06,2452,3313984.16419381
racethn_combn,Other Hispanic,1999-2020,21.2,WTMEC.COMBN,age+gender,educ_level,prevent_chd_10yr_base,3196,8012696.56155144,130,gaussian (identity),College graduate or above (Intercept),-0.0706712870774214,0.00192751998535314,2.10511402294691e-68,-0.0744492262487136,-0.0668933479061293,12.5870254631509,1.26135528829756e-08,515,1382739.9268943
racethn_combn,Other Hispanic,1999-2020,21.2,WTMEC.COMBN,age+gender,educ_level,prevent_chd_10yr_base,3196,8012696.56155144,130,gaussian (identity),Some college or AA degree,0.00389124748789068,0.00157683321612219,0.0149597821101517,0.000800654384291195,0.00698184059149017,12.5870254631509,1.26135528829756e-08,814,2186490.87226781
racethn_combn,Other Hispanic,1999-2020,21.2,WTMEC.COMBN,age+gender,educ_level,prevent_chd_10yr_base,3196,8012696.56155144,130,gaussian (identity),HS graduate or GED,0.00520800749335491,0.00117682262996068,2.08318962254249e-05,0.00290143513863197,0.00751457984807785,12.5870254631509,1.26135528829756e-08,613,1720099.74872868
racethn_combn,Other Hispanic,1999-2020,21.2,WTMEC.COMBN,age+gender,educ_level,prevent_chd_10yr_base,3196,8012696.56155144,130,gaussian (identity),9-11th grade,0.01029185777266,0.00206310299545045,2.00608881790875e-06,0.00624817590157717,0.0143355396437429,12.5870254631509,1.26135528829756e-08,527,1247571.35375981
racethn_combn,Other Hispanic,1999-2020,21.2,WTMEC.COMBN,age+gender,educ_level,prevent_chd_10yr_base,3196,8012696.56155144,130,gaussian (identity),Less than 9th grade,0.00976795235508495,0.00173036252217842,1.06667884470596e-07,0.00637644181161526,0.0131594628985546,12.5870254631509,1.26135528829756e-08,727,1475794.65990083
racethn_combn,Other/Multi-Racial/NHAsian,1999-2020,21.2,WTMEC.COMBN,age+gender,educ_level,prevent_chd_10yr_base,770,3999498.48914632,73,gaussian (identity),College graduate or above (Intercept),-0.0700805235452552,0.00398035628572833,7.84863439587393e-27,-0.0778820218652827,-0.0622790252252277,6.28378883586029,0.000235100275801676,281,1545117.17483604
racethn_combn,Other/Multi-Racial/NHAsian,1999-2020,21.2,WTMEC.COMBN,age+gender,educ_level,prevent_chd_10yr_base,770,3999498.48914632,73,gaussian (identity),Some college or AA degree,0.0089403719939456,0.00250814498328805,0.000677716847433196,0.00402440782670102,0.0138563361611902,6.28378883586029,0.000235100275801676,176,946543.950211038
racethn_combn,Other/Multi-Racial/NHAsian,1999-2020,21.2,WTMEC.COMBN,age+gender,educ_level,prevent_chd_10yr_base,770,3999498.48914632,73,gaussian (identity),HS graduate or GED,0.00621777982979164,0.00280856452240472,0.030245978805764,0.000712993365878378,0.0117225662937049,6.28378883586029,0.000235100275801676,148,718989.486766981
racethn_combn,Other/Multi-Racial/NHAsian,1999-2020,21.2,WTMEC.COMBN,age+gender,educ_level,prevent_chd_10yr_base,770,3999498.48914632,73,gaussian (identity),9-11th grade,0.0230885889350679,0.00707331509390338,0.00173058803689345,0.00922489135101728,0.0369522865191185,6.28378883586029,0.000235100275801676,71,377841.371177642
racethn_combn,Other/Multi-Racial/NHAsian,1999-2020,21.2,WTMEC.COMBN,age+gender,educ_level,prevent_chd_10yr_base,770,3999498.48914632,73,gaussian (identity),Less than 9th grade,0.00517271786348893,0.003836895639836,0.182149852369342,-0.00234759759058962,0.0126930333175675,6.28378883586029,0.000235100275801676,94,411006.506154623
racethn_combn,NHAsian,1999-2020,21.2,WTMEC.COMBN,age+gender,educ_level,prevent_chd_10yr_base,2015,3596946.21931577,67,gaussian (identity),College graduate or above (Intercept),-0.067708022637399,0.00230698719575466,1.10870030666056e-37,-0.0722297175410781,-0.0631863277337199,3.57294196315139,0.0110559693062586,1064,1963343.99854123
racethn_combn,NHAsian,1999-2020,21.2,WTMEC.COMBN,age+gender,educ_level,prevent_chd_10yr_base,2015,3596946.21931577,67,gaussian (identity),Some college or AA degree,0.00265541327862082,0.00115752873075112,0.0252458651470905,0.000386656966348629,0.00492416959089301,3.57294196315139,0.0110559693062586,339,603766.709147736
racethn_combn,NHAsian,1999-2020,21.2,WTMEC.COMBN,age+gender,educ_level,prevent_chd_10yr_base,2015,3596946.21931577,67,gaussian (identity),HS graduate or GED,0.00407832343500128,0.00184313351838164,0.0306701929808414,0.000465781738973253,0.0076908651310293,3.57294196315139,0.0110559693062586,277,482942.487319566
racethn_combn,NHAsian,1999-2020,21.2,WTMEC.COMBN,age+gender,educ_level,prevent_chd_10yr_base,2015,3596946.21931577,67,gaussian (identity),9-11th grade,0.00603758338883101,0.00195953206733669,0.00309228505296788,0.00219690053685111,0.00987826624081091,3.57294196315139,0.0110559693062586,159,262690.944795811
racethn_combn,NHAsian,1999-2020,21.2,WTMEC.COMBN,age+gender,educ_level,prevent_chd_10yr_base,2015,3596946.21931577,67,gaussian (identity),Less than 9th grade,0.00492679437231756,0.00215782568705327,0.0259144081686342,0.000697456025693154,0.00915613271894197,3.57294196315139,0.0110559693062586,176,284202.079511434
racethn_combn,Other/Multi-Racial,1999-2020,21.2,WTMEC.COMBN,age+gender,educ_level,prevent_chd_10yr_base,566,2267044.86662802,62,gaussian (identity),College graduate or above (Intercept),-0.0709570181798475,0.00531206029776571,4.69702436830569e-19,-0.0813686563634683,-0.0605453799962267,2.36457933417109,0.0638530260971083,137,547771.771017453
racethn_combn,Other/Multi-Racial,1999-2020,21.2,WTMEC.COMBN,age+gender,educ_level,prevent_chd_10yr_base,566,2267044.86662802,62,gaussian (identity),Some college or AA degree,0.0103922217307703,0.00384388946645449,0.00906659119158458,0.00285819837651948,0.0179262450850211,2.36457933417109,0.0638530260971083,247,1003429.58703774
racethn_combn,Other/Multi-Racial,1999-2020,21.2,WTMEC.COMBN,age+gender,educ_level,prevent_chd_10yr_base,566,2267044.86662802,62,gaussian (identity),HS graduate or GED,0.0101665285148349,0.00388014860441356,0.0112916350244863,0.00256143725018429,0.0177716197794854,2.36457933417109,0.0638530260971083,108,464337.700509095
racethn_combn,Other/Multi-Racial,1999-2020,21.2,WTMEC.COMBN,age+gender,educ_level,prevent_chd_10yr_base,566,2267044.86662802,62,gaussian (identity),9-11th grade,0.00720816576436834,0.00419403350097361,0.0911985795141313,-0.00101213989753994,0.0154284714262766,2.36457933417109,0.0638530260971083,55,195579.412773679
racethn_combn,Other/Multi-Racial,1999-2020,21.2,WTMEC.COMBN,age+gender,educ_level,prevent_chd_10yr_base,566,2267044.86662802,62,gaussian (identity),Less than 9th grade,0.00836916498029801,0.00589714045886433,0.161385926244441,-0.00318923031907607,0.0199275602796721,2.36457933417109,0.0638530260971083,19,55926.3952900566
racethn_combn,NHW,1999-2020,21.2,WTMEC.COMBN,age+gender,educ_level,prevent_chd_10yr_hba1c,15784,104176158.59452,162,gaussian (identity),College graduate or above (Intercept),-0.0681453813034474,0.000792694650794558,2.56863937526907e-133,-0.0696990628190047,-0.0665916997878901,132.182373671405,4.78844459498606e-49,4558,35373143.7557502
racethn_combn,NHW,1999-2020,21.2,WTMEC.COMBN,age+gender,educ_level,prevent_chd_10yr_hba1c,15784,104176158.59452,162,gaussian (identity),Some college or AA degree,0.00690473502806005,0.000515946631742178,1.0937999318903e-27,0.00589347962984538,0.00791599042627472,132.182373671405,4.78844459498606e-49,4887,32324782.1512812
racethn_combn,NHW,1999-2020,21.2,WTMEC.COMBN,age+gender,educ_level,prevent_chd_10yr_hba1c,15784,104176158.59452,162,gaussian (identity),HS graduate or GED,0.00911425701373907,0.000611049514149062,7.84472771504266e-32,0.00791659996600691,0.0103119140614712,132.182373671405,4.78844459498606e-49,4011,25372307.0813698
racethn_combn,NHW,1999-2020,21.2,WTMEC.COMBN,age+gender,educ_level,prevent_chd_10yr_hba1c,15784,104176158.59452,162,gaussian (identity),9-11th grade,0.0144425642273806,0.000931727819311162,2.14509522881494e-33,0.0126163777015308,0.0162687507532305,132.182373671405,4.78844459498606e-49,1704,8619151.24291126
racethn_combn,NHW,1999-2020,21.2,WTMEC.COMBN,age+gender,educ_level,prevent_chd_10yr_hba1c,15784,104176158.59452,162,gaussian (identity),Less than 9th grade,0.0208444044988539,0.00164975394968571,1.19355876418323e-25,0.0176108867574699,0.0240779222402378,132.182373671405,4.78844459498606e-49,624,2486774.36320768
racethn_combn,NHB,1999-2020,21.2,WTMEC.COMBN,age+gender,educ_level,prevent_chd_10yr_hba1c,7679,14942314.6947738,148,gaussian (identity),College graduate or above (Intercept),-0.0680945499850665,0.00123997809402099,1.5539675115668e-97,-0.0705249070493476,-0.0656641929207853,18.9628127191834,1.63452430923414e-12,1377,2857234.59615994
racethn_combn,NHB,1999-2020,21.2,WTMEC.COMBN,age+gender,educ_level,prevent_chd_10yr_hba1c,7679,14942314.6947738,148,gaussian (identity),Some college or AA degree,0.00412014276311008,0.00102577554296049,9.53072760941563e-05,0.00210962269890751,0.00613066282731265,18.9628127191834,1.63452430923414e-12,2443,4862212.46879938
racethn_combn,NHB,1999-2020,21.2,WTMEC.COMBN,age+gender,educ_level,prevent_chd_10yr_hba1c,7679,14942314.6947738,148,gaussian (identity),HS graduate or GED,0.00529666744308937,0.00111263458124956,4.7075530593961e-06,0.00311590366384024,0.0074774312223385,18.9628127191834,1.63452430923414e-12,1978,3845566.58020862
racethn_combn,NHB,1999-2020,21.2,WTMEC.COMBN,age+gender,educ_level,prevent_chd_10yr_hba1c,7679,14942314.6947738,148,gaussian (identity),9-11th grade,0.00935231909492513,0.00127880569572233,1.74689539398471e-11,0.00684585993130936,0.0118587782585409,18.9628127191834,1.63452430923414e-12,1491,2781296.85708928
racethn_combn,NHB,1999-2020,21.2,WTMEC.COMBN,age+gender,educ_level,prevent_chd_10yr_hba1c,7679,14942314.6947738,148,gaussian (identity),Less than 9th grade,0.0113995445231809,0.00198482905621184,5.42594085925581e-08,0.0075092795730057,0.0152898094733561,18.9628127191834,1.63452430923414e-12,390,596004.192516547
racethn_combn,Mexican-American,1999-2020,21.2,WTMEC.COMBN,age+gender,educ_level,prevent_chd_10yr_hba1c,6226,10673622.2903296,134,gaussian (identity),College graduate or above (Intercept),-0.0723225007540894,0.00189558220721263,8.88115511744152e-72,-0.0760378418802261,-0.0686071596279526,10.3888777155792,2.55748729632596e-07,475,1044787.38624562
racethn_combn,Mexican-American,1999-2020,21.2,WTMEC.COMBN,age+gender,educ_level,prevent_chd_10yr_hba1c,6226,10673622.2903296,134,gaussian (identity),Some college or AA degree,0.00521288682885346,0.00132390036593531,0.000134465429022097,0.00261804211162025,0.00780773154608666,10.3888777155792,2.55748729632596e-07,1083,2053298.29402623
racethn_combn,Mexican-American,1999-2020,21.2,WTMEC.COMBN,age+gender,educ_level,prevent_chd_10yr_hba1c,6226,10673622.2903296,134,gaussian (identity),HS graduate or GED,0.00512823423699185,0.00113673771233902,1.44032452196915e-05,0.00290022832080737,0.00735624015317634,10.3888777155792,2.55748729632596e-07,1059,2138861.28488057
racethn_combn,Mexican-American,1999-2020,21.2,WTMEC.COMBN,age+gender,educ_level,prevent_chd_10yr_hba1c,6226,10673622.2903296,134,gaussian (identity),9-11th grade,0.00751695303718038,0.00150236995196711,1.81949556870333e-06,0.00457230793132484,0.0104615981430359,10.3888777155792,2.55748729632596e-07,1158,2123492.97229645
racethn_combn,Mexican-American,1999-2020,21.2,WTMEC.COMBN,age+gender,educ_level,prevent_chd_10yr_hba1c,6226,10673622.2903296,134,gaussian (identity),Less than 9th grade,0.00869458045406459,0.00139722460900307,6.42485848727557e-09,0.00595602022041858,0.0114331406877106,10.3888777155792,2.55748729632596e-07,2451,3313182.3528807
racethn_combn,Other Hispanic,1999-2020,21.2,WTMEC.COMBN,age+gender,educ_level,prevent_chd_10yr_hba1c,3190,7993562.1452336,130,gaussian (identity),College graduate or above (Intercept),-0.0709074197719939,0.001943282435328,3.63445690590111e-68,-0.0747162533452368,-0.067098586198751,17.8792314193994,1.29738874552087e-11,515,1382739.9268943
racethn_combn,Other Hispanic,1999-2020,21.2,WTMEC.COMBN,age+gender,educ_level,prevent_chd_10yr_hba1c,3190,7993562.1452336,130,gaussian (identity),Some college or AA degree,0.00554609987951786,0.00177180939592216,0.00217871363365669,0.00207335346351043,0.00901884629552529,17.8792314193994,1.29738874552087e-11,810,2171171.53525526
racethn_combn,Other Hispanic,1999-2020,21.2,WTMEC.COMBN,age+gender,educ_level,prevent_chd_10yr_hba1c,3190,7993562.1452336,130,gaussian (identity),HS graduate or GED,0.00651874327964899,0.00123849328266778,6.02095125432649e-07,0.00409129644562014,0.00894619011367784,17.8792314193994,1.29738874552087e-11,612,1717116.42404726
racethn_combn,Other Hispanic,1999-2020,21.2,WTMEC.COMBN,age+gender,educ_level,prevent_chd_10yr_hba1c,3190,7993562.1452336,130,gaussian (identity),9-11th grade,0.0124406885535439,0.00234095529205212,4.79821571906816e-07,0.00785241618112174,0.017028960925966,17.8792314193994,1.29738874552087e-11,527,1247571.35375981
racethn_combn,Other Hispanic,1999-2020,21.2,WTMEC.COMBN,age+gender,educ_level,prevent_chd_10yr_hba1c,3190,7993562.1452336,130,gaussian (identity),Less than 9th grade,0.0110941040207027,0.0017807337473049,6.64649833444908e-09,0.00760386587598508,0.0145843421654203,17.8792314193994,1.29738874552087e-11,726,1474962.90527696
racethn_combn,Other/Multi-Racial/NHAsian,1999-2020,21.2,WTMEC.COMBN,age+gender,educ_level,prevent_chd_10yr_hba1c,767,3984612.08941962,73,gaussian (identity),College graduate or above (Intercept),-0.0708826854802412,0.0043883695260692,8.5405500944757e-25,-0.0794838897513368,-0.0622814812091456,6.50992097713306,0.000173438486827809,280,1538417.47386425
racethn_combn,Other/Multi-Racial/NHAsian,1999-2020,21.2,WTMEC.COMBN,age+gender,educ_level,prevent_chd_10yr_hba1c,767,3984612.08941962,73,gaussian (identity),Some college or AA degree,0.00918790052556824,0.0025571184247005,0.00061845361040401,0.00417594841315527,0.0141998526379812,6.50992097713306,0.000173438486827809,176,946543.950211038
racethn_combn,Other/Multi-Racial/NHAsian,1999-2020,21.2,WTMEC.COMBN,age+gender,educ_level,prevent_chd_10yr_hba1c,767,3984612.08941962,73,gaussian (identity),HS graduate or GED,0.00573276828961693,0.00281971502541687,0.0460069679897955,0.000206126839799861,0.011259409739434,6.50992097713306,0.000173438486827809,147,716494.702775095
racethn_combn,Other/Multi-Racial/NHAsian,1999-2020,21.2,WTMEC.COMBN,age+gender,educ_level,prevent_chd_10yr_hba1c,767,3984612.08941962,73,gaussian (identity),9-11th grade,0.0214732371709118,0.00631178523472428,0.0011319929372725,0.00910213811085225,0.0338443362309714,6.50992097713306,0.000173438486827809,71,377841.371177642
racethn_combn,Other/Multi-Racial/NHAsian,1999-2020,21.2,WTMEC.COMBN,age+gender,educ_level,prevent_chd_10yr_hba1c,767,3984612.08941962,73,gaussian (identity),Less than 9th grade,0.00824948530230886,0.00548963251406284,0.137605320001703,-0.0025101944252543,0.019009165029872,6.50992097713306,0.000173438486827809,93,405314.591391604
racethn_combn,NHAsian,1999-2020,21.2,WTMEC.COMBN,age+gender,educ_level,prevent_chd_10yr_hba1c,2014,3595767.22942209,67,gaussian (identity),College graduate or above (Intercept),-0.066602572524104,0.00228868735298304,1.79953592568191e-37,-0.0710883997359507,-0.0621167453122572,4.34544099737876,0.0037073642192677,1064,1963343.99854123
racethn_combn,NHAsian,1999-2020,21.2,WTMEC.COMBN,age+gender,educ_level,prevent_chd_10yr_hba1c,2014,3595767.22942209,67,gaussian (identity),Some college or AA degree,0.00299849783500748,0.00124786688369228,0.019322698016857,0.000552678742970622,0.00544431692704435,4.34544099737876,0.0037073642192677,339,603766.709147736
racethn_combn,NHAsian,1999-2020,21.2,WTMEC.COMBN,age+gender,educ_level,prevent_chd_10yr_hba1c,2014,3595767.22942209,67,gaussian (identity),HS graduate or GED,0.00408388827813339,0.0018035741497883,0.027119880191526,0.000548882944548332,0.00761889361171845,4.34544099737876,0.0037073642192677,277,482942.487319566
racethn_combn,NHAsian,1999-2020,21.2,WTMEC.COMBN,age+gender,educ_level,prevent_chd_10yr_hba1c,2014,3595767.22942209,67,gaussian (identity),9-11th grade,0.00678572813497637,0.00229541251130375,0.00442338769301556,0.00228671961282102,0.0112847366571317,4.34544099737876,0.0037073642192677,159,262690.944795811
racethn_combn,NHAsian,1999-2020,21.2,WTMEC.COMBN,age+gender,educ_level,prevent_chd_10yr_hba1c,2014,3595767.22942209,67,gaussian (identity),Less than 9th grade,0.00807682726667722,0.00294993305536492,0.00809081759965219,0.00229495847816198,0.0138586960551925,4.34544099737876,0.0037073642192677,175,283023.089617755
racethn_combn,Other/Multi-Racial,1999-2020,21.2,WTMEC.COMBN,age+gender,educ_level,prevent_chd_10yr_hba1c,566,2267044.86662802,62,gaussian (identity),College graduate or above (Intercept),-0.0714956569057899,0.00638162489469991,6.34492455674796e-16,-0.0840036416994017,-0.058987672112178,3.05317913277293,0.0239956401266686,137,547771.771017453
racethn_combn,Other/Multi-Racial,1999-2020,21.2,WTMEC.COMBN,age+gender,educ_level,prevent_chd_10yr_hba1c,566,2267044.86662802,62,gaussian (identity),Some college or AA degree,0.0127473181130031,0.00429492223966793,0.00440369019578056,0.00432927052325397,0.0211653657027523,3.05317913277293,0.0239956401266686,247,1003429.58703774
racethn_combn,Other/Multi-Racial,1999-2020,21.2,WTMEC.COMBN,age+gender,educ_level,prevent_chd_10yr_hba1c,566,2267044.86662802,62,gaussian (identity),HS graduate or GED,0.0107472753945684,0.00373676137832475,0.00568543879125428,0.00342322309305187,0.0180713276960849,3.05317913277293,0.0239956401266686,108,464337.700509095
racethn_combn,Other/Multi-Racial,1999-2020,21.2,WTMEC.COMBN,age+gender,educ_level,prevent_chd_10yr_hba1c,566,2267044.86662802,62,gaussian (identity),9-11th grade,0.00897144924553419,0.00431398860077261,0.0421506895352835,0.000516031588019876,0.0174268669030485,3.05317913277293,0.0239956401266686,55,195579.412773679
racethn_combn,Other/Multi-Racial,1999-2020,21.2,WTMEC.COMBN,age+gender,educ_level,prevent_chd_10yr_hba1c,566,2267044.86662802,62,gaussian (identity),Less than 9th grade,0.0109138182772303,0.00920373332544282,0.24070711790236,-0.0071254990406376,0.0289531355950983,3.05317913277293,0.0239956401266686,19,55926.3952900566
racethn_combn,NHW,1999-2020,21.2,WTMEC.COMBN,age+gender,educ_level,prevent_chd_10yr_uacr,15666,103633087.161141,162,gaussian (identity),College graduate or above (Intercept),-0.0684470918714601,0.000892380101352531,9.0755331507454e-126,-0.0701961568701111,-0.0666980268728092,113.61440071493,3.58044552088987e-45,4538,35270686.8676338
racethn_combn,NHW,1999-2020,21.2,WTMEC.COMBN,age+gender,educ_level,prevent_chd_10yr_uacr,15666,103633087.161141,162,gaussian (identity),Some college or AA degree,0.00651238876779316,0.000523024767082311,3.78002524923133e-25,0.00548726022431183,0.00753751731127449,113.61440071493,3.58044552088987e-45,4862,32218277.9064017
racethn_combn,NHW,1999-2020,21.2,WTMEC.COMBN,age+gender,educ_level,prevent_chd_10yr_uacr,15666,103633087.161141,162,gaussian (identity),HS graduate or GED,0.00817585253087324,0.000575911819227986,6.78849353880409e-30,0.00704706536518638,0.00930463969656009,113.61440071493,3.58044552088987e-45,3979,25189222.4803264
racethn_combn,NHW,1999-2020,21.2,WTMEC.COMBN,age+gender,educ_level,prevent_chd_10yr_uacr,15666,103633087.161141,162,gaussian (identity),9-11th grade,0.0141425808973283,0.000937087138435598,2.64389843103673e-32,0.0123058901059945,0.0159792716886621,113.61440071493,3.58044552088987e-45,1680,8517269.11144411
racethn_combn,NHW,1999-2020,21.2,WTMEC.COMBN,age+gender,educ_level,prevent_chd_10yr_uacr,15666,103633087.161141,162,gaussian (identity),Less than 9th grade,0.021127855120286,0.00197623430569115,2.33368577110732e-20,0.0172544358811314,0.0250012743594407,113.61440071493,3.58044552088987e-45,607,2437630.79533487
racethn_combn,NHB,1999-2020,21.2,WTMEC.COMBN,age+gender,educ_level,prevent_chd_10yr_uacr,7604,14820298.4228478,148,gaussian (identity),College graduate or above (Intercept),-0.0682977661872386,0.00136988774827408,7.24262668763465e-92,-0.0709827461738558,-0.0656127862006214,21.8297384920744,4.66591627133707e-14,1369,2846346.46289445
racethn_combn,NHB,1999-2020,21.2,WTMEC.COMBN,age+gender,educ_level,prevent_chd_10yr_uacr,7604,14820298.4228478,148,gaussian (identity),Some college or AA degree,0.00382216969401509,0.000974623324981613,0.00013637744170347,0.00191190797705113,0.00573243141097905,21.8297384920744,4.66591627133707e-14,2427,4834188.15826066
racethn_combn,NHB,1999-2020,21.2,WTMEC.COMBN,age+gender,educ_level,prevent_chd_10yr_uacr,7604,14820298.4228478,148,gaussian (identity),HS graduate or GED,0.00496415376536906,0.00094852942476489,5.85751245829477e-07,0.00310503609282988,0.00682327143790825,21.8297384920744,4.66591627133707e-14,1956,3806084.83208436
racethn_combn,NHB,1999-2020,21.2,WTMEC.COMBN,age+gender,educ_level,prevent_chd_10yr_uacr,7604,14820298.4228478,148,gaussian (identity),9-11th grade,0.0084183726165075,0.00102511791392306,1.20895844846597e-13,0.0064091415052183,0.0104276037277967,21.8297384920744,4.66591627133707e-14,1473,2752983.78008408
racethn_combn,NHB,1999-2020,21.2,WTMEC.COMBN,age+gender,educ_level,prevent_chd_10yr_uacr,7604,14820298.4228478,148,gaussian (identity),Less than 9th grade,0.0119067947538682,0.00204473275093341,3.69558059815927e-08,0.00789911856203871,0.0159144709456977,21.8297384920744,4.66591627133707e-14,379,580695.189524283
racethn_combn,Mexican-American,1999-2020,21.2,WTMEC.COMBN,age+gender,educ_level,prevent_chd_10yr_uacr,6201,10644054.003821,134,gaussian (identity),College graduate or above (Intercept),-0.0720357355063417,0.00180560866405695,4.54171924263443e-74,-0.0755747284878933,-0.0684967425247901,8.88987541995594,2.28975857501446e-06,472,1037188.72230062
racethn_combn,Mexican-American,1999-2020,21.2,WTMEC.COMBN,age+gender,educ_level,prevent_chd_10yr_uacr,6201,10644054.003821,134,gaussian (identity),Some college or AA degree,0.00439850209733927,0.00118792871414941,0.000315893041559885,0.00207016181760643,0.00672684237707211,8.88987541995594,2.28975857501446e-06,1079,2050650.97970472
racethn_combn,Mexican-American,1999-2020,21.2,WTMEC.COMBN,age+gender,educ_level,prevent_chd_10yr_uacr,6201,10644054.003821,134,gaussian (identity),HS graduate or GED,0.00429967591117778,0.00105330872151571,7.80893103993882e-05,0.00223519081700699,0.00636416100534857,8.88987541995594,2.28975857501446e-06,1056,2137539.8981784
racethn_combn,Mexican-American,1999-2020,21.2,WTMEC.COMBN,age+gender,educ_level,prevent_chd_10yr_uacr,6201,10644054.003821,134,gaussian (identity),9-11th grade,0.00672518905633383,0.00131640316506015,1.14856594532861e-06,0.00414503885281594,0.00930533925985173,8.88987541995594,2.28975857501446e-06,1152,2118418.00959862
racethn_combn,Mexican-American,1999-2020,21.2,WTMEC.COMBN,age+gender,educ_level,prevent_chd_10yr_uacr,6201,10644054.003821,134,gaussian (identity),Less than 9th grade,0.0069727791764823,0.00126032988693062,1.70706427037544e-07,0.00450253259809827,0.00944302575486632,8.88987541995594,2.28975857501446e-06,2442,3300256.39403862
racethn_combn,Other Hispanic,1999-2020,21.2,WTMEC.COMBN,age+gender,educ_level,prevent_chd_10yr_uacr,3181,7982911.61806779,130,gaussian (identity),College graduate or above (Intercept),-0.068909732897174,0.00205104286239483,3.98458477522725e-64,-0.0729297769074679,-0.0648896888868801,15.7947057764994,1.79145989202265e-10,512,1372495.06313811
racethn_combn,Other Hispanic,1999-2020,21.2,WTMEC.COMBN,age+gender,educ_level,prevent_chd_10yr_uacr,3181,7982911.61806779,130,gaussian (identity),Some college or AA degree,0.00421351994037024,0.00152277830109544,0.0065243792808085,0.00122887447022317,0.0071981654105173,15.7947057764994,1.79145989202265e-10,813,2184047.76933772
racethn_combn,Other Hispanic,1999-2020,21.2,WTMEC.COMBN,age+gender,educ_level,prevent_chd_10yr_uacr,3181,7982911.61806779,130,gaussian (identity),HS graduate or GED,0.00554504583463457,0.00115192613617211,4.22633411101895e-06,0.00328727060773723,0.0078028210615319,15.7947057764994,1.79145989202265e-10,609,1714335.72680651
racethn_combn,Other Hispanic,1999-2020,21.2,WTMEC.COMBN,age+gender,educ_level,prevent_chd_10yr_uacr,3181,7982911.61806779,130,gaussian (identity),9-11th grade,0.0103064295759685,0.00185723207053669,1.65664318842281e-07,0.00666625471771657,0.0139466044342204,15.7947057764994,1.79145989202265e-10,526,1246124.24900887
racethn_combn,Other Hispanic,1999-2020,21.2,WTMEC.COMBN,age+gender,educ_level,prevent_chd_10yr_uacr,3181,7982911.61806779,130,gaussian (identity),Less than 9th grade,0.0109374092155785,0.00167265236368541,1.45603191196095e-09,0.00765901058275514,0.014215807848402,15.7947057764994,1.79145989202265e-10,721,1465908.80977659
racethn_combn,Other/Multi-Racial/NHAsian,1999-2020,21.2,WTMEC.COMBN,age+gender,educ_level,prevent_chd_10yr_uacr,763,3963377.38203123,72,gaussian (identity),College graduate or above (Intercept),-0.0686370291530885,0.00409695333636817,1.83077858234417e-25,-0.0766670576923702,-0.0606070006138069,6.08900038394905,0.000311745214657638,280,1536472.57271019
racethn_combn,Other/Multi-Racial/NHAsian,1999-2020,21.2,WTMEC.COMBN,age+gender,educ_level,prevent_chd_10yr_uacr,763,3963377.38203123,72,gaussian (identity),Some college or AA degree,0.00975743661041944,0.00307760803268031,0.00230860867832828,0.00372532486636604,0.0157895483544728,6.08900038394905,0.000311745214657638,175,944597.864880943
racethn_combn,Other/Multi-Racial/NHAsian,1999-2020,21.2,WTMEC.COMBN,age+gender,educ_level,prevent_chd_10yr_uacr,763,3963377.38203123,72,gaussian (identity),HS graduate or GED,0.00534436130376942,0.00250874474363627,0.0368789960692247,0.000427221606242329,0.0102615010012965,6.08900038394905,0.000311745214657638,146,712202.623096698
racethn_combn,Other/Multi-Racial/NHAsian,1999-2020,21.2,WTMEC.COMBN,age+gender,educ_level,prevent_chd_10yr_uacr,763,3963377.38203123,72,gaussian (identity),9-11th grade,0.0221909906192828,0.00658468320572517,0.00125903103208475,0.00928501153606149,0.0350969697025042,6.08900038394905,0.000311745214657638,68,359097.815188774
racethn_combn,Other/Multi-Racial/NHAsian,1999-2020,21.2,WTMEC.COMBN,age+gender,educ_level,prevent_chd_10yr_uacr,763,3963377.38203123,72,gaussian (identity),Less than 9th grade,0.00801617633971909,0.00408456648344676,0.0539159576307215,1.04260321634395e-05,0.0160219266472747,6.08900038394905,0.000311745214657638,94,411006.506154623
racethn_combn,NHAsian,1999-2020,21.2,WTMEC.COMBN,age+gender,educ_level,prevent_chd_10yr_uacr,2006,3581571.55437185,67,gaussian (identity),College graduate or above (Intercept),-0.0664672900091003,0.00301177486802107,8.93047897981966e-31,-0.0723703687504216,-0.060564211267779,5.17381073029457,0.00117866521782811,1058,1951577.37017164
racethn_combn,NHAsian,1999-2020,21.2,WTMEC.COMBN,age+gender,educ_level,prevent_chd_10yr_uacr,2006,3581571.55437185,67,gaussian (identity),Some college or AA degree,0.00356437192137881,0.00128625361073945,0.00739503961160652,0.00104331484432948,0.00608542899842814,5.17381073029457,0.00117866521782811,339,603766.709147736
racethn_combn,NHAsian,1999-2020,21.2,WTMEC.COMBN,age+gender,educ_level,prevent_chd_10yr_uacr,2006,3581571.55437185,67,gaussian (identity),HS graduate or GED,0.00367211221918947,0.0016768499864503,0.0323663652727133,0.000385486245746873,0.00695873819263206,5.17381073029457,0.00117866521782811,277,482942.487319566
racethn_combn,NHAsian,1999-2020,21.2,WTMEC.COMBN,age+gender,educ_level,prevent_chd_10yr_uacr,2006,3581571.55437185,67,gaussian (identity),9-11th grade,0.00859863321629606,0.0026609673240027,0.00198753029428908,0.00338313726125076,0.0138141291713414,5.17381073029457,0.00117866521782811,158,262173.270934868
racethn_combn,NHAsian,1999-2020,21.2,WTMEC.COMBN,age+gender,educ_level,prevent_chd_10yr_uacr,2006,3581571.55437185,67,gaussian (identity),Less than 9th grade,0.00562829430999993,0.00280948428968388,0.0495911542500025,0.000121705102219528,0.0111348835177803,5.17381073029457,0.00117866521782811,174,281111.716798038
racethn_combn,Other/Multi-Racial,1999-2020,21.2,WTMEC.COMBN,age+gender,educ_level,prevent_chd_10yr_uacr,561,2256500.2817107,62,gaussian (identity),College graduate or above (Intercept),-0.0704892599204278,0.00589186424353119,4.65549840959006e-17,-0.0820373138377489,-0.0589412060031067,2.06416153740864,0.0977494923885465,135,545065.233636321
racethn_combn,Other/Multi-Racial,1999-2020,21.2,WTMEC.COMBN,age+gender,educ_level,prevent_chd_10yr_uacr,561,2256500.2817107,62,gaussian (identity),Some college or AA degree,0.0109795928706705,0.00423124075688537,0.0120572831384607,0.00268636098717514,0.0192728247541658,2.06416153740864,0.0977494923885465,244,995591.539501547
racethn_combn,Other/Multi-Racial,1999-2020,21.2,WTMEC.COMBN,age+gender,educ_level,prevent_chd_10yr_uacr,561,2256500.2817107,62,gaussian (identity),HS graduate or GED,0.00954375650222238,0.00409028266630521,0.0232502549211447,0.00152680247626416,0.0175607105281806,2.06416153740864,0.0977494923885465,108,464337.700509095
racethn_combn,Other/Multi-Racial,1999-2020,21.2,WTMEC.COMBN,age+gender,educ_level,prevent_chd_10yr_uacr,561,2256500.2817107,62,gaussian (identity),9-11th grade,0.00534321498895662,0.00416379040241204,0.204687178694094,-0.00281781419977097,0.0135042441776842,2.06416153740864,0.0977494923885465,55,195579.412773679
racethn_combn,Other/Multi-Racial,1999-2020,21.2,WTMEC.COMBN,age+gender,educ_level,prevent_chd_10yr_uacr,561,2256500.2817107,62,gaussian (identity),Less than 9th grade,0.00738722185871652,0.00590076202709671,0.215806570858419,-0.00417827171439303,0.0189527154318261,2.06416153740864,0.0977494923885465,19,55926.3952900566
racethn_combn,NHW,1999-2020,21.2,WTMEC.COMBN,age+gender,educ_level,prevent_chd_10yr_full,15651,103534855.547241,162,gaussian (identity),College graduate or above (Intercept),-0.0638361722735836,0.000843862005930863,7.43013779908089e-125,-0.0654901418052081,-0.0621822027419591,102.829522905237,1.05998457174646e-42,4534,35238905.5790074
racethn_combn,NHW,1999-2020,21.2,WTMEC.COMBN,age+gender,educ_level,prevent_chd_10yr_full,15651,103534855.547241,162,gaussian (identity),Some college or AA degree,0.00602847251647112,0.00051956915064661,7.804138726678e-23,0.00501011698120377,0.00704682805173848,102.829522905237,1.05998457174646e-42,4856,32186029.0199493
racethn_combn,NHW,1999-2020,21.2,WTMEC.COMBN,age+gender,educ_level,prevent_chd_10yr_full,15651,103534855.547241,162,gaussian (identity),HS graduate or GED,0.00772894962793189,0.00055430234396373,3.28039688376605e-29,0.00664251703376298,0.0088153822221008,102.829522905237,1.05998457174646e-42,3975,25158360.8638093
racethn_combn,NHW,1999-2020,21.2,WTMEC.COMBN,age+gender,educ_level,prevent_chd_10yr_full,15651,103534855.547241,162,gaussian (identity),9-11th grade,0.0133824164205261,0.00094210104448324,6.43863675352081e-30,0.011535898373339,0.0152289344677133,102.829522905237,1.05998457174646e-42,1680,8517269.11144411
racethn_combn,NHW,1999-2020,21.2,WTMEC.COMBN,age+gender,educ_level,prevent_chd_10yr_full,15651,103534855.547241,162,gaussian (identity),Less than 9th grade,0.0191214242099883,0.00172731900956256,2.19501445291132e-21,0.0157358789512457,0.022506969468731,102.829522905237,1.05998457174646e-42,606,2434290.97303062
racethn_combn,NHB,1999-2020,21.2,WTMEC.COMBN,age+gender,educ_level,prevent_chd_10yr_full,7581,14775977.4075239,148,gaussian (identity),College graduate or above (Intercept),-0.0650591550885234,0.0013880549738373,2.82836157521547e-88,-0.0677797428372445,-0.0623385673398023,17.3115260749228,1.37280764737894e-11,1364,2836301.78391662
racethn_combn,NHB,1999-2020,21.2,WTMEC.COMBN,age+gender,educ_level,prevent_chd_10yr_full,7581,14775977.4075239,148,gaussian (identity),Some college or AA degree,0.0035380940552692,0.000993518112071744,0.000502897918464738,0.00159079855560858,0.00548538955492981,17.3115260749228,1.37280764737894e-11,2418,4817118.91992023
racethn_combn,NHB,1999-2020,21.2,WTMEC.COMBN,age+gender,educ_level,prevent_chd_10yr_full,7581,14775977.4075239,148,gaussian (identity),HS graduate or GED,0.00429789557095858,0.00101969579758206,4.42343174121626e-05,0.00229929180769775,0.00629649933421941,17.3115260749228,1.37280764737894e-11,1951,3794840.81095449
racethn_combn,NHB,1999-2020,21.2,WTMEC.COMBN,age+gender,educ_level,prevent_chd_10yr_full,7581,14775977.4075239,148,gaussian (identity),9-11th grade,0.00810478414181405,0.00119187764368947,2.68506341583103e-10,0.00576870396018269,0.0104408643234454,17.3115260749228,1.37280764737894e-11,1470,2747959.472842
racethn_combn,NHB,1999-2020,21.2,WTMEC.COMBN,age+gender,educ_level,prevent_chd_10yr_full,7581,14775977.4075239,148,gaussian (identity),Less than 9th grade,0.0120538278800052,0.00224285944291421,3.07694569706024e-07,0.00765782337189338,0.0164498323881171,17.3115260749228,1.37280764737894e-11,378,579756.419890604
racethn_combn,Mexican-American,1999-2020,21.2,WTMEC.COMBN,age+gender,educ_level,prevent_chd_10yr_full,6196,10633473.9889415,134,gaussian (identity),College graduate or above (Intercept),-0.0700262642206074,0.00185386951379059,2.88457993728912e-71,-0.073659848467637,-0.0663926799735779,10.361840436524,2.65915964120294e-07,472,1037188.72230062
racethn_combn,Mexican-American,1999-2020,21.2,WTMEC.COMBN,age+gender,educ_level,prevent_chd_10yr_full,6196,10633473.9889415,134,gaussian (identity),Some college or AA degree,0.00490057006179212,0.00125867343782456,0.000158281302361605,0.00243357012365598,0.00736756999992826,10.361840436524,2.65915964120294e-07,1077,2044957.56215585
racethn_combn,Mexican-American,1999-2020,21.2,WTMEC.COMBN,age+gender,educ_level,prevent_chd_10yr_full,6196,10633473.9889415,134,gaussian (identity),HS graduate or GED,0.00468365633150177,0.00112949444154405,6.0984898179603e-05,0.00246984722607544,0.0068974654369281,10.361840436524,2.65915964120294e-07,1055,2133808.38454557
racethn_combn,Mexican-American,1999-2020,21.2,WTMEC.COMBN,age+gender,educ_level,prevent_chd_10yr_full,6196,10633473.9889415,134,gaussian (identity),9-11th grade,0.00702788215408527,0.00145511794228772,3.83384743020761e-06,0.00417585098720134,0.00987991332096921,10.361840436524,2.65915964120294e-07,1151,2118064.73721391
racethn_combn,Mexican-American,1999-2020,21.2,WTMEC.COMBN,age+gender,educ_level,prevent_chd_10yr_full,6196,10633473.9889415,134,gaussian (identity),Less than 9th grade,0.00829861900986547,0.00135181966072259,9.67336047604359e-09,0.00564905247484919,0.0109481855448818,10.361840436524,2.65915964120294e-07,2441,3299454.58272551
racethn_combn,Other Hispanic,1999-2020,21.2,WTMEC.COMBN,age+gender,educ_level,prevent_chd_10yr_full,3175,7963777.20174996,130,gaussian (identity),College graduate or above (Intercept),-0.0681712332002467,0.00208404793017274,7.86082686822741e-63,-0.0722559671433852,-0.0640864992571081,19.4900500265098,1.82995970088121e-12,512,1372495.06313811
racethn_combn,Other Hispanic,1999-2020,21.2,WTMEC.COMBN,age+gender,educ_level,prevent_chd_10yr_full,3175,7963777.20174996,130,gaussian (identity),Some college or AA degree,0.00564501604438467,0.00173976009431558,0.00151145392335825,0.00223508625952614,0.0090549458292432,19.4900500265098,1.82995970088121e-12,809,2168728.43232517
racethn_combn,Other Hispanic,1999-2020,21.2,WTMEC.COMBN,age+gender,educ_level,prevent_chd_10yr_full,3175,7963777.20174996,130,gaussian (identity),HS graduate or GED,0.00652880037675227,0.00124800223925003,6.94115274243392e-07,0.00408271598782221,0.00897488476568234,19.4900500265098,1.82995970088121e-12,608,1711352.40212509
racethn_combn,Other Hispanic,1999-2020,21.2,WTMEC.COMBN,age+gender,educ_level,prevent_chd_10yr_full,3175,7963777.20174996,130,gaussian (identity),9-11th grade,0.0118008869718315,0.00203470884392549,5.18930830531339e-08,0.00781285763773748,0.0157889163059254,19.4900500265098,1.82995970088121e-12,526,1246124.24900887
racethn_combn,Other Hispanic,1999-2020,21.2,WTMEC.COMBN,age+gender,educ_level,prevent_chd_10yr_full,3175,7963777.20174996,130,gaussian (identity),Less than 9th grade,0.0119515070528665,0.00173958118401859,2.75530908924062e-10,0.00854192793219003,0.0153610861735429,19.4900500265098,1.82995970088121e-12,720,1465077.05515272
racethn_combn,Other/Multi-Racial/NHAsian,1999-2020,21.2,WTMEC.COMBN,age+gender,educ_level,prevent_chd_10yr_full,760,3948490.98230453,72,gaussian (identity),College graduate or above (Intercept),-0.0673927304746424,0.00442012675218831,2.60907566804244e-23,-0.0760561789089315,-0.0587292820403533,6.37144080550602,0.000213101552241459,279,1529772.8717384
racethn_combn,Other/Multi-Racial/NHAsian,1999-2020,21.2,WTMEC.COMBN,age+gender,educ_level,prevent_chd_10yr_full,760,3948490.98230453,72,gaussian (identity),Some college or AA degree,0.00980231944281629,0.00314116022101737,0.0026767660247841,0.00364564540962225,0.0159589934760103,6.37144080550602,0.000213101552241459,175,944597.864880943
racethn_combn,Other/Multi-Racial/NHAsian,1999-2020,21.2,WTMEC.COMBN,age+gender,educ_level,prevent_chd_10yr_full,760,3948490.98230453,72,gaussian (identity),HS graduate or GED,0.00445693527220902,0.00244903973437173,0.0733138265852376,-0.00034318260715957,0.00925705315157761,6.37144080550602,0.000213101552241459,145,709707.839104811
racethn_combn,Other/Multi-Racial/NHAsian,1999-2020,21.2,WTMEC.COMBN,age+gender,educ_level,prevent_chd_10yr_full,760,3948490.98230453,72,gaussian (identity),9-11th grade,0.0205888378389522,0.00588348672987203,0.000840397285042009,0.00905720384840304,0.0321204718295014,6.37144080550602,0.000213101552241459,68,359097.815188774
racethn_combn,Other/Multi-Racial/NHAsian,1999-2020,21.2,WTMEC.COMBN,age+gender,educ_level,prevent_chd_10yr_full,760,3948490.98230453,72,gaussian (identity),Less than 9th grade,0.0100947046932233,0.00515878779893314,0.0546037914375811,-1.65193926856336e-05,0.0202059287791323,6.37144080550602,0.000213101552241459,93,405314.591391604
racethn_combn,NHAsian,1999-2020,21.2,WTMEC.COMBN,age+gender,educ_level,prevent_chd_10yr_full,2005,3580392.56447817,67,gaussian (identity),College graduate or above (Intercept),-0.0635163576391474,0.00298268210504548,6.16343933653966e-30,-0.0693624145650365,-0.0576703007132583,4.94944516613329,0.00160300120355661,1058,1951577.37017164
racethn_combn,NHAsian,1999-2020,21.2,WTMEC.COMBN,age+gender,educ_level,prevent_chd_10yr_full,2005,3580392.56447817,67,gaussian (identity),Some college or AA degree,0.00373172457688711,0.00137410945509393,0.00859037668543005,0.00103847004490301,0.00642497910887121,4.94944516613329,0.00160300120355661,339,603766.709147736
racethn_combn,NHAsian,1999-2020,21.2,WTMEC.COMBN,age+gender,educ_level,prevent_chd_10yr_full,2005,3580392.56447817,67,gaussian (identity),HS graduate or GED,0.00362597500274391,0.00175223402020263,0.0427572662962485,0.000191596323146756,0.00706035368234107,4.94944516613329,0.00160300120355661,277,482942.487319566
racethn_combn,NHAsian,1999-2020,21.2,WTMEC.COMBN,age+gender,educ_level,prevent_chd_10yr_full,2005,3580392.56447817,67,gaussian (identity),9-11th grade,0.00894061639188263,0.00298231647168956,0.00392940112405604,0.00309527610737109,0.0147859566763942,4.94944516613329,0.00160300120355661,158,262173.270934868
racethn_combn,NHAsian,1999-2020,21.2,WTMEC.COMBN,age+gender,educ_level,prevent_chd_10yr_full,2005,3580392.56447817,67,gaussian (identity),Less than 9th grade,0.00833373338417211,0.00317959998511583,0.0110519038301278,0.00210171741334508,0.0145657493549991,4.94944516613329,0.00160300120355661,173,279932.726904359
racethn_combn,Other/Multi-Racial,1999-2020,21.2,WTMEC.COMBN,age+gender,educ_level,prevent_chd_10yr_full,561,2256500.2817107,62,gaussian (identity),College graduate or above (Intercept),-0.0685815805035961,0.006738375753941,2.40513890295001e-14,-0.0817887969813205,-0.0553743640258718,2.60056680066473,0.0456496843505281,135,545065.233636321
racethn_combn,Other/Multi-Racial,1999-2020,21.2,WTMEC.COMBN,age+gender,educ_level,prevent_chd_10yr_full,561,2256500.2817107,62,gaussian (identity),Some college or AA degree,0.0129812496272907,0.00441458283628479,0.00475530048040044,0.00432866726817256,0.0216338319864089,2.60056680066473,0.0456496843505281,244,995591.539501547
racethn_combn,Other/Multi-Racial,1999-2020,21.2,WTMEC.COMBN,age+gender,educ_level,prevent_chd_10yr_full,561,2256500.2817107,62,gaussian (identity),HS graduate or GED,0.00963387998285657,0.00374917877599424,0.012871165133274,0.00228548958190785,0.0169822703838053,2.60056680066473,0.0456496843505281,108,464337.700509095
racethn_combn,Other/Multi-Racial,1999-2020,21.2,WTMEC.COMBN,age+gender,educ_level,prevent_chd_10yr_full,561,2256500.2817107,62,gaussian (identity),9-11th grade,0.00688413922497382,0.0042610712958539,0.111803863240412,-0.00146756051489983,0.0152358389648475,2.60056680066473,0.0456496843505281,55,195579.412773679
racethn_combn,Other/Multi-Racial,1999-2020,21.2,WTMEC.COMBN,age+gender,educ_level,prevent_chd_10yr_full,561,2256500.2817107,62,gaussian (identity),Less than 9th grade,0.0100273900595693,0.00827253593355072,0.230551980498903,-0.00618678037019013,0.0262415604893287,2.60056680066473,0.0456496843505281,19,55926.3952900566
racethn_combn,NHW,1999-2020,21.2,WTMEC.COMBN,age+gender,educ_level,prevent_chd_30yr_base,15800,104277995.879337,162,gaussian (identity),College graduate or above (Intercept),-0.0651660087963845,0.00138951699203187,7.26592720223397e-94,-0.067889462100767,-0.062442555492002,143.000002895126,4.09127806516898e-51,4562,35404925.0443767
racethn_combn,NHW,1999-2020,21.2,WTMEC.COMBN,age+gender,educ_level,prevent_chd_30yr_base,15800,104277995.879337,162,gaussian (identity),Some college or AA degree,0.0162206618963835,0.00106953316114102,1.67573220613149e-32,0.0141243769005471,0.0183169468922199,143.000002895126,4.09127806516898e-51,4893,32357031.0377336
racethn_combn,NHW,1999-2020,21.2,WTMEC.COMBN,age+gender,educ_level,prevent_chd_30yr_base,15800,104277995.879337,162,gaussian (identity),HS graduate or GED,0.020719661516673,0.00134183340048825,3.08977976360365e-33,0.018089668051716,0.02334965498163,143.000002895126,4.09127806516898e-51,4016,25406774.3688037
racethn_combn,NHW,1999-2020,21.2,WTMEC.COMBN,age+gender,educ_level,prevent_chd_30yr_base,15800,104277995.879337,162,gaussian (identity),9-11th grade,0.027173396186522,0.00177689921584813,7.69819292751044e-33,0.0236906737234597,0.0306561186495843,143.000002895126,4.09127806516898e-51,1704,8619151.24291126
racethn_combn,NHW,1999-2020,21.2,WTMEC.COMBN,age+gender,educ_level,prevent_chd_30yr_base,15800,104277995.879337,162,gaussian (identity),Less than 9th grade,0.0309914115228799,0.00322385754559341,1.79912040928374e-17,0.0246726507335168,0.037310172312243,143.000002895126,4.09127806516898e-51,625,2490114.18551192
racethn_combn,NHB,1999-2020,21.2,WTMEC.COMBN,age+gender,educ_level,prevent_chd_30yr_base,7703,14987750.5852691,148,gaussian (identity),College graduate or above (Intercept),-0.0627983865931811,0.00265853567871731,4.84473512789109e-51,-0.068009116523467,-0.0575876566628951,16.0745289530285,7.03826006300523e-11,1382,2867279.27513777
racethn_combn,NHB,1999-2020,21.2,WTMEC.COMBN,age+gender,educ_level,prevent_chd_30yr_base,7703,14987750.5852691,148,gaussian (identity),Some college or AA degree,0.00782867721894083,0.00202519230749622,0.000168029403535702,0.00385930029624824,0.0117980541416334,16.0745289530285,7.03826006300523e-11,2452,4879281.70713981
racethn_combn,NHB,1999-2020,21.2,WTMEC.COMBN,age+gender,educ_level,prevent_chd_30yr_base,7703,14987750.5852691,148,gaussian (identity),HS graduate or GED,0.011283311062341,0.00217184899799836,6.96512913799589e-07,0.00702648702626425,0.0155401350984178,16.0745289530285,7.03826006300523e-11,1983,3856810.60133849
racethn_combn,NHB,1999-2020,21.2,WTMEC.COMBN,age+gender,educ_level,prevent_chd_30yr_base,7703,14987750.5852691,148,gaussian (identity),9-11th grade,0.0163646978726409,0.00224949287442543,2.15049384054444e-11,0.011955691838767,0.0207737039065147,16.0745289530285,7.03826006300523e-11,1494,2786321.16433136
racethn_combn,NHB,1999-2020,21.2,WTMEC.COMBN,age+gender,educ_level,prevent_chd_30yr_base,7703,14987750.5852691,148,gaussian (identity),Less than 9th grade,0.00335328085990374,0.00356026667442099,0.347862746904353,-0.00362484182196141,0.0103314035417689,16.0745289530285,7.03826006300523e-11,392,598057.837321642
racethn_combn,Mexican-American,1999-2020,21.2,WTMEC.COMBN,age+gender,educ_level,prevent_chd_30yr_base,6231,10684202.3052091,134,gaussian (identity),College graduate or above (Intercept),-0.0884272636663123,0.00405910729128179,6.89992753924876e-45,-0.0963831139572246,-0.0804714133754,6.95078301809819,4.27280193032795e-05,475,1044787.38624562
racethn_combn,Mexican-American,1999-2020,21.2,WTMEC.COMBN,age+gender,educ_level,prevent_chd_30yr_base,6231,10684202.3052091,134,gaussian (identity),Some college or AA degree,0.0103830456561147,0.00307706552761167,0.000979646544658652,0.00435199722199588,0.0164140940902336,6.95078301809819,4.27280193032795e-05,1085,2058991.71157509
racethn_combn,Mexican-American,1999-2020,21.2,WTMEC.COMBN,age+gender,educ_level,prevent_chd_30yr_base,6231,10684202.3052091,134,gaussian (identity),HS graduate or GED,0.0102827123901295,0.00284289077162842,0.000427449655806024,0.0047106464777378,0.0158547783025212,6.95078301809819,4.27280193032795e-05,1060,2142592.7985134
racethn_combn,Mexican-American,1999-2020,21.2,WTMEC.COMBN,age+gender,educ_level,prevent_chd_30yr_base,6231,10684202.3052091,134,gaussian (identity),9-11th grade,0.0148346450976682,0.00317928089010383,7.62646564796456e-06,0.0086032545530647,0.0210660356422717,6.95078301809819,4.27280193032795e-05,1159,2123846.24468117
racethn_combn,Mexican-American,1999-2020,21.2,WTMEC.COMBN,age+gender,educ_level,prevent_chd_30yr_base,6231,10684202.3052091,134,gaussian (identity),Less than 9th grade,0.0147388625960998,0.00303695844804486,3.47077960657315e-06,0.00878642403793192,0.0206913011542678,6.95078301809819,4.27280193032795e-05,2452,3313984.16419381
racethn_combn,Other Hispanic,1999-2020,21.2,WTMEC.COMBN,age+gender,educ_level,prevent_chd_30yr_base,3196,8012696.56155144,130,gaussian (identity),College graduate or above (Intercept),-0.0815913709400368,0.0035323286270438,9.54860247216666e-47,-0.0885147350490426,-0.074668006831031,6.45870758955407,9.37503367051966e-05,515,1382739.9268943
racethn_combn,Other Hispanic,1999-2020,21.2,WTMEC.COMBN,age+gender,educ_level,prevent_chd_30yr_base,3196,8012696.56155144,130,gaussian (identity),Some college or AA degree,0.00923793430238028,0.0034021471906734,0.00756599510100461,0.00256972580866041,0.0159061427961002,6.45870758955407,9.37503367051966e-05,814,2186490.87226781
racethn_combn,Other Hispanic,1999-2020,21.2,WTMEC.COMBN,age+gender,educ_level,prevent_chd_30yr_base,3196,8012696.56155144,130,gaussian (identity),HS graduate or GED,0.00936809308739153,0.00270595676781107,0.000736222824875298,0.00406441782248182,0.0146717683523012,6.45870758955407,9.37503367051966e-05,613,1720099.74872868
racethn_combn,Other Hispanic,1999-2020,21.2,WTMEC.COMBN,age+gender,educ_level,prevent_chd_30yr_base,3196,8012696.56155144,130,gaussian (identity),9-11th grade,0.0209838071611502,0.00506875318731365,6.37140271304715e-05,0.0110490509140154,0.030918563408285,6.45870758955407,9.37503367051966e-05,527,1247571.35375981
racethn_combn,Other Hispanic,1999-2020,21.2,WTMEC.COMBN,age+gender,educ_level,prevent_chd_30yr_base,3196,8012696.56155144,130,gaussian (identity),Less than 9th grade,0.0151633856423927,0.00394728835979303,0.000194115727496447,0.00742670045719834,0.022900070827587,6.45870758955407,9.37503367051966e-05,727,1475794.65990083
racethn_combn,Other/Multi-Racial/NHAsian,1999-2020,21.2,WTMEC.COMBN,age+gender,educ_level,prevent_chd_30yr_base,770,3999498.48914632,73,gaussian (identity),College graduate or above (Intercept),-0.0872115283312433,0.00766858897606085,2.70884266988615e-17,-0.102241962724323,-0.072181093938164,11.1938923189336,5.16223503366102e-07,281,1545117.17483604
racethn_combn,Other/Multi-Racial/NHAsian,1999-2020,21.2,WTMEC.COMBN,age+gender,educ_level,prevent_chd_30yr_base,770,3999498.48914632,73,gaussian (identity),Some college or AA degree,0.026743683970204,0.00547266247312338,6.69933633602491e-06,0.0160172655228822,0.0374701024175258,11.1938923189336,5.16223503366102e-07,176,946543.950211038
racethn_combn,Other/Multi-Racial/NHAsian,1999-2020,21.2,WTMEC.COMBN,age+gender,educ_level,prevent_chd_30yr_base,770,3999498.48914632,73,gaussian (identity),HS graduate or GED,0.0200381202179604,0.0060844181550654,0.00158335130496671,0.00811266063403224,0.0319635798018886,11.1938923189336,5.16223503366102e-07,148,718989.486766981
racethn_combn,Other/Multi-Racial/NHAsian,1999-2020,21.2,WTMEC.COMBN,age+gender,educ_level,prevent_chd_30yr_base,770,3999498.48914632,73,gaussian (identity),9-11th grade,0.0437329923237699,0.01256052102217,0.000881635288494782,0.0191143711203166,0.0683516135272231,11.1938923189336,5.16223503366102e-07,71,377841.371177642
racethn_combn,Other/Multi-Racial/NHAsian,1999-2020,21.2,WTMEC.COMBN,age+gender,educ_level,prevent_chd_30yr_base,770,3999498.48914632,73,gaussian (identity),Less than 9th grade,0.0033995359371634,0.00618510574701897,0.58439887483901,-0.00872327132699378,0.0155223432013206,11.1938923189336,5.16223503366102e-07,94,411006.506154623
racethn_combn,NHAsian,1999-2020,21.2,WTMEC.COMBN,age+gender,educ_level,prevent_chd_30yr_base,2015,3596946.21931577,67,gaussian (identity),College graduate or above (Intercept),-0.0740593669103216,0.00411184671579951,4.22415368609917e-26,-0.0821185864732886,-0.0660001473473545,6.6107342598676,0.000173598203198402,1064,1963343.99854123
racethn_combn,NHAsian,1999-2020,21.2,WTMEC.COMBN,age+gender,educ_level,prevent_chd_30yr_base,2015,3596946.21931577,67,gaussian (identity),Some college or AA degree,0.0114295927440639,0.00285460592543126,0.000171537041866136,0.00583456513021865,0.0170246203579092,6.6107342598676,0.000173598203198402,339,603766.709147736
racethn_combn,NHAsian,1999-2020,21.2,WTMEC.COMBN,age+gender,educ_level,prevent_chd_30yr_base,2015,3596946.21931577,67,gaussian (identity),HS graduate or GED,0.012287984293351,0.00380413422786886,0.00199482106667615,0.00483188120672805,0.019744087379974,6.6107342598676,0.000173598203198402,277,482942.487319566
racethn_combn,NHAsian,1999-2020,21.2,WTMEC.COMBN,age+gender,educ_level,prevent_chd_30yr_base,2015,3596946.21931577,67,gaussian (identity),9-11th grade,0.0131121094454447,0.00396488384953162,0.0015836600220063,0.00534093710036267,0.0208832817905266,6.6107342598676,0.000173598203198402,159,262690.944795811
racethn_combn,NHAsian,1999-2020,21.2,WTMEC.COMBN,age+gender,educ_level,prevent_chd_30yr_base,2015,3596946.21931577,67,gaussian (identity),Less than 9th grade,0.00900936200444419,0.00374942981979959,0.0193244753548031,0.00166047955763699,0.0163582444512514,6.6107342598676,0.000173598203198402,176,284202.079511434
racethn_combn,Other/Multi-Racial,1999-2020,21.2,WTMEC.COMBN,age+gender,educ_level,prevent_chd_30yr_base,566,2267044.86662802,62,gaussian (identity),College graduate or above (Intercept),-0.0573165683249405,0.0110832899631876,3.23096486902731e-06,-0.0790398166527883,-0.0355933199970928,1.08540546667367,0.372581990306501,137,547771.771017453
racethn_combn,Other/Multi-Racial,1999-2020,21.2,WTMEC.COMBN,age+gender,educ_level,prevent_chd_30yr_base,566,2267044.86662802,62,gaussian (identity),Some college or AA degree,0.0181695044423358,0.00923713535200236,0.0541444827030359,6.47191524111787e-05,0.0362742897322604,1.08540546667367,0.372581990306501,247,1003429.58703774
racethn_combn,Other/Multi-Racial,1999-2020,21.2,WTMEC.COMBN,age+gender,educ_level,prevent_chd_30yr_base,566,2267044.86662802,62,gaussian (identity),HS graduate or GED,0.00913094316571586,0.00933016509072436,0.331963187729949,-0.00915618041210389,0.0274180667435356,1.08540546667367,0.372581990306501,108,464337.700509095
racethn_combn,Other/Multi-Racial,1999-2020,21.2,WTMEC.COMBN,age+gender,educ_level,prevent_chd_30yr_base,566,2267044.86662802,62,gaussian (identity),9-11th grade,0.00877305615571337,0.0106822502974884,0.414972844847155,-0.0121641544273639,0.0297102667387906,1.08540546667367,0.372581990306501,55,195579.412773679
racethn_combn,Other/Multi-Racial,1999-2020,21.2,WTMEC.COMBN,age+gender,educ_level,prevent_chd_30yr_base,566,2267044.86662802,62,gaussian (identity),Less than 9th grade,0.0106179788653644,0.013429912396513,0.432500412321457,-0.0157046494318011,0.0369406071625299,1.08540546667367,0.372581990306501,19,55926.3952900566
racethn_combn,NHW,1999-2020,21.2,WTMEC.COMBN,age+gender,educ_level,prevent_chd_30yr_hba1c,15784,104176158.59452,162,gaussian (identity),College graduate or above (Intercept),-0.0589884304369044,0.00122655357307915,1.84858397763548e-95,-0.0613924754401395,-0.0565843854336692,151.819059930715,1.03343755219715e-52,4558,35373143.7557502
racethn_combn,NHW,1999-2020,21.2,WTMEC.COMBN,age+gender,educ_level,prevent_chd_30yr_hba1c,15784,104176158.59452,162,gaussian (identity),Some college or AA degree,0.0151504048329142,0.000997926173078772,1.52068234629656e-32,0.0131944695336798,0.0171063401321486,151.819059930715,1.03343755219715e-52,4887,32324782.1512812
racethn_combn,NHW,1999-2020,21.2,WTMEC.COMBN,age+gender,educ_level,prevent_chd_30yr_hba1c,15784,104176158.59452,162,gaussian (identity),HS graduate or GED,0.0196500245553405,0.00119798206001187,8.87505339594081e-36,0.0173019797177172,0.0219980693929637,151.819059930715,1.03343755219715e-52,4011,25372307.0813698
racethn_combn,NHW,1999-2020,21.2,WTMEC.COMBN,age+gender,educ_level,prevent_chd_30yr_hba1c,15784,104176158.59452,162,gaussian (identity),9-11th grade,0.0258756133257993,0.001644747345006,5.20777532058393e-34,0.0226519085295875,0.0290993181220111,151.819059930715,1.03343755219715e-52,1704,8619151.24291126
racethn_combn,NHW,1999-2020,21.2,WTMEC.COMBN,age+gender,educ_level,prevent_chd_30yr_hba1c,15784,104176158.59452,162,gaussian (identity),Less than 9th grade,0.0282146047454308,0.00287959503798219,5.80694533338209e-18,0.0225705984709857,0.0338586110198758,151.819059930715,1.03343755219715e-52,624,2486774.36320768
racethn_combn,NHB,1999-2020,21.2,WTMEC.COMBN,age+gender,educ_level,prevent_chd_30yr_hba1c,7679,14942314.6947738,148,gaussian (identity),College graduate or above (Intercept),-0.0577520720651386,0.00254464180473772,4.3476464895741e-49,-0.0627395700024246,-0.0527645741278527,14.0981559926818,1.03304382148615e-09,1377,2857234.59615994
racethn_combn,NHB,1999-2020,21.2,WTMEC.COMBN,age+gender,educ_level,prevent_chd_30yr_hba1c,7679,14942314.6947738,148,gaussian (identity),Some college or AA degree,0.00754798695322555,0.00195424920808397,0.000170096018974037,0.00371765850538097,0.0113783154010701,14.0981559926818,1.03304382148615e-09,2443,4862212.46879938
racethn_combn,NHB,1999-2020,21.2,WTMEC.COMBN,age+gender,educ_level,prevent_chd_30yr_hba1c,7679,14942314.6947738,148,gaussian (identity),HS graduate or GED,0.0104059404392097,0.00208212541750654,1.68117260867047e-06,0.00632497462089687,0.0144869062575225,14.0981559926818,1.03304382148615e-09,1978,3845566.58020862
racethn_combn,NHB,1999-2020,21.2,WTMEC.COMBN,age+gender,educ_level,prevent_chd_30yr_hba1c,7679,14942314.6947738,148,gaussian (identity),9-11th grade,0.0160306117466552,0.00229649454190981,1.03795191674252e-10,0.011529482444512,0.0205317410487984,14.0981559926818,1.03304382148615e-09,1491,2781296.85708928
racethn_combn,NHB,1999-2020,21.2,WTMEC.COMBN,age+gender,educ_level,prevent_chd_30yr_hba1c,7679,14942314.6947738,148,gaussian (identity),Less than 9th grade,0.00368546567015641,0.00336467152948788,0.275221206172508,-0.00290929052763984,0.0102802218679527,14.0981559926818,1.03304382148615e-09,390,596004.192516547
racethn_combn,Mexican-American,1999-2020,21.2,WTMEC.COMBN,age+gender,educ_level,prevent_chd_30yr_hba1c,6226,10673622.2903296,134,gaussian (identity),College graduate or above (Intercept),-0.0828503085758417,0.0039538481339884,3.38874762345145e-43,-0.090599850918459,-0.0751007662332245,8.75073294483492,2.81529718584004e-06,475,1044787.38624562
racethn_combn,Mexican-American,1999-2020,21.2,WTMEC.COMBN,age+gender,educ_level,prevent_chd_30yr_hba1c,6226,10673622.2903296,134,gaussian (identity),Some college or AA degree,0.0108058330021495,0.00291334212953393,0.000308753275930425,0.00509568242826297,0.016515983576036,8.75073294483492,2.81529718584004e-06,1083,2053298.29402623
racethn_combn,Mexican-American,1999-2020,21.2,WTMEC.COMBN,age+gender,educ_level,prevent_chd_30yr_hba1c,6226,10673622.2903296,134,gaussian (identity),HS graduate or GED,0.0108429252641023,0.00265058190549279,7.55427640217989e-05,0.00564778472933642,0.0160380657988681,8.75073294483492,2.81529718584004e-06,1059,2138861.28488057
racethn_combn,Mexican-American,1999-2020,21.2,WTMEC.COMBN,age+gender,educ_level,prevent_chd_30yr_hba1c,6226,10673622.2903296,134,gaussian (identity),9-11th grade,0.0150654012451471,0.00304014906813494,2.23859577394652e-06,0.00910670907160263,0.0210240934186916,8.75073294483492,2.81529718584004e-06,1158,2123492.97229645
racethn_combn,Mexican-American,1999-2020,21.2,WTMEC.COMBN,age+gender,educ_level,prevent_chd_30yr_hba1c,6226,10673622.2903296,134,gaussian (identity),Less than 9th grade,0.0161002087483211,0.00288371256728613,1.35143074796245e-07,0.0104481321164403,0.0217522853802019,8.75073294483492,2.81529718584004e-06,2451,3313182.3528807
racethn_combn,Other Hispanic,1999-2020,21.2,WTMEC.COMBN,age+gender,educ_level,prevent_chd_30yr_hba1c,3190,7993562.1452336,130,gaussian (identity),College graduate or above (Intercept),-0.0774296137766742,0.00334600521091526,7.9348501449208e-47,-0.0839877839900681,-0.0708714435632803,9.19442922950197,1.53986471804889e-06,515,1382739.9268943
racethn_combn,Other Hispanic,1999-2020,21.2,WTMEC.COMBN,age+gender,educ_level,prevent_chd_30yr_hba1c,3190,7993562.1452336,130,gaussian (identity),Some college or AA degree,0.010688076706584,0.00333601788646873,0.00172397397212601,0.00414948164910531,0.0172266717640627,9.19442922950197,1.53986471804889e-06,810,2171171.53525526
racethn_combn,Other Hispanic,1999-2020,21.2,WTMEC.COMBN,age+gender,educ_level,prevent_chd_30yr_hba1c,3190,7993562.1452336,130,gaussian (identity),HS graduate or GED,0.0108531139485812,0.0025963737061046,5.45865417481605e-05,0.00576422148461615,0.0159420064125462,9.19442922950197,1.53986471804889e-06,612,1717116.42404726
racethn_combn,Other Hispanic,1999-2020,21.2,WTMEC.COMBN,age+gender,educ_level,prevent_chd_30yr_hba1c,3190,7993562.1452336,130,gaussian (identity),9-11th grade,0.0229249081348895,0.00497532077745497,9.9565274525432e-06,0.0131732794110778,0.0326765368587013,9.19442922950197,1.53986471804889e-06,527,1247571.35375981
racethn_combn,Other Hispanic,1999-2020,21.2,WTMEC.COMBN,age+gender,educ_level,prevent_chd_30yr_hba1c,3190,7993562.1452336,130,gaussian (identity),Less than 9th grade,0.0164604527943182,0.00369858873265907,1.88477957669136e-05,0.00921121887830646,0.02370968671033,9.19442922950197,1.53986471804889e-06,726,1474962.90527696
racethn_combn,Other/Multi-Racial/NHAsian,1999-2020,21.2,WTMEC.COMBN,age+gender,educ_level,prevent_chd_30yr_hba1c,767,3984612.08941962,73,gaussian (identity),College graduate or above (Intercept),-0.0831288162179125,0.00726293527467341,2.03642895592175e-17,-0.0973641693562723,-0.0688934630795526,11.2937108989965,4.60370656497617e-07,280,1538417.47386425
racethn_combn,Other/Multi-Racial/NHAsian,1999-2020,21.2,WTMEC.COMBN,age+gender,educ_level,prevent_chd_30yr_hba1c,767,3984612.08941962,73,gaussian (identity),Some college or AA degree,0.0256082175066794,0.00521353906735024,6.0987533366506e-06,0.0153896809346729,0.0358267540786859,11.2937108989965,4.60370656497617e-07,176,946543.950211038
racethn_combn,Other/Multi-Racial/NHAsian,1999-2020,21.2,WTMEC.COMBN,age+gender,educ_level,prevent_chd_30yr_hba1c,767,3984612.08941962,73,gaussian (identity),HS graduate or GED,0.0180680993235402,0.00541884977565659,0.00139641277910073,0.00744715376325331,0.0286890448838272,11.2937108989965,4.60370656497617e-07,147,716494.702775095
racethn_combn,Other/Multi-Racial/NHAsian,1999-2020,21.2,WTMEC.COMBN,age+gender,educ_level,prevent_chd_30yr_hba1c,767,3984612.08941962,73,gaussian (identity),9-11th grade,0.0396736321394784,0.0110136939160407,0.000600533029265021,0.0180867920640385,0.0612604722149182,11.2937108989965,4.60370656497617e-07,71,377841.371177642
racethn_combn,Other/Multi-Racial/NHAsian,1999-2020,21.2,WTMEC.COMBN,age+gender,educ_level,prevent_chd_30yr_hba1c,767,3984612.08941962,73,gaussian (identity),Less than 9th grade,0.00706566320202016,0.00711223612490598,0.324064283435689,-0.00687431960279556,0.0210056460068359,11.2937108989965,4.60370656497617e-07,93,405314.591391604
racethn_combn,NHAsian,1999-2020,21.2,WTMEC.COMBN,age+gender,educ_level,prevent_chd_30yr_hba1c,2014,3595767.22942209,67,gaussian (identity),College graduate or above (Intercept),-0.0692941976985958,0.00371173208593195,6.59411256490054e-27,-0.0765691925870224,-0.0620192028101691,7.32575587761245,6.93350526686203e-05,1064,1963343.99854123
racethn_combn,NHAsian,1999-2020,21.2,WTMEC.COMBN,age+gender,educ_level,prevent_chd_30yr_hba1c,2014,3595767.22942209,67,gaussian (identity),Some college or AA degree,0.0109710518611137,0.00265794828864597,0.000113059518629696,0.00576147321536764,0.0161806305068598,7.32575587761245,6.93350526686203e-05,339,603766.709147736
racethn_combn,NHAsian,1999-2020,21.2,WTMEC.COMBN,age+gender,educ_level,prevent_chd_30yr_hba1c,2014,3595767.22942209,67,gaussian (identity),HS graduate or GED,0.012076273611349,0.00349174462707339,0.000996203485086455,0.00523245414228518,0.0189200930804129,7.32575587761245,6.93350526686203e-05,277,482942.487319566
racethn_combn,NHAsian,1999-2020,21.2,WTMEC.COMBN,age+gender,educ_level,prevent_chd_30yr_hba1c,2014,3595767.22942209,67,gaussian (identity),9-11th grade,0.0132169401481654,0.00406929961813156,0.00189156465304771,0.00524111289662751,0.0211927673997032,7.32575587761245,6.93350526686203e-05,159,262690.944795811
racethn_combn,NHAsian,1999-2020,21.2,WTMEC.COMBN,age+gender,educ_level,prevent_chd_30yr_hba1c,2014,3595767.22942209,67,gaussian (identity),Less than 9th grade,0.012160439943894,0.00398191605161637,0.00334564000941272,0.00435588448272587,0.019964995405062,7.32575587761245,6.93350526686203e-05,175,283023.089617755
racethn_combn,Other/Multi-Racial,1999-2020,21.2,WTMEC.COMBN,age+gender,educ_level,prevent_chd_30yr_hba1c,566,2267044.86662802,62,gaussian (identity),College graduate or above (Intercept),-0.054455724011321,0.0106516893889138,3.99909164680888e-06,-0.0753330352135921,-0.0335784128090499,1.38237168702245,0.251777226278441,137,547771.771017453
racethn_combn,Other/Multi-Racial,1999-2020,21.2,WTMEC.COMBN,age+gender,educ_level,prevent_chd_30yr_hba1c,566,2267044.86662802,62,gaussian (identity),Some college or AA degree,0.0199788828451872,0.00891930066264117,0.0290806763736263,0.00249705354641048,0.0374607121439639,1.38237168702245,0.251777226278441,247,1003429.58703774
racethn_combn,Other/Multi-Racial,1999-2020,21.2,WTMEC.COMBN,age+gender,educ_level,prevent_chd_30yr_hba1c,566,2267044.86662802,62,gaussian (identity),HS graduate or GED,0.00984805449949019,0.00845863654736518,0.249254751776264,-0.00673087313334556,0.0264269821323259,1.38237168702245,0.251777226278441,108,464337.700509095
racethn_combn,Other/Multi-Racial,1999-2020,21.2,WTMEC.COMBN,age+gender,educ_level,prevent_chd_30yr_hba1c,566,2267044.86662802,62,gaussian (identity),9-11th grade,0.0103856694617832,0.00988503149270121,0.297934089145316,-0.00898899226391114,0.0297603311874776,1.38237168702245,0.251777226278441,55,195579.412773679
racethn_combn,Other/Multi-Racial,1999-2020,21.2,WTMEC.COMBN,age+gender,educ_level,prevent_chd_30yr_hba1c,566,2267044.86662802,62,gaussian (identity),Less than 9th grade,0.0129117771134536,0.0148943134218603,0.389699970573232,-0.0162810771933926,0.0421046314202997,1.38237168702245,0.251777226278441,19,55926.3952900566
racethn_combn,NHW,1999-2020,21.2,WTMEC.COMBN,age+gender,educ_level,prevent_chd_30yr_uacr,15666,103633087.161141,162,gaussian (identity),College graduate or above (Intercept),-0.0706874428791405,0.0012276803722758,5.25451573789965e-107,-0.073093696408801,-0.0682811893494799,147.365969670891,6.47968112202901e-52,4538,35270686.8676338
racethn_combn,NHW,1999-2020,21.2,WTMEC.COMBN,age+gender,educ_level,prevent_chd_30yr_uacr,15666,103633087.161141,162,gaussian (identity),Some college or AA degree,0.0151818999763062,0.00100652108078624,2.786520241204e-32,0.0132091186579652,0.0171546812946472,147.365969670891,6.47968112202901e-52,4862,32218277.9064017
racethn_combn,NHW,1999-2020,21.2,WTMEC.COMBN,age+gender,educ_level,prevent_chd_30yr_uacr,15666,103633087.161141,162,gaussian (identity),HS graduate or GED,0.0191818089596346,0.00123432915699333,1.68482770612684e-33,0.0167625238119277,0.0216010941073415,147.365969670891,6.47968112202901e-52,3979,25189222.4803264
racethn_combn,NHW,1999-2020,21.2,WTMEC.COMBN,age+gender,educ_level,prevent_chd_30yr_uacr,15666,103633087.161141,162,gaussian (identity),9-11th grade,0.0262105780121723,0.00166815234717692,5.88191009211397e-34,0.0229409994117055,0.029480156612639,147.365969670891,6.47968112202901e-52,1680,8517269.11144411
racethn_combn,NHW,1999-2020,21.2,WTMEC.COMBN,age+gender,educ_level,prevent_chd_30yr_uacr,15666,103633087.161141,162,gaussian (identity),Less than 9th grade,0.0302139553515382,0.00321921218204528,7.18416152733106e-17,0.0239042994747294,0.0365236112283469,147.365969670891,6.47968112202901e-52,607,2437630.79533487
racethn_combn,NHB,1999-2020,21.2,WTMEC.COMBN,age+gender,educ_level,prevent_chd_30yr_uacr,7604,14820298.4228478,148,gaussian (identity),College graduate or above (Intercept),-0.0690033715265617,0.00243597063665249,2.72860835849678e-60,-0.0737778739744005,-0.0642288690787228,15.7901462764233,1.03001099015104e-10,1369,2846346.46289445
racethn_combn,NHB,1999-2020,21.2,WTMEC.COMBN,age+gender,educ_level,prevent_chd_30yr_uacr,7604,14820298.4228478,148,gaussian (identity),Some college or AA degree,0.00766846325301407,0.00191308569128236,9.83215802868799e-05,0.00391881529810064,0.0114181112079275,15.7901462764233,1.03001099015104e-10,2427,4834188.15826066
racethn_combn,NHB,1999-2020,21.2,WTMEC.COMBN,age+gender,educ_level,prevent_chd_30yr_uacr,7604,14820298.4228478,148,gaussian (identity),HS graduate or GED,0.0105725419898156,0.00199257889208719,4.21143893874988e-07,0.00666708736132475,0.0144779966183065,15.7901462764233,1.03001099015104e-10,1956,3806084.83208436
racethn_combn,NHB,1999-2020,21.2,WTMEC.COMBN,age+gender,educ_level,prevent_chd_30yr_uacr,7604,14820298.4228478,148,gaussian (identity),9-11th grade,0.0157200949560634,0.00214051038637682,1.4789751197139e-11,0.0115246945987649,0.019915495313362,15.7901462764233,1.03001099015104e-10,1473,2752983.78008408
racethn_combn,NHB,1999-2020,21.2,WTMEC.COMBN,age+gender,educ_level,prevent_chd_30yr_uacr,7604,14820298.4228478,148,gaussian (identity),Less than 9th grade,0.00456884939744737,0.00344217598878361,0.186534825160526,-0.0021778155405685,0.0113155143354633,15.7901462764233,1.03001099015104e-10,379,580695.189524283
racethn_combn,Mexican-American,1999-2020,21.2,WTMEC.COMBN,age+gender,educ_level,prevent_chd_30yr_uacr,6201,10644054.003821,134,gaussian (identity),College graduate or above (Intercept),-0.0921159378272656,0.00388670477810501,1.1978009508606e-48,-0.0997338791923514,-0.0844979964621798,6.96682244720348,4.16893986607573e-05,472,1037188.72230062
racethn_combn,Mexican-American,1999-2020,21.2,WTMEC.COMBN,age+gender,educ_level,prevent_chd_30yr_uacr,6201,10644054.003821,134,gaussian (identity),Some college or AA degree,0.00991693599557636,0.00291381696923605,0.000888862795284124,0.0042058547358737,0.015628017255279,6.96682244720348,4.16893986607573e-05,1079,2050650.97970472
racethn_combn,Mexican-American,1999-2020,21.2,WTMEC.COMBN,age+gender,educ_level,prevent_chd_30yr_uacr,6201,10644054.003821,134,gaussian (identity),HS graduate or GED,0.00961111930717317,0.00269837902741641,0.000518007730922958,0.00432229641343701,0.0148999422009093,6.96682244720348,4.16893986607573e-05,1056,2137539.8981784
racethn_combn,Mexican-American,1999-2020,21.2,WTMEC.COMBN,age+gender,educ_level,prevent_chd_30yr_uacr,6201,10644054.003821,134,gaussian (identity),9-11th grade,0.0141731311640802,0.00305342535321274,8.43604301363309e-06,0.00818841747178325,0.0201578448563772,6.96682244720348,4.16893986607573e-05,1152,2118418.00959862
racethn_combn,Mexican-American,1999-2020,21.2,WTMEC.COMBN,age+gender,educ_level,prevent_chd_30yr_uacr,6201,10644054.003821,134,gaussian (identity),Less than 9th grade,0.0141110336884887,0.00290695204871257,3.45498316702677e-06,0.00841340767301206,0.0198086597039653,6.96682244720348,4.16893986607573e-05,2442,3300256.39403862
racethn_combn,Other Hispanic,1999-2020,21.2,WTMEC.COMBN,age+gender,educ_level,prevent_chd_30yr_uacr,3181,7982911.61806779,130,gaussian (identity),College graduate or above (Intercept),-0.0866652700540519,0.00322040157745975,1.29634878633702e-53,-0.092977257145873,-0.0803532829622308,8.38769434360681,5.06350763548108e-06,512,1372495.06313811
racethn_combn,Other Hispanic,1999-2020,21.2,WTMEC.COMBN,age+gender,educ_level,prevent_chd_30yr_uacr,3181,7982911.61806779,130,gaussian (identity),Some college or AA degree,0.00937217270124915,0.00319030035272039,0.0039434488746443,0.00311918400991719,0.0156251613925811,8.38769434360681,5.06350763548108e-06,813,2184047.76933772
racethn_combn,Other Hispanic,1999-2020,21.2,WTMEC.COMBN,age+gender,educ_level,prevent_chd_30yr_uacr,3181,7982911.61806779,130,gaussian (identity),HS graduate or GED,0.00966859722925947,0.00245056600732549,0.000132501459213903,0.00486548785490151,0.0144717066036174,8.38769434360681,5.06350763548108e-06,609,1714335.72680651
racethn_combn,Other Hispanic,1999-2020,21.2,WTMEC.COMBN,age+gender,educ_level,prevent_chd_30yr_uacr,3181,7982911.61806779,130,gaussian (identity),9-11th grade,0.0210915401192851,0.0046800561859651,1.50275437758138e-05,0.0119186299947935,0.0302644502437768,8.38769434360681,5.06350763548108e-06,526,1246124.24900887
racethn_combn,Other Hispanic,1999-2020,21.2,WTMEC.COMBN,age+gender,educ_level,prevent_chd_30yr_uacr,3181,7982911.61806779,130,gaussian (identity),Less than 9th grade,0.0164278567774606,0.00368322716192306,1.8126877242992e-05,0.00920873154009137,0.0236469820148298,8.38769434360681,5.06350763548108e-06,721,1465908.80977659
racethn_combn,Other/Multi-Racial/NHAsian,1999-2020,21.2,WTMEC.COMBN,age+gender,educ_level,prevent_chd_30yr_uacr,763,3963377.38203123,72,gaussian (identity),College graduate or above (Intercept),-0.0930253173569353,0.0066416775777304,1.91749650471587e-21,-0.106043005409287,-0.0800076293045837,10.6117203927973,1.06246495792802e-06,280,1536472.57271019
racethn_combn,Other/Multi-Racial/NHAsian,1999-2020,21.2,WTMEC.COMBN,age+gender,educ_level,prevent_chd_30yr_uacr,763,3963377.38203123,72,gaussian (identity),Some college or AA degree,0.0260687396499905,0.0055986188109362,1.60447037907225e-05,0.0150954467805555,0.0370420325194254,10.6117203927973,1.06246495792802e-06,175,944597.864880943
racethn_combn,Other/Multi-Racial/NHAsian,1999-2020,21.2,WTMEC.COMBN,age+gender,educ_level,prevent_chd_30yr_uacr,763,3963377.38203123,72,gaussian (identity),HS graduate or GED,0.0182850193261883,0.00549543985885703,0.00143636252442506,0.0075139572028285,0.0290560814495481,10.6117203927973,1.06246495792802e-06,146,712202.623096698
racethn_combn,Other/Multi-Racial/NHAsian,1999-2020,21.2,WTMEC.COMBN,age+gender,educ_level,prevent_chd_30yr_uacr,763,3963377.38203123,72,gaussian (identity),9-11th grade,0.0458677108259819,0.0117386836491033,0.000222315584249777,0.0228598908737395,0.0688755307782243,10.6117203927973,1.06246495792802e-06,68,359097.815188774
racethn_combn,Other/Multi-Racial/NHAsian,1999-2020,21.2,WTMEC.COMBN,age+gender,educ_level,prevent_chd_30yr_uacr,763,3963377.38203123,72,gaussian (identity),Less than 9th grade,0.00632295572259043,0.0063273202326125,0.321294227113227,-0.00607859193333007,0.0187245033785109,10.6117203927973,1.06246495792802e-06,94,411006.506154623
racethn_combn,NHAsian,1999-2020,21.2,WTMEC.COMBN,age+gender,educ_level,prevent_chd_30yr_uacr,2006,3581571.55437185,67,gaussian (identity),College graduate or above (Intercept),-0.0783277894620659,0.00381909386597318,4.62823985044579e-29,-0.0858132134393733,-0.0708423654847585,7.9606719468905,3.12944358460333e-05,1058,1951577.37017164
racethn_combn,NHAsian,1999-2020,21.2,WTMEC.COMBN,age+gender,educ_level,prevent_chd_30yr_uacr,2006,3581571.55437185,67,gaussian (identity),Some college or AA degree,0.0118750523993798,0.00278091747979057,6.94246257835042e-05,0.0064244541389903,0.0173256506597693,7.9606719468905,3.12944358460333e-05,339,603766.709147736
racethn_combn,NHAsian,1999-2020,21.2,WTMEC.COMBN,age+gender,educ_level,prevent_chd_30yr_uacr,2006,3581571.55437185,67,gaussian (identity),HS graduate or GED,0.0116588614438174,0.00353306122254667,0.00161812119775154,0.00473406144762594,0.0185836614400089,7.9606719468905,3.12944358460333e-05,277,482942.487319566
racethn_combn,NHAsian,1999-2020,21.2,WTMEC.COMBN,age+gender,educ_level,prevent_chd_30yr_uacr,2006,3581571.55437185,67,gaussian (identity),9-11th grade,0.0151200780765916,0.00428860454032386,0.000808253368850582,0.00671441317755683,0.0235257429756264,7.9606719468905,3.12944358460333e-05,158,262173.270934868
racethn_combn,NHAsian,1999-2020,21.2,WTMEC.COMBN,age+gender,educ_level,prevent_chd_30yr_uacr,2006,3581571.55437185,67,gaussian (identity),Less than 9th grade,0.00971889521376266,0.00382978649826,0.0137290036662023,0.00221251367717307,0.0172252767503523,7.9606719468905,3.12944358460333e-05,174,281111.716798038
racethn_combn,Other/Multi-Racial,1999-2020,21.2,WTMEC.COMBN,age+gender,educ_level,prevent_chd_30yr_uacr,561,2256500.2817107,62,gaussian (identity),College graduate or above (Intercept),-0.0641141575956661,0.0113691648647249,5.82471904040367e-07,-0.0863977207305268,-0.0418305944608053,1.02151311779248,0.404215100078176,135,545065.233636321
racethn_combn,Other/Multi-Racial,1999-2020,21.2,WTMEC.COMBN,age+gender,educ_level,prevent_chd_30yr_uacr,561,2256500.2817107,62,gaussian (identity),Some college or AA degree,0.0169301133771291,0.00968797318425254,0.0860254469645167,-0.00205831406400587,0.0359185408182641,1.02151311779248,0.404215100078176,244,995591.539501547
racethn_combn,Other/Multi-Racial,1999-2020,21.2,WTMEC.COMBN,age+gender,educ_level,prevent_chd_30yr_uacr,561,2256500.2817107,62,gaussian (identity),HS graduate or GED,0.00787817460291204,0.00997915453725777,0.433171366598694,-0.0116809682901132,0.0274373174959373,1.02151311779248,0.404215100078176,108,464337.700509095
racethn_combn,Other/Multi-Racial,1999-2020,21.2,WTMEC.COMBN,age+gender,educ_level,prevent_chd_30yr_uacr,561,2256500.2817107,62,gaussian (identity),9-11th grade,0.00536190533168291,0.0104413898924094,0.60960499534867,-0.0151032188574396,0.0258270295208054,1.02151311779248,0.404215100078176,55,195579.412773679
racethn_combn,Other/Multi-Racial,1999-2020,21.2,WTMEC.COMBN,age+gender,educ_level,prevent_chd_30yr_uacr,561,2256500.2817107,62,gaussian (identity),Less than 9th grade,0.00895190254341727,0.0135702396937241,0.512168528505559,-0.0176457672562819,0.0355495723431165,1.02151311779248,0.404215100078176,19,55926.3952900566
racethn_combn,NHW,1999-2020,21.2,WTMEC.COMBN,age+gender,educ_level,prevent_chd_30yr_full,15651,103534855.547241,162,gaussian (identity),College graduate or above (Intercept),-0.0605284802449785,0.0010795655822243,2.74935864916001e-105,-0.0626444287861382,-0.0584125317038189,145.89768800244,1.19838097892827e-51,4534,35238905.5790074
racethn_combn,NHW,1999-2020,21.2,WTMEC.COMBN,age+gender,educ_level,prevent_chd_30yr_full,15651,103534855.547241,162,gaussian (identity),Some college or AA degree,0.0138948914793739,0.0009352693605439,1.13065446706575e-31,0.0120617635327078,0.0157280194260399,145.89768800244,1.19838097892827e-51,4856,32186029.0199493
racethn_combn,NHW,1999-2020,21.2,WTMEC.COMBN,age+gender,educ_level,prevent_chd_30yr_full,15651,103534855.547241,162,gaussian (identity),HS graduate or GED,0.0176385701071648,0.00111196578362006,2.35288370798994e-34,0.0154591171712694,0.0198180230430601,145.89768800244,1.19838097892827e-51,3975,25158360.8638093
racethn_combn,NHW,1999-2020,21.2,WTMEC.COMBN,age+gender,educ_level,prevent_chd_30yr_full,15651,103534855.547241,162,gaussian (identity),9-11th grade,0.0239194409850153,0.00153869469257159,1.63392273207433e-33,0.0209035993875749,0.0269352825824556,145.89768800244,1.19838097892827e-51,1680,8517269.11144411
racethn_combn,NHW,1999-2020,21.2,WTMEC.COMBN,age+gender,educ_level,prevent_chd_30yr_full,15651,103534855.547241,162,gaussian (identity),Less than 9th grade,0.0265375148146129,0.00282195570272573,6.42420566617777e-17,0.0210064816372704,0.0320685479919553,145.89768800244,1.19838097892827e-51,606,2434290.97303062
racethn_combn,NHB,1999-2020,21.2,WTMEC.COMBN,age+gender,educ_level,prevent_chd_30yr_full,7581,14775977.4075239,148,gaussian (identity),College graduate or above (Intercept),-0.0603556821323734,0.00235984591760761,5.12104023899996e-55,-0.0649809801308844,-0.0557303841338625,12.177139000503,1.54168420026281e-08,1364,2836301.78391662
racethn_combn,NHB,1999-2020,21.2,WTMEC.COMBN,age+gender,educ_level,prevent_chd_30yr_full,7581,14775977.4075239,148,gaussian (identity),Some college or AA degree,0.00683966144958268,0.00183143161994774,0.000271467324972042,0.0032500554744851,0.0104292674246803,12.177139000503,1.54168420026281e-08,2418,4817118.91992023
racethn_combn,NHB,1999-2020,21.2,WTMEC.COMBN,age+gender,educ_level,prevent_chd_30yr_full,7581,14775977.4075239,148,gaussian (identity),HS graduate or GED,0.00894093883464238,0.00191979062563094,7.29312545374856e-06,0.00517814920840573,0.012703728460879,12.177139000503,1.54168420026281e-08,1951,3794840.81095449
racethn_combn,NHB,1999-2020,21.2,WTMEC.COMBN,age+gender,educ_level,prevent_chd_30yr_full,7581,14775977.4075239,148,gaussian (identity),9-11th grade,0.0141587158084561,0.00216666504059424,1.06230673171793e-09,0.0099120523288914,0.0184053792880208,12.177139000503,1.54168420026281e-08,1470,2747959.472842
racethn_combn,NHB,1999-2020,21.2,WTMEC.COMBN,age+gender,educ_level,prevent_chd_30yr_full,7581,14775977.4075239,148,gaussian (identity),Less than 9th grade,0.00385829227360353,0.00325810209619933,0.23830651595688,-0.00252758783494715,0.0102441723821542,12.177139000503,1.54168420026281e-08,378,579756.419890604
racethn_combn,Mexican-American,1999-2020,21.2,WTMEC.COMBN,age+gender,educ_level,prevent_chd_30yr_full,6196,10633473.9889415,134,gaussian (identity),College graduate or above (Intercept),-0.0830781188323744,0.00372379756634002,6.14645059805434e-46,-0.0903767620624009,-0.075779475602348,8.72183841547626,2.93891891802501e-06,472,1037188.72230062
racethn_combn,Mexican-American,1999-2020,21.2,WTMEC.COMBN,age+gender,educ_level,prevent_chd_30yr_full,6196,10633473.9889415,134,gaussian (identity),Some college or AA degree,0.0101501821653036,0.00276441513277999,0.000352546371388029,0.00473192850505482,0.0155684358255524,8.72183841547626,2.93891891802501e-06,1077,2044957.56215585
racethn_combn,Mexican-American,1999-2020,21.2,WTMEC.COMBN,age+gender,educ_level,prevent_chd_30yr_full,6196,10633473.9889415,134,gaussian (identity),HS graduate or GED,0.00971756995438713,0.00249882416230962,0.000160976171120074,0.00481987459626027,0.014615265312514,8.72183841547626,2.93891891802501e-06,1055,2133808.38454557
racethn_combn,Mexican-American,1999-2020,21.2,WTMEC.COMBN,age+gender,educ_level,prevent_chd_30yr_full,6196,10633473.9889415,134,gaussian (identity),9-11th grade,0.0138772870277773,0.00290512320204099,4.79633426011587e-06,0.00818324555177691,0.0195713285037776,8.72183841547626,2.93891891802501e-06,1151,2118064.73721391
racethn_combn,Mexican-American,1999-2020,21.2,WTMEC.COMBN,age+gender,educ_level,prevent_chd_30yr_full,6196,10633473.9889415,134,gaussian (identity),Less than 9th grade,0.0153331018408458,0.00273510698322253,1.21560993292461e-07,0.00997229215372968,0.020693911527962,8.72183841547626,2.93891891802501e-06,2441,3299454.58272551
racethn_combn,Other Hispanic,1999-2020,21.2,WTMEC.COMBN,age+gender,educ_level,prevent_chd_30yr_full,3175,7963777.20174996,130,gaussian (identity),College graduate or above (Intercept),-0.0791066953510897,0.00299707758258634,1.00653159052589e-52,-0.0849809674129589,-0.0732324232892205,10.9351865348283,1.25677290487446e-07,512,1372495.06313811
racethn_combn,Other Hispanic,1999-2020,21.2,WTMEC.COMBN,age+gender,educ_level,prevent_chd_30yr_full,3175,7963777.20174996,130,gaussian (identity),Some college or AA degree,0.0104705890345264,0.00318446866584617,0.00131306328095855,0.00422903044946789,0.0167121476195849,10.9351865348283,1.25677290487446e-07,809,2168728.43232517
racethn_combn,Other Hispanic,1999-2020,21.2,WTMEC.COMBN,age+gender,educ_level,prevent_chd_30yr_full,3175,7963777.20174996,130,gaussian (identity),HS graduate or GED,0.0105114300284038,0.00236295239955443,1.90025384854275e-05,0.00588004332527715,0.0151428167315305,10.9351865348283,1.25677290487446e-07,608,1711352.40212509
racethn_combn,Other Hispanic,1999-2020,21.2,WTMEC.COMBN,age+gender,educ_level,prevent_chd_30yr_full,3175,7963777.20174996,130,gaussian (identity),9-11th grade,0.0222546355320616,0.00447484216557673,2.14223260297167e-06,0.0134839448875313,0.031025326176592,10.9351865348283,1.25677290487446e-07,526,1246124.24900887
racethn_combn,Other Hispanic,1999-2020,21.2,WTMEC.COMBN,age+gender,educ_level,prevent_chd_30yr_full,3175,7963777.20174996,130,gaussian (identity),Less than 9th grade,0.0171759429903414,0.00346265814008389,2.26475722264305e-06,0.010389133035777,0.0239627529449058,10.9351865348283,1.25677290487446e-07,720,1465077.05515272
racethn_combn,Other/Multi-Racial/NHAsian,1999-2020,21.2,WTMEC.COMBN,age+gender,educ_level,prevent_chd_30yr_full,760,3948490.98230453,72,gaussian (identity),College graduate or above (Intercept),-0.0850041872343393,0.00632094602069347,1.41411643321861e-20,-0.0973932414348985,-0.0726151330337801,10.7813929049819,8.72535158839531e-07,279,1529772.8717384
racethn_combn,Other/Multi-Racial/NHAsian,1999-2020,21.2,WTMEC.COMBN,age+gender,educ_level,prevent_chd_30yr_full,760,3948490.98230453,72,gaussian (identity),Some college or AA degree,0.0245634080963883,0.00537636718722167,2.20544867650434e-05,0.0140257284094338,0.0351010877833428,10.7813929049819,8.72535158839531e-07,175,944597.864880943
racethn_combn,Other/Multi-Racial/NHAsian,1999-2020,21.2,WTMEC.COMBN,age+gender,educ_level,prevent_chd_30yr_full,760,3948490.98230453,72,gaussian (identity),HS graduate or GED,0.0159865099686509,0.00480702535096524,0.00144366197582145,0.00656474028075903,0.0254082796565428,10.7813929049819,8.72535158839531e-07,145,709707.839104811
racethn_combn,Other/Multi-Racial/NHAsian,1999-2020,21.2,WTMEC.COMBN,age+gender,educ_level,prevent_chd_30yr_full,760,3948490.98230453,72,gaussian (identity),9-11th grade,0.0416736779244102,0.0101468371697316,0.000112765253138544,0.0217858770717363,0.0615614787770841,10.7813929049819,8.72535158839531e-07,68,359097.815188774
racethn_combn,Other/Multi-Racial/NHAsian,1999-2020,21.2,WTMEC.COMBN,age+gender,educ_level,prevent_chd_30yr_full,760,3948490.98230453,72,gaussian (identity),Less than 9th grade,0.00929015752030181,0.00697935014239538,0.187738659012557,-0.00438936875879313,0.0229696837993968,10.7813929049819,8.72535158839531e-07,93,405314.591391604
racethn_combn,NHAsian,1999-2020,21.2,WTMEC.COMBN,age+gender,educ_level,prevent_chd_30yr_full,2005,3580392.56447817,67,gaussian (identity),College graduate or above (Intercept),-0.0683122176251619,0.00356241318332464,1.62624375398792e-27,-0.0752945474644782,-0.0613298877858456,8.09606757520781,2.64731223518673e-05,1058,1951577.37017164
racethn_combn,NHAsian,1999-2020,21.2,WTMEC.COMBN,age+gender,educ_level,prevent_chd_30yr_full,2005,3580392.56447817,67,gaussian (identity),Some college or AA degree,0.0110716972578554,0.00263068089386864,8.57649109396217e-05,0.00591556270587289,0.0162278318098379,8.09606757520781,2.64731223518673e-05,339,603766.709147736
racethn_combn,NHAsian,1999-2020,21.2,WTMEC.COMBN,age+gender,educ_level,prevent_chd_30yr_full,2005,3580392.56447817,67,gaussian (identity),HS graduate or GED,0.0112380902546921,0.00330217442945718,0.00118143362713807,0.00476582837295605,0.0177103521364282,8.09606757520781,2.64731223518673e-05,277,482942.487319566
racethn_combn,NHAsian,1999-2020,21.2,WTMEC.COMBN,age+gender,educ_level,prevent_chd_30yr_full,2005,3580392.56447817,67,gaussian (identity),9-11th grade,0.014636553552661,0.00433638848749888,0.00128707643188031,0.00613723211716323,0.0231358749881588,8.09606757520781,2.64731223518673e-05,158,262173.270934868
racethn_combn,NHAsian,1999-2020,21.2,WTMEC.COMBN,age+gender,educ_level,prevent_chd_30yr_full,2005,3580392.56447817,67,gaussian (identity),Less than 9th grade,0.0124583441762016,0.00396354008537835,0.00257979845052531,0.00468980560886008,0.0202268827435432,8.09606757520781,2.64731223518673e-05,173,279932.726904359
racethn_combn,Other/Multi-Racial,1999-2020,21.2,WTMEC.COMBN,age+gender,educ_level,prevent_chd_30yr_full,561,2256500.2817107,62,gaussian (identity),College graduate or above (Intercept),-0.0587436411709193,0.0110104597760595,1.78124038357205e-06,-0.080324142331996,-0.0371631400098427,1.30958934994579,0.277627584604728,135,545065.233636321
racethn_combn,Other/Multi-Racial,1999-2020,21.2,WTMEC.COMBN,age+gender,educ_level,prevent_chd_30yr_full,561,2256500.2817107,62,gaussian (identity),Some college or AA degree,0.0191185772067499,0.00915808333413944,0.0413940716965713,0.00116873387183663,0.0370684205416632,1.30958934994579,0.277627584604728,244,995591.539501547
racethn_combn,Other/Multi-Racial,1999-2020,21.2,WTMEC.COMBN,age+gender,educ_level,prevent_chd_30yr_full,561,2256500.2817107,62,gaussian (identity),HS graduate or GED,0.00884055555773599,0.00880281024396971,0.319559787869513,-0.00841295252044464,0.0260940636359166,1.30958934994579,0.277627584604728,108,464337.700509095
racethn_combn,Other/Multi-Racial,1999-2020,21.2,WTMEC.COMBN,age+gender,educ_level,prevent_chd_30yr_full,561,2256500.2817107,62,gaussian (identity),9-11th grade,0.00722879265484291,0.0094449956625679,0.447272770493925,-0.0112833988437902,0.025740984153476,1.30958934994579,0.277627584604728,55,195579.412773679
racethn_combn,Other/Multi-Racial,1999-2020,21.2,WTMEC.COMBN,age+gender,educ_level,prevent_chd_30yr_full,561,2256500.2817107,62,gaussian (identity),Less than 9th grade,0.0116252146318916,0.0145041697074638,0.426225297036536,-0.0168029579947374,0.0400533872585207,1.30958934994579,0.277627584604728,19,55926.3952900566
racethn_combn,NHW,1999-2020,21.2,WTMEC.COMBN,age+gender,educ_level,prevent_stroke_10yr_base,15800,104277995.879337,162,gaussian (identity),College graduate or above (Intercept),-0.0528107005134058,0.000552275250974187,2.14105221047519e-140,-0.0538931600053152,-0.0517282410214964,175.798834401911,1.03843323969634e-56,4562,35404925.0443767
racethn_combn,NHW,1999-2020,21.2,WTMEC.COMBN,age+gender,educ_level,prevent_stroke_10yr_base,15800,104277995.879337,162,gaussian (identity),Some college or AA degree,0.00510352215993647,0.000340900284277234,5.58721926555657e-32,0.0044353576027531,0.00577168671711985,175.798834401911,1.03843323969634e-56,4893,32357031.0377336
racethn_combn,NHW,1999-2020,21.2,WTMEC.COMBN,age+gender,educ_level,prevent_stroke_10yr_base,15800,104277995.879337,162,gaussian (identity),HS graduate or GED,0.00687658181098083,0.000420755577933424,1.26930477533806e-35,0.00605190087823132,0.00770126274373034,175.798834401911,1.03843323969634e-56,4016,25406774.3688037
racethn_combn,NHW,1999-2020,21.2,WTMEC.COMBN,age+gender,educ_level,prevent_stroke_10yr_base,15800,104277995.879337,162,gaussian (identity),9-11th grade,0.0103489368270059,0.00054218262976213,1.18735152269775e-42,0.0092862588726721,0.0114116147813397,175.798834401911,1.03843323969634e-56,1704,8619151.24291126
racethn_combn,NHW,1999-2020,21.2,WTMEC.COMBN,age+gender,educ_level,prevent_stroke_10yr_base,15800,104277995.879337,162,gaussian (identity),Less than 9th grade,0.0146289863515376,0.00119919674692444,1.84668043933391e-24,0.0122785607275657,0.0169794119755095,175.798834401911,1.03843323969634e-56,625,2490114.18551192
racethn_combn,NHB,1999-2020,21.2,WTMEC.COMBN,age+gender,educ_level,prevent_stroke_10yr_base,7703,14987750.5852691,148,gaussian (identity),College graduate or above (Intercept),-0.0540142184694978,0.000939231486031849,2.93620944977252e-100,-0.0558551121821202,-0.0521733247568754,29.7540377895938,5.65584008379458e-18,1382,2867279.27513777
racethn_combn,NHB,1999-2020,21.2,WTMEC.COMBN,age+gender,educ_level,prevent_stroke_10yr_base,7703,14987750.5852691,148,gaussian (identity),Some college or AA degree,0.00452438468644319,0.000806638673809918,1.02883706325933e-07,0.00294337288577575,0.00610539648711063,29.7540377895938,5.65584008379458e-18,2452,4879281.70713981
racethn_combn,NHB,1999-2020,21.2,WTMEC.COMBN,age+gender,educ_level,prevent_stroke_10yr_base,7703,14987750.5852691,148,gaussian (identity),HS graduate or GED,0.00582759457835866,0.000805154452464156,2.62476171236439e-11,0.00424949185152892,0.00740569730518841,29.7540377895938,5.65584008379458e-18,1983,3856810.60133849
racethn_combn,NHB,1999-2020,21.2,WTMEC.COMBN,age+gender,educ_level,prevent_stroke_10yr_base,7703,14987750.5852691,148,gaussian (identity),9-11th grade,0.00884388290071336,0.000836580041782313,1.25389658154298e-19,0.00720418601882003,0.0104835797826067,29.7540377895938,5.65584008379458e-18,1494,2786321.16433136
racethn_combn,NHB,1999-2020,21.2,WTMEC.COMBN,age+gender,educ_level,prevent_stroke_10yr_base,7703,14987750.5852691,148,gaussian (identity),Less than 9th grade,0.00857063924956107,0.00137817448265366,5.27490876677304e-09,0.0058694172635599,0.0112718612355622,29.7540377895938,5.65584008379458e-18,392,598057.837321642
racethn_combn,Mexican-American,1999-2020,21.2,WTMEC.COMBN,age+gender,educ_level,prevent_stroke_10yr_base,6231,10684202.3052091,134,gaussian (identity),College graduate or above (Intercept),-0.0544875129249424,0.00116884305707564,3.60721927030904e-82,-0.0567784453168106,-0.0521965805330741,6.14027980145786,0.000149363023978788,475,1044787.38624562
racethn_combn,Mexican-American,1999-2020,21.2,WTMEC.COMBN,age+gender,educ_level,prevent_stroke_10yr_base,6231,10684202.3052091,134,gaussian (identity),Some college or AA degree,0.00300029444540153,0.00093737061406572,0.00172876339771017,0.00116304804183272,0.00483754084897034,6.14027980145786,0.000149363023978788,1085,2058991.71157509
racethn_combn,Mexican-American,1999-2020,21.2,WTMEC.COMBN,age+gender,educ_level,prevent_stroke_10yr_base,6231,10684202.3052091,134,gaussian (identity),HS graduate or GED,0.00371370532514095,0.000927911217616333,0.000105604818745151,0.00189499933861294,0.00553241131166896,6.14027980145786,0.000149363023978788,1060,2142592.7985134
racethn_combn,Mexican-American,1999-2020,21.2,WTMEC.COMBN,age+gender,educ_level,prevent_stroke_10yr_base,6231,10684202.3052091,134,gaussian (identity),9-11th grade,0.00439328398854936,0.00099408173870747,2.08789420264616e-05,0.00244488378068272,0.006341684196416,6.14027980145786,0.000149363023978788,1159,2123846.24468117
racethn_combn,Mexican-American,1999-2020,21.2,WTMEC.COMBN,age+gender,educ_level,prevent_stroke_10yr_base,6231,10684202.3052091,134,gaussian (identity),Less than 9th grade,0.00445594188643029,0.000956353723213754,7.84278114288053e-06,0.00258148858893133,0.00633039518392924,6.14027980145786,0.000149363023978788,2452,3313984.16419381
racethn_combn,Other Hispanic,1999-2020,21.2,WTMEC.COMBN,age+gender,educ_level,prevent_stroke_10yr_base,3196,8012696.56155144,130,gaussian (identity),College graduate or above (Intercept),-0.0542514926553008,0.00132848091206617,9.11311708483827e-74,-0.0568553152429505,-0.0516476700676511,20.9410585005389,3.29360009498823e-13,515,1382739.9268943
racethn_combn,Other Hispanic,1999-2020,21.2,WTMEC.COMBN,age+gender,educ_level,prevent_stroke_10yr_base,3196,8012696.56155144,130,gaussian (identity),Some college or AA degree,0.00283748704049616,0.0010089034393357,0.00571792116034404,0.000860036299398195,0.00481493778159412,20.9410585005389,3.29360009498823e-13,814,2186490.87226781
racethn_combn,Other Hispanic,1999-2020,21.2,WTMEC.COMBN,age+gender,educ_level,prevent_stroke_10yr_base,3196,8012696.56155144,130,gaussian (identity),HS graduate or GED,0.00459016536669134,0.000822846526352414,1.45001032993773e-07,0.00297738617504061,0.00620294455834207,20.9410585005389,3.29360009498823e-13,613,1720099.74872868
racethn_combn,Other Hispanic,1999-2020,21.2,WTMEC.COMBN,age+gender,educ_level,prevent_stroke_10yr_base,3196,8012696.56155144,130,gaussian (identity),9-11th grade,0.00765017595123397,0.00126964530356956,1.78249255541687e-08,0.00516167115623763,0.0101386807462303,20.9410585005389,3.29360009498823e-13,527,1247571.35375981
racethn_combn,Other Hispanic,1999-2020,21.2,WTMEC.COMBN,age+gender,educ_level,prevent_stroke_10yr_base,3196,8012696.56155144,130,gaussian (identity),Less than 9th grade,0.00771917305327185,0.0011359875687481,4.03278354616226e-10,0.00549263741852559,0.00994570868801812,20.9410585005389,3.29360009498823e-13,727,1475794.65990083
racethn_combn,Other/Multi-Racial/NHAsian,1999-2020,21.2,WTMEC.COMBN,age+gender,educ_level,prevent_stroke_10yr_base,770,3999498.48914632,73,gaussian (identity),College graduate or above (Intercept),-0.0541462529732706,0.00271318176193486,6.68864981506047e-30,-0.0594640892266629,-0.0488284167198782,8.29481511575071,1.69848064195527e-05,281,1545117.17483604
racethn_combn,Other/Multi-Racial/NHAsian,1999-2020,21.2,WTMEC.COMBN,age+gender,educ_level,prevent_stroke_10yr_base,770,3999498.48914632,73,gaussian (identity),Some college or AA degree,0.00752793572848175,0.00208382382775567,0.000580841168708482,0.00344364102608063,0.0116122304308829,8.29481511575071,1.69848064195527e-05,176,946543.950211038
racethn_combn,Other/Multi-Racial/NHAsian,1999-2020,21.2,WTMEC.COMBN,age+gender,educ_level,prevent_stroke_10yr_base,770,3999498.48914632,73,gaussian (identity),HS graduate or GED,0.00335351020958064,0.00189115474033226,0.080730314197349,-0.000353153081470598,0.00706017350063188,8.29481511575071,1.69848064195527e-05,148,718989.486766981
racethn_combn,Other/Multi-Racial/NHAsian,1999-2020,21.2,WTMEC.COMBN,age+gender,educ_level,prevent_stroke_10yr_base,770,3999498.48914632,73,gaussian (identity),9-11th grade,0.0172037358051451,0.00397940178840736,5.22438695400654e-05,0.00940410829986669,0.0250033633104236,8.29481511575071,1.69848064195527e-05,71,377841.371177642
racethn_combn,Other/Multi-Racial/NHAsian,1999-2020,21.2,WTMEC.COMBN,age+gender,educ_level,prevent_stroke_10yr_base,770,3999498.48914632,73,gaussian (identity),Less than 9th grade,0.00389890347746717,0.00274763963450646,0.160534211023401,-0.0014864702061655,0.00928427716109983,8.29481511575071,1.69848064195527e-05,94,411006.506154623
racethn_combn,NHAsian,1999-2020,21.2,WTMEC.COMBN,age+gender,educ_level,prevent_stroke_10yr_base,2015,3596946.21931577,67,gaussian (identity),College graduate or above (Intercept),-0.0530451928688772,0.00173938726649738,1.23788164960684e-38,-0.0564543919112121,-0.0496359938265424,4.38017393257557,0.00353142972309456,1064,1963343.99854123
racethn_combn,NHAsian,1999-2020,21.2,WTMEC.COMBN,age+gender,educ_level,prevent_stroke_10yr_base,2015,3596946.21931577,67,gaussian (identity),Some college or AA degree,0.00154937233271293,0.000919327968505217,0.0970343360768865,-0.000252510485557291,0.00335125515098316,4.38017393257557,0.00353142972309456,339,603766.709147736
racethn_combn,NHAsian,1999-2020,21.2,WTMEC.COMBN,age+gender,educ_level,prevent_stroke_10yr_base,2015,3596946.21931577,67,gaussian (identity),HS graduate or GED,0.00251886870576438,0.00116398418594383,0.0343888023910104,0.000237459701314475,0.00480027771021428,4.38017393257557,0.00353142972309456,277,482942.487319566
racethn_combn,NHAsian,1999-2020,21.2,WTMEC.COMBN,age+gender,educ_level,prevent_stroke_10yr_base,2015,3596946.21931577,67,gaussian (identity),9-11th grade,0.00515947699316213,0.00149872308957894,0.00104657433058628,0.0022219797375874,0.00809697424873686,4.38017393257557,0.00353142972309456,159,262690.944795811
racethn_combn,NHAsian,1999-2020,21.2,WTMEC.COMBN,age+gender,educ_level,prevent_stroke_10yr_base,2015,3596946.21931577,67,gaussian (identity),Less than 9th grade,0.00467051489090607,0.00173173378070319,0.00903290793656778,0.00127631668072781,0.00806471310108432,4.38017393257557,0.00353142972309456,176,284202.079511434
racethn_combn,Other/Multi-Racial,1999-2020,21.2,WTMEC.COMBN,age+gender,educ_level,prevent_stroke_10yr_base,566,2267044.86662802,62,gaussian (identity),College graduate or above (Intercept),-0.0512292481316014,0.00333772155416279,1.01522646844769e-21,-0.0577711823777605,-0.0446873138854424,5.06257914790447,0.0014881368275768,137,547771.771017453
racethn_combn,Other/Multi-Racial,1999-2020,21.2,WTMEC.COMBN,age+gender,educ_level,prevent_stroke_10yr_base,566,2267044.86662802,62,gaussian (identity),Some college or AA degree,0.00954134726193264,0.00248391154475178,0.000314351320276883,0.00467288063421916,0.0144098138896461,5.06257914790447,0.0014881368275768,247,1003429.58703774
racethn_combn,Other/Multi-Racial,1999-2020,21.2,WTMEC.COMBN,age+gender,educ_level,prevent_stroke_10yr_base,566,2267044.86662802,62,gaussian (identity),HS graduate or GED,0.00889869556565207,0.00275851931468455,0.00209873688120043,0.00349199770887036,0.0143053934224338,5.06257914790447,0.0014881368275768,108,464337.700509095
racethn_combn,Other/Multi-Racial,1999-2020,21.2,WTMEC.COMBN,age+gender,educ_level,prevent_stroke_10yr_base,566,2267044.86662802,62,gaussian (identity),9-11th grade,0.0039123325573149,0.00286442340410448,0.177451137816023,-0.00170193731472989,0.00952660242935969,5.06257914790447,0.0014881368275768,55,195579.412773679
racethn_combn,Other/Multi-Racial,1999-2020,21.2,WTMEC.COMBN,age+gender,educ_level,prevent_stroke_10yr_base,566,2267044.86662802,62,gaussian (identity),Less than 9th grade,0.00660078998345499,0.00361325108026772,0.0730568247545647,-0.000481182133869738,0.0136827621007797,5.06257914790447,0.0014881368275768,19,55926.3952900566
racethn_combn,NHW,1999-2020,21.2,WTMEC.COMBN,age+gender,educ_level,prevent_stroke_10yr_hba1c,15784,104176158.59452,162,gaussian (identity),College graduate or above (Intercept),-0.0538641978009668,0.000523328862290835,2.64461288493733e-145,-0.0548899223710568,-0.0528384732308768,187.717221978106,1.55609028828085e-58,4558,35373143.7557502
racethn_combn,NHW,1999-2020,21.2,WTMEC.COMBN,age+gender,educ_level,prevent_stroke_10yr_hba1c,15784,104176158.59452,162,gaussian (identity),Some college or AA degree,0.00470306177446541,0.000303509736628227,2.21525580501973e-33,0.00410818269067409,0.00529794085825674,187.717221978106,1.55609028828085e-58,4887,32324782.1512812
racethn_combn,NHW,1999-2020,21.2,WTMEC.COMBN,age+gender,educ_level,prevent_stroke_10yr_hba1c,15784,104176158.59452,162,gaussian (identity),HS graduate or GED,0.00662123261749409,0.000374145060436069,3.89174240586536e-39,0.00588790829903939,0.00735455693594878,187.717221978106,1.55609028828085e-58,4011,25372307.0813698
racethn_combn,NHW,1999-2020,21.2,WTMEC.COMBN,age+gender,educ_level,prevent_stroke_10yr_hba1c,15784,104176158.59452,162,gaussian (identity),9-11th grade,0.0101298496434397,0.000514089610319783,3.52717134676178e-44,0.00912223400721292,0.0111374652796665,187.717221978106,1.55609028828085e-58,1704,8619151.24291126
racethn_combn,NHW,1999-2020,21.2,WTMEC.COMBN,age+gender,educ_level,prevent_stroke_10yr_hba1c,15784,104176158.59452,162,gaussian (identity),Less than 9th grade,0.0132842909755238,0.000968078569654351,1.30582022839788e-28,0.0113868569790013,0.0151817249720464,187.717221978106,1.55609028828085e-58,624,2486774.36320768
racethn_combn,NHB,1999-2020,21.2,WTMEC.COMBN,age+gender,educ_level,prevent_stroke_10yr_hba1c,7679,14942314.6947738,148,gaussian (identity),College graduate or above (Intercept),-0.0546732980292135,0.000796681310007265,8.83522918220429e-111,-0.0562347933968277,-0.0531118026615992,31.0631395874251,1.41187656283856e-18,1377,2857234.59615994
racethn_combn,NHB,1999-2020,21.2,WTMEC.COMBN,age+gender,educ_level,prevent_stroke_10yr_hba1c,7679,14942314.6947738,148,gaussian (identity),Some college or AA degree,0.00436397299641337,0.000729085854581549,1.67640783072277e-08,0.00293496472143354,0.00579298127139321,31.0631395874251,1.41187656283856e-18,2443,4862212.46879938
racethn_combn,NHB,1999-2020,21.2,WTMEC.COMBN,age+gender,educ_level,prevent_stroke_10yr_hba1c,7679,14942314.6947738,148,gaussian (identity),HS graduate or GED,0.00547634550569783,0.000759033887655619,2.97000307211105e-11,0.00398863908589282,0.00696405192550285,31.0631395874251,1.41187656283856e-18,1978,3845566.58020862
racethn_combn,NHB,1999-2020,21.2,WTMEC.COMBN,age+gender,educ_level,prevent_stroke_10yr_hba1c,7679,14942314.6947738,148,gaussian (identity),9-11th grade,0.00843961201822835,0.00080130514599687,1.58369880065712e-19,0.00686905393207448,0.0100101701043822,31.0631395874251,1.41187656283856e-18,1491,2781296.85708928
racethn_combn,NHB,1999-2020,21.2,WTMEC.COMBN,age+gender,educ_level,prevent_stroke_10yr_hba1c,7679,14942314.6947738,148,gaussian (identity),Less than 9th grade,0.00878018187473054,0.00136109271891307,1.63269317472033e-09,0.00611244014566092,0.0114479236038002,31.0631395874251,1.41187656283856e-18,390,596004.192516547
racethn_combn,Mexican-American,1999-2020,21.2,WTMEC.COMBN,age+gender,educ_level,prevent_stroke_10yr_hba1c,6226,10673622.2903296,134,gaussian (identity),College graduate or above (Intercept),-0.0552015344257699,0.00117945176367443,2.22785866312673e-82,-0.0575132598825718,-0.052889808968968,7.33570833217556,2.3714299225957e-05,475,1044787.38624562
racethn_combn,Mexican-American,1999-2020,21.2,WTMEC.COMBN,age+gender,educ_level,prevent_stroke_10yr_hba1c,6226,10673622.2903296,134,gaussian (identity),Some college or AA degree,0.00318539952997229,0.00091956471325787,0.000724421785443805,0.00138305269198687,0.00498774636795772,7.33570833217556,2.3714299225957e-05,1083,2053298.29402623
racethn_combn,Mexican-American,1999-2020,21.2,WTMEC.COMBN,age+gender,educ_level,prevent_stroke_10yr_hba1c,6226,10673622.2903296,134,gaussian (identity),HS graduate or GED,0.00388070055946301,0.000929749473546829,5.49067761076441e-05,0.00205839159131122,0.0057030095276148,7.33570833217556,2.3714299225957e-05,1059,2138861.28488057
racethn_combn,Mexican-American,1999-2020,21.2,WTMEC.COMBN,age+gender,educ_level,prevent_stroke_10yr_hba1c,6226,10673622.2903296,134,gaussian (identity),9-11th grade,0.00444236260028869,0.000956923534986059,8.41431241991832e-06,0.00256679247171602,0.00631793272886137,7.33570833217556,2.3714299225957e-05,1158,2123492.97229645
racethn_combn,Mexican-American,1999-2020,21.2,WTMEC.COMBN,age+gender,educ_level,prevent_stroke_10yr_hba1c,6226,10673622.2903296,134,gaussian (identity),Less than 9th grade,0.00489806790084823,0.000931206043959297,5.87784580332397e-07,0.00307290405468801,0.00672323174700845,7.33570833217556,2.3714299225957e-05,2451,3313182.3528807
racethn_combn,Other Hispanic,1999-2020,21.2,WTMEC.COMBN,age+gender,educ_level,prevent_stroke_10yr_hba1c,3190,7993562.1452336,130,gaussian (identity),College graduate or above (Intercept),-0.0559211937188164,0.00124621003246872,1.59951490551115e-78,-0.0583637653824551,-0.0534786220551777,25.5814816980495,1.82592837103396e-15,515,1382739.9268943
racethn_combn,Other Hispanic,1999-2020,21.2,WTMEC.COMBN,age+gender,educ_level,prevent_stroke_10yr_hba1c,3190,7993562.1452336,130,gaussian (identity),Some college or AA degree,0.003352116153479,0.00100515850177308,0.00112581857911585,0.00138200549000375,0.00532222681695424,25.5814816980495,1.82592837103396e-15,810,2171171.53525526
racethn_combn,Other Hispanic,1999-2020,21.2,WTMEC.COMBN,age+gender,educ_level,prevent_stroke_10yr_hba1c,3190,7993562.1452336,130,gaussian (identity),HS graduate or GED,0.00488650762340775,0.000794256343755199,9.68810624516182e-09,0.00332976518964756,0.00644325005716793,25.5814816980495,1.82592837103396e-15,612,1717116.42404726
racethn_combn,Other Hispanic,1999-2020,21.2,WTMEC.COMBN,age+gender,educ_level,prevent_stroke_10yr_hba1c,3190,7993562.1452336,130,gaussian (identity),9-11th grade,0.00787088010390756,0.00122473448811458,2.53944637105748e-09,0.00547040050720298,0.0102713597006121,25.5814816980495,1.82592837103396e-15,527,1247571.35375981
racethn_combn,Other Hispanic,1999-2020,21.2,WTMEC.COMBN,age+gender,educ_level,prevent_stroke_10yr_hba1c,3190,7993562.1452336,130,gaussian (identity),Less than 9th grade,0.00792587677783028,0.0010476000563741,7.54691913978347e-12,0.00587258066733704,0.00997917288832351,25.5814816980495,1.82592837103396e-15,726,1474962.90527696
racethn_combn,Other/Multi-Racial/NHAsian,1999-2020,21.2,WTMEC.COMBN,age+gender,educ_level,prevent_stroke_10yr_hba1c,767,3984612.08941962,73,gaussian (identity),College graduate or above (Intercept),-0.0551367274323695,0.0025479573848583,6.04922025231344e-32,-0.0601307239066918,-0.0501427309580473,8.28734678389223,1.71458756282539e-05,280,1538417.47386425
racethn_combn,Other/Multi-Racial/NHAsian,1999-2020,21.2,WTMEC.COMBN,age+gender,educ_level,prevent_stroke_10yr_hba1c,767,3984612.08941962,73,gaussian (identity),Some college or AA degree,0.00656678902190998,0.00180632646151779,0.000539465171986236,0.00302638915733511,0.0101071888864849,8.28734678389223,1.71458756282539e-05,176,946543.950211038
racethn_combn,Other/Multi-Racial/NHAsian,1999-2020,21.2,WTMEC.COMBN,age+gender,educ_level,prevent_stroke_10yr_hba1c,767,3984612.08941962,73,gaussian (identity),HS graduate or GED,0.00330350394362707,0.00178569457725808,0.0687264097949169,-0.000196457427798771,0.0068034653150529,8.28734678389223,1.71458756282539e-05,147,716494.702775095
racethn_combn,Other/Multi-Racial/NHAsian,1999-2020,21.2,WTMEC.COMBN,age+gender,educ_level,prevent_stroke_10yr_hba1c,767,3984612.08941962,73,gaussian (identity),9-11th grade,0.0144028514532779,0.00326203106744679,3.76403867524331e-05,0.00800927056108221,0.0207964323454736,8.28734678389223,1.71458756282539e-05,71,377841.371177642
racethn_combn,Other/Multi-Racial/NHAsian,1999-2020,21.2,WTMEC.COMBN,age+gender,educ_level,prevent_stroke_10yr_hba1c,767,3984612.08941962,73,gaussian (identity),Less than 9th grade,0.004491181308891,0.00283192507283692,0.117468308014631,-0.00105939183386937,0.0100417544516514,8.28734678389223,1.71458756282539e-05,93,405314.591391604
racethn_combn,NHAsian,1999-2020,21.2,WTMEC.COMBN,age+gender,educ_level,prevent_stroke_10yr_hba1c,2014,3595767.22942209,67,gaussian (identity),College graduate or above (Intercept),-0.0541191534383769,0.0016012168200071,3.30336502625966e-41,-0.0572575384055908,-0.050980768471163,5.47275816842267,0.000785166765824169,1064,1963343.99854123
racethn_combn,NHAsian,1999-2020,21.2,WTMEC.COMBN,age+gender,educ_level,prevent_stroke_10yr_hba1c,2014,3595767.22942209,67,gaussian (identity),Some college or AA degree,0.00170941054793095,0.000862975628168382,0.0521237777635048,1.79783167209169e-05,0.00340084277914097,5.47275816842267,0.000785166765824169,339,603766.709147736
racethn_combn,NHAsian,1999-2020,21.2,WTMEC.COMBN,age+gender,educ_level,prevent_stroke_10yr_hba1c,2014,3595767.22942209,67,gaussian (identity),HS graduate or GED,0.00206738439567397,0.00102216445006419,0.0475092531061295,6.39420735481598e-05,0.00407082671779978,5.47275816842267,0.000785166765824169,277,482942.487319566
racethn_combn,NHAsian,1999-2020,21.2,WTMEC.COMBN,age+gender,educ_level,prevent_stroke_10yr_hba1c,2014,3595767.22942209,67,gaussian (identity),9-11th grade,0.00567590043210782,0.00161294224489428,0.000825296621893186,0.00251453363211503,0.00883726723210062,5.47275816842267,0.000785166765824169,159,262690.944795811
racethn_combn,NHAsian,1999-2020,21.2,WTMEC.COMBN,age+gender,educ_level,prevent_stroke_10yr_hba1c,2014,3595767.22942209,67,gaussian (identity),Less than 9th grade,0.00551650311732875,0.0015673869202377,0.000823797993434378,0.00244442475366285,0.00858858148099464,5.47275816842267,0.000785166765824169,175,283023.089617755
racethn_combn,Other/Multi-Racial,1999-2020,21.2,WTMEC.COMBN,age+gender,educ_level,prevent_stroke_10yr_hba1c,566,2267044.86662802,62,gaussian (identity),College graduate or above (Intercept),-0.0542874978021835,0.00375135791708289,1.42694603221046e-20,-0.0616401593196659,-0.046934836284701,4.62878641605524,0.00267413204905568,137,547771.771017453
racethn_combn,Other/Multi-Racial,1999-2020,21.2,WTMEC.COMBN,age+gender,educ_level,prevent_stroke_10yr_hba1c,566,2267044.86662802,62,gaussian (identity),Some college or AA degree,0.0102447073622186,0.00248778566064182,0.000127053071874272,0.00536864746736063,0.0151207672570765,4.62878641605524,0.00267413204905568,247,1003429.58703774
racethn_combn,Other/Multi-Racial,1999-2020,21.2,WTMEC.COMBN,age+gender,educ_level,prevent_stroke_10yr_hba1c,566,2267044.86662802,62,gaussian (identity),HS graduate or GED,0.00791040370784374,0.00261620413784886,0.00376438482629139,0.00278264359765997,0.0130381638180275,4.62878641605524,0.00267413204905568,108,464337.700509095
racethn_combn,Other/Multi-Racial,1999-2020,21.2,WTMEC.COMBN,age+gender,educ_level,prevent_stroke_10yr_hba1c,566,2267044.86662802,62,gaussian (identity),9-11th grade,0.00526489216342272,0.00291501288764,0.0762730130502943,-0.000448533096351676,0.0109783174231971,4.62878641605524,0.00267413204905568,55,195579.412773679
racethn_combn,Other/Multi-Racial,1999-2020,21.2,WTMEC.COMBN,age+gender,educ_level,prevent_stroke_10yr_hba1c,566,2267044.86662802,62,gaussian (identity),Less than 9th grade,0.00727306217467242,0.00480837488198728,0.136009234678831,-0.00215135259402265,0.0166974769433675,4.62878641605524,0.00267413204905568,19,55926.3952900566
racethn_combn,NHW,1999-2020,21.2,WTMEC.COMBN,age+gender,educ_level,prevent_stroke_10yr_uacr,15666,103633087.161141,162,gaussian (identity),College graduate or above (Intercept),-0.0515256418871539,0.000628979943510325,4.04170886337532e-130,-0.0527584425764342,-0.0502928411978737,136.590176823877,6.63950415437457e-50,4538,35270686.8676338
racethn_combn,NHW,1999-2020,21.2,WTMEC.COMBN,age+gender,educ_level,prevent_stroke_10yr_uacr,15666,103633087.161141,162,gaussian (identity),Some college or AA degree,0.00485023186507962,0.000370035860902632,6.13973273494706e-27,0.00412496157771046,0.00557550215244878,136.590176823877,6.63950415437457e-50,4862,32218277.9064017
racethn_combn,NHW,1999-2020,21.2,WTMEC.COMBN,age+gender,educ_level,prevent_stroke_10yr_uacr,15666,103633087.161141,162,gaussian (identity),HS graduate or GED,0.00646149952405828,0.000405743613988183,1.6072236951827e-34,0.00566624204064144,0.00725675700747512,136.590176823877,6.63950415437457e-50,3979,25189222.4803264
racethn_combn,NHW,1999-2020,21.2,WTMEC.COMBN,age+gender,educ_level,prevent_stroke_10yr_uacr,15666,103633087.161141,162,gaussian (identity),9-11th grade,0.010591913583827,0.000654346016741377,3.27238570561486e-35,0.00930939539101388,0.0118744317766401,136.590176823877,6.63950415437457e-50,1680,8517269.11144411
racethn_combn,NHW,1999-2020,21.2,WTMEC.COMBN,age+gender,educ_level,prevent_stroke_10yr_uacr,15666,103633087.161141,162,gaussian (identity),Less than 9th grade,0.0144632884439849,0.00139787238507799,1.97844374205006e-19,0.011723458569232,0.0172031183187378,136.590176823877,6.63950415437457e-50,607,2437630.79533487
racethn_combn,NHB,1999-2020,21.2,WTMEC.COMBN,age+gender,educ_level,prevent_stroke_10yr_uacr,7604,14820298.4228478,148,gaussian (identity),College graduate or above (Intercept),-0.0547449666156623,0.00112396383718223,1.65725020065463e-90,-0.0569479357365394,-0.0525419974947851,27.9840373646135,3.85650978510268e-17,1369,2846346.46289445
racethn_combn,NHB,1999-2020,21.2,WTMEC.COMBN,age+gender,educ_level,prevent_stroke_10yr_uacr,7604,14820298.4228478,148,gaussian (identity),Some college or AA degree,0.00438289283312073,0.000870842802961877,1.43921299672149e-06,0.00267604093931545,0.00608974472692601,27.9840373646135,3.85650978510268e-17,2427,4834188.15826066
racethn_combn,NHB,1999-2020,21.2,WTMEC.COMBN,age+gender,educ_level,prevent_stroke_10yr_uacr,7604,14820298.4228478,148,gaussian (identity),HS graduate or GED,0.00539445253638959,0.000784530852784151,1.80176292122402e-10,0.00385677206493266,0.00693213300784653,27.9840373646135,3.85650978510268e-17,1956,3806084.83208436
racethn_combn,NHB,1999-2020,21.2,WTMEC.COMBN,age+gender,educ_level,prevent_stroke_10yr_uacr,7604,14820298.4228478,148,gaussian (identity),9-11th grade,0.00868859348285138,0.000893460450750188,1.91072723347658e-17,0.00693741099938101,0.0104397759663218,27.9840373646135,3.85650978510268e-17,1473,2752983.78008408
racethn_combn,NHB,1999-2020,21.2,WTMEC.COMBN,age+gender,educ_level,prevent_stroke_10yr_uacr,7604,14820298.4228478,148,gaussian (identity),Less than 9th grade,0.00985640401274535,0.00175354427005282,9.72467095323586e-08,0.00641945724344182,0.0132933507820489,27.9840373646135,3.85650978510268e-17,379,580695.189524283
racethn_combn,Mexican-American,1999-2020,21.2,WTMEC.COMBN,age+gender,educ_level,prevent_stroke_10yr_uacr,6201,10644054.003821,134,gaussian (identity),College graduate or above (Intercept),-0.0550364350663554,0.00137364733189855,2.74006507098364e-74,-0.0577287838368766,-0.0523440862958343,6.96246602369408,4.19689455069881e-05,472,1037188.72230062
racethn_combn,Mexican-American,1999-2020,21.2,WTMEC.COMBN,age+gender,educ_level,prevent_stroke_10yr_uacr,6201,10644054.003821,134,gaussian (identity),Some college or AA degree,0.00310199343719493,0.000926659665387333,0.00107104349891446,0.00128574049303575,0.0049182463813541,6.96246602369408,4.19689455069881e-05,1079,2050650.97970472
racethn_combn,Mexican-American,1999-2020,21.2,WTMEC.COMBN,age+gender,educ_level,prevent_stroke_10yr_uacr,6201,10644054.003821,134,gaussian (identity),HS graduate or GED,0.00375879241080045,0.000998072829360846,0.000251760853475577,0.00180256966525319,0.0057150151563477,6.96246602369408,4.19689455069881e-05,1056,2137539.8981784
racethn_combn,Mexican-American,1999-2020,21.2,WTMEC.COMBN,age+gender,educ_level,prevent_stroke_10yr_uacr,6201,10644054.003821,134,gaussian (identity),9-11th grade,0.00461522494017544,0.000975723550733498,5.83863588782984e-06,0.00270280678073779,0.0065276430996131,6.96246602369408,4.19689455069881e-05,1152,2118418.00959862
racethn_combn,Mexican-American,1999-2020,21.2,WTMEC.COMBN,age+gender,educ_level,prevent_stroke_10yr_uacr,6201,10644054.003821,134,gaussian (identity),Less than 9th grade,0.00472219653136217,0.000967466476981433,3.08228074992413e-06,0.00282596223647856,0.00661843082624578,6.96246602369408,4.19689455069881e-05,2442,3300256.39403862
racethn_combn,Other Hispanic,1999-2020,21.2,WTMEC.COMBN,age+gender,educ_level,prevent_stroke_10yr_uacr,3181,7982911.61806779,130,gaussian (identity),College graduate or above (Intercept),-0.0540967820395866,0.00157617396611158,3.65249881106493e-65,-0.0571860830131653,-0.0510074810660079,24.1811418566047,8.37872832688356e-15,512,1372495.06313811
racethn_combn,Other Hispanic,1999-2020,21.2,WTMEC.COMBN,age+gender,educ_level,prevent_stroke_10yr_uacr,3181,7982911.61806779,130,gaussian (identity),Some college or AA degree,0.00334540624394686,0.000981564990105274,0.00088238513698719,0.00142153886334052,0.0052692736245532,24.1811418566047,8.37872832688356e-15,813,2184047.76933772
racethn_combn,Other Hispanic,1999-2020,21.2,WTMEC.COMBN,age+gender,educ_level,prevent_stroke_10yr_uacr,3181,7982911.61806779,130,gaussian (identity),HS graduate or GED,0.00527013491550313,0.000911773848866936,5.69106515376509e-08,0.00348305817172394,0.00705721165928232,24.1811418566047,8.37872832688356e-15,609,1714335.72680651
racethn_combn,Other Hispanic,1999-2020,21.2,WTMEC.COMBN,age+gender,educ_level,prevent_stroke_10yr_uacr,3181,7982911.61806779,130,gaussian (identity),9-11th grade,0.00833844467277695,0.00126607503837999,1.15174900242525e-09,0.00585693759755218,0.0108199517480017,24.1811418566047,8.37872832688356e-15,526,1246124.24900887
racethn_combn,Other Hispanic,1999-2020,21.2,WTMEC.COMBN,age+gender,educ_level,prevent_stroke_10yr_uacr,3181,7982911.61806779,130,gaussian (identity),Less than 9th grade,0.00928760331009944,0.00116779906254637,9.66684364010024e-13,0.00699871714750857,0.0115764894726903,24.1811418566047,8.37872832688356e-15,721,1465908.80977659
racethn_combn,Other/Multi-Racial/NHAsian,1999-2020,21.2,WTMEC.COMBN,age+gender,educ_level,prevent_stroke_10yr_uacr,763,3963377.38203123,72,gaussian (identity),College graduate or above (Intercept),-0.0542532487762043,0.00302702659446892,4.69558140956444e-27,-0.0601862209013634,-0.0483202766510452,8.72873785439078,1.01964964022989e-05,280,1536472.57271019
racethn_combn,Other/Multi-Racial/NHAsian,1999-2020,21.2,WTMEC.COMBN,age+gender,educ_level,prevent_stroke_10yr_uacr,763,3963377.38203123,72,gaussian (identity),Some college or AA degree,0.00832439294523786,0.00249308480150919,0.00138572275324115,0.00343794673427984,0.0132108391561959,8.72873785439078,1.01964964022989e-05,175,944597.864880943
racethn_combn,Other/Multi-Racial/NHAsian,1999-2020,21.2,WTMEC.COMBN,age+gender,educ_level,prevent_stroke_10yr_uacr,763,3963377.38203123,72,gaussian (identity),HS graduate or GED,0.00339598042485589,0.00194974926252093,0.086210672447438,-0.000425528129685131,0.00721748897939691,8.72873785439078,1.01964964022989e-05,146,712202.623096698
racethn_combn,Other/Multi-Racial/NHAsian,1999-2020,21.2,WTMEC.COMBN,age+gender,educ_level,prevent_stroke_10yr_uacr,763,3963377.38203123,72,gaussian (identity),9-11th grade,0.0167640055184391,0.00363864364018718,1.91843343421245e-05,0.00963226398367223,0.023895747053206,8.72873785439078,1.01964964022989e-05,68,359097.815188774
racethn_combn,Other/Multi-Racial/NHAsian,1999-2020,21.2,WTMEC.COMBN,age+gender,educ_level,prevent_stroke_10yr_uacr,763,3963377.38203123,72,gaussian (identity),Less than 9th grade,0.00621413727923571,0.00301499689393697,0.0432395433351653,0.000304743367119244,0.0121235311913522,8.72873785439078,1.01964964022989e-05,94,411006.506154623
racethn_combn,NHAsian,1999-2020,21.2,WTMEC.COMBN,age+gender,educ_level,prevent_stroke_10yr_uacr,2006,3581571.55437185,67,gaussian (identity),College graduate or above (Intercept),-0.0533597327390781,0.00241888792243946,9.14244868696208e-31,-0.0581007530670594,-0.0486187124110968,5.22276346072149,0.00110250751374288,1058,1951577.37017164
racethn_combn,NHAsian,1999-2020,21.2,WTMEC.COMBN,age+gender,educ_level,prevent_stroke_10yr_uacr,2006,3581571.55437185,67,gaussian (identity),Some college or AA degree,0.00249927489229301,0.00107181305563008,0.0230287459460017,0.00039852130325805,0.00460002848132796,5.22276346072149,0.00110250751374288,339,603766.709147736
racethn_combn,NHAsian,1999-2020,21.2,WTMEC.COMBN,age+gender,educ_level,prevent_stroke_10yr_uacr,2006,3581571.55437185,67,gaussian (identity),HS graduate or GED,0.0023949549269393,0.00120551799151147,0.0514570100381169,3.21396635768294e-05,0.00475777019030178,5.22276346072149,0.00110250751374288,277,482942.487319566
racethn_combn,NHAsian,1999-2020,21.2,WTMEC.COMBN,age+gender,educ_level,prevent_stroke_10yr_uacr,2006,3581571.55437185,67,gaussian (identity),9-11th grade,0.00782576762903746,0.00234679553316092,0.00145664684806338,0.00322604838404205,0.0124254868740329,5.22276346072149,0.00110250751374288,158,262173.270934868
racethn_combn,NHAsian,1999-2020,21.2,WTMEC.COMBN,age+gender,educ_level,prevent_stroke_10yr_uacr,2006,3581571.55437185,67,gaussian (identity),Less than 9th grade,0.00505520157696624,0.00229015606937081,0.0310606439225388,0.00056649568099946,0.00954390747293303,5.22276346072149,0.00110250751374288,174,281111.716798038
racethn_combn,Other/Multi-Racial,1999-2020,21.2,WTMEC.COMBN,age+gender,educ_level,prevent_stroke_10yr_uacr,561,2256500.2817107,62,gaussian (identity),College graduate or above (Intercept),-0.0523773787596763,0.00406303874128596,2.1274687829058e-18,-0.0603409346925968,-0.0444138228267558,5.07047083122127,0.00147247376654966,135,545065.233636321
racethn_combn,Other/Multi-Racial,1999-2020,21.2,WTMEC.COMBN,age+gender,educ_level,prevent_stroke_10yr_uacr,561,2256500.2817107,62,gaussian (identity),Some college or AA degree,0.01037326842271,0.00276004345099752,0.000409929703799967,0.0049635832587549,0.0157829535866652,5.07047083122127,0.00147247376654966,244,995591.539501547
racethn_combn,Other/Multi-Racial,1999-2020,21.2,WTMEC.COMBN,age+gender,educ_level,prevent_stroke_10yr_uacr,561,2256500.2817107,62,gaussian (identity),HS graduate or GED,0.00848225427577416,0.00293379389995346,0.00545304117279587,0.00273201823186538,0.0142324903196829,5.07047083122127,0.00147247376654966,108,464337.700509095
racethn_combn,Other/Multi-Racial,1999-2020,21.2,WTMEC.COMBN,age+gender,educ_level,prevent_stroke_10yr_uacr,561,2256500.2817107,62,gaussian (identity),9-11th grade,0.00316826517397699,0.0030553456344738,0.304212419198156,-0.00282021226959167,0.00915674261754564,5.07047083122127,0.00147247376654966,55,195579.412773679
racethn_combn,Other/Multi-Racial,1999-2020,21.2,WTMEC.COMBN,age+gender,educ_level,prevent_stroke_10yr_uacr,561,2256500.2817107,62,gaussian (identity),Less than 9th grade,0.00621266275296493,0.0037307032103802,0.101442571683162,-0.00109951553938027,0.0135248410453101,5.07047083122127,0.00147247376654966,19,55926.3952900566
racethn_combn,NHW,1999-2020,21.2,WTMEC.COMBN,age+gender,educ_level,prevent_stroke_10yr_full,15651,103534855.547241,162,gaussian (identity),College graduate or above (Intercept),-0.051447010089328,0.00058287425950695,4.55548007149714e-135,-0.0525894436379616,-0.0503045765406943,142.410693968175,5.26434137190388e-51,4534,35238905.5790074
racethn_combn,NHW,1999-2020,21.2,WTMEC.COMBN,age+gender,educ_level,prevent_stroke_10yr_full,15651,103534855.547241,162,gaussian (identity),Some college or AA degree,0.00437137543051836,0.000331816100858531,4.04259192740063e-27,0.00372101587283564,0.00502173498820108,142.410693968175,5.26434137190388e-51,4856,32186029.0199493
racethn_combn,NHW,1999-2020,21.2,WTMEC.COMBN,age+gender,educ_level,prevent_stroke_10yr_full,15651,103534855.547241,162,gaussian (identity),HS graduate or GED,0.00602476919464778,0.000359137327164496,9.38268993144291e-37,0.00532086003340536,0.00672867835589019,142.410693968175,5.26434137190388e-51,3975,25158360.8638093
racethn_combn,NHW,1999-2020,21.2,WTMEC.COMBN,age+gender,educ_level,prevent_stroke_10yr_full,15651,103534855.547241,162,gaussian (identity),9-11th grade,0.00988594116743156,0.000586868382004534,6.18064737680217e-37,0.00873567913870267,0.0110362031961604,142.410693968175,5.26434137190388e-51,1680,8517269.11144411
racethn_combn,NHW,1999-2020,21.2,WTMEC.COMBN,age+gender,educ_level,prevent_stroke_10yr_full,15651,103534855.547241,162,gaussian (identity),Less than 9th grade,0.012690426821475,0.00112453940962468,5.72005277554745e-22,0.0104863295786106,0.0148945240643394,142.410693968175,5.26434137190388e-51,606,2434290.97303062
racethn_combn,NHB,1999-2020,21.2,WTMEC.COMBN,age+gender,educ_level,prevent_stroke_10yr_full,7581,14775977.4075239,148,gaussian (identity),College graduate or above (Intercept),-0.0538156307627458,0.000979386047646617,1.43445800830907e-97,-0.0557352274161331,-0.0518960341093584,26.7278936327798,1.55425251336568e-16,1364,2836301.78391662
racethn_combn,NHB,1999-2020,21.2,WTMEC.COMBN,age+gender,educ_level,prevent_stroke_10yr_full,7581,14775977.4075239,148,gaussian (identity),Some college or AA degree,0.00400885498133614,0.00078636155401805,1.07787738410736e-06,0.00246758633546076,0.00555012362721152,26.7278936327798,1.55425251336568e-16,2418,4817118.91992023
racethn_combn,NHB,1999-2020,21.2,WTMEC.COMBN,age+gender,educ_level,prevent_stroke_10yr_full,7581,14775977.4075239,148,gaussian (identity),HS graduate or GED,0.00486800682491551,0.000747476789124092,1.19053659878842e-09,0.00340295231823229,0.00633306133159873,26.7278936327798,1.55425251336568e-16,1951,3794840.81095449
racethn_combn,NHB,1999-2020,21.2,WTMEC.COMBN,age+gender,educ_level,prevent_stroke_10yr_full,7581,14775977.4075239,148,gaussian (identity),9-11th grade,0.00790311281106078,0.000852118481875861,2.68132034460767e-16,0.0062329605865841,0.00957326503553747,26.7278936327798,1.55425251336568e-16,1470,2747959.472842
racethn_combn,NHB,1999-2020,21.2,WTMEC.COMBN,age+gender,educ_level,prevent_stroke_10yr_full,7581,14775977.4075239,148,gaussian (identity),Less than 9th grade,0.00936999619869469,0.00163534493695643,5.79287532079895e-08,0.00616472012226009,0.0125752722751293,26.7278936327798,1.55425251336568e-16,378,579756.419890604
racethn_combn,Mexican-American,1999-2020,21.2,WTMEC.COMBN,age+gender,educ_level,prevent_stroke_10yr_full,6196,10633473.9889415,134,gaussian (identity),College graduate or above (Intercept),-0.0540567829941582,0.0012581238279631,6.60269324265438e-78,-0.0565227056969658,-0.0515908602913505,8.00643873396337,8.57874525658927e-06,472,1037188.72230062
racethn_combn,Mexican-American,1999-2020,21.2,WTMEC.COMBN,age+gender,educ_level,prevent_stroke_10yr_full,6196,10633473.9889415,134,gaussian (identity),Some college or AA degree,0.00312060079028319,0.000867812881415302,0.000460079602566111,0.0014196875427092,0.00482151403785719,8.00643873396337,8.57874525658927e-06,1077,2044957.56215585
racethn_combn,Mexican-American,1999-2020,21.2,WTMEC.COMBN,age+gender,educ_level,prevent_stroke_10yr_full,6196,10633473.9889415,134,gaussian (identity),HS graduate or GED,0.00381185043576555,0.000950397755216341,0.000102256421830419,0.00194907083554152,0.00567463003598958,8.00643873396337,8.57874525658927e-06,1055,2133808.38454557
racethn_combn,Mexican-American,1999-2020,21.2,WTMEC.COMBN,age+gender,educ_level,prevent_stroke_10yr_full,6196,10633473.9889415,134,gaussian (identity),9-11th grade,0.00441818057267851,0.000926011449939518,4.91168832336055e-06,0.00260319813079705,0.00623316301455996,8.00643873396337,8.57874525658927e-06,1151,2118064.73721391
racethn_combn,Mexican-American,1999-2020,21.2,WTMEC.COMBN,age+gender,educ_level,prevent_stroke_10yr_full,6196,10633473.9889415,134,gaussian (identity),Less than 9th grade,0.00485609283540864,0.000904998832941919,3.65069778749252e-07,0.00308229512284248,0.00662989054797481,8.00643873396337,8.57874525658927e-06,2441,3299454.58272551
racethn_combn,Other Hispanic,1999-2020,21.2,WTMEC.COMBN,age+gender,educ_level,prevent_stroke_10yr_full,3175,7963777.20174996,130,gaussian (identity),College graduate or above (Intercept),-0.0542639786431472,0.00146345986049833,5.85562121169624e-69,-0.0571323599697239,-0.0513955973165705,27.9465388798792,1.50938588390279e-16,512,1372495.06313811
racethn_combn,Other Hispanic,1999-2020,21.2,WTMEC.COMBN,age+gender,educ_level,prevent_stroke_10yr_full,3175,7963777.20174996,130,gaussian (identity),Some college or AA degree,0.00350142597960946,0.000948608887275328,0.000333006159137554,0.00164215256054982,0.00536069939866911,27.9465388798792,1.50938588390279e-16,809,2168728.43232517
racethn_combn,Other Hispanic,1999-2020,21.2,WTMEC.COMBN,age+gender,educ_level,prevent_stroke_10yr_full,3175,7963777.20174996,130,gaussian (identity),HS graduate or GED,0.00518424201910344,0.000854483433149117,1.46005064497531e-08,0.00350945449013117,0.00685902954807571,27.9465388798792,1.50938588390279e-16,608,1711352.40212509
racethn_combn,Other Hispanic,1999-2020,21.2,WTMEC.COMBN,age+gender,educ_level,prevent_stroke_10yr_full,3175,7963777.20174996,130,gaussian (identity),9-11th grade,0.00821629302093127,0.00121671695738618,4.99195620180199e-10,0.00583152778445436,0.0106010582574082,27.9465388798792,1.50938588390279e-16,526,1246124.24900887
racethn_combn,Other Hispanic,1999-2020,21.2,WTMEC.COMBN,age+gender,educ_level,prevent_stroke_10yr_full,3175,7963777.20174996,130,gaussian (identity),Less than 9th grade,0.00921035636239619,0.00108361677854282,5.0628787599768e-14,0.00708646747645226,0.0113342452483401,27.9465388798792,1.50938588390279e-16,720,1465077.05515272
racethn_combn,Other/Multi-Racial/NHAsian,1999-2020,21.2,WTMEC.COMBN,age+gender,educ_level,prevent_stroke_10yr_full,760,3948490.98230453,72,gaussian (identity),College graduate or above (Intercept),-0.0538351915595143,0.00277199341832676,5.39818322045419e-29,-0.0592682986594347,-0.0484020844595938,8.97775209223734,7.49898324908435e-06,279,1529772.8717384
racethn_combn,Other/Multi-Racial/NHAsian,1999-2020,21.2,WTMEC.COMBN,age+gender,educ_level,prevent_stroke_10yr_full,760,3948490.98230453,72,gaussian (identity),Some college or AA degree,0.0074703207337264,0.0021977098082583,0.00115064887484418,0.00316280950954013,0.0117778319579127,8.97775209223734,7.49898324908435e-06,175,944597.864880943
racethn_combn,Other/Multi-Racial/NHAsian,1999-2020,21.2,WTMEC.COMBN,age+gender,educ_level,prevent_stroke_10yr_full,760,3948490.98230453,72,gaussian (identity),HS graduate or GED,0.0030307655238709,0.00175413577873649,0.0887039966988064,-0.000407340602452631,0.00646887165019442,8.97775209223734,7.49898324908435e-06,145,709707.839104811
racethn_combn,Other/Multi-Racial/NHAsian,1999-2020,21.2,WTMEC.COMBN,age+gender,educ_level,prevent_stroke_10yr_full,760,3948490.98230453,72,gaussian (identity),9-11th grade,0.0139959314333779,0.00301511446002138,1.69074466347743e-05,0.00808630709173605,0.0199055557750199,8.97775209223734,7.49898324908435e-06,68,359097.815188774
racethn_combn,Other/Multi-Racial/NHAsian,1999-2020,21.2,WTMEC.COMBN,age+gender,educ_level,prevent_stroke_10yr_full,760,3948490.98230453,72,gaussian (identity),Less than 9th grade,0.00646559434599465,0.00296226531949204,0.0326245736900752,0.000659554319790262,0.012271634372199,8.97775209223734,7.49898324908435e-06,93,405314.591391604
racethn_combn,NHAsian,1999-2020,21.2,WTMEC.COMBN,age+gender,educ_level,prevent_stroke_10yr_full,2005,3580392.56447817,67,gaussian (identity),College graduate or above (Intercept),-0.0527185407634887,0.00219149232807552,7.92496853245749e-33,-0.0570138657265167,-0.0484232158004607,5.76140437660224,0.000532445456265687,1058,1951577.37017164
racethn_combn,NHAsian,1999-2020,21.2,WTMEC.COMBN,age+gender,educ_level,prevent_stroke_10yr_full,2005,3580392.56447817,67,gaussian (identity),Some college or AA degree,0.00256207294361979,0.00100524946709037,0.0133452489736866,0.000591783988122678,0.00453236189911691,5.76140437660224,0.000532445456265687,339,603766.709147736
racethn_combn,NHAsian,1999-2020,21.2,WTMEC.COMBN,age+gender,educ_level,prevent_stroke_10yr_full,2005,3580392.56447817,67,gaussian (identity),HS graduate or GED,0.00209093207659438,0.00109068623302188,0.0599146161007748,-4.68129401285087e-05,0.00422867709331726,5.76140437660224,0.000532445456265687,277,482942.487319566
racethn_combn,NHAsian,1999-2020,21.2,WTMEC.COMBN,age+gender,educ_level,prevent_stroke_10yr_full,2005,3580392.56447817,67,gaussian (identity),9-11th grade,0.00775263629890834,0.00231136645300922,0.00137288473072794,0.00322235805101028,0.0122829145468064,5.76140437660224,0.000532445456265687,158,262173.270934868
racethn_combn,NHAsian,1999-2020,21.2,WTMEC.COMBN,age+gender,educ_level,prevent_stroke_10yr_full,2005,3580392.56447817,67,gaussian (identity),Less than 9th grade,0.00599016497703596,0.00196643139181609,0.00342080834331393,0.00213595944907643,0.00984437050499549,5.76140437660224,0.000532445456265687,173,279932.726904359
racethn_combn,Other/Multi-Racial,1999-2020,21.2,WTMEC.COMBN,age+gender,educ_level,prevent_stroke_10yr_full,561,2256500.2817107,62,gaussian (identity),College graduate or above (Intercept),-0.0529926688781064,0.00410859554138804,2.08060453663043e-18,-0.0610455161392269,-0.0449398216169858,4.41224818743976,0.00359450016341854,135,545065.233636321
racethn_combn,Other/Multi-Racial,1999-2020,21.2,WTMEC.COMBN,age+gender,educ_level,prevent_stroke_10yr_full,561,2256500.2817107,62,gaussian (identity),Some college or AA degree,0.0104587395390453,0.00264886707776732,0.000222143388175228,0.00526696006662132,0.0156505190114692,4.41224818743976,0.00359450016341854,244,995591.539501547
racethn_combn,Other/Multi-Racial,1999-2020,21.2,WTMEC.COMBN,age+gender,educ_level,prevent_stroke_10yr_full,561,2256500.2817107,62,gaussian (identity),HS graduate or GED,0.0072859115176637,0.00269097506896402,0.00897156295212066,0.00201160038249422,0.0125602226528332,4.41224818743976,0.00359450016341854,108,464337.700509095
racethn_combn,Other/Multi-Racial,1999-2020,21.2,WTMEC.COMBN,age+gender,educ_level,prevent_stroke_10yr_full,561,2256500.2817107,62,gaussian (identity),9-11th grade,0.0038265312613837,0.00304129267090614,0.213542982143737,-0.00213440237359234,0.00978746489635973,4.41224818743976,0.00359450016341854,55,195579.412773679
racethn_combn,Other/Multi-Racial,1999-2020,21.2,WTMEC.COMBN,age+gender,educ_level,prevent_stroke_10yr_full,561,2256500.2817107,62,gaussian (identity),Less than 9th grade,0.00576895935022499,0.0040882125751542,0.163740855265875,-0.00224393729707724,0.0137818559975272,4.41224818743976,0.00359450016341854,19,55926.3952900566
racethn_combn,NHW,1999-2020,21.2,WTMEC.COMBN,age+gender,educ_level,prevent_stroke_30yr_base,15800,104277995.879337,162,gaussian (identity),College graduate or above (Intercept),-0.0371009077450267,0.00100029019020511,2.80758833451299e-79,-0.0390614765178287,-0.0351403389722247,164.847138438478,6.08109199899312e-55,4562,35404925.0443767
racethn_combn,NHW,1999-2020,21.2,WTMEC.COMBN,age+gender,educ_level,prevent_stroke_30yr_base,15800,104277995.879337,162,gaussian (identity),Some college or AA degree,0.0102508989189529,0.000630967890798196,2.28465840631971e-35,0.00901420185298846,0.0114875959849174,164.847138438478,6.08109199899312e-55,4893,32357031.0377336
racethn_combn,NHW,1999-2020,21.2,WTMEC.COMBN,age+gender,educ_level,prevent_stroke_30yr_base,15800,104277995.879337,162,gaussian (identity),HS graduate or GED,0.0135494422890168,0.000832458657218987,1.90387235580315e-35,0.0119178233208676,0.015181061257166,164.847138438478,6.08109199899312e-55,4016,25406774.3688037
racethn_combn,NHW,1999-2020,21.2,WTMEC.COMBN,age+gender,educ_level,prevent_stroke_30yr_base,15800,104277995.879337,162,gaussian (identity),9-11th grade,0.017180854556798,0.00100888426810054,2.05038021218542e-37,0.0152034413913209,0.0191582677222751,164.847138438478,6.08109199899312e-55,1704,8619151.24291126
racethn_combn,NHW,1999-2020,21.2,WTMEC.COMBN,age+gender,educ_level,prevent_stroke_30yr_base,15800,104277995.879337,162,gaussian (identity),Less than 9th grade,0.0170273514771675,0.00203676868735317,3.26094967008094e-14,0.0130352848499553,0.0210194181043797,164.847138438478,6.08109199899312e-55,625,2490114.18551192
racethn_combn,NHB,1999-2020,21.2,WTMEC.COMBN,age+gender,educ_level,prevent_stroke_30yr_base,7703,14987750.5852691,148,gaussian (identity),College graduate or above (Intercept),-0.0353855651139006,0.00229291469433413,3.62505544934156e-32,-0.0398796779147955,-0.0308914523130057,30.3073301031011,3.13584212910053e-18,1382,2867279.27513777
racethn_combn,NHB,1999-2020,21.2,WTMEC.COMBN,age+gender,educ_level,prevent_stroke_30yr_base,7703,14987750.5852691,148,gaussian (identity),Some college or AA degree,0.00889738308859822,0.00156788771177053,7.52898450838465e-08,0.00582432317352798,0.0119704430036685,30.3073301031011,3.13584212910053e-18,2452,4879281.70713981
racethn_combn,NHB,1999-2020,21.2,WTMEC.COMBN,age+gender,educ_level,prevent_stroke_30yr_base,7703,14987750.5852691,148,gaussian (identity),HS graduate or GED,0.0113136377745879,0.00161103064271913,8.30005418562416e-11,0.00815601771485839,0.0144712578343174,30.3073301031011,3.13584212910053e-18,1983,3856810.60133849
racethn_combn,NHB,1999-2020,21.2,WTMEC.COMBN,age+gender,educ_level,prevent_stroke_30yr_base,7703,14987750.5852691,148,gaussian (identity),9-11th grade,0.0162481492251259,0.00174101607308007,1.91149599375303e-16,0.012835757721889,0.0196605407283629,30.3073301031011,3.13584212910053e-18,1494,2786321.16433136
racethn_combn,NHB,1999-2020,21.2,WTMEC.COMBN,age+gender,educ_level,prevent_stroke_30yr_base,7703,14987750.5852691,148,gaussian (identity),Less than 9th grade,0.00185261161815486,0.00297584994712392,0.534579551791026,-0.00398005427820801,0.00768527751451773,30.3073301031011,3.13584212910053e-18,392,598057.837321642
racethn_combn,Mexican-American,1999-2020,21.2,WTMEC.COMBN,age+gender,educ_level,prevent_stroke_30yr_base,6231,10684202.3052091,134,gaussian (identity),College graduate or above (Intercept),-0.0577924757241896,0.00275353016277712,2.88241374671361e-43,-0.0631893948432327,-0.0523955566051464,3.76512659238931,0.00626289447124566,475,1044787.38624562
racethn_combn,Mexican-American,1999-2020,21.2,WTMEC.COMBN,age+gender,educ_level,prevent_stroke_30yr_base,6231,10684202.3052091,134,gaussian (identity),Some college or AA degree,0.00637122309739491,0.00233812509879896,0.00733174381713768,0.00178849790374895,0.0109539482910409,3.76512659238931,0.00626289447124566,1085,2058991.71157509
racethn_combn,Mexican-American,1999-2020,21.2,WTMEC.COMBN,age+gender,educ_level,prevent_stroke_30yr_base,6231,10684202.3052091,134,gaussian (identity),HS graduate or GED,0.00737789749047873,0.00222034228988659,0.00116192363965685,0.003026026602301,0.0117297683786565,3.76512659238931,0.00626289447124566,1060,2142592.7985134
racethn_combn,Mexican-American,1999-2020,21.2,WTMEC.COMBN,age+gender,educ_level,prevent_stroke_30yr_base,6231,10684202.3052091,134,gaussian (identity),9-11th grade,0.00814842954971342,0.00224744699169224,0.00041469322418179,0.00374343344599662,0.0125534256534302,3.76512659238931,0.00626289447124566,1159,2123846.24468117
racethn_combn,Mexican-American,1999-2020,21.2,WTMEC.COMBN,age+gender,educ_level,prevent_stroke_30yr_base,6231,10684202.3052091,134,gaussian (identity),Less than 9th grade,0.00778530997983085,0.00221201183708378,0.000599272479232806,0.00344976677914664,0.0121208531805151,3.76512659238931,0.00626289447124566,2452,3313984.16419381
racethn_combn,Other Hispanic,1999-2020,21.2,WTMEC.COMBN,age+gender,educ_level,prevent_stroke_30yr_base,3196,8012696.56155144,130,gaussian (identity),College graduate or above (Intercept),-0.0550923888640097,0.00277326055664179,2.41560431698928e-40,-0.0605279795550276,-0.0496567981729918,9.54967525554932,9.17000378047276e-07,515,1382739.9268943
racethn_combn,Other Hispanic,1999-2020,21.2,WTMEC.COMBN,age+gender,educ_level,prevent_stroke_30yr_base,3196,8012696.56155144,130,gaussian (identity),Some college or AA degree,0.0057525620276745,0.0021146547675162,0.00745883212566591,0.00160783868334274,0.00989728537200625,9.54967525554932,9.17000378047276e-07,814,2186490.87226781
racethn_combn,Other Hispanic,1999-2020,21.2,WTMEC.COMBN,age+gender,educ_level,prevent_stroke_30yr_base,3196,8012696.56155144,130,gaussian (identity),HS graduate or GED,0.0076538558499737,0.00179641043089634,3.99488841092368e-05,0.00413289140541688,0.0111748202945305,9.54967525554932,9.17000378047276e-07,613,1720099.74872868
racethn_combn,Other Hispanic,1999-2020,21.2,WTMEC.COMBN,age+gender,educ_level,prevent_stroke_30yr_base,3196,8012696.56155144,130,gaussian (identity),9-11th grade,0.0134640202411746,0.00263097519813935,1.14602543981967e-06,0.00830730885282143,0.0186207316295277,9.54967525554932,9.17000378047276e-07,527,1247571.35375981
racethn_combn,Other Hispanic,1999-2020,21.2,WTMEC.COMBN,age+gender,educ_level,prevent_stroke_30yr_base,3196,8012696.56155144,130,gaussian (identity),Less than 9th grade,0.0106655629571914,0.00256165640450573,5.81778241956432e-05,0.00564471640436018,0.0156864095100226,9.54967525554932,9.17000378047276e-07,727,1475794.65990083
racethn_combn,Other/Multi-Racial/NHAsian,1999-2020,21.2,WTMEC.COMBN,age+gender,educ_level,prevent_stroke_30yr_base,770,3999498.48914632,73,gaussian (identity),College graduate or above (Intercept),-0.0608923083846933,0.00485473449867107,3.02604142277464e-19,-0.0704075880020886,-0.051377028767298,14.6593303149155,1.18592041605928e-08,281,1545117.17483604
racethn_combn,Other/Multi-Racial/NHAsian,1999-2020,21.2,WTMEC.COMBN,age+gender,educ_level,prevent_stroke_30yr_base,770,3999498.48914632,73,gaussian (identity),Some college or AA degree,0.0216631171135297,0.00429169843623728,3.65610008717247e-06,0.0132513881785046,0.0300748460485548,14.6593303149155,1.18592041605928e-08,176,946543.950211038
racethn_combn,Other/Multi-Racial/NHAsian,1999-2020,21.2,WTMEC.COMBN,age+gender,educ_level,prevent_stroke_30yr_base,770,3999498.48914632,73,gaussian (identity),HS graduate or GED,0.0111757924824171,0.00345722159308297,0.0019045125118584,0.00439963815997446,0.0179519468048597,14.6593303149155,1.18592041605928e-08,148,718989.486766981
racethn_combn,Other/Multi-Racial/NHAsian,1999-2020,21.2,WTMEC.COMBN,age+gender,educ_level,prevent_stroke_30yr_base,770,3999498.48914632,73,gaussian (identity),9-11th grade,0.0322610825758119,0.00742682225834925,4.85529136273044e-05,0.0177045109494473,0.0468176542021764,14.6593303149155,1.18592041605928e-08,71,377841.371177642
racethn_combn,Other/Multi-Racial/NHAsian,1999-2020,21.2,WTMEC.COMBN,age+gender,educ_level,prevent_stroke_30yr_base,770,3999498.48914632,73,gaussian (identity),Less than 9th grade,0.00208428958692708,0.00366308677014879,0.571259953960114,-0.00509536048256454,0.0092639396564187,14.6593303149155,1.18592041605928e-08,94,411006.506154623
racethn_combn,NHAsian,1999-2020,21.2,WTMEC.COMBN,age+gender,educ_level,prevent_stroke_30yr_base,2015,3596946.21931577,67,gaussian (identity),College graduate or above (Intercept),-0.0503188132187229,0.00315607354924482,1.98821842085222e-23,-0.0565047173752428,-0.0441329090622031,6.0488438600818,0.000363025028230323,1064,1963343.99854123
racethn_combn,NHAsian,1999-2020,21.2,WTMEC.COMBN,age+gender,educ_level,prevent_stroke_30yr_base,2015,3596946.21931577,67,gaussian (identity),Some college or AA degree,0.00705106023895972,0.00203435219477862,0.000973377528925983,0.00306372993719362,0.0110383905407258,6.0488438600818,0.000363025028230323,339,603766.709147736
racethn_combn,NHAsian,1999-2020,21.2,WTMEC.COMBN,age+gender,educ_level,prevent_stroke_30yr_base,2015,3596946.21931577,67,gaussian (identity),HS graduate or GED,0.00841596840686061,0.00258696789768341,0.00186206562059324,0.00334551132740114,0.0134864254863201,6.0488438600818,0.000363025028230323,277,482942.487319566
racethn_combn,NHAsian,1999-2020,21.2,WTMEC.COMBN,age+gender,educ_level,prevent_stroke_30yr_base,2015,3596946.21931577,67,gaussian (identity),9-11th grade,0.0111383313946717,0.00308349380205742,0.000615166400079194,0.00509468354263915,0.0171819792467042,6.0488438600818,0.000363025028230323,159,262690.944795811
racethn_combn,NHAsian,1999-2020,21.2,WTMEC.COMBN,age+gender,educ_level,prevent_stroke_30yr_base,2015,3596946.21931577,67,gaussian (identity),Less than 9th grade,0.00729118589602022,0.00276670268418967,0.0106423099964531,0.00186844863500846,0.012713923157032,6.0488438600818,0.000363025028230323,176,284202.079511434
racethn_combn,Other/Multi-Racial,1999-2020,21.2,WTMEC.COMBN,age+gender,educ_level,prevent_stroke_30yr_base,566,2267044.86662802,62,gaussian (identity),College graduate or above (Intercept),-0.0301795135614557,0.00710817174563618,8.28442630806845e-05,-0.0441115301829026,-0.0162474969400088,3.46363567011246,0.0134362556901887,137,547771.771017453
racethn_combn,Other/Multi-Racial,1999-2020,21.2,WTMEC.COMBN,age+gender,educ_level,prevent_stroke_30yr_base,566,2267044.86662802,62,gaussian (identity),Some college or AA degree,0.017206037329626,0.00561524563391538,0.00335412641942688,0.00620015588715185,0.0282119187721001,3.46363567011246,0.0134362556901887,247,1003429.58703774
racethn_combn,Other/Multi-Racial,1999-2020,21.2,WTMEC.COMBN,age+gender,educ_level,prevent_stroke_30yr_base,566,2267044.86662802,62,gaussian (identity),HS graduate or GED,0.00929147588634883,0.00577230404016982,0.113094373554136,-0.00202224003238402,0.0206051918050817,3.46363567011246,0.0134362556901887,108,464337.700509095
racethn_combn,Other/Multi-Racial,1999-2020,21.2,WTMEC.COMBN,age+gender,educ_level,prevent_stroke_30yr_base,566,2267044.86662802,62,gaussian (identity),9-11th grade,0.00245189193726815,0.00672478056100506,0.716779180049419,-0.0107286779623018,0.0156324618368381,3.46363567011246,0.0134362556901887,55,195579.412773679
racethn_combn,Other/Multi-Racial,1999-2020,21.2,WTMEC.COMBN,age+gender,educ_level,prevent_stroke_30yr_base,566,2267044.86662802,62,gaussian (identity),Less than 9th grade,0.00841476388429713,0.00815425918673,0.306533211200803,-0.00756758412169367,0.0243971118902879,3.46363567011246,0.0134362556901887,19,55926.3952900566
racethn_combn,NHW,1999-2020,21.2,WTMEC.COMBN,age+gender,educ_level,prevent_stroke_30yr_hba1c,15784,104176158.59452,162,gaussian (identity),College graduate or above (Intercept),-0.0374584101443917,0.000916577196836494,3.07133480648661e-85,-0.0392549014501912,-0.0356619188385922,186.282754111684,2.54965078191201e-58,4558,35373143.7557502
racethn_combn,NHW,1999-2020,21.2,WTMEC.COMBN,age+gender,educ_level,prevent_stroke_30yr_hba1c,15784,104176158.59452,162,gaussian (identity),Some college or AA degree,0.00925079883136147,0.000536103010920528,5.32392860628157e-38,0.00820003692995724,0.0103015607327657,186.282754111684,2.54965078191201e-58,4887,32324782.1512812
racethn_combn,NHW,1999-2020,21.2,WTMEC.COMBN,age+gender,educ_level,prevent_stroke_30yr_hba1c,15784,104176158.59452,162,gaussian (identity),HS graduate or GED,0.0125936903129603,0.000708632519679973,2.50263336879569e-39,0.0112047705743876,0.0139826100515331,186.282754111684,2.54965078191201e-58,4011,25372307.0813698
racethn_combn,NHW,1999-2020,21.2,WTMEC.COMBN,age+gender,educ_level,prevent_stroke_30yr_hba1c,15784,104176158.59452,162,gaussian (identity),9-11th grade,0.0160183123697452,0.000890841575394938,7.30782262655696e-40,0.0142722628819711,0.0177643618575193,186.282754111684,2.54965078191201e-58,1704,8619151.24291126
racethn_combn,NHW,1999-2020,21.2,WTMEC.COMBN,age+gender,educ_level,prevent_stroke_30yr_hba1c,15784,104176158.59452,162,gaussian (identity),Less than 9th grade,0.0142228455463127,0.00169942665677721,3.08961940809986e-14,0.0108919692990293,0.017553721793596,186.282754111684,2.54965078191201e-58,624,2486774.36320768
racethn_combn,NHB,1999-2020,21.2,WTMEC.COMBN,age+gender,educ_level,prevent_stroke_30yr_hba1c,7679,14942314.6947738,148,gaussian (identity),College graduate or above (Intercept),-0.0343702030107687,0.00210205681744361,1.86174772551889e-34,-0.0384902343729581,-0.0302501716485792,32.79701834214,2.33848589163662e-19,1377,2857234.59615994
racethn_combn,NHB,1999-2020,21.2,WTMEC.COMBN,age+gender,educ_level,prevent_stroke_30yr_hba1c,7679,14942314.6947738,148,gaussian (identity),Some college or AA degree,0.00827393036299842,0.00138576429034377,1.80323263535351e-08,0.00555783235392463,0.0109900283720722,32.79701834214,2.33848589163662e-19,2443,4862212.46879938
racethn_combn,NHB,1999-2020,21.2,WTMEC.COMBN,age+gender,educ_level,prevent_stroke_30yr_hba1c,7679,14942314.6947738,148,gaussian (identity),HS graduate or GED,0.0105275851205086,0.00145035861355766,2.34719402381161e-11,0.00768488223793562,0.0133702880030817,32.79701834214,2.33848589163662e-19,1978,3845566.58020862
racethn_combn,NHB,1999-2020,21.2,WTMEC.COMBN,age+gender,educ_level,prevent_stroke_30yr_hba1c,7679,14942314.6947738,148,gaussian (identity),9-11th grade,0.0148469262432332,0.00151271533420557,1.12271124875516e-17,0.0118820041881903,0.0178118482982761,32.79701834214,2.33848589163662e-19,1491,2781296.85708928
racethn_combn,NHB,1999-2020,21.2,WTMEC.COMBN,age+gender,educ_level,prevent_stroke_30yr_hba1c,7679,14942314.6947738,148,gaussian (identity),Less than 9th grade,0.00109055975801153,0.00263568741694434,0.679669205038801,-0.00407538757919937,0.00625650709522244,32.79701834214,2.33848589163662e-19,390,596004.192516547
racethn_combn,Mexican-American,1999-2020,21.2,WTMEC.COMBN,age+gender,educ_level,prevent_stroke_30yr_hba1c,6226,10673622.2903296,134,gaussian (identity),College graduate or above (Intercept),-0.0564204806841094,0.00248417825818097,9.8809790925013e-47,-0.0612894700701441,-0.0515514912980747,4.58399561683861,0.00171449281860076,475,1044787.38624562
racethn_combn,Mexican-American,1999-2020,21.2,WTMEC.COMBN,age+gender,educ_level,prevent_stroke_30yr_hba1c,6226,10673622.2903296,134,gaussian (identity),Some college or AA degree,0.00600450327895128,0.00206276968960913,0.00425226580071497,0.00196147468731738,0.0100475318705852,4.58399561683861,0.00171449281860076,1083,2053298.29402623
racethn_combn,Mexican-American,1999-2020,21.2,WTMEC.COMBN,age+gender,educ_level,prevent_stroke_30yr_hba1c,6226,10673622.2903296,134,gaussian (identity),HS graduate or GED,0.00724342516019689,0.00198603553670426,0.000384460867045076,0.00335079550825654,0.0111360548121373,4.58399561683861,0.00171449281860076,1059,2138861.28488057
racethn_combn,Mexican-American,1999-2020,21.2,WTMEC.COMBN,age+gender,educ_level,prevent_stroke_30yr_hba1c,6226,10673622.2903296,134,gaussian (identity),9-11th grade,0.00768888931615709,0.00192729625394847,0.00011077855252663,0.00391138865841809,0.0114663899738961,4.58399561683861,0.00171449281860076,1158,2123492.97229645
racethn_combn,Mexican-American,1999-2020,21.2,WTMEC.COMBN,age+gender,educ_level,prevent_stroke_30yr_hba1c,6226,10673622.2903296,134,gaussian (identity),Less than 9th grade,0.00750950546401652,0.00190841313073955,0.000135756846112091,0.00376901572776701,0.011249995200266,4.58399561683861,0.00171449281860076,2451,3313182.3528807
racethn_combn,Other Hispanic,1999-2020,21.2,WTMEC.COMBN,age+gender,educ_level,prevent_stroke_30yr_hba1c,3190,7993562.1452336,130,gaussian (identity),College graduate or above (Intercept),-0.0547068697893622,0.00255925112222794,2.09713026279118e-43,-0.0597230019889289,-0.0496907375897954,11.2648095982125,7.8956090655189e-08,515,1382739.9268943
racethn_combn,Other Hispanic,1999-2020,21.2,WTMEC.COMBN,age+gender,educ_level,prevent_stroke_30yr_hba1c,3190,7993562.1452336,130,gaussian (identity),Some college or AA degree,0.00595367028346115,0.00189291126233566,0.00207756620161009,0.00224356420928327,0.00966377635763904,11.2648095982125,7.8956090655189e-08,810,2171171.53525526
racethn_combn,Other Hispanic,1999-2020,21.2,WTMEC.COMBN,age+gender,educ_level,prevent_stroke_30yr_hba1c,3190,7993562.1452336,130,gaussian (identity),HS graduate or GED,0.00764779505222007,0.00165233340088905,9.14260245271329e-06,0.00440922158647752,0.0108863685179626,11.2648095982125,7.8956090655189e-08,612,1717116.42404726
racethn_combn,Other Hispanic,1999-2020,21.2,WTMEC.COMBN,age+gender,educ_level,prevent_stroke_30yr_hba1c,3190,7993562.1452336,130,gaussian (identity),9-11th grade,0.0124924183239951,0.00231562977417489,3.34345879328692e-07,0.00795378396661236,0.0170310526813779,11.2648095982125,7.8956090655189e-08,527,1247571.35375981
racethn_combn,Other Hispanic,1999-2020,21.2,WTMEC.COMBN,age+gender,educ_level,prevent_stroke_30yr_hba1c,3190,7993562.1452336,130,gaussian (identity),Less than 9th grade,0.0100514727726512,0.00211576520203874,5.50541294527296e-06,0.00590457297665526,0.0141983725686471,11.2648095982125,7.8956090655189e-08,726,1474962.90527696
racethn_combn,Other/Multi-Racial/NHAsian,1999-2020,21.2,WTMEC.COMBN,age+gender,educ_level,prevent_stroke_30yr_hba1c,767,3984612.08941962,73,gaussian (identity),College graduate or above (Intercept),-0.0594659732120104,0.00429471206604254,2.47658180941488e-21,-0.0678836088614538,-0.0510483375625671,16.0904528597782,2.79047883499911e-09,280,1538417.47386425
racethn_combn,Other/Multi-Racial/NHAsian,1999-2020,21.2,WTMEC.COMBN,age+gender,educ_level,prevent_stroke_30yr_hba1c,767,3984612.08941962,73,gaussian (identity),Some college or AA degree,0.0188719347280944,0.00356992902134241,1.46881706249918e-06,0.0118748738462633,0.0258689956099256,16.0904528597782,2.79047883499911e-09,176,946543.950211038
racethn_combn,Other/Multi-Racial/NHAsian,1999-2020,21.2,WTMEC.COMBN,age+gender,educ_level,prevent_stroke_30yr_hba1c,767,3984612.08941962,73,gaussian (identity),HS graduate or GED,0.0104568604610709,0.00301414416505004,0.00091714109668432,0.00454913789757283,0.016364583024569,16.0904528597782,2.79047883499911e-09,147,716494.702775095
racethn_combn,Other/Multi-Racial/NHAsian,1999-2020,21.2,WTMEC.COMBN,age+gender,educ_level,prevent_stroke_30yr_hba1c,767,3984612.08941962,73,gaussian (identity),9-11th grade,0.0264149069692607,0.00604976459388278,4.48359767891414e-05,0.0145573683652504,0.0382724455732709,16.0904528597782,2.79047883499911e-09,71,377841.371177642
racethn_combn,Other/Multi-Racial/NHAsian,1999-2020,21.2,WTMEC.COMBN,age+gender,educ_level,prevent_stroke_30yr_hba1c,767,3984612.08941962,73,gaussian (identity),Less than 9th grade,0.00254999521769566,0.00333994053003057,0.447854236627737,-0.00399628822116426,0.00909627865655557,16.0904528597782,2.79047883499911e-09,93,405314.591391604
racethn_combn,NHAsian,1999-2020,21.2,WTMEC.COMBN,age+gender,educ_level,prevent_stroke_30yr_hba1c,2014,3595767.22942209,67,gaussian (identity),College graduate or above (Intercept),-0.049551148668681,0.0027571744568342,4.72967149292984e-26,-0.0549552106040761,-0.044147086733286,6.51281740043423,0.000197207299600732,1064,1963343.99854123
racethn_combn,NHAsian,1999-2020,21.2,WTMEC.COMBN,age+gender,educ_level,prevent_stroke_30yr_hba1c,2014,3595767.22942209,67,gaussian (identity),Some college or AA degree,0.00658836590842673,0.00169728719849542,0.00025735126601726,0.00326168299937571,0.00991504881747775,6.51281740043423,0.000197207299600732,339,603766.709147736
racethn_combn,NHAsian,1999-2020,21.2,WTMEC.COMBN,age+gender,educ_level,prevent_stroke_30yr_hba1c,2014,3595767.22942209,67,gaussian (identity),HS graduate or GED,0.00721581388685281,0.00226266211011577,0.00225375358621278,0.00278099615102591,0.0116506316226797,6.51281740043423,0.000197207299600732,277,482942.487319566
racethn_combn,NHAsian,1999-2020,21.2,WTMEC.COMBN,age+gender,educ_level,prevent_stroke_30yr_hba1c,2014,3595767.22942209,67,gaussian (identity),9-11th grade,0.0112021207299884,0.00295405883156845,0.000345082627683756,0.00541216542011423,0.0169920760398626,6.51281740043423,0.000197207299600732,159,262690.944795811
racethn_combn,NHAsian,1999-2020,21.2,WTMEC.COMBN,age+gender,educ_level,prevent_stroke_30yr_hba1c,2014,3595767.22942209,67,gaussian (identity),Less than 9th grade,0.00735762585337049,0.00247737552589614,0.00425474316861443,0.00250196982261405,0.0122132818841269,6.51281740043423,0.000197207299600732,175,283023.089617755
racethn_combn,Other/Multi-Racial,1999-2020,21.2,WTMEC.COMBN,age+gender,educ_level,prevent_stroke_30yr_hba1c,566,2267044.86662802,62,gaussian (identity),College graduate or above (Intercept),-0.0319676941501594,0.00650790783022902,8.19833285712335e-06,-0.0447231934974082,-0.0192121948029105,3.6336412386502,0.0105823599880942,137,547771.771017453
racethn_combn,Other/Multi-Racial,1999-2020,21.2,WTMEC.COMBN,age+gender,educ_level,prevent_stroke_30yr_hba1c,566,2267044.86662802,62,gaussian (identity),Some college or AA degree,0.0165397739671543,0.00515541445967979,0.0022104405740751,0.0064351616261819,0.0266443863081267,3.6336412386502,0.0105823599880942,247,1003429.58703774
racethn_combn,Other/Multi-Racial,1999-2020,21.2,WTMEC.COMBN,age+gender,educ_level,prevent_stroke_30yr_hba1c,566,2267044.86662802,62,gaussian (identity),HS graduate or GED,0.00700392473403051,0.00524446687682362,0.187119541503822,-0.00327523034454378,0.0172830798126048,3.6336412386502,0.0105823599880942,108,464337.700509095
racethn_combn,Other/Multi-Racial,1999-2020,21.2,WTMEC.COMBN,age+gender,educ_level,prevent_stroke_30yr_hba1c,566,2267044.86662802,62,gaussian (identity),9-11th grade,0.00346763305549348,0.00635523181097481,0.587484254832639,-0.00898862129401714,0.0159238874050041,3.6336412386502,0.0105823599880942,55,195579.412773679
racethn_combn,Other/Multi-Racial,1999-2020,21.2,WTMEC.COMBN,age+gender,educ_level,prevent_stroke_30yr_hba1c,566,2267044.86662802,62,gaussian (identity),Less than 9th grade,0.00850031248766901,0.00804676222743048,0.295337792692251,-0.00727134147809474,0.0242719664534328,3.6336412386502,0.0105823599880942,19,55926.3952900566
racethn_combn,NHW,1999-2020,21.2,WTMEC.COMBN,age+gender,educ_level,prevent_stroke_30yr_uacr,15666,103633087.161141,162,gaussian (identity),College graduate or above (Intercept),-0.0429900574921971,0.000903023803167794,8.15472524070306e-95,-0.044759984146406,-0.0412201308379882,177.349688378653,5.9341490012061e-57,4538,35270686.8676338
racethn_combn,NHW,1999-2020,21.2,WTMEC.COMBN,age+gender,educ_level,prevent_stroke_30yr_uacr,15666,103633087.161141,162,gaussian (identity),Some college or AA degree,0.00997072626755986,0.000608897320856767,1.0482827666025e-35,0.0087772875186806,0.0111641650164391,177.349688378653,5.9341490012061e-57,4862,32218277.9064017
racethn_combn,NHW,1999-2020,21.2,WTMEC.COMBN,age+gender,educ_level,prevent_stroke_30yr_uacr,15666,103633087.161141,162,gaussian (identity),HS graduate or GED,0.0130101973558714,0.00078421025879471,2.86230229735535e-36,0.0114731452486338,0.014547249463109,177.349688378653,5.9341490012061e-57,3979,25189222.4803264
racethn_combn,NHW,1999-2020,21.2,WTMEC.COMBN,age+gender,educ_level,prevent_stroke_30yr_uacr,15666,103633087.161141,162,gaussian (identity),9-11th grade,0.0172192414908263,0.000977308042817033,6.16627699802251e-39,0.0153037177269049,0.0191347652547477,177.349688378653,5.9341490012061e-57,1680,8517269.11144411
racethn_combn,NHW,1999-2020,21.2,WTMEC.COMBN,age+gender,educ_level,prevent_stroke_30yr_uacr,15666,103633087.161141,162,gaussian (identity),Less than 9th grade,0.0171696968419255,0.00206612265382465,4.36507508797573e-14,0.0131200964404292,0.0212192972434218,177.349688378653,5.9341490012061e-57,607,2437630.79533487
racethn_combn,NHB,1999-2020,21.2,WTMEC.COMBN,age+gender,educ_level,prevent_stroke_30yr_uacr,7604,14820298.4228478,148,gaussian (identity),College graduate or above (Intercept),-0.0427807063199628,0.00217169111672264,1.89232276956253e-42,-0.0470372209087392,-0.0385241917311864,29.2002331971536,1.02561167017328e-17,1369,2846346.46289445
racethn_combn,NHB,1999-2020,21.2,WTMEC.COMBN,age+gender,educ_level,prevent_stroke_30yr_uacr,7604,14820298.4228478,148,gaussian (identity),Some college or AA degree,0.00879431716050262,0.00152914937682812,5.22729423348318e-08,0.00579718438191952,0.0117914499390857,29.2002331971536,1.02561167017328e-17,2427,4834188.15826066
racethn_combn,NHB,1999-2020,21.2,WTMEC.COMBN,age+gender,educ_level,prevent_stroke_30yr_uacr,7604,14820298.4228478,148,gaussian (identity),HS graduate or GED,0.0108811662939211,0.00152184075153938,4.20688015462226e-11,0.00789835842090389,0.0138639741669383,29.2002331971536,1.02561167017328e-17,1956,3806084.83208436
racethn_combn,NHB,1999-2020,21.2,WTMEC.COMBN,age+gender,educ_level,prevent_stroke_30yr_uacr,7604,14820298.4228478,148,gaussian (identity),9-11th grade,0.0160679360809752,0.0017184473574841,1.7235090841594e-16,0.0126997792603063,0.019436092901644,29.2002331971536,1.02561167017328e-17,1473,2752983.78008408
racethn_combn,NHB,1999-2020,21.2,WTMEC.COMBN,age+gender,educ_level,prevent_stroke_30yr_uacr,7604,14820298.4228478,148,gaussian (identity),Less than 9th grade,0.00325460487211654,0.00290536640673864,0.2645176382184,-0.00243991328509119,0.00894912302932427,29.2002331971536,1.02561167017328e-17,379,580695.189524283
racethn_combn,Mexican-American,1999-2020,21.2,WTMEC.COMBN,age+gender,educ_level,prevent_stroke_30yr_uacr,6201,10644054.003821,134,gaussian (identity),College graduate or above (Intercept),-0.0623583024609969,0.00276062736350557,1.72900303439477e-46,-0.0677691320934679,-0.056947472828526,3.90524769958774,0.00501716083574349,472,1037188.72230062
racethn_combn,Mexican-American,1999-2020,21.2,WTMEC.COMBN,age+gender,educ_level,prevent_stroke_30yr_uacr,6201,10644054.003821,134,gaussian (identity),Some college or AA degree,0.00625328596127565,0.00226641857198278,0.0066461821847064,0.00181110556018941,0.0106954663623619,3.90524769958774,0.00501716083574349,1079,2050650.97970472
racethn_combn,Mexican-American,1999-2020,21.2,WTMEC.COMBN,age+gender,educ_level,prevent_stroke_30yr_uacr,6201,10644054.003821,134,gaussian (identity),HS graduate or GED,0.00722563589324818,0.00221303359157882,0.00140433984718507,0.0028880900537537,0.0115631817327427,3.90524769958774,0.00501716083574349,1056,2137539.8981784
racethn_combn,Mexican-American,1999-2020,21.2,WTMEC.COMBN,age+gender,educ_level,prevent_stroke_30yr_uacr,6201,10644054.003821,134,gaussian (identity),9-11th grade,0.00816422254317276,0.00219510991553234,0.000297730777703696,0.00386180710872937,0.0124666379776161,3.90524769958774,0.00501716083574349,1152,2118418.00959862
racethn_combn,Mexican-American,1999-2020,21.2,WTMEC.COMBN,age+gender,educ_level,prevent_stroke_30yr_uacr,6201,10644054.003821,134,gaussian (identity),Less than 9th grade,0.00776521640966837,0.00216673818641356,0.00047989797074983,0.00351840956429779,0.0120120232550389,3.90524769958774,0.00501716083574349,2442,3300256.39403862
racethn_combn,Other Hispanic,1999-2020,21.2,WTMEC.COMBN,age+gender,educ_level,prevent_stroke_30yr_uacr,3181,7982911.61806779,130,gaussian (identity),College graduate or above (Intercept),-0.0603982631573085,0.0025951802498041,4.4614480546901e-47,-0.0654848164469245,-0.0553117098676925,12.8420161730898,8.90483717113948e-09,512,1372495.06313811
racethn_combn,Other Hispanic,1999-2020,21.2,WTMEC.COMBN,age+gender,educ_level,prevent_stroke_30yr_uacr,3181,7982911.61806779,130,gaussian (identity),Some college or AA degree,0.00615993680066845,0.00197734669142212,0.00228355768032131,0.00228433728548109,0.0100355363158558,12.8420161730898,8.90483717113948e-09,813,2184047.76933772
racethn_combn,Other Hispanic,1999-2020,21.2,WTMEC.COMBN,age+gender,educ_level,prevent_stroke_30yr_uacr,3181,7982911.61806779,130,gaussian (identity),HS graduate or GED,0.0082043625078187,0.00173243715419154,5.86185858417851e-06,0.00480878568560329,0.0115999393300341,12.8420161730898,8.90483717113948e-09,609,1714335.72680651
racethn_combn,Other Hispanic,1999-2020,21.2,WTMEC.COMBN,age+gender,educ_level,prevent_stroke_30yr_uacr,3181,7982911.61806779,130,gaussian (identity),9-11th grade,0.0143145822285032,0.00250532264801641,7.75898355191646e-08,0.00940414983839099,0.0192250146186153,12.8420161730898,8.90483717113948e-09,526,1246124.24900887
racethn_combn,Other Hispanic,1999-2020,21.2,WTMEC.COMBN,age+gender,educ_level,prevent_stroke_30yr_uacr,3181,7982911.61806779,130,gaussian (identity),Less than 9th grade,0.0124901749809134,0.00243418763923057,1.07957650813133e-06,0.00771916720802148,0.0172611827538053,12.8420161730898,8.90483717113948e-09,721,1465908.80977659
racethn_combn,Other/Multi-Racial/NHAsian,1999-2020,21.2,WTMEC.COMBN,age+gender,educ_level,prevent_stroke_30yr_uacr,763,3963377.38203123,72,gaussian (identity),College graduate or above (Intercept),-0.0668250132492633,0.00398823928935538,1.81717999892977e-25,-0.0746419622563998,-0.0590080642421267,14.3239904118206,1.8061835490319e-08,280,1536472.57271019
racethn_combn,Other/Multi-Racial/NHAsian,1999-2020,21.2,WTMEC.COMBN,age+gender,educ_level,prevent_stroke_30yr_uacr,763,3963377.38203123,72,gaussian (identity),Some college or AA degree,0.0216155671323939,0.00445380394203627,7.76666564411978e-06,0.0128861114060028,0.030345022858785,14.3239904118206,1.8061835490319e-08,175,944597.864880943
racethn_combn,Other/Multi-Racial/NHAsian,1999-2020,21.2,WTMEC.COMBN,age+gender,educ_level,prevent_stroke_30yr_uacr,763,3963377.38203123,72,gaussian (identity),HS graduate or GED,0.0107278541284806,0.00347007644593275,0.00291607070097213,0.00392650429445237,0.0175292039625088,14.3239904118206,1.8061835490319e-08,146,712202.623096698
racethn_combn,Other/Multi-Racial/NHAsian,1999-2020,21.2,WTMEC.COMBN,age+gender,educ_level,prevent_stroke_30yr_uacr,763,3963377.38203123,72,gaussian (identity),9-11th grade,0.0331829379813192,0.0069701536973818,1.09387058372071e-05,0.0195214367344509,0.0468444392281875,14.3239904118206,1.8061835490319e-08,68,359097.815188774
racethn_combn,Other/Multi-Racial/NHAsian,1999-2020,21.2,WTMEC.COMBN,age+gender,educ_level,prevent_stroke_30yr_uacr,763,3963377.38203123,72,gaussian (identity),Less than 9th grade,0.00433509644604081,0.00374948099202983,0.251773260026187,-0.00301388629833765,0.0116840791904193,14.3239904118206,1.8061835490319e-08,94,411006.506154623
racethn_combn,NHAsian,1999-2020,21.2,WTMEC.COMBN,age+gender,educ_level,prevent_stroke_30yr_uacr,2006,3581571.55437185,67,gaussian (identity),College graduate or above (Intercept),-0.0551957209909733,0.00291495325717074,3.14889493162008e-27,-0.060909029375028,-0.0494824126069187,8.43323690955434,1.75139419359418e-05,1058,1951577.37017164
racethn_combn,NHAsian,1999-2020,21.2,WTMEC.COMBN,age+gender,educ_level,prevent_stroke_30yr_uacr,2006,3581571.55437185,67,gaussian (identity),Some college or AA degree,0.00791886870102995,0.00193596563183689,0.000128257072646796,0.00412437606262964,0.0117133613394303,8.43323690955434,1.75139419359418e-05,339,603766.709147736
racethn_combn,NHAsian,1999-2020,21.2,WTMEC.COMBN,age+gender,educ_level,prevent_stroke_30yr_uacr,2006,3581571.55437185,67,gaussian (identity),HS graduate or GED,0.00815983706757187,0.00240772321500927,0.00123408001869754,0.0034406995661537,0.01287897456899,8.43323690955434,1.75139419359418e-05,277,482942.487319566
racethn_combn,NHAsian,1999-2020,21.2,WTMEC.COMBN,age+gender,educ_level,prevent_stroke_30yr_uacr,2006,3581571.55437185,67,gaussian (identity),9-11th grade,0.0134037812536401,0.00343625436775385,0.000241728509054592,0.0066687226928426,0.0201388398144377,8.43323690955434,1.75139419359418e-05,158,262173.270934868
racethn_combn,NHAsian,1999-2020,21.2,WTMEC.COMBN,age+gender,educ_level,prevent_stroke_30yr_uacr,2006,3581571.55437185,67,gaussian (identity),Less than 9th grade,0.00787218335816164,0.00276914494247085,0.00607469944430599,0.00244465927091878,0.0132997074454045,8.43323690955434,1.75139419359418e-05,174,281111.716798038
racethn_combn,Other/Multi-Racial,1999-2020,21.2,WTMEC.COMBN,age+gender,educ_level,prevent_stroke_30yr_uacr,561,2256500.2817107,62,gaussian (identity),College graduate or above (Intercept),-0.0371890585739215,0.00747981000340498,6.62303538409159e-06,-0.0518494861805952,-0.0225286309672477,3.87357347026023,0.00756787013168612,135,545065.233636321
racethn_combn,Other/Multi-Racial,1999-2020,21.2,WTMEC.COMBN,age+gender,educ_level,prevent_stroke_30yr_uacr,561,2256500.2817107,62,gaussian (identity),Some college or AA degree,0.0171342395139536,0.00593802820437338,0.00553974879065228,0.00549570423338173,0.0287727747945254,3.87357347026023,0.00756787013168612,244,995591.539501547
racethn_combn,Other/Multi-Racial,1999-2020,21.2,WTMEC.COMBN,age+gender,educ_level,prevent_stroke_30yr_uacr,561,2256500.2817107,62,gaussian (identity),HS graduate or GED,0.00870515106776546,0.00641301904525684,0.180093745448278,-0.00386436626093795,0.0212746683964689,3.87357347026023,0.00756787013168612,108,464337.700509095
racethn_combn,Other/Multi-Racial,1999-2020,21.2,WTMEC.COMBN,age+gender,educ_level,prevent_stroke_30yr_uacr,561,2256500.2817107,62,gaussian (identity),9-11th grade,0.000933691450808585,0.00669141574065013,0.889527471488334,-0.0121814834008657,0.0140488663024828,3.87357347026023,0.00756787013168612,55,195579.412773679
racethn_combn,Other/Multi-Racial,1999-2020,21.2,WTMEC.COMBN,age+gender,educ_level,prevent_stroke_30yr_uacr,561,2256500.2817107,62,gaussian (identity),Less than 9th grade,0.007704624754813,0.00848448178579628,0.36772510253243,-0.0089249595453477,0.0243342090549737,3.87357347026023,0.00756787013168612,19,55926.3952900566
racethn_combn,NHW,1999-2020,21.2,WTMEC.COMBN,age+gender,educ_level,prevent_stroke_30yr_full,15651,103534855.547241,162,gaussian (identity),College graduate or above (Intercept),-0.0379066435961965,0.000857054452071666,3.59308584015019e-90,-0.039586470322257,-0.0362268168701361,193.734821368292,2.02736256810022e-59,4534,35238905.5790074
racethn_combn,NHW,1999-2020,21.2,WTMEC.COMBN,age+gender,educ_level,prevent_stroke_30yr_full,15651,103534855.547241,162,gaussian (identity),Some college or AA degree,0.00896350432137983,0.000520944275291127,7.14358938265431e-38,0.00794245354180923,0.00998455510095044,193.734821368292,2.02736256810022e-59,4856,32186029.0199493
racethn_combn,NHW,1999-2020,21.2,WTMEC.COMBN,age+gender,educ_level,prevent_stroke_30yr_full,15651,103534855.547241,162,gaussian (identity),HS graduate or GED,0.0119730267851577,0.000680737338158955,7.39507181540754e-39,0.0106387816023662,0.0133072719679493,193.734821368292,2.02736256810022e-59,3975,25158360.8638093
racethn_combn,NHW,1999-2020,21.2,WTMEC.COMBN,age+gender,educ_level,prevent_stroke_30yr_full,15651,103534855.547241,162,gaussian (identity),9-11th grade,0.0156579708656662,0.000850477699852474,5.93016346887716e-41,0.0139910345739554,0.0173249071573771,193.734821368292,2.02736256810022e-59,1680,8517269.11144411
racethn_combn,NHW,1999-2020,21.2,WTMEC.COMBN,age+gender,educ_level,prevent_stroke_30yr_full,15651,103534855.547241,162,gaussian (identity),Less than 9th grade,0.0140259541197076,0.00171517078284827,9.44376200877988e-14,0.010664219385325,0.0173876888540902,193.734821368292,2.02736256810022e-59,606,2434290.97303062
racethn_combn,NHB,1999-2020,21.2,WTMEC.COMBN,age+gender,educ_level,prevent_stroke_30yr_full,7581,14775977.4075239,148,gaussian (identity),College graduate or above (Intercept),-0.0372763629777902,0.00201889837740383,1.43697627250141e-39,-0.0412334037975017,-0.0333193221580787,29.4574021141649,7.77474946894088e-18,1364,2836301.78391662
racethn_combn,NHB,1999-2020,21.2,WTMEC.COMBN,age+gender,educ_level,prevent_stroke_30yr_full,7581,14775977.4075239,148,gaussian (identity),Some college or AA degree,0.00804079242840512,0.00136117537744863,2.45791523586986e-08,0.00537288868860581,0.0107086961682044,29.4574021141649,7.77474946894088e-18,2418,4817118.91992023
racethn_combn,NHB,1999-2020,21.2,WTMEC.COMBN,age+gender,educ_level,prevent_stroke_30yr_full,7581,14775977.4075239,148,gaussian (identity),HS graduate or GED,0.00992120293124573,0.00138656591962694,4.09066601550036e-11,0.00720353372877692,0.0126388721337145,29.4574021141649,7.77474946894088e-18,1951,3794840.81095449
racethn_combn,NHB,1999-2020,21.2,WTMEC.COMBN,age+gender,educ_level,prevent_stroke_30yr_full,7581,14775977.4075239,148,gaussian (identity),9-11th grade,0.0142395290456876,0.00151828032708552,1.45906612841887e-16,0.0112636996046,0.0172153584867752,29.4574021141649,7.77474946894088e-18,1470,2747959.472842
racethn_combn,NHB,1999-2020,21.2,WTMEC.COMBN,age+gender,educ_level,prevent_stroke_30yr_full,7581,14775977.4075239,148,gaussian (identity),Less than 9th grade,0.00151133182194012,0.00257799810924499,0.558643345205611,-0.00354154447218005,0.0065642081160603,29.4574021141649,7.77474946894088e-18,378,579756.419890604
racethn_combn,Mexican-American,1999-2020,21.2,WTMEC.COMBN,age+gender,educ_level,prevent_stroke_30yr_full,6196,10633473.9889415,134,gaussian (identity),College graduate or above (Intercept),-0.0557248824895433,0.00245218659575154,9.33192535028449e-47,-0.0605311682172163,-0.0509185967618703,4.61161918174145,0.00164129085063173,472,1037188.72230062
racethn_combn,Mexican-American,1999-2020,21.2,WTMEC.COMBN,age+gender,educ_level,prevent_stroke_30yr_full,6196,10633473.9889415,134,gaussian (identity),Some college or AA degree,0.00579026109175511,0.00198483805505047,0.00417196778087928,0.00189997850385618,0.00968054367965404,4.61161918174145,0.00164129085063173,1077,2044957.56215585
racethn_combn,Mexican-American,1999-2020,21.2,WTMEC.COMBN,age+gender,educ_level,prevent_stroke_30yr_full,6196,10633473.9889415,134,gaussian (identity),HS graduate or GED,0.00691048570128841,0.00193147542669549,0.000490013869354353,0.00312479386496525,0.0106961775376116,4.61161918174145,0.00164129085063173,1055,2133808.38454557
racethn_combn,Mexican-American,1999-2020,21.2,WTMEC.COMBN,age+gender,educ_level,prevent_stroke_30yr_full,6196,10633473.9889415,134,gaussian (identity),9-11th grade,0.00738832314328316,0.00185429353940015,0.000112884570845252,0.00375390780605887,0.0110227384805074,4.61161918174145,0.00164129085063173,1151,2118064.73721391
racethn_combn,Mexican-American,1999-2020,21.2,WTMEC.COMBN,age+gender,educ_level,prevent_stroke_30yr_full,6196,10633473.9889415,134,gaussian (identity),Less than 9th grade,0.00723146126637629,0.00182816796492566,0.000125731784553048,0.00364825205512199,0.0108146704776306,4.61161918174145,0.00164129085063173,2441,3299454.58272551
racethn_combn,Other Hispanic,1999-2020,21.2,WTMEC.COMBN,age+gender,educ_level,prevent_stroke_30yr_full,3175,7963777.20174996,130,gaussian (identity),College graduate or above (Intercept),-0.0548417238314118,0.00248026036740496,7.51933294299415e-45,-0.0597030341515255,-0.0499804135112981,13.883008804469,2.18882955964928e-09,512,1372495.06313811
racethn_combn,Other Hispanic,1999-2020,21.2,WTMEC.COMBN,age+gender,educ_level,prevent_stroke_30yr_full,3175,7963777.20174996,130,gaussian (identity),Some college or AA degree,0.00574879327670972,0.00176033753611251,0.00141189066036832,0.00229853170592919,0.00919905484749024,13.883008804469,2.18882955964928e-09,809,2168728.43232517
racethn_combn,Other Hispanic,1999-2020,21.2,WTMEC.COMBN,age+gender,educ_level,prevent_stroke_30yr_full,3175,7963777.20174996,130,gaussian (identity),HS graduate or GED,0.00778931231864482,0.00158562104467349,2.77983418242309e-06,0.00468149507108477,0.0108971295662049,13.883008804469,2.18882955964928e-09,608,1711352.40212509
racethn_combn,Other Hispanic,1999-2020,21.2,WTMEC.COMBN,age+gender,educ_level,prevent_stroke_30yr_full,3175,7963777.20174996,130,gaussian (identity),9-11th grade,0.0127241880108929,0.00225112656277184,1.03112085013018e-07,0.00831197994786005,0.0171363960739256,13.883008804469,2.18882955964928e-09,526,1246124.24900887
racethn_combn,Other Hispanic,1999-2020,21.2,WTMEC.COMBN,age+gender,educ_level,prevent_stroke_30yr_full,3175,7963777.20174996,130,gaussian (identity),Less than 9th grade,0.0113586180184691,0.00204650650610191,1.64984122598735e-07,0.00734746526650934,0.0153697707704288,13.883008804469,2.18882955964928e-09,720,1465077.05515272
racethn_combn,Other/Multi-Racial/NHAsian,1999-2020,21.2,WTMEC.COMBN,age+gender,educ_level,prevent_stroke_30yr_full,760,3948490.98230453,72,gaussian (identity),College graduate or above (Intercept),-0.0612246460074726,0.00360570476134501,8.88780040731687e-26,-0.0682918273397088,-0.0541574646752364,16.5002530037866,2.03676748551352e-09,279,1529772.8717384
racethn_combn,Other/Multi-Racial/NHAsian,1999-2020,21.2,WTMEC.COMBN,age+gender,educ_level,prevent_stroke_30yr_full,760,3948490.98230453,72,gaussian (identity),Some college or AA degree,0.0190669625044582,0.00368851881563907,2.36654524034014e-06,0.0118374656258056,0.0262964593831108,16.5002530037866,2.03676748551352e-09,175,944597.864880943
racethn_combn,Other/Multi-Racial/NHAsian,1999-2020,21.2,WTMEC.COMBN,age+gender,educ_level,prevent_stroke_30yr_full,760,3948490.98230453,72,gaussian (identity),HS graduate or GED,0.0100804929419166,0.00302418130967023,0.00141019547687225,0.00415309757496296,0.0160078883088702,16.5002530037866,2.03676748551352e-09,145,709707.839104811
racethn_combn,Other/Multi-Racial/NHAsian,1999-2020,21.2,WTMEC.COMBN,age+gender,educ_level,prevent_stroke_30yr_full,760,3948490.98230453,72,gaussian (identity),9-11th grade,0.0271042396184956,0.00571802739327891,1.17997442612482e-05,0.0158969059276689,0.0383115733093223,16.5002530037866,2.03676748551352e-09,68,359097.815188774
racethn_combn,Other/Multi-Racial/NHAsian,1999-2020,21.2,WTMEC.COMBN,age+gender,educ_level,prevent_stroke_30yr_full,760,3948490.98230453,72,gaussian (identity),Less than 9th grade,0.00486758486403713,0.0034229244954191,0.159719240436515,-0.00184134714698432,0.0115765168750586,16.5002530037866,2.03676748551352e-09,93,405314.591391604
racethn_combn,NHAsian,1999-2020,21.2,WTMEC.COMBN,age+gender,educ_level,prevent_stroke_30yr_full,2005,3580392.56447817,67,gaussian (identity),College graduate or above (Intercept),-0.0485018680332849,0.00260296345253164,7.28357130594184e-27,-0.053603676400247,-0.0434000596663229,8.26029857024501,2.16341839929436e-05,1058,1951577.37017164
racethn_combn,NHAsian,1999-2020,21.2,WTMEC.COMBN,age+gender,educ_level,prevent_stroke_30yr_full,2005,3580392.56447817,67,gaussian (identity),Some college or AA degree,0.00720950051979253,0.00166286247161763,5.53665871695637e-05,0.00395029007542197,0.0104687109641631,8.26029857024501,2.16341839929436e-05,339,603766.709147736
racethn_combn,NHAsian,1999-2020,21.2,WTMEC.COMBN,age+gender,educ_level,prevent_stroke_30yr_full,2005,3580392.56447817,67,gaussian (identity),HS graduate or GED,0.00727270707495645,0.00219543681694107,0.00155713617979502,0.00296965091375195,0.011575763236161,8.26029857024501,2.16341839929436e-05,277,482942.487319566
racethn_combn,NHAsian,1999-2020,21.2,WTMEC.COMBN,age+gender,educ_level,prevent_stroke_30yr_full,2005,3580392.56447817,67,gaussian (identity),9-11th grade,0.0129187053283778,0.0031529353674541,0.00012527419284654,0.00673895200816781,0.0190984586485879,8.26029857024501,2.16341839929436e-05,158,262173.270934868
racethn_combn,NHAsian,1999-2020,21.2,WTMEC.COMBN,age+gender,educ_level,prevent_stroke_30yr_full,2005,3580392.56447817,67,gaussian (identity),Less than 9th grade,0.00835030684901464,0.00249508648868171,0.00140431242900809,0.00345993733119849,0.0132406763668308,8.26029857024501,2.16341839929436e-05,173,279932.726904359
racethn_combn,Other/Multi-Racial,1999-2020,21.2,WTMEC.COMBN,age+gender,educ_level,prevent_stroke_30yr_full,561,2256500.2817107,62,gaussian (identity),College graduate or above (Intercept),-0.0346721891377097,0.00678652305218133,4.04880192836726e-06,-0.0479737743199851,-0.0213706039554343,4.08094335990724,0.00567399288904181,135,545065.233636321
racethn_combn,Other/Multi-Racial,1999-2020,21.2,WTMEC.COMBN,age+gender,educ_level,prevent_stroke_30yr_full,561,2256500.2817107,62,gaussian (identity),Some college or AA degree,0.0160489749317211,0.00528906882864443,0.00365129191919559,0.005682400027578,0.0264155498358642,4.08094335990724,0.00567399288904181,244,995591.539501547
racethn_combn,Other/Multi-Racial,1999-2020,21.2,WTMEC.COMBN,age+gender,educ_level,prevent_stroke_30yr_full,561,2256500.2817107,62,gaussian (identity),HS graduate or GED,0.00661542051373784,0.00569971082377403,0.250704637380866,-0.00455601270085927,0.017786853728335,4.08094335990724,0.00567399288904181,108,464337.700509095
racethn_combn,Other/Multi-Racial,1999-2020,21.2,WTMEC.COMBN,age+gender,educ_level,prevent_stroke_30yr_full,561,2256500.2817107,62,gaussian (identity),9-11th grade,0.00142094793038026,0.00617766107785197,0.818919109390106,-0.0106872677822096,0.0135291636429701,4.08094335990724,0.00567399288904181,55,195579.412773679
racethn_combn,Other/Multi-Racial,1999-2020,21.2,WTMEC.COMBN,age+gender,educ_level,prevent_stroke_30yr_full,561,2256500.2817107,62,gaussian (identity),Less than 9th grade,0.00619526725310193,0.00775826529705902,0.427932194864847,-0.00901093272913374,0.0214014672353376,4.08094335990724,0.00567399288904181,19,55926.3952900566
