strata_var,strata_level,cycle_yrs,n_yrs.,survweight.,model_covars,exposure,outcome,n_total_raw,n_total_weighted,model_df,model_type,exp_level,beta,se,pval,low95CI,up95CI,fstat,f_pval,n_exp_raw,n_exp_weighted
racethn_combn,NHW,1999-2020,21.2,WTMEC.COMBN,age+gender,educ_level,bmi,24544,149256299.113999,162,gaussian (identity),College graduate or above (Intercept),25.9380057570776,0.217668224480245,4.19313418349422e-155,25.5113760370963,26.3646354770589,32.4826379122096,1.08898872994138e-19,6380,46625073.2156661
racethn_combn,NHW,1999-2020,21.2,WTMEC.COMBN,age+gender,educ_level,bmi,24544,149256299.113999,162,gaussian (identity),Some college or AA degree,1.43017402941284,0.137714530634045,1.55950457845101e-19,1.16025354937011,1.70009450945557,32.4826379122096,1.08898872994138e-19,7690,47426160.6488644
racethn_combn,NHW,1999-2020,21.2,WTMEC.COMBN,age+gender,educ_level,bmi,24544,149256299.113999,162,gaussian (identity),HS graduate or GED,1.27828769808532,0.139605419431876,2.86904436515868e-16,1.00466107599884,1.5519143201718,32.4826379122096,1.08898872994138e-19,6454,37748881.5235663
racethn_combn,NHW,1999-2020,21.2,WTMEC.COMBN,age+gender,educ_level,bmi,24544,149256299.113999,162,gaussian (identity),9-11th grade,0.817033249990691,0.189413501185246,2.84015461475749e-05,0.445782787667609,1.18828371231377,32.4826379122096,1.08898872994138e-19,2918,13546836.3696751
racethn_combn,NHW,1999-2020,21.2,WTMEC.COMBN,age+gender,educ_level,bmi,24544,149256299.113999,162,gaussian (identity),Less than 9th grade,0.317233883656025,0.27856993227949,0.256534659801146,-0.228763183611776,0.863230950923825,32.4826379122096,1.08898872994138e-19,1102,3909347.35622745
racethn_combn,Other/Multi-Racial/NHAsian,1999-2020,21.2,WTMEC.COMBN,age+gender,educ_level,bmi,1377,6600823.10563603,84,gaussian (identity),College graduate or above (Intercept),23.5405278990982,0.579258216129996,2.99710856264329e-54,22.4051817954834,24.675874002713,8.4991632635792,9.57648616988414e-06,413,2259921.83130359
racethn_combn,Other/Multi-Racial/NHAsian,1999-2020,21.2,WTMEC.COMBN,age+gender,educ_level,bmi,1377,6600823.10563603,84,gaussian (identity),Some college or AA degree,1.61779901201439,0.452112761685372,0.000598373033743292,0.731657999111059,2.50394002491772,8.4991632635792,9.57648616988414e-06,366,1789453.31951563
racethn_combn,Other/Multi-Racial/NHAsian,1999-2020,21.2,WTMEC.COMBN,age+gender,educ_level,bmi,1377,6600823.10563603,84,gaussian (identity),HS graduate or GED,2.46726976356137,0.734225678305603,0.00120720061850538,1.02818743408239,3.90635209304036,8.4991632635792,9.57648616988414e-06,282,1260351.81993588
racethn_combn,Other/Multi-Racial/NHAsian,1999-2020,21.2,WTMEC.COMBN,age+gender,educ_level,bmi,1377,6600823.10563603,84,gaussian (identity),9-11th grade,2.05795822416744,0.577770169966343,0.000631436360357799,0.925528691033406,3.19038775730147,8.4991632635792,9.57648616988414e-06,173,736663.810702358
racethn_combn,Other/Multi-Racial/NHAsian,1999-2020,21.2,WTMEC.COMBN,age+gender,educ_level,bmi,1377,6600823.10563603,84,gaussian (identity),Less than 9th grade,-0.466327703763964,0.545881847512836,0.395574343387613,-1.53625612488912,0.603600717361195,8.4991632635792,9.57648616988414e-06,143,554432.324178585
racethn_combn,NHB,1999-2020,21.2,WTMEC.COMBN,age+gender,educ_level,bmi,12872,25100504.9879551,154,gaussian (identity),College graduate or above (Intercept),30.197061875828,0.325247743061782,4.41489406014379e-133,29.5595762994269,30.8345474522291,7.86691646359629,8.90720329939128e-06,1911,4106635.1354086
racethn_combn,NHB,1999-2020,21.2,WTMEC.COMBN,age+gender,educ_level,bmi,12872,25100504.9879551,154,gaussian (identity),Some college or AA degree,0.35014830912176,0.228616843308994,0.127757257471647,-0.0979407037638683,0.798237322007388,7.86691646359629,8.90720329939128e-06,4121,8349687.1872312
racethn_combn,NHB,1999-2020,21.2,WTMEC.COMBN,age+gender,educ_level,bmi,12872,25100504.9879551,154,gaussian (identity),HS graduate or GED,-0.0410908877121159,0.226478608720478,0.856275287449488,-0.484988960804252,0.402807185380021,7.86691646359629,8.90720329939128e-06,3379,6693466.90010969
racethn_combn,NHB,1999-2020,21.2,WTMEC.COMBN,age+gender,educ_level,bmi,12872,25100504.9879551,154,gaussian (identity),9-11th grade,-0.543220731772841,0.271382704405032,0.0471470254360049,-1.0751308324067,-0.0113106311389781,7.86691646359629,8.90720329939128e-06,2809,4959306.40786192
racethn_combn,NHB,1999-2020,21.2,WTMEC.COMBN,age+gender,educ_level,bmi,12872,25100504.9879551,154,gaussian (identity),Less than 9th grade,-1.47971315683434,0.367305822549195,8.9410724726233e-05,-2.19963256903076,-0.759793744637913,7.86691646359629,8.90720329939128e-06,652,991409.357343669
racethn_combn,Mexican-American,1999-2020,21.2,WTMEC.COMBN,age+gender,educ_level,bmi,10353,18296554.7353723,145,gaussian (identity),College graduate or above (Intercept),27.2468245891529,0.329622741465832,4.58251564358533e-120,26.6007640158799,27.892885162426,11.0646116364344,8.06548155620506e-08,638,1495477.03720142
racethn_combn,Mexican-American,1999-2020,21.2,WTMEC.COMBN,age+gender,educ_level,bmi,10353,18296554.7353723,145,gaussian (identity),Some college or AA degree,0.997820902207216,0.269595121852877,0.000308428460859034,0.469414463375576,1.52622734103885,11.0646116364344,8.06548155620506e-08,1921,3908959.42296938
racethn_combn,Mexican-American,1999-2020,21.2,WTMEC.COMBN,age+gender,educ_level,bmi,10353,18296554.7353723,145,gaussian (identity),HS graduate or GED,0.901870695266954,0.246842419516731,0.000365481460267569,0.41805955301416,1.38568183751975,11.0646116364344,8.06548155620506e-08,2099,4223564.51396251
racethn_combn,Mexican-American,1999-2020,21.2,WTMEC.COMBN,age+gender,educ_level,bmi,10353,18296554.7353723,145,gaussian (identity),9-11th grade,0.610979740570565,0.263922216942228,0.0220774974146978,0.093692195363799,1.12826728577733,11.0646116364344,8.06548155620506e-08,2321,3951730.43009768
racethn_combn,Mexican-American,1999-2020,21.2,WTMEC.COMBN,age+gender,educ_level,bmi,10353,18296554.7353723,145,gaussian (identity),Less than 9th grade,-0.0342905108096656,0.230122974028504,0.881762102331595,-0.485331539905533,0.416750518286202,11.0646116364344,8.06548155620506e-08,3374,4716823.33114128
racethn_combn,Other Hispanic,1999-2020,21.2,WTMEC.COMBN,age+gender,educ_level,bmi,4835,12867078.4291968,140,gaussian (identity),College graduate or above (Intercept),26.410146838323,0.417823328700753,1.24878850649673e-101,25.5912131140695,27.2290805625765,4.65054167788057,0.00151249956576089,704,2095273.45051966
racethn_combn,Other Hispanic,1999-2020,21.2,WTMEC.COMBN,age+gender,educ_level,bmi,4835,12867078.4291968,140,gaussian (identity),Some college or AA degree,1.29640921239648,0.345873107954746,0.000263842798934242,0.618497920805174,1.97432050398778,4.65054167788057,0.00151249956576089,1287,3708395.75080647
racethn_combn,Other Hispanic,1999-2020,21.2,WTMEC.COMBN,age+gender,educ_level,bmi,4835,12867078.4291968,140,gaussian (identity),HS graduate or GED,1.36030615215946,0.425392650174862,0.00172826998044969,0.526536557816732,2.19407574650219,4.65054167788057,0.00151249956576089,985,2841236.38198109
racethn_combn,Other Hispanic,1999-2020,21.2,WTMEC.COMBN,age+gender,educ_level,bmi,4835,12867078.4291968,140,gaussian (identity),9-11th grade,0.864208960022649,0.392484789257253,0.0293837033200985,0.0949387730784337,1.63347914696686,4.65054167788057,0.00151249956576089,885,2157202.6303977
racethn_combn,Other Hispanic,1999-2020,21.2,WTMEC.COMBN,age+gender,educ_level,bmi,4835,12867078.4291968,140,gaussian (identity),Less than 9th grade,0.599672496537884,0.345263590679791,0.084710909575672,-0.0770441411945066,1.27638913427028,4.65054167788057,0.00151249956576089,974,2064970.21549189
racethn_combn,NHAsian,1999-2020,21.2,WTMEC.COMBN,age+gender,educ_level,bmi,3144,5745691.38230294,71,gaussian (identity),College graduate or above (Intercept),24.2407939210054,0.321348184191606,5.16965582186195e-65,23.6109514799899,24.870636362021,0.877938496910208,0.482123766431513,1579,3029492.70450442
racethn_combn,NHAsian,1999-2020,21.2,WTMEC.COMBN,age+gender,educ_level,bmi,3144,5745691.38230294,71,gaussian (identity),Some college or AA degree,0.558365783928616,0.355037230786686,0.120644493045066,-0.137507188413288,1.25423875627052,0.877938496910208,0.482123766431513,613,1128232.62433881
racethn_combn,NHAsian,1999-2020,21.2,WTMEC.COMBN,age+gender,educ_level,bmi,3144,5745691.38230294,71,gaussian (identity),HS graduate or GED,0.287310279652171,0.260965041679953,0.274977443704744,-0.224181202040536,0.798801761344878,0.877938496910208,0.482123766431513,464,812493.130654963
racethn_combn,NHAsian,1999-2020,21.2,WTMEC.COMBN,age+gender,educ_level,bmi,3144,5745691.38230294,71,gaussian (identity),9-11th grade,-0.325277823481308,0.326491130289567,0.322806774427384,-0.965200438848859,0.314644791886243,0.877938496910208,0.482123766431513,233,366377.590943245
racethn_combn,NHAsian,1999-2020,21.2,WTMEC.COMBN,age+gender,educ_level,bmi,3144,5745691.38230294,71,gaussian (identity),Less than 9th grade,0.280883187444061,0.331829345952631,0.400396938342327,-0.369502330623095,0.931268705511218,0.877938496910208,0.482123766431513,255,409095.33186151
racethn_combn,Other/Multi-Racial,1999-2020,21.2,WTMEC.COMBN,age+gender,educ_level,bmi,954,3440411.502838,72,gaussian (identity),College graduate or above (Intercept),27.4680348302324,1.14627393615778,2.81515073893048e-34,25.2213379153631,29.7147317451016,4.71053988253081,0.00209578034239104,204,754399.64701266
racethn_combn,Other/Multi-Racial,1999-2020,21.2,WTMEC.COMBN,age+gender,educ_level,bmi,954,3440411.502838,72,gaussian (identity),Some college or AA degree,3.15319688669259,0.853186249984725,0.000447582121366025,1.48095183672253,4.82544193666265,4.71053988253081,0.00209578034239104,413,1498102.25052647
racethn_combn,Other/Multi-Racial,1999-2020,21.2,WTMEC.COMBN,age+gender,educ_level,bmi,954,3440411.502838,72,gaussian (identity),HS graduate or GED,1.88353406958705,0.855848322844361,0.0312551590387256,0.206071356812103,3.560996782362,4.71053988253081,0.00209578034239104,209,785083.841014246
racethn_combn,Other/Multi-Racial,1999-2020,21.2,WTMEC.COMBN,age+gender,educ_level,bmi,954,3440411.502838,72,gaussian (identity),9-11th grade,1.06457777677544,1.16901419495432,0.365787064341573,-1.22669004533502,3.35584559888589,4.71053988253081,0.00209578034239104,96,309546.124242585
racethn_combn,Other/Multi-Racial,1999-2020,21.2,WTMEC.COMBN,age+gender,educ_level,bmi,954,3440411.502838,72,gaussian (identity),Less than 9th grade,-0.687661677796546,1.15498270352356,0.553620943673422,-2.95142777670272,1.57610442110963,4.71053988253081,0.00209578034239104,32,93279.6400420377
racethn_combn,NHW,1999-2020,21.2,WTMEC.COMBN,age+gender,educ_level,waist,23732,145029121.223962,162,gaussian (identity),College graduate or above (Intercept),82.5564126124367,0.550511182438035,1.52091094035424e-170,81.4774106948582,83.6354145300153,31.3116077248344,3.87284746326534e-19,6212,45541312.6213766
racethn_combn,NHW,1999-2020,21.2,WTMEC.COMBN,age+gender,educ_level,waist,23732,145029121.223962,162,gaussian (identity),Some college or AA degree,3.50212281982737,0.348057871818621,1.14845528289972e-18,2.81992939106287,4.18431624859187,31.3116077248344,3.87284746326534e-19,7456,46192416.4680543
racethn_combn,NHW,1999-2020,21.2,WTMEC.COMBN,age+gender,educ_level,waist,23732,145029121.223962,162,gaussian (identity),HS graduate or GED,3.1431689454128,0.353654229365523,1.43835949877141e-15,2.45000665585637,3.83633123496923,31.3116077248344,3.87284746326534e-19,6232,36572774.5715236
racethn_combn,NHW,1999-2020,21.2,WTMEC.COMBN,age+gender,educ_level,waist,23732,145029121.223962,162,gaussian (identity),9-11th grade,2.54342745172719,0.472436006725515,2.63496464291695e-07,1.61745287854518,3.4694020249092,31.3116077248344,3.87284746326534e-19,2809,13058540.586567
racethn_combn,NHW,1999-2020,21.2,WTMEC.COMBN,age+gender,educ_level,waist,23732,145029121.223962,162,gaussian (identity),Less than 9th grade,1.09123306003406,0.717631780922672,0.130383769971056,-0.315325230574374,2.4977913506425,31.3116077248344,3.87284746326534e-19,1023,3664076.97644017
racethn_combn,Other/Multi-Racial/NHAsian,1999-2020,21.2,WTMEC.COMBN,age+gender,educ_level,waist,1330,6367013.2907699,83,gaussian (identity),College graduate or above (Intercept),77.2503004614598,1.51862350078854,5.08671342467521e-61,74.2737983999143,80.2268025230053,6.94383411720613,7.93185035436482e-05,396,2156036.28328698
racethn_combn,Other/Multi-Racial/NHAsian,1999-2020,21.2,WTMEC.COMBN,age+gender,educ_level,waist,1330,6367013.2907699,83,gaussian (identity),Some college or AA degree,3.06451629564503,1.03283478858561,0.0040034545134647,1.04016011001722,5.08887248127283,6.94383411720613,7.93185035436482e-05,359,1751225.96383827
racethn_combn,Other/Multi-Racial/NHAsian,1999-2020,21.2,WTMEC.COMBN,age+gender,educ_level,waist,1330,6367013.2907699,83,gaussian (identity),HS graduate or GED,5.40020643099367,1.73283816502929,0.00257306354310332,2.00384362753627,8.79656923445107,6.94383411720613,7.93185035436482e-05,274,1220607.55733097
racethn_combn,Other/Multi-Racial/NHAsian,1999-2020,21.2,WTMEC.COMBN,age+gender,educ_level,waist,1330,6367013.2907699,83,gaussian (identity),9-11th grade,5.51681636215801,1.62138224568484,0.00106190559226959,2.33890716061572,8.69472556370029,6.94383411720613,7.93185035436482e-05,169,723455.173378962
racethn_combn,Other/Multi-Racial/NHAsian,1999-2020,21.2,WTMEC.COMBN,age+gender,educ_level,waist,1330,6367013.2907699,83,gaussian (identity),Less than 9th grade,-1.22896807464138,1.53998307452348,0.427301664867699,-4.2473349007074,1.78939875142465,6.94383411720613,7.93185035436482e-05,132,515688.312934717
racethn_combn,NHB,1999-2020,21.2,WTMEC.COMBN,age+gender,educ_level,waist,12286,23936145.1257124,154,gaussian (identity),College graduate or above (Intercept),89.2945360756825,0.723898509814081,4.13661268175589e-151,87.8756949964469,90.7133771549181,8.43054126087197,3.72776884764015e-06,1834,3957726.60907475
racethn_combn,NHB,1999-2020,21.2,WTMEC.COMBN,age+gender,educ_level,waist,12286,23936145.1257124,154,gaussian (identity),Some college or AA degree,1.05721602097931,0.533473115206219,0.049358295041403,0.0116087151751181,2.1028233267835,8.43054126087197,3.72776884764015e-06,3952,8000891.97183596
racethn_combn,NHB,1999-2020,21.2,WTMEC.COMBN,age+gender,educ_level,waist,12286,23936145.1257124,154,gaussian (identity),HS graduate or GED,0.222375830516601,0.52933537792336,0.675018861844061,-0.815121510213184,1.25987317124639,8.43054126087197,3.72776884764015e-06,3234,6400769.60475124
racethn_combn,NHB,1999-2020,21.2,WTMEC.COMBN,age+gender,educ_level,waist,12286,23936145.1257124,154,gaussian (identity),9-11th grade,-1.21249465458022,0.60003877506235,0.0451149153988598,-2.38857065370242,-0.0364186554580128,8.43054126087197,3.72776884764015e-06,2675,4681878.25975171
racethn_combn,NHB,1999-2020,21.2,WTMEC.COMBN,age+gender,educ_level,waist,12286,23936145.1257124,154,gaussian (identity),Less than 9th grade,-3.08723113966876,0.854145564520277,0.000411931692429871,-4.7613564461285,-1.41310583320901,8.43054126087197,3.72776884764015e-06,591,894878.680298706
racethn_combn,Mexican-American,1999-2020,21.2,WTMEC.COMBN,age+gender,educ_level,waist,10074,17770804.3692664,145,gaussian (identity),College graduate or above (Intercept),86.4143758465661,0.870559764206389,6.25030584255853e-131,84.7080787087216,88.1206729844106,12.2012130835504,1.57416525366789e-08,632,1485394.844395
racethn_combn,Mexican-American,1999-2020,21.2,WTMEC.COMBN,age+gender,educ_level,waist,10074,17770804.3692664,145,gaussian (identity),Some college or AA degree,2.2690035844011,0.713402939277608,0.00181304431485372,0.870733823416987,3.66727334538521,12.2012130835504,1.57416525366789e-08,1885,3828851.08141851
racethn_combn,Mexican-American,1999-2020,21.2,WTMEC.COMBN,age+gender,educ_level,waist,10074,17770804.3692664,145,gaussian (identity),HS graduate or GED,2.07895254488552,0.645330870841382,0.00158821648977291,0.814104038036408,3.34380105173463,12.2012130835504,1.57416525366789e-08,2045,4101699.22922496
racethn_combn,Mexican-American,1999-2020,21.2,WTMEC.COMBN,age+gender,educ_level,waist,10074,17770804.3692664,145,gaussian (identity),9-11th grade,1.30582631058521,0.662469076510681,0.0506928209618345,0.00738692062428026,2.60426570054615,12.2012130835504,1.57416525366789e-08,2261,3846648.88541679
racethn_combn,Mexican-American,1999-2020,21.2,WTMEC.COMBN,age+gender,educ_level,waist,10074,17770804.3692664,145,gaussian (identity),Less than 9th grade,-0.555839608862168,0.584901359705333,0.343602449866719,-1.70224627388462,0.590567056160285,12.2012130835504,1.57416525366789e-08,3251,4508210.32881113
racethn_combn,Other Hispanic,1999-2020,21.2,WTMEC.COMBN,age+gender,educ_level,waist,4671,12531231.1383534,139,gaussian (identity),College graduate or above (Intercept),82.632148557531,1.05599666806322,4.2230534211459e-113,80.5623950881271,84.701902026935,4.46751007163819,0.00202901673105301,690,2054807.10685272
racethn_combn,Other Hispanic,1999-2020,21.2,WTMEC.COMBN,age+gender,educ_level,waist,4671,12531231.1383534,139,gaussian (identity),Some college or AA degree,2.92826944917084,0.880351299398954,0.00113813553253355,1.20278090234889,4.65375799599278,4.46751007163819,0.00202901673105301,1244,3599392.30179232
racethn_combn,Other Hispanic,1999-2020,21.2,WTMEC.COMBN,age+gender,educ_level,waist,4671,12531231.1383534,139,gaussian (identity),HS graduate or GED,3.02033286080715,1.00171651613404,0.00307720569777482,1.05696848918444,4.98369723242987,4.46751007163819,0.00202901673105301,947,2754657.48217281
racethn_combn,Other Hispanic,1999-2020,21.2,WTMEC.COMBN,age+gender,educ_level,waist,4671,12531231.1383534,139,gaussian (identity),9-11th grade,2.11014258415551,0.989916440290478,0.0348754525969861,0.169906361186173,4.05037880712485,4.46751007163819,0.00202901673105301,855,2118118.35536049
racethn_combn,Other Hispanic,1999-2020,21.2,WTMEC.COMBN,age+gender,educ_level,waist,4671,12531231.1383534,139,gaussian (identity),Less than 9th grade,0.938876811728269,0.847372926462004,0.269867827192227,-0.721974124137258,2.5997277475938,4.46751007163819,0.00202901673105301,935,2004255.89217508
racethn_combn,NHAsian,1999-2020,21.2,WTMEC.COMBN,age+gender,educ_level,waist,2972,5430917.05940959,71,gaussian (identity),College graduate or above (Intercept),79.0768387750475,0.806855659410563,2.44483626372962e-72,77.4954016826028,80.6582758674922,0.687931994163559,0.602915919356068,1507,2889886.04564483
racethn_combn,NHAsian,1999-2020,21.2,WTMEC.COMBN,age+gender,educ_level,waist,2972,5430917.05940959,71,gaussian (identity),Some college or AA degree,0.647760539867107,0.828428325971552,0.437103585245683,-0.975958979037135,2.27148005877135,0.687931994163559,0.602915919356068,571,1048154.79103068
racethn_combn,NHAsian,1999-2020,21.2,WTMEC.COMBN,age+gender,educ_level,waist,2972,5430917.05940959,71,gaussian (identity),HS graduate or GED,0.132875736761285,0.638849072792765,0.835885251857817,-1.11926844591253,1.38501991943511,0.687931994163559,0.602915919356068,447,785608.410869151
racethn_combn,NHAsian,1999-2020,21.2,WTMEC.COMBN,age+gender,educ_level,waist,2972,5430917.05940959,71,gaussian (identity),9-11th grade,-1.24152869405936,0.861487762902065,0.154344053615979,-2.93004470934741,0.446987321228686,0.687931994163559,0.602915919356068,218,340044.390145566
racethn_combn,NHAsian,1999-2020,21.2,WTMEC.COMBN,age+gender,educ_level,waist,2972,5430917.05940959,71,gaussian (identity),Less than 9th grade,0.431691295547364,0.931987508702963,0.644772287049893,-1.39500422151044,2.25838681260517,0.687931994163559,0.602915919356068,229,367223.421719359
racethn_combn,Other/Multi-Racial,1999-2020,21.2,WTMEC.COMBN,age+gender,educ_level,waist,911,3302848.58156625,71,gaussian (identity),College graduate or above (Intercept),82.7956689807874,2.39245333101953,1.35823812762066e-43,78.1064604519892,87.4848775095857,6.52030407819518,0.000178383624085712,199,730021.601844359
racethn_combn,Other/Multi-Racial,1999-2020,21.2,WTMEC.COMBN,age+gender,educ_level,waist,911,3302848.58156625,71,gaussian (identity),Some college or AA degree,8.41898887506164,1.82315414076675,1.88308612700642e-05,4.84560675915881,11.9923709909645,6.52030407819518,0.000178383624085712,392,1435771.82578981
racethn_combn,Other/Multi-Racial,1999-2020,21.2,WTMEC.COMBN,age+gender,educ_level,waist,911,3302848.58156625,71,gaussian (identity),HS graduate or GED,7.21125628806427,2.1326880499849,0.00122495407475186,3.03118771009386,11.3913248660347,6.52030407819518,0.000178383624085712,200,761763.879195868
racethn_combn,Other/Multi-Racial,1999-2020,21.2,WTMEC.COMBN,age+gender,educ_level,waist,911,3302848.58156625,71,gaussian (identity),9-11th grade,1.91061333362961,2.56503543375822,0.459036187019547,-3.11685611653649,6.93808278379572,6.52030407819518,0.000178383624085712,91,289051.677819377
racethn_combn,Other/Multi-Racial,1999-2020,21.2,WTMEC.COMBN,age+gender,educ_level,waist,911,3302848.58156625,71,gaussian (identity),Less than 9th grade,1.67956627340943,3.74552025401931,0.655341366244618,-5.66165342446842,9.02078597128728,6.52030407819518,0.000178383624085712,29,86239.5969168302
racethn_combn,NHAsian,2017-2020,3.2,WTMEC.COMBN,age+gender,educ_level,whr,974,13445775.566779,24,gaussian (identity),College graduate or above (Intercept),0.795944643238604,0.00593649636770549,1.86064499311555e-28,0.784309110357902,0.807580176119307,17.4378514600343,5.2423967789191e-06,537,7468185.677787
racethn_combn,NHAsian,2017-2020,3.2,WTMEC.COMBN,age+gender,educ_level,whr,974,13445775.566779,24,gaussian (identity),Some college or AA degree,0.0163087501891302,0.00839654296203163,0.0679124825312633,-0.000148474016451822,0.0327659743947122,17.4378514600343,5.2423967789191e-06,168,2435777.721937
racethn_combn,NHAsian,2017-2020,3.2,WTMEC.COMBN,age+gender,educ_level,whr,974,13445775.566779,24,gaussian (identity),HS graduate or GED,0.0199917996881788,0.00446433210760013,0.000290701350149972,0.0112417087572825,0.0287418906190751,17.4378514600343,5.2423967789191e-06,133,2075161.34646
racethn_combn,NHAsian,2017-2020,3.2,WTMEC.COMBN,age+gender,educ_level,whr,974,13445775.566779,24,gaussian (identity),9-11th grade,0.0149637589411879,0.00605082305696861,0.0235930582796915,0.00310414574952938,0.0268233721328463,17.4378514600343,5.2423967789191e-06,65,735498.493718
racethn_combn,NHAsian,2017-2020,3.2,WTMEC.COMBN,age+gender,educ_level,whr,974,13445775.566779,24,gaussian (identity),Less than 9th grade,0.01449597775884,0.00611922672027076,0.0292293968052306,0.00250229338710929,0.0264896621305707,17.4378514600343,5.2423967789191e-06,71,731152.326877
racethn_combn,NHW,2017-2020,3.2,WTMEC.COMBN,age+gender,educ_level,whr,2789,144977543.567495,25,gaussian (identity),College graduate or above (Intercept),0.800477988419014,0.0067324028044782,9.36109221915236e-29,0.787282478922237,0.813673497915792,18.4666861866838,2.430949189221e-06,734,51769650.639601
racethn_combn,NHW,2017-2020,3.2,WTMEC.COMBN,age+gender,educ_level,whr,2789,144977543.567495,25,gaussian (identity),Some college or AA degree,0.0199293721089076,0.00354689740657612,2.03476666050462e-05,0.0129774531920184,0.0268812910257968,18.4666861866838,2.430949189221e-06,1026,45092755.066375
racethn_combn,NHW,2017-2020,3.2,WTMEC.COMBN,age+gender,educ_level,whr,2789,144977543.567495,25,gaussian (identity),HS graduate or GED,0.0289470868433379,0.00464984330965185,5.58279998998049e-06,0.0198333939564203,0.0380607797302556,18.4666861866838,2.430949189221e-06,740,39149847.161782
racethn_combn,NHW,2017-2020,3.2,WTMEC.COMBN,age+gender,educ_level,whr,2789,144977543.567495,25,gaussian (identity),9-11th grade,0.0307919677664796,0.00565425793862184,2.96633123342364e-05,0.0197096222067808,0.0418743133261784,18.4666861866838,2.430949189221e-06,230,7584706.011439
racethn_combn,NHW,2017-2020,3.2,WTMEC.COMBN,age+gender,educ_level,whr,2789,144977543.567495,25,gaussian (identity),Less than 9th grade,0.0184509464512805,0.0105886341333586,0.0975802572589452,-0.00230277645010227,0.0392046693526633,18.4666861866838,2.430949189221e-06,59,1380584.688298
racethn_combn,Other/Multi-Racial,2017-2020,3.2,WTMEC.COMBN,age+gender,educ_level,whr,380,9110108.133128,25,gaussian (identity),College graduate or above (Intercept),0.804583089269404,0.0140439142469344,9.52265443165392e-23,0.777057017345412,0.832109161193395,2.07741879292065,0.123928453758256,80,2091750.901447
racethn_combn,Other/Multi-Racial,2017-2020,3.2,WTMEC.COMBN,age+gender,educ_level,whr,380,9110108.133128,25,gaussian (identity),Some college or AA degree,0.0312028815564465,0.0119967431709595,0.0175497602125265,0.00768926494136595,0.0547164981715271,2.07741879292065,0.123928453758256,169,3743504.37766
racethn_combn,Other/Multi-Racial,2017-2020,3.2,WTMEC.COMBN,age+gender,educ_level,whr,380,9110108.133128,25,gaussian (identity),HS graduate or GED,0.0212452447704665,0.0144244358086978,0.157160861506099,-0.00702664941458114,0.0495171389555142,2.07741879292065,0.123928453758256,86,2362012.195957
racethn_combn,Other/Multi-Racial,2017-2020,3.2,WTMEC.COMBN,age+gender,educ_level,whr,380,9110108.133128,25,gaussian (identity),9-11th grade,0.0212353542152878,0.0204379464360561,0.311839772805751,-0.0188230207993821,0.0612937292299577,2.07741879292065,0.123928453758256,34,728925.46265
racethn_combn,Other/Multi-Racial,2017-2020,3.2,WTMEC.COMBN,age+gender,educ_level,whr,380,9110108.133128,25,gaussian (identity),Less than 9th grade,0.0224307480416379,0.0283679130807365,0.438873111678562,-0.0331703615966057,0.0780318576798814,2.07741879292065,0.123928453758256,11,183915.195414
racethn_combn,Mexican-American,2017-2020,3.2,WTMEC.COMBN,age+gender,educ_level,whr,930,18885640.191664,19,gaussian (identity),College graduate or above (Intercept),0.827829295401174,0.0139930990641665,3.39733700045794e-17,0.800402821235408,0.855255769566941,9.70524309348664,0.000732720495997246,88,2415535.069805
racethn_combn,Mexican-American,2017-2020,3.2,WTMEC.COMBN,age+gender,educ_level,whr,930,18885640.191664,19,gaussian (identity),Some college or AA degree,0.000396645499736168,0.00908228233817743,0.965829187146805,-0.0174046278830916,0.0181979188825639,9.70524309348664,0.000732720495997246,233,4807327.286467
racethn_combn,Mexican-American,2017-2020,3.2,WTMEC.COMBN,age+gender,educ_level,whr,930,18885640.191664,19,gaussian (identity),HS graduate or GED,0.0139798431058003,0.00867410159491859,0.131034244573064,-0.00302139602024019,0.0309810822318407,9.70524309348664,0.000732720495997246,213,5986502.289731
racethn_combn,Mexican-American,2017-2020,3.2,WTMEC.COMBN,age+gender,educ_level,whr,930,18885640.191664,19,gaussian (identity),9-11th grade,0.0119527036652859,0.00730358694654234,0.125691261823126,-0.00236232674993711,0.0262677340805089,9.70524309348664,0.000732720495997246,159,2814555.086446
racethn_combn,Mexican-American,2017-2020,3.2,WTMEC.COMBN,age+gender,educ_level,whr,930,18885640.191664,19,gaussian (identity),Less than 9th grade,0.0201060265753927,0.00526560931594426,0.00213168096275239,0.00978543231614197,0.0304266208346435,9.70524309348664,0.000732720495997246,237,2861720.459215
racethn_combn,NHB,2017-2020,3.2,WTMEC.COMBN,age+gender,educ_level,whr,2135,25781144.041081,25,gaussian (identity),College graduate or above (Intercept),0.807031876429004,0.0090556063137777,2.21887055851882e-26,0.789282888053999,0.824780864804008,2.14038410738605,0.11534153175381,410,5625047.703244
racethn_combn,NHB,2017-2020,3.2,WTMEC.COMBN,age+gender,educ_level,whr,2135,25781144.041081,25,gaussian (identity),Some college or AA degree,0.00471053008013373,0.00478532502040146,0.3373037008491,-0.00466870695985312,0.0140897671201206,2.14038410738605,0.11534153175381,794,8952203.772668
racethn_combn,NHB,2017-2020,3.2,WTMEC.COMBN,age+gender,educ_level,whr,2135,25781144.041081,25,gaussian (identity),HS graduate or GED,0.00206043032550301,0.00496234890373806,0.682637441369549,-0.00766577352582359,0.0117866341768296,2.14038410738605,0.11534153175381,619,8178988.637527
racethn_combn,NHB,2017-2020,3.2,WTMEC.COMBN,age+gender,educ_level,whr,2135,25781144.041081,25,gaussian (identity),9-11th grade,0.0100138584849946,0.00674725856962645,0.154173387742507,-0.0032107683114732,0.0232384852814625,2.14038410738605,0.11534153175381,268,2602884.88373
racethn_combn,NHB,2017-2020,3.2,WTMEC.COMBN,age+gender,educ_level,whr,2135,25781144.041081,25,gaussian (identity),Less than 9th grade,-0.0194998275851177,0.00775240737364917,0.0210486059107584,-0.03469454603747,-0.00430510913276529,2.14038410738605,0.11534153175381,44,422019.043912
racethn_combn,Other Hispanic,2017-2020,3.2,WTMEC.COMBN,age+gender,educ_level,whr,819,17169771.10686,24,gaussian (identity),College graduate or above (Intercept),0.789287988380221,0.00700312834596837,4.22170732551699e-27,0.775561856822123,0.80301411993832,4.807160540701,0.0081562740866719,141,3564658.938333
racethn_combn,Other Hispanic,2017-2020,3.2,WTMEC.COMBN,age+gender,educ_level,whr,819,17169771.10686,24,gaussian (identity),Some college or AA degree,0.00869219155592722,0.00706207566870327,0.234229336338903,-0.00514947675473119,0.0225338598665856,4.807160540701,0.0081562740866719,229,4921111.579161
racethn_combn,Other Hispanic,2017-2020,3.2,WTMEC.COMBN,age+gender,educ_level,whr,819,17169771.10686,24,gaussian (identity),HS graduate or GED,0.0173642144205965,0.00684218719334227,0.0206179911748332,0.00395352752164562,0.0307749013195473,4.807160540701,0.0081562740866719,165,4511962.805066
racethn_combn,Other Hispanic,2017-2020,3.2,WTMEC.COMBN,age+gender,educ_level,whr,819,17169771.10686,24,gaussian (identity),9-11th grade,0.0231646063597108,0.0106724303115532,0.0435906804431078,0.00224664294906645,0.0440825697703551,4.807160540701,0.0081562740866719,121,1805690.636527
racethn_combn,Other Hispanic,2017-2020,3.2,WTMEC.COMBN,age+gender,educ_level,whr,819,17169771.10686,24,gaussian (identity),Less than 9th grade,0.0237816585763265,0.00746583994009948,0.0051243323610474,0.00914861229373148,0.0384147048589214,4.807160540701,0.0081562740866719,163,2366347.147773
racethn_combn,NHW,1999-2020,21.2,WTMEC.COMBN,age+gender,educ_level,wt,24670,149688547.922402,162,gaussian (identity),College graduate or above (Intercept),74.0133611894482,0.662057915181153,7.91099830465992e-151,72.7157276756932,75.3109947032033,23.1307248801431,5.04452088454207e-15,6397,46698823.6057478
racethn_combn,NHW,1999-2020,21.2,WTMEC.COMBN,age+gender,educ_level,wt,24670,149688547.922402,162,gaussian (identity),Some college or AA degree,2.98240001745534,0.42954041726153,9.71921670808946e-11,2.14050079962274,3.82429923528794,23.1307248801431,5.04452088454207e-15,7722,47541700.2848275
racethn_combn,NHW,1999-2020,21.2,WTMEC.COMBN,age+gender,educ_level,wt,24670,149688547.922402,162,gaussian (identity),HS graduate or GED,1.50819109982855,0.429958034720277,0.000590530982711286,0.665473351776811,2.3509088478803,23.1307248801431,5.04452088454207e-15,6483,37843247.6185244
racethn_combn,NHW,1999-2020,21.2,WTMEC.COMBN,age+gender,educ_level,wt,24670,149688547.922402,162,gaussian (identity),9-11th grade,-0.300800612351429,0.579914794430961,0.604706389699213,-1.43743360943611,0.835832384733254,23.1307248801431,5.04452088454207e-15,2940,13615199.2928741
racethn_combn,NHW,1999-2020,21.2,WTMEC.COMBN,age+gender,educ_level,wt,24670,149688547.922402,162,gaussian (identity),Less than 9th grade,-3.31439219381761,0.819530853147281,8.22962232919391e-05,-4.92067266598628,-1.70811172164894,23.1307248801431,5.04452088454207e-15,1128,3989577.12042811
racethn_combn,Other/Multi-Racial/NHAsian,1999-2020,21.2,WTMEC.COMBN,age+gender,educ_level,wt,1380,6607095.74648028,84,gaussian (identity),College graduate or above (Intercept),63.9073389135376,1.86365088548876,8.46159752584621e-49,60.2545831779796,67.5600946490956,7.79231466111423,2.45366721525669e-05,414,2261737.25103472
racethn_combn,Other/Multi-Racial/NHAsian,1999-2020,21.2,WTMEC.COMBN,age+gender,educ_level,wt,1380,6607095.74648028,84,gaussian (identity),Some college or AA degree,4.1948551193072,1.39943703483076,0.00364958925094429,1.4519585310389,6.93775170757549,7.79231466111423,2.45366721525669e-05,368,1793910.54062874
racethn_combn,Other/Multi-Racial/NHAsian,1999-2020,21.2,WTMEC.COMBN,age+gender,educ_level,wt,1380,6607095.74648028,84,gaussian (identity),HS graduate or GED,7.30829123894898,2.37691478259493,0.00290398375029432,2.64953826506292,11.967044212835,7.79231466111423,2.45366721525669e-05,282,1260351.81993588
racethn_combn,Other/Multi-Racial/NHAsian,1999-2020,21.2,WTMEC.COMBN,age+gender,educ_level,wt,1380,6607095.74648028,84,gaussian (identity),9-11th grade,5.51554902872515,2.11576043414595,0.0109426103228367,1.36865857779909,9.66243947965122,7.79231466111423,2.45366721525669e-05,173,736663.810702358
racethn_combn,Other/Multi-Racial/NHAsian,1999-2020,21.2,WTMEC.COMBN,age+gender,educ_level,wt,1380,6607095.74648028,84,gaussian (identity),Less than 9th grade,-3.38464207252065,1.76365522497059,0.0586287053653547,-6.84140631346301,0.0721221684217128,7.79231466111423,2.45366721525669e-05,143,554432.324178585
racethn_combn,NHB,1999-2020,21.2,WTMEC.COMBN,age+gender,educ_level,wt,12911,25163767.338595,154,gaussian (identity),College graduate or above (Intercept),83.9219962949371,0.94556519241817,3.08979485750208e-130,82.0686885177975,85.7753040720768,16.9285706188962,1.89088994386037e-11,1917,4120226.3145203
racethn_combn,NHB,1999-2020,21.2,WTMEC.COMBN,age+gender,educ_level,wt,12911,25163767.338595,154,gaussian (identity),Some college or AA degree,0.0934377522139421,0.67620331497425,0.890286013032282,-1.23192074513559,1.41879624956347,16.9285706188962,1.89088994386037e-11,4129,8359167.50309043
racethn_combn,NHB,1999-2020,21.2,WTMEC.COMBN,age+gender,educ_level,wt,12911,25163767.338595,154,gaussian (identity),HS graduate or GED,-1.86285924882143,0.644667086422818,0.00443696905775699,-3.12640673821015,-0.599311759432702,16.9285706188962,1.89088994386037e-11,3386,6705548.10146428
racethn_combn,NHB,1999-2020,21.2,WTMEC.COMBN,age+gender,educ_level,wt,12911,25163767.338595,154,gaussian (identity),9-11th grade,-3.74123855496047,0.798853520901635,6.33520052166133e-06,-5.30699145592767,-2.17548565399326,16.9285706188962,1.89088994386037e-11,2821,4975652.50598391
racethn_combn,NHB,1999-2020,21.2,WTMEC.COMBN,age+gender,educ_level,wt,12911,25163767.338595,154,gaussian (identity),Less than 9th grade,-7.07821830168648,1.11983246996898,2.89754161629203e-09,-9.27308994282568,-4.88334666054728,16.9285706188962,1.89088994386037e-11,658,1003172.91353605
racethn_combn,Mexican-American,1999-2020,21.2,WTMEC.COMBN,age+gender,educ_level,wt,10379,18315968.1735609,145,gaussian (identity),College graduate or above (Intercept),72.540073907448,0.937039613331534,3.43576425685245e-116,70.7034762653182,74.3766715495778,56.0957990322056,4.33297562063001e-28,639,1496052.92516538
racethn_combn,Mexican-American,1999-2020,21.2,WTMEC.COMBN,age+gender,educ_level,wt,10379,18315968.1735609,145,gaussian (identity),Some college or AA degree,1.46021501518282,0.869689945745427,0.0953973799702217,-0.244377278478213,3.16480730884386,56.0957990322056,4.33297562063001e-28,1924,3910753.72169428
racethn_combn,Mexican-American,1999-2020,21.2,WTMEC.COMBN,age+gender,educ_level,wt,10379,18315968.1735609,145,gaussian (identity),HS graduate or GED,-0.276266742204444,0.756373902946448,0.715478822766083,-1.75875959197948,1.20622610757059,56.0957990322056,4.33297562063001e-28,2103,4227004.66436628
racethn_combn,Mexican-American,1999-2020,21.2,WTMEC.COMBN,age+gender,educ_level,wt,10379,18315968.1735609,145,gaussian (identity),9-11th grade,-2.12009403930758,0.782153554931079,0.00756325524852108,-3.65311500697249,-0.587073071642664,56.0957990322056,4.33297562063001e-28,2323,3953116.30471221
racethn_combn,Mexican-American,1999-2020,21.2,WTMEC.COMBN,age+gender,educ_level,wt,10379,18315968.1735609,145,gaussian (identity),Less than 9th grade,-6.32267743672539,0.701893281934426,1.45399214350715e-15,-7.69838826931687,-4.94696660413392,56.0957990322056,4.33297562063001e-28,3390,4729040.55762279
racethn_combn,Other Hispanic,1999-2020,21.2,WTMEC.COMBN,age+gender,educ_level,wt,4845,12911326.4918784,140,gaussian (identity),College graduate or above (Intercept),71.1963985667973,1.22701009035348,7.99059156471953e-97,68.7914587897045,73.6013383438901,15.8559715326417,1.1936915008216e-10,704,2095273.45051966
racethn_combn,Other Hispanic,1999-2020,21.2,WTMEC.COMBN,age+gender,educ_level,wt,4845,12911326.4918784,140,gaussian (identity),Some college or AA degree,2.52940456333731,1.01537230640922,0.0139558618377255,0.539274842775242,4.51953428389937,15.8559715326417,1.1936915008216e-10,1287,3708395.75080647
racethn_combn,Other Hispanic,1999-2020,21.2,WTMEC.COMBN,age+gender,educ_level,wt,4845,12911326.4918784,140,gaussian (identity),HS graduate or GED,1.48927699513728,1.25112149907266,0.236011986650661,-0.962921143045141,3.94147513331969,15.8559715326417,1.1936915008216e-10,988,2853159.84515071
racethn_combn,Other Hispanic,1999-2020,21.2,WTMEC.COMBN,age+gender,educ_level,wt,4845,12911326.4918784,140,gaussian (identity),9-11th grade,-0.815453059057878,1.13645234979752,0.474288327649524,-3.04289966466102,1.41199354654526,15.8559715326417,1.1936915008216e-10,887,2171279.04157849
racethn_combn,Other Hispanic,1999-2020,21.2,WTMEC.COMBN,age+gender,educ_level,wt,4845,12911326.4918784,140,gaussian (identity),Less than 9th grade,-4.03880999318004,0.988635173775515,7.53774364882738e-05,-5.97653493378005,-2.10108505258003,15.8559715326417,1.1936915008216e-10,979,2083218.40382302
racethn_combn,NHAsian,1999-2020,21.2,WTMEC.COMBN,age+gender,educ_level,wt,3146,5748884.54622627,71,gaussian (identity),College graduate or above (Intercept),65.0367973071966,0.953031263385824,3.21657728573039e-62,63.1688560309603,66.9047385834328,3.42445521563693,0.0133095306081749,1579,3029492.70450442
racethn_combn,NHAsian,1999-2020,21.2,WTMEC.COMBN,age+gender,educ_level,wt,3146,5748884.54622627,71,gaussian (identity),Some college or AA degree,0.404703034235405,1.06464389115842,0.705088268435558,-1.68199899243511,2.49140506090592,3.42445521563693,0.0133095306081749,613,1128232.62433881
racethn_combn,NHAsian,1999-2020,21.2,WTMEC.COMBN,age+gender,educ_level,wt,3146,5748884.54622627,71,gaussian (identity),HS graduate or GED,-1.00431627939096,0.748676362409352,0.184440689919132,-2.47172194971329,0.463089390931369,3.42445521563693,0.0133095306081749,464,812493.130654963
racethn_combn,NHAsian,1999-2020,21.2,WTMEC.COMBN,age+gender,educ_level,wt,3146,5748884.54622627,71,gaussian (identity),9-11th grade,-3.1884690055242,1.05062734824043,0.00345878333735673,-5.24769860807544,-1.12923940297296,3.42445521563693,0.0133095306081749,234,368006.773814793
racethn_combn,NHAsian,1999-2020,21.2,WTMEC.COMBN,age+gender,educ_level,wt,3146,5748884.54622627,71,gaussian (identity),Less than 9th grade,-2.17595966867034,0.892796985905491,0.0175456670164302,-3.9258417610451,-0.42607757629558,3.42445521563693,0.0133095306081749,256,410659.312913283
racethn_combn,Other/Multi-Racial,1999-2020,21.2,WTMEC.COMBN,age+gender,educ_level,wt,957,3448232.49345642,72,gaussian (identity),College graduate or above (Intercept),75.6215235408883,3.43440979634057,4.06279508824439e-32,68.8900803400608,82.3529667417158,5.08143575300287,0.00124542585438659,204,754399.64701266
racethn_combn,Other/Multi-Racial,1999-2020,21.2,WTMEC.COMBN,age+gender,educ_level,wt,957,3448232.49345642,72,gaussian (identity),Some college or AA degree,9.4478902814972,2.5704580573248,0.00047800651238677,4.4097924891406,14.4859880738538,5.08143575300287,0.00124542585438659,414,1499357.62516557
racethn_combn,Other/Multi-Racial,1999-2020,21.2,WTMEC.COMBN,age+gender,educ_level,wt,957,3448232.49345642,72,gaussian (identity),HS graduate or GED,5.44007775907451,2.99399116436483,0.073757662121638,-0.428144923080565,11.3083004412296,5.08143575300287,0.00124542585438659,211,791649.456993566
racethn_combn,Other/Multi-Racial,1999-2020,21.2,WTMEC.COMBN,age+gender,educ_level,wt,957,3448232.49345642,72,gaussian (identity),9-11th grade,2.48659522837841,3.84736261675449,0.520318706397506,-5.05423550046039,10.0274259572172,5.08143575300287,0.00124542585438659,96,309546.124242585
racethn_combn,Other/Multi-Racial,1999-2020,21.2,WTMEC.COMBN,age+gender,educ_level,wt,957,3448232.49345642,72,gaussian (identity),Less than 9th grade,-5.55422275463592,4.36108017855848,0.207276314744295,-14.1019399046105,2.99349439533871,5.08143575300287,0.00124542585438659,32,93279.6400420377
racethn_combn,NHW,1999-2020,21.2,WTMEC.COMBN,age+gender,educ_level,sbp_mean,23956,145465618.388062,162,gaussian (identity),College graduate or above (Intercept),96.4074464979248,0.416084817129069,6.94787665917213e-200,95.5919202563518,97.2229727394977,57.2835768768359,1.15291755170946e-29,6225,45391152.8947313
racethn_combn,NHW,1999-2020,21.2,WTMEC.COMBN,age+gender,educ_level,sbp_mean,23956,145465618.388062,162,gaussian (identity),Some college or AA degree,2.86633441650529,0.268392495550645,2.50413822684228e-20,2.34028512522603,3.39238370778455,57.2835768768359,1.15291755170946e-29,7496,46213310.5417127
racethn_combn,NHW,1999-2020,21.2,WTMEC.COMBN,age+gender,educ_level,sbp_mean,23956,145465618.388062,162,gaussian (identity),HS graduate or GED,3.97749460394586,0.319573599380024,3.90414790115606e-25,3.35113034916101,4.60385885873071,57.2835768768359,1.15291755170946e-29,6284,36779125.6023775
racethn_combn,NHW,1999-2020,21.2,WTMEC.COMBN,age+gender,educ_level,sbp_mean,23956,145465618.388062,162,gaussian (identity),9-11th grade,4.77409372372227,0.428586150172523,1.42450181210869e-21,3.93406486938412,5.61412257806042,57.2835768768359,1.15291755170946e-29,2876,13268409.9341198
racethn_combn,NHW,1999-2020,21.2,WTMEC.COMBN,age+gender,educ_level,sbp_mean,23956,145465618.388062,162,gaussian (identity),Less than 9th grade,4.98312010949522,0.711859441220792,7.13969726572816e-11,3.58787560470247,6.37836461428797,57.2835768768359,1.15291755170946e-29,1075,3813619.41512062
racethn_combn,Other/Multi-Racial/NHAsian,1999-2020,21.2,WTMEC.COMBN,age+gender,educ_level,sbp_mean,1291,6177006.90320265,84,gaussian (identity),College graduate or above (Intercept),90.8734327525459,1.55807888596226,4.27462163902741e-66,87.8195981360599,93.9272673690319,8.1385358943325,1.54390212238495e-05,390,2136620.02729575
racethn_combn,Other/Multi-Racial/NHAsian,1999-2020,21.2,WTMEC.COMBN,age+gender,educ_level,sbp_mean,1291,6177006.90320265,84,gaussian (identity),Some college or AA degree,6.32931324660834,1.32350857702874,8.0330161545657e-06,3.73523643563201,8.92339005758468,8.1385358943325,1.54390212238495e-05,354,1722403.28115997
racethn_combn,Other/Multi-Racial/NHAsian,1999-2020,21.2,WTMEC.COMBN,age+gender,educ_level,sbp_mean,1291,6177006.90320265,84,gaussian (identity),HS graduate or GED,5.25032613190594,1.39139863608399,0.000312171285221482,2.52318480518131,7.97746745863057,8.1385358943325,1.54390212238495e-05,259,1142551.81212769
racethn_combn,Other/Multi-Racial/NHAsian,1999-2020,21.2,WTMEC.COMBN,age+gender,educ_level,sbp_mean,1291,6177006.90320265,84,gaussian (identity),9-11th grade,7.43086157321139,1.9496959831271,0.000274481985011887,3.60945744628226,11.2522657001405,8.1385358943325,1.54390212238495e-05,159,668893.738146603
racethn_combn,Other/Multi-Racial/NHAsian,1999-2020,21.2,WTMEC.COMBN,age+gender,educ_level,sbp_mean,1291,6177006.90320265,84,gaussian (identity),Less than 9th grade,3.77930421284078,1.97561976572263,0.0594218915675518,-0.0929105279755689,7.65151895365712,8.1385358943325,1.54390212238495e-05,129,506538.044472642
racethn_combn,NHB,1999-2020,21.2,WTMEC.COMBN,age+gender,educ_level,sbp_mean,12312,23901056.5112984,154,gaussian (identity),College graduate or above (Intercept),98.2103126394603,0.640331301943924,5.29509769267376e-165,96.9552632876502,99.4653619912703,15.8894507860227,7.65063106018723e-11,1827,3904398.67452179
racethn_combn,NHB,1999-2020,21.2,WTMEC.COMBN,age+gender,educ_level,sbp_mean,12312,23901056.5112984,154,gaussian (identity),Some college or AA degree,2.40313262702457,0.489417932451525,2.37875978108854e-06,1.44387347941958,3.36239177462956,15.8894507860227,7.65063106018723e-11,3933,7973985.3946042
racethn_combn,NHB,1999-2020,21.2,WTMEC.COMBN,age+gender,educ_level,sbp_mean,12312,23901056.5112984,154,gaussian (identity),HS graduate or GED,3.20914294797529,0.527754197289347,9.72008554062046e-09,2.17474472128817,4.24354117466241,15.8894507860227,7.65063106018723e-11,3237,6360253.13249347
racethn_combn,NHB,1999-2020,21.2,WTMEC.COMBN,age+gender,educ_level,sbp_mean,12312,23901056.5112984,154,gaussian (identity),9-11th grade,4.42429747253715,0.582624128784935,3.24017967388474e-12,3.28235418011867,5.56624076495562,15.8894507860227,7.65063106018723e-11,2679,4704602.76357101
racethn_combn,NHB,1999-2020,21.2,WTMEC.COMBN,age+gender,educ_level,sbp_mean,12312,23901056.5112984,154,gaussian (identity),Less than 9th grade,4.41935390492344,1.33727630103632,0.00119256586355086,1.79829235489226,7.04041545495462,15.8894507860227,7.65063106018723e-11,636,957816.546107895
racethn_combn,Mexican-American,1999-2020,21.2,WTMEC.COMBN,age+gender,educ_level,sbp_mean,9982,17462093.1391063,145,gaussian (identity),College graduate or above (Intercept),93.9279353800499,0.679690989426149,1.05842721700853e-150,92.5957410407747,95.2601297193252,5.92459048289415,0.000197073970829489,623,1443966.73871853
racethn_combn,Mexican-American,1999-2020,21.2,WTMEC.COMBN,age+gender,educ_level,sbp_mean,9982,17462093.1391063,145,gaussian (identity),Some college or AA degree,1.79049340509869,0.571285943163584,0.00210295115263942,0.670772956498062,2.91021385369931,5.92459048289415,0.000197073970829489,1853,3744176.94111613
racethn_combn,Mexican-American,1999-2020,21.2,WTMEC.COMBN,age+gender,educ_level,sbp_mean,9982,17462093.1391063,145,gaussian (identity),HS graduate or GED,2.43715411677519,0.615022700290272,0.000117979567519778,1.23170962420626,3.64259860934413,5.92459048289415,0.000197073970829489,2029,4036698.0823086
racethn_combn,Mexican-American,1999-2020,21.2,WTMEC.COMBN,age+gender,educ_level,sbp_mean,9982,17462093.1391063,145,gaussian (identity),9-11th grade,2.59402854629524,0.610222545365498,3.88160751445129e-05,1.39799235737886,3.79006473521161,5.92459048289415,0.000197073970829489,2231,3777136.27628187
racethn_combn,Mexican-American,1999-2020,21.2,WTMEC.COMBN,age+gender,educ_level,sbp_mean,9982,17462093.1391063,145,gaussian (identity),Less than 9th grade,3.14872849094328,0.668870487144826,5.9968375941239e-06,1.83774233613943,4.45971464574714,5.92459048289415,0.000197073970829489,3246,4460115.10068121
racethn_combn,Other Hispanic,1999-2020,21.2,WTMEC.COMBN,age+gender,educ_level,sbp_mean,4625,12265989.6715929,139,gaussian (identity),College graduate or above (Intercept),92.1403345387433,1.02382846966687,4.97518035507258e-121,90.1336307381963,94.1470383392904,11.6034194962823,4.11993648083406e-08,672,1954267.00995511
racethn_combn,Other Hispanic,1999-2020,21.2,WTMEC.COMBN,age+gender,educ_level,sbp_mean,4625,12265989.6715929,139,gaussian (identity),Some college or AA degree,2.9795670328105,0.779125450488841,0.000200794390516218,1.45248114985237,4.50665291576862,11.6034194962823,4.11993648083406e-08,1234,3554022.02589808
racethn_combn,Other Hispanic,1999-2020,21.2,WTMEC.COMBN,age+gender,educ_level,sbp_mean,4625,12265989.6715929,139,gaussian (identity),HS graduate or GED,3.5092619546859,0.742302251389094,5.71233961054057e-06,2.05434954196327,4.96417436740852,11.6034194962823,4.11993648083406e-08,954,2746518.5728589
racethn_combn,Other Hispanic,1999-2020,21.2,WTMEC.COMBN,age+gender,educ_level,sbp_mean,4625,12265989.6715929,139,gaussian (identity),9-11th grade,4.4475387103017,0.751011608148652,2.56394599376829e-08,2.97555595833035,5.91952146227306,11.6034194962823,4.11993648083406e-08,851,2093708.5956943
racethn_combn,Other Hispanic,1999-2020,21.2,WTMEC.COMBN,age+gender,educ_level,sbp_mean,4625,12265989.6715929,139,gaussian (identity),Less than 9th grade,6.03121652132464,1.03361342141661,3.89007013745468e-08,4.00533421534809,8.05709882730118,11.6034194962823,4.11993648083406e-08,914,1917473.46718653
racethn_combn,NHAsian,1999-2020,21.2,WTMEC.COMBN,age+gender,educ_level,sbp_mean,2913,5293823.44015438,71,gaussian (identity),College graduate or above (Intercept),91.5680186910814,1.0933844484331,6.19616771866675e-68,89.4249851721525,93.7110522100102,13.6278509645163,4.01044703725337e-08,1475,2811871.31130128
racethn_combn,NHAsian,1999-2020,21.2,WTMEC.COMBN,age+gender,educ_level,sbp_mean,2913,5293823.44015438,71,gaussian (identity),Some college or AA degree,3.81981294053508,0.797447686010278,1.00389792363354e-05,2.25681547595493,5.38281040511522,13.6278509645163,4.01044703725337e-08,572,1037479.91925083
racethn_combn,NHAsian,1999-2020,21.2,WTMEC.COMBN,age+gender,educ_level,sbp_mean,2913,5293823.44015438,71,gaussian (identity),HS graduate or GED,3.23600564763688,0.893929613041988,0.000577343679508895,1.48390360607458,4.98810768919917,13.6278509645163,4.01044703725337e-08,429,746248.414984717
racethn_combn,NHAsian,1999-2020,21.2,WTMEC.COMBN,age+gender,educ_level,sbp_mean,2913,5293823.44015438,71,gaussian (identity),9-11th grade,5.52124849660749,1.17271680962145,1.35586700583867e-05,3.22272354974946,7.81977344346553,13.6278509645163,4.01044703725337e-08,211,332675.06039383
racethn_combn,NHAsian,1999-2020,21.2,WTMEC.COMBN,age+gender,educ_level,sbp_mean,2913,5293823.44015438,71,gaussian (identity),Less than 9th grade,4.49856911976001,1.16683055720615,0.000267524915037214,2.21158122763596,6.78555701188406,13.6278509645163,4.01044703725337e-08,226,365548.734223717
racethn_combn,Other/Multi-Racial,1999-2020,21.2,WTMEC.COMBN,age+gender,educ_level,sbp_mean,915,3316566.47449406,72,gaussian (identity),College graduate or above (Intercept),100.552059656393,1.94015759237966,3.40508069872721e-55,96.7493507753285,104.354768537457,2.0500585856966,0.0974423504708738,195,723331.602738302
racethn_combn,Other/Multi-Racial,1999-2020,21.2,WTMEC.COMBN,age+gender,educ_level,sbp_mean,915,3316566.47449406,72,gaussian (identity),Some college or AA degree,5.01236437259897,1.86294934709996,0.00902677816794156,1.36098365228304,8.66374509291489,2.0500585856966,0.0974423504708738,392,1432820.5100456
racethn_combn,Other/Multi-Racial,1999-2020,21.2,WTMEC.COMBN,age+gender,educ_level,sbp_mean,915,3316566.47449406,72,gaussian (identity),HS graduate or GED,2.08742562094752,1.983983974197,0.296573043219671,-1.8011829684786,5.97603421037363,2.0500585856966,0.0974423504708738,199,755391.449817944
racethn_combn,Other/Multi-Racial,1999-2020,21.2,WTMEC.COMBN,age+gender,educ_level,sbp_mean,915,3316566.47449406,72,gaussian (identity),9-11th grade,1.63885083417822,2.2559083735204,0.470119101099809,-2.78272957792177,6.06043124627821,2.0500585856966,0.0974423504708738,98,311506.422562925
racethn_combn,Other/Multi-Racial,1999-2020,21.2,WTMEC.COMBN,age+gender,educ_level,sbp_mean,915,3316566.47449406,72,gaussian (identity),Less than 9th grade,4.08033362017642,4.63742784841568,0.382122285761331,-5.00902496271831,13.1696922030711,2.0500585856966,0.0974423504708738,31,93516.489329283
racethn_combn,NHW,1999-2020,21.2,WTMEC.COMBN,age+gender,educ_level,dbp_mean,23956,145465618.388062,162,gaussian (identity),College graduate or above (Intercept),70.5651474639287,0.333797586316349,1.08244303022902e-193,69.9109041947487,71.2193907331088,18.3109474307279,2.36679971799256e-12,6225,45391152.8947313
racethn_combn,NHW,1999-2020,21.2,WTMEC.COMBN,age+gender,educ_level,dbp_mean,23956,145465618.388062,162,gaussian (identity),Some college or AA degree,0.0964677933370646,0.21942273295922,0.660803720195188,-0.333600763263006,0.526536349937135,18.3109474307279,2.36679971799256e-12,7496,46213310.5417127
racethn_combn,NHW,1999-2020,21.2,WTMEC.COMBN,age+gender,educ_level,dbp_mean,23956,145465618.388062,162,gaussian (identity),HS graduate or GED,-0.181187345716857,0.25495976204978,0.478361783440044,-0.680908479334426,0.318533787900713,18.3109474307279,2.36679971799256e-12,6284,36779125.6023775
racethn_combn,NHW,1999-2020,21.2,WTMEC.COMBN,age+gender,educ_level,dbp_mean,23956,145465618.388062,162,gaussian (identity),9-11th grade,-1.6237126936638,0.334297363406789,2.87282463364758e-06,-2.2789355259411,-0.96848986138649,18.3109474307279,2.36679971799256e-12,2876,13268409.9341198
racethn_combn,NHW,1999-2020,21.2,WTMEC.COMBN,age+gender,educ_level,dbp_mean,23956,145465618.388062,162,gaussian (identity),Less than 9th grade,-4.30941805954971,0.628667618064457,1.56534121796963e-10,-5.54160659095604,-3.07722952814337,18.3109474307279,2.36679971799256e-12,1075,3813619.41512062
racethn_combn,Other/Multi-Racial/NHAsian,1999-2020,21.2,WTMEC.COMBN,age+gender,educ_level,dbp_mean,1291,6177006.90320265,84,gaussian (identity),College graduate or above (Intercept),66.6040258679374,1.46197138664448,5.77204174087918e-58,63.7385619501142,69.4694897857606,2.47212075753721,0.0512586082836475,390,2136620.02729575
racethn_combn,Other/Multi-Racial/NHAsian,1999-2020,21.2,WTMEC.COMBN,age+gender,educ_level,dbp_mean,1291,6177006.90320265,84,gaussian (identity),Some college or AA degree,1.11613498593153,1.01235200406416,0.273627302935494,-0.86807494203423,3.10034491389729,2.47212075753721,0.0512586082836475,354,1722403.28115997
racethn_combn,Other/Multi-Racial/NHAsian,1999-2020,21.2,WTMEC.COMBN,age+gender,educ_level,dbp_mean,1291,6177006.90320265,84,gaussian (identity),HS graduate or GED,1.55901003220776,1.32406549811143,0.242599491631119,-1.03615834409064,4.15417840850616,2.47212075753721,0.0512586082836475,259,1142551.81212769
racethn_combn,Other/Multi-Racial/NHAsian,1999-2020,21.2,WTMEC.COMBN,age+gender,educ_level,dbp_mean,1291,6177006.90320265,84,gaussian (identity),9-11th grade,-1.40157926546929,1.75528187680567,0.427009356842056,-4.8419317440084,2.03877321306982,2.47212075753721,0.0512586082836475,159,668893.738146603
racethn_combn,Other/Multi-Racial/NHAsian,1999-2020,21.2,WTMEC.COMBN,age+gender,educ_level,dbp_mean,1291,6177006.90320265,84,gaussian (identity),Less than 9th grade,-3.61026293520141,1.87618744217905,0.0579699925678887,-7.28759032187235,0.067064451469526,2.47212075753721,0.0512586082836475,129,506538.044472642
racethn_combn,NHB,1999-2020,21.2,WTMEC.COMBN,age+gender,educ_level,dbp_mean,12312,23901056.5112984,154,gaussian (identity),College graduate or above (Intercept),68.125047701165,0.5660836313329,1.54095442945167e-149,67.0155237837525,69.2345716185775,11.2507643044446,5.35788906514088e-08,1827,3904398.67452179
racethn_combn,NHB,1999-2020,21.2,WTMEC.COMBN,age+gender,educ_level,dbp_mean,12312,23901056.5112984,154,gaussian (identity),Some college or AA degree,-0.616522725832378,0.393365703728443,0.119179814404244,-1.38751950514013,0.15447405347537,11.2507643044446,5.35788906514088e-08,3933,7973985.3946042
racethn_combn,NHB,1999-2020,21.2,WTMEC.COMBN,age+gender,educ_level,dbp_mean,12312,23901056.5112984,154,gaussian (identity),HS graduate or GED,-1.14062828896329,0.441690507387946,0.0107809807630563,-2.00634168344366,-0.274914894482914,11.2507643044446,5.35788906514088e-08,3237,6360253.13249347
racethn_combn,NHB,1999-2020,21.2,WTMEC.COMBN,age+gender,educ_level,dbp_mean,12312,23901056.5112984,154,gaussian (identity),9-11th grade,-1.90365317717889,0.497264200024522,0.000189973563373915,-2.87829100922695,-0.929015345130828,11.2507643044446,5.35788906514088e-08,2679,4704602.76357101
racethn_combn,NHB,1999-2020,21.2,WTMEC.COMBN,age+gender,educ_level,dbp_mean,12312,23901056.5112984,154,gaussian (identity),Less than 9th grade,-5.02808295360894,0.832507955227489,1.19259561257372e-08,-6.65979854585482,-3.39636736136306,11.2507643044446,5.35788906514088e-08,636,957816.546107895
racethn_combn,Mexican-American,1999-2020,21.2,WTMEC.COMBN,age+gender,educ_level,dbp_mean,9982,17462093.1391063,145,gaussian (identity),College graduate or above (Intercept),63.3315908708603,0.683303402049525,7.48486339119368e-127,61.9923162028433,64.6708655388774,12.385302521167,1.21196418517556e-08,623,1443966.73871853
racethn_combn,Mexican-American,1999-2020,21.2,WTMEC.COMBN,age+gender,educ_level,dbp_mean,9982,17462093.1391063,145,gaussian (identity),Some college or AA degree,-0.999496242181356,0.628058774362895,0.11379003915846,-2.23049143993263,0.231498955569917,12.385302521167,1.21196418517556e-08,1853,3744176.94111613
racethn_combn,Mexican-American,1999-2020,21.2,WTMEC.COMBN,age+gender,educ_level,dbp_mean,9982,17462093.1391063,145,gaussian (identity),HS graduate or GED,-1.2379856939168,0.604957446034801,0.0426017502543295,-2.42370228814501,-0.0522690996885891,12.385302521167,1.21196418517556e-08,2029,4036698.0823086
racethn_combn,Mexican-American,1999-2020,21.2,WTMEC.COMBN,age+gender,educ_level,dbp_mean,9982,17462093.1391063,145,gaussian (identity),9-11th grade,-2.71999384750284,0.678421606112271,9.8938299486305e-05,-4.0497001954829,-1.39028749952279,12.385302521167,1.21196418517556e-08,2231,3777136.27628187
racethn_combn,Mexican-American,1999-2020,21.2,WTMEC.COMBN,age+gender,educ_level,dbp_mean,9982,17462093.1391063,145,gaussian (identity),Less than 9th grade,-3.06617682165734,0.605746282402599,1.29374872195613e-06,-4.25343953516643,-1.87891410814824,12.385302521167,1.21196418517556e-08,3246,4460115.10068121
racethn_combn,Other Hispanic,1999-2020,21.2,WTMEC.COMBN,age+gender,educ_level,dbp_mean,4625,12265989.6715929,139,gaussian (identity),College graduate or above (Intercept),63.4296948505066,0.700010599396398,2.03558851547609e-121,62.0576740756897,64.8017156253235,1.13256578446351,0.343961701750028,672,1954267.00995511
racethn_combn,Other Hispanic,1999-2020,21.2,WTMEC.COMBN,age+gender,educ_level,dbp_mean,4625,12265989.6715929,139,gaussian (identity),Some college or AA degree,0.658382782121373,0.661426640280652,0.321350250219844,-0.638013432828705,1.95477899707145,1.13256578446351,0.343961701750028,1234,3554022.02589808
racethn_combn,Other Hispanic,1999-2020,21.2,WTMEC.COMBN,age+gender,educ_level,dbp_mean,4625,12265989.6715929,139,gaussian (identity),HS graduate or GED,-0.342955634229509,0.632120992476087,0.588349399062514,-1.58191277948264,0.896001511023622,1.13256578446351,0.343961701750028,954,2746518.5728589
racethn_combn,Other Hispanic,1999-2020,21.2,WTMEC.COMBN,age+gender,educ_level,dbp_mean,4625,12265989.6715929,139,gaussian (identity),9-11th grade,-0.432666624186364,0.599402025384574,0.471665878576756,-1.60749459394013,0.7421613455674,1.13256578446351,0.343961701750028,851,2093708.5956943
racethn_combn,Other Hispanic,1999-2020,21.2,WTMEC.COMBN,age+gender,educ_level,dbp_mean,4625,12265989.6715929,139,gaussian (identity),Less than 9th grade,-0.409935850001649,0.753645561504618,0.587395365283094,-1.8870811505507,1.0672094505474,1.13256578446351,0.343961701750028,914,1917473.46718653
racethn_combn,NHAsian,1999-2020,21.2,WTMEC.COMBN,age+gender,educ_level,dbp_mean,2913,5293823.44015438,71,gaussian (identity),College graduate or above (Intercept),67.3591367981657,0.797447165787023,3.56660922543786e-68,65.7961403532231,68.9221332431082,0.423431778052034,0.79116993906886,1475,2811871.31130128
racethn_combn,NHAsian,1999-2020,21.2,WTMEC.COMBN,age+gender,educ_level,dbp_mean,2913,5293823.44015438,71,gaussian (identity),Some college or AA degree,0.340635687035466,0.631903971978607,0.591685431865394,-0.897896098042604,1.57916747211354,0.423431778052034,0.79116993906886,572,1037479.91925083
racethn_combn,NHAsian,1999-2020,21.2,WTMEC.COMBN,age+gender,educ_level,dbp_mean,2913,5293823.44015438,71,gaussian (identity),HS graduate or GED,-0.212163934038088,0.891460842819303,0.812633001084172,-1.95942718596392,1.53509931788775,0.423431778052034,0.79116993906886,429,746248.414984717
racethn_combn,NHAsian,1999-2020,21.2,WTMEC.COMBN,age+gender,educ_level,dbp_mean,2913,5293823.44015438,71,gaussian (identity),9-11th grade,0.380560205592889,0.924831089140998,0.682065804893365,-1.43210872912347,2.19322914030924,0.423431778052034,0.79116993906886,211,332675.06039383
racethn_combn,NHAsian,1999-2020,21.2,WTMEC.COMBN,age+gender,educ_level,dbp_mean,2913,5293823.44015438,71,gaussian (identity),Less than 9th grade,-0.923231811512056,0.887672538287371,0.302165813530374,-2.6630699865553,0.81660636353119,0.423431778052034,0.79116993906886,226,365548.734223717
racethn_combn,Other/Multi-Racial,1999-2020,21.2,WTMEC.COMBN,age+gender,educ_level,dbp_mean,915,3316566.47449406,72,gaussian (identity),College graduate or above (Intercept),68.5270428603103,1.55277046292428,1.02581316341645e-50,65.4836127529787,71.5704729676418,2.46390552402013,0.053531402880323,195,723331.602738302
racethn_combn,Other/Multi-Racial,1999-2020,21.2,WTMEC.COMBN,age+gender,educ_level,dbp_mean,915,3316566.47449406,72,gaussian (identity),Some college or AA degree,0.730888732736353,1.19953063582522,0.544409334099681,-1.62019131348109,3.08196877895379,2.46390552402013,0.053531402880323,392,1432820.5100456
racethn_combn,Other/Multi-Racial,1999-2020,21.2,WTMEC.COMBN,age+gender,educ_level,dbp_mean,915,3316566.47449406,72,gaussian (identity),HS graduate or GED,-1.18542891988295,1.05911714945833,0.267085569687598,-3.26129853282128,0.89044069305538,2.46390552402013,0.053531402880323,199,755391.449817944
racethn_combn,Other/Multi-Racial,1999-2020,21.2,WTMEC.COMBN,age+gender,educ_level,dbp_mean,915,3316566.47449406,72,gaussian (identity),9-11th grade,-2.84106104291238,1.46893399922161,0.0573905498188764,-5.72017168138673,0.0380495955619709,2.46390552402013,0.053531402880323,98,311506.422562925
racethn_combn,Other/Multi-Racial,1999-2020,21.2,WTMEC.COMBN,age+gender,educ_level,dbp_mean,915,3316566.47449406,72,gaussian (identity),Less than 9th grade,-3.71586079150749,3.10515388254073,0.235714138380235,-9.80196240128731,2.37024081827233,2.46390552402013,0.053531402880323,31,93516.489329283
racethn_combn,NHW,1999-2020,21.2,WTSAF.COMBN,age+gender,educ_level,fg,11711,151904031.216479,159,gaussian (identity),College graduate or above (Intercept),79.5016577807393,0.758996261548994,2.51046530931821e-144,78.0140251081032,80.9892904533753,17.9104411767296,4.41219008919297e-12,3042,47302450.9245025
racethn_combn,NHW,1999-2020,21.2,WTSAF.COMBN,age+gender,educ_level,fg,11711,151904031.216479,159,gaussian (identity),Some college or AA degree,3.0735269337964,0.588708838775884,5.72500986753879e-07,1.91965760979566,4.22739625779713,17.9104411767296,4.41219008919297e-12,3617,47965725.3040299
racethn_combn,NHW,1999-2020,21.2,WTSAF.COMBN,age+gender,educ_level,fg,11711,151904031.216479,159,gaussian (identity),HS graduate or GED,5.2664601631731,0.773289728358342,2.08739373425502e-10,3.75081229559075,6.78210803075545,17.9104411767296,4.41219008919297e-12,3074,38405748.195311
racethn_combn,NHW,1999-2020,21.2,WTSAF.COMBN,age+gender,educ_level,fg,11711,151904031.216479,159,gaussian (identity),9-11th grade,5.58257374273091,0.956902746876445,3.11721921136847e-08,3.70704435885308,7.45810312660874,17.9104411767296,4.41219008919297e-12,1406,13856840.2046136
racethn_combn,NHW,1999-2020,21.2,WTSAF.COMBN,age+gender,educ_level,fg,11711,151904031.216479,159,gaussian (identity),Less than 9th grade,5.03732662595889,1.71577924950036,0.00383964943852877,1.67439929693819,8.40025395497958,17.9104411767296,4.41219008919297e-12,572,4373266.58802201
racethn_combn,NHB,1999-2020,21.2,WTSAF.COMBN,age+gender,educ_level,fg,5790,25395133.7505473,139,gaussian (identity),College graduate or above (Intercept),81.6768451851407,1.46244710528875,3.34838562471422e-94,78.8104488587747,84.5432415115066,0.670213880534724,0.613764308723096,862,4320215.08678481
racethn_combn,NHB,1999-2020,21.2,WTSAF.COMBN,age+gender,educ_level,fg,5790,25395133.7505473,139,gaussian (identity),Some college or AA degree,1.40610128579234,1.42645488794101,0.326054812248843,-1.38975029457204,4.20195286615672,0.670213880534724,0.613764308723096,1862,8609418.71856281
racethn_combn,NHB,1999-2020,21.2,WTSAF.COMBN,age+gender,educ_level,fg,5790,25395133.7505473,139,gaussian (identity),HS graduate or GED,0.948426548195886,1.33834521300296,0.479778150218071,-1.67473006928991,3.57158316568168,0.670213880534724,0.613764308723096,1530,6727107.67488815
racethn_combn,NHB,1999-2020,21.2,WTSAF.COMBN,age+gender,educ_level,fg,5790,25395133.7505473,139,gaussian (identity),9-11th grade,2.2816994772573,1.90041036213044,0.232026774709781,-1.44310483251836,6.00650378703296,0.670213880534724,0.613764308723096,1247,4792682.02428243
racethn_combn,NHB,1999-2020,21.2,WTSAF.COMBN,age+gender,educ_level,fg,5790,25395133.7505473,139,gaussian (identity),Less than 9th grade,-1.73590778839029,2.96204320000862,0.558834617479226,-7.54151246040718,4.06969688362661,0.670213880534724,0.613764308723096,289,945710.246029052
racethn_combn,Mexican-American,1999-2020,21.2,WTSAF.COMBN,age+gender,educ_level,fg,4924,18835712.6124688,124,gaussian (identity),College graduate or above (Intercept),74.3005906229905,2.32351812837262,5.74453207810378e-60,69.7464950913802,78.8546861546008,3.0596375086756,0.0193760119814691,289,1521549.11674731
racethn_combn,Mexican-American,1999-2020,21.2,WTSAF.COMBN,age+gender,educ_level,fg,4924,18835712.6124688,124,gaussian (identity),Some college or AA degree,5.80088785594712,2.24392216844838,0.0109508556075283,1.4028004057883,10.1989753061059,3.0596375086756,0.0193760119814691,932,4104715.1691874
racethn_combn,Mexican-American,1999-2020,21.2,WTSAF.COMBN,age+gender,educ_level,fg,4924,18835712.6124688,124,gaussian (identity),HS graduate or GED,6.45409919911759,2.21598738252071,0.00428886622303228,2.110763929377,10.7974344688582,3.0596375086756,0.0193760119814691,964,4387858.91326697
racethn_combn,Mexican-American,1999-2020,21.2,WTSAF.COMBN,age+gender,educ_level,fg,4924,18835712.6124688,124,gaussian (identity),9-11th grade,5.759386284574,2.06311215431668,0.00611954632408574,1.71568646211331,9.80308610703469,3.0596375086756,0.0193760119814691,1115,4123659.14775731
racethn_combn,Mexican-American,1999-2020,21.2,WTSAF.COMBN,age+gender,educ_level,fg,4924,18835712.6124688,124,gaussian (identity),Less than 9th grade,6.99139748617036,2.08854666691207,0.00109466652419707,2.89784601902271,11.084948953318,3.0596375086756,0.0193760119814691,1624,4697930.26550977
racethn_combn,Other Hispanic,1999-2020,21.2,WTSAF.COMBN,age+gender,educ_level,fg,2320,12839419.9225318,110,gaussian (identity),College graduate or above (Intercept),76.0234155160634,2.59666317774778,4.9777518143177e-52,70.9339556876777,81.112875344449,6.02973291768723,0.000210296312118593,351,2150169.15890226
racethn_combn,Other Hispanic,1999-2020,21.2,WTSAF.COMBN,age+gender,educ_level,fg,2320,12839419.9225318,110,gaussian (identity),Some college or AA degree,5.74268879415949,1.67133421353995,0.000849642507141133,2.46687373562118,9.0185038526978,6.02973291768723,0.000210296312118593,597,3477592.57001731
racethn_combn,Other Hispanic,1999-2020,21.2,WTSAF.COMBN,age+gender,educ_level,fg,2320,12839419.9225318,110,gaussian (identity),HS graduate or GED,4.03087506016072,1.81073578823502,0.0281649521187845,0.481832915220083,7.57991720510136,6.02973291768723,0.000210296312118593,455,2565098.98473941
racethn_combn,Other Hispanic,1999-2020,21.2,WTSAF.COMBN,age+gender,educ_level,fg,2320,12839419.9225318,110,gaussian (identity),9-11th grade,13.6860923813687,3.74254669656535,0.000402485747081326,6.35070085610056,21.0214839066368,6.02973291768723,0.000210296312118593,443,2366173.79070494
racethn_combn,Other Hispanic,1999-2020,21.2,WTSAF.COMBN,age+gender,educ_level,fg,2320,12839419.9225318,110,gaussian (identity),Less than 9th grade,8.86114940322327,3.40013895403578,0.0105009566160516,2.19687705331314,15.5254217531334,6.02973291768723,0.000210296312118593,474,2280385.41816785
racethn_combn,Other/Multi-Racial/NHAsian,1999-2020,21.2,WTSAF.COMBN,age+gender,educ_level,fg,634,6758590.8364271,62,gaussian (identity),College graduate or above (Intercept),74.6001983073548,3.4028930844629,3.69852735970881e-29,67.9305278618076,81.2698687529021,7.42437304913146,7.17243191824416e-05,189,2250370.4891937
racethn_combn,Other/Multi-Racial/NHAsian,1999-2020,21.2,WTSAF.COMBN,age+gender,educ_level,fg,634,6758590.8364271,62,gaussian (identity),Some college or AA degree,9.42502952862919,2.34598153165261,0.000177129395172349,4.82690572659007,14.0231533306683,7.42437304913146,7.17243191824416e-05,180,2033916.59926593
racethn_combn,Other/Multi-Racial/NHAsian,1999-2020,21.2,WTSAF.COMBN,age+gender,educ_level,fg,634,6758590.8364271,62,gaussian (identity),HS graduate or GED,9.58073147221928,3.70699363681075,0.0123856717026178,2.3150239440702,16.8464390003684,7.42437304913146,7.17243191824416e-05,129,1296943.0848895
racethn_combn,Other/Multi-Racial/NHAsian,1999-2020,21.2,WTSAF.COMBN,age+gender,educ_level,fg,634,6758590.8364271,62,gaussian (identity),9-11th grade,10.2059121046358,4.89219690385148,0.0415309349154908,0.61720617308694,19.7946180361847,7.42437304913146,7.17243191824416e-05,69,597549.074873371
racethn_combn,Other/Multi-Racial/NHAsian,1999-2020,21.2,WTSAF.COMBN,age+gender,educ_level,fg,634,6758590.8364271,62,gaussian (identity),Less than 9th grade,10.8380943595493,4.24639696494437,0.0134561185799121,2.5151563082583,19.1610324108402,7.42437304913146,7.17243191824416e-05,67,579811.588204603
racethn_combn,NHAsian,1999-2020,21.2,WTSAF.COMBN,age+gender,educ_level,fg,1495,5772598.92860294,63,gaussian (identity),College graduate or above (Intercept),79.2630942657621,1.61137528048016,2.20994066033364e-48,76.1047987160209,82.4213898155032,1.42423469863742,0.237664424540784,768,3086216.36640901
racethn_combn,NHAsian,1999-2020,21.2,WTSAF.COMBN,age+gender,educ_level,fg,1495,5772598.92860294,63,gaussian (identity),Some college or AA degree,3.68157170323208,1.74203169471522,0.0389579369082403,0.267189581590251,7.09595382487391,1.42423469863742,0.237664424540784,273,1081242.85924071
racethn_combn,NHAsian,1999-2020,21.2,WTSAF.COMBN,age+gender,educ_level,fg,1495,5772598.92860294,63,gaussian (identity),HS graduate or GED,1.93307284398227,1.80098794841569,0.287641577673916,-1.59686353491248,5.46300922287701,1.42423469863742,0.237664424540784,229,832996.060506098
racethn_combn,NHAsian,1999-2020,21.2,WTSAF.COMBN,age+gender,educ_level,fg,1495,5772598.92860294,63,gaussian (identity),9-11th grade,0.851863085108339,2.79998159993111,0.762053911698033,-4.63610085075664,6.33982702097331,1.42423469863742,0.237664424540784,109,378216.68011842
racethn_combn,NHAsian,1999-2020,21.2,WTSAF.COMBN,age+gender,educ_level,fg,1495,5772598.92860294,63,gaussian (identity),Less than 9th grade,1.280525080748,2.83166504960229,0.652829503839475,-4.26953841647249,6.83058857796849,1.42423469863742,0.237664424540784,116,393926.962328704
racethn_combn,Other/Multi-Racial,1999-2020,21.2,WTSAF.COMBN,age+gender,educ_level,fg,445,3611447.87897199,57,gaussian (identity),College graduate or above (Intercept),82.6802655107987,4.08061988358957,4.74497333522219e-26,74.6822505389632,90.6782804826343,2.21418543625985,0.0804375553429615,97,842731.379665526
racethn_combn,Other/Multi-Racial,1999-2020,21.2,WTSAF.COMBN,age+gender,educ_level,fg,445,3611447.87897199,57,gaussian (identity),Some college or AA degree,10.5229741562554,4.16310696429155,0.0146228171370085,2.36328450624398,18.6826638062668,2.21418543625985,0.0804375553429615,199,1525201.82022959
racethn_combn,Other/Multi-Racial,1999-2020,21.2,WTSAF.COMBN,age+gender,educ_level,fg,445,3611447.87897199,57,gaussian (identity),HS graduate or GED,6.23184313402483,2.78212148225442,0.0294797682949911,0.778885028806165,11.6848012392435,2.21418543625985,0.0804375553429615,87,808369.841620166
racethn_combn,Other/Multi-Racial,1999-2020,21.2,WTSAF.COMBN,age+gender,educ_level,fg,445,3611447.87897199,57,gaussian (identity),9-11th grade,9.1256221773708,5.64759446073311,0.112298503437718,-1.9436629656661,20.1949073204077,2.21418543625985,0.0804375553429615,46,327245.38097352
racethn_combn,Other/Multi-Racial,1999-2020,21.2,WTSAF.COMBN,age+gender,educ_level,fg,445,3611447.87897199,57,gaussian (identity),Less than 9th grade,18.719111967816,22.4160179126721,0.407569099172552,-25.2162831410214,62.6545070766533,2.21418543625985,0.0804375553429615,16,107899.456483189
racethn_combn,NHW,1999-2020,21.2,WTSAF.COMBN,age+gender,educ_level,fi,11540,149572490.710713,159,gaussian (identity),College graduate or above (Intercept),7.80060752152598,0.495502149202675,8.19309012976214e-34,6.82942330908874,8.77179173396323,16.1309387822783,4.8332113426229e-11,2996,46464553.8124051
racethn_combn,NHW,1999-2020,21.2,WTSAF.COMBN,age+gender,educ_level,fi,11540,149572490.710713,159,gaussian (identity),Some college or AA degree,2.07779890918793,0.358404753587833,3.72973128054984e-08,1.37532559215578,2.78027222622009,16.1309387822783,4.8332113426229e-11,3569,47306643.6587213
racethn_combn,NHW,1999-2020,21.2,WTSAF.COMBN,age+gender,educ_level,fi,11540,149572490.710713,159,gaussian (identity),HS graduate or GED,2.45918966568278,0.421138785131678,3.0360718092032e-08,1.63375764682469,3.28462168454087,16.1309387822783,4.8332113426229e-11,3022,37823224.5712672
racethn_combn,NHW,1999-2020,21.2,WTSAF.COMBN,age+gender,educ_level,fi,11540,149572490.710713,159,gaussian (identity),9-11th grade,2.87477264371242,0.464374078971192,5.26029530004954e-09,1.96459944892889,3.78494583849596,16.1309387822783,4.8332113426229e-11,1388,13668990.5264984
racethn_combn,NHW,1999-2020,21.2,WTSAF.COMBN,age+gender,educ_level,fi,11540,149572490.710713,159,gaussian (identity),Less than 9th grade,2.05531114723639,0.710616322367604,0.00438224194296716,0.662503155395885,3.44811913907689,16.1309387822783,4.8332113426229e-11,565,4309078.14182088
racethn_combn,NHB,1999-2020,21.2,WTSAF.COMBN,age+gender,educ_level,fi,5600,24610664.6939523,139,gaussian (identity),College graduate or above (Intercept),13.0642084977377,0.649501391628111,3.6429421395401e-42,11.7911857701466,14.3372312253288,1.14808728539124,0.336827442766795,839,4229868.79588813
racethn_combn,NHB,1999-2020,21.2,WTSAF.COMBN,age+gender,educ_level,fi,5600,24610664.6939523,139,gaussian (identity),Some college or AA degree,0.602162363658398,0.543702364971989,0.27006724492759,-0.4634942716867,1.6678189990035,1.14808728539124,0.336827442766795,1807,8381275.03023021
racethn_combn,NHB,1999-2020,21.2,WTSAF.COMBN,age+gender,educ_level,fi,5600,24610664.6939523,139,gaussian (identity),HS graduate or GED,1.02011196149715,0.655497210839654,0.122027077403945,-0.264662571748567,2.30488649474287,1.14808728539124,0.336827442766795,1481,6497784.59197935
racethn_combn,NHB,1999-2020,21.2,WTSAF.COMBN,age+gender,educ_level,fi,5600,24610664.6939523,139,gaussian (identity),9-11th grade,0.412653257234718,0.679977228917214,0.544976173389448,-0.920102111443021,1.74540862591246,1.14808728539124,0.336827442766795,1205,4619374.38939019
racethn_combn,NHB,1999-2020,21.2,WTSAF.COMBN,age+gender,educ_level,fi,5600,24610664.6939523,139,gaussian (identity),Less than 9th grade,-0.54735689676081,1.1309102747192,0.629184163709747,-2.76394103521043,1.66922724168881,1.14808728539124,0.336827442766795,268,882361.88646443
racethn_combn,Mexican-American,1999-2020,21.2,WTSAF.COMBN,age+gender,educ_level,fi,4864,18567198.8070712,124,gaussian (identity),College graduate or above (Intercept),11.7124090502393,1.29139485924961,3.16640152696119e-15,9.18127512611002,14.2435429743685,2.08628607852599,0.0868982992456263,289,1508955.43812184
racethn_combn,Mexican-American,1999-2020,21.2,WTSAF.COMBN,age+gender,educ_level,fi,4864,18567198.8070712,124,gaussian (identity),Some college or AA degree,1.13254938607892,0.739913943521679,0.12853239169809,-0.31768194322357,2.58278071538141,2.08628607852599,0.0868982992456263,921,4036555.08778943
racethn_combn,Mexican-American,1999-2020,21.2,WTSAF.COMBN,age+gender,educ_level,fi,4864,18567198.8070712,124,gaussian (identity),HS graduate or GED,3.55603256338173,1.74219929574117,0.0434698154612708,0.141321943729037,6.97074318303443,2.08628607852599,0.0868982992456263,957,4344015.66089065
racethn_combn,Mexican-American,1999-2020,21.2,WTSAF.COMBN,age+gender,educ_level,fi,4864,18567198.8070712,124,gaussian (identity),9-11th grade,1.15325140918692,0.817670971710397,0.161049297037371,-0.449383695365459,2.7558865137393,2.08628607852599,0.0868982992456263,1100,4053547.39476871
racethn_combn,Mexican-American,1999-2020,21.2,WTSAF.COMBN,age+gender,educ_level,fi,4864,18567198.8070712,124,gaussian (identity),Less than 9th grade,-0.0813962173616454,0.909513002799094,0.928840816849936,-1.86404170284787,1.70124926812458,2.08628607852599,0.0868982992456263,1597,4624125.22550056
racethn_combn,Other Hispanic,1999-2020,21.2,WTSAF.COMBN,age+gender,educ_level,fi,2274,12553698.4053441,110,gaussian (identity),College graduate or above (Intercept),8.86419249541702,1.37872707353109,3.96334481571186e-09,6.16188743129608,11.566497559538,3.00721877723157,0.0215705022012768,348,2134687.90918528
racethn_combn,Other Hispanic,1999-2020,21.2,WTSAF.COMBN,age+gender,educ_level,fi,2274,12553698.4053441,110,gaussian (identity),Some college or AA degree,4.21689297874889,1.73718988802023,0.0169249411184877,0.812000798229238,7.62178515926854,3.00721877723157,0.0215705022012768,582,3390058.85476788
racethn_combn,Other Hispanic,1999-2020,21.2,WTSAF.COMBN,age+gender,educ_level,fi,2274,12553698.4053441,110,gaussian (identity),HS graduate or GED,1.93493325758416,1.0816789535866,0.0765544794593623,-0.185157491445572,4.05502400661389,3.00721877723157,0.0215705022012768,444,2499491.3183967
racethn_combn,Other Hispanic,1999-2020,21.2,WTSAF.COMBN,age+gender,educ_level,fi,2274,12553698.4053441,110,gaussian (identity),9-11th grade,1.89238021923126,1.06419776232049,0.0782896794139752,-0.193447394916914,3.97820783337943,3.00721877723157,0.0215705022012768,436,2309168.20336494
racethn_combn,Other Hispanic,1999-2020,21.2,WTSAF.COMBN,age+gender,educ_level,fi,2274,12553698.4053441,110,gaussian (identity),Less than 9th grade,1.52412318763505,0.797478789134608,0.0587349101269946,-0.0389352390687794,3.08718161433888,3.00721877723157,0.0215705022012768,464,2220292.11962934
racethn_combn,Other/Multi-Racial/NHAsian,1999-2020,21.2,WTSAF.COMBN,age+gender,educ_level,fi,617,6638417.08409055,62,gaussian (identity),College graduate or above (Intercept),6.28678987646045,1.20265184672923,2.63744702819504e-06,3.92959225687115,8.64398749604975,0.687258736024464,0.60380079165872,187,2225097.08749559
racethn_combn,Other/Multi-Racial/NHAsian,1999-2020,21.2,WTSAF.COMBN,age+gender,educ_level,fi,617,6638417.08409055,62,gaussian (identity),Some college or AA degree,1.39099206739342,1.13729406645811,0.226424742143835,-0.838104302864483,3.62008843765131,0.687258736024464,0.60380079165872,177,2022932.91795041
racethn_combn,Other/Multi-Racial/NHAsian,1999-2020,21.2,WTSAF.COMBN,age+gender,educ_level,fi,617,6638417.08409055,62,gaussian (identity),HS graduate or GED,0.791989448517023,1.54439460188218,0.610097430505081,-2.23502397117205,3.81900286820609,0.687258736024464,0.60380079165872,122,1247142.7055566
racethn_combn,Other/Multi-Racial/NHAsian,1999-2020,21.2,WTSAF.COMBN,age+gender,educ_level,fi,617,6638417.08409055,62,gaussian (identity),9-11th grade,1.61647049500139,1.40600584724545,0.255158081527434,-1.1393009655997,4.37224195560248,0.687258736024464,0.60380079165872,66,568390.410921087
racethn_combn,Other/Multi-Racial/NHAsian,1999-2020,21.2,WTSAF.COMBN,age+gender,educ_level,fi,617,6638417.08409055,62,gaussian (identity),Less than 9th grade,-0.169052845779159,1.28992820444449,0.89620068925273,-2.69731212649036,2.35920643493204,0.687258736024464,0.60380079165872,65,574853.962166867
racethn_combn,NHAsian,1999-2020,21.2,WTSAF.COMBN,age+gender,educ_level,fi,1456,5633260.86948658,62,gaussian (identity),College graduate or above (Intercept),8.74632514332116,1.19318900082503,9.84920681951074e-10,6.40767470170409,11.0849755849382,1.15033703704364,0.342569019927149,747,2997647.42002834
racethn_combn,NHAsian,1999-2020,21.2,WTSAF.COMBN,age+gender,educ_level,fi,1456,5633260.86948658,62,gaussian (identity),Some college or AA degree,1.83238630001121,0.964483753400764,0.0626050296605388,-0.0580018566542857,3.72277445667671,1.15033703704364,0.342569019927149,268,1065673.59950263
racethn_combn,NHAsian,1999-2020,21.2,WTSAF.COMBN,age+gender,educ_level,fi,1456,5633260.86948658,62,gaussian (identity),HS graduate or GED,0.639995777632071,0.742071277835452,0.392121008316196,-0.814463926925415,2.09445548218956,1.15033703704364,0.342569019927149,222,817292.519037157
racethn_combn,NHAsian,1999-2020,21.2,WTSAF.COMBN,age+gender,educ_level,fi,1456,5633260.86948658,62,gaussian (identity),9-11th grade,1.17435976202779,1.46310839338674,0.425572131933,-1.69333268901021,4.0420522130658,1.15033703704364,0.342569019927149,104,361952.652314917
racethn_combn,NHAsian,1999-2020,21.2,WTSAF.COMBN,age+gender,educ_level,fi,1456,5633260.86948658,62,gaussian (identity),Less than 9th grade,1.14222477365561,1.60337775867506,0.479183154746261,-2.00039563334751,4.28484518065874,1.15033703704364,0.342569019927149,115,390694.678603539
racethn_combn,Other/Multi-Racial,1999-2020,21.2,WTSAF.COMBN,age+gender,educ_level,fi,429,3478223.12093349,55,gaussian (identity),College graduate or above (Intercept),4.87534070454587,3.22769374181275,0.137345430388844,-1.45093902940713,11.2016204384989,3.09160562634094,0.0239375536240152,93,817634.194474879
racethn_combn,Other/Multi-Racial,1999-2020,21.2,WTSAF.COMBN,age+gender,educ_level,fi,429,3478223.12093349,55,gaussian (identity),Some college or AA degree,4.82106066116347,2.02589815313947,0.0212629861340828,0.8503002810101,8.79182104131684,3.09160562634094,0.0239375536240152,192,1490947.16485376
racethn_combn,Other/Multi-Racial,1999-2020,21.2,WTSAF.COMBN,age+gender,educ_level,fi,429,3478223.12093349,55,gaussian (identity),HS graduate or GED,7.62276377433839,2.73466762290042,0.00753912973156694,2.26281523345356,12.9827123152232,3.09160562634094,0.0239375536240152,83,752999.837450032
racethn_combn,Other/Multi-Racial,1999-2020,21.2,WTSAF.COMBN,age+gender,educ_level,fi,429,3478223.12093349,55,gaussian (identity),9-11th grade,0.992593405328602,2.46929325674445,0.689450701715195,-3.84722137789053,5.83240818854773,3.09160562634094,0.0239375536240152,45,308742.467671633
racethn_combn,Other/Multi-Racial,1999-2020,21.2,WTSAF.COMBN,age+gender,educ_level,fi,429,3478223.12093349,55,gaussian (identity),Less than 9th grade,-0.592706398706365,1.75054978184852,0.736370493690848,-4.02378397112946,2.83837117371673,3.09160562634094,0.0239375536240152,16,107899.456483189
racethn_combn,NHW,1999-2020,21.2,WTSAF.COMBN,age+gender,educ_level,tg,11560,150613255.86622,159,gaussian (identity),College graduate or above (Intercept),83.8422834502606,3.60015844261754,3.64914363597094e-52,76.7859729027302,90.898593997791,11.3830629472246,4.10242726629099e-08,3008,46834041.4422681
racethn_combn,NHW,1999-2020,21.2,WTSAF.COMBN,age+gender,educ_level,tg,11560,150613255.86622,159,gaussian (identity),Some college or AA degree,15.7563427062109,3.37256706250352,6.49020832795805e-06,9.14611126370403,22.3665741487178,11.3830629472246,4.10242726629099e-08,3565,47613889.0996168
racethn_combn,NHW,1999-2020,21.2,WTSAF.COMBN,age+gender,educ_level,tg,11560,150613255.86622,159,gaussian (identity),HS graduate or GED,18.0392918594064,3.73093673629852,3.21299040320422e-06,10.7266558562613,25.3519278625515,11.3830629472246,4.10242726629099e-08,3031,38062217.615807
racethn_combn,NHW,1999-2020,21.2,WTSAF.COMBN,age+gender,educ_level,tg,11560,150613255.86622,159,gaussian (identity),9-11th grade,25.2314922765938,4.42627986457668,5.97603635460142e-08,16.5559837420235,33.9070008111641,11.3830629472246,4.10242726629099e-08,1391,13781917.0944257
racethn_combn,NHW,1999-2020,21.2,WTSAF.COMBN,age+gender,educ_level,tg,11560,150613255.86622,159,gaussian (identity),Less than 9th grade,17.8183439952807,6.11143736749935,0.00408429427586506,5.83992675498197,29.7967612355794,11.3830629472246,4.10242726629099e-08,565,4321190.61410267
racethn_combn,NHB,1999-2020,21.2,WTSAF.COMBN,age+gender,educ_level,tg,5620,24884394.6144965,139,gaussian (identity),College graduate or above (Intercept),60.0264537494379,3.25547091245023,1.85576569222891e-38,53.6457307610354,66.4071767378404,3.4097128425272,0.0108895081545391,843,4285520.4872971
racethn_combn,NHB,1999-2020,21.2,WTSAF.COMBN,age+gender,educ_level,tg,5620,24884394.6144965,139,gaussian (identity),Some college or AA degree,8.88950886761368,2.99069551086207,0.00350860359367095,3.02774566632403,14.7512720689033,3.4097128425272,0.0108895081545391,1815,8459468.34746727
racethn_combn,NHB,1999-2020,21.2,WTSAF.COMBN,age+gender,educ_level,tg,5620,24884394.6144965,139,gaussian (identity),HS graduate or GED,9.06089947831321,2.93668971557371,0.00247335257773979,3.30498763578873,14.8168113208377,3.4097128425272,0.0108895081545391,1480,6586227.80834769
racethn_combn,NHB,1999-2020,21.2,WTSAF.COMBN,age+gender,educ_level,tg,5620,24884394.6144965,139,gaussian (identity),9-11th grade,8.5334440534399,2.86101326615254,0.00340014517538852,2.92585805178092,14.1410300550989,3.4097128425272,0.0108895081545391,1210,4659248.52077783
racethn_combn,NHB,1999-2020,21.2,WTSAF.COMBN,age+gender,educ_level,tg,5620,24884394.6144965,139,gaussian (identity),Less than 9th grade,7.81816858045987,5.36290988162175,0.147246835428669,-2.69313478751876,18.3294719484385,3.4097128425272,0.0108895081545391,272,893929.450606613
racethn_combn,Mexican-American,1999-2020,21.2,WTSAF.COMBN,age+gender,educ_level,tg,4877,18720427.2897452,124,gaussian (identity),College graduate or above (Intercept),75.288284923918,10.522896946104,7.64964250636391e-11,54.6634069095541,95.9131629382819,2.41258713680702,0.0528401377365099,288,1517106.3450492
racethn_combn,Mexican-American,1999-2020,21.2,WTSAF.COMBN,age+gender,educ_level,tg,4877,18720427.2897452,124,gaussian (identity),Some college or AA degree,13.8294641667009,10.0833675545499,0.17281760963923,-5.933936240217,33.5928645736188,2.41258713680702,0.0528401377365099,924,4074943.70324382
racethn_combn,Mexican-American,1999-2020,21.2,WTSAF.COMBN,age+gender,educ_level,tg,4877,18720427.2897452,124,gaussian (identity),HS graduate or GED,19.3984349549462,10.4370397046883,0.0655735506084526,-1.0581628662429,39.8550327761352,2.41258713680702,0.0528401377365099,955,4350012.06424536
racethn_combn,Mexican-American,1999-2020,21.2,WTSAF.COMBN,age+gender,educ_level,tg,4877,18720427.2897452,124,gaussian (identity),9-11th grade,21.535793205558,10.0584744641398,0.034326282564337,1.82118325584402,41.250403155272,2.41258713680702,0.0528401377365099,1109,4107126.25733828
racethn_combn,Mexican-American,1999-2020,21.2,WTSAF.COMBN,age+gender,educ_level,tg,4877,18720427.2897452,124,gaussian (identity),Less than 9th grade,26.7218339375876,9.88925475416616,0.00790620516291751,7.3388946194219,46.1047732557532,2.41258713680702,0.0528401377365099,1601,4671238.91986856
racethn_combn,Other Hispanic,1999-2020,21.2,WTSAF.COMBN,age+gender,educ_level,tg,2276,12687643.9861486,110,gaussian (identity),College graduate or above (Intercept),72.6176180734676,9.72778909238575,2.65422656133721e-11,53.5511514523915,91.6840846945436,7.29241179632048,3.23397824048621e-05,345,2143102.4694683
racethn_combn,Other Hispanic,1999-2020,21.2,WTSAF.COMBN,age+gender,educ_level,tg,2276,12687643.9861486,110,gaussian (identity),Some college or AA degree,26.5399013432596,7.36328808633354,0.000482107104890598,12.1078566940459,40.9719459924733,7.29241179632048,3.23397824048621e-05,581,3434626.20461139
racethn_combn,Other Hispanic,1999-2020,21.2,WTSAF.COMBN,age+gender,educ_level,tg,2276,12687643.9861486,110,gaussian (identity),HS graduate or GED,17.383770411517,9.02613076177985,0.0568425480928712,-0.307445881571553,35.0749867046055,7.29241179632048,3.23397824048621e-05,448,2526662.89858066
racethn_combn,Other Hispanic,1999-2020,21.2,WTSAF.COMBN,age+gender,educ_level,tg,2276,12687643.9861486,110,gaussian (identity),9-11th grade,19.7111581579991,7.95593547764874,0.0148394646121795,4.1175246218076,35.3047916941906,7.29241179632048,3.23397824048621e-05,437,2351211.1210302
racethn_combn,Other Hispanic,1999-2020,21.2,WTSAF.COMBN,age+gender,educ_level,tg,2276,12687643.9861486,110,gaussian (identity),Less than 9th grade,51.834182913012,18.2991216264063,0.00554554141586881,15.9679045252555,87.7004613007684,7.29241179632048,3.23397824048621e-05,465,2232041.29245806
racethn_combn,Other/Multi-Racial/NHAsian,1999-2020,21.2,WTSAF.COMBN,age+gender,educ_level,tg,620,6658833.00107168,62,gaussian (identity),College graduate or above (Intercept),38.1287588182007,17.5666588174464,0.0342234731671611,3.69810753600567,72.5594101003957,2.47737013220863,0.0543931955289543,187,2225097.08749559
racethn_combn,Other/Multi-Racial/NHAsian,1999-2020,21.2,WTSAF.COMBN,age+gender,educ_level,tg,620,6658833.00107168,62,gaussian (identity),Some college or AA degree,37.3801303251889,16.0265413945453,0.0233003425494938,5.96810919188017,68.7921514584977,2.47737013220863,0.0543931955289543,177,2022932.91795041
racethn_combn,Other/Multi-Racial/NHAsian,1999-2020,21.2,WTSAF.COMBN,age+gender,educ_level,tg,620,6658833.00107168,62,gaussian (identity),HS graduate or GED,19.0851873948955,15.4263469316564,0.221182683356397,-11.1504525911511,49.3208273809421,2.47737013220863,0.0543931955289543,124,1264994.48800943
racethn_combn,Other/Multi-Racial/NHAsian,1999-2020,21.2,WTSAF.COMBN,age+gender,educ_level,tg,620,6658833.00107168,62,gaussian (identity),9-11th grade,46.3725553598319,21.3816722913382,0.0343603452947668,4.46447766880908,88.2806330508547,2.47737013220863,0.0543931955289543,67,570954.545449389
racethn_combn,Other/Multi-Racial/NHAsian,1999-2020,21.2,WTSAF.COMBN,age+gender,educ_level,tg,620,6658833.00107168,62,gaussian (identity),Less than 9th grade,21.0900189682104,15.6125542633335,0.182180767481963,-9.51058738792333,51.6906253243441,2.47737013220863,0.0543931955289543,65,574853.962166867
racethn_combn,NHAsian,1999-2020,21.2,WTSAF.COMBN,age+gender,educ_level,tg,1452,5710157.17688467,62,gaussian (identity),College graduate or above (Intercept),72.7775209670248,6.95725209964041,8.71529452220062e-15,59.1413068517296,86.41373508232,0.904569454432274,0.467625894793922,744,3037663.93111669
racethn_combn,NHAsian,1999-2020,21.2,WTSAF.COMBN,age+gender,educ_level,tg,1452,5710157.17688467,62,gaussian (identity),Some college or AA degree,13.6475693103848,8.07946286598976,0.0967483586382754,-2.1881779069551,29.4833165277248,0.904569454432274,0.467625894793922,271,1081242.85924071
racethn_combn,NHAsian,1999-2020,21.2,WTSAF.COMBN,age+gender,educ_level,tg,1452,5710157.17688467,62,gaussian (identity),HS graduate or GED,5.17235945265564,6.45268332572738,0.426182678301236,-7.47489986577002,17.8196187710813,0.904569454432274,0.467625894793922,218,827490.986958268
racethn_combn,NHAsian,1999-2020,21.2,WTSAF.COMBN,age+gender,educ_level,tg,1452,5710157.17688467,62,gaussian (identity),9-11th grade,-2.59596558702455,9.70467728676296,0.790069783948566,-21.6171330690799,16.4252018950309,0.904569454432274,0.467625894793922,106,373064.720965472
racethn_combn,NHAsian,1999-2020,21.2,WTSAF.COMBN,age+gender,educ_level,tg,1452,5710157.17688467,62,gaussian (identity),Less than 9th grade,-1.33165135503545,9.8884762864574,0.893358027009513,-20.713064876492,18.0497621664211,0.904569454432274,0.467625894793922,113,390694.678603539
racethn_combn,Other/Multi-Racial,1999-2020,21.2,WTSAF.COMBN,age+gender,educ_level,tg,432,3543667.90377861,57,gaussian (identity),College graduate or above (Intercept),110.988313354778,22.4996825967787,9.02606136855744e-06,66.8889354650916,155.087691244464,0.365043664319738,0.832373074214083,94,832119.338993181
racethn_combn,Other/Multi-Racial,1999-2020,21.2,WTSAF.COMBN,age+gender,educ_level,tg,432,3543667.90377861,57,gaussian (identity),Some college or AA degree,-16.9365071231586,16.0419034421245,0.296050607888549,-48.3786378697226,14.5056236234054,0.365043664319738,0.832373074214083,192,1507684.6348595
racethn_combn,Other/Multi-Racial,1999-2020,21.2,WTSAF.COMBN,age+gender,educ_level,tg,432,3543667.90377861,57,gaussian (identity),HS graduate or GED,-8.37517333864054,17.5602503849853,0.635442750553958,-42.7932640932118,26.0429174159307,0.365043664319738,0.832373074214083,85,768719.092469222
racethn_combn,Other/Multi-Racial,1999-2020,21.2,WTSAF.COMBN,age+gender,educ_level,tg,432,3543667.90377861,57,gaussian (identity),9-11th grade,-4.08454215522819,20.4696843549027,0.842633012272338,-44.2051234908374,36.036039180381,0.365043664319738,0.832373074214083,45,327245.38097352
racethn_combn,Other/Multi-Racial,1999-2020,21.2,WTSAF.COMBN,age+gender,educ_level,tg,432,3543667.90377861,57,gaussian (identity),Less than 9th grade,-1.77580070949379,26.7187571795042,0.94726931922585,-54.1445647813219,50.5929633623344,0.365043664319738,0.832373074214083,16,107899.456483189
racethn_combn,NHW,1999-2020,21.2,WTMEC.COMBN,age+gender,educ_level,tc,23863,144736070.932608,162,gaussian (identity),College graduate or above (Intercept),184.008562369161,1.19389374046602,2.18766023300517e-172,181.668530637847,186.348594100474,4.60625347310017,0.00152713333060862,6201,45182681.9964513
racethn_combn,NHW,1999-2020,21.2,WTMEC.COMBN,age+gender,educ_level,tc,23863,144736070.932608,162,gaussian (identity),Some college or AA degree,0.280624492779864,0.907002595886206,0.757431907427636,-1.4971005951571,2.05834958071683,4.60625347310017,0.00152713333060862,7479,46110791.9204907
racethn_combn,NHW,1999-2020,21.2,WTMEC.COMBN,age+gender,educ_level,tc,23863,144736070.932608,162,gaussian (identity),HS graduate or GED,-0.522586651635119,0.964216418367508,0.588605134530612,-2.41245083163543,1.3672775283652,4.60625347310017,0.00152713333060862,6241,36423180.0098945
racethn_combn,NHW,1999-2020,21.2,WTMEC.COMBN,age+gender,educ_level,tc,23863,144736070.932608,162,gaussian (identity),9-11th grade,-1.73146130468815,1.21977306754146,0.15775000230585,-4.1222165170694,0.659293907693111,4.60625347310017,0.00152713333060862,2853,13155585.678889
racethn_combn,NHW,1999-2020,21.2,WTMEC.COMBN,age+gender,educ_level,tc,23863,144736070.932608,162,gaussian (identity),Less than 9th grade,-6.07771888820849,1.55133784863283,0.000133396105075195,-9.11834107152884,-3.03709670488813,4.60625347310017,0.00152713333060862,1089,3863831.32688206
racethn_combn,Other/Multi-Racial/NHAsian,1999-2020,21.2,WTMEC.COMBN,age+gender,educ_level,tc,1303,6264486.35373709,85,gaussian (identity),College graduate or above (Intercept),175.544398552055,3.39069997124177,1.00498847793021e-62,168.898626608421,182.190170495689,1.16744718681114,0.331572512416995,392,2140630.00100896
racethn_combn,Other/Multi-Racial/NHAsian,1999-2020,21.2,WTMEC.COMBN,age+gender,educ_level,tc,1303,6264486.35373709,85,gaussian (identity),Some college or AA degree,-0.410820364022192,3.00923460469331,0.891757612773314,-6.30892018922107,5.48727946117669,1.16744718681114,0.331572512416995,354,1731740.3232578
racethn_combn,Other/Multi-Racial/NHAsian,1999-2020,21.2,WTMEC.COMBN,age+gender,educ_level,tc,1303,6264486.35373709,85,gaussian (identity),HS graduate or GED,3.85403196780918,4.00464923300753,0.33879060342186,-3.99508052888557,11.7031444645039,1.16744718681114,0.331572512416995,266,1183190.00866325
racethn_combn,Other/Multi-Racial/NHAsian,1999-2020,21.2,WTMEC.COMBN,age+gender,educ_level,tc,1303,6264486.35373709,85,gaussian (identity),9-11th grade,1.0259475443385,5.06233754260105,0.839919633422198,-8.89623403915956,10.9481291278366,1.16744718681114,0.331572512416995,156,683299.88695349
racethn_combn,Other/Multi-Racial/NHAsian,1999-2020,21.2,WTMEC.COMBN,age+gender,educ_level,tc,1303,6264486.35373709,85,gaussian (identity),Less than 9th grade,-6.41649222152261,4.55950716449051,0.163267454219886,-15.353126263924,2.52014182087879,1.16744718681114,0.331572512416995,135,525626.133853585
racethn_combn,NHB,1999-2020,21.2,WTMEC.COMBN,age+gender,educ_level,tc,11763,22937775.0992621,152,gaussian (identity),College graduate or above (Intercept),169.564337568337,1.62100665115188,3.50861681791339e-139,166.38716453208,172.741510604595,2.25279313269773,0.066205545606097,1772,3826158.24514994
racethn_combn,NHB,1999-2020,21.2,WTMEC.COMBN,age+gender,educ_level,tc,11763,22937775.0992621,152,gaussian (identity),Some college or AA degree,-2.44375906645688,1.27214791039709,0.056684336111612,-4.93716897083518,0.0496508379214253,2.25279313269773,0.066205545606097,3775,7671860.15234383
racethn_combn,NHB,1999-2020,21.2,WTMEC.COMBN,age+gender,educ_level,tc,11763,22937775.0992621,152,gaussian (identity),HS graduate or GED,-3.09033856890866,1.45363695139439,0.0351910741094515,-5.93946699364165,-0.24121014417566,2.25279313269773,0.066205545606097,3065,6048032.96592358
racethn_combn,NHB,1999-2020,21.2,WTMEC.COMBN,age+gender,educ_level,tc,11763,22937775.0992621,152,gaussian (identity),9-11th grade,-2.37870301519241,1.65338494871518,0.152379582821993,-5.61933751467416,0.861931484289342,2.25279313269773,0.066205545606097,2555,4480510.04977695
racethn_combn,NHB,1999-2020,21.2,WTMEC.COMBN,age+gender,educ_level,tc,11763,22937775.0992621,152,gaussian (identity),Less than 9th grade,-7.37194082589482,2.69773043853415,0.00705911614966103,-12.6594924854217,-2.08438916636789,2.25279313269773,0.066205545606097,596,911213.686067782
racethn_combn,Mexican-American,1999-2020,21.2,WTMEC.COMBN,age+gender,educ_level,tc,10032,17745755.9213946,145,gaussian (identity),College graduate or above (Intercept),170.792713762436,2.44452950571194,3.74649472973617e-110,166.001435931241,175.583991593632,3.01396187981166,0.0202069445421049,628,1466695.66420085
racethn_combn,Mexican-American,1999-2020,21.2,WTMEC.COMBN,age+gender,educ_level,tc,10032,17745755.9213946,145,gaussian (identity),Some college or AA degree,-1.67227471655881,2.03028256805738,0.411540358303266,-5.65162854995128,2.30707911683366,3.01396187981166,0.0202069445421049,1863,3781433.24403145
racethn_combn,Mexican-American,1999-2020,21.2,WTMEC.COMBN,age+gender,educ_level,tc,10032,17745755.9213946,145,gaussian (identity),HS graduate or GED,-2.81688524047515,1.95100112220373,0.151041051248061,-6.64084743999447,1.00707695904417,3.01396187981166,0.0202069445421049,2038,4133534.99273751
racethn_combn,Mexican-American,1999-2020,21.2,WTMEC.COMBN,age+gender,educ_level,tc,10032,17745755.9213946,145,gaussian (identity),9-11th grade,0.691767515593882,1.97381980447448,0.726515451901882,-3.17691930117611,4.56045433236387,3.01396187981166,0.0202069445421049,2238,3826280.47545581
racethn_combn,Mexican-American,1999-2020,21.2,WTMEC.COMBN,age+gender,educ_level,tc,10032,17745755.9213946,145,gaussian (identity),Less than 9th grade,1.91845364004861,1.98310086366361,0.335023841269367,-1.96842405273206,5.80533133282929,3.01396187981166,0.0202069445421049,3265,4537811.544969
racethn_combn,Other Hispanic,1999-2020,21.2,WTMEC.COMBN,age+gender,educ_level,tc,4641,12418718.8643734,138,gaussian (identity),College graduate or above (Intercept),165.262306735152,2.79855707830941,8.67102523362012e-97,159.777134861666,170.747478608639,0.672802750908901,0.611979209310687,679,2039416.47377957
racethn_combn,Other Hispanic,1999-2020,21.2,WTMEC.COMBN,age+gender,educ_level,tc,4641,12418718.8643734,138,gaussian (identity),Some college or AA degree,1.87033748398564,2.79350609040753,0.504326584247629,-3.60493445321312,7.34560942118441,0.672802750908901,0.611979209310687,1237,3589124.05283045
racethn_combn,Other Hispanic,1999-2020,21.2,WTMEC.COMBN,age+gender,educ_level,tc,4641,12418718.8643734,138,gaussian (identity),HS graduate or GED,-1.7926436926305,2.20278602069052,0.41722086191843,-6.11010429318391,2.52481690792292,0.672802750908901,0.611979209310687,938,2727315.26192262
racethn_combn,Other Hispanic,1999-2020,21.2,WTMEC.COMBN,age+gender,educ_level,tc,4641,12418718.8643734,138,gaussian (identity),9-11th grade,1.3829934089652,2.55979332104462,0.589917508752202,-3.63420150028225,6.40018831821265,0.672802750908901,0.611979209310687,852,2078074.19494568
racethn_combn,Other Hispanic,1999-2020,21.2,WTMEC.COMBN,age+gender,educ_level,tc,4641,12418718.8643734,138,gaussian (identity),Less than 9th grade,-0.239464703960399,2.78790728038341,0.931680774718811,-5.70376297351189,5.22483356559109,0.672802750908901,0.611979209310687,935,1984788.88089508
racethn_combn,NHAsian,1999-2020,21.2,WTMEC.COMBN,age+gender,educ_level,tc,2932,5363886.40638291,70,gaussian (identity),College graduate or above (Intercept),181.58240721332,2.43256102691998,5.83395131778764e-64,176.814587600556,186.350226826083,1.80058394821015,0.139634114470764,1471,2810674.9617757
racethn_combn,NHAsian,1999-2020,21.2,WTMEC.COMBN,age+gender,educ_level,tc,2932,5363886.40638291,70,gaussian (identity),Some college or AA degree,-2.53351502364469,2.12015399248026,0.236509233958193,-6.689016848906,1.62198680161662,1.80058394821015,0.139634114470764,586,1075140.33462426
racethn_combn,NHAsian,1999-2020,21.2,WTMEC.COMBN,age+gender,educ_level,tc,2932,5363886.40638291,70,gaussian (identity),HS graduate or GED,0.681851504144606,2.54965072289341,0.78999852139432,-4.31546391272648,5.67916692101569,1.80058394821015,0.139634114470764,433,767791.405299925
racethn_combn,NHAsian,1999-2020,21.2,WTMEC.COMBN,age+gender,educ_level,tc,2932,5363886.40638291,70,gaussian (identity),9-11th grade,0.103105309435442,3.45398935867864,0.976278715631729,-6.6667138335747,6.87292445244558,1.80058394821015,0.139634114470764,213,336473.168565453
racethn_combn,NHAsian,1999-2020,21.2,WTMEC.COMBN,age+gender,educ_level,tc,2932,5363886.40638291,70,gaussian (identity),Less than 9th grade,-7.06162144595753,3.3753329471182,0.0403990398682896,-13.6772740223092,-0.445968869605864,1.80058394821015,0.139634114470764,229,373806.536117566
racethn_combn,Other/Multi-Racial,1999-2020,21.2,WTMEC.COMBN,age+gender,educ_level,tc,908,3318321.52207726,72,gaussian (identity),College graduate or above (Intercept),186.540032340776,6.93122399214532,2.67005564949557e-37,172.954833316171,200.12523136538,3.09554329292909,0.0213346328921676,194,739477.487136755
racethn_combn,Other/Multi-Racial,1999-2020,21.2,WTMEC.COMBN,age+gender,educ_level,tc,908,3318321.52207726,72,gaussian (identity),Some college or AA degree,-4.59229737779793,6.17541729507492,0.459732509285042,-16.6961152761448,7.51152052054892,3.09554329292909,0.0213346328921676,390,1442062.80379645
racethn_combn,Other/Multi-Racial,1999-2020,21.2,WTMEC.COMBN,age+gender,educ_level,tc,908,3318321.52207726,72,gaussian (identity),HS graduate or GED,-10.2147080572575,6.02122086370471,0.0945125676891839,-22.0163009501188,1.5868848356037,3.09554329292909,0.0213346328921676,199,751186.200236604
racethn_combn,Other/Multi-Racial,1999-2020,21.2,WTMEC.COMBN,age+gender,educ_level,tc,908,3318321.52207726,72,gaussian (identity),9-11th grade,-4.18695593368579,7.61297672298608,0.584192171308161,-19.1083903107385,10.7344784433669,3.09554329292909,0.0213346328921676,93,296516.13326066
racethn_combn,Other/Multi-Racial,1999-2020,21.2,WTMEC.COMBN,age+gender,educ_level,tc,908,3318321.52207726,72,gaussian (identity),Less than 9th grade,-21.3704053721651,7.92040589143746,0.00884378574090477,-36.8944009193825,-5.84640982494769,3.09554329292909,0.0213346328921676,32,89078.8976467925
racethn_combn,NHW,1999-2020,21.2,WTMEC.COMBN,age+gender,educ_level,hdl,23861,144727456.136476,162,gaussian (identity),College graduate or above (Intercept),58.7035268029088,0.467482179156281,1.28460352895747e-158,57.7872617317625,59.6197918740551,102.45161285705,1.30391265387062e-42,6201,45182681.9964513
racethn_combn,NHW,1999-2020,21.2,WTMEC.COMBN,age+gender,educ_level,hdl,23861,144727456.136476,162,gaussian (identity),Some college or AA degree,-4.36153051867883,0.307972684180038,8.40399271982028e-30,-4.96515697967171,-3.75790405768596,102.45161285705,1.30391265387062e-42,7479,46110791.9204907
racethn_combn,NHW,1999-2020,21.2,WTMEC.COMBN,age+gender,educ_level,hdl,23861,144727456.136476,162,gaussian (identity),HS graduate or GED,-5.64836736325309,0.339533711105756,2.1768356736406e-36,-6.31385343702037,-4.98288128948581,102.45161285705,1.30391265387062e-42,6239,36414565.2137631
racethn_combn,NHW,1999-2020,21.2,WTMEC.COMBN,age+gender,educ_level,hdl,23861,144727456.136476,162,gaussian (identity),9-11th grade,-6.98280780883951,0.446991500093165,1.02302184653452e-33,-7.85891114902211,-6.10670446865691,102.45161285705,1.30391265387062e-42,2853,13155585.678889
racethn_combn,NHW,1999-2020,21.2,WTMEC.COMBN,age+gender,educ_level,hdl,23861,144727456.136476,162,gaussian (identity),Less than 9th grade,-8.5781149379387,0.632009597143046,3.32708460037894e-28,-9.81685374833907,-7.33937612753833,102.45161285705,1.30391265387062e-42,1089,3863831.32688206
racethn_combn,Other/Multi-Racial/NHAsian,1999-2020,21.2,WTMEC.COMBN,age+gender,educ_level,hdl,1303,6264486.35373709,85,gaussian (identity),College graduate or above (Intercept),59.3322979412428,1.75106597853747,8.15520238686056e-49,55.9002086233094,62.7643872591763,1.72290448323017,0.153207652276896,392,2140630.00100896
racethn_combn,Other/Multi-Racial/NHAsian,1999-2020,21.2,WTMEC.COMBN,age+gender,educ_level,hdl,1303,6264486.35373709,85,gaussian (identity),Some college or AA degree,-1.96557492968101,1.21512023629751,0.109735664856131,-4.34721059282413,0.416060733462107,1.72290448323017,0.153207652276896,354,1731740.3232578
racethn_combn,Other/Multi-Racial/NHAsian,1999-2020,21.2,WTMEC.COMBN,age+gender,educ_level,hdl,1303,6264486.35373709,85,gaussian (identity),HS graduate or GED,-2.63795122854592,1.43047841138344,0.0689170224698052,-5.44168891485747,0.165786457765633,1.72290448323017,0.153207652276896,266,1183190.00866325
racethn_combn,Other/Multi-Racial/NHAsian,1999-2020,21.2,WTMEC.COMBN,age+gender,educ_level,hdl,1303,6264486.35373709,85,gaussian (identity),9-11th grade,-1.81562407674179,2.26115890976856,0.424406064009928,-6.24749553988817,2.61624738640459,1.72290448323017,0.153207652276896,156,683299.88695349
racethn_combn,Other/Multi-Racial/NHAsian,1999-2020,21.2,WTMEC.COMBN,age+gender,educ_level,hdl,1303,6264486.35373709,85,gaussian (identity),Less than 9th grade,-4.28903571177073,1.790127248923,0.018942853246503,-7.79768511965981,-0.780386303881655,1.72290448323017,0.153207652276896,135,525626.133853585
racethn_combn,NHB,1999-2020,21.2,WTMEC.COMBN,age+gender,educ_level,hdl,11763,22939171.476934,152,gaussian (identity),College graduate or above (Intercept),55.9186053108844,0.674344858097366,1.0683927853302e-124,54.5968893890136,57.2403212327553,1.66991406652763,0.160077924697921,1772,3826158.24514994
racethn_combn,NHB,1999-2020,21.2,WTMEC.COMBN,age+gender,educ_level,hdl,11763,22939171.476934,152,gaussian (identity),Some college or AA degree,-0.916582545665011,0.490235748285316,0.0635312912872521,-1.87744461230423,0.0442795209742094,1.66991406652763,0.160077924697921,3775,7671860.15234383
racethn_combn,NHB,1999-2020,21.2,WTMEC.COMBN,age+gender,educ_level,hdl,11763,22939171.476934,152,gaussian (identity),HS graduate or GED,-1.24263746401664,0.534873302420507,0.0215471050982908,-2.29098913676083,-0.194285791272448,1.66991406652763,0.160077924697921,3066,6051297.06966358
racethn_combn,NHB,1999-2020,21.2,WTMEC.COMBN,age+gender,educ_level,hdl,11763,22939171.476934,152,gaussian (identity),9-11th grade,-0.514084918245837,0.63339701767252,0.418324411657373,-1.75554307288398,0.727373236392302,1.66991406652763,0.160077924697921,2554,4478642.32370884
racethn_combn,NHB,1999-2020,21.2,WTMEC.COMBN,age+gender,educ_level,hdl,11763,22939171.476934,152,gaussian (identity),Less than 9th grade,-0.726168113673375,1.00788148113195,0.472375580027622,-2.701615816692,1.24927958934525,1.66991406652763,0.160077924697921,596,911213.686067782
racethn_combn,Mexican-American,1999-2020,21.2,WTMEC.COMBN,age+gender,educ_level,hdl,10032,17745755.9213946,145,gaussian (identity),College graduate or above (Intercept),55.8195781301485,0.998833274215541,3.89366266725355e-97,53.861864912686,57.7772913476109,14.5032996819036,6.3655941101873e-10,628,1466695.66420085
racethn_combn,Mexican-American,1999-2020,21.2,WTMEC.COMBN,age+gender,educ_level,hdl,10032,17745755.9213946,145,gaussian (identity),Some college or AA degree,-2.18905728876584,0.867040578585091,0.0127015642535692,-3.88845682279262,-0.48965775473906,14.5032996819036,6.3655941101873e-10,1863,3781433.24403145
racethn_combn,Mexican-American,1999-2020,21.2,WTMEC.COMBN,age+gender,educ_level,hdl,10032,17745755.9213946,145,gaussian (identity),HS graduate or GED,-3.38948889549531,0.896143549523876,0.000230065024960908,-5.14593025256211,-1.63304753842851,14.5032996819036,6.3655941101873e-10,2038,4133534.99273751
racethn_combn,Mexican-American,1999-2020,21.2,WTMEC.COMBN,age+gender,educ_level,hdl,10032,17745755.9213946,145,gaussian (identity),9-11th grade,-4.30484074380798,0.851014443194515,1.31299457004191e-06,-5.97282905246923,-2.63685243514673,14.5032996819036,6.3655941101873e-10,2238,3826280.47545581
racethn_combn,Mexican-American,1999-2020,21.2,WTMEC.COMBN,age+gender,educ_level,hdl,10032,17745755.9213946,145,gaussian (identity),Less than 9th grade,-4.5263114848848,0.769613325717351,2.89059896605129e-08,-6.03475360329081,-3.0178693664788,14.5032996819036,6.3655941101873e-10,3265,4537811.544969
racethn_combn,Other Hispanic,1999-2020,21.2,WTMEC.COMBN,age+gender,educ_level,hdl,4641,12418718.8643734,138,gaussian (identity),College graduate or above (Intercept),56.8644345120027,0.951762187580364,1.96087823870884e-97,54.9989806243451,58.7298883996602,14.3369445573901,9.56546137985166e-10,679,2039416.47377957
racethn_combn,Other Hispanic,1999-2020,21.2,WTMEC.COMBN,age+gender,educ_level,hdl,4641,12418718.8643734,138,gaussian (identity),Some college or AA degree,-2.96048837948108,0.814888117777256,0.000399919567057026,-4.5576690903245,-1.36330766863765,14.3369445573901,9.56546137985166e-10,1237,3589124.05283045
racethn_combn,Other Hispanic,1999-2020,21.2,WTMEC.COMBN,age+gender,educ_level,hdl,4641,12418718.8643734,138,gaussian (identity),HS graduate or GED,-4.51118247385998,0.735615502699767,9.36766009739741e-09,-5.95298885915152,-3.06937608856844,14.3369445573901,9.56546137985166e-10,938,2727315.26192262
racethn_combn,Other Hispanic,1999-2020,21.2,WTMEC.COMBN,age+gender,educ_level,hdl,4641,12418718.8643734,138,gaussian (identity),9-11th grade,-5.53773839622207,0.895232621354006,7.21406807044192e-09,-7.29239433407592,-3.78308245836822,14.3369445573901,9.56546137985166e-10,852,2078074.19494568
racethn_combn,Other Hispanic,1999-2020,21.2,WTMEC.COMBN,age+gender,educ_level,hdl,4641,12418718.8643734,138,gaussian (identity),Less than 9th grade,-5.50975585992443,1.04528543668386,5.38441998568441e-07,-7.55851531582479,-3.46099640402406,14.3369445573901,9.56546137985166e-10,935,1984788.88089508
racethn_combn,NHAsian,1999-2020,21.2,WTMEC.COMBN,age+gender,educ_level,hdl,2932,5363886.40638291,70,gaussian (identity),College graduate or above (Intercept),56.5188839149181,1.08471627176349,3.94323368108867e-54,54.3928400222616,58.6449278075745,4.23363570233949,0.00420451896763206,1471,2810674.9617757
racethn_combn,NHAsian,1999-2020,21.2,WTMEC.COMBN,age+gender,educ_level,hdl,2932,5363886.40638291,70,gaussian (identity),Some college or AA degree,0.674084584116689,0.881625803197496,0.44732423713664,-1.0539019901504,2.40207115838378,4.23363570233949,0.00420451896763206,586,1075140.33462426
racethn_combn,NHAsian,1999-2020,21.2,WTMEC.COMBN,age+gender,educ_level,hdl,2932,5363886.40638291,70,gaussian (identity),HS graduate or GED,-0.0986610739639099,0.822778683241601,0.904928459071749,-1.71130729311745,1.51398514518963,4.23363570233949,0.00420451896763206,433,767791.405299925
racethn_combn,NHAsian,1999-2020,21.2,WTMEC.COMBN,age+gender,educ_level,hdl,2932,5363886.40638291,70,gaussian (identity),9-11th grade,-0.901776823390525,1.16137349097485,0.440329209306377,-3.17806886570123,1.37451521892018,4.23363570233949,0.00420451896763206,213,336473.168565453
racethn_combn,NHAsian,1999-2020,21.2,WTMEC.COMBN,age+gender,educ_level,hdl,2932,5363886.40638291,70,gaussian (identity),Less than 9th grade,-3.69940640010663,1.36559446364038,0.0086484345870896,-6.37597154884178,-1.02284125137148,4.23363570233949,0.00420451896763206,229,373806.536117566
racethn_combn,Other/Multi-Racial,1999-2020,21.2,WTMEC.COMBN,age+gender,educ_level,hdl,908,3318321.52207726,72,gaussian (identity),College graduate or above (Intercept),59.2684712519986,2.25827433338445,1.21969835157536e-36,54.8422535585651,63.6946889454321,1.89030139247481,0.122518248786077,194,739477.487136755
racethn_combn,Other/Multi-Racial,1999-2020,21.2,WTMEC.COMBN,age+gender,educ_level,hdl,908,3318321.52207726,72,gaussian (identity),Some college or AA degree,-4.21469488697037,1.82664832478686,0.0241811802799736,-7.79492560355261,-0.634464170388128,1.89030139247481,0.122518248786077,390,1442062.80379645
racethn_combn,Other/Multi-Racial,1999-2020,21.2,WTMEC.COMBN,age+gender,educ_level,hdl,908,3318321.52207726,72,gaussian (identity),HS graduate or GED,-4.51058606505018,1.89677489124835,0.0203094712644259,-8.22826485189695,-0.792907278203414,1.89030139247481,0.122518248786077,199,751186.200236604
racethn_combn,Other/Multi-Racial,1999-2020,21.2,WTMEC.COMBN,age+gender,educ_level,hdl,908,3318321.52207726,72,gaussian (identity),9-11th grade,-4.88937700496073,1.94617480087523,0.0144470657565353,-8.70387961467618,-1.07487439524528,1.89030139247481,0.122518248786077,93,296516.13326066
racethn_combn,Other/Multi-Racial,1999-2020,21.2,WTMEC.COMBN,age+gender,educ_level,hdl,908,3318321.52207726,72,gaussian (identity),Less than 9th grade,-4.57724011320845,3.24565713330867,0.163156757306117,-10.9387280944934,1.78424786807654,1.89030139247481,0.122518248786077,32,89078.8976467925
racethn_combn,NHW,1999-2020,21.2,WTSAF.COMBN,age+gender,educ_level,ldl_friedewald,11304,147585866.067181,159,gaussian (identity),College graduate or above (Intercept),105.833885337052,1.40726793760084,9.78927048436783e-123,103.075640179355,108.59213049475,1.00276723964477,0.408021840033531,2964,46196749.1010321
racethn_combn,NHW,1999-2020,21.2,WTSAF.COMBN,age+gender,educ_level,ldl_friedewald,11304,147585866.067181,159,gaussian (identity),Some college or AA degree,1.68829446318365,1.20608142296706,0.163592218406137,-0.675625125831785,4.05221405219909,1.00276723964477,0.408021840033531,3486,46496859.6448305
racethn_combn,NHW,1999-2020,21.2,WTSAF.COMBN,age+gender,educ_level,ldl_friedewald,11304,147585866.067181,159,gaussian (identity),HS graduate or GED,2.14703277620959,1.19651624471364,0.0747232451704576,-0.198139063429146,4.49220461584832,1.00276723964477,0.408021840033531,2956,37257864.1584495
racethn_combn,NHW,1999-2020,21.2,WTSAF.COMBN,age+gender,educ_level,ldl_friedewald,11304,147585866.067181,159,gaussian (identity),9-11th grade,1.50061796614845,1.53423245777172,0.329573636090251,-1.50647765108412,4.50771358338102,1.00276723964477,0.408021840033531,1348,13431643.0205783
racethn_combn,NHW,1999-2020,21.2,WTSAF.COMBN,age+gender,educ_level,ldl_friedewald,11304,147585866.067181,159,gaussian (identity),Less than 9th grade,-0.680252605030962,2.27961425807703,0.765797508424294,-5.14829655086195,3.78779134080002,1.00276723964477,0.408021840033531,550,4202750.14229108
racethn_combn,NHB,1999-2020,21.2,WTSAF.COMBN,age+gender,educ_level,ldl_friedewald,5579,24721542.2981055,139,gaussian (identity),College graduate or above (Intercept),100.130372680938,2.20774945897894,8.89883308153778e-83,95.8031837413388,104.457561620536,3.77100525651391,0.00613720623437421,839,4274135.91201035
racethn_combn,NHB,1999-2020,21.2,WTSAF.COMBN,age+gender,educ_level,ldl_friedewald,5579,24721542.2981055,139,gaussian (identity),Some college or AA degree,-2.05922690129527,1.81434246907292,0.258428582444974,-5.61533814067819,1.49688433808765,3.77100525651391,0.00613720623437421,1798,8372897.10171216
racethn_combn,NHB,1999-2020,21.2,WTSAF.COMBN,age+gender,educ_level,ldl_friedewald,5579,24721542.2981055,139,gaussian (identity),HS graduate or GED,-0.934882650946216,2.0063576338184,0.642006245391489,-4.86734361323029,2.99757831133786,3.77100525651391,0.00613720623437421,1468,6541819.65189643
racethn_combn,NHB,1999-2020,21.2,WTSAF.COMBN,age+gender,educ_level,ldl_friedewald,5579,24721542.2981055,139,gaussian (identity),9-11th grade,-6.11690789102864,2.16709191759019,0.00549505673521496,-10.3644080495054,-1.86940773255186,3.77100525651391,0.00613720623437421,1203,4641192.02829508
racethn_combn,NHB,1999-2020,21.2,WTSAF.COMBN,age+gender,educ_level,ldl_friedewald,5579,24721542.2981055,139,gaussian (identity),Less than 9th grade,-9.06410620083166,4.05218915017248,0.0269615919811979,-17.0063969351697,-1.1218154664936,3.77100525651391,0.00613720623437421,271,891497.604191519
racethn_combn,Mexican-American,1999-2020,21.2,WTSAF.COMBN,age+gender,educ_level,ldl_friedewald,4738,18243607.4196907,123,gaussian (identity),College graduate or above (Intercept),94.6484758511223,2.49593730025595,1.43284136826944e-67,89.7564387426207,99.540512959624,2.29179159582154,0.0636379052765814,284,1497829.13135028
racethn_combn,Mexican-American,1999-2020,21.2,WTSAF.COMBN,age+gender,educ_level,ldl_friedewald,4738,18243607.4196907,123,gaussian (identity),Some college or AA degree,2.11469900647979,1.96619898147295,0.284351984842523,-1.73905099720718,5.96844901016677,2.29179159582154,0.0636379052765814,902,3959187.98838027
racethn_combn,Mexican-American,1999-2020,21.2,WTSAF.COMBN,age+gender,educ_level,ldl_friedewald,4738,18243607.4196907,123,gaussian (identity),HS graduate or GED,0.212118890467554,2.40722952335089,0.929933985313391,-4.50605097530018,4.93028875623529,2.29179159582154,0.0636379052765814,931,4266657.455207
racethn_combn,Mexican-American,1999-2020,21.2,WTSAF.COMBN,age+gender,educ_level,ldl_friedewald,4738,18243607.4196907,123,gaussian (identity),9-11th grade,3.11701019113887,2.15306497470331,0.150372938212912,-1.10299715927963,7.33701754155736,2.29179159582154,0.0636379052765814,1074,3990996.10326716
racethn_combn,Mexican-American,1999-2020,21.2,WTSAF.COMBN,age+gender,educ_level,ldl_friedewald,4738,18243607.4196907,123,gaussian (identity),Less than 9th grade,4.68721620691976,2.3742281538768,0.0507145304866667,0.0337290253212235,9.3407033885183,2.29179159582154,0.0636379052765814,1547,4528936.741486
racethn_combn,Other Hispanic,1999-2020,21.2,WTSAF.COMBN,age+gender,educ_level,ldl_friedewald,2238,12469643.9984872,108,gaussian (identity),College graduate or above (Intercept),97.5907084390778,2.92355469248009,1.04016719254048e-56,91.8605412418169,103.320875636339,0.440312588482823,0.77920240933383,343,2132394.10212744
racethn_combn,Other Hispanic,1999-2020,21.2,WTSAF.COMBN,age+gender,educ_level,ldl_friedewald,2238,12469643.9984872,108,gaussian (identity),Some college or AA degree,-1.30097005153537,2.68483494844175,0.629025720949322,-6.5632465504812,3.96130644741046,0.440312588482823,0.77920240933383,570,3365071.01857497
racethn_combn,Other Hispanic,1999-2020,21.2,WTSAF.COMBN,age+gender,educ_level,ldl_friedewald,2238,12469643.9984872,108,gaussian (identity),HS graduate or GED,0.132942495832971,2.56774324670468,0.95880998280754,-4.89983426770821,5.16571925937415,0.440312588482823,0.77920240933383,440,2493534.43624876
racethn_combn,Other Hispanic,1999-2020,21.2,WTSAF.COMBN,age+gender,educ_level,ldl_friedewald,2238,12469643.9984872,108,gaussian (identity),9-11th grade,2.42842580122663,2.93478814986121,0.409906950055938,-3.32375897250133,8.1806105749546,0.440312588482823,0.77920240933383,431,2318225.17082215
racethn_combn,Other Hispanic,1999-2020,21.2,WTSAF.COMBN,age+gender,educ_level,ldl_friedewald,2238,12469643.9984872,108,gaussian (identity),Less than 9th grade,0.34444380805246,2.93878705068422,0.9069272000902,-5.41557881128861,6.10446642739353,0.440312588482823,0.77920240933383,454,2160419.27071387
racethn_combn,Other/Multi-Racial/NHAsian,1999-2020,21.2,WTSAF.COMBN,age+gender,educ_level,ldl_friedewald,603,6466176.79274912,62,gaussian (identity),College graduate or above (Intercept),94.9445736950261,5.09829794981092,1.15800524272371e-25,84.9519097133967,104.937237676655,1.01480495071387,0.407659072870712,186,2210275.68947672
racethn_combn,Other/Multi-Racial/NHAsian,1999-2020,21.2,WTSAF.COMBN,age+gender,educ_level,ldl_friedewald,603,6466176.79274912,62,gaussian (identity),Some college or AA degree,0.170625233145211,3.85559809303965,0.964859447457409,-7.38634702921251,7.72759749550293,1.01480495071387,0.407659072870712,172,1927035.39603226
racethn_combn,Other/Multi-Racial/NHAsian,1999-2020,21.2,WTSAF.COMBN,age+gender,educ_level,ldl_friedewald,603,6466176.79274912,62,gaussian (identity),HS graduate or GED,8.5661605298184,5.19409758079909,0.104703723125748,-1.61427072854782,18.7465917881846,1.01480495071387,0.407659072870712,119,1228319.26272641
racethn_combn,Other/Multi-Racial/NHAsian,1999-2020,21.2,WTSAF.COMBN,age+gender,educ_level,ldl_friedewald,603,6466176.79274912,62,gaussian (identity),9-11th grade,7.435634066613,5.86280319672921,0.209947867048772,-4.05546019897626,18.9267283322023,1.01480495071387,0.407659072870712,65,555015.707441199
racethn_combn,Other/Multi-Racial/NHAsian,1999-2020,21.2,WTSAF.COMBN,age+gender,educ_level,ldl_friedewald,603,6466176.79274912,62,gaussian (identity),Less than 9th grade,1.14455727112717,5.29142724546406,0.829536748144147,-9.22664012998238,11.5157546722367,1.01480495071387,0.407659072870712,61,545530.737072527
racethn_combn,NHAsian,1999-2020,21.2,WTSAF.COMBN,age+gender,educ_level,ldl_friedewald,1435,5655413.83010245,62,gaussian (identity),College graduate or above (Intercept),110.16575246587,3.69422617849241,4.69965512523705e-36,102.925069156025,117.406435775715,1.88224654866337,0.126290016219211,737,3015782.33742226
racethn_combn,NHAsian,1999-2020,21.2,WTSAF.COMBN,age+gender,educ_level,ldl_friedewald,1435,5655413.83010245,62,gaussian (identity),Some college or AA degree,-7.10158142476799,2.95772632757986,0.0196949153729831,-12.8987250268245,-1.30443782271146,1.88224654866337,0.126290016219211,265,1059202.31779539
racethn_combn,NHAsian,1999-2020,21.2,WTSAF.COMBN,age+gender,educ_level,ldl_friedewald,1435,5655413.83010245,62,gaussian (identity),HS graduate or GED,0.57316043218834,3.18191977734622,0.857700469257289,-5.66340233141025,6.80972319578693,1.88224654866337,0.126290016219211,216,824522.656486569
racethn_combn,NHAsian,1999-2020,21.2,WTSAF.COMBN,age+gender,educ_level,ldl_friedewald,1435,5655413.83010245,62,gaussian (identity),9-11th grade,1.6416378628329,4.87230649160917,0.737427379208802,-7.90808286072108,11.1913585863869,1.88224654866337,0.126290016219211,105,370875.016436043
racethn_combn,NHAsian,1999-2020,21.2,WTSAF.COMBN,age+gender,educ_level,ldl_friedewald,1435,5655413.83010245,62,gaussian (identity),Less than 9th grade,-4.14197193656236,4.62789901754725,0.374617682822395,-13.212654010955,4.92871013783026,1.88224654866337,0.126290016219211,112,385031.501962191
racethn_combn,Other/Multi-Racial,1999-2020,21.2,WTSAF.COMBN,age+gender,educ_level,ldl_friedewald,428,3515150.86056116,56,gaussian (identity),College graduate or above (Intercept),107.372847533943,8.57371008203744,4.91178545713158e-17,90.5683757731491,124.177319294736,2.63972894548432,0.0445530059338205,93,824309.688379055
racethn_combn,Other/Multi-Racial,1999-2020,21.2,WTSAF.COMBN,age+gender,educ_level,ldl_friedewald,428,3515150.86056116,56,gaussian (identity),Some college or AA degree,5.64501516785213,6.8258457833504,0.412163164939095,-7.73364256751464,19.0236729032189,2.63972894548432,0.0445530059338205,190,1492082.89222655
racethn_combn,Other/Multi-Racial,1999-2020,21.2,WTSAF.COMBN,age+gender,educ_level,ldl_friedewald,428,3515150.86056116,56,gaussian (identity),HS graduate or GED,6.42176166752826,7.47252889830586,0.394231073029327,-8.22439497315123,21.0679183082077,2.63972894548432,0.0445530059338205,84,763613.442498845
racethn_combn,Other/Multi-Racial,1999-2020,21.2,WTSAF.COMBN,age+gender,educ_level,ldl_friedewald,428,3515150.86056116,56,gaussian (identity),9-11th grade,9.72605687912297,10.7259114858917,0.368871875889055,-11.2967296332248,30.7488433914708,2.63972894548432,0.0445530059338205,45,327245.38097352
racethn_combn,Other/Multi-Racial,1999-2020,21.2,WTSAF.COMBN,age+gender,educ_level,ldl_friedewald,428,3515150.86056116,56,gaussian (identity),Less than 9th grade,-13.6674731850402,8.40832361233795,0.110350083583566,-30.1477874652226,2.81284109514215,2.63972894548432,0.0445530059338205,16,107899.456483189
racethn_combn,NHW,1999-2020,21.2,WTMEC.COMBN,age+gender,educ_level,glu,23802,144410553.365643,162,gaussian (identity),College graduate or above (Intercept),73.0853852373763,0.560233676367256,3.54233854564696e-161,71.9873272316965,74.1834432430561,19.903837948522,2.94374202548253e-13,6191,45115040.6846116
racethn_combn,NHW,1999-2020,21.2,WTMEC.COMBN,age+gender,educ_level,glu,23802,144410553.365643,162,gaussian (identity),Some college or AA degree,2.81844742473709,0.477320830279001,2.13422533871853e-08,1.88289859739024,3.75399625208393,19.903837948522,2.94374202548253e-13,7464,46052738.5091565
racethn_combn,NHW,1999-2020,21.2,WTMEC.COMBN,age+gender,educ_level,glu,23802,144410553.365643,162,gaussian (identity),HS graduate or GED,3.37855131947569,0.528505579062388,1.79705735097612e-09,2.34268038451341,4.41442225443798,19.903837948522,2.94374202548253e-13,6219,36284306.7693552
racethn_combn,NHW,1999-2020,21.2,WTMEC.COMBN,age+gender,educ_level,glu,23802,144410553.365643,162,gaussian (identity),9-11th grade,4.81606626218065,0.739263084667449,9.5163759629504e-10,3.36711061623245,6.26502190812885,19.903837948522,2.94374202548253e-13,2841,13099207.9134394
racethn_combn,NHW,1999-2020,21.2,WTMEC.COMBN,age+gender,educ_level,glu,23802,144410553.365643,162,gaussian (identity),Less than 9th grade,4.72855314679675,1.25021619544701,0.000221048910180888,2.27812940372062,7.17897688987289,19.903837948522,2.94374202548253e-13,1087,3859259.48908074
racethn_combn,Other/Multi-Racial/NHAsian,1999-2020,21.2,WTMEC.COMBN,age+gender,educ_level,glu,1300,6248556.1143469,85,gaussian (identity),College graduate or above (Intercept),69.9718351200318,2.34209267548511,8.33451110989928e-45,65.381333476081,74.5623367639826,5.10778043328715,0.00103267634616719,391,2132018.3841734
racethn_combn,Other/Multi-Racial/NHAsian,1999-2020,21.2,WTMEC.COMBN,age+gender,educ_level,glu,1300,6248556.1143469,85,gaussian (identity),Some college or AA degree,6.74372340020823,1.97567388677321,0.00101482706520353,2.87140258213273,10.6160442182837,5.10778043328715,0.00103267634616719,354,1731740.3232578
racethn_combn,Other/Multi-Racial/NHAsian,1999-2020,21.2,WTMEC.COMBN,age+gender,educ_level,glu,1300,6248556.1143469,85,gaussian (identity),HS graduate or GED,3.99566466388168,2.21337445278776,0.0748475776756571,-0.342549263582322,8.33387859134569,5.10778043328715,0.00103267634616719,264,1175871.38610863
racethn_combn,Other/Multi-Racial/NHAsian,1999-2020,21.2,WTMEC.COMBN,age+gender,educ_level,glu,1300,6248556.1143469,85,gaussian (identity),9-11th grade,6.27426468561852,3.11062944746481,0.0470883273709366,0.1774309685875,12.3710984026495,5.10778043328715,0.00103267634616719,156,683299.88695349
racethn_combn,Other/Multi-Racial/NHAsian,1999-2020,21.2,WTMEC.COMBN,age+gender,educ_level,glu,1300,6248556.1143469,85,gaussian (identity),Less than 9th grade,7.80423109542014,4.53193301927482,0.088973133704626,-1.07835762235851,16.6868198131988,5.10778043328715,0.00103267634616719,135,525626.133853585
racethn_combn,NHB,1999-2020,21.2,WTMEC.COMBN,age+gender,educ_level,glu,11718,22850864.7794454,152,gaussian (identity),College graduate or above (Intercept),73.0964460435289,1.17110354081888,3.50206344622189e-107,70.8010831035239,75.391808983534,4.14165197979095,0.00330195122280512,1763,3807793.64685342
racethn_combn,NHB,1999-2020,21.2,WTMEC.COMBN,age+gender,educ_level,glu,11718,22850864.7794454,152,gaussian (identity),Some college or AA degree,2.15477366039695,0.971858401720927,0.0281573844761255,0.249931193023937,4.05961612776997,4.14165197979095,0.00330195122280512,3756,7634644.05298191
racethn_combn,NHB,1999-2020,21.2,WTMEC.COMBN,age+gender,educ_level,glu,11718,22850864.7794454,152,gaussian (identity),HS graduate or GED,0.553014630582383,1.07619473934309,0.608125933501126,-1.55632705853007,2.66235631969483,4.14165197979095,0.00330195122280512,3056,6030541.18989341
racethn_combn,NHB,1999-2020,21.2,WTMEC.COMBN,age+gender,educ_level,glu,11718,22850864.7794454,152,gaussian (identity),9-11th grade,5.01098885078754,1.4859092699275,0.000954268412885951,2.09860668172964,7.92337101984543,4.14165197979095,0.00330195122280512,2548,4468817.38542837
racethn_combn,NHB,1999-2020,21.2,WTMEC.COMBN,age+gender,educ_level,glu,11718,22850864.7794454,152,gaussian (identity),Less than 9th grade,4.12627529850109,2.48405902866793,0.098838915404123,-0.742480397688044,8.99503099469022,4.14165197979095,0.00330195122280512,595,909068.504288291
racethn_combn,Mexican-American,1999-2020,21.2,WTMEC.COMBN,age+gender,educ_level,glu,10012,17698265.4985972,145,gaussian (identity),College graduate or above (Intercept),65.0327717777211,1.49576572067022,8.38236791549991e-83,62.1010709652075,67.9644725902347,11.6398288023418,3.51319160368231e-08,627,1463073.27134415
racethn_combn,Mexican-American,1999-2020,21.2,WTMEC.COMBN,age+gender,educ_level,glu,10012,17698265.4985972,145,gaussian (identity),Some college or AA degree,6.11727857736633,1.39354549466319,2.23030007720547e-05,3.38592940782648,8.84862774690618,11.6398288023418,3.51319160368231e-08,1861,3778398.74441589
racethn_combn,Mexican-American,1999-2020,21.2,WTMEC.COMBN,age+gender,educ_level,glu,10012,17698265.4985972,145,gaussian (identity),HS graduate or GED,6.35245647361993,1.46688550371143,2.8286425220363e-05,3.47736088634553,9.22755206089432,11.6398288023418,3.51319160368231e-08,2033,4122867.8567963
racethn_combn,Mexican-American,1999-2020,21.2,WTMEC.COMBN,age+gender,educ_level,glu,10012,17698265.4985972,145,gaussian (identity),9-11th grade,7.64725474556133,1.36456893384445,1.08494122499109e-07,4.97269963522622,10.3218098558964,11.6398288023418,3.51319160368231e-08,2234,3812932.19471617
racethn_combn,Mexican-American,1999-2020,21.2,WTMEC.COMBN,age+gender,educ_level,glu,10012,17698265.4985972,145,gaussian (identity),Less than 9th grade,8.98286637203861,1.4928421325889,1.49098040783667e-08,6.05689579216437,11.9088369519129,11.6398288023418,3.51319160368231e-08,3257,4520993.43132466
racethn_combn,Other Hispanic,1999-2020,21.2,WTMEC.COMBN,age+gender,educ_level,glu,4629,12390837.5016623,138,gaussian (identity),College graduate or above (Intercept),67.7320644982208,1.91017207645609,2.48443753620329e-69,63.9881272283669,71.4760017680748,10.1781286472924,3.26220080334495e-07,678,2031653.2906884
racethn_combn,Other Hispanic,1999-2020,21.2,WTMEC.COMBN,age+gender,educ_level,glu,4629,12390837.5016623,138,gaussian (identity),Some college or AA degree,5.64422507765892,1.72471789352049,0.0013604820333135,2.26377800635877,9.02467214895908,10.1781286472924,3.26220080334495e-07,1230,3572277.88515209
racethn_combn,Other Hispanic,1999-2020,21.2,WTMEC.COMBN,age+gender,educ_level,glu,4629,12390837.5016623,138,gaussian (identity),HS graduate or GED,6.13705219480901,1.48567966994528,6.37692445307912e-05,3.22512004171626,9.04898434790175,10.1781286472924,3.26220080334495e-07,937,2726446.20911988
racethn_combn,Other Hispanic,1999-2020,21.2,WTMEC.COMBN,age+gender,educ_level,glu,4629,12390837.5016623,138,gaussian (identity),9-11th grade,12.2982285268746,2.31515728023883,4.47552407805249e-07,7.76052025760646,16.8359367961427,10.1781286472924,3.26220080334495e-07,851,2077636.69753011
racethn_combn,Other Hispanic,1999-2020,21.2,WTMEC.COMBN,age+gender,educ_level,glu,4629,12390837.5016623,138,gaussian (identity),Less than 9th grade,8.7040521297718,2.28989390675557,0.000219142689416218,4.21586007253088,13.1922441870127,10.1781286472924,3.26220080334495e-07,933,1982823.41917183
racethn_combn,NHAsian,1999-2020,21.2,WTMEC.COMBN,age+gender,educ_level,glu,2918,5337338.1046084,70,gaussian (identity),College graduate or above (Intercept),72.958946044949,1.84200785499747,9.75595408540405e-47,69.3486106491539,76.569281440744,8.04913949217747,2.54226340189525e-05,1462,2791560.84752079
racethn_combn,NHAsian,1999-2020,21.2,WTMEC.COMBN,age+gender,educ_level,glu,2918,5337338.1046084,70,gaussian (identity),Some college or AA degree,4.97149407803095,1.47982997567594,0.00131971411550645,2.0710273257061,7.8719608303558,8.04913949217747,2.54226340189525e-05,583,1071208.12518011
racethn_combn,NHAsian,1999-2020,21.2,WTMEC.COMBN,age+gender,educ_level,glu,2918,5337338.1046084,70,gaussian (identity),HS graduate or GED,5.42702398490783,1.63960913235102,0.0015356774608898,2.21339008549983,8.64065788431583,8.04913949217747,2.54226340189525e-05,432,766100.363610415
racethn_combn,NHAsian,1999-2020,21.2,WTMEC.COMBN,age+gender,educ_level,glu,2918,5337338.1046084,70,gaussian (identity),9-11th grade,2.46760707204508,2.46580979668619,0.320726624410668,-2.36538012945984,7.30059427355,8.04913949217747,2.54226340189525e-05,212,334662.23217951
racethn_combn,NHAsian,1999-2020,21.2,WTMEC.COMBN,age+gender,educ_level,glu,2918,5337338.1046084,70,gaussian (identity),Less than 9th grade,14.0312358626741,4.09808717818668,0.00108187338796175,5.9989849934282,22.06348673192,8.04913949217747,2.54226340189525e-05,229,373806.536117566
racethn_combn,Other/Multi-Racial,1999-2020,21.2,WTMEC.COMBN,age+gender,educ_level,glu,908,3317932.31139374,71,gaussian (identity),College graduate or above (Intercept),69.5278515247423,3.78523709471522,1.99297533095573e-27,62.1087868191004,76.9469162303841,4.94239626299556,0.00153230236880893,193,737553.838625906
racethn_combn,Other/Multi-Racial,1999-2020,21.2,WTMEC.COMBN,age+gender,educ_level,glu,908,3317932.31139374,71,gaussian (identity),Some college or AA degree,9.84873936074016,2.82297428430314,0.000876123692990561,4.315709763506,15.3817689579743,4.94239626299556,0.00153230236880893,391,1443597.24162377
racethn_combn,Other/Multi-Racial,1999-2020,21.2,WTMEC.COMBN,age+gender,educ_level,glu,908,3317932.31139374,71,gaussian (identity),HS graduate or GED,10.8465422155184,3.4035542471139,0.00221158906487593,4.17557589117519,17.5175085398617,4.94239626299556,0.00153230236880893,199,751186.200236604
racethn_combn,Other/Multi-Racial,1999-2020,21.2,WTMEC.COMBN,age+gender,educ_level,glu,908,3317932.31139374,71,gaussian (identity),9-11th grade,8.85417007933313,4.12460503363774,0.0355562919887697,0.769944213403155,16.9383959452631,4.94239626299556,0.00153230236880893,93,296516.13326066
racethn_combn,Other/Multi-Racial,1999-2020,21.2,WTMEC.COMBN,age+gender,educ_level,glu,908,3317932.31139374,71,gaussian (identity),Less than 9th grade,7.38395239189218,11.656537035786,0.528655855984339,-15.4628601982485,30.2307649820328,4.94239626299556,0.00153230236880893,32,89078.8976467925
racethn_combn,NHW,1999-2020,21.2,WTSAF.COMBN,age+gender,educ_level,tgglu,11532,150298560.983688,159,gaussian (identity),College graduate or above (Intercept),1.15266916647544,0.0385479793079992,8.73370362170212e-66,1.07711512703176,1.22822320591912,7.60986509493153,1.2830244363535e-05,3004,46769859.1648717
racethn_combn,NHW,1999-2020,21.2,WTSAF.COMBN,age+gender,educ_level,tgglu,11532,150298560.983688,159,gaussian (identity),Some college or AA degree,0.136235364801093,0.0331949431168173,6.58089823224308e-05,0.0711732762921307,0.201297453310055,7.60986509493153,1.2830244363535e-05,3558,47526604.4848537
racethn_combn,NHW,1999-2020,21.2,WTSAF.COMBN,age+gender,educ_level,tgglu,11532,150298560.983688,159,gaussian (identity),HS graduate or GED,0.153332330582583,0.0404841132154994,0.000218217891070819,0.0739834686802042,0.232681192484962,7.60986509493153,1.2830244363535e-05,3021,37959116.2145094
racethn_combn,NHW,1999-2020,21.2,WTSAF.COMBN,age+gender,educ_level,tgglu,11532,150298560.983688,159,gaussian (identity),9-11th grade,0.205184492857623,0.0437645643240489,6.05029795646257e-06,0.119405946782488,0.290963038932759,7.60986509493153,1.2830244363535e-05,1385,13729822.2437277
racethn_combn,NHW,1999-2020,21.2,WTSAF.COMBN,age+gender,educ_level,tgglu,11532,150298560.983688,159,gaussian (identity),Less than 9th grade,0.101161863870768,0.0505596949694971,0.0471783687725724,0.00206486173055402,0.200258866010983,7.60986509493153,1.2830244363535e-05,564,4313158.87572522
racethn_combn,NHB,1999-2020,21.2,WTSAF.COMBN,age+gender,educ_level,tgglu,5590,24760055.2018459,139,gaussian (identity),College graduate or above (Intercept),0.820243413838189,0.0350259809516552,5.01264455070886e-49,0.751592491172944,0.888894336503433,2.07416113247543,0.0876965113917921,836,4254059.57486408
racethn_combn,NHB,1999-2020,21.2,WTSAF.COMBN,age+gender,educ_level,tgglu,5590,24760055.2018459,139,gaussian (identity),Some college or AA degree,0.0623811388744665,0.0264015974195752,0.0195875469132635,0.0106340079320991,0.114128269816834,2.07416113247543,0.0876965113917921,1807,8428566.1429323
racethn_combn,NHB,1999-2020,21.2,WTSAF.COMBN,age+gender,educ_level,tgglu,5590,24760055.2018459,139,gaussian (identity),HS graduate or GED,0.078418163967329,0.0318806213185863,0.0151870471597302,0.0159321461828999,0.140904181751758,2.07416113247543,0.0876965113917921,1472,6543003.59938575
racethn_combn,NHB,1999-2020,21.2,WTSAF.COMBN,age+gender,educ_level,tgglu,5590,24760055.2018459,139,gaussian (identity),9-11th grade,0.0635848767226938,0.0296276097415554,0.033677564462333,0.00551476162924516,0.121654991816142,2.07416113247543,0.0876965113917921,1205,4647940.3451805
racethn_combn,NHB,1999-2020,21.2,WTSAF.COMBN,age+gender,educ_level,tgglu,5590,24760055.2018459,139,gaussian (identity),Less than 9th grade,0.0865826806648124,0.0491434689990085,0.0803947999293312,-0.00973851857324419,0.182903879902869,2.07416113247543,0.0876965113917921,270,886485.539483298
racethn_combn,Mexican-American,1999-2020,21.2,WTSAF.COMBN,age+gender,educ_level,tgglu,4861,18650138.565566,124,gaussian (identity),College graduate or above (Intercept),1.15676641215718,0.110114618134497,1.26458321931755e-18,0.940941760613568,1.3725910637008,3.00490160104213,0.0211038098062394,288,1517106.3450492
racethn_combn,Mexican-American,1999-2020,21.2,WTSAF.COMBN,age+gender,educ_level,tgglu,4861,18650138.565566,124,gaussian (identity),Some college or AA degree,0.0491413696612019,0.10000882048688,0.624077244226735,-0.146875918493083,0.245158657815486,3.00490160104213,0.0211038098062394,922,4066999.60503627
racethn_combn,Mexican-American,1999-2020,21.2,WTSAF.COMBN,age+gender,educ_level,tgglu,4861,18650138.565566,124,gaussian (identity),HS graduate or GED,0.156653276523217,0.110696476554766,0.159655144863824,-0.0603118175241242,0.373618370570557,3.00490160104213,0.0211038098062394,952,4335158.17532461
racethn_combn,Mexican-American,1999-2020,21.2,WTSAF.COMBN,age+gender,educ_level,tgglu,4861,18650138.565566,124,gaussian (identity),9-11th grade,0.140106977528637,0.104316289815794,0.181817896565798,-0.06435295051032,0.344566905567593,3.00490160104213,0.0211038098062394,1106,4096267.85482485
racethn_combn,Mexican-American,1999-2020,21.2,WTSAF.COMBN,age+gender,educ_level,tgglu,4861,18650138.565566,124,gaussian (identity),Less than 9th grade,0.189338485842313,0.099457885904188,0.0593842197686002,-0.00559897052989494,0.384275942214522,3.00490160104213,0.0211038098062394,1593,4634606.58533109
racethn_combn,Other Hispanic,1999-2020,21.2,WTSAF.COMBN,age+gender,educ_level,tgglu,2269,12669006.079267,110,gaussian (identity),College graduate or above (Intercept),1.04529535785896,0.0852950572196799,6.63238440119911e-22,0.878117045708392,1.21247367000954,4.15236214209983,0.00367833163243359,345,2143102.4694683
racethn_combn,Other Hispanic,1999-2020,21.2,WTSAF.COMBN,age+gender,educ_level,tgglu,2269,12669006.079267,110,gaussian (identity),Some college or AA degree,0.194589541329958,0.0753510950457644,0.011201637070161,0.0469013950402598,0.342277687619656,4.15236214209983,0.00367833163243359,578,3430576.49178642
racethn_combn,Other Hispanic,1999-2020,21.2,WTSAF.COMBN,age+gender,educ_level,tgglu,2269,12669006.079267,110,gaussian (identity),HS graduate or GED,0.14658162804248,0.0906766800429027,0.109009096820317,-0.031144664841609,0.32430792092657,4.15236214209983,0.00367833163243359,447,2524607.3282033
racethn_combn,Other Hispanic,1999-2020,21.2,WTSAF.COMBN,age+gender,educ_level,tgglu,2269,12669006.079267,110,gaussian (identity),9-11th grade,0.0722592009035306,0.0712648776069261,0.312958560474449,-0.0674199592060445,0.211938361013106,4.15236214209983,0.00367833163243359,437,2351211.1210302
racethn_combn,Other Hispanic,1999-2020,21.2,WTSAF.COMBN,age+gender,educ_level,tgglu,2269,12669006.079267,110,gaussian (identity),Less than 9th grade,0.369208253684509,0.125358141742284,0.00398232564028418,0.123506295869631,0.614910211499386,4.15236214209983,0.00367833163243359,462,2219508.66877881
racethn_combn,Other/Multi-Racial/NHAsian,1999-2020,21.2,WTSAF.COMBN,age+gender,educ_level,tgglu,618,6623607.97654338,62,gaussian (identity),College graduate or above (Intercept),0.77528057714024,0.188015787249383,0.000124756522255092,0.406769634131448,1.14379152014903,1.26138396507042,0.296033821572677,186,2205870.78560879
racethn_combn,Other/Multi-Racial/NHAsian,1999-2020,21.2,WTSAF.COMBN,age+gender,educ_level,tgglu,618,6623607.97654338,62,gaussian (identity),Some college or AA degree,0.271254650727062,0.170413265735418,0.117071534376244,-0.0627553501143575,0.605264651568482,1.26138396507042,0.296033821572677,177,2022932.91795041
racethn_combn,Other/Multi-Racial/NHAsian,1999-2020,21.2,WTSAF.COMBN,age+gender,educ_level,tgglu,618,6623607.97654338,62,gaussian (identity),HS graduate or GED,0.132457827907851,0.180187504693587,0.465339399275315,-0.220709681291579,0.485625337107281,1.26138396507042,0.296033821572677,123,1248995.76536792
racethn_combn,Other/Multi-Racial/NHAsian,1999-2020,21.2,WTSAF.COMBN,age+gender,educ_level,tgglu,618,6623607.97654338,62,gaussian (identity),9-11th grade,0.331299170418364,0.187414542386256,0.0825530703803672,-0.036033332658698,0.698631673495426,1.26138396507042,0.296033821572677,67,570954.545449389
racethn_combn,Other/Multi-Racial/NHAsian,1999-2020,21.2,WTSAF.COMBN,age+gender,educ_level,tgglu,618,6623607.97654338,62,gaussian (identity),Less than 9th grade,0.0400530451344304,0.121496134910334,0.742882937739016,-0.198079379289824,0.278185469558685,1.26138396507042,0.296033821572677,65,574853.962166867
racethn_combn,NHAsian,1999-2020,21.2,WTSAF.COMBN,age+gender,educ_level,tgglu,1448,5697130.65286935,62,gaussian (identity),College graduate or above (Intercept),0.997798995437217,0.0671451213578703,4.36939861816957e-21,0.866194557575792,1.12940343329864,0.470903091474878,0.756839733665468,741,3028342.02710137
racethn_combn,NHAsian,1999-2020,21.2,WTSAF.COMBN,age+gender,educ_level,tgglu,1448,5697130.65286935,62,gaussian (identity),Some college or AA degree,0.0870462026208903,0.0775257666457206,0.266311800351427,-0.0649043000047221,0.238996705246503,0.470903091474878,0.756839733665468,270,1077538.23924071
racethn_combn,NHAsian,1999-2020,21.2,WTSAF.COMBN,age+gender,educ_level,tgglu,1448,5697130.65286935,62,gaussian (identity),HS graduate or GED,0.0615689548038544,0.0674474137736809,0.365238025483057,-0.0706279761925601,0.193765885800269,0.470903091474878,0.756839733665468,218,827490.986958268
racethn_combn,NHAsian,1999-2020,21.2,WTSAF.COMBN,age+gender,educ_level,tgglu,1448,5697130.65286935,62,gaussian (identity),9-11th grade,-0.0128389624333929,0.0923697826130675,0.889952548090791,-0.193883736355005,0.168205811488219,0.470903091474878,0.756839733665468,106,373064.720965472
racethn_combn,NHAsian,1999-2020,21.2,WTSAF.COMBN,age+gender,educ_level,tgglu,1448,5697130.65286935,62,gaussian (identity),Less than 9th grade,0.0162014789819667,0.0977258614275239,0.868923256514599,-0.17534120941598,0.207744167379913,0.470903091474878,0.756839733665468,113,390694.678603539
racethn_combn,Other/Multi-Racial,1999-2020,21.2,WTSAF.COMBN,age+gender,educ_level,tgglu,431,3536077.60830691,56,gaussian (identity),College graduate or above (Intercept),1.39755488665807,0.238129660014557,3.496779229598e-07,0.930820753029538,1.8642890202866,1.09236553657246,0.370525772988171,93,824529.043521483
racethn_combn,Other/Multi-Racial,1999-2020,21.2,WTSAF.COMBN,age+gender,educ_level,tgglu,431,3536077.60830691,56,gaussian (identity),Some college or AA degree,-0.296216111430767,0.161675521107993,0.0728861661794429,-0.613100132802434,0.0206679099409001,1.09236553657246,0.370525772988171,192,1507684.6348595
racethn_combn,Other/Multi-Racial,1999-2020,21.2,WTSAF.COMBN,age+gender,educ_level,tgglu,431,3536077.60830691,56,gaussian (identity),HS graduate or GED,-0.170888243389922,0.19311347954253,0.380440462293919,-0.549390663293281,0.207614176513436,1.09236553657246,0.370525772988171,85,768719.092469222
racethn_combn,Other/Multi-Racial,1999-2020,21.2,WTSAF.COMBN,age+gender,educ_level,tgglu,431,3536077.60830691,56,gaussian (identity),9-11th grade,-0.185645707106578,0.209162578783893,0.379023655010657,-0.595604361523009,0.224312947309852,1.09236553657246,0.370525772988171,45,327245.38097352
racethn_combn,Other/Multi-Racial,1999-2020,21.2,WTSAF.COMBN,age+gender,educ_level,tgglu,431,3536077.60830691,56,gaussian (identity),Less than 9th grade,-0.197290294629795,0.224653223786574,0.384036294036746,-0.63761061325148,0.243030023991891,1.09236553657246,0.370525772988171,16,107899.456483189
racethn_combn,NHB,2005-2016,12,WTSAF.COMBN,age+gender,educ_level,ogtt_2hg,2183,19863624.6332833,79,gaussian (identity),College graduate or above (Intercept),68.4715106280842,3.75736775503021,7.02151355079546e-29,61.107069828225,75.8359514279434,1.98450128053167,0.105817941906557,360,3619908.77842485
racethn_combn,NHB,2005-2016,12,WTSAF.COMBN,age+gender,educ_level,ogtt_2hg,2183,19863624.6332833,79,gaussian (identity),Some college or AA degree,5.13116891752992,2.79486946437838,0.070441109987579,-0.346775232651698,10.6091130677115,1.98450128053167,0.105817941906557,735,6920854.92026913
racethn_combn,NHB,2005-2016,12,WTSAF.COMBN,age+gender,educ_level,ogtt_2hg,2183,19863624.6332833,79,gaussian (identity),HS graduate or GED,7.58986137046863,2.99353823835812,0.0133726858846511,1.72252642328672,13.4571963176505,1.98450128053167,0.105817941906557,606,5346618.41069353
racethn_combn,NHB,2005-2016,12,WTSAF.COMBN,age+gender,educ_level,ogtt_2hg,2183,19863624.6332833,79,gaussian (identity),9-11th grade,8.01883393946407,3.20390278991542,0.0145585661858625,1.73918447122984,14.2984834076983,1.98450128053167,0.105817941906557,420,3557062.67868587
racethn_combn,NHB,2005-2016,12,WTSAF.COMBN,age+gender,educ_level,ogtt_2hg,2183,19863624.6332833,79,gaussian (identity),Less than 9th grade,2.14822172404533,6.46604212941893,0.740666681690647,-10.5252208496158,14.8216642977064,1.98450128053167,0.105817941906557,62,419179.845209921
racethn_combn,NHW,2005-2016,12,WTSAF.COMBN,age+gender,educ_level,ogtt_2hg,5150,129057157.973605,92,gaussian (identity),College graduate or above (Intercept),63.5356158959842,2.31649000821483,2.71831791516802e-44,58.9952954798831,68.0759363120852,10.4938623451307,5.70261497174936e-07,1432,42389260.9384704
racethn_combn,NHW,2005-2016,12,WTSAF.COMBN,age+gender,educ_level,ogtt_2hg,5150,129057157.973605,92,gaussian (identity),Some college or AA degree,6.88786235419407,1.83344279849823,0.000312571891510861,3.29431446913755,10.4814102392506,10.4938623451307,5.70261497174936e-07,1597,41065523.8951726
racethn_combn,NHW,2005-2016,12,WTSAF.COMBN,age+gender,educ_level,ogtt_2hg,5150,129057157.973605,92,gaussian (identity),HS graduate or GED,10.6741448133682,2.00836793667983,8.29778865825962e-07,6.7377436574757,14.6105459692606,10.4938623451307,5.70261497174936e-07,1290,30239322.1509079
racethn_combn,NHW,2005-2016,12,WTSAF.COMBN,age+gender,educ_level,ogtt_2hg,5150,129057157.973605,92,gaussian (identity),9-11th grade,9.35185436333117,2.73921828588976,0.00097836903177299,3.98298652298723,14.7207222036751,10.4938623451307,5.70261497174936e-07,611,11859836.6924534
racethn_combn,NHW,2005-2016,12,WTSAF.COMBN,age+gender,educ_level,ogtt_2hg,5150,129057157.973605,92,gaussian (identity),Less than 9th grade,13.0574054713505,3.76964497117128,0.000832526351913959,5.6689013278548,20.4459096148462,10.4938623451307,5.70261497174936e-07,220,3503214.29660041
racethn_combn,Other/Multi-Racial/NHAsian,2005-2016,12,WTSAF.COMBN,age+gender,educ_level,ogtt_2hg,258,5331104.19916667,28,gaussian (identity),College graduate or above (Intercept),64.154758824077,7.97676791506872,5.40333515752923e-08,48.5202937105423,79.7892239376117,2.87943617147982,0.0465639277741499,91,2186749.15183333
racethn_combn,Other/Multi-Racial/NHAsian,2005-2016,12,WTSAF.COMBN,age+gender,educ_level,ogtt_2hg,258,5331104.19916667,28,gaussian (identity),Some college or AA degree,17.5673935598437,7.16280029774945,0.0225807358787344,3.5283049762548,31.6064821434326,2.87943617147982,0.0465639277741499,71,1528020.49966667
racethn_combn,Other/Multi-Racial/NHAsian,2005-2016,12,WTSAF.COMBN,age+gender,educ_level,ogtt_2hg,258,5331104.19916667,28,gaussian (identity),HS graduate or GED,2.75243690412795,6.01401959211246,0.651677434410194,-9.03504149641247,14.5399153046684,2.87943617147982,0.0465639277741499,49,912966.451
racethn_combn,Other/Multi-Racial/NHAsian,2005-2016,12,WTSAF.COMBN,age+gender,educ_level,ogtt_2hg,258,5331104.19916667,28,gaussian (identity),9-11th grade,29.4140693347187,12.7581583081071,0.030945851204247,4.40807905082881,54.4200596186085,2.87943617147982,0.0465639277741499,21,328077.0515
racethn_combn,Other/Multi-Racial/NHAsian,2005-2016,12,WTSAF.COMBN,age+gender,educ_level,ogtt_2hg,258,5331104.19916667,28,gaussian (identity),Less than 9th grade,12.7274700251669,9.23846867832687,0.182162454021607,-5.37992858435373,30.8348686346876,2.87943617147982,0.0465639277741499,26,375291.045166667
racethn_combn,Mexican-American,2005-2016,12,WTSAF.COMBN,age+gender,educ_level,ogtt_2hg,1934,16327157.0000691,72,gaussian (identity),College graduate or above (Intercept),68.1843859409814,4.89702113454429,2.5710506286343e-21,58.5862245172746,77.7825473646882,6.71618307857911,0.000134580702265534,136,1401636.51866536
racethn_combn,Mexican-American,2005-2016,12,WTSAF.COMBN,age+gender,educ_level,ogtt_2hg,1934,16327157.0000691,72,gaussian (identity),Some college or AA degree,8.2863469788028,4.13355032301347,0.0491051120608644,0.184588345696408,16.3881056119092,6.71618307857911,0.000134580702265534,418,3728352.84060485
racethn_combn,Mexican-American,2005-2016,12,WTSAF.COMBN,age+gender,educ_level,ogtt_2hg,1934,16327157.0000691,72,gaussian (identity),HS graduate or GED,15.8306727807282,4.59206107285183,0.000989828853369836,6.83023307793858,24.8311124835178,6.71618307857911,0.000134580702265534,399,3553153.56418161
racethn_combn,Mexican-American,2005-2016,12,WTSAF.COMBN,age+gender,educ_level,ogtt_2hg,1934,16327157.0000691,72,gaussian (identity),9-11th grade,13.4403913113582,3.94249221974505,0.00111551983092625,5.71310656065788,21.1676760620585,6.71618307857911,0.000134580702265534,449,3729919.89433355
racethn_combn,Mexican-American,2005-2016,12,WTSAF.COMBN,age+gender,educ_level,ogtt_2hg,1934,16327157.0000691,72,gaussian (identity),Less than 9th grade,22.6284066807231,4.73428339411997,1.01994922882707e-05,13.349211228248,31.9076021331983,6.71618307857911,0.000134580702265534,532,3914094.18228378
racethn_combn,Other Hispanic,2005-2016,12,WTSAF.COMBN,age+gender,educ_level,ogtt_2hg,1169,10398987.2660107,70,gaussian (identity),College graduate or above (Intercept),58.4316882948075,6.49245631559998,5.65762295814899e-13,45.7064739162315,71.1569026733835,1.29093661877607,0.282964967566445,208,1970325.66687439
racethn_combn,Other Hispanic,2005-2016,12,WTSAF.COMBN,age+gender,educ_level,ogtt_2hg,1169,10398987.2660107,70,gaussian (identity),Some college or AA degree,5.15196049960018,5.43385646033701,0.346633604613652,-5.49839816266037,15.8023191618607,1.29093661877607,0.282964967566445,308,2822999.70349148
racethn_combn,Other Hispanic,2005-2016,12,WTSAF.COMBN,age+gender,educ_level,ogtt_2hg,1169,10398987.2660107,70,gaussian (identity),HS graduate or GED,8.52782368998134,4.93333342755987,0.088700256545269,-1.141509828036,18.1971572079987,1.29093661877607,0.282964967566445,239,2130443.01284801
racethn_combn,Other Hispanic,2005-2016,12,WTSAF.COMBN,age+gender,educ_level,ogtt_2hg,1169,10398987.2660107,70,gaussian (identity),9-11th grade,11.0832731151018,7.79283548431477,0.159812524557895,-4.19068443415516,26.3572306643587,1.29093661877607,0.282964967566445,205,1909010.51711793
racethn_combn,Other Hispanic,2005-2016,12,WTSAF.COMBN,age+gender,educ_level,ogtt_2hg,1169,10398987.2660107,70,gaussian (identity),Less than 9th grade,10.1093432664752,5.35455737463998,0.0635623481560182,-0.385589187819189,20.6042757207695,1.29093661877607,0.282964967566445,209,1566208.36567889
racethn_combn,NHAsian,2005-2016,12,WTSAF.COMBN,age+gender,educ_level,ogtt_2hg,719,5007048.06643532,40,gaussian (identity),College graduate or above (Intercept),78.3489543839557,9.06192419785122,4.21461340240467e-10,60.5875829561673,96.1103258117441,1.73719429173512,0.164594308188531,383,2768516.7835295
racethn_combn,NHAsian,2005-2016,12,WTSAF.COMBN,age+gender,educ_level,ogtt_2hg,719,5007048.06643532,40,gaussian (identity),Some college or AA degree,6.55044660898548,5.71995328072647,0.260126882596803,-4.6606618212384,17.7615550392094,1.73719429173512,0.164594308188531,132,935136.407166377
racethn_combn,NHAsian,2005-2016,12,WTSAF.COMBN,age+gender,educ_level,ogtt_2hg,719,5007048.06643532,40,gaussian (identity),HS graduate or GED,22.852151529992,9.81883997086419,0.0260345237219887,3.60722518709819,42.0970778728858,1.73719429173512,0.164594308188531,110,693741.79721432
racethn_combn,NHAsian,2005-2016,12,WTSAF.COMBN,age+gender,educ_level,ogtt_2hg,719,5007048.06643532,40,gaussian (identity),9-11th grade,7.15733098428334,9.92623088231925,0.47580651644392,-12.2980815450624,26.6127435136291,1.73719429173512,0.164594308188531,48,294697.621577505
racethn_combn,NHAsian,2005-2016,12,WTSAF.COMBN,age+gender,educ_level,ogtt_2hg,719,5007048.06643532,40,gaussian (identity),Less than 9th grade,4.28281233260714,8.56594628195944,0.620308978875042,-12.5064423800334,21.0720670452476,1.73719429173512,0.164594308188531,46,314955.456947619
racethn_combn,Other/Multi-Racial,2005-2016,12,WTSAF.COMBN,age+gender,educ_level,ogtt_2hg,171,2670800.87528985,30,gaussian (identity),College graduate or above (Intercept),89.6517046629963,6.40235135190382,4.80705391765194e-13,77.1030960132648,102.200313312728,0.816041313406489,0.527506240042682,37,593373.980773315
racethn_combn,Other/Multi-Racial,2005-2016,12,WTSAF.COMBN,age+gender,educ_level,ogtt_2hg,171,2670800.87528985,30,gaussian (identity),Some college or AA degree,-7.79258217689759,6.63157734475683,0.251492694248685,-20.790473772621,5.2053094188258,0.816041313406489,0.527506240042682,76,1184606.64214993
racethn_combn,Other/Multi-Racial,2005-2016,12,WTSAF.COMBN,age+gender,educ_level,ogtt_2hg,171,2670800.87528985,30,gaussian (identity),HS graduate or GED,1.53024772726714,9.0486306542849,0.867124460305391,-16.2050683551313,19.2655638096655,0.816041313406489,0.527506240042682,34,516016.986859785
racethn_combn,Other/Multi-Racial,2005-2016,12,WTSAF.COMBN,age+gender,educ_level,ogtt_2hg,171,2670800.87528985,30,gaussian (identity),9-11th grade,0.286009980703127,11.8977851764668,0.981020316582853,-23.0336489651718,23.6056689265781,0.816041313406489,0.527506240042682,19,297601.666859182
racethn_combn,Other/Multi-Racial,2005-2016,12,WTSAF.COMBN,age+gender,educ_level,ogtt_2hg,171,2670800.87528985,30,gaussian (identity),Less than 9th grade,7.37482874243957,15.9699632694816,0.648387861899558,-23.9262992657444,38.6759567506236,0.816041313406489,0.527506240042682,5,79201.5986476449
racethn_combn,NHW,1999-2020,21.2,WTMEC.COMBN,age+gender,educ_level,hba1c,24114,146154942.971261,162,gaussian (identity),College graduate or above (Intercept),4.61567851999326,0.0154568808183897,4.91845448572199e-217,4.58538303358921,4.6459740063973,45.3126842531141,3.28134430904373e-25,6264,45665604.3049483
racethn_combn,NHW,1999-2020,21.2,WTMEC.COMBN,age+gender,educ_level,hba1c,24114,146154942.971261,162,gaussian (identity),Some college or AA degree,0.115542831197054,0.0126898372847353,3.90672037151346e-16,0.0906707501189723,0.140414912275135,45.3126842531141,3.28134430904373e-25,7547,46459448.8695871
racethn_combn,NHW,1999-2020,21.2,WTMEC.COMBN,age+gender,educ_level,hba1c,24114,146154942.971261,162,gaussian (identity),HS graduate or GED,0.149394627071986,0.0165144725104257,5.56451121572404e-16,0.117026260951552,0.181762993192421,45.3126842531141,3.28134430904373e-25,6311,36820762.6946406
racethn_combn,NHW,1999-2020,21.2,WTMEC.COMBN,age+gender,educ_level,hba1c,24114,146154942.971261,162,gaussian (identity),9-11th grade,0.190205965506861,0.0180433137473213,5.90490680726788e-20,0.154841070562111,0.22557086045161,45.3126842531141,3.28134430904373e-25,2885,13284511.5235836
racethn_combn,NHW,1999-2020,21.2,WTMEC.COMBN,age+gender,educ_level,hba1c,24114,146154942.971261,162,gaussian (identity),Less than 9th grade,0.200477774919188,0.0335177605558744,1.45856673965877e-08,0.134782964229675,0.266172585608702,45.3126842531141,3.28134430904373e-25,1107,3924615.57850147
racethn_combn,Other/Multi-Racial/NHAsian,1999-2020,21.2,WTMEC.COMBN,age+gender,educ_level,hba1c,1321,6341361.53860831,85,gaussian (identity),College graduate or above (Intercept),4.5299790881329,0.0651171610834266,1.21345030784614e-72,4.40234945240938,4.65760872385641,6.03260519754441,0.000274084841654356,394,2151580.08339368
racethn_combn,Other/Multi-Racial/NHAsian,1999-2020,21.2,WTMEC.COMBN,age+gender,educ_level,hba1c,1321,6341361.53860831,85,gaussian (identity),Some college or AA degree,0.23542542441644,0.062174001170595,0.000296302256605708,0.113564382122074,0.357286466710807,6.03260519754441,0.000274084841654356,360,1752658.05666374
racethn_combn,Other/Multi-Racial/NHAsian,1999-2020,21.2,WTMEC.COMBN,age+gender,educ_level,hba1c,1321,6341361.53860831,85,gaussian (identity),HS graduate or GED,0.126323464420862,0.0731229982331923,0.0879770211839575,-0.0169976121161947,0.269644540957919,6.03260519754441,0.000274084841654356,272,1212522.26333986
racethn_combn,Other/Multi-Racial/NHAsian,1999-2020,21.2,WTMEC.COMBN,age+gender,educ_level,hba1c,1321,6341361.53860831,85,gaussian (identity),9-11th grade,0.325655970506028,0.108128335890688,0.00348772333600929,0.113724432160279,0.537587508851777,6.03260519754441,0.000274084841654356,159,697766.983409905
racethn_combn,Other/Multi-Racial/NHAsian,1999-2020,21.2,WTMEC.COMBN,age+gender,educ_level,hba1c,1321,6341361.53860831,85,gaussian (identity),Less than 9th grade,0.331236908742522,0.154866992302457,0.0355368461765549,0.0276976038297067,0.634776213655337,6.03260519754441,0.000274084841654356,136,526834.151801132
racethn_combn,NHB,1999-2020,21.2,WTMEC.COMBN,age+gender,educ_level,hba1c,12015,23391439.1574479,152,gaussian (identity),College graduate or above (Intercept),4.82006218490079,0.0368807035920714,3.76496129251557e-153,4.74777600586033,4.89234836394125,1.42542236014663,0.228432865335767,1794,3863823.37059159
racethn_combn,NHB,1999-2020,21.2,WTMEC.COMBN,age+gender,educ_level,hba1c,12015,23391439.1574479,152,gaussian (identity),Some college or AA degree,0.053695075214295,0.0311803652285928,0.0871728218625735,-0.00741844063374687,0.114808591062337,1.42542236014663,0.228432865335767,3849,7803042.51651152
racethn_combn,NHB,1999-2020,21.2,WTMEC.COMBN,age+gender,educ_level,hba1c,12015,23391439.1574479,152,gaussian (identity),HS graduate or GED,0.05738777123289,0.0343945935502993,0.0973574204693545,-0.0100256321256966,0.124801174591477,1.42542236014663,0.228432865335767,3121,6160078.25197792
racethn_combn,NHB,1999-2020,21.2,WTMEC.COMBN,age+gender,educ_level,hba1c,12015,23391439.1574479,152,gaussian (identity),9-11th grade,0.083569554303231,0.0370384092982142,0.0255375697151635,0.0109742720787312,0.156164836527731,1.42542236014663,0.228432865335767,2628,4610211.9391176
racethn_combn,NHB,1999-2020,21.2,WTMEC.COMBN,age+gender,educ_level,hba1c,12015,23391439.1574479,152,gaussian (identity),Less than 9th grade,0.0170969505355804,0.07013399582725,0.807746898627813,-0.12036568128583,0.15455958235699,1.42542236014663,0.228432865335767,623,954283.079249254
racethn_combn,Mexican-American,1999-2020,21.2,WTMEC.COMBN,age+gender,educ_level,hba1c,10118,17868549.8051918,145,gaussian (identity),College graduate or above (Intercept),4.41415145351809,0.0439296410747924,1.17208177172747e-131,4.3280493570115,4.50025355002469,15.885068690634,9.88518123315172e-11,630,1476612.84554319
racethn_combn,Mexican-American,1999-2020,21.2,WTMEC.COMBN,age+gender,educ_level,hba1c,10118,17868549.8051918,145,gaussian (identity),Some college or AA degree,0.193868007758115,0.0434569333063679,1.66903416321481e-05,0.108692418477634,0.279043597038596,15.885068690634,9.88518123315172e-11,1871,3795664.13870557
racethn_combn,Mexican-American,1999-2020,21.2,WTMEC.COMBN,age+gender,educ_level,hba1c,10118,17868549.8051918,145,gaussian (identity),HS graduate or GED,0.245009530702059,0.0432672817403486,8.22943726747781e-08,0.160205658490976,0.329813402913143,15.885068690634,9.88518123315172e-11,2061,4179228.92763836
racethn_combn,Mexican-American,1999-2020,21.2,WTMEC.COMBN,age+gender,educ_level,hba1c,10118,17868549.8051918,145,gaussian (identity),9-11th grade,0.24437119382186,0.042307266169684,4.79544018996443e-08,0.161448952129279,0.327293435514441,15.885068690634,9.88518123315172e-11,2248,3836838.29027338
racethn_combn,Mexican-American,1999-2020,21.2,WTMEC.COMBN,age+gender,educ_level,hba1c,10118,17868549.8051918,145,gaussian (identity),Less than 9th grade,0.305541500933635,0.0401098458844788,3.61262806761961e-12,0.226926203000056,0.384156798867213,15.885068690634,9.88518123315172e-11,3308,4580205.60303134
racethn_combn,Other Hispanic,1999-2020,21.2,WTMEC.COMBN,age+gender,educ_level,hba1c,4687,12533070.9023717,138,gaussian (identity),College graduate or above (Intercept),4.47581347567997,0.058777198235857,6.00921281028122e-111,4.36061016713769,4.59101678422225,14.2396006960329,1.09079718538874e-09,684,2047913.74065594
racethn_combn,Other Hispanic,1999-2020,21.2,WTMEC.COMBN,age+gender,educ_level,hba1c,4687,12533070.9023717,138,gaussian (identity),Some college or AA degree,0.172563739775752,0.0490231979101879,0.000592715259080349,0.0764782718717832,0.26864920767972,14.2396006960329,1.09079718538874e-09,1243,3598084.92601676
racethn_combn,Other Hispanic,1999-2020,21.2,WTMEC.COMBN,age+gender,educ_level,hba1c,4687,12533070.9023717,138,gaussian (identity),HS graduate or GED,0.183072931940043,0.0391682594954142,7.19489819856152e-06,0.106303143329032,0.259842720551055,14.2396006960329,1.09079718538874e-09,949,2767479.21011634
racethn_combn,Other Hispanic,1999-2020,21.2,WTMEC.COMBN,age+gender,educ_level,hba1c,4687,12533070.9023717,138,gaussian (identity),9-11th grade,0.377635051681368,0.0635755523576863,2.38486261371317e-08,0.253026969060303,0.502243134302433,14.2396006960329,1.09079718538874e-09,859,2089629.2583777
racethn_combn,Other Hispanic,1999-2020,21.2,WTMEC.COMBN,age+gender,educ_level,hba1c,4687,12533070.9023717,138,gaussian (identity),Less than 9th grade,0.243404524750261,0.0612173694824819,0.000114820476952339,0.123418480564596,0.363390568935925,14.2396006960329,1.09079718538874e-09,952,2029963.76720498
racethn_combn,NHAsian,1999-2020,21.2,WTMEC.COMBN,age+gender,educ_level,hba1c,2982,5449608.01202296,70,gaussian (identity),College graduate or above (Intercept),4.66434113120227,0.0535594879750835,3.33311238100673e-68,4.55936453477111,4.76931772763344,3.27415603876345,0.0166432832078513,1493,2851924.18474781
racethn_combn,NHAsian,1999-2020,21.2,WTMEC.COMBN,age+gender,educ_level,hba1c,2982,5449608.01202296,70,gaussian (identity),Some college or AA degree,0.0984624262171657,0.0447694377860236,0.0314746674021629,0.0107143281565595,0.186210524277772,3.27415603876345,0.0166432832078513,591,1084865.13204306
racethn_combn,NHAsian,1999-2020,21.2,WTMEC.COMBN,age+gender,educ_level,hba1c,2982,5449608.01202296,70,gaussian (identity),HS graduate or GED,0.10805754193554,0.0415426909568663,0.0115287821273122,0.0266338676600822,0.189481216210998,3.27415603876345,0.0166432832078513,444,785142.539876717
racethn_combn,NHAsian,1999-2020,21.2,WTMEC.COMBN,age+gender,educ_level,hba1c,2982,5449608.01202296,70,gaussian (identity),9-11th grade,0.0703385912485612,0.0668443186825856,0.296630359458259,-0.0606762733693067,0.201353455866429,3.27415603876345,0.0166432832078513,219,344784.932115679
racethn_combn,NHAsian,1999-2020,21.2,WTMEC.COMBN,age+gender,educ_level,hba1c,2982,5449608.01202296,70,gaussian (identity),Less than 9th grade,0.190010594120209,0.102467444059419,0.0682974441422344,-0.0108255962362519,0.39084678447667,3.27415603876345,0.0166432832078513,235,382891.223239698
racethn_combn,Other/Multi-Racial,1999-2020,21.2,WTMEC.COMBN,age+gender,educ_level,hba1c,919,3353066.07710091,72,gaussian (identity),College graduate or above (Intercept),4.51891057043582,0.126965087541793,8.49597915595665e-45,4.27005899885391,4.76776214201774,4.98891353824027,0.00141735537703829,195,742061.43560166
racethn_combn,Other/Multi-Racial,1999-2020,21.2,WTMEC.COMBN,age+gender,educ_level,hba1c,919,3353066.07710091,72,gaussian (identity),Some college or AA degree,0.393306213233479,0.111669485032063,0.000782317233300748,0.174434022570637,0.612178403896322,4.98891353824027,0.00141735537703829,397,1452854.75212277
racethn_combn,Other/Multi-Racial,1999-2020,21.2,WTMEC.COMBN,age+gender,educ_level,hba1c,919,3353066.07710091,72,gaussian (identity),HS graduate or GED,0.273816013993536,0.0846200782186631,0.00189748905702627,0.107960660684956,0.439671367302116,4.98891353824027,0.00141735537703829,202,772554.858469019
racethn_combn,Other/Multi-Racial,1999-2020,21.2,WTMEC.COMBN,age+gender,educ_level,hba1c,919,3353066.07710091,72,gaussian (identity),9-11th grade,0.267281624317346,0.118481388351146,0.0273967725702054,0.0350581031491001,0.499505145485593,4.98891353824027,0.00141735537703829,93,296516.13326066
racethn_combn,Other/Multi-Racial,1999-2020,21.2,WTMEC.COMBN,age+gender,educ_level,hba1c,919,3353066.07710091,72,gaussian (identity),Less than 9th grade,0.382581733217887,0.366060019774156,0.299773894920034,-0.334895905539459,1.10005937197523,4.98891353824027,0.00141735537703829,32,89078.8976467925
racethn_combn,NHW,1999-2020,21.2,WTMEC.COMBN,age+gender,educ_level,uacr,24400,148358327.515214,162,gaussian (identity),College graduate or above (Intercept),-24.6540117348971,3.38081262114859,1.43813577179675e-11,-31.2804044723483,-18.0276189974459,13.8467738118935,1.09337506525653e-09,6353,46450575.9046274
racethn_combn,NHW,1999-2020,21.2,WTMEC.COMBN,age+gender,educ_level,uacr,24400,148358327.515214,162,gaussian (identity),Some college or AA degree,12.4653663914345,2.4708387300738,1.24747829266801e-06,7.62252248048985,17.3082103023791,13.8467738118935,1.09337506525653e-09,7665,47322364.8104079
racethn_combn,NHW,1999-2020,21.2,WTMEC.COMBN,age+gender,educ_level,uacr,24400,148358327.515214,162,gaussian (identity),HS graduate or GED,11.8345949648428,2.68178895859389,1.89402739486132e-05,6.57828860599877,17.0909013236868,13.8467738118935,1.09337506525653e-09,6397,37327764.6655553
racethn_combn,NHW,1999-2020,21.2,WTMEC.COMBN,age+gender,educ_level,uacr,24400,148358327.515214,162,gaussian (identity),9-11th grade,23.5863298767925,5.1166661330793,8.33953094012141e-06,13.5576642559571,33.6149954976279,13.8467738118935,1.09337506525653e-09,2883,13352909.0464843
racethn_combn,NHW,1999-2020,21.2,WTMEC.COMBN,age+gender,educ_level,uacr,24400,148358327.515214,162,gaussian (identity),Less than 9th grade,23.4484042799079,6.93479379675182,0.000911936652419945,9.85620843827434,37.0406001215415,13.8467738118935,1.09337506525653e-09,1102,3904713.08813955
racethn_combn,Other/Multi-Racial/NHAsian,1999-2020,21.2,WTMEC.COMBN,age+gender,educ_level,uacr,1367,6541991.68343671,83,gaussian (identity),College graduate or above (Intercept),-22.7850667487707,15.8531883799975,0.154697007027035,-53.8573159735658,8.28718247602435,1.27157902779804,0.288470258842669,416,2250679.57206679
racethn_combn,Other/Multi-Racial/NHAsian,1999-2020,21.2,WTMEC.COMBN,age+gender,educ_level,uacr,1367,6541991.68343671,83,gaussian (identity),Some college or AA degree,37.3114740574538,20.9722452223916,0.0791717534674049,-3.79412657843366,78.4170746933413,1.27157902779804,0.288470258842669,366,1799573.40321412
racethn_combn,Other/Multi-Racial/NHAsian,1999-2020,21.2,WTMEC.COMBN,age+gender,educ_level,uacr,1367,6541991.68343671,83,gaussian (identity),HS graduate or GED,55.549776850248,33.2792137289972,0.0991382599799313,-9.67748205858657,120.777035759083,1.27157902779804,0.288470258842669,277,1237862.84289769
racethn_combn,Other/Multi-Racial/NHAsian,1999-2020,21.2,WTMEC.COMBN,age+gender,educ_level,uacr,1367,6541991.68343671,83,gaussian (identity),9-11th grade,8.72217366306469,7.19998533791899,0.229440910347517,-5.38979759925653,22.8341449253859,1.27157902779804,0.288470258842669,167,708032.37043566
racethn_combn,Other/Multi-Racial/NHAsian,1999-2020,21.2,WTMEC.COMBN,age+gender,educ_level,uacr,1367,6541991.68343671,83,gaussian (identity),Less than 9th grade,25.9001687727563,27.0178946776603,0.340745512487755,-27.0549047954579,78.8552423409706,1.27157902779804,0.288470258842669,141,545843.494822453
racethn_combn,NHB,1999-2020,21.2,WTMEC.COMBN,age+gender,educ_level,uacr,12709,24787749.7889933,153,gaussian (identity),College graduate or above (Intercept),5.93642820373591,37.2476734943548,0.873590507039065,-67.0690118451996,78.9418682526714,0.369487782760556,0.83008419149645,1883,4058325.64452347
racethn_combn,NHB,1999-2020,21.2,WTMEC.COMBN,age+gender,educ_level,uacr,12709,24787749.7889933,153,gaussian (identity),Some college or AA degree,-26.3221732342519,41.1840750466355,0.52372995044198,-107.042960325657,54.3986138571538,0.369487782760556,0.83008419149645,4065,8235188.88179993
racethn_combn,NHB,1999-2020,21.2,WTMEC.COMBN,age+gender,educ_level,uacr,12709,24787749.7889933,153,gaussian (identity),HS graduate or GED,-25.8040575400256,42.6483583789887,0.546083813967354,-109.394839962843,57.7867248827923,0.369487782760556,0.83008419149645,3339,6614185.35538251
racethn_combn,NHB,1999-2020,21.2,WTMEC.COMBN,age+gender,educ_level,uacr,12709,24787749.7889933,153,gaussian (identity),9-11th grade,-14.2838627149318,42.5103706871053,0.737343281583728,-97.6041892616582,69.0364638317946,0.369487782760556,0.83008419149645,2778,4902092.9604993
racethn_combn,NHB,1999-2020,21.2,WTMEC.COMBN,age+gender,educ_level,uacr,12709,24787749.7889933,153,gaussian (identity),Less than 9th grade,-14.3648513087069,46.0677079173088,0.755618841729851,-104.657558826632,75.9278562092184,0.369487782760556,0.83008419149645,644,977956.946788065
racethn_combn,Mexican-American,1999-2020,21.2,WTMEC.COMBN,age+gender,educ_level,uacr,10373,18305393.2424039,145,gaussian (identity),College graduate or above (Intercept),-60.6338219079892,14.7181524938864,6.48362328856747e-05,-89.4814007960064,-31.7862430199719,2.23018455812848,0.068832092538776,636,1486642.24238842
racethn_combn,Mexican-American,1999-2020,21.2,WTMEC.COMBN,age+gender,educ_level,uacr,10373,18305393.2424039,145,gaussian (identity),Some college or AA degree,11.6083519444203,9.69429850820472,0.23317269912991,-7.39247313166091,30.6091770205016,2.23018455812848,0.068832092538776,1921,3904832.41451321
racethn_combn,Mexican-American,1999-2020,21.2,WTMEC.COMBN,age+gender,educ_level,uacr,10373,18305393.2424039,145,gaussian (identity),HS graduate or GED,9.4727126624952,10.2292750915572,0.356030477354231,-10.5766665169569,29.5220918419473,2.23018455812848,0.068832092538776,2105,4241554.55604185
racethn_combn,Mexican-American,1999-2020,21.2,WTMEC.COMBN,age+gender,educ_level,uacr,10373,18305393.2424039,145,gaussian (identity),9-11th grade,25.4924884001092,13.1948159068168,0.0553928778828539,-0.369350777251768,51.3543275774701,2.23018455812848,0.068832092538776,2306,3932724.84041121
racethn_combn,Mexican-American,1999-2020,21.2,WTMEC.COMBN,age+gender,educ_level,uacr,10373,18305393.2424039,145,gaussian (identity),Less than 9th grade,24.2363889144333,11.4788220966244,0.0365276321670652,1.7378976050495,46.7348802238171,2.23018455812848,0.068832092538776,3405,4739639.18904921
racethn_combn,Other Hispanic,1999-2020,21.2,WTMEC.COMBN,age+gender,educ_level,uacr,4828,12889148.9013901,140,gaussian (identity),College graduate or above (Intercept),-10.9481856327443,17.3034377557922,0.527996451086387,-44.862923634097,22.9665523686084,3.73675474300842,0.00646704488882006,699,2077471.75165234
racethn_combn,Other Hispanic,1999-2020,21.2,WTMEC.COMBN,age+gender,educ_level,uacr,4828,12889148.9013901,140,gaussian (identity),Some college or AA degree,-8.15285401767623,14.7319742402782,0.580903387979861,-37.0275235286214,20.721815493269,3.73675474300842,0.00646704488882006,1282,3714538.51300813
racethn_combn,Other Hispanic,1999-2020,21.2,WTMEC.COMBN,age+gender,educ_level,uacr,4828,12889148.9013901,140,gaussian (identity),HS graduate or GED,22.6422701843429,19.4092586495785,0.245455769329389,-15.3998767688309,60.6844171375167,3.73675474300842,0.00646704488882006,983,2839811.69388981
racethn_combn,Other Hispanic,1999-2020,21.2,WTMEC.COMBN,age+gender,educ_level,uacr,4828,12889148.9013901,140,gaussian (identity),9-11th grade,4.2857131431206,15.8270482624176,0.786973737226535,-26.7353014512179,35.3067277374592,3.73675474300842,0.00646704488882006,884,2170313.92985013
racethn_combn,Other Hispanic,1999-2020,21.2,WTMEC.COMBN,age+gender,educ_level,uacr,4828,12889148.9013901,140,gaussian (identity),Less than 9th grade,25.1780885699734,19.0751539845001,0.189104975666146,-12.2092132396467,62.5653903795935,3.73675474300842,0.00646704488882006,980,2087013.0129897
racethn_combn,NHAsian,1999-2020,21.2,WTMEC.COMBN,age+gender,educ_level,uacr,3120,5690665.34560879,71,gaussian (identity),College graduate or above (Intercept),-55.3705390971372,15.8369621846208,0.000855670263478859,-86.410984978994,-24.3300932152805,1.92759098891212,0.116361511312543,1555,2975209.34099745
racethn_combn,NHAsian,1999-2020,21.2,WTMEC.COMBN,age+gender,educ_level,uacr,3120,5690665.34560879,71,gaussian (identity),Some college or AA degree,24.1514959002292,16.2166094034851,0.141243105577795,-7.63305853060154,55.93605033106,1.92759098891212,0.116361511312543,610,1119059.21247906
racethn_combn,NHAsian,1999-2020,21.2,WTMEC.COMBN,age+gender,educ_level,uacr,3120,5690665.34560879,71,gaussian (identity),HS graduate or GED,58.9361174944058,50.1645970684366,0.244338824549288,-39.3864927597299,157.258727748542,1.92759098891212,0.116361511312543,468,821267.952028698
racethn_combn,NHAsian,1999-2020,21.2,WTMEC.COMBN,age+gender,educ_level,uacr,3120,5690665.34560879,71,gaussian (identity),9-11th grade,72.2495023094302,34.2427679599698,0.0387196565508964,5.1336771078894,139.365327510971,1.92759098891212,0.116361511312543,232,364434.547268981
racethn_combn,NHAsian,1999-2020,21.2,WTMEC.COMBN,age+gender,educ_level,uacr,3120,5690665.34560879,71,gaussian (identity),Less than 9th grade,6.02493203768545,17.7405929336934,0.735243071793553,-28.7466301123535,40.7964941877244,1.92759098891212,0.116361511312543,255,410694.292834604
racethn_combn,Other/Multi-Racial,1999-2020,21.2,WTMEC.COMBN,age+gender,educ_level,uacr,950,3432913.87701347,72,gaussian (identity),College graduate or above (Intercept),-78.1727970232232,42.553757466626,0.0707073548968875,-161.57816165781,5.23256761136365,1.15694602453218,0.33787472040863,202,752564.366826227
racethn_combn,Other/Multi-Racial,1999-2020,21.2,WTMEC.COMBN,age+gender,educ_level,uacr,950,3432913.87701347,72,gaussian (identity),Some college or AA degree,64.4180831986987,39.4554283037543,0.107298687871469,-12.9145562766599,141.750722674057,1.15694602453218,0.33787472040863,411,1497415.94684045
racethn_combn,Other/Multi-Racial,1999-2020,21.2,WTMEC.COMBN,age+gender,educ_level,uacr,950,3432913.87701347,72,gaussian (identity),HS graduate or GED,6.79281924218474,13.1251646266508,0.606508475219884,-18.9325034260507,32.5181419104202,1.15694602453218,0.33787472040863,205,774887.752066132
racethn_combn,Other/Multi-Racial,1999-2020,21.2,WTMEC.COMBN,age+gender,educ_level,uacr,950,3432913.87701347,72,gaussian (identity),9-11th grade,2.1777066837737,14.2464311166541,0.878975208342208,-25.7452983048684,30.1007116724158,1.15694602453218,0.33787472040863,99,312726.519097359
racethn_combn,Other/Multi-Racial,1999-2020,21.2,WTMEC.COMBN,age+gender,educ_level,uacr,950,3432913.87701347,72,gaussian (identity),Less than 9th grade,-21.063787599147,17.4848748622139,0.232626608340467,-55.3341423290863,13.2065671307922,1.15694602453218,0.33787472040863,33,95319.2921833019
racethn_combn,NHW,1999-2020,21.2,WTMEC.COMBN,age+gender,educ_level,egfr,23803,144423604.356964,162,gaussian (identity),College graduate or above (Intercept),131.929502361623,0.551132943899283,4.36054613539719e-202,130.849281791581,133.009722931666,1.22187525168946,0.303770768574429,6191,45115040.6846116
racethn_combn,NHW,1999-2020,21.2,WTMEC.COMBN,age+gender,educ_level,egfr,23803,144423604.356964,162,gaussian (identity),Some college or AA degree,-0.206126968248688,0.344511786077801,0.550496696235648,-0.881370068961178,0.469116132463802,1.22187525168946,0.303770768574429,7465,46057418.8570922
racethn_combn,NHW,1999-2020,21.2,WTMEC.COMBN,age+gender,educ_level,egfr,23803,144423604.356964,162,gaussian (identity),HS graduate or GED,0.202998932514594,0.413538265832865,0.624198978274863,-0.607536068517822,1.01353393354701,1.22187525168946,0.303770768574429,6220,36295749.3216637
racethn_combn,NHW,1999-2020,21.2,WTMEC.COMBN,age+gender,educ_level,egfr,23803,144423604.356964,162,gaussian (identity),9-11th grade,0.664770281541245,0.482017550287738,0.169825253291163,-0.279984117022721,1.60952468010521,1.22187525168946,0.303770768574429,2840,13096136.0045155
racethn_combn,NHW,1999-2020,21.2,WTMEC.COMBN,age+gender,educ_level,egfr,23803,144423604.356964,162,gaussian (identity),Less than 9th grade,-0.126170374879486,0.83448688966791,0.880017110929147,-1.76176467862859,1.50942392886962,1.22187525168946,0.303770768574429,1087,3859259.48908074
racethn_combn,Other/Multi-Racial/NHAsian,1999-2020,21.2,WTMEC.COMBN,age+gender,educ_level,egfr,1300,6248556.1143469,85,gaussian (identity),College graduate or above (Intercept),137.354172224294,1.69324961252898,7.6784710690337e-78,134.035402983738,140.672941464851,3.27456703486926,0.015454152356317,391,2132018.3841734
racethn_combn,Other/Multi-Racial/NHAsian,1999-2020,21.2,WTMEC.COMBN,age+gender,educ_level,egfr,1300,6248556.1143469,85,gaussian (identity),Some college or AA degree,-1.21008921648714,1.20166434190383,0.317003978915544,-3.56535132661864,1.14517289364436,3.27456703486926,0.015454152356317,354,1731740.3232578
racethn_combn,Other/Multi-Racial/NHAsian,1999-2020,21.2,WTMEC.COMBN,age+gender,educ_level,egfr,1300,6248556.1143469,85,gaussian (identity),HS graduate or GED,-2.68245904077443,1.51984459500467,0.0814358655079962,-5.66135444698358,0.296436365434723,3.27456703486926,0.015454152356317,264,1175871.38610863
racethn_combn,Other/Multi-Racial/NHAsian,1999-2020,21.2,WTMEC.COMBN,age+gender,educ_level,egfr,1300,6248556.1143469,85,gaussian (identity),9-11th grade,-1.46238381658553,1.65376834058195,0.379231837197425,-4.70376976412615,1.7790021309551,3.27456703486926,0.015454152356317,156,683299.88695349
racethn_combn,Other/Multi-Racial/NHAsian,1999-2020,21.2,WTMEC.COMBN,age+gender,educ_level,egfr,1300,6248556.1143469,85,gaussian (identity),Less than 9th grade,3.4969687824368,1.51876186829308,0.0239388537221757,0.52019552058236,6.47374204429124,3.27456703486926,0.015454152356317,135,525626.133853585
racethn_combn,NHB,1999-2020,21.2,WTMEC.COMBN,age+gender,educ_level,egfr,11718,22850864.7794454,152,gaussian (identity),College graduate or above (Intercept),130.247073254268,0.796860425801031,3.09632970030997e-167,128.685226819698,131.808919688838,2.4554424499979,0.0483277801180215,1763,3807793.64685342
racethn_combn,NHB,1999-2020,21.2,WTMEC.COMBN,age+gender,educ_level,egfr,11718,22850864.7794454,152,gaussian (identity),Some college or AA degree,0.255484051451722,0.563743341824049,0.651083200598865,-0.849452898523414,1.36042100142686,2.4554424499979,0.0483277801180215,3756,7634644.05298191
racethn_combn,NHB,1999-2020,21.2,WTMEC.COMBN,age+gender,educ_level,egfr,11718,22850864.7794454,152,gaussian (identity),HS graduate or GED,1.46988595298775,0.575039719261435,0.0116057074584673,0.34280810323534,2.59696380274017,2.4554424499979,0.0483277801180215,3056,6030541.18989341
racethn_combn,NHB,1999-2020,21.2,WTMEC.COMBN,age+gender,educ_level,egfr,11718,22850864.7794454,152,gaussian (identity),9-11th grade,1.25120846247163,0.652107219900288,0.0569717482306393,-0.0269216885329338,2.5293386134762,2.4554424499979,0.0483277801180215,2548,4468817.38542837
racethn_combn,NHB,1999-2020,21.2,WTMEC.COMBN,age+gender,educ_level,egfr,11718,22850864.7794454,152,gaussian (identity),Less than 9th grade,0.457071595860227,1.08983845361527,0.675544721547392,-1.6790117732257,2.59315496494615,2.4554424499979,0.0483277801180215,595,909068.504288291
racethn_combn,Mexican-American,1999-2020,21.2,WTMEC.COMBN,age+gender,educ_level,egfr,10011,17698502.7148583,145,gaussian (identity),College graduate or above (Intercept),142.985355736291,0.816990929383647,7.01705574607483e-165,141.384053514699,144.586657957883,24.9966603734403,1.32068596826528e-15,627,1463073.27134415
racethn_combn,Mexican-American,1999-2020,21.2,WTMEC.COMBN,age+gender,educ_level,egfr,10011,17698502.7148583,145,gaussian (identity),Some college or AA degree,-0.313525245432474,0.757436665799064,0.679563860698247,-1.79810111039864,1.17105061953369,24.9966603734403,1.32068596826528e-15,1861,3778398.74441589
racethn_combn,Mexican-American,1999-2020,21.2,WTMEC.COMBN,age+gender,educ_level,egfr,10011,17698502.7148583,145,gaussian (identity),HS graduate or GED,2.04383636891513,0.775639092860564,0.00936779437980169,0.523583746908422,3.56408899092183,24.9966603734403,1.32068596826528e-15,2032,4118994.61401734
racethn_combn,Mexican-American,1999-2020,21.2,WTMEC.COMBN,age+gender,educ_level,egfr,10011,17698502.7148583,145,gaussian (identity),9-11th grade,2.84631727744364,0.734567218256083,0.000163791672798303,1.40656552966172,4.28606902522556,24.9966603734403,1.32068596826528e-15,2234,3817042.65375628
racethn_combn,Mexican-American,1999-2020,21.2,WTMEC.COMBN,age+gender,educ_level,egfr,10011,17698502.7148583,145,gaussian (identity),Less than 9th grade,4.407818877718,0.684611489232419,1.82575977214055e-09,3.06598035882246,5.74965739661354,24.9966603734403,1.32068596826528e-15,3257,4520993.43132466
racethn_combn,Other Hispanic,1999-2020,21.2,WTMEC.COMBN,age+gender,educ_level,egfr,4628,12389366.2112132,138,gaussian (identity),College graduate or above (Intercept),136.856260875869,1.34863104503337,3.93832868112854e-127,134.212944027604,139.499577724134,7.26734801410551,2.54681413868867e-05,678,2031653.2906884
racethn_combn,Other Hispanic,1999-2020,21.2,WTMEC.COMBN,age+gender,educ_level,egfr,4628,12389366.2112132,138,gaussian (identity),Some college or AA degree,2.40810537872191,0.87710649678784,0.00688442160755541,0.688976645017748,4.12723411242608,7.26734801410551,2.54681413868867e-05,1230,3572277.88515209
racethn_combn,Other Hispanic,1999-2020,21.2,WTMEC.COMBN,age+gender,educ_level,egfr,4628,12389366.2112132,138,gaussian (identity),HS graduate or GED,3.24509409117913,1.16516226828902,0.00613890955416538,0.961376045332658,5.52881213702561,7.26734801410551,2.54681413868867e-05,937,2726446.20911988
racethn_combn,Other Hispanic,1999-2020,21.2,WTMEC.COMBN,age+gender,educ_level,egfr,4628,12389366.2112132,138,gaussian (identity),9-11th grade,5.0490923534491,1.0085349682897,1.74003550867966e-06,3.07236381560129,7.0258208912969,7.26734801410551,2.54681413868867e-05,850,2076165.40708096
racethn_combn,Other Hispanic,1999-2020,21.2,WTMEC.COMBN,age+gender,educ_level,egfr,4628,12389366.2112132,138,gaussian (identity),Less than 9th grade,4.9806431277876,1.10366607224621,1.4003366400476e-05,2.81745762618503,7.14382862939017,7.26734801410551,2.54681413868867e-05,933,1982823.41917183
racethn_combn,NHAsian,1999-2020,21.2,WTMEC.COMBN,age+gender,educ_level,egfr,2918,5337338.1046084,70,gaussian (identity),College graduate or above (Intercept),142.995022494094,1.11071428126516,5.25020502303435e-79,140.818022502815,145.172022485374,2.19194699754906,0.0797913051229168,1462,2791560.84752079
racethn_combn,NHAsian,1999-2020,21.2,WTMEC.COMBN,age+gender,educ_level,egfr,2918,5337338.1046084,70,gaussian (identity),Some college or AA degree,-0.893899938927925,0.886678107170469,0.317181398509013,-2.63178902898204,0.843989151126194,2.19194699754906,0.0797913051229168,583,1071208.12518011
racethn_combn,NHAsian,1999-2020,21.2,WTMEC.COMBN,age+gender,educ_level,egfr,2918,5337338.1046084,70,gaussian (identity),HS graduate or GED,0.696307397529981,0.701450334640491,0.324610052083526,-0.678535258365382,2.07115005342534,2.19194699754906,0.0797913051229168,432,766100.363610415
racethn_combn,NHAsian,1999-2020,21.2,WTMEC.COMBN,age+gender,educ_level,egfr,2918,5337338.1046084,70,gaussian (identity),9-11th grade,1.76772508691338,0.884006689230302,0.049784037781279,0.0350719760219882,3.50037819780477,2.19194699754906,0.0797913051229168,212,334662.23217951
racethn_combn,NHAsian,1999-2020,21.2,WTMEC.COMBN,age+gender,educ_level,egfr,2918,5337338.1046084,70,gaussian (identity),Less than 9th grade,-1.53744673191416,1.54348479599661,0.322958637078649,-4.56267693206751,1.48778346823919,2.19194699754906,0.0797913051229168,229,373806.536117566
racethn_combn,Other/Multi-Racial,1999-2020,21.2,WTMEC.COMBN,age+gender,educ_level,egfr,908,3317932.31139374,71,gaussian (identity),College graduate or above (Intercept),135.694571099662,2.44454593493805,1.73605185594272e-56,130.903261067184,140.485881132141,0.180425035599018,0.947746692534478,193,737553.838625906
racethn_combn,Other/Multi-Racial,1999-2020,21.2,WTMEC.COMBN,age+gender,educ_level,egfr,908,3317932.31139374,71,gaussian (identity),Some college or AA degree,0.200289289907435,2.06236163206886,0.922932733128973,-3.84193950894752,4.24251808876239,0.180425035599018,0.947746692534478,391,1443597.24162377
racethn_combn,Other/Multi-Racial,1999-2020,21.2,WTMEC.COMBN,age+gender,educ_level,egfr,908,3317932.31139374,71,gaussian (identity),HS graduate or GED,0.868845637850567,1.88865968992512,0.647027765542861,-2.83292735440267,4.57061863010381,0.180425035599018,0.947746692534478,199,751186.200236604
racethn_combn,Other/Multi-Racial,1999-2020,21.2,WTMEC.COMBN,age+gender,educ_level,egfr,908,3317932.31139374,71,gaussian (identity),9-11th grade,1.29499670193424,2.62824716246414,0.623868988364222,-3.85636773649547,6.44636114036395,0.180425035599018,0.947746692534478,93,296516.13326066
racethn_combn,Other/Multi-Racial,1999-2020,21.2,WTMEC.COMBN,age+gender,educ_level,egfr,908,3317932.31139374,71,gaussian (identity),Less than 9th grade,1.51687682687997,3.47104771969898,0.663553717897984,-5.28637670373002,8.32013035748997,0.180425035599018,0.947746692534478,32,89078.8976467925
racethn_combn,NHW,1999-2016,14,WTMEC.COMBN,age+gender,educ_level,crp,16804,144399808.807222,105,gaussian (identity),College graduate or above (Intercept),2.50993112104432,0.195751192959662,9.24461453106177e-23,2.12625878284338,2.89360345924526,17.0836595920552,1.10426360783568e-10,4239,42199905.1748556
racethn_combn,NHW,1999-2016,14,WTMEC.COMBN,age+gender,educ_level,crp,16804,144399808.807222,105,gaussian (identity),Some college or AA degree,0.714313127906674,0.15785505038054,1.68141899877027e-05,0.404917229160816,1.02370902665253,17.0836595920552,1.10426360783568e-10,5012,45491894.510442
racethn_combn,NHW,1999-2016,14,WTMEC.COMBN,age+gender,educ_level,crp,16804,144399808.807222,105,gaussian (identity),HS graduate or GED,0.861815297332391,0.157085062595097,3.15668503800878e-07,0.553928574646001,1.16970202001878,17.0836595920552,1.10426360783568e-10,4571,37659109.571267
racethn_combn,NHW,1999-2016,14,WTMEC.COMBN,age+gender,educ_level,crp,16804,144399808.807222,105,gaussian (identity),9-11th grade,1.43658079958593,0.221839650715202,3.66480469592074e-09,1.00177508418413,1.87138651498773,17.0836595920552,1.10426360783568e-10,2097,14404582.1923649
racethn_combn,NHW,1999-2016,14,WTMEC.COMBN,age+gender,educ_level,crp,16804,144399808.807222,105,gaussian (identity),Less than 9th grade,1.70684133591576,0.329426199284063,1.16375106127845e-06,1.06116598531899,2.35251668651252,17.0836595920552,1.10426360783568e-10,885,4644317.35829243
racethn_combn,Other/Multi-Racial/NHAsian,1999-2016,14,WTMEC.COMBN,age+gender,educ_level,crp,1311,9549136.05020559,85,gaussian (identity),College graduate or above (Intercept),2.21592610277057,0.673144726345242,0.00148942013080156,0.896562439133899,3.53528976640725,0.84468681877543,0.501055266128908,395,3268252.24489629
racethn_combn,Other/Multi-Racial/NHAsian,1999-2016,14,WTMEC.COMBN,age+gender,educ_level,crp,1311,9549136.05020559,85,gaussian (identity),Some college or AA degree,0.2863299458554,0.52880070374037,0.589707183039192,-0.750119433475726,1.32277932518653,0.84468681877543,0.501055266128908,357,2644043.70240452
racethn_combn,Other/Multi-Racial/NHAsian,1999-2016,14,WTMEC.COMBN,age+gender,educ_level,crp,1311,9549136.05020559,85,gaussian (identity),HS graduate or GED,0.157324641253513,0.494810636618757,0.751362413632718,-0.81250420651925,1.12715348902628,0.84468681877543,0.501055266128908,268,1806180.69996835
racethn_combn,Other/Multi-Racial/NHAsian,1999-2016,14,WTMEC.COMBN,age+gender,educ_level,crp,1311,9549136.05020559,85,gaussian (identity),9-11th grade,0.817553152120905,0.655955412745953,0.216317336049521,-0.468119456861162,2.10322576110297,0.84468681877543,0.501055266128908,156,1034711.25738671
racethn_combn,Other/Multi-Racial/NHAsian,1999-2016,14,WTMEC.COMBN,age+gender,educ_level,crp,1311,9549136.05020559,85,gaussian (identity),Less than 9th grade,-0.299236577684677,0.650991440068713,0.647020734597365,-1.57517980021935,0.976706644850001,0.84468681877543,0.501055266128908,135,795948.145549714
racethn_combn,NHB,1999-2016,14,WTMEC.COMBN,age+gender,educ_level,crp,7345,22250250.0291608,96,gaussian (identity),College graduate or above (Intercept),3.11085986937554,0.444100573645056,4.33755122351264e-10,2.24042274503123,3.98129699371984,2.8982687425672,0.0262934921657371,979,3353012.77975543
racethn_combn,NHB,1999-2016,14,WTMEC.COMBN,age+gender,educ_level,crp,7345,22250250.0291608,96,gaussian (identity),Some college or AA degree,0.799216728036877,0.328160946925019,0.0168449707205776,0.15602127206384,1.44241218400991,2.8982687425672,0.0262934921657371,2202,7162607.30662538
racethn_combn,NHB,1999-2016,14,WTMEC.COMBN,age+gender,educ_level,crp,7345,22250250.0291608,96,gaussian (identity),HS graduate or GED,0.943451435884014,0.312029195136024,0.00325412546465401,0.331874213417408,1.55502865835062,2.8982687425672,0.0262934921657371,1833,5582333.26273759
racethn_combn,NHB,1999-2016,14,WTMEC.COMBN,age+gender,educ_level,crp,7345,22250250.0291608,96,gaussian (identity),9-11th grade,1.22133629298982,0.455274552669353,0.00869132362572929,0.328998169757887,2.11367441622175,2.8982687425672,0.0262934921657371,1876,5075661.59401782
racethn_combn,NHB,1999-2016,14,WTMEC.COMBN,age+gender,educ_level,crp,7345,22250250.0291608,96,gaussian (identity),Less than 9th grade,1.23461256867345,0.638054375621502,0.0561348943212352,-0.0159740075446992,2.48519914489159,2.8982687425672,0.0262934921657371,455,1076635.08602458
racethn_combn,Mexican-American,1999-2016,14,WTMEC.COMBN,age+gender,educ_level,crp,7770,16925925.8304554,97,gaussian (identity),College graduate or above (Intercept),3.97989403408825,0.68059420583298,7.71799650369596e-08,2.6459293906556,5.31385867752089,1.35957548926687,0.254206868177732,450,1246646.40905643
racethn_combn,Mexican-American,1999-2016,14,WTMEC.COMBN,age+gender,educ_level,crp,7770,16925925.8304554,97,gaussian (identity),Some college or AA degree,0.715074085372524,0.491464435942132,0.149113936743524,-0.248196209074054,1.6783443798191,1.35957548926687,0.254206868177732,1327,3282071.30414229
racethn_combn,Mexican-American,1999-2016,14,WTMEC.COMBN,age+gender,educ_level,crp,7770,16925925.8304554,97,gaussian (identity),HS graduate or GED,0.336121183782016,0.512785326062164,0.513811655984912,-0.668938055299827,1.34118042286386,1.35957548926687,0.254206868177732,1549,3644002.43050829
racethn_combn,Mexican-American,1999-2016,14,WTMEC.COMBN,age+gender,educ_level,crp,7770,16925925.8304554,97,gaussian (identity),9-11th grade,0.601158924814178,0.599114275894851,0.318322455807346,-0.57310505593973,1.77542290556808,1.35957548926687,0.254206868177732,1771,3824256.18935986
racethn_combn,Mexican-American,1999-2016,14,WTMEC.COMBN,age+gender,educ_level,crp,7770,16925925.8304554,97,gaussian (identity),Less than 9th grade,0.171988543772691,0.519384703363377,0.741300795838139,-0.846005474819528,1.18998256236491,1.35957548926687,0.254206868177732,2673,4928949.49738857
racethn_combn,Other Hispanic,1999-2016,14,WTMEC.COMBN,age+gender,educ_level,crp,2774,11006580.7743875,83,gaussian (identity),College graduate or above (Intercept),3.72324069346578,0.760013874348759,5.20968863036749e-06,2.23361349974221,5.21286788718934,2.47865949586807,0.0508804305654615,393,1641128.69368243
racethn_combn,Other Hispanic,1999-2016,14,WTMEC.COMBN,age+gender,educ_level,crp,2774,11006580.7743875,83,gaussian (identity),Some college or AA degree,1.10462275037181,0.678119464434626,0.107408373046742,-0.224491399920056,2.43373690066368,2.47865949586807,0.0508804305654615,723,3164316.20274914
racethn_combn,Other Hispanic,1999-2016,14,WTMEC.COMBN,age+gender,educ_level,crp,2774,11006580.7743875,83,gaussian (identity),HS graduate or GED,0.29936842580832,0.579628954373025,0.606997388074881,-0.836704324762808,1.43544117637945,2.47865949586807,0.0508804305654615,543,2268364.76495502
racethn_combn,Other Hispanic,1999-2016,14,WTMEC.COMBN,age+gender,educ_level,crp,2774,11006580.7743875,83,gaussian (identity),9-11th grade,1.36448773108995,0.562996647912738,0.0177137682960862,0.26101430118098,2.46796116099891,2.47865949586807,0.0508804305654615,525,2014127.52679929
racethn_combn,Other Hispanic,1999-2016,14,WTMEC.COMBN,age+gender,educ_level,crp,2774,11006580.7743875,83,gaussian (identity),Less than 9th grade,0.500352039784367,0.543843129207376,0.360430407011583,-0.565580493462089,1.56628457303082,2.47865949586807,0.0508804305654615,590,1918643.58620157
racethn_combn,NHAsian,1999-2016,14,WTMEC.COMBN,age+gender,educ_level,crp,630,1853371.77151643,15,gaussian (identity),College graduate or above (Intercept),2.37114975206898,0.463272070260199,0.000629447715287437,1.46313649435899,3.27916300977897,1.0341334714046,0.440761327906391,312,985901.967040286
racethn_combn,NHAsian,1999-2016,14,WTMEC.COMBN,age+gender,educ_level,crp,630,1853371.77151643,15,gaussian (identity),Some college or AA degree,-0.0671834984754658,0.493343064181226,0.894676358560673,-1.03413590427067,0.899768907319737,1.0341334714046,0.440761327906391,114,318871.724843714
racethn_combn,NHAsian,1999-2016,14,WTMEC.COMBN,age+gender,educ_level,crp,630,1853371.77151643,15,gaussian (identity),HS graduate or GED,-0.0197747212014146,0.488871678572968,0.968617703742682,-0.977963211204431,0.938413768801602,1.0341334714046,0.440761327906391,89,231376.365501571
racethn_combn,NHAsian,1999-2016,14,WTMEC.COMBN,age+gender,educ_level,crp,630,1853371.77151643,15,gaussian (identity),9-11th grade,0.278280217963737,0.9631340872081,0.77917815213023,-1.60946259296414,2.16602302889161,1.0341334714046,0.440761327906391,58,158187.419774
racethn_combn,NHAsian,1999-2016,14,WTMEC.COMBN,age+gender,educ_level,crp,630,1853371.77151643,15,gaussian (identity),Less than 9th grade,2.30886059078754,1.58781541260475,0.179882309743689,-0.803257617917775,5.42097879949285,1.0341334714046,0.440761327906391,57,159034.294356857
racethn_combn,Other/Multi-Racial,1999-2016,14,WTMEC.COMBN,age+gender,educ_level,crp,202,1215181.41614714,15,gaussian (identity),College graduate or above (Intercept),1.20900317978496,1.80241353731315,0.5192086791497,-2.3237273533488,4.74173371291873,2.49491196106027,0.11719961607765,44,296380.638829714
racethn_combn,Other/Multi-Racial,1999-2016,14,WTMEC.COMBN,age+gender,educ_level,crp,202,1215181.41614714,15,gaussian (identity),Some college or AA degree,1.64791244297964,1.03990147542965,0.147499560441425,-0.390294448862463,3.68611933482175,2.49491196106027,0.11719961607765,86,572016.490079286
racethn_combn,Other/Multi-Racial,1999-2016,14,WTMEC.COMBN,age+gender,educ_level,crp,202,1215181.41614714,15,gaussian (identity),HS graduate or GED,0.700298364167605,0.33325492027347,0.0649716158606146,0.047118720431604,1.35347800790361,2.49491196106027,0.11719961607765,40,206568.307027857
racethn_combn,Other/Multi-Racial,1999-2016,14,WTMEC.COMBN,age+gender,educ_level,crp,202,1215181.41614714,15,gaussian (identity),9-11th grade,0.763229705849235,1.21754775774639,0.546322639458865,-1.62316389933368,3.14962331103215,2.49491196106027,0.11719961607765,23,101238.535241286
racethn_combn,Other/Multi-Racial,1999-2016,14,WTMEC.COMBN,age+gender,educ_level,crp,202,1215181.41614714,15,gaussian (identity),Less than 9th grade,-1.24733757078082,0.799756329217166,0.153274210050492,-2.81485997604646,0.32018483448483,2.49491196106027,0.11719961607765,9,38977.444969
racethn_combn,NHW,1999-2020,21.2,WTMEC.COMBN,age+gender,educ_level,creatinine,23803,144423604.356964,162,gaussian (identity),College graduate or above (Intercept),0.638381505350422,0.00658567357705402,2.65005852057937e-141,0.625473585139396,0.651289425561448,2.1603373686606,0.0759859980581237,6191,45115040.6846116
racethn_combn,NHW,1999-2020,21.2,WTMEC.COMBN,age+gender,educ_level,creatinine,23803,144423604.356964,162,gaussian (identity),Some college or AA degree,0.0107359153770618,0.00486692175662601,0.0288535772005751,0.00119674873407484,0.0202750820200488,2.1603373686606,0.0759859980581237,7465,46057418.8570922
racethn_combn,NHW,1999-2020,21.2,WTMEC.COMBN,age+gender,educ_level,creatinine,23803,144423604.356964,162,gaussian (identity),HS graduate or GED,0.00904249619986397,0.00622313301762417,0.148219678003877,-0.00315484451467939,0.0212398369144073,2.1603373686606,0.0759859980581237,6220,36295749.3216637
racethn_combn,NHW,1999-2020,21.2,WTMEC.COMBN,age+gender,educ_level,creatinine,23803,144423604.356964,162,gaussian (identity),9-11th grade,0.00507636892889271,0.00606554204566226,0.403918199032461,-0.00681209348060532,0.0169648313383907,2.1603373686606,0.0759859980581237,2840,13096136.0045155
racethn_combn,NHW,1999-2020,21.2,WTMEC.COMBN,age+gender,educ_level,creatinine,23803,144423604.356964,162,gaussian (identity),Less than 9th grade,0.0348559264660818,0.0156397167510876,0.0272646355757071,0.00420208163395012,0.0655097712982134,2.1603373686606,0.0759859980581237,1087,3859259.48908074
racethn_combn,Other/Multi-Racial/NHAsian,1999-2020,21.2,WTMEC.COMBN,age+gender,educ_level,creatinine,1300,6248556.1143469,85,gaussian (identity),College graduate or above (Intercept),0.6232315587573,0.0232640118983645,2.13519948491646e-41,0.577634095436505,0.668829022078094,1.98604446655181,0.104686691877621,391,2132018.3841734
racethn_combn,Other/Multi-Racial/NHAsian,1999-2020,21.2,WTMEC.COMBN,age+gender,educ_level,creatinine,1300,6248556.1143469,85,gaussian (identity),Some college or AA degree,0.0200069505714455,0.0155095099325061,0.200821138049697,-0.0103916888962665,0.0504055900391574,1.98604446655181,0.104686691877621,354,1731740.3232578
racethn_combn,Other/Multi-Racial/NHAsian,1999-2020,21.2,WTMEC.COMBN,age+gender,educ_level,creatinine,1300,6248556.1143469,85,gaussian (identity),HS graduate or GED,0.0477674226970949,0.0288854501145507,0.102160170286803,-0.00884805952742437,0.104382904921614,1.98604446655181,0.104686691877621,264,1175871.38610863
racethn_combn,Other/Multi-Racial/NHAsian,1999-2020,21.2,WTMEC.COMBN,age+gender,educ_level,creatinine,1300,6248556.1143469,85,gaussian (identity),9-11th grade,0.00980051689915654,0.0215634325179984,0.650717487368525,-0.0324638108361202,0.0520648446344333,1.98604446655181,0.104686691877621,156,683299.88695349
racethn_combn,Other/Multi-Racial/NHAsian,1999-2020,21.2,WTMEC.COMBN,age+gender,educ_level,creatinine,1300,6248556.1143469,85,gaussian (identity),Less than 9th grade,-0.0245220331416227,0.0202658336272809,0.229880021243809,-0.0642430670510934,0.0151990007678479,1.98604446655181,0.104686691877621,135,525626.133853585
racethn_combn,NHB,1999-2020,21.2,WTMEC.COMBN,age+gender,educ_level,creatinine,11718,22850864.7794454,152,gaussian (identity),College graduate or above (Intercept),0.59360958181433,0.018785387431828,3.68277666429455e-67,0.556790222447947,0.630428941180713,0.997049931624433,0.411241615654918,1763,3807793.64685342
racethn_combn,NHB,1999-2020,21.2,WTMEC.COMBN,age+gender,educ_level,creatinine,11718,22850864.7794454,152,gaussian (identity),Some college or AA degree,0.014844695534558,0.0191596254010505,0.43971645953211,-0.0227081702515009,0.0523975613206169,0.997049931624433,0.411241615654918,3756,7634644.05298191
racethn_combn,NHB,1999-2020,21.2,WTMEC.COMBN,age+gender,educ_level,creatinine,11718,22850864.7794454,152,gaussian (identity),HS graduate or GED,-0.00824935985282422,0.0181465166553854,0.650074061061928,-0.0438165324973796,0.0273178127917312,0.997049931624433,0.411241615654918,3056,6030541.18989341
racethn_combn,NHB,1999-2020,21.2,WTMEC.COMBN,age+gender,educ_level,creatinine,11718,22850864.7794454,152,gaussian (identity),9-11th grade,0.0158075097867503,0.0222648875778842,0.478852166280954,-0.0278316698659027,0.0594466894394034,0.997049931624433,0.411241615654918,2548,4468817.38542837
racethn_combn,NHB,1999-2020,21.2,WTMEC.COMBN,age+gender,educ_level,creatinine,11718,22850864.7794454,152,gaussian (identity),Less than 9th grade,0.0297585723107578,0.0363847692339881,0.414755408492724,-0.0415555753878589,0.101072720009374,0.997049931624433,0.411241615654918,595,909068.504288291
racethn_combn,Mexican-American,1999-2020,21.2,WTMEC.COMBN,age+gender,educ_level,creatinine,10011,17698502.7148583,145,gaussian (identity),College graduate or above (Intercept),0.547139638140732,0.0157133424092215,1.59252366429327e-70,0.516341487018658,0.577937789262806,15.2079030349938,2.44835431463654e-10,627,1463073.27134415
racethn_combn,Mexican-American,1999-2020,21.2,WTMEC.COMBN,age+gender,educ_level,creatinine,10011,17698502.7148583,145,gaussian (identity),Some college or AA degree,0.011276461042276,0.00944089675756399,0.234345233695292,-0.00722769660254941,0.0297806186871014,15.2079030349938,2.44835431463654e-10,1861,3778398.74441589
racethn_combn,Mexican-American,1999-2020,21.2,WTMEC.COMBN,age+gender,educ_level,creatinine,10011,17698502.7148583,145,gaussian (identity),HS graduate or GED,-0.00375488720397021,0.0128563922721135,0.77067328061194,-0.0289534160573126,0.0214436416493722,15.2079030349938,2.44835431463654e-10,2032,4118994.61401734
racethn_combn,Mexican-American,1999-2020,21.2,WTMEC.COMBN,age+gender,educ_level,creatinine,10011,17698502.7148583,145,gaussian (identity),9-11th grade,-0.0267005348503408,0.00937880629076379,0.00508429997232074,-0.0450829951802378,-0.00831807452044374,15.2079030349938,2.44835431463654e-10,2234,3817042.65375628
racethn_combn,Mexican-American,1999-2020,21.2,WTMEC.COMBN,age+gender,educ_level,creatinine,10011,17698502.7148583,145,gaussian (identity),Less than 9th grade,-0.0414256015290027,0.00928625067748455,1.67033941147454e-05,-0.0596266528568724,-0.0232245502011329,15.2079030349938,2.44835431463654e-10,3257,4520993.43132466
racethn_combn,Other Hispanic,1999-2020,21.2,WTMEC.COMBN,age+gender,educ_level,creatinine,4628,12389366.2112132,138,gaussian (identity),College graduate or above (Intercept),0.630738323287618,0.0227987955533975,8.63775196080925e-57,0.586052684002959,0.675423962572277,5.85151934308672,0.000229100167953284,678,2031653.2906884
racethn_combn,Other Hispanic,1999-2020,21.2,WTMEC.COMBN,age+gender,educ_level,creatinine,4628,12389366.2112132,138,gaussian (identity),Some college or AA degree,-0.0316260559389472,0.0136623924678356,0.0221658169691084,-0.0584043451759049,-0.0048477667019895,5.85151934308672,0.000229100167953284,1230,3572277.88515209
racethn_combn,Other Hispanic,1999-2020,21.2,WTMEC.COMBN,age+gender,educ_level,creatinine,4628,12389366.2112132,138,gaussian (identity),HS graduate or GED,-0.037798606014125,0.0165160607668826,0.0236915107447455,-0.0701700851172148,-0.00542712691103515,5.85151934308672,0.000229100167953284,937,2726446.20911988
racethn_combn,Other Hispanic,1999-2020,21.2,WTMEC.COMBN,age+gender,educ_level,creatinine,4628,12389366.2112132,138,gaussian (identity),9-11th grade,-0.0626801489366609,0.0144597941773344,2.86999121770254e-05,-0.0910213455242364,-0.0343389523490854,5.85151934308672,0.000229100167953284,850,2076165.40708096
racethn_combn,Other Hispanic,1999-2020,21.2,WTMEC.COMBN,age+gender,educ_level,creatinine,4628,12389366.2112132,138,gaussian (identity),Less than 9th grade,-0.0286659563619845,0.0268566074541001,0.28775269812475,-0.0813049069720207,0.0239729942480517,5.85151934308672,0.000229100167953284,933,1982823.41917183
racethn_combn,NHAsian,1999-2020,21.2,WTMEC.COMBN,age+gender,educ_level,creatinine,2918,5337338.1046084,70,gaussian (identity),College graduate or above (Intercept),0.575699105981795,0.0195707249993136,6.73932766628539e-39,0.53734048498314,0.61405772698045,2.18148208961216,0.0810029911579127,1462,2791560.84752079
racethn_combn,NHAsian,1999-2020,21.2,WTMEC.COMBN,age+gender,educ_level,creatinine,2918,5337338.1046084,70,gaussian (identity),Some college or AA degree,0.0730134456004006,0.0710228234143665,0.307806430551583,-0.0661912882917577,0.212218179492559,2.18148208961216,0.0810029911579127,583,1071208.12518011
racethn_combn,NHAsian,1999-2020,21.2,WTMEC.COMBN,age+gender,educ_level,creatinine,2918,5337338.1046084,70,gaussian (identity),HS graduate or GED,-0.00149606242845708,0.0209189274151308,0.943209183735304,-0.0424971601621135,0.0395050353051993,2.18148208961216,0.0810029911579127,432,766100.363610415
racethn_combn,NHAsian,1999-2020,21.2,WTMEC.COMBN,age+gender,educ_level,creatinine,2918,5337338.1046084,70,gaussian (identity),9-11th grade,-0.0259924818305513,0.0153282348060516,0.0947978425835671,-0.0560358220504125,0.00405085838930989,2.18148208961216,0.0810029911579127,212,334662.23217951
racethn_combn,NHAsian,1999-2020,21.2,WTMEC.COMBN,age+gender,educ_level,creatinine,2918,5337338.1046084,70,gaussian (identity),Less than 9th grade,0.0254808151767779,0.0277806511172516,0.362473822671942,-0.0289692610130353,0.0799308913665911,2.18148208961216,0.0810029911579127,229,373806.536117566
racethn_combn,Other/Multi-Racial,1999-2020,21.2,WTMEC.COMBN,age+gender,educ_level,creatinine,908,3317932.31139374,71,gaussian (identity),College graduate or above (Intercept),0.593759632893571,0.0501228632703563,6.89464429582824e-18,0.495518820883673,0.692000444903469,0.305667020663609,0.87317222622252,193,737553.838625906
racethn_combn,Other/Multi-Racial,1999-2020,21.2,WTMEC.COMBN,age+gender,educ_level,creatinine,908,3317932.31139374,71,gaussian (identity),Some college or AA degree,-0.0664821707757993,0.0709370136109018,0.352124972316669,-0.205518717453167,0.0725543759015682,0.305667020663609,0.87317222622252,391,1443597.24162377
racethn_combn,Other/Multi-Racial,1999-2020,21.2,WTMEC.COMBN,age+gender,educ_level,creatinine,908,3317932.31139374,71,gaussian (identity),HS graduate or GED,-0.0647509817847906,0.0753013076869214,0.393009126331459,-0.212341544851156,0.0828395812815753,0.305667020663609,0.87317222622252,199,751186.200236604
racethn_combn,Other/Multi-Racial,1999-2020,21.2,WTMEC.COMBN,age+gender,educ_level,creatinine,908,3317932.31139374,71,gaussian (identity),9-11th grade,-0.0797266457384107,0.0750363705153926,0.291937386553378,-0.22679793194858,0.0673446404717589,0.305667020663609,0.87317222622252,93,296516.13326066
racethn_combn,Other/Multi-Racial,1999-2020,21.2,WTMEC.COMBN,age+gender,educ_level,creatinine,908,3317932.31139374,71,gaussian (identity),Less than 9th grade,-0.0749644188060817,0.0968693365040547,0.441812390207732,-0.264828318354029,0.114899480741866,0.305667020663609,0.87317222622252,32,89078.8976467925
racethn_combn,NHW,2001-2016,16,WTMEC.COMBN,age+gender,educ_level,vitd,18861,145524118.625981,123,gaussian (identity),College graduate or above (Intercept),75.8655648981991,1.03745281423022,1.63532301984612e-99,73.8321573823079,77.8989724140904,13.1085829097846,7.47154449333745e-09,4942,45311583.0742125
racethn_combn,NHW,2001-2016,16,WTMEC.COMBN,age+gender,educ_level,vitd,18861,145524118.625981,123,gaussian (identity),Some college or AA degree,-3.0156575810265,0.640912492274309,7.00747508302445e-06,-4.27184606588414,-1.75946909616885,13.1085829097846,7.47154449333745e-09,5831,46919518.6137083
racethn_combn,NHW,2001-2016,16,WTMEC.COMBN,age+gender,educ_level,vitd,18861,145524118.625981,123,gaussian (identity),HS graduate or GED,-3.64088843609936,0.722509117744263,1.71983426699274e-06,-5.05700630687812,-2.2247705653206,13.1085829097846,7.47154449333745e-09,4882,35617076.2381331
racethn_combn,NHW,2001-2016,16,WTMEC.COMBN,age+gender,educ_level,vitd,18861,145524118.625981,123,gaussian (identity),9-11th grade,-4.88553409686907,0.931597132743323,7.06369154287717e-07,-6.71146447704598,-3.05960371669216,13.1085829097846,7.47154449333745e-09,2298,13570142.5120184
racethn_combn,NHW,2001-2016,16,WTMEC.COMBN,age+gender,educ_level,vitd,18861,145524118.625981,123,gaussian (identity),Less than 9th grade,-7.14916618238778,1.087287753836,1.42163768483296e-09,-9.28025017990634,-5.01808218486923,13.1085829097846,7.47154449333745e-09,908,4105798.18790887
racethn_combn,NHB,2001-2016,16,WTMEC.COMBN,age+gender,educ_level,vitd,8766,22844847.516445,114,gaussian (identity),College graduate or above (Intercept),35.6949234288294,1.15778708166153,2.39087296018343e-55,33.4256607487728,37.964186108886,8.75163311048206,3.70274435500614e-06,1280,3679907.61305213
racethn_combn,NHB,2001-2016,16,WTMEC.COMBN,age+gender,educ_level,vitd,8766,22844847.516445,114,gaussian (identity),Some college or AA degree,-3.49040371376903,0.815440146578448,4.05265261195433e-05,-5.08866640106279,-1.89214102647527,8.75163311048206,3.70274435500614e-06,2793,7755893.33406396
racethn_combn,NHB,2001-2016,16,WTMEC.COMBN,age+gender,educ_level,vitd,8766,22844847.516445,114,gaussian (identity),HS graduate or GED,-3.58273100711724,1.00337848585042,0.000533036648985037,-5.54935283938406,-1.61610917485043,8.75163311048206,3.70274435500614e-06,2259,5844516.73027102
racethn_combn,NHB,2001-2016,16,WTMEC.COMBN,age+gender,educ_level,vitd,8766,22844847.516445,114,gaussian (identity),9-11th grade,-5.43074623751914,0.955880133027235,1.14365298797756e-07,-7.30427129825252,-3.55722117678576,8.75163311048206,3.70274435500614e-06,1957,4587153.49353453
racethn_combn,NHB,2001-2016,16,WTMEC.COMBN,age+gender,educ_level,vitd,8766,22844847.516445,114,gaussian (identity),Less than 9th grade,-6.85679567557113,1.57809155118165,3.15883687026765e-05,-9.94985511588717,-3.7637362352551,8.75163311048206,3.70274435500614e-06,477,977376.345523386
racethn_combn,Mexican-American,2001-2016,16,WTMEC.COMBN,age+gender,educ_level,vitd,7580,17620396.5402086,111,gaussian (identity),College graduate or above (Intercept),49.0074459127362,1.74247035798131,1.07727212795389e-50,45.5922040110928,52.4226878143796,0.609979183486268,0.656344247395632,475,1341004.368943
racethn_combn,Mexican-American,2001-2016,16,WTMEC.COMBN,age+gender,educ_level,vitd,7580,17620396.5402086,111,gaussian (identity),Some college or AA degree,-1.38732703816038,1.30007117626786,0.28836677972155,-3.93546654364539,1.16081246732463,0.609979183486268,0.656344247395632,1412,3674523.30938412
racethn_combn,Mexican-American,2001-2016,16,WTMEC.COMBN,age+gender,educ_level,vitd,7580,17620396.5402086,111,gaussian (identity),HS graduate or GED,-1.82670723804228,1.40963492344032,0.19786075947411,-4.5895916879853,0.936177211900745,0.609979183486268,0.656344247395632,1542,3820922.61500413
racethn_combn,Mexican-American,2001-2016,16,WTMEC.COMBN,age+gender,educ_level,vitd,7580,17620396.5402086,111,gaussian (identity),9-11th grade,-1.63526303102182,1.37937165288641,0.238490696577904,-4.33883147067917,1.06830540863554,0.609979183486268,0.656344247395632,1703,3989799.54386162
racethn_combn,Mexican-American,2001-2016,16,WTMEC.COMBN,age+gender,educ_level,vitd,7580,17620396.5402086,111,gaussian (identity),Less than 9th grade,-1.13669538108232,1.50194092081345,0.450853989693527,-4.08049958587667,1.80710882371203,0.609979183486268,0.656344247395632,2448,4794146.70301575
racethn_combn,Other/Multi-Racial/NHAsian,2001-2016,16,WTMEC.COMBN,age+gender,educ_level,vitd,1105,6905868.39456201,72,gaussian (identity),College graduate or above (Intercept),50.123223581962,2.31948156732524,1.20748884151175e-31,45.5770397100045,54.6694074539195,1.52021604902141,0.206459163578375,348,2447041.59385325
racethn_combn,Other/Multi-Racial/NHAsian,2001-2016,16,WTMEC.COMBN,age+gender,educ_level,vitd,1105,6905868.39456201,72,gaussian (identity),Some college or AA degree,3.48118444650965,1.86884503463184,0.0669491962166983,-0.181751821368759,7.14412071438807,1.52021604902141,0.206459163578375,304,1970968.34865221
racethn_combn,Other/Multi-Racial/NHAsian,2001-2016,16,WTMEC.COMBN,age+gender,educ_level,vitd,1105,6905868.39456201,72,gaussian (identity),HS graduate or GED,-0.308939063545979,2.08539235311794,0.882680542806717,-4.39630807565715,3.77842994856519,1.52021604902141,0.206459163578375,218,1246502.67213493
racethn_combn,Other/Multi-Racial/NHAsian,2001-2016,16,WTMEC.COMBN,age+gender,educ_level,vitd,1105,6905868.39456201,72,gaussian (identity),9-11th grade,-1.49183783096881,2.39399880377429,0.535328687866886,-6.18407548636642,3.2003998244288,1.52021604902141,0.206459163578375,120,662446.088098624
racethn_combn,Other/Multi-Racial/NHAsian,2001-2016,16,WTMEC.COMBN,age+gender,educ_level,vitd,1105,6905868.39456201,72,gaussian (identity),Less than 9th grade,-0.178686241207563,2.89554859248845,0.950979743598946,-5.85396148248492,5.4965890000698,1.52021604902141,0.206459163578375,115,578909.691823
racethn_combn,Other Hispanic,2001-2016,16,WTMEC.COMBN,age+gender,educ_level,vitd,3448,10977694.4639891,105,gaussian (identity),College graduate or above (Intercept),54.0457489859927,2.20399838728245,7.54045796831838e-44,49.7259121469191,58.3655858250663,3.20260543666677,0.0161540948014558,490,1686059.1875815
racethn_combn,Other Hispanic,2001-2016,16,WTMEC.COMBN,age+gender,educ_level,vitd,3448,10977694.4639891,105,gaussian (identity),Some college or AA degree,-1.46118902911428,1.57949892725535,0.357165192044396,-4.55700692653476,1.6346288683062,3.20260543666677,0.0161540948014558,923,3235026.48574838
racethn_combn,Other Hispanic,2001-2016,16,WTMEC.COMBN,age+gender,educ_level,vitd,3448,10977694.4639891,105,gaussian (identity),HS graduate or GED,-3.21720333450248,1.63583623944716,0.0520171096458001,-6.42344236381891,-0.0109643051860515,3.20260543666677,0.0161540948014558,717,2397755.29775315
racethn_combn,Other Hispanic,2001-2016,16,WTMEC.COMBN,age+gender,educ_level,vitd,3448,10977694.4639891,105,gaussian (identity),9-11th grade,-4.28642762395866,1.5802975658794,0.00787743058801272,-7.38381085308229,-1.18904439483504,3.20260543666677,0.0161540948014558,631,1850597.68832537
racethn_combn,Other Hispanic,2001-2016,16,WTMEC.COMBN,age+gender,educ_level,vitd,3448,10977694.4639891,105,gaussian (identity),Less than 9th grade,-4.74447607232822,1.71222048820326,0.00667671617960328,-8.1004282292066,-1.38852391544983,3.20260543666677,0.0161540948014558,687,1808255.80458075
racethn_combn,NHAsian,2001-2016,16,WTMEC.COMBN,age+gender,educ_level,vitd,1999,4518268.1481775,47,gaussian (identity),College graduate or above (Intercept),36.9633729038046,2.19074250487721,4.68232757363995e-20,32.6695175942453,41.2572282133639,0.896532523929521,0.47482144178962,968,2329577.23655475
racethn_combn,NHAsian,2001-2016,16,WTMEC.COMBN,age+gender,educ_level,vitd,1999,4518268.1481775,47,gaussian (identity),Some college or AA degree,-1.33389564684186,1.63268603503968,0.41865370071368,-4.53396027551962,1.86616898183591,0.896532523929521,0.47482144178962,415,926547.85943075
racethn_combn,NHAsian,2001-2016,16,WTMEC.COMBN,age+gender,educ_level,vitd,1999,4518268.1481775,47,gaussian (identity),HS graduate or GED,-1.40661267322471,1.69168883820336,0.410516647690474,-4.72232279610331,1.90909744965388,0.896532523929521,0.47482144178962,308,619079.617873625
racethn_combn,NHAsian,2001-2016,16,WTMEC.COMBN,age+gender,educ_level,vitd,1999,4518268.1481775,47,gaussian (identity),9-11th grade,-4.1921357110353,2.77344065743959,0.138323776813828,-9.62807939961689,1.2438079775463,0.896532523929521,0.47482144178962,150,299013.210351
racethn_combn,NHAsian,2001-2016,16,WTMEC.COMBN,age+gender,educ_level,vitd,1999,4518268.1481775,47,gaussian (identity),Less than 9th grade,-3.07718475635708,3.19866432456962,0.341678375822216,-9.34656683251353,3.19219731979938,0.896532523929521,0.47482144178962,158,344050.223967375
racethn_combn,Other/Multi-Racial,2001-2016,16,WTMEC.COMBN,age+gender,educ_level,vitd,532,2576980.7229845,47,gaussian (identity),College graduate or above (Intercept),57.1130468750028,4.85663638877959,1.02415821784674e-14,47.5940395529948,66.6320541970108,2.74341007732487,0.0412198831652418,120,573981.021818
racethn_combn,Other/Multi-Racial,2001-2016,16,WTMEC.COMBN,age+gender,educ_level,vitd,532,2576980.7229845,47,gaussian (identity),Some college or AA degree,-2.59955622069567,3.63443452447365,0.478503524664133,-9.72304788866402,4.52393544727268,2.74341007732487,0.0412198831652418,223,1167386.8956445
racethn_combn,Other/Multi-Racial,2001-2016,16,WTMEC.COMBN,age+gender,educ_level,vitd,532,2576980.7229845,47,gaussian (identity),HS graduate or GED,-10.580733756425,3.9368895409932,0.0103514336969866,-18.2970372567717,-2.86443025607835,2.74341007732487,0.0412198831652418,112,517728.838731625
racethn_combn,Other/Multi-Racial,2001-2016,16,WTMEC.COMBN,age+gender,educ_level,vitd,532,2576980.7229845,47,gaussian (identity),9-11th grade,-2.50316082843478,3.21294249040755,0.440402464629615,-8.80052810963357,3.79420645276402,2.74341007732487,0.0412198831652418,59,244483.885338375
racethn_combn,Other/Multi-Racial,2001-2016,16,WTMEC.COMBN,age+gender,educ_level,vitd,532,2576980.7229845,47,gaussian (identity),Less than 9th grade,6.01144645205654,6.30639357491461,0.346059674739568,-6.3490849547761,18.3719778588892,2.74341007732487,0.0412198831652418,18,73400.081452
racethn_combn,NHW,2001-2006,6,WTMEC.COMBN,age+gender,educ_level,b_carot,7527,147499445.357438,45,gaussian (identity),College graduate or above (Intercept),15.9861939358771,1.10159231199181,2.61958206728092e-17,13.8270730043732,18.1453148673811,45.1538028789426,3.93313632360176e-14,1892,41351926.7999443
racethn_combn,NHW,2001-2006,6,WTMEC.COMBN,age+gender,educ_level,b_carot,7527,147499445.357438,45,gaussian (identity),Some college or AA degree,-7.38170240381759,0.845633838239899,1.03663488979716e-10,-9.03914472676779,-5.72426008086739,45.1538028789426,3.93313632360176e-14,2238,46628599.1423963
racethn_combn,NHW,2001-2006,6,WTMEC.COMBN,age+gender,educ_level,b_carot,7527,147499445.357438,45,gaussian (identity),HS graduate or GED,-9.38997441944396,0.740270377315627,2.03355568170202e-15,-10.8409043589826,-7.93904447990533,45.1538028789426,3.93313632360176e-14,2098,40353382.75652
racethn_combn,NHW,2001-2006,6,WTMEC.COMBN,age+gender,educ_level,b_carot,7527,147499445.357438,45,gaussian (identity),9-11th grade,-11.7173409015238,1.01052314951544,3.29379103080006e-14,-13.6979662745741,-9.73671552847351,45.1538028789426,3.93313632360176e-14,869,14037644.1615907
racethn_combn,NHW,2001-2006,6,WTMEC.COMBN,age+gender,educ_level,b_carot,7527,147499445.357438,45,gaussian (identity),Less than 9th grade,-11.1288636068806,1.35044891383457,4.52928560526267e-10,-13.7757434779964,-8.48198373576482,45.1538028789426,3.93313632360176e-14,430,5127892.49698667
racethn_combn,NHB,2001-2006,6,WTMEC.COMBN,age+gender,educ_level,b_carot,3212,22038434.4879261,41,gaussian (identity),College graduate or above (Intercept),12.9530967545759,1.2061716797425,1.2703759277831e-12,10.5890002622806,15.3171932468712,20.0873225030154,1.13808767851554e-08,376,3046751.414979
racethn_combn,NHB,2001-2006,6,WTMEC.COMBN,age+gender,educ_level,b_carot,3212,22038434.4879261,41,gaussian (identity),Some college or AA degree,-5.63896775769246,0.880475641065292,2.27249205319199e-07,-7.36470001418044,-3.91323550120449,20.0873225030154,1.13808767851554e-08,944,7091826.7813648
racethn_combn,NHB,2001-2006,6,WTMEC.COMBN,age+gender,educ_level,b_carot,3212,22038434.4879261,41,gaussian (identity),HS graduate or GED,-7.56797600862969,1.14609123594675,1.24951674282956e-07,-9.81431483108532,-5.32163718617407,20.0873225030154,1.13808767851554e-08,799,5460195.21478463
racethn_combn,NHB,2001-2006,6,WTMEC.COMBN,age+gender,educ_level,b_carot,3212,22038434.4879261,41,gaussian (identity),9-11th grade,-9.36096683311454,1.04762270330044,1.4796360103999e-10,-11.4143073315834,-7.30762633464567,20.0873225030154,1.13808767851554e-08,885,5263314.61830369
racethn_combn,NHB,2001-2006,6,WTMEC.COMBN,age+gender,educ_level,b_carot,3212,22038434.4879261,41,gaussian (identity),Less than 9th grade,-8.56674798309147,1.68277298924799,1.21900027517129e-05,-11.8649830420175,-5.26851292416541,20.0873225030154,1.13808767851554e-08,208,1176346.45849403
racethn_combn,Mexican-American,2001-2006,6,WTMEC.COMBN,age+gender,educ_level,b_carot,3282,15534859.61998,39,gaussian (identity),College graduate or above (Intercept),17.1770139400367,1.51246893438698,6.09687588753492e-13,14.2125748286382,20.1414530514352,5.48268342176396,0.00169287757296134,158,931411.187517
racethn_combn,Mexican-American,2001-2006,6,WTMEC.COMBN,age+gender,educ_level,b_carot,3282,15534859.61998,39,gaussian (identity),Some college or AA degree,-3.15607437219372,1.53672869426636,0.047991872924637,-6.16806261295578,-0.14408613143166,5.48268342176396,0.00169287757296134,585,3052608.18800967
racethn_combn,Mexican-American,2001-2006,6,WTMEC.COMBN,age+gender,educ_level,b_carot,3282,15534859.61998,39,gaussian (identity),HS graduate or GED,-3.55385830201166,1.23755790029387,0.00708091432134023,-5.97947178658765,-1.12824481743567,5.48268342176396,0.00169287757296134,655,3310205.10622
racethn_combn,Mexican-American,2001-2006,6,WTMEC.COMBN,age+gender,educ_level,b_carot,3282,15534859.61998,39,gaussian (identity),9-11th grade,-4.16192363181886,1.38183845830749,0.00495347291888203,-6.87032701010153,-1.45352025353619,5.48268342176396,0.00169287757296134,774,3585702.28817433
racethn_combn,Mexican-American,2001-2006,6,WTMEC.COMBN,age+gender,educ_level,b_carot,3282,15534859.61998,39,gaussian (identity),Less than 9th grade,-1.48200956495548,1.51759307882619,0.335895577937283,-4.45649199945481,1.49247286954385,5.48268342176396,0.00169287757296134,1110,4654932.850059
racethn_combn,Other/Multi-Racial/NHAsian,2001-2006,6,WTMEC.COMBN,age+gender,educ_level,b_carot,582,10198151.5154169,44,gaussian (identity),College graduate or above (Intercept),25.4678931299372,2.82910587403321,5.82918889743453e-11,19.9228456168321,31.0129406430423,7.98805576863045,8.92226478938325e-05,169,3221916.00105167
racethn_combn,Other/Multi-Racial/NHAsian,2001-2006,6,WTMEC.COMBN,age+gender,educ_level,b_carot,582,10198151.5154169,44,gaussian (identity),Some college or AA degree,-10.418348820938,2.78133206371163,0.000595579288259279,-15.8697596658128,-4.96693797606325,7.98805576863045,8.92226478938325e-05,166,3031297.44315255
racethn_combn,Other/Multi-Racial/NHAsian,2001-2006,6,WTMEC.COMBN,age+gender,educ_level,b_carot,582,10198151.5154169,44,gaussian (identity),HS graduate or GED,-10.7291140829178,2.44389424028507,8.73168505611508e-05,-15.5191467938765,-5.93908137195903,7.98805576863045,8.92226478938325e-05,125,2058678.87888049
racethn_combn,Other/Multi-Racial/NHAsian,2001-2006,6,WTMEC.COMBN,age+gender,educ_level,b_carot,582,10198151.5154169,44,gaussian (identity),9-11th grade,-11.4566530235717,2.6252303502298,9.45393972137721e-05,-16.6021045100221,-6.31120153712128,7.98805576863045,8.92226478938325e-05,63,985543.140076832
racethn_combn,Other/Multi-Racial/NHAsian,2001-2006,6,WTMEC.COMBN,age+gender,educ_level,b_carot,582,10198151.5154169,44,gaussian (identity),Less than 9th grade,-4.81644036179016,3.33591906411544,0.156986375601333,-11.3548417274564,1.7219610038761,7.98805576863045,8.92226478938325e-05,59,900716.052255333
racethn_combn,Other Hispanic,2001-2006,6,WTMEC.COMBN,age+gender,educ_level,b_carot,525,8824347.89259639,31,gaussian (identity),College graduate or above (Intercept),12.4756085612973,2.33525135981542,1.5411046140643e-05,7.89851589605906,17.0527012265355,2.49957138590052,0.0681829622842955,65,1325201.63059933
racethn_combn,Other Hispanic,2001-2006,6,WTMEC.COMBN,age+gender,educ_level,b_carot,525,8824347.89259639,31,gaussian (identity),Some college or AA degree,-4.24499433497236,2.25320274159802,0.0712483526574126,-8.66127170850448,0.171283038559768,2.49957138590052,0.0681829622842955,132,2591525.29684133
racethn_combn,Other Hispanic,2001-2006,6,WTMEC.COMBN,age+gender,educ_level,b_carot,525,8824347.89259639,31,gaussian (identity),HS graduate or GED,-8.00965467761723,2.63031806955529,0.00541631131445814,-13.1650780939456,-2.85423126128886,2.49957138590052,0.0681829622842955,98,1937380.41198572
racethn_combn,Other Hispanic,2001-2006,6,WTMEC.COMBN,age+gender,educ_level,b_carot,525,8824347.89259639,31,gaussian (identity),9-11th grade,-2.14826719544275,4.44920423486298,0.633408559969892,-10.8687074957742,6.5721731048887,2.49957138590052,0.0681829622842955,109,1403777.989032
racethn_combn,Other Hispanic,2001-2006,6,WTMEC.COMBN,age+gender,educ_level,b_carot,525,8824347.89259639,31,gaussian (identity),Less than 9th grade,-5.39653277776598,2.24020996379113,0.0236937578071045,-9.78734430679659,-1.00572124873537,2.49957138590052,0.0681829622842955,121,1566462.564138
racethn_combn,NHW,1999-2006,8,WTMEC.COMBN,age+gender,educ_level,g_tocoph,9279,138760525.367983,59,gaussian (identity),College graduate or above (Intercept),210.33170835792,6.19326128160562,1.20551394103798e-37,198.192916245973,222.470500469867,50.6736925436499,1.70311866349406e-17,2315,38114627.2772582
racethn_combn,NHW,1999-2006,8,WTMEC.COMBN,age+gender,educ_level,g_tocoph,9279,138760525.367983,59,gaussian (identity),Some college or AA degree,39.4976951781057,4.38545379541004,2.86330442293818e-12,30.902205739102,48.0931846171094,50.6736925436499,1.70311866349406e-17,2720,43208942.3823788
racethn_combn,NHW,1999-2006,8,WTMEC.COMBN,age+gender,educ_level,g_tocoph,9279,138760525.367983,59,gaussian (identity),HS graduate or GED,53.8094291427376,4.40305990576044,4.81361970612035e-17,45.1794317274472,62.4394265580281,50.6736925436499,1.70311866349406e-17,2603,38279402.7957785
racethn_combn,NHW,1999-2006,8,WTMEC.COMBN,age+gender,educ_level,g_tocoph,9279,138760525.367983,59,gaussian (identity),9-11th grade,63.4737436062669,6.76529179350139,7.45202444490863e-13,50.2137716910042,76.7337155215296,50.6736925436499,1.70311866349406e-17,1116,14166190.164654
racethn_combn,NHW,1999-2006,8,WTMEC.COMBN,age+gender,educ_level,g_tocoph,9279,138760525.367983,59,gaussian (identity),Less than 9th grade,74.4959284481233,8.72315310010257,1.55060207612052e-11,57.3985483719223,91.5933085243244,50.6736925436499,1.70311866349406e-17,525,4991362.7479135
racethn_combn,Other/Multi-Racial/NHAsian,1999-2006,8,WTMEC.COMBN,age+gender,educ_level,g_tocoph,715,9408136.46191115,54,gaussian (identity),College graduate or above (Intercept),182.978918366992,17.5039769330261,5.8105061592139e-14,148.671123578261,217.286713155723,3.66505286337191,0.0110286757311101,193,2802980.23313775
racethn_combn,Other/Multi-Racial/NHAsian,1999-2006,8,WTMEC.COMBN,age+gender,educ_level,g_tocoph,715,9408136.46191115,54,gaussian (identity),Some college or AA degree,45.0706222173173,14.911634448926,0.00401400825058497,15.8438186974223,74.2974257372123,3.66505286337191,0.0110286757311101,204,2723259.95709491
racethn_combn,Other/Multi-Racial/NHAsian,1999-2006,8,WTMEC.COMBN,age+gender,educ_level,g_tocoph,715,9408136.46191115,54,gaussian (identity),HS graduate or GED,50.1066102852917,15.2445834818937,0.00189903309893623,20.22722666078,79.9859939098035,3.66505286337191,0.0110286757311101,161,2002136.09787737
racethn_combn,Other/Multi-Racial/NHAsian,1999-2006,8,WTMEC.COMBN,age+gender,educ_level,g_tocoph,715,9408136.46191115,54,gaussian (identity),9-11th grade,59.3620132465276,22.4140919217038,0.0109117742611424,15.4303930799881,103.293633413067,3.66505286337191,0.0110286757311101,89,1118466.60613012
racethn_combn,Other/Multi-Racial/NHAsian,1999-2006,8,WTMEC.COMBN,age+gender,educ_level,g_tocoph,715,9408136.46191115,54,gaussian (identity),Less than 9th grade,27.4416103435723,24.5568168953965,0.269353759763943,-20.6897507714049,75.5729714585494,3.66505286337191,0.0110286757311101,68,761293.567671
racethn_combn,NHB,1999-2006,8,WTMEC.COMBN,age+gender,educ_level,g_tocoph,4014,20814184.7084586,54,gaussian (identity),College graduate or above (Intercept),201.099668640639,9.22462596540684,1.51279280788864e-26,183.019401748442,219.179935532837,4.81472878943232,0.00239820863591156,456,2766991.97956425
racethn_combn,NHB,1999-2006,8,WTMEC.COMBN,age+gender,educ_level,g_tocoph,4014,20814184.7084586,54,gaussian (identity),Some college or AA degree,22.3705737481489,7.71940540694538,0.00564512073719356,7.24053915053592,37.5006083457618,4.81472878943232,0.00239820863591156,1121,6419577.05441635
racethn_combn,NHB,1999-2006,8,WTMEC.COMBN,age+gender,educ_level,g_tocoph,4014,20814184.7084586,54,gaussian (identity),HS graduate or GED,33.2601557592954,9.45653485904775,0.000964523231493158,14.7253474355618,51.794964083029,4.81472878943232,0.00239820863591156,979,5100780.75068497
racethn_combn,NHB,1999-2006,8,WTMEC.COMBN,age+gender,educ_level,g_tocoph,4014,20814184.7084586,54,gaussian (identity),9-11th grade,37.2711938840219,8.57378148819376,7.1395297625685e-05,20.4665821671621,54.0758056008816,4.81472878943232,0.00239820863591156,1177,5367867.20300677
racethn_combn,NHB,1999-2006,8,WTMEC.COMBN,age+gender,educ_level,g_tocoph,4014,20814184.7084586,54,gaussian (identity),Less than 9th grade,38.1633694594688,12.5087891828345,0.00370962169540618,13.6461426611131,62.6805962578245,4.81472878943232,0.00239820863591156,281,1158967.72078627
racethn_combn,Mexican-American,1999-2006,8,WTMEC.COMBN,age+gender,educ_level,g_tocoph,4273,14211980.9740945,52,gaussian (identity),College graduate or above (Intercept),164.438136005822,9.02500613428973,1.13977431860728e-22,146.749123982614,182.12714802903,10.4420999035396,4.20589148404905e-06,196,857643.35192225
racethn_combn,Mexican-American,1999-2006,8,WTMEC.COMBN,age+gender,educ_level,g_tocoph,4273,14211980.9740945,52,gaussian (identity),Some college or AA degree,29.9788813709604,7.41488155724094,0.000199092789974147,15.4457135187682,44.5120492231527,10.4420999035396,4.20589148404905e-06,718,2740761.50116525
racethn_combn,Mexican-American,1999-2006,8,WTMEC.COMBN,age+gender,educ_level,g_tocoph,4273,14211980.9740945,52,gaussian (identity),HS graduate or GED,29.1301041366666,8.8960927338263,0.00201503581024514,11.693762378367,46.5664458949661,10.4420999035396,4.20589148404905e-06,840,2966531.196936
racethn_combn,Mexican-American,1999-2006,8,WTMEC.COMBN,age+gender,educ_level,g_tocoph,4273,14211980.9740945,52,gaussian (identity),9-11th grade,34.8147309273428,10.4994137958785,0.00178916037775476,14.235879887421,55.3935819672646,10.4420999035396,4.20589148404905e-06,1029,3334318.03525975
racethn_combn,Mexican-American,1999-2006,8,WTMEC.COMBN,age+gender,educ_level,g_tocoph,4273,14211980.9740945,52,gaussian (identity),Less than 9th grade,1.94359818744013,8.48783439144492,0.81989456582682,-14.6925572197919,18.5797535946722,10.4420999035396,4.20589148404905e-06,1490,4312726.88881125
racethn_combn,Other Hispanic,1999-2006,8,WTMEC.COMBN,age+gender,educ_level,g_tocoph,803,10070486.4619833,40,gaussian (identity),College graduate or above (Intercept),171.683493513792,17.1415886132865,1.12085581560045e-11,138.08597983175,205.281007195833,1.76944083426059,0.157805533717956,95,1492126.6484395
racethn_combn,Other Hispanic,1999-2006,8,WTMEC.COMBN,age+gender,educ_level,g_tocoph,803,10070486.4619833,40,gaussian (identity),Some college or AA degree,32.0796559288077,20.4275059055403,0.125579597671373,-7.95825564605127,72.1175675036666,1.76944083426059,0.157805533717956,201,2904462.7618955
racethn_combn,Other Hispanic,1999-2006,8,WTMEC.COMBN,age+gender,educ_level,g_tocoph,803,10070486.4619833,40,gaussian (identity),HS graduate or GED,41.3610159748309,16.3460493343028,0.0161932837150406,9.32275927959754,73.3992726700643,1.76944083426059,0.157805533717956,138,1977359.64362129
racethn_combn,Other Hispanic,1999-2006,8,WTMEC.COMBN,age+gender,educ_level,g_tocoph,803,10070486.4619833,40,gaussian (identity),9-11th grade,34.3305264354578,23.5101998799693,0.153403719053243,-11.7494653292821,80.4105182001977,1.76944083426059,0.157805533717956,187,1953422.088698
racethn_combn,Other Hispanic,1999-2006,8,WTMEC.COMBN,age+gender,educ_level,g_tocoph,803,10070486.4619833,40,gaussian (identity),Less than 9th grade,8.02157232941792,18.7478678706118,0.671446864043452,-28.7242486969811,44.767393355817,1.76944083426059,0.157805533717956,182,1743115.319329
racethn_combn,NHW,2001-2006,6,WTMEC.COMBN,age+gender,educ_level,t_lycop,7523,147438750.009305,45,gaussian (identity),College graduate or above (Intercept),29.7429771726066,0.521610206053792,3.51054764149034e-39,28.7206211687412,30.765333176472,25.8168661686192,1.66241916334857e-10,1890,41327692.1110083
racethn_combn,NHW,2001-2006,6,WTMEC.COMBN,age+gender,educ_level,t_lycop,7523,147438750.009305,45,gaussian (identity),Some college or AA degree,-0.964646632263695,0.363915855635212,0.0115454890402064,-1.67792170930871,-0.25137155521868,25.8168661686192,1.66241916334857e-10,2237,46600671.192847
racethn_combn,NHW,2001-2006,6,WTMEC.COMBN,age+gender,educ_level,t_lycop,7523,147438750.009305,45,gaussian (identity),HS graduate or GED,-1.50661404175387,0.376075286458659,0.000268866282360052,-2.24372160321284,-0.769506480294898,25.8168661686192,1.66241916334857e-10,2098,40353382.75652
racethn_combn,NHW,2001-2006,6,WTMEC.COMBN,age+gender,educ_level,t_lycop,7523,147438750.009305,45,gaussian (identity),9-11th grade,-3.40681793050119,0.579696658721773,7.67811136454133e-07,-4.54302338159587,-2.27061247940652,25.8168661686192,1.66241916334857e-10,869,14037644.1615907
racethn_combn,NHW,2001-2006,6,WTMEC.COMBN,age+gender,educ_level,t_lycop,7523,147438750.009305,45,gaussian (identity),Less than 9th grade,-5.45400473819702,0.61509179632984,6.8726505533007e-11,-6.65958465900351,-4.24842481739053,25.8168661686192,1.66241916334857e-10,429,5119359.78733933
racethn_combn,NHB,2001-2006,6,WTMEC.COMBN,age+gender,educ_level,t_lycop,3212,22038434.4879261,41,gaussian (identity),College graduate or above (Intercept),33.2648621404279,0.884301796969374,6.74266737898462e-30,31.531630618368,34.9980936624879,9.58996670586365,2.41081831197608e-05,376,3046751.414979
racethn_combn,NHB,2001-2006,6,WTMEC.COMBN,age+gender,educ_level,t_lycop,3212,22038434.4879261,41,gaussian (identity),Some college or AA degree,-1.00648331062507,0.699480060631123,0.159061802763648,-2.37746422946208,0.364497608211927,9.58996670586365,2.41081831197608e-05,944,7091826.7813648
racethn_combn,NHB,2001-2006,6,WTMEC.COMBN,age+gender,educ_level,t_lycop,3212,22038434.4879261,41,gaussian (identity),HS graduate or GED,-2.02019615834144,0.848902438099686,0.0229044280146093,-3.68404493701682,-0.356347379666053,9.58996670586365,2.41081831197608e-05,799,5460195.21478463
racethn_combn,NHB,2001-2006,6,WTMEC.COMBN,age+gender,educ_level,t_lycop,3212,22038434.4879261,41,gaussian (identity),9-11th grade,-4.01603372828805,0.943196061885756,0.000147125513152632,-5.86469800958413,-2.16736944699197,9.58996670586365,2.41081831197608e-05,885,5263314.61830369
racethn_combn,NHB,2001-2006,6,WTMEC.COMBN,age+gender,educ_level,t_lycop,3212,22038434.4879261,41,gaussian (identity),Less than 9th grade,-3.74548322972578,1.11901183352145,0.00196175482368731,-5.93874642342781,-1.55222003602375,9.58996670586365,2.41081831197608e-05,208,1176346.45849403
racethn_combn,Mexican-American,2001-2006,6,WTMEC.COMBN,age+gender,educ_level,t_lycop,3279,15525089.7827727,39,gaussian (identity),College graduate or above (Intercept),25.1194140779212,1.0063406601994,5.31950047929895e-23,23.1469863839304,27.0918417719121,6.86776841110726,0.000388277479866842,158,931411.187517
racethn_combn,Mexican-American,2001-2006,6,WTMEC.COMBN,age+gender,educ_level,t_lycop,3279,15525089.7827727,39,gaussian (identity),Some college or AA degree,0.999029789874806,0.799328585062753,0.220150855198721,-0.56765423684819,2.5657138165978,6.86776841110726,0.000388277479866842,585,3052608.18800967
racethn_combn,Mexican-American,2001-2006,6,WTMEC.COMBN,age+gender,educ_level,t_lycop,3279,15525089.7827727,39,gaussian (identity),HS graduate or GED,0.319437592740761,0.976908598469837,0.74574193602337,-1.59530326026012,2.23417844574164,6.86776841110726,0.000388277479866842,655,3310205.10622
racethn_combn,Mexican-American,2001-2006,6,WTMEC.COMBN,age+gender,educ_level,t_lycop,3279,15525089.7827727,39,gaussian (identity),9-11th grade,-1.18635748293482,1.08771058128618,0.283308421601425,-3.31827022225573,0.945555256386101,6.86776841110726,0.000388277479866842,774,3585702.28817433
racethn_combn,Mexican-American,2001-2006,6,WTMEC.COMBN,age+gender,educ_level,t_lycop,3279,15525089.7827727,39,gaussian (identity),Less than 9th grade,-2.15743737153919,1.00292981249818,0.0388819859750707,-4.12317980403562,-0.191694939042758,6.86776841110726,0.000388277479866842,1107,4645163.01285167
racethn_combn,Other/Multi-Racial/NHAsian,2001-2006,6,WTMEC.COMBN,age+gender,educ_level,t_lycop,582,10198151.5154169,44,gaussian (identity),College graduate or above (Intercept),25.7199066709852,1.79590194683511,6.76018034779754e-17,22.1999388551884,29.239874486782,6.43746619573482,0.000466687301883443,169,3221916.00105167
racethn_combn,Other/Multi-Racial/NHAsian,2001-2006,6,WTMEC.COMBN,age+gender,educ_level,t_lycop,582,10198151.5154169,44,gaussian (identity),Some college or AA degree,0.879743212477479,1.25661059136056,0.488134023604375,-1.58321354658922,3.34269997154417,6.43746619573482,0.000466687301883443,166,3031297.44315255
racethn_combn,Other/Multi-Racial/NHAsian,2001-2006,6,WTMEC.COMBN,age+gender,educ_level,t_lycop,582,10198151.5154169,44,gaussian (identity),HS graduate or GED,0.472790191451111,1.45308420965236,0.746685766187074,-2.37525485946751,3.32083524236974,6.43746619573482,0.000466687301883443,125,2058678.87888049
racethn_combn,Other/Multi-Racial/NHAsian,2001-2006,6,WTMEC.COMBN,age+gender,educ_level,t_lycop,582,10198151.5154169,44,gaussian (identity),9-11th grade,-0.375699532279075,2.51455218677193,0.882020195660614,-5.30422181835207,4.55282275379392,6.43746619573482,0.000466687301883443,63,985543.140076832
racethn_combn,Other/Multi-Racial/NHAsian,2001-2006,6,WTMEC.COMBN,age+gender,educ_level,t_lycop,582,10198151.5154169,44,gaussian (identity),Less than 9th grade,-7.11050499338712,1.64628391807514,0.000108361627527289,-10.3372214728144,-3.88378851395984,6.43746619573482,0.000466687301883443,59,900716.052255333
racethn_combn,Other Hispanic,2001-2006,6,WTMEC.COMBN,age+gender,educ_level,t_lycop,525,8824347.89259639,31,gaussian (identity),College graduate or above (Intercept),27.3092240737804,2.51372866539219,5.86837458813808e-11,22.3823158896117,32.2361322579491,2.77300759480035,0.0491581677707123,65,1325201.63059933
racethn_combn,Other Hispanic,2001-2006,6,WTMEC.COMBN,age+gender,educ_level,t_lycop,525,8824347.89259639,31,gaussian (identity),Some college or AA degree,-0.700748103953077,1.92998744107614,0.719593930380396,-4.48352348846231,3.08202728055616,2.77300759480035,0.0491581677707123,132,2591525.29684133
racethn_combn,Other Hispanic,2001-2006,6,WTMEC.COMBN,age+gender,educ_level,t_lycop,525,8824347.89259639,31,gaussian (identity),HS graduate or GED,-2.5911772209855,1.7928867417545,0.160805825367748,-6.10523523482431,0.922880792853319,2.77300759480035,0.0491581677707123,98,1937380.41198572
racethn_combn,Other Hispanic,2001-2006,6,WTMEC.COMBN,age+gender,educ_level,t_lycop,525,8824347.89259639,31,gaussian (identity),9-11th grade,-4.62193148064175,1.7821267104094,0.0156558715152432,-8.11489983304418,-1.12896312823932,2.77300759480035,0.0491581677707123,109,1403777.989032
racethn_combn,Other Hispanic,2001-2006,6,WTMEC.COMBN,age+gender,educ_level,t_lycop,525,8824347.89259639,31,gaussian (identity),Less than 9th grade,-3.48831640243437,1.9371287237207,0.0838167652753281,-7.28508870092694,0.308455896058194,2.77300759480035,0.0491581677707123,121,1566462.564138
racethn_combn,NHW,2011-2020,9.2,WTMEC.COMBN,age+gender,educ_level,manganese,6890,115486962.431882,72,gaussian (identity),College graduate or above (Intercept),10.7507172101681,0.190704331975087,1.49327681029942e-57,10.3769367194969,11.1244977008393,1.18197753288307,0.326894092216721,1931,41183537.2611331
racethn_combn,NHW,2011-2020,9.2,WTMEC.COMBN,age+gender,educ_level,manganese,6890,115486962.431882,72,gaussian (identity),Some college or AA degree,0.0567064863406224,0.125883722287809,0.653849938313301,-0.190025609343483,0.303438582024728,1.18197753288307,0.326894092216721,2378,37068065.9860311
racethn_combn,NHW,2011-2020,9.2,WTMEC.COMBN,age+gender,educ_level,manganese,6890,115486962.431882,72,gaussian (identity),HS graduate or GED,0.236342823978183,0.14975945314657,0.119312567649419,-0.057185704189093,0.52987135214546,1.18197753288307,0.326894092216721,1668,27220260.8006822
racethn_combn,NHW,2011-2020,9.2,WTMEC.COMBN,age+gender,educ_level,manganese,6890,115486962.431882,72,gaussian (identity),9-11th grade,0.320217320434188,0.205783838504995,0.124470237262482,-0.0831190030356025,0.723553643903979,1.18197753288307,0.326894092216721,685,7894017.99907157
racethn_combn,NHW,2011-2020,9.2,WTMEC.COMBN,age+gender,educ_level,manganese,6890,115486962.431882,72,gaussian (identity),Less than 9th grade,-0.249576388957829,0.344033442936833,0.470745253225758,-0.92388193711402,0.424729159198363,1.18197753288307,0.326894092216721,228,2121080.38496383
racethn_combn,NHAsian,2011-2020,9.2,WTMEC.COMBN,age+gender,educ_level,manganese,2339,9812340.01902352,69,gaussian (identity),College graduate or above (Intercept),14.0133770683787,0.375204354076016,1.07506814490773e-44,13.2779765343897,14.7487776023676,2.2006541873923,0.0789950206647387,1179,5146519.36202057
racethn_combn,NHAsian,2011-2020,9.2,WTMEC.COMBN,age+gender,educ_level,manganese,2339,9812340.01902352,69,gaussian (identity),Some college or AA degree,0.193110621675134,0.225428090677296,0.394890885435687,-0.248728436052365,0.634949679402634,2.2006541873923,0.0789950206647387,469,1983970.97888791
racethn_combn,NHAsian,2011-2020,9.2,WTMEC.COMBN,age+gender,educ_level,manganese,2339,9812340.01902352,69,gaussian (identity),HS graduate or GED,0.41234545913741,0.262794277661814,0.121638529361428,-0.102731325079746,0.927422243354566,2.2006541873923,0.0789950206647387,340,1417536.42491113
racethn_combn,NHAsian,2011-2020,9.2,WTMEC.COMBN,age+gender,educ_level,manganese,2339,9812340.01902352,69,gaussian (identity),9-11th grade,0.243676342526233,0.358172273295815,0.498786419417972,-0.458341313133564,0.945693998186029,2.2006541873923,0.0789950206647387,174,617538.838324609
racethn_combn,NHAsian,2011-2020,9.2,WTMEC.COMBN,age+gender,educ_level,manganese,2339,9812340.01902352,69,gaussian (identity),Less than 9th grade,0.896165544030996,0.326509831375729,0.00788184761552639,0.256206274534567,1.53612481352743,2.2006541873923,0.0789950206647387,177,646774.414879305
racethn_combn,NHB,2011-2020,9.2,WTMEC.COMBN,age+gender,educ_level,manganese,4582,19591365.6576917,67,gaussian (identity),College graduate or above (Intercept),10.6736252876605,0.211979638415299,2.12345162970415e-51,10.2581451963665,11.0891053789545,0.968015460853028,0.431640450976723,840,3950238.82568017
racethn_combn,NHB,2011-2020,9.2,WTMEC.COMBN,age+gender,educ_level,manganese,4582,19591365.6576917,67,gaussian (identity),Some college or AA degree,-0.160854261685219,0.142738226827979,0.264190781217237,-0.440621186268058,0.118912662897619,0.968015460853028,0.431640450976723,1637,6951933.34282665
racethn_combn,NHB,2011-2020,9.2,WTMEC.COMBN,age+gender,educ_level,manganese,4582,19591365.6576917,67,gaussian (identity),HS graduate or GED,-0.0889203482749702,0.127050996034271,0.48666336972576,-0.337940300502142,0.160099603952201,0.968015460853028,0.431640450976723,1259,5567721.35371265
racethn_combn,NHB,2011-2020,9.2,WTMEC.COMBN,age+gender,educ_level,manganese,4582,19591365.6576917,67,gaussian (identity),9-11th grade,-0.164745008937049,0.200791901103978,0.41513936768548,-0.558297135100847,0.228807117226748,0.968015460853028,0.431640450976723,679,2563921.54331422
racethn_combn,NHB,2011-2020,9.2,WTMEC.COMBN,age+gender,educ_level,manganese,4582,19591365.6576917,67,gaussian (identity),Less than 9th grade,-0.436055652000422,0.263480614259806,0.103064890484402,-0.952477655949643,0.0803663519487979,0.968015460853028,0.431640450976723,167,557550.592158044
racethn_combn,Mexican-American,2011-2020,9.2,WTMEC.COMBN,age+gender,educ_level,manganese,2392,15221552.6325776,59,gaussian (identity),College graduate or above (Intercept),12.7236023663983,0.400725198338419,3.61949497156254e-36,11.938180977655,13.5090237551416,2.49761106218157,0.0535528817208054,186,1484171.29318909
racethn_combn,Mexican-American,2011-2020,9.2,WTMEC.COMBN,age+gender,educ_level,manganese,2392,15221552.6325776,59,gaussian (identity),Some college or AA degree,0.198629565984961,0.377619983309028,0.601079725852066,-0.541505601300733,0.938764733270656,2.49761106218157,0.0535528817208054,540,3640786.75767074
racethn_combn,Mexican-American,2011-2020,9.2,WTMEC.COMBN,age+gender,educ_level,manganese,2392,15221552.6325776,59,gaussian (identity),HS graduate or GED,0.464475853098506,0.387232805497126,0.235678435139669,-0.29450044567586,1.22345215187287,2.49761106218157,0.0535528817208054,528,4074333.2107473
racethn_combn,Mexican-American,2011-2020,9.2,WTMEC.COMBN,age+gender,educ_level,manganese,2392,15221552.6325776,59,gaussian (identity),9-11th grade,0.929624006988687,0.41112017126028,0.0278762587390348,0.123828471318539,1.73541954265884,2.49761106218157,0.0535528817208054,460,2816326.11653691
racethn_combn,Mexican-American,2011-2020,9.2,WTMEC.COMBN,age+gender,educ_level,manganese,2392,15221552.6325776,59,gaussian (identity),Less than 9th grade,0.890104070653635,0.370100454092515,0.0196953806208575,0.164707180632305,1.61550096067497,2.49761106218157,0.0535528817208054,678,3205935.25443352
racethn_combn,Other Hispanic,2011-2020,9.2,WTMEC.COMBN,age+gender,educ_level,manganese,2028,12360741.8064189,67,gaussian (identity),College graduate or above (Intercept),11.0092048518039,0.366134954959118,2.77933179798857e-38,10.291580340084,11.7268293635237,1.13934110875393,0.346575194324932,319,2301019.3799887
racethn_combn,Other Hispanic,2011-2020,9.2,WTMEC.COMBN,age+gender,educ_level,manganese,2028,12360741.8064189,67,gaussian (identity),Some college or AA degree,0.190857815279737,0.249688387112657,0.447585304155913,-0.29853142346107,0.680247054020544,1.13934110875393,0.346575194324932,546,3494151.30805948
racethn_combn,Other Hispanic,2011-2020,9.2,WTMEC.COMBN,age+gender,educ_level,manganese,2028,12360741.8064189,67,gaussian (identity),HS graduate or GED,0.565043686760067,0.328956010786301,0.0909266525113831,-0.0797100943810824,1.20979746790122,1.13934110875393,0.346575194324932,427,3000750.28109239
racethn_combn,Other Hispanic,2011-2020,9.2,WTMEC.COMBN,age+gender,educ_level,manganese,2028,12360741.8064189,67,gaussian (identity),9-11th grade,0.545486067621646,0.37865299583292,0.154812128649076,-0.196673804210877,1.28764593945417,1.13934110875393,0.346575194324932,340,1743385.51708535
racethn_combn,Other Hispanic,2011-2020,9.2,WTMEC.COMBN,age+gender,educ_level,manganese,2028,12360741.8064189,67,gaussian (identity),Less than 9th grade,0.38699831051601,0.270481949793482,0.157598291217902,-0.143146311079215,0.917142932111235,1.13934110875393,0.346575194324932,396,1821435.320193
racethn_combn,Other/Multi-Racial,2011-2020,9.2,WTMEC.COMBN,age+gender,educ_level,manganese,726,6081753.46108031,66,gaussian (identity),College graduate or above (Intercept),9.94339531369738,0.501097883745719,4.79439116750744e-28,8.96124346155578,10.925547165839,3.60255457393075,0.0106829906807308,158,1382008.94270622
racethn_combn,Other/Multi-Racial,2011-2020,9.2,WTMEC.COMBN,age+gender,educ_level,manganese,726,6081753.46108031,66,gaussian (identity),Some college or AA degree,1.18555067715598,0.345129458574572,0.00108053680698736,0.50909693834982,1.86200441596214,3.60255457393075,0.0106829906807308,317,2600170.2317827
racethn_combn,Other/Multi-Racial,2011-2020,9.2,WTMEC.COMBN,age+gender,educ_level,manganese,726,6081753.46108031,66,gaussian (identity),HS graduate or GED,1.5270431166191,0.623860461893529,0.0173188428261661,0.304276611307782,2.74980962193042,3.60255457393075,0.0106829906807308,157,1422796.14405596
racethn_combn,Other/Multi-Racial,2011-2020,9.2,WTMEC.COMBN,age+gender,educ_level,manganese,726,6081753.46108031,66,gaussian (identity),9-11th grade,1.32822163183525,0.577614488607286,0.0249728195061667,0.196097234164967,2.46034602950553,3.60255457393075,0.0106829906807308,66,492395.58499
racethn_combn,Other/Multi-Racial,2011-2020,9.2,WTMEC.COMBN,age+gender,educ_level,manganese,726,6081753.46108031,66,gaussian (identity),Less than 9th grade,0.499039207398476,1.33982173960678,0.710857725809579,-2.12701140223081,3.12508981702776,3.60255457393075,0.0106829906807308,28,184382.557545435
racethn_combn,NHW,2011-2020,9.2,WTMEC.COMBN,age+gender,educ_level,selenium,6890,115486962.431882,72,gaussian (identity),College graduate or above (Intercept),192.789356693814,1.3428274526063,4.20903528592832e-84,190.157414886706,195.421298500923,3.99455639282721,0.00580768210974815,1931,41183537.2611331
racethn_combn,NHW,2011-2020,9.2,WTMEC.COMBN,age+gender,educ_level,selenium,6890,115486962.431882,72,gaussian (identity),Some college or AA degree,-0.566447419234759,1.05962038989111,0.59473956594174,-2.64330338342134,1.51040854495182,3.99455639282721,0.00580768210974815,2378,37068065.9860311
racethn_combn,NHW,2011-2020,9.2,WTMEC.COMBN,age+gender,educ_level,selenium,6890,115486962.431882,72,gaussian (identity),HS graduate or GED,-3.79298184492693,1.35873154690492,0.00685351742173951,-6.45609567686056,-1.12986801299329,3.99455639282721,0.00580768210974815,1668,27220260.8006822
racethn_combn,NHW,2011-2020,9.2,WTMEC.COMBN,age+gender,educ_level,selenium,6890,115486962.431882,72,gaussian (identity),9-11th grade,-4.49044743965613,2.45051755074113,0.0713962316672964,-9.29346183910874,0.312566959796472,3.99455639282721,0.00580768210974815,685,7894017.99907157
racethn_combn,NHW,2011-2020,9.2,WTMEC.COMBN,age+gender,educ_level,selenium,6890,115486962.431882,72,gaussian (identity),Less than 9th grade,-8.23824583864973,2.28909908414861,0.000612234959110963,-12.724880043581,-3.75161163371845,3.99455639282721,0.00580768210974815,228,2121080.38496383
racethn_combn,NHAsian,2011-2020,9.2,WTMEC.COMBN,age+gender,educ_level,selenium,2339,9812340.01902352,69,gaussian (identity),College graduate or above (Intercept),179.39184351483,3.03797258319036,7.10869078249173e-57,173.437417251777,185.346269777883,2.17756380795353,0.0816613822312928,1179,5146519.36202057
racethn_combn,NHAsian,2011-2020,9.2,WTMEC.COMBN,age+gender,educ_level,selenium,2339,9812340.01902352,69,gaussian (identity),Some college or AA degree,1.82838895673445,1.69336841148481,0.284376627382198,-1.49061312977577,5.14739104324467,2.17756380795353,0.0816613822312928,469,1983970.97888791
racethn_combn,NHAsian,2011-2020,9.2,WTMEC.COMBN,age+gender,educ_level,selenium,2339,9812340.01902352,69,gaussian (identity),HS graduate or GED,-2.17791241504303,1.86764296631677,0.247958015855866,-5.83849262902389,1.48266779893784,2.17756380795353,0.0816613822312928,340,1417536.42491113
racethn_combn,NHAsian,2011-2020,9.2,WTMEC.COMBN,age+gender,educ_level,selenium,2339,9812340.01902352,69,gaussian (identity),9-11th grade,1.59121190622264,2.9652665298634,0.593422303539838,-4.22071049230962,7.40313430475489,2.17756380795353,0.0816613822312928,174,617538.838324609
racethn_combn,NHAsian,2011-2020,9.2,WTMEC.COMBN,age+gender,educ_level,selenium,2339,9812340.01902352,69,gaussian (identity),Less than 9th grade,3.58905597948019,3.66787757790711,0.331564674047427,-3.59998407321776,10.7780960321781,2.17756380795353,0.0816613822312928,177,646774.414879305
racethn_combn,NHB,2011-2020,9.2,WTMEC.COMBN,age+gender,educ_level,selenium,4582,19591365.6576917,67,gaussian (identity),College graduate or above (Intercept),188.750929882986,1.64415301919563,5.53477972212516e-73,185.528389965362,191.973469800609,2.80190120397564,0.033437916456675,840,3950238.82568017
racethn_combn,NHB,2011-2020,9.2,WTMEC.COMBN,age+gender,educ_level,selenium,4582,19591365.6576917,67,gaussian (identity),Some college or AA degree,-1.76597453335429,1.22979341464038,0.156112994953491,-4.17636962604943,0.644420559340853,2.80190120397564,0.033437916456675,1637,6951933.34282665
racethn_combn,NHB,2011-2020,9.2,WTMEC.COMBN,age+gender,educ_level,selenium,4582,19591365.6576917,67,gaussian (identity),HS graduate or GED,-3.30121736198092,1.30434641916662,0.0139707449550908,-5.8577363435475,-0.744698380414348,2.80190120397564,0.033437916456675,1259,5567721.35371265
racethn_combn,NHB,2011-2020,9.2,WTMEC.COMBN,age+gender,educ_level,selenium,4582,19591365.6576917,67,gaussian (identity),9-11th grade,-3.75763914270105,1.37208950899823,0.00807649518115678,-6.44693458033759,-1.06834370506451,2.80190120397564,0.033437916456675,679,2563921.54331422
racethn_combn,NHB,2011-2020,9.2,WTMEC.COMBN,age+gender,educ_level,selenium,4582,19591365.6576917,67,gaussian (identity),Less than 9th grade,-3.50136434462026,3.14407393186627,0.269802952993066,-9.66374925107815,2.66102056183762,2.80190120397564,0.033437916456675,167,557550.592158044
racethn_combn,Mexican-American,2011-2020,9.2,WTMEC.COMBN,age+gender,educ_level,selenium,2392,15221552.6325776,59,gaussian (identity),College graduate or above (Intercept),187.157636235121,2.81704572240342,1.01922474954403e-52,181.63622661921,192.679045851032,0.98257912352335,0.42502375128141,186,1484171.29318909
racethn_combn,Mexican-American,2011-2020,9.2,WTMEC.COMBN,age+gender,educ_level,selenium,2392,15221552.6325776,59,gaussian (identity),Some college or AA degree,1.38322724236762,2.41805651905277,0.569712738304525,-3.35616353497581,6.12261801971104,0.98257912352335,0.42502375128141,540,3640786.75767074
racethn_combn,Mexican-American,2011-2020,9.2,WTMEC.COMBN,age+gender,educ_level,selenium,2392,15221552.6325776,59,gaussian (identity),HS graduate or GED,-1.07863254005363,2.25760731880235,0.634773706288599,-5.50354288490624,3.34627780479897,0.98257912352335,0.42502375128141,528,4074333.2107473
racethn_combn,Mexican-American,2011-2020,9.2,WTMEC.COMBN,age+gender,educ_level,selenium,2392,15221552.6325776,59,gaussian (identity),9-11th grade,-0.615811377598166,2.78561761186995,0.825888839101442,-6.07562189686328,4.84399914166694,0.98257912352335,0.42502375128141,460,2816326.11653691
racethn_combn,Mexican-American,2011-2020,9.2,WTMEC.COMBN,age+gender,educ_level,selenium,2392,15221552.6325776,59,gaussian (identity),Less than 9th grade,-0.106960657658867,2.86874536065109,0.970397991629847,-5.729701564535,5.51578024921727,0.98257912352335,0.42502375128141,678,3205935.25443352
racethn_combn,Other Hispanic,2011-2020,9.2,WTMEC.COMBN,age+gender,educ_level,selenium,2028,12360741.8064189,67,gaussian (identity),College graduate or above (Intercept),190.972923026968,2.90654367195158,2.53430254100527e-58,185.276097429943,196.669748623993,2.02945364409281,0.101423455435417,319,2301019.3799887
racethn_combn,Other Hispanic,2011-2020,9.2,WTMEC.COMBN,age+gender,educ_level,selenium,2028,12360741.8064189,67,gaussian (identity),Some college or AA degree,-2.79770013842891,1.99676160910928,0.166245693124616,-6.71135289228309,1.11595261542527,2.02945364409281,0.101423455435417,546,3494151.30805948
racethn_combn,Other Hispanic,2011-2020,9.2,WTMEC.COMBN,age+gender,educ_level,selenium,2028,12360741.8064189,67,gaussian (identity),HS graduate or GED,-4.50901016842502,1.92410986126381,0.0223833470974394,-8.2802654965021,-0.73775484034794,2.02945364409281,0.101423455435417,427,3000750.28109239
racethn_combn,Other Hispanic,2011-2020,9.2,WTMEC.COMBN,age+gender,educ_level,selenium,2028,12360741.8064189,67,gaussian (identity),9-11th grade,-3.48902777087759,2.41147006621115,0.153059292171874,-8.21550910065144,1.23745355889626,2.02945364409281,0.101423455435417,340,1743385.51708535
racethn_combn,Other Hispanic,2011-2020,9.2,WTMEC.COMBN,age+gender,educ_level,selenium,2028,12360741.8064189,67,gaussian (identity),Less than 9th grade,-7.27718232844037,2.85500958958261,0.0133375479423219,-12.8730011240223,-1.68136353285846,2.02945364409281,0.101423455435417,396,1821435.320193
racethn_combn,Other/Multi-Racial,2011-2020,9.2,WTMEC.COMBN,age+gender,educ_level,selenium,726,6081753.46108031,66,gaussian (identity),College graduate or above (Intercept),202.565296246193,4.49626161453344,5.74561532436665e-48,193.752623481708,211.377969010679,3.56375077902021,0.0112891638690628,158,1382008.94270622
racethn_combn,Other/Multi-Racial,2011-2020,9.2,WTMEC.COMBN,age+gender,educ_level,selenium,726,6081753.46108031,66,gaussian (identity),Some college or AA degree,-10.0019183789617,3.7202339655574,0.00927683905094722,-17.2935769514542,-2.71025980646921,3.56375077902021,0.0112891638690628,317,2600170.2317827
racethn_combn,Other/Multi-Racial,2011-2020,9.2,WTMEC.COMBN,age+gender,educ_level,selenium,726,6081753.46108031,66,gaussian (identity),HS graduate or GED,-6.94020738884557,4.18304437463309,0.102308818062909,-15.1389743631264,1.25855958543528,3.56375077902021,0.0112891638690628,157,1422796.14405596
racethn_combn,Other/Multi-Racial,2011-2020,9.2,WTMEC.COMBN,age+gender,educ_level,selenium,726,6081753.46108031,66,gaussian (identity),9-11th grade,-10.1576150548447,5.19246614448024,0.0550987768381103,-20.334848698026,0.0196185883365541,3.56375077902021,0.0112891638690628,66,492395.58499
racethn_combn,Other/Multi-Racial,2011-2020,9.2,WTMEC.COMBN,age+gender,educ_level,selenium,726,6081753.46108031,66,gaussian (identity),Less than 9th grade,-17.583433764397,5.14989802087702,0.00115173645949774,-27.6772338853159,-7.48963364347799,3.56375077902021,0.0112891638690628,28,184382.557545435
racethn_combn,Other/Multi-Racial/NHAsian,1999-2020,21.2,WTMEC.COMBN,age+gender,educ_level,mercury,1104,5249873.86624463,73,gaussian (identity),College graduate or above (Intercept),2.59947317369208,0.377137181987236,2.3565313595461e-09,1.8602842969971,3.33866205038707,1.36999105585253,0.253702976738428,348,1882120.97593566
racethn_combn,Other/Multi-Racial/NHAsian,1999-2020,21.2,WTMEC.COMBN,age+gender,educ_level,mercury,1104,5249873.86624463,73,gaussian (identity),Some college or AA degree,-0.225156366443393,0.28411141754644,0.430870369109282,-0.782014744834416,0.331702011947629,1.36999105585253,0.253702976738428,312,1524796.97432053
racethn_combn,Other/Multi-Racial/NHAsian,1999-2020,21.2,WTMEC.COMBN,age+gender,educ_level,mercury,1104,5249873.86624463,73,gaussian (identity),HS graduate or GED,-0.280247463139714,0.436667573958049,0.523201377604727,-1.13611590809749,0.575620981818061,1.36999105585253,0.253702976738428,209,913759.657582497
racethn_combn,Other/Multi-Racial/NHAsian,1999-2020,21.2,WTMEC.COMBN,age+gender,educ_level,mercury,1104,5249873.86624463,73,gaussian (identity),9-11th grade,0.612243416479351,0.752684057964434,0.418862289981393,-0.863017337130939,2.08750417008964,1.36999105585253,0.253702976738428,120,489244.770654056
racethn_combn,Other/Multi-Racial/NHAsian,1999-2020,21.2,WTMEC.COMBN,age+gender,educ_level,mercury,1104,5249873.86624463,73,gaussian (identity),Less than 9th grade,1.061701755907,0.644422244574797,0.10413265469727,-0.201365843459606,2.3247693552736,1.36999105585253,0.253702976738428,115,439951.487751887
racethn_combn,NHW,1999-2020,21.2,WTMEC.COMBN,age+gender,educ_level,mercury,18630,113564139.671792,159,gaussian (identity),College graduate or above (Intercept),1.61184937257693,0.0845453524354199,2.91674998113823e-42,1.44614048180351,1.77755826335035,66.4862466486247,1.69446516090952e-32,4859,35911421.5678037
racethn_combn,NHW,1999-2020,21.2,WTMEC.COMBN,age+gender,educ_level,mercury,18630,113564139.671792,159,gaussian (identity),Some college or AA degree,-0.784001068909774,0.0676624299688175,1.10170034869709e-22,-0.916619431648657,-0.651382706170892,66.4862466486247,1.69446516090952e-32,5919,36423491.3622844
racethn_combn,NHW,1999-2020,21.2,WTMEC.COMBN,age+gender,educ_level,mercury,18630,113564139.671792,159,gaussian (identity),HS graduate or GED,-1.00240274778045,0.0683255736081466,5.54143381671237e-31,-1.13632087205241,-0.868484623508478,66.4862466486247,1.69446516090952e-32,4861,28591171.2404197
racethn_combn,NHW,1999-2020,21.2,WTMEC.COMBN,age+gender,educ_level,mercury,18630,113564139.671792,159,gaussian (identity),9-11th grade,-1.16318712043899,0.0776776114324683,8.66644214137562e-32,-1.31543523884663,-1.01093900203135,66.4862466486247,1.69446516090952e-32,2173,9833022.66935247
racethn_combn,NHW,1999-2020,21.2,WTMEC.COMBN,age+gender,educ_level,mercury,18630,113564139.671792,159,gaussian (identity),Less than 9th grade,-1.25372361868495,0.111822440542365,1.13238289744072e-21,-1.47289560214799,-1.03455163522192,66.4862466486247,1.69446516090952e-32,818,2805032.83193185
racethn_combn,Mexican-American,1999-2020,21.2,WTMEC.COMBN,age+gender,educ_level,mercury,7564,14163761.7734544,139,gaussian (identity),College graduate or above (Intercept),1.49000324415177,0.129807999301343,1.27173437567827e-21,1.23557956552114,1.7444269227824,12.8391886756125,7.2510331524898e-09,473,1164894.1437696
racethn_combn,Mexican-American,1999-2020,21.2,WTMEC.COMBN,age+gender,educ_level,mercury,7564,14163761.7734544,139,gaussian (identity),Some college or AA degree,-0.54008216518604,0.132236016700689,7.59526493055085e-05,-0.799264757919391,-0.28089957245269,12.8391886756125,7.2510331524898e-09,1473,3068272.87994834
racethn_combn,Mexican-American,1999-2020,21.2,WTMEC.COMBN,age+gender,educ_level,mercury,7564,14163761.7734544,139,gaussian (identity),HS graduate or GED,-0.735612081830038,0.124714056156234,2.87294150733784e-08,-0.980051631896257,-0.491172531763819,12.8391886756125,7.2510331524898e-09,1603,3402507.94101317
racethn_combn,Mexican-American,1999-2020,21.2,WTMEC.COMBN,age+gender,educ_level,mercury,7564,14163761.7734544,139,gaussian (identity),9-11th grade,-0.689257749248729,0.121732358587199,8.82450767618749e-08,-0.927853172079639,-0.450662326417819,12.8391886756125,7.2510331524898e-09,1682,2966717.4303947
racethn_combn,Mexican-American,1999-2020,21.2,WTMEC.COMBN,age+gender,educ_level,mercury,7564,14163761.7734544,139,gaussian (identity),Less than 9th grade,-0.603172699617312,0.119464570975959,1.43286709452879e-06,-0.837323258730191,-0.369022140504432,12.8391886756125,7.2510331524898e-09,2333,3561369.3783286
racethn_combn,NHB,1999-2020,21.2,WTMEC.COMBN,age+gender,educ_level,mercury,9633,18659331.8836706,148,gaussian (identity),College graduate or above (Intercept),1.45467103405405,0.112187467232079,7.38754931297527e-26,1.23478359827917,1.67455846982892,15.291236202806,2.01826538754544e-10,1482,3175169.60412687
racethn_combn,NHB,1999-2020,21.2,WTMEC.COMBN,age+gender,educ_level,mercury,9633,18659331.8836706,148,gaussian (identity),Some college or AA degree,-0.454740858544568,0.0669381706424491,2.77895780510301e-10,-0.585939673003768,-0.323542044085368,15.291236202806,2.01826538754544e-10,3198,6345940.14800814
racethn_combn,NHB,1999-2020,21.2,WTMEC.COMBN,age+gender,educ_level,mercury,9633,18659331.8836706,148,gaussian (identity),HS graduate or GED,-0.503055672368981,0.0693181784596159,2.36511746656572e-11,-0.638919302149828,-0.367192042588134,15.291236202806,2.01826538754544e-10,2541,5011701.73641942
racethn_combn,NHB,1999-2020,21.2,WTMEC.COMBN,age+gender,educ_level,mercury,9633,18659331.8836706,148,gaussian (identity),9-11th grade,-0.504819405181356,0.0960517125967693,5.29626780534115e-07,-0.693080761871024,-0.316558048491688,15.291236202806,2.01826538754544e-10,1983,3462596.62484938
racethn_combn,NHB,1999-2020,21.2,WTMEC.COMBN,age+gender,educ_level,mercury,9633,18659331.8836706,148,gaussian (identity),Less than 9th grade,-0.0313744123482009,0.219585595371649,0.886587415725421,-0.461762179276633,0.399013354580231,15.291236202806,2.01826538754544e-10,429,663923.770266801
racethn_combn,Other Hispanic,1999-2020,21.2,WTMEC.COMBN,age+gender,educ_level,mercury,3778,9717754.53507483,128,gaussian (identity),College graduate or above (Intercept),1.66308322532614,0.251589178570132,1.06633448119249e-09,1.16996843532868,2.1561980153236,5.55823019363117,0.000382099024223108,562,1675996.26467613
racethn_combn,Other Hispanic,1999-2020,21.2,WTMEC.COMBN,age+gender,educ_level,mercury,3778,9717754.53507483,128,gaussian (identity),Some college or AA degree,-0.461046451257235,0.179523128258928,0.0114297236189411,-0.812911782644734,-0.109181119869736,5.55823019363117,0.000382099024223108,994,2774101.00955591
racethn_combn,Other Hispanic,1999-2020,21.2,WTMEC.COMBN,age+gender,educ_level,mercury,3778,9717754.53507483,128,gaussian (identity),HS graduate or GED,-0.762834350597066,0.189769071844893,0.000101248121465859,-1.13478173141306,-0.390886969781077,5.55823019363117,0.000382099024223108,765,2212332.4820169
racethn_combn,Other Hispanic,1999-2020,21.2,WTMEC.COMBN,age+gender,educ_level,mercury,3778,9717754.53507483,128,gaussian (identity),9-11th grade,-0.787181993746242,0.174059906506705,1.42721450615392e-05,-1.12833941049938,-0.446024576993101,5.55823019363117,0.000382099024223108,698,1547112.34640675
racethn_combn,Other Hispanic,1999-2020,21.2,WTMEC.COMBN,age+gender,educ_level,mercury,3778,9717754.53507483,128,gaussian (identity),Less than 9th grade,-0.670690153549024,0.174453645032365,0.000193332235919637,-1.01261929781246,-0.328761009285589,5.55823019363117,0.000382099024223108,759,1508212.43241913
racethn_combn,NHAsian,1999-2020,21.2,WTMEC.COMBN,age+gender,educ_level,mercury,2339,4258185.29127436,69,gaussian (identity),College graduate or above (Intercept),0.90979824658985,0.310936111860613,0.00476956942450456,0.300363467343049,1.51923302583665,4.64093604439849,0.00239471456959591,1179,2233395.19483911
racethn_combn,NHAsian,1999-2020,21.2,WTMEC.COMBN,age+gender,educ_level,mercury,2339,4258185.29127436,69,gaussian (identity),Some college or AA degree,0.488966896386853,0.26756892543178,0.0723699549243613,-0.0354681974594364,1.01340199023314,4.64093604439849,0.00239471456959591,469,860968.538007963
racethn_combn,NHAsian,1999-2020,21.2,WTMEC.COMBN,age+gender,educ_level,mercury,2339,4258185.29127436,69,gaussian (identity),HS graduate or GED,1.23044974157368,0.395781716725945,0.00281797472064402,0.454717576790828,2.00618190635653,4.64093604439849,0.00239471456959591,340,615157.316470868
racethn_combn,NHAsian,1999-2020,21.2,WTMEC.COMBN,age+gender,educ_level,mercury,2339,4258185.29127436,69,gaussian (identity),9-11th grade,1.84522155019492,0.665956863826821,0.00734098896403166,0.539946097094355,3.15049700329549,4.64093604439849,0.00239471456959591,174,267988.552480491
racethn_combn,NHAsian,1999-2020,21.2,WTMEC.COMBN,age+gender,educ_level,mercury,2339,4258185.29127436,69,gaussian (identity),Less than 9th grade,2.09481373343337,0.811340992238359,0.0121627848839606,0.504585388646186,3.68504207822055,4.64093604439849,0.00239471456959591,177,280675.689475925
racethn_combn,Other/Multi-Racial,1999-2020,21.2,WTMEC.COMBN,age+gender,educ_level,mercury,726,2639251.50197825,66,gaussian (identity),College graduate or above (Intercept),1.5716077656657,0.366917654396725,6.75644580732186e-05,0.852449163048119,2.29076636828328,8.19571583701011,2.42637177491906e-05,158,599739.729853642
racethn_combn,Other/Multi-Racial,1999-2020,21.2,WTMEC.COMBN,age+gender,educ_level,mercury,726,2639251.50197825,66,gaussian (identity),Some college or AA degree,-0.880941435184787,0.317463992436605,0.00735068845079664,-1.50317086036053,-0.258712010009041,8.19571583701011,2.42637177491906e-05,317,1128375.7609623
racethn_combn,Other/Multi-Racial,1999-2020,21.2,WTMEC.COMBN,age+gender,educ_level,mercury,726,2639251.50197825,66,gaussian (identity),HS graduate or GED,-1.23038194247871,0.33452593783665,0.000504365396197108,-1.88605278063855,-0.57471110431888,8.19571583701011,2.42637177491906e-05,157,617439.836099755
racethn_combn,Other/Multi-Racial,1999-2020,21.2,WTMEC.COMBN,age+gender,educ_level,mercury,726,2639251.50197825,66,gaussian (identity),9-11th grade,-1.48993579907771,0.302352095147841,6.88110563393534e-06,-2.08254590556748,-0.897325692587941,8.19571583701011,2.42637177491906e-05,66,213681.102920189
racethn_combn,Other/Multi-Racial,1999-2020,21.2,WTMEC.COMBN,age+gender,educ_level,mercury,726,2639251.50197825,66,gaussian (identity),Less than 9th grade,-1.33935534360141,0.421921628412918,0.00236960080495294,-2.16632173529073,-0.512388951912095,8.19571583701011,2.42637177491906e-05,28,80015.0721423585
racethn_combn,NHW,1999-2020,21.2,WTMEC.COMBN,age+gender,educ_level,lead,22044,132214493.618477,162,gaussian (identity),College graduate or above (Intercept),0.00700278951309814,0.0368952566959069,0.849711115802089,-0.0653119136108793,0.0793174926370756,50.0610492403953,4.77629753001241e-27,5687,40889409.4507232
racethn_combn,NHW,1999-2020,21.2,WTMEC.COMBN,age+gender,educ_level,lead,22044,132214493.618477,162,gaussian (identity),Some college or AA degree,0.179405475121274,0.0249977581594252,2.7189779768613e-11,0.130409869128801,0.228401081113747,50.0610492403953,4.77629753001241e-27,6813,41588664.0958664
racethn_combn,NHW,1999-2020,21.2,WTMEC.COMBN,age+gender,educ_level,lead,22044,132214493.618477,162,gaussian (identity),HS graduate or GED,0.314082067502603,0.0370042966567882,1.54095042817237e-14,0.241553646055298,0.386610488949908,50.0610492403953,4.77629753001241e-27,5840,33855628.4064112
racethn_combn,NHW,1999-2020,21.2,WTMEC.COMBN,age+gender,educ_level,lead,22044,132214493.618477,162,gaussian (identity),9-11th grade,0.568735245079616,0.0412331804713138,8.38919414983455e-29,0.487918211355841,0.649552278803391,50.0610492403953,4.77629753001241e-27,2645,12161700.6937702
racethn_combn,NHW,1999-2020,21.2,WTMEC.COMBN,age+gender,educ_level,lead,22044,132214493.618477,162,gaussian (identity),Less than 9th grade,0.654567102400262,0.0964433613764065,2.25127191178113e-10,0.465538114102505,0.843596090698019,50.0610492403953,4.77629753001241e-27,1059,3719090.97170581
racethn_combn,Other/Multi-Racial/NHAsian,1999-2020,21.2,WTMEC.COMBN,age+gender,educ_level,lead,1324,6356247.93833501,85,gaussian (identity),College graduate or above (Intercept),0.465922371556813,0.158085233437814,0.00421279166912158,0.156075314018697,0.775769429094928,3.30498713498095,0.0147679240095332,395,2158279.78436547
racethn_combn,Other/Multi-Racial/NHAsian,1999-2020,21.2,WTMEC.COMBN,age+gender,educ_level,lead,1324,6356247.93833501,85,gaussian (identity),Some college or AA degree,-0.0510409369499957,0.141670180309814,0.71959920267301,-0.32871449035723,0.226632616457239,3.30498713498095,0.0147679240095332,360,1752658.05666374
racethn_combn,Other/Multi-Racial/NHAsian,1999-2020,21.2,WTMEC.COMBN,age+gender,educ_level,lead,1324,6356247.93833501,85,gaussian (identity),HS graduate or GED,0.0424021263096401,0.101646915385673,0.677699298441565,-0.156825827846278,0.241630080465559,3.30498713498095,0.0147679240095332,273,1215017.04733174
racethn_combn,Other/Multi-Racial/NHAsian,1999-2020,21.2,WTMEC.COMBN,age+gender,educ_level,lead,1324,6356247.93833501,85,gaussian (identity),9-11th grade,0.302540682877111,0.187175046616924,0.11000498691966,-0.0643224084920607,0.669403774246282,3.30498713498095,0.0147679240095332,159,697766.983409905
racethn_combn,Other/Multi-Racial/NHAsian,1999-2020,21.2,WTMEC.COMBN,age+gender,educ_level,lead,1324,6356247.93833501,85,gaussian (identity),Less than 9th grade,0.733710481278354,0.238095467549528,0.0028340538260396,0.267043364881279,1.20037759767543,3.30498713498095,0.0147679240095332,137,532526.066564151
racethn_combn,NHB,1999-2020,21.2,WTMEC.COMBN,age+gender,educ_level,lead,10903,21002467.4710108,150,gaussian (identity),College graduate or above (Intercept),-0.348068903932135,0.0657342474124311,4.35461905924827e-07,-0.4769080288605,-0.21922977900377,49.7721839528574,3.04845160737674e-26,1612,3447585.89156196
racethn_combn,NHB,1999-2020,21.2,WTMEC.COMBN,age+gender,educ_level,lead,10903,21002467.4710108,150,gaussian (identity),Some college or AA degree,0.224717865210559,0.0366310224925885,7.81701952249631e-09,0.152921061125086,0.296514669296033,49.7721839528574,3.04845160737674e-26,3469,6923985.20902663
racethn_combn,NHB,1999-2020,21.2,WTMEC.COMBN,age+gender,educ_level,lead,10903,21002467.4710108,150,gaussian (identity),HS graduate or GED,0.417466237014417,0.0552586444089758,4.45292273176791e-12,0.309159293972825,0.52577318005601,49.7721839528574,3.04845160737674e-26,2815,5538396.80015471
racethn_combn,NHB,1999-2020,21.2,WTMEC.COMBN,age+gender,educ_level,lead,10903,21002467.4710108,150,gaussian (identity),9-11th grade,0.880778825986309,0.0676789339652171,4.3598289005071e-26,0.748128115414484,1.01342953655813,49.7721839528574,3.04845160737674e-26,2428,4222512.55613334
racethn_combn,NHB,1999-2020,21.2,WTMEC.COMBN,age+gender,educ_level,lead,10903,21002467.4710108,150,gaussian (identity),Less than 9th grade,1.01737834633733,0.105346272489909,2.54290977293923e-17,0.810899652257108,1.22385704041755,49.7721839528574,3.04845160737674e-26,579,869987.014134159
racethn_combn,Mexican-American,1999-2020,21.2,WTMEC.COMBN,age+gender,educ_level,lead,9222,15824897.2540546,142,gaussian (identity),College graduate or above (Intercept),0.450239254724712,0.0808680945568976,1.32890503098371e-07,0.291737789393192,0.608740720056231,33.8873907655372,1.32517755976859e-19,554,1268267.45254772
racethn_combn,Mexican-American,1999-2020,21.2,WTMEC.COMBN,age+gender,educ_level,lead,9222,15824897.2540546,142,gaussian (identity),Some college or AA degree,0.124787459844186,0.0560423566052461,0.0276144918596344,0.014944440897904,0.234630478790469,33.8873907655372,1.32517755976859e-19,1687,3324544.94461042
racethn_combn,Mexican-American,1999-2020,21.2,WTMEC.COMBN,age+gender,educ_level,lead,9222,15824897.2540546,142,gaussian (identity),HS graduate or GED,0.418738225545796,0.0950236201111601,2.11166240051851e-05,0.232491930127922,0.60498452096367,33.8873907655372,1.32517755976859e-19,1865,3732095.00173581
racethn_combn,Mexican-American,1999-2020,21.2,WTMEC.COMBN,age+gender,educ_level,lead,9222,15824897.2540546,142,gaussian (identity),9-11th grade,0.652268477065332,0.0943258237121345,1.66146175026631e-10,0.467389862589548,0.837147091541116,33.8873907655372,1.32517755976859e-19,2046,3353716.20793055
racethn_combn,Mexican-American,1999-2020,21.2,WTMEC.COMBN,age+gender,educ_level,lead,9222,15824897.2540546,142,gaussian (identity),Less than 9th grade,1.05394217219531,0.0942029758062957,5.25359646838125e-21,0.869304339614966,1.23858000477564,33.8873907655372,1.32517755976859e-19,3070,4146273.64723011
racethn_combn,Other Hispanic,1999-2020,21.2,WTMEC.COMBN,age+gender,educ_level,lead,4103,11290196.2933843,136,gaussian (identity),College graduate or above (Intercept),0.209101875262962,0.163505937951309,0.203223115980866,-0.111369763121604,0.529573513647529,8.62988206581445,3.29362697349072e-06,587,1829143.60981613
racethn_combn,Other Hispanic,1999-2020,21.2,WTMEC.COMBN,age+gender,educ_level,lead,4103,11290196.2933843,136,gaussian (identity),Some college or AA degree,0.188279104442052,0.125464541776118,0.135869447526353,-0.0576313974391394,0.434189606323243,8.62988206581445,3.29362697349072e-06,1066,3186673.51692025
racethn_combn,Other Hispanic,1999-2020,21.2,WTMEC.COMBN,age+gender,educ_level,lead,4103,11290196.2933843,136,gaussian (identity),HS graduate or GED,0.108591032996443,0.0706562092023403,0.126749890233537,-0.0298951370401439,0.24707720303303,8.62988206581445,3.29362697349072e-06,817,2503572.30463407
racethn_combn,Other Hispanic,1999-2020,21.2,WTMEC.COMBN,age+gender,educ_level,lead,4103,11290196.2933843,136,gaussian (identity),9-11th grade,0.504904682627951,0.0966004693365078,6.68992366875737e-07,0.315567762728396,0.694241602527507,8.62988206581445,3.29362697349072e-06,774,1904730.95149883
racethn_combn,Other Hispanic,1999-2020,21.2,WTMEC.COMBN,age+gender,educ_level,lead,4103,11290196.2933843,136,gaussian (identity),Less than 9th grade,0.33080854145263,0.104434341949751,0.00191573303197154,0.126117231231118,0.535499851674142,8.62988206581445,3.29362697349072e-06,859,1866075.91051498
racethn_combn,NHAsian,1999-2020,21.2,WTMEC.COMBN,age+gender,educ_level,lead,2339,4258185.29127436,69,gaussian (identity),College graduate or above (Intercept),0.807115141558596,0.0862352920861612,1.55354427646563e-13,0.63809396906972,0.976136314047472,4.87671116637345,0.00172392598811017,1179,2233395.19483911
racethn_combn,NHAsian,1999-2020,21.2,WTMEC.COMBN,age+gender,educ_level,lead,2339,4258185.29127436,69,gaussian (identity),Some college or AA degree,-0.123483020024191,0.0596696699167699,0.0426116565388154,-0.24043557306106,-0.00653046698732217,4.87671116637345,0.00172392598811017,469,860968.538007963
racethn_combn,NHAsian,1999-2020,21.2,WTMEC.COMBN,age+gender,educ_level,lead,2339,4258185.29127436,69,gaussian (identity),HS graduate or GED,0.0996043146638584,0.0824236936973645,0.231393387054052,-0.061946124982976,0.261154754310693,4.87671116637345,0.00172392598811017,340,615157.316470868
racethn_combn,NHAsian,1999-2020,21.2,WTMEC.COMBN,age+gender,educ_level,lead,2339,4258185.29127436,69,gaussian (identity),9-11th grade,0.216489412795599,0.0800551245559595,0.00879205304256427,0.0595813686659182,0.373397456925279,4.87671116637345,0.00172392598811017,174,267988.552480491
racethn_combn,NHAsian,1999-2020,21.2,WTMEC.COMBN,age+gender,educ_level,lead,2339,4258185.29127436,69,gaussian (identity),Less than 9th grade,0.628758286391661,0.246113779744077,0.0130550421184926,0.146375278093271,1.11114129469005,4.87671116637345,0.00172392598811017,177,280675.689475925
racethn_combn,Other/Multi-Racial,1999-2020,21.2,WTMEC.COMBN,age+gender,educ_level,lead,726,2639251.50197825,66,gaussian (identity),College graduate or above (Intercept),0.0666537673486562,0.130619363015902,0.611720481383027,-0.189360184162512,0.322667718859825,1.282660471553,0.286902583924026,158,599739.729853642
racethn_combn,Other/Multi-Racial,1999-2020,21.2,WTMEC.COMBN,age+gender,educ_level,lead,726,2639251.50197825,66,gaussian (identity),Some college or AA degree,0.0391804378225029,0.096593330240256,0.686462769751619,-0.150142489448399,0.228503365093405,1.282660471553,0.286902583924026,317,1128375.7609623
racethn_combn,Other/Multi-Racial,1999-2020,21.2,WTMEC.COMBN,age+gender,educ_level,lead,726,2639251.50197825,66,gaussian (identity),HS graduate or GED,0.10565202719509,0.111807464977293,0.348476274781052,-0.113490604160404,0.324794658550583,1.282660471553,0.286902583924026,157,617439.836099755
racethn_combn,Other/Multi-Racial,1999-2020,21.2,WTMEC.COMBN,age+gender,educ_level,lead,726,2639251.50197825,66,gaussian (identity),9-11th grade,0.318117979629498,0.155679372063712,0.0454096423025789,0.0129864103846233,0.623249548874373,1.282660471553,0.286902583924026,66,213681.102920189
racethn_combn,Other/Multi-Racial,1999-2020,21.2,WTMEC.COMBN,age+gender,educ_level,lead,726,2639251.50197825,66,gaussian (identity),Less than 9th grade,-0.0882142526085932,0.127993302419041,0.493347974508928,-0.339081125349913,0.162652620132726,1.282660471553,0.286902583924026,28,80015.0721423585
racethn_combn,NHW,1999-2020,21.2,WTMEC.COMBN,age+gender,educ_level,cadmium,22044,132214493.618477,162,gaussian (identity),College graduate or above (Intercept),0.337293163826452,0.0163733689491985,2.32656299134279e-46,0.305201360686023,0.369384966966881,242.134394379816,8.34455095137386e-66,5687,40889409.4507232
racethn_combn,NHW,1999-2020,21.2,WTMEC.COMBN,age+gender,educ_level,cadmium,22044,132214493.618477,162,gaussian (identity),Some college or AA degree,0.161072176873569,0.010778938115561,6.62016231031947e-32,0.13994545816707,0.182198895580069,242.134394379816,8.34455095137386e-66,6813,41588664.0958664
racethn_combn,NHW,1999-2020,21.2,WTMEC.COMBN,age+gender,educ_level,cadmium,22044,132214493.618477,162,gaussian (identity),HS graduate or GED,0.248934058860783,0.011122035112264,1.44063845825987e-50,0.227134870040746,0.270733247680821,242.134394379816,8.34455095137386e-66,5840,33855628.4064112
racethn_combn,NHW,1999-2020,21.2,WTMEC.COMBN,age+gender,educ_level,cadmium,22044,132214493.618477,162,gaussian (identity),9-11th grade,0.432983831698692,0.0188290414545262,5.62378855378391e-52,0.396078910447821,0.469888752949564,242.134394379816,8.34455095137386e-66,2645,12161700.6937702
racethn_combn,NHW,1999-2020,21.2,WTMEC.COMBN,age+gender,educ_level,cadmium,22044,132214493.618477,162,gaussian (identity),Less than 9th grade,0.33801384761404,0.0281878538134663,6.80238349684128e-24,0.282765654139646,0.393262041088434,242.134394379816,8.34455095137386e-66,1059,3719090.97170581
racethn_combn,Other/Multi-Racial/NHAsian,1999-2020,21.2,WTMEC.COMBN,age+gender,educ_level,cadmium,1324,6356247.93833501,85,gaussian (identity),College graduate or above (Intercept),0.299204994854877,0.0585612834402708,2.19512721873021e-06,0.184424879311947,0.413985110397808,10.4081980205101,8.01121610571407e-07,395,2158279.78436547
racethn_combn,Other/Multi-Racial/NHAsian,1999-2020,21.2,WTMEC.COMBN,age+gender,educ_level,cadmium,1324,6356247.93833501,85,gaussian (identity),Some college or AA degree,0.138672542435519,0.0462681437019764,0.00364103886850083,0.0479869807796452,0.229358104091393,10.4081980205101,8.01121610571407e-07,360,1752658.05666374
racethn_combn,Other/Multi-Racial/NHAsian,1999-2020,21.2,WTMEC.COMBN,age+gender,educ_level,cadmium,1324,6356247.93833501,85,gaussian (identity),HS graduate or GED,0.261365974232836,0.0798347495522947,0.0015756916178904,0.104889865110338,0.417842083355334,10.4081980205101,8.01121610571407e-07,273,1215017.04733174
racethn_combn,Other/Multi-Racial/NHAsian,1999-2020,21.2,WTMEC.COMBN,age+gender,educ_level,cadmium,1324,6356247.93833501,85,gaussian (identity),9-11th grade,0.379853531901538,0.0827323978379268,1.63770572093455e-05,0.217698032139202,0.542009031663874,10.4081980205101,8.01121610571407e-07,159,697766.983409905
racethn_combn,Other/Multi-Racial/NHAsian,1999-2020,21.2,WTMEC.COMBN,age+gender,educ_level,cadmium,1324,6356247.93833501,85,gaussian (identity),Less than 9th grade,0.371207493323683,0.0740306046655676,3.19750039987313e-06,0.226107508179171,0.516307478468196,10.4081980205101,8.01121610571407e-07,137,532526.066564151
racethn_combn,NHB,1999-2020,21.2,WTMEC.COMBN,age+gender,educ_level,cadmium,10903,21002467.4710108,150,gaussian (identity),College graduate or above (Intercept),0.24926718648621,0.018160843943479,6.11629613808509e-28,0.213671932356991,0.284862440615429,93.7133477499161,4.39848388399726e-39,1612,3447585.89156196
racethn_combn,NHB,1999-2020,21.2,WTMEC.COMBN,age+gender,educ_level,cadmium,10903,21002467.4710108,150,gaussian (identity),Some college or AA degree,0.154442590790406,0.0139967832776172,6.72651968385957e-21,0.127008895566277,0.181876286014536,93.7133477499161,4.39848388399726e-39,3469,6923985.20902663
racethn_combn,NHB,1999-2020,21.2,WTMEC.COMBN,age+gender,educ_level,cadmium,10903,21002467.4710108,150,gaussian (identity),HS graduate or GED,0.226338867195518,0.0179116990967812,4.2393574178384e-25,0.191231936965827,0.261445797425209,93.7133477499161,4.39848388399726e-39,2815,5538396.80015471
racethn_combn,NHB,1999-2020,21.2,WTMEC.COMBN,age+gender,educ_level,cadmium,10903,21002467.4710108,150,gaussian (identity),9-11th grade,0.315439863724985,0.0192753054407595,1.14182186131401e-34,0.277660265061097,0.353219462388874,93.7133477499161,4.39848388399726e-39,2428,4222512.55613334
racethn_combn,NHB,1999-2020,21.2,WTMEC.COMBN,age+gender,educ_level,cadmium,10903,21002467.4710108,150,gaussian (identity),Less than 9th grade,0.210075163275012,0.0304560762800257,1.54592817632848e-10,0.150381253766161,0.269769072783862,93.7133477499161,4.39848388399726e-39,579,869987.014134159
racethn_combn,Mexican-American,1999-2020,21.2,WTMEC.COMBN,age+gender,educ_level,cadmium,9222,15824897.2540546,142,gaussian (identity),College graduate or above (Intercept),0.188049710354771,0.0220754620749471,2.69265098987379e-14,0.144781804687874,0.231317616021667,10.1457807768217,3.22806516492511e-07,554,1268267.45254772
racethn_combn,Mexican-American,1999-2020,21.2,WTMEC.COMBN,age+gender,educ_level,cadmium,9222,15824897.2540546,142,gaussian (identity),Some college or AA degree,0.0552772962516927,0.0190720408696353,0.00437457777423742,0.0178960961472074,0.0926584963561779,10.1457807768217,3.22806516492511e-07,1687,3324544.94461042
racethn_combn,Mexican-American,1999-2020,21.2,WTMEC.COMBN,age+gender,educ_level,cadmium,9222,15824897.2540546,142,gaussian (identity),HS graduate or GED,0.0520339268954542,0.0168820738355628,0.00248808556878361,0.0189450621777512,0.0851227916131572,10.1457807768217,3.22806516492511e-07,1865,3732095.00173581
racethn_combn,Mexican-American,1999-2020,21.2,WTMEC.COMBN,age+gender,educ_level,cadmium,9222,15824897.2540546,142,gaussian (identity),9-11th grade,0.10486556403006,0.0169309233586912,6.52366173372814e-09,0.0716809542470255,0.138050173813095,10.1457807768217,3.22806516492511e-07,2046,3353716.20793055
racethn_combn,Mexican-American,1999-2020,21.2,WTMEC.COMBN,age+gender,educ_level,cadmium,9222,15824897.2540546,142,gaussian (identity),Less than 9th grade,0.0554104827044264,0.0161362426283514,0.000788922645282011,0.0237834471528578,0.0870375182559951,10.1457807768217,3.22806516492511e-07,3070,4146273.64723011
racethn_combn,Other Hispanic,1999-2020,21.2,WTMEC.COMBN,age+gender,educ_level,cadmium,4103,11290196.2933843,136,gaussian (identity),College graduate or above (Intercept),0.201259512735676,0.0272136463319586,1.54092649359999e-11,0.147920765925038,0.254598259546315,9.21398793169237,1.38174592366062e-06,587,1829143.60981613
racethn_combn,Other Hispanic,1999-2020,21.2,WTMEC.COMBN,age+gender,educ_level,cadmium,4103,11290196.2933843,136,gaussian (identity),Some college or AA degree,0.0856379769354589,0.0200098304105851,3.60098784686715e-05,0.046418709330712,0.124857244540206,9.21398793169237,1.38174592366062e-06,1066,3186673.51692025
racethn_combn,Other Hispanic,1999-2020,21.2,WTMEC.COMBN,age+gender,educ_level,cadmium,4103,11290196.2933843,136,gaussian (identity),HS graduate or GED,0.124326999138779,0.0335755631454007,0.000313845869241678,0.058518895373794,0.190135102903765,9.21398793169237,1.38174592366062e-06,817,2503572.30463407
racethn_combn,Other Hispanic,1999-2020,21.2,WTMEC.COMBN,age+gender,educ_level,cadmium,4103,11290196.2933843,136,gaussian (identity),9-11th grade,0.129165176028246,0.0286033111885305,1.39899025470787e-05,0.0731026860987261,0.185227665957766,9.21398793169237,1.38174592366062e-06,774,1904730.95149883
racethn_combn,Other Hispanic,1999-2020,21.2,WTMEC.COMBN,age+gender,educ_level,cadmium,4103,11290196.2933843,136,gaussian (identity),Less than 9th grade,0.0329755005370262,0.0238974405211935,0.169993494807132,-0.0138634828845131,0.0798144839585655,9.21398793169237,1.38174592366062e-06,859,1866075.91051498
racethn_combn,NHAsian,1999-2020,21.2,WTMEC.COMBN,age+gender,educ_level,cadmium,2339,4258185.29127436,69,gaussian (identity),College graduate or above (Intercept),0.315317183230792,0.0398146321904839,4.93170271712718e-11,0.237280504137444,0.393353862324141,10.7298669966834,1.07457490618909e-06,1179,2233395.19483911
racethn_combn,NHAsian,1999-2020,21.2,WTMEC.COMBN,age+gender,educ_level,cadmium,2339,4258185.29127436,69,gaussian (identity),Some college or AA degree,0.089318141498979,0.03688848283345,0.018357000541795,0.017016715145417,0.161619567852541,10.7298669966834,1.07457490618909e-06,469,860968.538007963
racethn_combn,NHAsian,1999-2020,21.2,WTMEC.COMBN,age+gender,educ_level,cadmium,2339,4258185.29127436,69,gaussian (identity),HS graduate or GED,0.129312506412505,0.0330159461694494,0.000223446900136072,0.0646012519203842,0.194023760904626,10.7298669966834,1.07457490618909e-06,340,615157.316470868
racethn_combn,NHAsian,1999-2020,21.2,WTMEC.COMBN,age+gender,educ_level,cadmium,2339,4258185.29127436,69,gaussian (identity),9-11th grade,0.173825165994971,0.0588934954084953,0.00443705839364092,0.0583939149943207,0.289256416995622,10.7298669966834,1.07457490618909e-06,174,267988.552480491
racethn_combn,NHAsian,1999-2020,21.2,WTMEC.COMBN,age+gender,educ_level,cadmium,2339,4258185.29127436,69,gaussian (identity),Less than 9th grade,0.264574114647556,0.0472332970796048,4.9914154718192e-07,0.17199685237153,0.357151376923581,10.7298669966834,1.07457490618909e-06,177,280675.689475925
racethn_combn,Other/Multi-Racial,1999-2020,21.2,WTMEC.COMBN,age+gender,educ_level,cadmium,726,2639251.50197825,66,gaussian (identity),College graduate or above (Intercept),0.329265371369667,0.0860161886204001,0.000310875760357007,0.160673641673683,0.497857101065652,4.45710768211636,0.00320985701778009,158,599739.729853642
racethn_combn,Other/Multi-Racial,1999-2020,21.2,WTMEC.COMBN,age+gender,educ_level,cadmium,726,2639251.50197825,66,gaussian (identity),Some college or AA degree,0.154116754651078,0.0769067124137742,0.049596956946025,0.0033795983200807,0.304853910982076,4.45710768211636,0.00320985701778009,317,1128375.7609623
racethn_combn,Other/Multi-Racial,1999-2020,21.2,WTMEC.COMBN,age+gender,educ_level,cadmium,726,2639251.50197825,66,gaussian (identity),HS graduate or GED,0.210686501302218,0.073927690301062,0.005985254481416,0.0657882283121367,0.3555847742923,4.45710768211636,0.00320985701778009,157,617439.836099755
racethn_combn,Other/Multi-Racial,1999-2020,21.2,WTMEC.COMBN,age+gender,educ_level,cadmium,726,2639251.50197825,66,gaussian (identity),9-11th grade,0.496638115486061,0.12581869551806,0.00021007662316153,0.250033472270663,0.743242758701459,4.45710768211636,0.00320985701778009,66,213681.102920189
racethn_combn,Other/Multi-Racial,1999-2020,21.2,WTMEC.COMBN,age+gender,educ_level,cadmium,726,2639251.50197825,66,gaussian (identity),Less than 9th grade,0.406595153237352,0.196073915789826,0.0424093787877761,0.0222902782892938,0.79090002818541,4.45710768211636,0.00320985701778009,28,80015.0721423585
racethn_combn,NHW,1999-2004,6,WTMEC.COMBN,age+gender,educ_level,hcb,2165,42596919.3470303,42,gaussian (identity),College graduate or above (Intercept),0.083072498025106,0.00732632637820217,1.95133453786704e-13,0.0687128983238298,0.0974320977263823,1.13922072855053,0.353704485474923,518,11268143.717115
racethn_combn,NHW,1999-2004,6,WTMEC.COMBN,age+gender,educ_level,hcb,2165,42596919.3470303,42,gaussian (identity),Some college or AA degree,0.0119964064981705,0.00631179324209609,0.0653804675889741,-0.000374708256337787,0.0243675212526789,1.13922072855053,0.353704485474923,666,13906827.3788513
racethn_combn,NHW,1999-2004,6,WTMEC.COMBN,age+gender,educ_level,hcb,2165,42596919.3470303,42,gaussian (identity),HS graduate or GED,0.0115723558448808,0.0078033374493624,0.146776583978003,-0.00372218555586955,0.0268668972456311,1.13922072855053,0.353704485474923,574,11253826.9726033
racethn_combn,NHW,1999-2004,6,WTMEC.COMBN,age+gender,educ_level,hcb,2165,42596919.3470303,42,gaussian (identity),9-11th grade,0.0145545289972625,0.00822250353936314,0.0851823814870545,-0.00156157793988923,0.0306706359344143,1.13922072855053,0.353704485474923,276,4535062.73139333
racethn_combn,NHW,1999-2004,6,WTMEC.COMBN,age+gender,educ_level,hcb,2165,42596919.3470303,42,gaussian (identity),Less than 9th grade,0.0189998706615021,0.0132017042627443,0.158733239595054,-0.00687546969347674,0.044875211016481,1.13922072855053,0.353704485474923,131,1633058.54706733
racethn_combn,NHB,1999-2004,6,WTMEC.COMBN,age+gender,educ_level,hcb,853,6233836.84673898,34,gaussian (identity),College graduate or above (Intercept),0.10081713367893,0.0138318568264771,6.18067014492877e-08,0.0737066942990346,0.127927573058825,0.552745414239746,0.698619827605474,96,816237.935143
racethn_combn,NHB,1999-2004,6,WTMEC.COMBN,age+gender,educ_level,hcb,853,6233836.84673898,34,gaussian (identity),Some college or AA degree,-0.00623926033501616,0.00934914022125939,0.510004161997025,-0.0245635751686846,0.0120850544986522,0.552745414239746,0.698619827605474,223,1855594.03128206
racethn_combn,NHB,1999-2004,6,WTMEC.COMBN,age+gender,educ_level,hcb,853,6233836.84673898,34,gaussian (identity),HS graduate or GED,-0.0022346118158492,0.0111465096985043,0.842557099326801,-0.0240817708249176,0.0196125471932192,0.552745414239746,0.698619827605474,193,1406996.23970397
racethn_combn,NHB,1999-2004,6,WTMEC.COMBN,age+gender,educ_level,hcb,853,6233836.84673898,34,gaussian (identity),9-11th grade,0.00336217847346168,0.0107991385322512,0.757850212764284,-0.0178041330497506,0.024528489996674,0.552745414239746,0.698619827605474,282,1802069.77434261
racethn_combn,NHB,1999-2004,6,WTMEC.COMBN,age+gender,educ_level,hcb,853,6233836.84673898,34,gaussian (identity),Less than 9th grade,0.0050249578747842,0.0135789295254261,0.714125596037819,-0.0215897439950509,0.0316396597446193,0.552745414239746,0.698619827605474,59,352938.866267333
racethn_combn,Mexican-American,1999-2004,6,WTMEC.COMBN,age+gender,educ_level,hcb,1088,4518560.057195,30,gaussian (identity),College graduate or above (Intercept),0.0547554658055465,0.0175585898478434,0.0046757707278268,0.0203406297037735,0.0891703019073195,2.94973953318829,0.0408451335405532,43,247144.696231333
racethn_combn,Mexican-American,1999-2004,6,WTMEC.COMBN,age+gender,educ_level,hcb,1088,4518560.057195,30,gaussian (identity),Some college or AA degree,0.0344619732692575,0.0171774192957374,0.0562267724165558,0.000794231449612076,0.0681297150889029,2.94973953318829,0.0408451335405532,188,864342.114756333
racethn_combn,Mexican-American,1999-2004,6,WTMEC.COMBN,age+gender,educ_level,hcb,1088,4518560.057195,30,gaussian (identity),HS graduate or GED,0.0305968583223677,0.0127388769300724,0.0244108608879195,0.00562865953942577,0.0555650571053095,2.94973953318829,0.0408451335405532,209,960275.41978
racethn_combn,Mexican-American,1999-2004,6,WTMEC.COMBN,age+gender,educ_level,hcb,1088,4518560.057195,30,gaussian (identity),9-11th grade,0.0580082942371023,0.0196032721461089,0.00683743896087272,0.019585880830729,0.0964307076434756,2.94973953318829,0.0408451335405532,264,1151657.96738667
racethn_combn,Mexican-American,1999-2004,6,WTMEC.COMBN,age+gender,educ_level,hcb,1088,4518560.057195,30,gaussian (identity),Less than 9th grade,0.044671065206624,0.0170470519817669,0.0149936960841762,0.0112588433223608,0.0780832870908871,2.94973953318829,0.0408451335405532,384,1295139.85904067
racethn_combn,Other/Multi-Racial/NHAsian,1999-2004,6,WTMEC.COMBN,age+gender,educ_level,hcb,182,3212994.03191697,25,gaussian (identity),College graduate or above (Intercept),0.0802253677297916,0.0178045493775123,0.000241928667860192,0.0453284509498675,0.115122284509716,0.685342457789838,0.610847365825153,41,840052.552644333
racethn_combn,Other/Multi-Racial/NHAsian,1999-2004,6,WTMEC.COMBN,age+gender,educ_level,hcb,182,3212994.03191697,25,gaussian (identity),Some college or AA degree,0.0115016047105025,0.0131441499771093,0.392481800947832,-0.0142609292446317,0.0372641386656367,0.685342457789838,0.610847365825153,55,942195.247827038
racethn_combn,Other/Multi-Racial/NHAsian,1999-2004,6,WTMEC.COMBN,age+gender,educ_level,hcb,182,3212994.03191697,25,gaussian (identity),HS graduate or GED,0.030812852805387,0.0221497446669918,0.180267465347511,-0.012600646741917,0.074226352352691,0.685342457789838,0.610847365825153,42,725087.152037436
racethn_combn,Other/Multi-Racial/NHAsian,1999-2004,6,WTMEC.COMBN,age+gender,educ_level,hcb,182,3212994.03191697,25,gaussian (identity),9-11th grade,0.0318865330294573,0.02206570231056,0.164729288701537,-0.0113622434992404,0.0751353095581549,0.685342457789838,0.610847365825153,28,451987.715785832
racethn_combn,Other/Multi-Racial/NHAsian,1999-2004,6,WTMEC.COMBN,age+gender,educ_level,hcb,182,3212994.03191697,25,gaussian (identity),Less than 9th grade,0.0328139120949373,0.0324783238865375,0.325030295376493,-0.0308436027226761,0.0964714269125507,0.685342457789838,0.610847365825153,16,253671.363622333
racethn_combn,Other Hispanic,1999-2004,6,WTMEC.COMBN,age+gender,educ_level,hcb,184,3093864.37348867,17,gaussian (identity),College graduate or above (Intercept),0.107093953015888,0.0437427154951909,0.0323449179946811,0.021358230645314,0.192829675386463,1.85743659414059,0.18827382063828,18,350127.824299333
racethn_combn,Other Hispanic,1999-2004,6,WTMEC.COMBN,age+gender,educ_level,hcb,184,3093864.37348867,17,gaussian (identity),Some college or AA degree,0.0415670676581786,0.0364054559282338,0.277790743909384,-0.0297876259611598,0.112921761277517,1.85743659414059,0.18827382063828,52,1079850.334854
racethn_combn,Other Hispanic,1999-2004,6,WTMEC.COMBN,age+gender,educ_level,hcb,184,3093864.37348867,17,gaussian (identity),HS graduate or GED,0.0661889824040723,0.0741033693616694,0.390873777804246,-0.0790536215447996,0.211431586352944,1.85743659414059,0.18827382063828,27,522587.240927333
racethn_combn,Other Hispanic,1999-2004,6,WTMEC.COMBN,age+gender,educ_level,hcb,184,3093864.37348867,17,gaussian (identity),9-11th grade,0.0386075065301107,0.0211736657186001,0.0955103733468282,-0.00289287827834545,0.0801078913385668,1.85743659414059,0.18827382063828,48,685799.659766333
racethn_combn,Other Hispanic,1999-2004,6,WTMEC.COMBN,age+gender,educ_level,hcb,184,3093864.37348867,17,gaussian (identity),Less than 9th grade,-0.0134135523652789,0.0271378651068416,0.630834672907871,-0.0666037679746884,0.0397766632441306,1.85743659414059,0.18827382063828,39,455499.313641667
racethn_combn,NHW,1999-2004,6,WTMEC.COMBN,age+gender,educ_level,hcb_adj,2165,42596919.3470303,42,gaussian (identity),College graduate or above (Intercept),17.2818823286683,1.43279192432923,3.31394208142655e-14,14.473610156983,20.0901545003536,0.805475753629948,0.529832868629697,518,11268143.717115
racethn_combn,NHW,1999-2004,6,WTMEC.COMBN,age+gender,educ_level,hcb_adj,2165,42596919.3470303,42,gaussian (identity),Some college or AA degree,1.53284179839108,1.10296433290453,0.17314075471357,-0.628968294101806,3.69465189088396,0.805475753629948,0.529832868629697,666,13906827.3788513
racethn_combn,NHW,1999-2004,6,WTMEC.COMBN,age+gender,educ_level,hcb_adj,2165,42596919.3470303,42,gaussian (identity),HS graduate or GED,1.35097221873784,1.4413807370618,0.354862141068204,-1.47413402590328,4.17607846337896,0.805475753629948,0.529832868629697,574,11253826.9726033
racethn_combn,NHW,1999-2004,6,WTMEC.COMBN,age+gender,educ_level,hcb_adj,2165,42596919.3470303,42,gaussian (identity),9-11th grade,1.81872150065204,1.47178184296618,0.224562975950247,-1.06597091156168,4.70341391286575,0.805475753629948,0.529832868629697,276,4535062.73139333
racethn_combn,NHW,1999-2004,6,WTMEC.COMBN,age+gender,educ_level,hcb_adj,2165,42596919.3470303,42,gaussian (identity),Less than 9th grade,3.58473006529251,2.36553793476001,0.138403860321385,-1.05172428683711,8.22118441742212,0.805475753629948,0.529832868629697,131,1633058.54706733
racethn_combn,NHB,1999-2004,6,WTMEC.COMBN,age+gender,educ_level,hcb_adj,853,6233836.84673898,34,gaussian (identity),College graduate or above (Intercept),21.2808499554471,2.81099154138333,3.01986111063006e-08,15.7713065343358,26.7903933765585,0.676199052547759,0.61413748469913,96,816237.935143
racethn_combn,NHB,1999-2004,6,WTMEC.COMBN,age+gender,educ_level,hcb_adj,853,6233836.84673898,34,gaussian (identity),Some college or AA degree,-0.649968709962302,1.64959808428373,0.696553745593533,-3.88318095515841,2.58324353523381,0.676199052547759,0.61413748469913,223,1855594.03128206
racethn_combn,NHB,1999-2004,6,WTMEC.COMBN,age+gender,educ_level,hcb_adj,853,6233836.84673898,34,gaussian (identity),HS graduate or GED,-0.2441648617934,1.96625820953204,0.902061986749121,-4.09803095247621,3.6097012288894,0.676199052547759,0.61413748469913,193,1406996.23970397
racethn_combn,NHB,1999-2004,6,WTMEC.COMBN,age+gender,educ_level,hcb_adj,853,6233836.84673898,34,gaussian (identity),9-11th grade,0.597034208850666,1.93162345825954,0.759545779799809,-3.18894776933804,4.38301618703937,0.676199052547759,0.61413748469913,282,1802069.77434261
racethn_combn,NHB,1999-2004,6,WTMEC.COMBN,age+gender,educ_level,hcb_adj,853,6233836.84673898,34,gaussian (identity),Less than 9th grade,2.54639487776963,2.4709936273691,0.311588425628669,-2.2967526318738,7.38954238741306,0.676199052547759,0.61413748469913,59,352938.866267333
racethn_combn,Mexican-American,1999-2004,6,WTMEC.COMBN,age+gender,educ_level,hcb_adj,1088,4518560.057195,30,gaussian (identity),College graduate or above (Intercept),15.4478012323573,2.42297637991774,1.36327053792312e-06,10.6987675277185,20.1968349369961,2.19897179737056,0.0995064406547822,43,247144.696231333
racethn_combn,Mexican-American,1999-2004,6,WTMEC.COMBN,age+gender,educ_level,hcb_adj,1088,4518560.057195,30,gaussian (identity),Some college or AA degree,4.87335413405717,3.28141793819717,0.150525225414429,-1.55822502480928,11.3049332929236,2.19897179737056,0.0995064406547822,188,864342.114756333
racethn_combn,Mexican-American,1999-2004,6,WTMEC.COMBN,age+gender,educ_level,hcb_adj,1088,4518560.057195,30,gaussian (identity),HS graduate or GED,5.04204837427117,2.19628360568453,0.0307311072345148,0.737332507129502,9.34676424141285,2.19897179737056,0.0995064406547822,209,960275.41978
racethn_combn,Mexican-American,1999-2004,6,WTMEC.COMBN,age+gender,educ_level,hcb_adj,1088,4518560.057195,30,gaussian (identity),9-11th grade,9.56061149695522,3.62559438306702,0.0144418171359523,2.45444650614386,16.6667764877666,2.19897179737056,0.0995064406547822,264,1151657.96738667
racethn_combn,Mexican-American,1999-2004,6,WTMEC.COMBN,age+gender,educ_level,hcb_adj,1088,4518560.057195,30,gaussian (identity),Less than 9th grade,6.23873690115733,2.63220984274878,0.026160573348004,1.07960560936973,11.3978681929449,2.19897179737056,0.0995064406547822,384,1295139.85904067
racethn_combn,Other/Multi-Racial/NHAsian,1999-2004,6,WTMEC.COMBN,age+gender,educ_level,hcb_adj,182,3212994.03191697,25,gaussian (identity),College graduate or above (Intercept),18.4139970264143,3.37350918422889,2.88562963195758e-05,11.8019190253256,25.0260750275029,0.838611422695187,0.517620144762584,41,840052.552644333
racethn_combn,Other/Multi-Racial/NHAsian,1999-2004,6,WTMEC.COMBN,age+gender,educ_level,hcb_adj,182,3212994.03191697,25,gaussian (identity),Some college or AA degree,0.843129098660298,2.53333273787374,0.742918720320895,-4.12220306757223,5.80846126489283,0.838611422695187,0.517620144762584,55,942195.247827038
racethn_combn,Other/Multi-Racial/NHAsian,1999-2004,6,WTMEC.COMBN,age+gender,educ_level,hcb_adj,182,3212994.03191697,25,gaussian (identity),HS graduate or GED,5.02368501391177,3.75627060280928,0.19687903710675,-2.33860536759441,12.385975395418,0.838611422695187,0.517620144762584,42,725087.152037436
racethn_combn,Other/Multi-Racial/NHAsian,1999-2004,6,WTMEC.COMBN,age+gender,educ_level,hcb_adj,182,3212994.03191697,25,gaussian (identity),9-11th grade,7.35990809802349,5.69547357329594,0.211771143795734,-3.80322010563654,18.5230363016835,0.838611422695187,0.517620144762584,28,451987.715785832
racethn_combn,Other/Multi-Racial/NHAsian,1999-2004,6,WTMEC.COMBN,age+gender,educ_level,hcb_adj,182,3212994.03191697,25,gaussian (identity),Less than 9th grade,9.60559877983078,5.74649073460222,0.111000237600097,-1.65752305998957,20.8687206196511,0.838611422695187,0.517620144762584,16,253671.363622333
racethn_combn,Other Hispanic,1999-2004,6,WTMEC.COMBN,age+gender,educ_level,hcb_adj,184,3093864.37348867,17,gaussian (identity),College graduate or above (Intercept),30.4359876859352,5.91029800159735,0.00031841478376193,18.8518036028044,42.020171769066,1.99950214466703,0.164175580411138,18,350127.824299333
racethn_combn,Other Hispanic,1999-2004,6,WTMEC.COMBN,age+gender,educ_level,hcb_adj,184,3093864.37348867,17,gaussian (identity),Some college or AA degree,4.17212883036104,5.84992074276236,0.490579617930831,-7.29371582545318,15.6379734861753,1.99950214466703,0.164175580411138,52,1079850.334854
racethn_combn,Other Hispanic,1999-2004,6,WTMEC.COMBN,age+gender,educ_level,hcb_adj,184,3093864.37348867,17,gaussian (identity),HS graduate or GED,0.647543235526324,5.95877108092434,0.915420741693561,-11.0316480830854,12.326734554138,1.99950214466703,0.164175580411138,27,522587.240927333
racethn_combn,Other Hispanic,1999-2004,6,WTMEC.COMBN,age+gender,educ_level,hcb_adj,184,3093864.37348867,17,gaussian (identity),9-11th grade,7.53260282584233,3.87766905518613,0.0781006649100652,-0.0676285223224804,15.1328341740071,1.99950214466703,0.164175580411138,48,685799.659766333
racethn_combn,Other Hispanic,1999-2004,6,WTMEC.COMBN,age+gender,educ_level,hcb_adj,184,3093864.37348867,17,gaussian (identity),Less than 9th grade,-0.677752824336446,4.63504349837137,0.886390148190522,-9.76243808114433,8.40693243247144,1.99950214466703,0.164175580411138,39,455499.313641667
racethn_combn,NHB,1999-2004,6,WTMEC.COMBN,age+gender,educ_level,hepox,819,5805572.06783714,32,gaussian (identity),College graduate or above (Intercept),-0.00812562462451874,0.00738454956408922,0.281261313794566,-0.0225993417701336,0.00634809252109613,0.999808846551015,0.425469152887448,97,791114.879503
racethn_combn,NHB,1999-2004,6,WTMEC.COMBN,age+gender,educ_level,hepox,819,5805572.06783714,32,gaussian (identity),Some college or AA degree,-0.00246150083261604,0.00499774712524633,0.62648388673953,-0.0122570851980988,0.00733408353286677,0.999808846551015,0.425469152887448,214,1727235.52138306
racethn_combn,NHB,1999-2004,6,WTMEC.COMBN,age+gender,educ_level,hepox,819,5805572.06783714,32,gaussian (identity),HS graduate or GED,-0.00118839067888236,0.00552538021800572,0.831384264402411,-0.0120181359061736,0.00964135454840885,0.999808846551015,0.425469152887448,187,1358379.62519947
racethn_combn,NHB,1999-2004,6,WTMEC.COMBN,age+gender,educ_level,hepox,819,5805572.06783714,32,gaussian (identity),9-11th grade,0.00605510834613516,0.00590946566213611,0.314969789049119,-0.00552744435165162,0.0176376610439219,0.999808846551015,0.425469152887448,264,1594640.94882095
racethn_combn,NHB,1999-2004,6,WTMEC.COMBN,age+gender,educ_level,hepox,819,5805572.06783714,32,gaussian (identity),Less than 9th grade,-0.00613890645888317,0.00835605935446155,0.46911822057773,-0.0225167827936278,0.0102389698758615,0.999808846551015,0.425469152887448,57,334201.092930667
racethn_combn,Mexican-American,1999-2004,6,WTMEC.COMBN,age+gender,educ_level,hepox,1083,4456685.29437967,29,gaussian (identity),College graduate or above (Intercept),-0.0260890605687033,0.0201854539415418,0.209029537200591,-0.0656525502941253,0.0134744291567187,0.942164604579856,0.457410936660479,42,243450.667217333
racethn_combn,Mexican-American,1999-2004,6,WTMEC.COMBN,age+gender,educ_level,hepox,1083,4456685.29437967,29,gaussian (identity),Some college or AA degree,0.00767276184323016,0.00589240507476655,0.2057570759746,-0.00387635210331228,0.0192218757897726,0.942164604579856,0.457410936660479,190,862254.825960667
racethn_combn,Mexican-American,1999-2004,6,WTMEC.COMBN,age+gender,educ_level,hepox,1083,4456685.29437967,29,gaussian (identity),HS graduate or GED,0.0133342270301129,0.00941752622136122,0.170206601007702,-0.00512412436375509,0.0317925784239809,0.942164604579856,0.457410936660479,207,958732.816332667
racethn_combn,Mexican-American,1999-2004,6,WTMEC.COMBN,age+gender,educ_level,hepox,1083,4456685.29437967,29,gaussian (identity),9-11th grade,0.0172827896320664,0.0101704126682806,0.102746331942079,-0.00265121919776357,0.0372167984618963,0.942164604579856,0.457410936660479,267,1147869.77737467
racethn_combn,Mexican-American,1999-2004,6,WTMEC.COMBN,age+gender,educ_level,hepox,1083,4456685.29437967,29,gaussian (identity),Less than 9th grade,0.0250973427260826,0.0130248532686161,0.0664374571410337,-0.000431369680404914,0.05062605513257,0.942164604579856,0.457410936660479,377,1244377.20749433
racethn_combn,NHW,1999-2004,6,WTMEC.COMBN,age+gender,educ_level,hepox,2056,39919752.5055057,42,gaussian (identity),College graduate or above (Intercept),-0.0180840584796583,0.00783247065229331,0.0268029292916087,-0.0334357009581532,-0.00273241600116343,1.78002348170199,0.154255950998297,472,10325280.9480777
racethn_combn,NHW,1999-2004,6,WTMEC.COMBN,age+gender,educ_level,hepox,2056,39919752.5055057,42,gaussian (identity),Some college or AA degree,0.00403679013406018,0.00441663602518504,0.36679993397984,-0.00461981647530251,0.0126933967434229,1.78002348170199,0.154255950998297,630,12945455.0959787
racethn_combn,NHW,1999-2004,6,WTMEC.COMBN,age+gender,educ_level,hepox,2056,39919752.5055057,42,gaussian (identity),HS graduate or GED,0.00898065866803638,0.00536283233837411,0.102677850696282,-0.00153049271517687,0.0194918100512496,1.78002348170199,0.154255950998297,562,10902011.122864
racethn_combn,NHW,1999-2004,6,WTMEC.COMBN,age+gender,educ_level,hepox,2056,39919752.5055057,42,gaussian (identity),9-11th grade,0.0124719937361957,0.00789150406846779,0.122755154652003,-0.00299535423800119,0.0279393417103925,1.78002348170199,0.154255950998297,264,4238434.82712267
racethn_combn,NHW,1999-2004,6,WTMEC.COMBN,age+gender,educ_level,hepox,2056,39919752.5055057,42,gaussian (identity),Less than 9th grade,0.0467733856388981,0.0335536282337326,0.171866327889643,-0.0189917256992179,0.112538496977014,1.78002348170199,0.154255950998297,128,1508570.51146267
racethn_combn,Other/Multi-Racial/NHAsian,1999-2004,6,WTMEC.COMBN,age+gender,educ_level,hepox,170,2992531.72796631,24,gaussian (identity),College graduate or above (Intercept),0.0156309020111604,0.0133675821021041,0.257529092937723,-0.0105695589089636,0.0418313629312843,1.92651242747563,0.149657744815241,41,854940.126649667
racethn_combn,Other/Multi-Racial/NHAsian,1999-2004,6,WTMEC.COMBN,age+gender,educ_level,hepox,170,2992531.72796631,24,gaussian (identity),Some college or AA degree,0.0140847891807134,0.0126946022879076,0.281813874769603,-0.0107966313035854,0.0389662096650123,1.92651242747563,0.149657744815241,50,840735.321895038
racethn_combn,Other/Multi-Racial/NHAsian,1999-2004,6,WTMEC.COMBN,age+gender,educ_level,hepox,170,2992531.72796631,24,gaussian (identity),HS graduate or GED,-0.00490661483925846,0.00840918009501627,0.566808131056102,-0.0213886078254904,0.0115753781469734,1.92651242747563,0.149657744815241,41,693636.478660103
racethn_combn,Other/Multi-Racial/NHAsian,1999-2004,6,WTMEC.COMBN,age+gender,educ_level,hepox,170,2992531.72796631,24,gaussian (identity),9-11th grade,0.00764398171661273,0.0135482382717957,0.579577787594779,-0.0189105652961069,0.0341985287293323,1.92651242747563,0.149657744815241,24,396556.784373832
racethn_combn,Other/Multi-Racial/NHAsian,1999-2004,6,WTMEC.COMBN,age+gender,educ_level,hepox,170,2992531.72796631,24,gaussian (identity),Less than 9th grade,-0.0118225684278741,0.0122471981591281,0.347171747285861,-0.0358270768197652,0.0121819399640169,1.92651242747563,0.149657744815241,14,206663.016387667
racethn_combn,Other Hispanic,1999-2004,6,WTMEC.COMBN,age+gender,educ_level,hepox,174,2658601.67089067,16,gaussian (identity),College graduate or above (Intercept),-0.00258049069457001,0.0160657586311187,0.87559066293203,-0.0340693776115626,0.0289083962224226,8.84024519924953,0.00255024997905832,14,221583.070118
racethn_combn,Other Hispanic,1999-2004,6,WTMEC.COMBN,age+gender,educ_level,hepox,174,2658601.67089067,16,gaussian (identity),Some college or AA degree,0.0113248729834845,0.00848078472517468,0.211358710600184,-0.0052974650778579,0.0279472110448268,8.84024519924953,0.00255024997905832,50,967828.825087333
racethn_combn,Other Hispanic,1999-2004,6,WTMEC.COMBN,age+gender,educ_level,hepox,174,2658601.67089067,16,gaussian (identity),HS graduate or GED,-0.0111701290866269,0.00877791812211792,0.231977179543762,-0.028374848605978,0.00603459043272424,8.84024519924953,0.00255024997905832,27,489891.789766667
racethn_combn,Other Hispanic,1999-2004,6,WTMEC.COMBN,age+gender,educ_level,hepox,174,2658601.67089067,16,gaussian (identity),9-11th grade,-0.00330331321598782,0.00808350282153459,0.691411118920661,-0.0191469787461956,0.01254035231422,8.84024519924953,0.00255024997905832,45,555152.305115
racethn_combn,Other Hispanic,1999-2004,6,WTMEC.COMBN,age+gender,educ_level,hepox,174,2658601.67089067,16,gaussian (identity),Less than 9th grade,0.0114270792099945,0.0164216283204098,0.502370558315568,-0.0207593122980088,0.0436134707179977,8.84024519924953,0.00255024997905832,38,424145.680803667
racethn_combn,NHW,1999-2004,6,WTSPO.COMBN,age+gender,educ_level,pcb180,2229,135976776.798515,43,gaussian (identity),College graduate or above (Intercept),-0.153773014395801,0.0137767740851565,2.11078422862087e-13,-0.180775491602707,-0.126770537188894,1.01682927823189,0.411320639593962,559,37768201.7996084
racethn_combn,NHW,1999-2004,6,WTSPO.COMBN,age+gender,educ_level,pcb180,2229,135976776.798515,43,gaussian (identity),Some college or AA degree,0.00455477878740106,0.00914234772655533,0.62128700263643,-0.0133642227566474,0.0224737803314495,1.01682927823189,0.411320639593962,649,42262219.9059199
racethn_combn,NHW,1999-2004,6,WTSPO.COMBN,age+gender,educ_level,pcb180,2229,135976776.798515,43,gaussian (identity),HS graduate or GED,0.00199950074036701,0.0103708161377769,0.848169453552442,-0.0183272988896757,0.0223263003704097,1.01682927823189,0.411320639593962,598,36026865.6911988
racethn_combn,NHW,1999-2004,6,WTSPO.COMBN,age+gender,educ_level,pcb180,2229,135976776.798515,43,gaussian (identity),9-11th grade,0.00673943818062694,0.0187759130625952,0.721679742332731,-0.0300613514220596,0.0435402277833135,1.01682927823189,0.411320639593962,289,14833161.7263019
racethn_combn,NHW,1999-2004,6,WTSPO.COMBN,age+gender,educ_level,pcb180,2229,135976776.798515,43,gaussian (identity),Less than 9th grade,0.049630639596455,0.0257640399978647,0.0617687103347928,-0.000866878799359858,0.10012815799227,1.01682927823189,0.411320639593962,134,5086327.67548638
racethn_combn,NHB,1999-2004,6,WTSPO.COMBN,age+gender,educ_level,pcb180,871,20388704.897293,34,gaussian (identity),College graduate or above (Intercept),-0.322293557931174,0.0323976105742024,1.07959169418369e-10,-0.385792874656611,-0.258794241205737,6.10333403067488,0.00115958356587763,99,2629067.08252734
racethn_combn,NHB,1999-2004,6,WTSPO.COMBN,age+gender,educ_level,pcb180,871,20388704.897293,34,gaussian (identity),Some college or AA degree,0.0405938007986999,0.0173494539379406,0.0266536439343994,0.00658887108033637,0.0745987305170634,6.10333403067488,0.00115958356587763,233,6172537.56210288
racethn_combn,NHB,1999-2004,6,WTSPO.COMBN,age+gender,educ_level,pcb180,871,20388704.897293,34,gaussian (identity),HS graduate or GED,0.0522513642153154,0.0174197990296261,0.00562381107164194,0.0181085581172482,0.0863941703133826,6.10333403067488,0.00115958356587763,197,4622167.24342695
racethn_combn,NHB,1999-2004,6,WTSPO.COMBN,age+gender,educ_level,pcb180,871,20388704.897293,34,gaussian (identity),9-11th grade,0.109528687134701,0.0319003392828258,0.00187339919099715,0.0470040221403626,0.17205335212904,6.10333403067488,0.00115958356587763,288,5912107.90784389
racethn_combn,NHB,1999-2004,6,WTSPO.COMBN,age+gender,educ_level,pcb180,871,20388704.897293,34,gaussian (identity),Less than 9th grade,0.24406091653919,0.0646632812045612,0.000766959721551899,0.11732088537825,0.37080094770013,6.10333403067488,0.00115958356587763,54,1052825.10139199
racethn_combn,Mexican-American,1999-2004,6,WTSPO.COMBN,age+gender,educ_level,pcb180,1086,14190589.442494,28,gaussian (identity),College graduate or above (Intercept),-0.152256402987438,0.0196677701052508,1.01408307904997e-07,-0.190805232393729,-0.113707573581146,5.48746111217014,0.00321079449403119,37,665036.063354652
racethn_combn,Mexican-American,1999-2004,6,WTSPO.COMBN,age+gender,educ_level,pcb180,1086,14190589.442494,28,gaussian (identity),Some college or AA degree,0.0300242718704524,0.0158061990579367,0.0706847888383528,-0.00095587828310352,0.0610044220240083,5.48746111217014,0.00321079449403119,207,3305505.47099214
racethn_combn,Mexican-American,1999-2004,6,WTSPO.COMBN,age+gender,educ_level,pcb180,1086,14190589.442494,28,gaussian (identity),HS graduate or GED,0.0220617656672144,0.0138284801624451,0.124892107521119,-0.00504205545117802,0.0491655867856068,5.48746111217014,0.00321079449403119,193,2688161.10712728
racethn_combn,Mexican-American,1999-2004,6,WTSPO.COMBN,age+gender,educ_level,pcb180,1086,14190589.442494,28,gaussian (identity),9-11th grade,0.0262430214222062,0.0134962911089334,0.0647353435943761,-0.00020970915130333,0.0526957519957157,5.48746111217014,0.00321079449403119,268,3510445.93458003
racethn_combn,Mexican-American,1999-2004,6,WTSPO.COMBN,age+gender,educ_level,pcb180,1086,14190589.442494,28,gaussian (identity),Less than 9th grade,-0.019125085943671,0.0117733232847237,0.118523604015783,-0.0422007995817295,0.00395062769438748,5.48746111217014,0.00321079449403119,381,4021440.86643992
racethn_combn,Other/Multi-Racial/NHAsian,1999-2004,6,WTSPO.COMBN,age+gender,educ_level,pcb180,184,10492398.4302358,24,gaussian (identity),College graduate or above (Intercept),-0.138593512753249,0.0364596763951515,0.00130764902532828,-0.210054478487745,-0.0671325470187516,2.48039027801419,0.0807311314173975,45,2899689.27794893
racethn_combn,Other/Multi-Racial/NHAsian,1999-2004,6,WTSPO.COMBN,age+gender,educ_level,pcb180,184,10492398.4302358,24,gaussian (identity),Some college or AA degree,0.0717299675055878,0.0314366992808836,0.0348933299370721,0.010114036915056,0.13334589809612,2.48039027801419,0.0807311314173975,49,2795603.51881905
racethn_combn,Other/Multi-Racial/NHAsian,1999-2004,6,WTSPO.COMBN,age+gender,educ_level,pcb180,184,10492398.4302358,24,gaussian (identity),HS graduate or GED,0.0226897505027275,0.0309975624149826,0.473601361475823,-0.0380654718306384,0.0834449728360935,2.48039027801419,0.0807311314173975,41,2172878.04800879
racethn_combn,Other/Multi-Racial/NHAsian,1999-2004,6,WTSPO.COMBN,age+gender,educ_level,pcb180,184,10492398.4302358,24,gaussian (identity),9-11th grade,0.0650010083588309,0.0391116533530752,0.113842061704694,-0.0116578322131965,0.141659848930858,2.48039027801419,0.0807311314173975,29,1513806.76273274
racethn_combn,Other/Multi-Racial/NHAsian,1999-2004,6,WTSPO.COMBN,age+gender,educ_level,pcb180,184,10492398.4302358,24,gaussian (identity),Less than 9th grade,-0.00222420035421928,0.0492984221556133,0.96451076194216,-0.0988491077792214,0.0944007070707828,2.48039027801419,0.0807311314173975,20,1110420.82272631
racethn_combn,Other Hispanic,1999-2004,6,WTSPO.COMBN,age+gender,educ_level,pcb180,208,10575246.3372689,18,gaussian (identity),College graduate or above (Intercept),-0.185331191685716,0.0459544179507011,0.00166042051507557,-0.27540185086909,-0.0952605325023414,0.611689265127399,0.662209045766485,25,1433391.89945637
racethn_combn,Other Hispanic,1999-2004,6,WTSPO.COMBN,age+gender,educ_level,pcb180,208,10575246.3372689,18,gaussian (identity),Some college or AA degree,0.0550966530004245,0.041253398541065,0.2064710878299,-0.0257600081400629,0.135953314140912,0.611689265127399,0.662209045766485,61,3622380.93593368
racethn_combn,Other Hispanic,1999-2004,6,WTSPO.COMBN,age+gender,educ_level,pcb180,208,10575246.3372689,18,gaussian (identity),HS graduate or GED,0.0167883489748758,0.0247573285622825,0.510562724380779,-0.0317360150071978,0.0653127129569494,0.611689265127399,0.662209045766485,30,1672331.39402637
racethn_combn,Other Hispanic,1999-2004,6,WTSPO.COMBN,age+gender,educ_level,pcb180,208,10575246.3372689,18,gaussian (identity),9-11th grade,0.00746339801105689,0.0243370744342608,0.764352269172967,-0.0402372678800942,0.055164063902208,0.611689265127399,0.662209045766485,49,2211538.75620376
racethn_combn,Other Hispanic,1999-2004,6,WTSPO.COMBN,age+gender,educ_level,pcb180,208,10575246.3372689,18,gaussian (identity),Less than 9th grade,-0.0104283966708703,0.0308539344347237,0.741208405346518,-0.0709021081629288,0.0500453148211882,0.611689265127399,0.662209045766485,43,1635603.35164874
racethn_combn,NHW,1999-2004,6,WTSPO.COMBN,age+gender,educ_level,pcbdiox,2014,124162521.552938,43,gaussian (identity),College graduate or above (Intercept),-8.8509662250755,1.95840609931015,6.15629375170647e-05,-12.6894421797234,-5.0124902704276,4.89330575394261,0.00286879100164771,522,35362386.2126102
racethn_combn,NHW,1999-2004,6,WTSPO.COMBN,age+gender,educ_level,pcbdiox,2014,124162521.552938,43,gaussian (identity),Some college or AA degree,4.33515722411173,1.28924158372041,0.0018061650065854,1.80824372001974,6.86207072820372,4.89330575394261,0.00286879100164771,576,37925632.7955022
racethn_combn,NHW,1999-2004,6,WTSPO.COMBN,age+gender,educ_level,pcbdiox,2014,124162521.552938,43,gaussian (identity),HS graduate or GED,5.38234045575652,2.11256015022591,0.015127854043315,1.24172256131373,9.52295835019931,4.89330575394261,0.00286879100164771,548,33291326.7054841
racethn_combn,NHW,1999-2004,6,WTSPO.COMBN,age+gender,educ_level,pcbdiox,2014,124162521.552938,43,gaussian (identity),9-11th grade,7.38950733449187,3.29834824319264,0.0311575113578513,0.924744777834301,13.8542698911494,4.89330575394261,0.00286879100164771,241,12561425.5373717
racethn_combn,NHW,1999-2004,6,WTSPO.COMBN,age+gender,educ_level,pcbdiox,2014,124162521.552938,43,gaussian (identity),Less than 9th grade,13.3740616037963,5.23810990907795,0.014929092085271,3.10736618200354,23.6407570255891,4.89330575394261,0.00286879100164771,127,5021750.30196996
racethn_combn,NHB,1999-2004,6,WTSPO.COMBN,age+gender,educ_level,pcbdiox,748,18373464.8092539,33,gaussian (identity),College graduate or above (Intercept),-17.9462240654934,5.35511824444617,0.00238935914637638,-28.4422558246079,-7.45019230637894,3.2115553286393,0.0279722525266897,89,2335778.02830988
racethn_combn,NHB,1999-2004,6,WTSPO.COMBN,age+gender,educ_level,pcbdiox,748,18373464.8092539,33,gaussian (identity),Some college or AA degree,5.96944862599515,3.44989530454202,0.0949881977813724,-0.792346170907205,12.7312434228975,3.2115553286393,0.0279722525266897,199,5420220.0673007
racethn_combn,NHB,1999-2004,6,WTSPO.COMBN,age+gender,educ_level,pcbdiox,748,18373464.8092539,33,gaussian (identity),HS graduate or GED,7.00795825825524,3.14464752138272,0.034365188276057,0.844449116345109,13.1714674001654,3.2115553286393,0.0279722525266897,161,4122153.5659512
racethn_combn,NHB,1999-2004,6,WTSPO.COMBN,age+gender,educ_level,pcbdiox,748,18373464.8092539,33,gaussian (identity),9-11th grade,12.2745603933419,4.64599097728228,0.0135444976351881,3.16841807786866,21.3807027088152,3.2115553286393,0.0279722525266897,248,5501866.4191031
racethn_combn,NHB,1999-2004,6,WTSPO.COMBN,age+gender,educ_level,pcbdiox,748,18373464.8092539,33,gaussian (identity),Less than 9th grade,23.0414490844694,8.54146690794184,0.0118884971829433,6.30017394490344,39.7827242240354,3.2115553286393,0.0279722525266897,51,993446.728589026
racethn_combn,Mexican-American,1999-2004,6,WTSPO.COMBN,age+gender,educ_level,pcbdiox,961,12902835.6267035,26,gaussian (identity),College graduate or above (Intercept),-4.6553995043961,4.5278322349766,0.31614303938573,-13.5299506849502,4.21915167615803,3.75267580789595,0.0195676562260065,34,608142.921315588
racethn_combn,Mexican-American,1999-2004,6,WTSPO.COMBN,age+gender,educ_level,pcbdiox,961,12902835.6267035,26,gaussian (identity),Some college or AA degree,-2.61418452726576,5.19577444622918,0.620364250779111,-12.797902441875,7.56953338734343,3.75267580789595,0.0195676562260065,172,2895025.84181645
racethn_combn,Mexican-American,1999-2004,6,WTSPO.COMBN,age+gender,educ_level,pcbdiox,961,12902835.6267035,26,gaussian (identity),HS graduate or GED,-2.07606847374603,4.88436386780482,0.675342819734009,-11.6494216546435,7.49728470715142,3.75267580789595,0.0195676562260065,165,2379944.78591929
racethn_combn,Mexican-American,1999-2004,6,WTSPO.COMBN,age+gender,educ_level,pcbdiox,961,12902835.6267035,26,gaussian (identity),9-11th grade,-0.86174114957937,5.0173064067828,0.865357099688773,-10.6956617068736,8.97217940771491,3.75267580789595,0.0195676562260065,232,3276272.88183761
racethn_combn,Mexican-American,1999-2004,6,WTSPO.COMBN,age+gender,educ_level,pcbdiox,961,12902835.6267035,26,gaussian (identity),Less than 9th grade,-7.1312824544009,4.79323367568994,0.1524064280814,-16.5260204587532,2.26345554995138,3.75267580789595,0.0195676562260065,358,3743449.1958146
racethn_combn,Other/Multi-Racial/NHAsian,1999-2004,6,WTSPO.COMBN,age+gender,educ_level,pcbdiox,160,9319316.42297323,20,gaussian (identity),College graduate or above (Intercept),6.06183757449652,5.74101794770619,0.3089032594632,-5.19055760300761,17.3142327520006,1.06292067486771,0.410994478409547,37,2351981.31225862
racethn_combn,Other/Multi-Racial/NHAsian,1999-2004,6,WTSPO.COMBN,age+gender,educ_level,pcbdiox,160,9319316.42297323,20,gaussian (identity),Some college or AA degree,0.512114774920872,5.21927905217313,0.923228120049935,-9.71767216733846,10.7419017171802,1.06292067486771,0.410994478409547,45,2653365.88281928
racethn_combn,Other/Multi-Racial/NHAsian,1999-2004,6,WTSPO.COMBN,age+gender,educ_level,pcbdiox,160,9319316.42297323,20,gaussian (identity),HS graduate or GED,6.40773083265325,5.48277050407678,0.2620391542764,-4.33849935533724,17.1539610206437,1.06292067486771,0.410994478409547,37,1979343.63884001
racethn_combn,Other/Multi-Racial/NHAsian,1999-2004,6,WTSPO.COMBN,age+gender,educ_level,pcbdiox,160,9319316.42297323,20,gaussian (identity),9-11th grade,4.66941029421888,4.82404243316473,0.349496866861091,-4.78571287478399,14.1245334632217,1.06292067486771,0.410994478409547,24,1335515.89490652
racethn_combn,Other/Multi-Racial/NHAsian,1999-2004,6,WTSPO.COMBN,age+gender,educ_level,pcbdiox,160,9319316.42297323,20,gaussian (identity),Less than 9th grade,-2.2487296514696,5.35039264896915,0.680651310964067,-12.7354992434491,8.23803994050993,1.06292067486771,0.410994478409547,17,999109.694148793
racethn_combn,Other Hispanic,1999-2004,6,WTSPO.COMBN,age+gender,educ_level,pcbdiox,195,9777633.98144664,18,gaussian (identity),College graduate or above (Intercept),-2.50184495063772,10.0642878647091,0.80788409784072,-22.2278491654676,17.2241592641921,0.961011074504108,0.463518965841313,24,1391294.27085433
racethn_combn,Other Hispanic,1999-2004,6,WTSPO.COMBN,age+gender,educ_level,pcbdiox,195,9777633.98144664,18,gaussian (identity),Some college or AA degree,9.46025795413375,7.44534190151912,0.227942567114894,-5.13261217284372,24.0531280811112,0.961011074504108,0.463518965841313,57,3358176.61508455
racethn_combn,Other Hispanic,1999-2004,6,WTSPO.COMBN,age+gender,educ_level,pcbdiox,195,9777633.98144664,18,gaussian (identity),HS graduate or GED,4.55007702940877,7.25475945020255,0.542287461747575,-9.66925149298823,18.7694055518058,0.961011074504108,0.463518965841313,28,1501936.74036724
racethn_combn,Other Hispanic,1999-2004,6,WTSPO.COMBN,age+gender,educ_level,pcbdiox,195,9777633.98144664,18,gaussian (identity),9-11th grade,0.0481982234339006,5.1678223573703,0.992711816820243,-10.0807335970119,10.1771300438797,0.961011074504108,0.463518965841313,45,2108251.1801182
racethn_combn,Other Hispanic,1999-2004,6,WTSPO.COMBN,age+gender,educ_level,pcbdiox,195,9777633.98144664,18,gaussian (identity),Less than 9th grade,4.7658083096857,5.87549219037739,0.433083073664637,-6.75015638345398,16.2817730028254,0.961011074504108,0.463518965841313,41,1417975.17502231
racethn_combn,NHB,2003-2016,14,WTSEPH.COMBN,age+gender,educ_level,u_bpa,2803,25640620.6850705,92,gaussian (identity),College graduate or above (Intercept),4.97158750427247,0.510449838177342,1.53771156930118e-15,3.97110582144488,5.97206918710006,0.361973992946564,0.83503502589052,411,4148337.02153389
racethn_combn,NHB,2003-2016,14,WTSEPH.COMBN,age+gender,educ_level,u_bpa,2803,25640620.6850705,92,gaussian (identity),Some college or AA degree,0.421682098386066,0.562716048009195,0.455679620531717,-0.681241355711955,1.52460555248409,0.361973992946564,0.83503502589052,922,8776702.48093042
racethn_combn,NHB,2003-2016,14,WTSEPH.COMBN,age+gender,educ_level,u_bpa,2803,25640620.6850705,92,gaussian (identity),HS graduate or GED,0.0506066369312968,0.597818684122878,0.932734690807932,-1.12111798394954,1.22233125781214,0.361973992946564,0.83503502589052,734,6714863.5089616
racethn_combn,NHB,2003-2016,14,WTSEPH.COMBN,age+gender,educ_level,u_bpa,2803,25640620.6850705,92,gaussian (identity),9-11th grade,0.367308685838763,0.572225806200743,0.522648889938215,-0.754253894314694,1.48887126599222,0.361973992946564,0.83503502589052,605,5047498.98300001
racethn_combn,NHB,2003-2016,14,WTSEPH.COMBN,age+gender,educ_level,u_bpa,2803,25640620.6850705,92,gaussian (identity),Less than 9th grade,0.359168925464701,0.7966938398583,0.65325082488035,-1.20235100065757,1.92068885158697,0.361973992946564,0.83503502589052,131,953218.690644615
racethn_combn,NHW,2003-2016,14,WTSEPH.COMBN,age+gender,educ_level,u_bpa,5467,150935629.102301,108,gaussian (identity),College graduate or above (Intercept),3.11498221669538,0.434108319865565,1.18713235055887e-10,2.26412990975887,3.96583452363188,4.80546590067034,0.00136269318130921,1429,47053783.9216666
racethn_combn,NHW,2003-2016,14,WTSEPH.COMBN,age+gender,educ_level,u_bpa,5467,150935629.102301,108,gaussian (identity),Some college or AA degree,1.54365838612324,0.624227980519229,0.0150545692922773,0.320171544305546,2.76714522794092,4.80546590067034,0.00136269318130921,1688,49076078.3552844
racethn_combn,NHW,2003-2016,14,WTSEPH.COMBN,age+gender,educ_level,u_bpa,5467,150935629.102301,108,gaussian (identity),HS graduate or GED,1.23260629365239,0.401754714867576,0.00275964620196811,0.445167052511937,2.02004553479284,4.80546590067034,0.00136269318130921,1403,36597245.5039884
racethn_combn,NHW,2003-2016,14,WTSEPH.COMBN,age+gender,educ_level,u_bpa,5467,150935629.102301,108,gaussian (identity),9-11th grade,0.789294722389124,0.277397192536286,0.00536245264530917,0.245596225018004,1.33299321976024,4.80546590067034,0.00136269318130921,686,14091979.8069071
racethn_combn,NHW,2003-2016,14,WTSEPH.COMBN,age+gender,educ_level,u_bpa,5467,150935629.102301,108,gaussian (identity),Less than 9th grade,1.20757496920991,0.68981988362083,0.0830274716117505,-0.144472002686916,2.55962194110674,4.80546590067034,0.00136269318130921,261,4116541.51445469
racethn_combn,Mexican-American,2003-2016,14,WTSEPH.COMBN,age+gender,educ_level,u_bpa,2140,18829028.4541399,80,gaussian (identity),College graduate or above (Intercept),4.37690682768805,2.71489154931987,0.11117887283346,-0.944280608978892,9.69809426435499,0.822032515475418,0.515262892302765,154,1681914.80662764
racethn_combn,Mexican-American,2003-2016,14,WTSEPH.COMBN,age+gender,educ_level,u_bpa,2140,18829028.4541399,80,gaussian (identity),Some college or AA degree,-1.94073666536275,2.25765818138497,0.392772764396535,-6.36574670087728,2.48427337015178,0.822032515475418,0.515262892302765,395,3842292.44179903
racethn_combn,Mexican-American,2003-2016,14,WTSEPH.COMBN,age+gender,educ_level,u_bpa,2140,18829028.4541399,80,gaussian (identity),HS graduate or GED,-1.66349242459543,2.17820041206255,0.447473954582177,-5.93276523223803,2.60578038304716,0.822032515475418,0.515262892302765,438,3977936.05475038
racethn_combn,Mexican-American,2003-2016,14,WTSEPH.COMBN,age+gender,educ_level,u_bpa,2140,18829028.4541399,80,gaussian (identity),9-11th grade,-0.693858907061065,2.32572130795174,0.766278741251148,-5.25227267064648,3.86455485652435,0.822032515475418,0.515262892302765,489,4439824.19427405
racethn_combn,Mexican-American,2003-2016,14,WTSEPH.COMBN,age+gender,educ_level,u_bpa,2140,18829028.4541399,80,gaussian (identity),Less than 9th grade,-2.07361214373665,2.24431028404966,0.358519644288098,-6.47246030047398,2.32523601300069,0.822032515475418,0.515262892302765,664,4887060.95668883
racethn_combn,Other Hispanic,2003-2016,14,WTSEPH.COMBN,age+gender,educ_level,u_bpa,1106,11839971.4966443,75,gaussian (identity),College graduate or above (Intercept),3.41995065803031,1.34641165101249,0.0133390122621698,0.780983822045829,6.05891749401478,0.578872335712891,0.678918731308243,169,2000893.92082928
racethn_combn,Other Hispanic,2003-2016,14,WTSEPH.COMBN,age+gender,educ_level,u_bpa,1106,11839971.4966443,75,gaussian (identity),Some college or AA degree,0.0135202845240633,1.10783409186995,0.990297877491905,-2.15783453554103,2.18487510458916,0.578872335712891,0.678918731308243,300,3394579.90574583
racethn_combn,Other Hispanic,2003-2016,14,WTSEPH.COMBN,age+gender,educ_level,u_bpa,1106,11839971.4966443,75,gaussian (identity),HS graduate or GED,-0.306369846741576,1.13808029630248,0.788580060126491,-2.53700722749444,1.92426753401128,0.578872335712891,0.678918731308243,239,2545247.8695873
racethn_combn,Other Hispanic,2003-2016,14,WTSEPH.COMBN,age+gender,educ_level,u_bpa,1106,11839971.4966443,75,gaussian (identity),9-11th grade,0.490958849889963,1.30713828085264,0.708367822674681,-2.07103218058121,3.05294988036113,0.578872335712891,0.678918731308243,199,2121321.20141735
racethn_combn,Other Hispanic,2003-2016,14,WTSEPH.COMBN,age+gender,educ_level,u_bpa,1106,11839971.4966443,75,gaussian (identity),Less than 9th grade,-0.193642669352249,1.157747172925,0.867656144321217,-2.46282712828526,2.07554178958076,0.578872335712891,0.678918731308243,199,1777928.59906458
racethn_combn,Other/Multi-Racial/NHAsian,2003-2016,14,WTSEPH.COMBN,age+gender,educ_level,u_bpa,332,7382056.08587005,35,gaussian (identity),College graduate or above (Intercept),16.2863609398015,12.8892248173597,0.216450259373678,-8.97651970222344,41.5492415818265,1.22229661843204,0.322932345262682,111,2877708.80560455
racethn_combn,Other/Multi-Racial/NHAsian,2003-2016,14,WTSEPH.COMBN,age+gender,educ_level,u_bpa,332,7382056.08587005,35,gaussian (identity),Some college or AA degree,0.08304050260234,3.11259334956399,0.978898604585342,-6.01764246254309,6.18372346774777,1.22229661843204,0.322932345262682,78,1988115.99257673
racethn_combn,Other/Multi-Racial/NHAsian,2003-2016,14,WTSEPH.COMBN,age+gender,educ_level,u_bpa,332,7382056.08587005,35,gaussian (identity),HS graduate or GED,-3.38864036451302,4.65087327754684,0.472087721503136,-12.5043519885048,5.72707125947879,1.22229661843204,0.322932345262682,53,1016686.01544117
racethn_combn,Other/Multi-Racial/NHAsian,2003-2016,14,WTSEPH.COMBN,age+gender,educ_level,u_bpa,332,7382056.08587005,35,gaussian (identity),9-11th grade,-2.26278648851065,5.02114440469068,0.655592118193317,-12.1042295217044,7.57865654468308,1.22229661843204,0.322932345262682,47,718979.093877844
racethn_combn,Other/Multi-Racial/NHAsian,2003-2016,14,WTSEPH.COMBN,age+gender,educ_level,u_bpa,332,7382056.08587005,35,gaussian (identity),Less than 9th grade,-2.36198947588097,2.97827069007309,0.434175551300742,-8.19940002842423,3.4754210766623,1.22229661843204,0.322932345262682,43,780566.178369755
racethn_combn,NHAsian,2003-2016,14,WTSEPH.COMBN,age+gender,educ_level,u_bpa,697,5395130.10473745,40,gaussian (identity),College graduate or above (Intercept),5.92511995832816,4.2731279977672,0.174589043223787,-2.45021091729555,14.3004508339519,0.512020091100112,0.727273145216018,320,2625977.30661401
racethn_combn,NHAsian,2003-2016,14,WTSEPH.COMBN,age+gender,educ_level,u_bpa,697,5395130.10473745,40,gaussian (identity),Some college or AA degree,-3.51835793336232,3.56109349630314,0.330132319456918,-10.4981011861165,3.46138531939184,0.512020091100112,0.727273145216018,143,1096869.89316265
racethn_combn,NHAsian,2003-2016,14,WTSEPH.COMBN,age+gender,educ_level,u_bpa,697,5395130.10473745,40,gaussian (identity),HS graduate or GED,-3.50469429483487,3.65789352594177,0.344767097663926,-10.6741656056807,3.664777016011,0.512020091100112,0.727273145216018,118,814254.861244863
racethn_combn,NHAsian,2003-2016,14,WTSEPH.COMBN,age+gender,educ_level,u_bpa,697,5395130.10473745,40,gaussian (identity),9-11th grade,-3.14342239015536,3.08635138267181,0.315637450901271,-9.19267110019212,2.90582631988139,0.512020091100112,0.727273145216018,60,426817.326714559
racethn_combn,NHAsian,2003-2016,14,WTSEPH.COMBN,age+gender,educ_level,u_bpa,697,5395130.10473745,40,gaussian (identity),Less than 9th grade,-4.2177883013768,4.01021415028903,0.300327109587128,-12.0778080359433,3.64223143318971,0.512020091100112,0.727273145216018,56,431210.717001367
racethn_combn,Other/Multi-Racial,2003-2016,14,WTSEPH.COMBN,age+gender,educ_level,u_bpa,197,3220461.07779702,37,gaussian (identity),College graduate or above (Intercept),3.09055884757895,1.40991844566393,0.0360139096732,0.327118694077648,5.85399900108024,3.48160663513232,0.0184548124285846,42,739006.338745616
racethn_combn,Other/Multi-Racial,2003-2016,14,WTSEPH.COMBN,age+gender,educ_level,u_bpa,197,3220461.07779702,37,gaussian (identity),Some college or AA degree,2.8333700330756,0.932288408383695,0.00478782326256003,1.00608475264356,4.66065531350765,3.48160663513232,0.0184548124285846,83,1387258.62909788
racethn_combn,Other/Multi-Racial,2003-2016,14,WTSEPH.COMBN,age+gender,educ_level,u_bpa,197,3220461.07779702,37,gaussian (identity),HS graduate or GED,1.60599821179818,1.19516836462742,0.188785215902515,-0.736531782871569,3.94852820646792,3.48160663513232,0.0184548124285846,46,730343.15487168
racethn_combn,Other/Multi-Racial,2003-2016,14,WTSEPH.COMBN,age+gender,educ_level,u_bpa,197,3220461.07779702,37,gaussian (identity),9-11th grade,2.07656288237278,0.921416985487817,0.0314331289427512,0.270585590816654,3.8825401739289,3.48160663513232,0.0184548124285846,20,290088.502623447
racethn_combn,Other/Multi-Racial,2003-2016,14,WTSEPH.COMBN,age+gender,educ_level,u_bpa,197,3220461.07779702,37,gaussian (identity),Less than 9th grade,-0.00812205273442502,0.607533568629308,0.989419152257848,-1.19888784724787,1.18264374177902,3.48160663513232,0.0184548124285846,6,73764.4524584054
racethn_combn,NHW,1999-2016,12,WTMEC.COMBN,age+gender,educ_level,testosterone,6549,78542203.723586,85,gaussian (identity),College graduate or above (Intercept),70.5486410163554,6.88064877787376,3.57721178619717e-16,57.0625694117228,84.0347126209879,2.16892135323758,0.0800757359914309,1871,27351295.7898453
racethn_combn,NHW,1999-2016,12,WTMEC.COMBN,age+gender,educ_level,testosterone,6549,78542203.723586,85,gaussian (identity),Some college or AA degree,-5.64984624953201,4.59053289025134,0.222064351149571,-14.6472907144246,3.3475982153606,2.16892135323758,0.0800757359914309,2193,26244345.1473213
racethn_combn,NHW,1999-2016,12,WTMEC.COMBN,age+gender,educ_level,testosterone,6549,78542203.723586,85,gaussian (identity),HS graduate or GED,4.30578735557482,6.35852466516285,0.500277788062363,-8.15692098814436,16.768495699294,2.16892135323758,0.0800757359914309,1505,16820458.2322778
racethn_combn,NHW,1999-2016,12,WTMEC.COMBN,age+gender,educ_level,testosterone,6549,78542203.723586,85,gaussian (identity),9-11th grade,-0.960042080731611,7.88181665152517,0.903363019083842,-16.4084027177209,14.4883185562577,2.16892135323758,0.0800757359914309,739,6365844.65548917
racethn_combn,NHW,1999-2016,12,WTMEC.COMBN,age+gender,educ_level,testosterone,6549,78542203.723586,85,gaussian (identity),Less than 9th grade,21.7817752992255,12.3131986468436,0.0807572230903713,-2.35209404858797,45.915644647039,2.16892135323758,0.0800757359914309,241,1760259.89865233
racethn_combn,Mexican-American,1999-2016,12,WTMEC.COMBN,age+gender,educ_level,testosterone,2542,10514968.7790942,60,gaussian (identity),College graduate or above (Intercept),81.8972994619105,11.69994191395,4.12308515953767e-09,58.9654133105685,104.829185613253,0.83704042904358,0.507701730231525,181,877579.782973833
racethn_combn,Mexican-American,1999-2016,12,WTMEC.COMBN,age+gender,educ_level,testosterone,2542,10514968.7790942,60,gaussian (identity),Some college or AA degree,-2.87857051263688,10.4264332110445,0.783537490460161,-23.3143796062841,17.5572385810103,0.83704042904358,0.507701730231525,523,2398884.48193317
racethn_combn,Mexican-American,1999-2016,12,WTMEC.COMBN,age+gender,educ_level,testosterone,2542,10514968.7790942,60,gaussian (identity),HS graduate or GED,2.10775647980854,13.1588731219883,0.873338871828231,-23.6836348392885,27.8991477989056,0.83704042904358,0.507701730231525,538,2287594.94768383
racethn_combn,Mexican-American,1999-2016,12,WTMEC.COMBN,age+gender,educ_level,testosterone,2542,10514968.7790942,60,gaussian (identity),9-11th grade,-8.36534459638267,10.1685765409251,0.41431591402085,-28.2957546165958,11.5650654238305,0.83704042904358,0.507701730231525,554,2381208.77949433
racethn_combn,Mexican-American,1999-2016,12,WTMEC.COMBN,age+gender,educ_level,testosterone,2542,10514968.7790942,60,gaussian (identity),Less than 9th grade,6.39896835376417,10.6322746824966,0.549796785676336,-14.4402900239292,27.2382267314576,0.83704042904358,0.507701730231525,746,2569700.787009
racethn_combn,NHB,1999-2016,12,WTMEC.COMBN,age+gender,educ_level,testosterone,3725,12907955.8991006,66,gaussian (identity),College graduate or above (Intercept),86.5045763300262,8.83386408392116,4.70134641344157e-14,69.1902027255407,103.818949934512,8.96239791011248,9.63654213456836e-06,633,2355114.8103425
racethn_combn,NHB,1999-2016,12,WTMEC.COMBN,age+gender,educ_level,testosterone,3725,12907955.8991006,66,gaussian (identity),Some college or AA degree,9.52339171632854,6.48310434639354,0.147068681330462,-3.18349280260279,22.2302762352599,8.96239791011248,9.63654213456836e-06,1269,4690389.94834634
racethn_combn,NHB,1999-2016,12,WTMEC.COMBN,age+gender,educ_level,testosterone,3725,12907955.8991006,66,gaussian (identity),HS graduate or GED,6.24295503653949,7.97828201110224,0.437001939474847,-9.3944777052209,21.8803877782999,8.96239791011248,9.63654213456836e-06,979,3282579.29627377
racethn_combn,NHB,1999-2016,12,WTMEC.COMBN,age+gender,educ_level,testosterone,3725,12907955.8991006,66,gaussian (identity),9-11th grade,40.6058558346292,8.08005745302773,4.81778082791563e-06,24.7689432266949,56.4427684425636,8.96239791011248,9.63654213456836e-06,665,2092800.25139062
racethn_combn,NHB,1999-2016,12,WTMEC.COMBN,age+gender,educ_level,testosterone,3725,12907955.8991006,66,gaussian (identity),Less than 9th grade,51.0564699487964,17.2101121462496,0.00431778739676276,17.3246501421472,84.7882897554455,8.96239791011248,9.63654213456836e-06,179,487071.592747333
racethn_combn,Other Hispanic,1999-2016,12,WTMEC.COMBN,age+gender,educ_level,testosterone,1781,7260348.54954617,48,gaussian (identity),College graduate or above (Intercept),55.4023789320708,13.587554802767,0.000198432079573767,28.7707715186474,82.0339863454941,0.657050721107579,0.62524166019127,270,1189550.52240367
racethn_combn,Other Hispanic,1999-2016,12,WTMEC.COMBN,age+gender,educ_level,testosterone,1781,7260348.54954617,48,gaussian (identity),Some college or AA degree,2.65603525766911,14.2400883615364,0.852936447474647,-25.2545379309422,30.5666084462804,0.657050721107579,0.62524166019127,500,2211773.40316967
racethn_combn,Other Hispanic,1999-2016,12,WTMEC.COMBN,age+gender,educ_level,testosterone,1781,7260348.54954617,48,gaussian (identity),HS graduate or GED,-2.67720206031484,11.7688101946031,0.821152087035383,-25.7440700417369,20.3896659211072,0.657050721107579,0.62524166019127,392,1598079.644453
racethn_combn,Other Hispanic,1999-2016,12,WTMEC.COMBN,age+gender,educ_level,testosterone,1781,7260348.54954617,48,gaussian (identity),9-11th grade,16.1410464460952,13.4160389895287,0.235669755213222,-10.1543899733812,42.4364828655715,0.657050721107579,0.62524166019127,304,1223152.15054433
racethn_combn,Other Hispanic,1999-2016,12,WTMEC.COMBN,age+gender,educ_level,testosterone,1781,7260348.54954617,48,gaussian (identity),Less than 9th grade,8.14847762506079,14.7488489201696,0.583546460620817,-20.7592662584717,37.0562215085933,0.657050721107579,0.62524166019127,315,1037792.8289755
racethn_combn,NHAsian,1999-2016,12,WTMEC.COMBN,age+gender,educ_level,testosterone,1964,5918101.66160633,47,gaussian (identity),College graduate or above (Intercept),58.751536764795,8.26777273882572,1.16784681155325e-08,42.5467021966966,74.9563713328934,1.68684771334637,0.171524238985773,955,3059975.32922017
racethn_combn,NHAsian,1999-2016,12,WTMEC.COMBN,age+gender,educ_level,testosterone,1964,5918101.66160633,47,gaussian (identity),Some college or AA degree,10.4019038475693,5.59477805891445,0.0701833737531712,-0.563861147903058,21.3676688430416,1.68684771334637,0.171524238985773,405,1211846.56087567
racethn_combn,NHAsian,1999-2016,12,WTMEC.COMBN,age+gender,educ_level,testosterone,1964,5918101.66160633,47,gaussian (identity),HS graduate or GED,15.9704551617627,8.0832674274368,0.054940308263733,0.127251003986533,31.8136593195388,1.68684771334637,0.171524238985773,302,807505.308698833
racethn_combn,NHAsian,1999-2016,12,WTMEC.COMBN,age+gender,educ_level,testosterone,1964,5918101.66160633,47,gaussian (identity),9-11th grade,3.97874774511626,11.5048941142891,0.731238115601623,-18.5708447188903,26.5283402091229,1.68684771334637,0.171524238985773,146,386053.0137555
racethn_combn,NHAsian,1999-2016,12,WTMEC.COMBN,age+gender,educ_level,testosterone,1964,5918101.66160633,47,gaussian (identity),Less than 9th grade,15.9870971919469,9.15147276926777,0.0881352801392465,-1.9497894358179,33.9239838197118,1.68684771334637,0.171524238985773,156,452721.449056167
racethn_combn,Other/Multi-Racial,1999-2016,12,WTMEC.COMBN,age+gender,educ_level,testosterone,524,3367930.5863655,46,gaussian (identity),College graduate or above (Intercept),90.7289858807852,21.773677329748,0.000160299819536401,48.052578314479,133.405393447091,0.97895867465065,0.429875453505292,119,761909.583388167
racethn_combn,Other/Multi-Racial,1999-2016,12,WTMEC.COMBN,age+gender,educ_level,testosterone,524,3367930.5863655,46,gaussian (identity),Some college or AA degree,4.18679216577474,16.5720022010664,0.801838295194895,-28.2943321483153,36.6679164798648,0.97895867465065,0.429875453505292,219,1525642.22794167
racethn_combn,Other/Multi-Racial,1999-2016,12,WTMEC.COMBN,age+gender,educ_level,testosterone,524,3367930.5863655,46,gaussian (identity),HS graduate or GED,8.3515702833234,27.061427705304,0.759215826310865,-44.6888280190725,61.3919685857193,0.97895867465065,0.429875453505292,109,656533.485981833
racethn_combn,Other/Multi-Racial,1999-2016,12,WTMEC.COMBN,age+gender,educ_level,testosterone,524,3367930.5863655,46,gaussian (identity),9-11th grade,19.6671166283494,39.1922966556873,0.618551691489579,-57.1497848167977,96.4840180734964,0.97895867465065,0.429875453505292,59,325978.5137845
racethn_combn,Other/Multi-Racial,1999-2016,12,WTMEC.COMBN,age+gender,educ_level,testosterone,524,3367930.5863655,46,gaussian (identity),Less than 9th grade,97.8515373686271,56.3109872176131,0.0899585493685951,-12.5179975778944,208.221072315149,0.97895867465065,0.429875453505292,18,97866.7752693333
racethn_combn,NHW,1999-2020,13.2,WTMEC.COMBN,age+gender,educ_level,estradiol,7040,79342290.18519,93,gaussian (identity),College graduate or above (Intercept),249.086135992867,42.565227211438,8.38771460496975e-08,165.658290658448,332.513981327285,4.06172795066865,0.00457126303666329,1970,27702128.6705355
racethn_combn,NHW,1999-2020,13.2,WTMEC.COMBN,age+gender,educ_level,estradiol,7040,79342290.18519,93,gaussian (identity),Some college or AA degree,-27.9694606869819,18.6114909196751,0.136510364995589,-64.4479828895451,8.50906151558124,4.06172795066865,0.00457126303666329,2444,25858260.05359
racethn_combn,NHW,1999-2020,13.2,WTMEC.COMBN,age+gender,educ_level,estradiol,7040,79342290.18519,93,gaussian (identity),HS graduate or GED,-32.2020587611891,16.7060435556377,0.0571714231967859,-64.945904130239,0.541786607860885,4.06172795066865,0.00457126303666329,1708,18889501.2038369
racethn_combn,NHW,1999-2020,13.2,WTMEC.COMBN,age+gender,educ_level,estradiol,7040,79342290.18519,93,gaussian (identity),9-11th grade,-13.1742917812098,22.9272639097643,0.567036313792527,-58.1117290443478,31.7631454819283,4.06172795066865,0.00457126303666329,709,5511199.57786397
racethn_combn,NHW,1999-2020,13.2,WTMEC.COMBN,age+gender,educ_level,estradiol,7040,79342290.18519,93,gaussian (identity),Less than 9th grade,75.0872242809229,104.99035046806,0.476411397597769,-130.693862636474,280.86831119832,4.06172795066865,0.00457126303666329,209,1381200.67936361
racethn_combn,Mexican-American,1999-2020,13.2,WTMEC.COMBN,age+gender,educ_level,estradiol,2810,10816965.5955172,64,gaussian (identity),College graduate or above (Intercept),399.470970563284,96.7958320955796,0.000119049388998732,209.751139655948,589.19080147062,0.986244645245519,0.422281914145963,222,1098987.17519148
racethn_combn,Mexican-American,1999-2020,13.2,WTMEC.COMBN,age+gender,educ_level,estradiol,2810,10816965.5955172,64,gaussian (identity),Some college or AA degree,-0.91307858157286,50.8816085121564,0.98574419296961,-100.641031265399,98.8148741022536,0.986244645245519,0.422281914145963,616,2612458.74606
racethn_combn,Mexican-American,1999-2020,13.2,WTMEC.COMBN,age+gender,educ_level,estradiol,2810,10816965.5955172,64,gaussian (identity),HS graduate or GED,59.0586419900062,73.6642785548923,0.425983451648475,-85.3233439775826,203.440627957595,0.986244645245519,0.422281914145963,615,2730840.93536921
racethn_combn,Mexican-American,1999-2020,13.2,WTMEC.COMBN,age+gender,educ_level,estradiol,2810,10816965.5955172,64,gaussian (identity),9-11th grade,-8.59752311209749,42.8142126812117,0.841549655575018,-92.5133799672724,75.3183337430774,0.986244645245519,0.422281914145963,557,2092544.46627339
racethn_combn,Mexican-American,1999-2020,13.2,WTMEC.COMBN,age+gender,educ_level,estradiol,2810,10816965.5955172,64,gaussian (identity),Less than 9th grade,68.456754458162,51.9583647897424,0.192841659648965,-33.3816405297331,170.295149446057,0.986244645245519,0.422281914145963,800,2282134.27262312
racethn_combn,NHB,1999-2020,13.2,WTMEC.COMBN,age+gender,educ_level,estradiol,4020,12680837.6799788,74,gaussian (identity),College graduate or above (Intercept),202.37232188616,26.6643739394794,1.2181816845904e-10,150.11014896478,254.634494807539,0.93226131564194,0.450581199041988,715,2448203.31531349
racethn_combn,NHB,1999-2020,13.2,WTMEC.COMBN,age+gender,educ_level,estradiol,4020,12680837.6799788,74,gaussian (identity),Some college or AA degree,39.2939134676086,22.3926416214053,0.0838033156568269,-4.59566411034587,83.183491045563,0.93226131564194,0.450581199041988,1404,4499973.77006313
racethn_combn,NHB,1999-2020,13.2,WTMEC.COMBN,age+gender,educ_level,estradiol,4020,12680837.6799788,74,gaussian (identity),HS graduate or GED,12.8234468319987,13.8782782425411,0.358756683643656,-14.3779785233818,40.0248721873791,0.93226131564194,0.450581199041988,1096,3493895.8763758
racethn_combn,NHB,1999-2020,13.2,WTMEC.COMBN,age+gender,educ_level,estradiol,4020,12680837.6799788,74,gaussian (identity),9-11th grade,4.76061787717894,9.87669493422567,0.631350083118586,-14.5977041939034,24.1189399482613,0.93226131564194,0.450581199041988,659,1855274.26661926
racethn_combn,NHB,1999-2020,13.2,WTMEC.COMBN,age+gender,educ_level,estradiol,4020,12680837.6799788,74,gaussian (identity),Less than 9th grade,14.4695980889831,10.974766607422,0.191779209463113,-7.04094446156411,35.9801406395303,0.93226131564194,0.450581199041988,146,383490.451607091
racethn_combn,Other Hispanic,1999-2020,13.2,WTMEC.COMBN,age+gender,educ_level,estradiol,1944,7981596.25608609,55,gaussian (identity),College graduate or above (Intercept),427.884343824029,177.61853900885,0.0198000878105612,79.7520073666819,776.016680281375,0.72911375708976,0.576413121304881,316,1498380.68173385
racethn_combn,Other Hispanic,1999-2020,13.2,WTMEC.COMBN,age+gender,educ_level,estradiol,1944,7981596.25608609,55,gaussian (identity),Some college or AA degree,20.6834246263461,142.534021298369,0.885217557809034,-258.683257118457,300.05010637115,0.72911375708976,0.576413121304881,557,2435507.17852127
racethn_combn,Other Hispanic,1999-2020,13.2,WTMEC.COMBN,age+gender,educ_level,estradiol,1944,7981596.25608609,55,gaussian (identity),HS graduate or GED,-80.9620737595851,103.59689350282,0.43826212362691,-284.011985025113,122.087837505943,0.72911375708976,0.576413121304881,416,1882843.72682664
racethn_combn,Other Hispanic,1999-2020,13.2,WTMEC.COMBN,age+gender,educ_level,estradiol,1944,7981596.25608609,55,gaussian (identity),9-11th grade,-52.5392670509869,111.621470426803,0.639949749855499,-271.317349087521,166.238814985547,0.72911375708976,0.576413121304881,300,1073125.12799288
racethn_combn,Other Hispanic,1999-2020,13.2,WTMEC.COMBN,age+gender,educ_level,estradiol,1944,7981596.25608609,55,gaussian (identity),Less than 9th grade,-75.3326686405139,93.741487321235,0.425497048920465,-259.065983790135,108.400646509107,0.72911375708976,0.576413121304881,355,1091739.54101145
racethn_combn,NHAsian,1999-2020,13.2,WTMEC.COMBN,age+gender,educ_level,estradiol,2018,6281498.73326521,53,gaussian (identity),College graduate or above (Intercept),215.175309626417,57.7384854749226,0.000520108728407097,102.007878095568,328.342741157265,1.88042974219252,0.129565084950475,1027,3332969.07508182
racethn_combn,NHAsian,1999-2020,13.2,WTMEC.COMBN,age+gender,educ_level,estradiol,2018,6281498.73326521,53,gaussian (identity),Some college or AA degree,-4.35582480115336,19.237119664289,0.821850352071269,-42.0605793431597,33.348929740853,1.88042974219252,0.129565084950475,382,1213029.3112783
racethn_combn,NHAsian,1999-2020,13.2,WTMEC.COMBN,age+gender,educ_level,estradiol,2018,6281498.73326521,53,gaussian (identity),HS graduate or GED,6.57970604900664,28.0232746891337,0.815388297466285,-48.3459123416954,61.5053244397087,1.88042974219252,0.129565084950475,304,903622.789949637
racethn_combn,NHAsian,1999-2020,13.2,WTMEC.COMBN,age+gender,educ_level,estradiol,2018,6281498.73326521,53,gaussian (identity),9-11th grade,-16.8466008307533,10.3733492086539,0.11105873309994,-37.178365279715,3.48516361820837,1.88042974219252,0.129565084950475,143,386118.012383788
racethn_combn,NHAsian,1999-2020,13.2,WTMEC.COMBN,age+gender,educ_level,estradiol,2018,6281498.73326521,53,gaussian (identity),Less than 9th grade,-9.34533055873934,10.5767590002137,0.38142460185443,-30.0757781991582,11.3851170816795,1.88042974219252,0.129565084950475,162,445759.544571667
racethn_combn,Other/Multi-Racial,1999-2020,13.2,WTMEC.COMBN,age+gender,educ_level,estradiol,694,4159505.91159785,55,gaussian (identity),College graduate or above (Intercept),183.963959341512,66.5892779904725,0.00805102701329835,53.4489744801862,314.478944202839,0.561934184105637,0.691358397587474,152,1006798.58839445
racethn_combn,Other/Multi-Racial,1999-2020,13.2,WTMEC.COMBN,age+gender,educ_level,estradiol,694,4159505.91159785,55,gaussian (identity),Some college or AA degree,-11.4336408239455,10.7148488244132,0.291163428457169,-32.4347445197954,9.56746287190429,0.561934184105637,0.691358397587474,299,1789480.22593627
racethn_combn,Other/Multi-Racial,1999-2020,13.2,WTMEC.COMBN,age+gender,educ_level,estradiol,694,4159505.91159785,55,gaussian (identity),HS graduate or GED,-4.09513486062066,9.23888484146568,0.659535906141654,-22.2033491498934,14.0130794286521,0.561934184105637,0.691358397587474,151,938415.049243697
racethn_combn,Other/Multi-Racial,1999-2020,13.2,WTMEC.COMBN,age+gender,educ_level,estradiol,694,4159505.91159785,55,gaussian (identity),9-11th grade,165.207476613943,166.355135434451,0.325539665545571,-160.848588837581,491.263542065467,0.561934184105637,0.691358397587474,68,318795.864400667
racethn_combn,Other/Multi-Racial,1999-2020,13.2,WTMEC.COMBN,age+gender,educ_level,estradiol,694,4159505.91159785,55,gaussian (identity),Less than 9th grade,29.6705708253692,41.189915921522,0.47474068371835,-51.0616643808138,110.402806031552,0.561934184105637,0.691358397587474,24,106016.183622758
racethn_combn,NHW,2009-2016,8,WTMEC.COMBN,age+gender,educ_level,hpv_oral,6686,122897863.907156,63,quasibinomial (logit),College graduate or above (Intercept),-4.54092180655425,0.238973860895575,2.45307875103979e-26,-5.00931057390957,-4.07253303919892,5.35773708970896,0.00098493274093267,1963,43938241.0902108
racethn_combn,NHW,2009-2016,8,WTMEC.COMBN,age+gender,educ_level,hpv_oral,6686,122897863.907156,63,quasibinomial (logit),Some college or AA degree,0.444042222662943,0.157042906779022,0.0064609004997935,0.136238125376059,0.751846319949827,5.35773708970896,0.00098493274093267,2284,41459221.4832618
racethn_combn,NHW,2009-2016,8,WTMEC.COMBN,age+gender,educ_level,hpv_oral,6686,122897863.907156,63,quasibinomial (logit),HS graduate or GED,0.662366259513854,0.152522396487083,5.84108547164033e-05,0.363422362399171,0.961310156628536,5.35773708970896,0.00098493274093267,1495,25608055.2438198
racethn_combn,NHW,2009-2016,8,WTMEC.COMBN,age+gender,educ_level,hpv_oral,6686,122897863.907156,63,quasibinomial (logit),9-11th grade,0.657475735112332,0.211188591162696,0.0028927999973502,0.243546096433448,1.07140537379122,5.35773708970896,0.00098493274093267,789,10041780.9809607
racethn_combn,NHW,2009-2016,8,WTMEC.COMBN,age+gender,educ_level,hpv_oral,6686,122897863.907156,63,quasibinomial (logit),Less than 9th grade,0.749230294167007,0.318278063730972,0.0220420237529977,0.125405289254302,1.37305529907971,5.35773708970896,0.00098493274093267,155,1850565.108903
racethn_combn,NHB,2009-2016,8,WTMEC.COMBN,age+gender,educ_level,hpv_oral,4190,23003209.4424435,58,quasibinomial (logit),College graduate or above (Intercept),-3.80414667447964,0.232544129721823,3.75653040572815e-22,-4.25993316873441,-3.34836018022487,2.39842362388702,0.0618600110881284,698,4008983.79539975
racethn_combn,NHB,2009-2016,8,WTMEC.COMBN,age+gender,educ_level,hpv_oral,4190,23003209.4424435,58,quasibinomial (logit),Some college or AA degree,0.518879117397805,0.208070812368367,0.015858221081235,0.111060325155805,0.926697909639804,2.39842362388702,0.0618600110881284,1486,8435546.562929
racethn_combn,NHB,2009-2016,8,WTMEC.COMBN,age+gender,educ_level,hpv_oral,4190,23003209.4424435,58,quasibinomial (logit),HS graduate or GED,0.501398564299134,0.182319462917294,0.00817643319404247,0.144052416981239,0.85874471161703,2.39842362388702,0.0618600110881284,1154,6224135.9286755
racethn_combn,NHB,2009-2016,8,WTMEC.COMBN,age+gender,educ_level,hpv_oral,4190,23003209.4424435,58,quasibinomial (logit),9-11th grade,0.716168692796245,0.249889844540641,0.00598784163833541,0.226384597496588,1.2059527880959,2.39842362388702,0.0618600110881284,736,3784209.696351
racethn_combn,NHB,2009-2016,8,WTMEC.COMBN,age+gender,educ_level,hpv_oral,4190,23003209.4424435,58,quasibinomial (logit),Less than 9th grade,0.182389677772717,0.48910231405548,0.71073343805771,-0.776250857776023,1.14103021332146,2.39842362388702,0.0618600110881284,116,550333.45908825
racethn_combn,Mexican-American,2009-2016,8,WTMEC.COMBN,age+gender,educ_level,hpv_oral,3049,18204121.6296995,59,quasibinomial (logit),College graduate or above (Intercept),-4.49828514665949,0.461102611480858,1.9850584297801e-13,-5.40204626516197,-3.59452402815701,0.626963420592101,0.645360355356665,223,1557943.975839
racethn_combn,Mexican-American,2009-2016,8,WTMEC.COMBN,age+gender,educ_level,hpv_oral,3049,18204121.6296995,59,quasibinomial (logit),Some college or AA degree,0.502774132361046,0.471450449545098,0.291058285425628,-0.421268748747346,1.42681701346944,0.626963420592101,0.645360355356665,640,4202744.33463925
racethn_combn,Mexican-American,2009-2016,8,WTMEC.COMBN,age+gender,educ_level,hpv_oral,3049,18204121.6296995,59,quasibinomial (logit),HS graduate or GED,0.690290720651182,0.477531822920616,0.154194054176649,-0.245671652273225,1.62625309357559,0.626963420592101,0.645360355356665,672,4087848.97441375
racethn_combn,Mexican-American,2009-2016,8,WTMEC.COMBN,age+gender,educ_level,hpv_oral,3049,18204121.6296995,59,quasibinomial (logit),9-11th grade,0.512382534840891,0.403560131907651,0.209753827206464,-0.278595323698105,1.30336039337989,0.626963420592101,0.645360355356665,674,4103457.79936375
racethn_combn,Mexican-American,2009-2016,8,WTMEC.COMBN,age+gender,educ_level,hpv_oral,3049,18204121.6296995,59,quasibinomial (logit),Less than 9th grade,0.549108524100451,0.486897929291549,0.264497034164376,-0.405211417310985,1.50342846551189,0.626963420592101,0.645360355356665,840,4252126.54544375
racethn_combn,Other Hispanic,2009-2016,8,WTMEC.COMBN,age+gender,educ_level,hpv_oral,2052,11996715.2300428,60,quasibinomial (logit),College graduate or above (Intercept),-4.05468476510441,0.481111021102524,2.02457817511447e-11,-4.99766236646536,-3.11170716374346,0.868169647866937,0.489061583784398,337,2089741.30237625
racethn_combn,Other Hispanic,2009-2016,8,WTMEC.COMBN,age+gender,educ_level,hpv_oral,2052,11996715.2300428,60,quasibinomial (logit),Some college or AA degree,0.475511540007125,0.304816427174296,0.12460354557798,-0.121928657254496,1.07295173726875,0.868169647866937,0.489061583784398,587,3643066.31288475
racethn_combn,Other Hispanic,2009-2016,8,WTMEC.COMBN,age+gender,educ_level,hpv_oral,2052,11996715.2300428,60,quasibinomial (logit),HS graduate or GED,0.337298910606953,0.272559982872967,0.221247588489676,-0.196918655824062,0.871516477037969,0.868169647866937,0.489061583784398,451,2647503.27977075
racethn_combn,Other Hispanic,2009-2016,8,WTMEC.COMBN,age+gender,educ_level,hpv_oral,2052,11996715.2300428,60,quasibinomial (logit),9-11th grade,0.46981114201861,0.370618670137592,0.210365463338874,-0.256601451451071,1.19622373548829,0.868169647866937,0.489061583784398,350,1971551.31161325
racethn_combn,Other Hispanic,2009-2016,8,WTMEC.COMBN,age+gender,educ_level,hpv_oral,2052,11996715.2300428,60,quasibinomial (logit),Less than 9th grade,0.635193486896592,0.3651340957764,0.0876237223458405,-0.0804693408251525,1.35085631461834,0.868169647866937,0.489061583784398,327,1644853.02339775
racethn_combn,Other/Multi-Racial/NHAsian,2009-2016,8,WTMEC.COMBN,age+gender,educ_level,hpv_oral,279,3372474.40916625,14,quasibinomial (logit),College graduate or above (Intercept),-4.68802234923669,1.51042290141139,0.0145820635109124,-7.64845123600301,-1.72759346247036,177.215851968565,7.68580929937612e-08,104,1458478.5453105
racethn_combn,Other/Multi-Racial/NHAsian,2009-2016,8,WTMEC.COMBN,age+gender,educ_level,hpv_oral,279,3372474.40916625,14,quasibinomial (logit),Some college or AA degree,0.306803955815814,0.802535113896469,0.712199514735016,-1.26616486742127,1.87977277905289,177.215851968565,7.68580929937612e-08,84,1049516.5741255
racethn_combn,Other/Multi-Racial/NHAsian,2009-2016,8,WTMEC.COMBN,age+gender,educ_level,hpv_oral,279,3372474.40916625,14,quasibinomial (logit),HS graduate or GED,0.748180223678602,0.845671610525158,0.402116074687229,-0.909336132950708,2.40569658030791,177.215851968565,7.68580929937612e-08,46,386837.68402275
racethn_combn,Other/Multi-Racial/NHAsian,2009-2016,8,WTMEC.COMBN,age+gender,educ_level,hpv_oral,279,3372474.40916625,14,quasibinomial (logit),9-11th grade,-0.71495830446195,1.06655142909357,0.521514416463449,-2.80539910548534,1.37548249656144,177.215851968565,7.68580929937612e-08,25,294575.578158
racethn_combn,Other/Multi-Racial/NHAsian,2009-2016,8,WTMEC.COMBN,age+gender,educ_level,hpv_oral,279,3372474.40916625,14,quasibinomial (logit),Less than 9th grade,-15.7712134164477,0.904224699527191,1.19101074998222e-07,-17.543493827521,-13.9989330053744,177.215851968565,7.68580929937612e-08,20,183066.0275495
racethn_combn,NHAsian,2009-2016,8,WTMEC.COMBN,age+gender,educ_level,hpv_oral,1766,7978324.3437055,47,quasibinomial (logit),College graduate or above (Intercept),-4.14709136323071,0.558977693576814,4.24730607385143e-09,-5.24268764264127,-3.05149508382016,0.391289521625471,0.813650159957463,875,4258062.0546735
racethn_combn,NHAsian,2009-2016,8,WTMEC.COMBN,age+gender,educ_level,hpv_oral,1766,7978324.3437055,47,quasibinomial (logit),Some college or AA degree,0.351667983416962,0.426371146265072,0.414262072011808,-0.48401946326258,1.1873554300965,0.391289521625471,0.813650159957463,383,1696262.42646725
racethn_combn,NHAsian,2009-2016,8,WTMEC.COMBN,age+gender,educ_level,hpv_oral,1766,7978324.3437055,47,quasibinomial (logit),HS graduate or GED,0.336280595360678,0.386245905853699,0.389020787113331,-0.420761380112571,1.09332257083393,0.391289521625471,0.813650159957463,270,1065844.4586615
racethn_combn,NHAsian,2009-2016,8,WTMEC.COMBN,age+gender,educ_level,hpv_oral,1766,7978324.3437055,47,quasibinomial (logit),9-11th grade,-0.319518621039097,0.713592584993523,0.656683016240953,-1.7181600876264,1.07912284554821,0.391289521625471,0.813650159957463,140,554621.419425
racethn_combn,NHAsian,2009-2016,8,WTMEC.COMBN,age+gender,educ_level,hpv_oral,1766,7978324.3437055,47,quasibinomial (logit),Less than 9th grade,0.461966262707104,0.711177344672269,0.519586720174487,-0.931941332850542,1.85587385826475,0.391289521625471,0.813650159957463,98,403533.98447825
racethn_combn,Other/Multi-Racial,2009-2016,8,WTMEC.COMBN,age+gender,educ_level,hpv_oral,493,4743805.28302,47,quasibinomial (logit),College graduate or above (Intercept),-4.07100741187392,0.686174512859085,5.38999405649182e-07,-5.41590945707773,-2.72610536667011,0.698339903931578,0.597528736012982,115,1099686.12064975
racethn_combn,Other/Multi-Racial,2009-2016,8,WTMEC.COMBN,age+gender,educ_level,hpv_oral,493,4743805.28302,47,quasibinomial (logit),Some college or AA degree,0.41660230679104,0.47768596256403,0.388218487726676,-0.519662179834459,1.35286679341654,0.698339903931578,0.597528736012982,206,2104243.10895075
racethn_combn,Other/Multi-Racial,2009-2016,8,WTMEC.COMBN,age+gender,educ_level,hpv_oral,493,4743805.28302,47,quasibinomial (logit),HS graduate or GED,0.436965899414207,0.459913379659456,0.347626314796582,-0.464464324718327,1.33839612354674,0.698339903931578,0.597528736012982,101,916115.76663625
racethn_combn,Other/Multi-Racial,2009-2016,8,WTMEC.COMBN,age+gender,educ_level,hpv_oral,493,4743805.28302,47,quasibinomial (logit),9-11th grade,0.853451801644841,0.571398518440246,0.142931758040343,-0.266489294498041,1.97339289778772,0.698339903931578,0.597528736012982,58,507520.30393075
racethn_combn,Other/Multi-Racial,2009-2016,8,WTMEC.COMBN,age+gender,educ_level,hpv_oral,493,4743805.28302,47,quasibinomial (logit),Less than 9th grade,0.401777353965085,1.14060272868399,0.726455019681807,-1.83380399425554,2.63735870218571,0.698339903931578,0.597528736012982,13,116239.9828525
