strata_var,strata_level,cycle_yrs,n_yrs.,survweight.,model_covars,exposure,outcome,n_total_raw,n_total_weighted,model_df,model_type,exp_level,beta,se,pval,low95CI,up95CI,fstat,f_pval,n_exp_raw,n_exp_weighted
racethn_combn,NHW,1999-2020,21.2,WTMEC.COMBN,age+gender,inc_to_pov_level,fib4,22280,135477826.206183,162,gaussian (identity),High income (Intercept),-0.332656117795662,0.0167881447591512,1.09682245186623e-44,-0.365560881523598,-0.299751354067725,6.8031226683829,0.00146485898080774,7522,58757358.7458834
racethn_combn,NHW,1999-2020,21.2,WTMEC.COMBN,age+gender,inc_to_pov_level,fib4,22280,135477826.206183,162,gaussian (identity),Middle income,0.0211437406469608,0.0108972382633291,0.0541256460431864,-0.000214846349164313,0.0425023276430859,6.8031226683829,0.00146485898080774,11591,63879585.3269349
racethn_combn,NHW,1999-2020,21.2,WTMEC.COMBN,age+gender,inc_to_pov_level,fib4,22280,135477826.206183,162,gaussian (identity),Low income,0.0563272924093571,0.0152802240775119,0.00031233296987486,0.0263780532174338,0.0862765316012805,6.8031226683829,0.00146485898080774,3167,12840882.1333644
racethn_combn,Other/Multi-Racial/NHAsian,1999-2020,21.2,WTMEC.COMBN,age+gender,inc_to_pov_level,fib4,1182,5672722.71831294,84,gaussian (identity),High income (Intercept),-0.314579606213148,0.0571220499812552,4.29044181090773e-07,-0.426538824176408,-0.202620388249888,4.66530711439675,0.0121223459270965,325,1875427.85346179
racethn_combn,Other/Multi-Racial/NHAsian,1999-2020,21.2,WTMEC.COMBN,age+gender,inc_to_pov_level,fib4,1182,5672722.71831294,84,gaussian (identity),Middle income,0.126386490590657,0.0417268353815369,0.00330375696959746,0.0446018932428442,0.208171087938469,4.66530711439675,0.0121223459270965,580,2799836.84362698
racethn_combn,Other/Multi-Racial/NHAsian,1999-2020,21.2,WTMEC.COMBN,age+gender,inc_to_pov_level,fib4,1182,5672722.71831294,84,gaussian (identity),Low income,0.0462537455183499,0.0330598707047093,0.165651182134879,-0.0185436010628803,0.11105109209958,4.66530711439675,0.0121223459270965,277,997458.021224161
racethn_combn,Mexican-American,1999-2020,21.2,WTMEC.COMBN,age+gender,inc_to_pov_level,fib4,8932,15935398.2287654,143,gaussian (identity),High income (Intercept),-0.291473710409293,0.0259595035854412,3.19045469031311e-21,-0.342354337436758,-0.240593083381829,8.23952290746186,0.000415273180276762,1032,2021587.4049663
racethn_combn,Mexican-American,1999-2020,21.2,WTMEC.COMBN,age+gender,inc_to_pov_level,fib4,8932,15935398.2287654,143,gaussian (identity),Middle income,0.0469669521248896,0.0153300112541315,0.00262603124511382,0.0169201300667918,0.0770137741829874,8.23952290746186,0.000415273180276762,5060,9071085.1522574
racethn_combn,Mexican-American,1999-2020,21.2,WTMEC.COMBN,age+gender,inc_to_pov_level,fib4,8932,15935398.2287654,143,gaussian (identity),Low income,0.0643194447521217,0.0166879801725588,0.000176742070195996,0.0316110036139064,0.097027885890337,8.23952290746186,0.000415273180276762,2840,4842725.67154172
racethn_combn,NHB,1999-2020,21.2,WTMEC.COMBN,age+gender,inc_to_pov_level,fib4,10584,20726041.7939548,151,gaussian (identity),High income (Intercept),-0.348514506181185,0.0207999326445477,6.50001963882846e-36,-0.389282374164499,-0.307746638197872,20.9560181633085,9.83425222062454e-09,2019,4101743.06929448
racethn_combn,NHB,1999-2020,21.2,WTMEC.COMBN,age+gender,inc_to_pov_level,fib4,10584,20726041.7939548,151,gaussian (identity),Middle income,0.0373475205944729,0.0153482468979776,0.0161601907086853,0.00726495667443678,0.0674300845145091,20.9560181633085,9.83425222062454e-09,5723,11271992.9814242
racethn_combn,NHB,1999-2020,21.2,WTMEC.COMBN,age+gender,inc_to_pov_level,fib4,10584,20726041.7939548,151,gaussian (identity),Low income,0.12716218778677,0.0201297211597453,2.99339724271155e-09,0.087707934313669,0.166616441259871,20.9560181633085,9.83425222062454e-09,2842,5352305.74323617
racethn_combn,Other Hispanic,1999-2020,21.2,WTMEC.COMBN,age+gender,inc_to_pov_level,fib4,4029,10983881.5283629,136,gaussian (identity),High income (Intercept),-0.28467016887865,0.0519750210529058,2.10859507764444e-07,-0.386541210142345,-0.182799127614955,2.849728462008,0.0614260301772474,660,1933210.40587315
racethn_combn,Other Hispanic,1999-2020,21.2,WTMEC.COMBN,age+gender,inc_to_pov_level,fib4,4029,10983881.5283629,136,gaussian (identity),Middle income,-0.00350646025298632,0.0201928622460418,0.862407728725919,-0.0430844702552283,0.0360715497492556,2.849728462008,0.0614260301772474,2165,5947901.92151178
racethn_combn,Other Hispanic,1999-2020,21.2,WTMEC.COMBN,age+gender,inc_to_pov_level,fib4,4029,10983881.5283629,136,gaussian (identity),Low income,0.046121833324293,0.0271041167746703,0.0911744345284075,-0.00700223555406086,0.0992459022026468,2.849728462008,0.0614260301772474,1204,3102769.20097799
racethn_combn,NHAsian,1999-2020,21.2,WTMEC.COMBN,age+gender,inc_to_pov_level,fib4,2596,4708198.43976949,71,gaussian (identity),High income (Intercept),-0.419730372141776,0.145102074897794,0.00514795559250621,-0.704130438941453,-0.135330305342099,7.45283980657505,0.0011953257620552,1023,1966337.86002636
racethn_combn,NHAsian,1999-2020,21.2,WTMEC.COMBN,age+gender,inc_to_pov_level,fib4,2596,4708198.43976949,71,gaussian (identity),Middle income,0.0817785802409549,0.0462943174216177,0.0818681013867069,-0.00895828190541578,0.172515442387326,7.45283980657505,0.0011953257620552,1203,2148326.20774872
racethn_combn,NHAsian,1999-2020,21.2,WTMEC.COMBN,age+gender,inc_to_pov_level,fib4,2596,4708198.43976949,71,gaussian (identity),Low income,0.113190951414773,0.0358113795529702,0.00236301218355845,0.0430006474909512,0.183381255338594,7.45283980657505,0.0011953257620552,370,593534.371994415
racethn_combn,Other/Multi-Racial,1999-2020,21.2,WTMEC.COMBN,age+gender,inc_to_pov_level,fib4,851,3093335.88209836,70,gaussian (identity),High income (Intercept),-0.298888365914263,0.0631916526027601,1.22536885948949e-05,-0.422744005015673,-0.175032726812853,1.3450532398534,0.267572586128185,175,747763.243281227
racethn_combn,Other/Multi-Racial,1999-2020,21.2,WTMEC.COMBN,age+gender,inc_to_pov_level,fib4,851,3093335.88209836,70,gaussian (identity),Middle income,-0.00549202937057685,0.0613583934925836,0.928949752076482,-0.125754480616041,0.114770421874887,1.3450532398534,0.267572586128185,468,1767505.6878027
racethn_combn,Other/Multi-Racial,1999-2020,21.2,WTMEC.COMBN,age+gender,inc_to_pov_level,fib4,851,3093335.88209836,70,gaussian (identity),Low income,0.101623502018191,0.077067235084081,0.191848889659289,-0.049428278746608,0.25267528278299,1.3450532398534,0.267572586128185,208,578066.951014434
racethn_combn,NHW,1999-2020,21.2,WTMEC.COMBN,age+gender,inc_to_pov_level,fib4_mod_vs_low,21304,131797441.128633,162,quasibinomial (logit),High income (Intercept),-5.13316790045846,0.0880558436255022,9.48948916454426e-109,-5.30575735396444,-4.96057844695247,14.7672290682306,1.31978962919763e-06,7287,57582175.5246133
racethn_combn,NHW,1999-2020,21.2,WTMEC.COMBN,age+gender,inc_to_pov_level,fib4_mod_vs_low,21304,131797441.128633,162,quasibinomial (logit),Middle income,-0.317950272205808,0.0586871119227898,2.21226147811149e-07,-0.432977011574476,-0.20292353283714,14.7672290682306,1.31978962919763e-06,10961,61738780.639935
racethn_combn,NHW,1999-2020,21.2,WTMEC.COMBN,age+gender,inc_to_pov_level,fib4_mod_vs_low,21304,131797441.128633,162,quasibinomial (logit),Low income,-0.144696464840651,0.0833973263736385,0.0846862949503147,-0.308155224532982,0.0187622948516804,14.7672290682306,1.31978962919763e-06,3056,12476484.9640848
racethn_combn,Other/Multi-Racial/NHAsian,1999-2020,21.2,WTMEC.COMBN,age+gender,inc_to_pov_level,fib4_mod_vs_low,1159,5599168.97956558,84,quasibinomial (logit),High income (Intercept),-5.97443826068207,0.556810419069123,3.72264479127758e-17,-7.06578668205755,-4.88308983930659,1.76082293357317,0.178499795896468,321,1861872.5123383
racethn_combn,Other/Multi-Racial/NHAsian,1999-2020,21.2,WTMEC.COMBN,age+gender,inc_to_pov_level,fib4_mod_vs_low,1159,5599168.97956558,84,quasibinomial (logit),Middle income,0.416831500290143,0.411510951483795,0.314147741893913,-0.389729964618095,1.22339296519838,1.76082293357317,0.178499795896468,565,2750201.77252293
racethn_combn,Other/Multi-Racial/NHAsian,1999-2020,21.2,WTMEC.COMBN,age+gender,inc_to_pov_level,fib4_mod_vs_low,1159,5599168.97956558,84,quasibinomial (logit),Low income,-0.194374790567447,0.437802252745823,0.658256726118552,-1.05246720594926,0.663717624814366,1.76082293357317,0.178499795896468,273,987094.69470435
racethn_combn,Mexican-American,1999-2020,21.2,WTMEC.COMBN,age+gender,inc_to_pov_level,fib4_mod_vs_low,8744,15707886.6348636,143,quasibinomial (logit),High income (Intercept),-6.59399562710392,0.196764372762314,1.85776286715451e-68,-6.97965379771805,-6.20833745648978,1.62228571623778,0.201162668842128,1019,2001071.29966357
racethn_combn,Mexican-American,1999-2020,21.2,WTMEC.COMBN,age+gender,inc_to_pov_level,fib4_mod_vs_low,8744,15707886.6348636,143,quasibinomial (logit),Middle income,-0.1705562330498,0.138457835389142,0.220093186408161,-0.441933590412519,0.100821124312918,1.62228571623778,0.201162668842128,4945,8938708.21084274
racethn_combn,Mexican-American,1999-2020,21.2,WTMEC.COMBN,age+gender,inc_to_pov_level,fib4_mod_vs_low,8744,15707886.6348636,143,quasibinomial (logit),Low income,-0.300386097435689,0.166769826618065,0.0738388651540876,-0.627254957607098,0.0264827627357189,1.62228571623778,0.201162668842128,2780,4768107.12435734
racethn_combn,NHB,1999-2020,21.2,WTMEC.COMBN,age+gender,inc_to_pov_level,fib4_mod_vs_low,10233,20205210.4131006,150,quasibinomial (logit),High income (Intercept),-5.738441542142,0.133331949115408,7.66021080063375e-85,-5.9997721624082,-5.4771109218758,1.76695448248055,0.174486314166817,1956,4017331.74342718
racethn_combn,NHB,1999-2020,21.2,WTMEC.COMBN,age+gender,inc_to_pov_level,fib4_mod_vs_low,10233,20205210.4131006,150,quasibinomial (logit),Middle income,0.00523323291487003,0.0842470777497001,0.950554075896969,-0.159891039474542,0.170357505304282,1.76695448248055,0.174486314166817,5546,11000785.4908152
racethn_combn,NHB,1999-2020,21.2,WTMEC.COMBN,age+gender,inc_to_pov_level,fib4_mod_vs_low,10233,20205210.4131006,150,quasibinomial (logit),Low income,0.134010697445294,0.0961450613828692,0.165484241263376,-0.0544336228651293,0.322455017755718,1.76695448248055,0.174486314166817,2731,5187093.17885821
racethn_combn,Other Hispanic,1999-2020,21.2,WTMEC.COMBN,age+gender,inc_to_pov_level,fib4_mod_vs_low,3930,10816089.7858231,135,quasibinomial (logit),High income (Intercept),-5.92596378893094,0.26643287831625,2.58161185840916e-46,-6.44817223043079,-5.40375534743109,2.82952389182706,0.0626549373699786,640,1903921.54969972
racethn_combn,Other Hispanic,1999-2020,21.2,WTMEC.COMBN,age+gender,inc_to_pov_level,fib4_mod_vs_low,3930,10816089.7858231,135,quasibinomial (logit),Middle income,-0.39943251145958,0.174611452437614,0.0237665133981207,-0.741670958237303,-0.0571940646818573,2.82952389182706,0.0626549373699786,2118,5880362.30114929
racethn_combn,Other Hispanic,1999-2020,21.2,WTMEC.COMBN,age+gender,inc_to_pov_level,fib4_mod_vs_low,3930,10816089.7858231,135,quasibinomial (logit),Low income,-0.454223336471836,0.22925738028184,0.0496537823361028,-0.903567801824243,-0.00487887111942959,2.82952389182706,0.0626549373699786,1172,3031805.9349741
racethn_combn,NHAsian,1999-2020,21.2,WTMEC.COMBN,age+gender,inc_to_pov_level,fib4_mod_vs_low,2537,4616451.63209738,71,quasibinomial (logit),High income (Intercept),-5.67734478514042,0.276084387671114,1.18583976435576e-30,-6.2184701849758,-5.13621938530503,1.32831915506193,0.271807706056363,1009,1943917.0641976
racethn_combn,NHAsian,1999-2020,21.2,WTMEC.COMBN,age+gender,inc_to_pov_level,fib4_mod_vs_low,2537,4616451.63209738,71,quasibinomial (logit),Middle income,-0.26660715122361,0.163710854182449,0.10810729270128,-0.587480425421209,0.0542661229739892,1.32831915506193,0.271807706056363,1177,2107246.71123951
racethn_combn,NHAsian,1999-2020,21.2,WTMEC.COMBN,age+gender,inc_to_pov_level,fib4_mod_vs_low,2537,4616451.63209738,71,quasibinomial (logit),Low income,-0.0863035136035886,0.242800519065256,0.723368913544011,-0.562192530971491,0.389585503764313,1.32831915506193,0.271807706056363,351,565287.856660264
racethn_combn,Other/Multi-Racial,1999-2020,21.2,WTMEC.COMBN,age+gender,inc_to_pov_level,fib4_mod_vs_low,827,3018098.16302194,70,quasibinomial (logit),High income (Intercept),-6.21808594043763,0.589305522491675,8.36783370059632e-16,-7.37312476452132,-5.06304711635395,1.72502041446591,0.186104637342922,172,728995.531754283
racethn_combn,Other/Multi-Racial,1999-2020,21.2,WTMEC.COMBN,age+gender,inc_to_pov_level,fib4_mod_vs_low,827,3018098.16302194,70,quasibinomial (logit),Middle income,0.554964347263138,0.340650782871573,0.108049801279871,-0.112711187165145,1.22263988169142,1.72502041446591,0.186104637342922,453,1723946.47490355
racethn_combn,Other/Multi-Racial,1999-2020,21.2,WTMEC.COMBN,age+gender,inc_to_pov_level,fib4_mod_vs_low,827,3018098.16302194,70,quasibinomial (logit),Low income,0.703857272014332,0.390672924053079,0.0761673515877428,-0.0618616591297018,1.46957620315837,1.72502041446591,0.186104637342922,202,565156.156364113
racethn_combn,NHW,1999-2020,21.2,WTMEC.COMBN,age+gender,inc_to_pov_level,fib4_high_vs_low,18815,115327345.609876,162,quasibinomial (logit),High income (Intercept),-10.7102456857373,0.339557835156465,4.43018583341882e-70,-11.3757790426439,-10.0447123288306,7.17267076530684,0.00104314696657006,6283,49122102.629386
racethn_combn,NHW,1999-2020,21.2,WTMEC.COMBN,age+gender,inc_to_pov_level,fib4_high_vs_low,18815,115327345.609876,162,quasibinomial (logit),Middle income,0.0570034060251052,0.0981995873565852,0.562414463451852,-0.135467785193802,0.249474597244012,7.17267076530684,0.00104314696657006,9754,54817551.2935099
racethn_combn,NHW,1999-2020,21.2,WTMEC.COMBN,age+gender,inc_to_pov_level,fib4_high_vs_low,18815,115327345.609876,162,quasibinomial (logit),Low income,0.552903092839937,0.161196869749299,0.000770178029122009,0.23695722813131,0.868848957548564,7.17267076530684,0.00104314696657006,2778,11387691.6869796
racethn_combn,Other/Multi-Racial/NHAsian,1999-2020,21.2,WTMEC.COMBN,age+gender,inc_to_pov_level,fib4_high_vs_low,1061,5150003.01589718,83,quasibinomial (logit),High income (Intercept),-11.4160592501983,1.17720707416646,4.25550383973992e-15,-13.7233851155646,-9.10873338483207,1.77338062114553,0.176448754434234,298,1720412.86257925
racethn_combn,Other/Multi-Racial/NHAsian,1999-2020,21.2,WTMEC.COMBN,age+gender,inc_to_pov_level,fib4_high_vs_low,1061,5150003.01589718,83,quasibinomial (logit),Middle income,1.11595425693726,0.67810736134104,0.103800832175649,-0.213136171291181,2.44504468516569,1.77338062114553,0.176448754434234,514,2499086.54915226
racethn_combn,Other/Multi-Racial/NHAsian,1999-2020,21.2,WTMEC.COMBN,age+gender,inc_to_pov_level,fib4_high_vs_low,1061,5150003.01589718,83,quasibinomial (logit),Low income,0.38182581475912,0.85732436825517,0.657271061224538,-1.29852994702101,2.06218157653925,1.77338062114553,0.176448754434234,249,930503.604165671
racethn_combn,Mexican-American,1999-2020,21.2,WTMEC.COMBN,age+gender,inc_to_pov_level,fib4_high_vs_low,7995,14738355.4634298,141,quasibinomial (logit),High income (Intercept),-9.37903308886137,0.51624869024473,2.63003930578125e-38,-10.390880521741,-8.3671856559817,0.904458972129976,0.407163734155921,902,1821978.11150045
racethn_combn,Mexican-American,1999-2020,21.2,WTMEC.COMBN,age+gender,inc_to_pov_level,fib4_high_vs_low,7995,14738355.4634298,141,quasibinomial (logit),Middle income,0.436070738572539,0.386616451514413,0.261326989695216,-0.32169750639571,1.19383898354079,0.904458972129976,0.407163734155921,4498,8383092.29250779
racethn_combn,Mexican-American,1999-2020,21.2,WTMEC.COMBN,age+gender,inc_to_pov_level,fib4_high_vs_low,7995,14738355.4634298,141,quasibinomial (logit),Low income,0.499404261142579,0.371328646607958,0.180875960742195,-0.22839988620902,1.22720840849418,0.904458972129976,0.407163734155921,2595,4533285.05942153
racethn_combn,NHB,1999-2020,21.2,WTMEC.COMBN,age+gender,inc_to_pov_level,fib4_high_vs_low,8918,17921455.6876691,148,quasibinomial (logit),High income (Intercept),-9.4193409071178,0.335927360652059,3.32304678935731e-60,-10.0777585339958,-8.76092328023976,11.0636812951662,3.39105759750052e-05,1666,3485956.09892005
racethn_combn,NHB,1999-2020,21.2,WTMEC.COMBN,age+gender,inc_to_pov_level,fib4_high_vs_low,8918,17921455.6876691,148,quasibinomial (logit),Middle income,0.17519358125764,0.161145481092422,0.278775216762537,-0.140651561683507,0.491038724198786,11.0636812951662,3.39105759750052e-05,4793,9734236.80582845
racethn_combn,NHB,1999-2020,21.2,WTMEC.COMBN,age+gender,inc_to_pov_level,fib4_high_vs_low,8918,17921455.6876691,148,quasibinomial (logit),Low income,0.749243919996458,0.185278046313454,8.53425632646434e-05,0.386098949222088,1.11238889077083,11.0636812951662,3.39105759750052e-05,2459,4701262.78292059
racethn_combn,Other Hispanic,1999-2020,21.2,WTMEC.COMBN,age+gender,inc_to_pov_level,fib4_high_vs_low,3517,10045523.7567559,133,quasibinomial (logit),High income (Intercept),-11.3618194618964,0.780400811482434,5.25338195800225e-29,-12.8914050524019,-9.83223387139079,3.28444770917097,0.0406174451673934,551,1710897.61475885
racethn_combn,Other Hispanic,1999-2020,21.2,WTMEC.COMBN,age+gender,inc_to_pov_level,fib4_high_vs_low,3517,10045523.7567559,133,quasibinomial (logit),Middle income,-0.580204033900199,0.34382195149041,0.0939212199609695,-1.2540950588214,0.0936869910210055,3.28444770917097,0.0406174451673934,1902,5461891.54301303
racethn_combn,Other Hispanic,1999-2020,21.2,WTMEC.COMBN,age+gender,inc_to_pov_level,fib4_high_vs_low,3517,10045523.7567559,133,quasibinomial (logit),Low income,-0.00869248429372721,0.337521734012419,0.979493468632405,-0.670235082958069,0.652850114370614,3.28444770917097,0.0406174451673934,1064,2872734.59898399
racethn_combn,NHAsian,1999-2020,21.2,WTMEC.COMBN,age+gender,inc_to_pov_level,fib4_high_vs_low,2153,3958445.72713251,71,quasibinomial (logit),High income (Intercept),-9.43782832426942,0.830839367744899,2.85206232357823e-17,-11.0662734850494,-7.80938316348942,1.60363109270582,0.208789008940519,843,1650651.19571283
racethn_combn,NHAsian,1999-2020,21.2,WTMEC.COMBN,age+gender,inc_to_pov_level,fib4_high_vs_low,2153,3958445.72713251,71,quasibinomial (logit),Middle income,0.132365723265638,0.352187311265728,0.708223991576796,-0.557921406815189,0.822652853346466,1.60363109270582,0.208789008940519,1012,1827099.10410713
racethn_combn,NHAsian,1999-2020,21.2,WTMEC.COMBN,age+gender,inc_to_pov_level,fib4_high_vs_low,2153,3958445.72713251,71,quasibinomial (logit),Low income,0.852255062259452,0.497945006588544,0.0916065562329381,-0.123717150654094,1.828227275173,1.60363109270582,0.208789008940519,298,480695.427312547
racethn_combn,Other/Multi-Racial,1999-2020,21.2,WTMEC.COMBN,age+gender,inc_to_pov_level,fib4_high_vs_low,749,2705736.92929081,70,quasibinomial (logit),High income (Intercept),-8.72326428644628,1.0365682244679,4.78252118038003e-12,-10.7549380064034,-6.6915905664892,0.156542540969281,0.855411692232473,162,687551.123775755
racethn_combn,Other/Multi-Racial,1999-2020,21.2,WTMEC.COMBN,age+gender,inc_to_pov_level,fib4_high_vs_low,749,2705736.92929081,70,quasibinomial (logit),Middle income,-0.0733941394772369,0.949656103469609,0.93863066890553,-1.93472010227767,1.7879318233232,0.156542540969281,0.855411692232473,406,1517948.21242498
racethn_combn,Other/Multi-Racial,1999-2020,21.2,WTMEC.COMBN,age+gender,inc_to_pov_level,fib4_high_vs_low,749,2705736.92929081,70,quasibinomial (logit),Low income,0.283498741031772,1.01133526273769,0.780107850863705,-1.69871837393409,2.26571585599764,0.156542540969281,0.855411692232473,181,500237.593090076
racethn_combn,NHW,1999-2020,21.2,WTMEC.COMBN,age+gender,inc_to_pov_level,prevent_cvd_10yr_base,14843,98194060.8601723,162,gaussian (identity),High income (Intercept),-0.20379606957207,0.00192359009872539,1.13786911715021e-148,-0.207566306165571,-0.200025832978568,275.20241780823,3.32406894106396e-52,5669,47304582.465855
racethn_combn,NHW,1999-2020,21.2,WTMEC.COMBN,age+gender,inc_to_pov_level,prevent_cvd_10yr_base,14843,98194060.8601723,162,gaussian (identity),Middle income,0.0227440158509727,0.00128177364899359,1.90206850608533e-39,0.0202317394989453,0.0252562922030002,275.20241780823,3.32406894106396e-52,7338,43679329.446263
racethn_combn,NHW,1999-2020,21.2,WTMEC.COMBN,age+gender,inc_to_pov_level,prevent_cvd_10yr_base,14843,98194060.8601723,162,gaussian (identity),Low income,0.0400120221795702,0.00207488655188778,2.30216574231643e-43,0.0359452445378702,0.0440787998212703,275.20241780823,3.32406894106396e-52,1836,7210148.94805436
racethn_combn,Mexican-American,1999-2020,21.2,WTMEC.COMBN,age+gender,inc_to_pov_level,prevent_cvd_10yr_base,5546,9578444.79541668,131,gaussian (identity),High income (Intercept),-0.201203809182186,0.00428749990748499,4.31147699684587e-82,-0.209607309000857,-0.192800309363516,18.706593853492,7.57807720003445e-08,782,1465843.58130506
racethn_combn,Mexican-American,1999-2020,21.2,WTMEC.COMBN,age+gender,inc_to_pov_level,prevent_cvd_10yr_base,5546,9578444.79541668,131,gaussian (identity),Middle income,0.0105294904380963,0.00307679093863016,0.000836240152913126,0.00449898019838116,0.0165600006778114,18.706593853492,7.57807720003445e-08,3190,5453112.6964626
racethn_combn,Mexican-American,1999-2020,21.2,WTMEC.COMBN,age+gender,inc_to_pov_level,prevent_cvd_10yr_base,5546,9578444.79541668,131,gaussian (identity),Low income,0.0178639838905316,0.00301769156914842,2.8195304274317e-08,0.0119493084150007,0.0237786593660625,18.706593853492,7.57807720003445e-08,1574,2659488.51764902
racethn_combn,NHB,1999-2020,21.2,WTMEC.COMBN,age+gender,inc_to_pov_level,prevent_cvd_10yr_base,6959,13623156.7616427,146,gaussian (identity),High income (Intercept),-0.214947542235628,0.00344647174785366,4.52435876739346e-105,-0.221702626861421,-0.208192457609835,61.4179013387838,6.04125293190594e-20,1609,3277832.2403973
racethn_combn,NHB,1999-2020,21.2,WTMEC.COMBN,age+gender,inc_to_pov_level,prevent_cvd_10yr_base,6959,13623156.7616427,146,gaussian (identity),Middle income,0.0173429539784537,0.00211214615631006,1.216107099159e-13,0.0132031475120859,0.0214827604448214,61.4179013387838,6.04125293190594e-20,3824,7430605.72631417
racethn_combn,NHB,1999-2020,21.2,WTMEC.COMBN,age+gender,inc_to_pov_level,prevent_cvd_10yr_base,6959,13623156.7616427,146,gaussian (identity),Low income,0.0312727997190396,0.0029581212842359,1.25111253010049e-19,0.0254748820019372,0.0370707174361419,61.4179013387838,6.04125293190594e-20,1526,2914718.79493126
racethn_combn,Other Hispanic,1999-2020,21.2,WTMEC.COMBN,age+gender,inc_to_pov_level,prevent_cvd_10yr_base,2782,7140912.95814211,127,gaussian (identity),High income (Intercept),-0.204825440554871,0.00508685967119089,1.09875805022271e-72,-0.214795685510405,-0.194855195599337,29.7991149583091,2.79979165789855e-11,500,1356531.43519262
racethn_combn,Other Hispanic,1999-2020,21.2,WTMEC.COMBN,age+gender,inc_to_pov_level,prevent_cvd_10yr_base,2782,7140912.95814211,127,gaussian (identity),Middle income,0.015555993029616,0.00326093080151274,5.10782061494091e-06,0.00916456865865104,0.021947417400581,29.7991149583091,2.79979165789855e-11,1535,4020138.51047781
racethn_combn,Other Hispanic,1999-2020,21.2,WTMEC.COMBN,age+gender,inc_to_pov_level,prevent_cvd_10yr_base,2782,7140912.95814211,127,gaussian (identity),Low income,0.0272034753752328,0.0035238896158828,3.46781871658376e-12,0.0202966517281025,0.034110299022363,29.7991149583091,2.79979165789855e-11,747,1764243.01247168
racethn_combn,Other/Multi-Racial/NHAsian,1999-2020,21.2,WTMEC.COMBN,age+gender,inc_to_pov_level,prevent_cvd_10yr_base,709,3655311.76060717,72,gaussian (identity),High income (Intercept),-0.193287560304329,0.0102334915043482,9.32559608139638e-29,-0.213345203652851,-0.173229916955806,0.538116919827134,0.586312154166226,231,1414084.98611255
racethn_combn,Other/Multi-Racial/NHAsian,1999-2020,21.2,WTMEC.COMBN,age+gender,inc_to_pov_level,prevent_cvd_10yr_base,709,3655311.76060717,72,gaussian (identity),Middle income,0.00296184549265869,0.00645646107974538,0.647882854751914,-0.00969281822364224,0.0156165092089596,0.538116919827134,0.586312154166226,343,1738885.77854236
racethn_combn,Other/Multi-Racial/NHAsian,1999-2020,21.2,WTMEC.COMBN,age+gender,inc_to_pov_level,prevent_cvd_10yr_base,709,3655311.76060717,72,gaussian (identity),Low income,0.00960696531742667,0.00926161946420892,0.303276303517755,-0.00854580883242282,0.0277597394672762,0.538116919827134,0.586312154166226,135,502340.995952264
racethn_combn,NHAsian,1999-2020,21.2,WTMEC.COMBN,age+gender,inc_to_pov_level,prevent_cvd_10yr_base,1785,3169143.97792579,67,gaussian (identity),High income (Intercept),-0.210963668485329,0.00637466220123006,1.52099593444567e-41,-0.22345800639974,-0.198469330570919,16.9048370825404,1.32674181760176e-06,782,1430812.70328834
racethn_combn,NHAsian,1999-2020,21.2,WTMEC.COMBN,age+gender,inc_to_pov_level,prevent_cvd_10yr_base,1785,3169143.97792579,67,gaussian (identity),Middle income,0.0133040634185641,0.00281195825222559,1.30277170340033e-05,0.00779262524420195,0.0188155015929263,16.9048370825404,1.32674181760176e-06,796,1398739.85861336
racethn_combn,NHAsian,1999-2020,21.2,WTMEC.COMBN,age+gender,inc_to_pov_level,prevent_cvd_10yr_base,1785,3169143.97792579,67,gaussian (identity),Low income,0.0210322190835392,0.00495138592558516,7.25283542466849e-05,0.0113275026693923,0.0307369354976861,16.9048370825404,1.32674181760176e-06,207,339591.416024094
racethn_combn,Other/Multi-Racial,1999-2020,21.2,WTMEC.COMBN,age+gender,inc_to_pov_level,prevent_cvd_10yr_base,519,2096183.88772353,60,gaussian (identity),High income (Intercept),-0.195235951459108,0.0118207770304708,3.47130911055246e-23,-0.21840467443883,-0.172067228479385,7.24030094754324,0.00159704016091362,116,585099.386454302
racethn_combn,Other/Multi-Racial,1999-2020,21.2,WTMEC.COMBN,age+gender,inc_to_pov_level,prevent_cvd_10yr_base,519,2096183.88772353,60,gaussian (identity),Middle income,0.00866708493429947,0.0116361814709506,0.459483463432112,-0.0141398307487637,0.0314740006173626,7.24030094754324,0.00159704016091362,283,1155650.84461526
racethn_combn,Other/Multi-Racial,1999-2020,21.2,WTMEC.COMBN,age+gender,inc_to_pov_level,prevent_cvd_10yr_base,519,2096183.88772353,60,gaussian (identity),Low income,0.0293009598878613,0.00926005938623288,0.00251355077974708,0.0111512434908448,0.0474506762848777,7.24030094754324,0.00159704016091362,120,355433.656653962
racethn_combn,NHW,1999-2020,21.2,WTMEC.COMBN,age+gender,inc_to_pov_level,prevent_cvd_10yr_hba1c,14829,98109055.7753943,162,gaussian (identity),High income (Intercept),-0.203903589070517,0.00184657932227928,1.79421816153976e-151,-0.207522884542185,-0.20028429359885,282.932571873871,6.03885175907965e-53,5666,47281066.8974895
racethn_combn,NHW,1999-2020,21.2,WTMEC.COMBN,age+gender,inc_to_pov_level,prevent_cvd_10yr_hba1c,14829,98109055.7753943,162,gaussian (identity),Middle income,0.0224797843040582,0.00127605688053362,4.06580709480341e-39,0.0199787128182123,0.0249808557899041,282.932571873871,6.03885175907965e-53,7328,43621213.9345083
racethn_combn,NHW,1999-2020,21.2,WTMEC.COMBN,age+gender,inc_to_pov_level,prevent_cvd_10yr_hba1c,14829,98109055.7753943,162,gaussian (identity),Low income,0.0395838989208484,0.00198142143304543,4.34886586411831e-45,0.0357003129120794,0.0434674849296175,282.932571873871,6.03885175907965e-53,1835,7206774.94339662
racethn_combn,Mexican-American,1999-2020,21.2,WTMEC.COMBN,age+gender,inc_to_pov_level,prevent_cvd_10yr_hba1c,5541,9567864.78053715,131,gaussian (identity),High income (Intercept),-0.204834581621149,0.00441029575844207,1.49445647321004e-81,-0.213478761307695,-0.196190401934602,20.5461997654476,1.85880316331801e-08,782,1465843.58130506
racethn_combn,Mexican-American,1999-2020,21.2,WTMEC.COMBN,age+gender,inc_to_pov_level,prevent_cvd_10yr_hba1c,5541,9567864.78053715,131,gaussian (identity),Middle income,0.01188083286487,0.00312244327774788,0.000219415488691374,0.00576084404048418,0.0180008216892559,20.5461997654476,1.85880316331801e-08,3187,5447066.00652902
racethn_combn,Mexican-American,1999-2020,21.2,WTMEC.COMBN,age+gender,inc_to_pov_level,prevent_cvd_10yr_hba1c,5541,9567864.78053715,131,gaussian (identity),Low income,0.0213963588194076,0.00338690134735598,4.10931999143935e-09,0.0147580321785899,0.0280346854602253,20.5461997654476,1.85880316331801e-08,1572,2654955.19270308
racethn_combn,NHB,1999-2020,21.2,WTMEC.COMBN,age+gender,inc_to_pov_level,prevent_cvd_10yr_hba1c,6936,13581268.1103461,146,gaussian (identity),High income (Intercept),-0.215622754347331,0.00350005348755221,2.43615025894613e-104,-0.222482859182933,-0.208762649511728,71.0148627727462,4.20380988096324e-22,1606,3273341.90454645
racethn_combn,NHB,1999-2020,21.2,WTMEC.COMBN,age+gender,inc_to_pov_level,prevent_cvd_10yr_hba1c,6936,13581268.1103461,146,gaussian (identity),Middle income,0.0179473557789096,0.00211734554159521,2.69799664562419e-14,0.013797358517383,0.0220973530404362,71.0148627727462,4.20380988096324e-22,3810,7402627.03948449
racethn_combn,NHB,1999-2020,21.2,WTMEC.COMBN,age+gender,inc_to_pov_level,prevent_cvd_10yr_hba1c,6936,13581268.1103461,146,gaussian (identity),Low income,0.0324312532137744,0.00287169470947873,1.6683769618962e-21,0.0268027315831961,0.0380597748443527,71.0148627727462,4.20380988096324e-22,1520,2905299.16631513
racethn_combn,Other Hispanic,1999-2020,21.2,WTMEC.COMBN,age+gender,inc_to_pov_level,prevent_cvd_10yr_hba1c,2776,7121778.54182428,127,gaussian (identity),High income (Intercept),-0.208198389262579,0.0051761764567773,1.24219352925589e-72,-0.218343695117862,-0.198053083407295,33.4435016693053,2.5217791111393e-12,500,1356531.43519262
racethn_combn,Other Hispanic,1999-2020,21.2,WTMEC.COMBN,age+gender,inc_to_pov_level,prevent_cvd_10yr_hba1c,2776,7121778.54182428,127,gaussian (identity),Middle income,0.0171331798051136,0.00332411862666533,9.85154420850497e-07,0.0106179072968496,0.0236484523133777,33.4435016693053,2.5217791111393e-12,1529,4001004.09415998
racethn_combn,Other Hispanic,1999-2020,21.2,WTMEC.COMBN,age+gender,inc_to_pov_level,prevent_cvd_10yr_hba1c,2776,7121778.54182428,127,gaussian (identity),Low income,0.0281884130186363,0.00344876775859985,3.08902376883967e-13,0.0214288282117806,0.034947997825492,33.4435016693053,2.5217791111393e-12,747,1764243.01247168
racethn_combn,Other/Multi-Racial/NHAsian,1999-2020,21.2,WTMEC.COMBN,age+gender,inc_to_pov_level,prevent_cvd_10yr_hba1c,706,3640425.36088047,72,gaussian (identity),High income (Intercept),-0.198614346952886,0.0113249814069948,6.19227812423009e-27,-0.220811310510596,-0.176417383395176,1.01168622652678,0.369011786681755,230,1407385.28514076
racethn_combn,Other/Multi-Racial/NHAsian,1999-2020,21.2,WTMEC.COMBN,age+gender,inc_to_pov_level,prevent_cvd_10yr_hba1c,706,3640425.36088047,72,gaussian (identity),Middle income,0.00400274623143026,0.00617909693670844,0.51930316156387,-0.00810828376451827,0.0161137762273788,1.01168622652678,0.369011786681755,342,1733193.86377934
racethn_combn,Other/Multi-Racial/NHAsian,1999-2020,21.2,WTMEC.COMBN,age+gender,inc_to_pov_level,prevent_cvd_10yr_hba1c,706,3640425.36088047,72,gaussian (identity),Low income,0.0140739899355264,0.00993913913112085,0.161334892220827,-0.00540672276147048,0.0335547026325233,1.01168622652678,0.369011786681755,134,499846.211960378
racethn_combn,NHAsian,1999-2020,21.2,WTMEC.COMBN,age+gender,inc_to_pov_level,prevent_cvd_10yr_hba1c,1784,3167964.98803211,67,gaussian (identity),High income (Intercept),-0.213045690975023,0.00630769814262074,4.50598533444852e-42,-0.225408779334559,-0.200682602615486,15.982854863252,2.43149024555535e-06,782,1430812.70328834
racethn_combn,NHAsian,1999-2020,21.2,WTMEC.COMBN,age+gender,inc_to_pov_level,prevent_cvd_10yr_hba1c,1784,3167964.98803211,67,gaussian (identity),Middle income,0.0124627868839681,0.00291531000042068,6.59963331072872e-05,0.00674877928314357,0.0181767944847926,15.982854863252,2.43149024555535e-06,795,1397560.86871968
racethn_combn,NHAsian,1999-2020,21.2,WTMEC.COMBN,age+gender,inc_to_pov_level,prevent_cvd_10yr_hba1c,1784,3167964.98803211,67,gaussian (identity),Low income,0.0245254794259979,0.00513662632156821,1.1125550556526e-05,0.0144576918357242,0.0345932670162716,15.982854863252,2.43149024555535e-06,207,339591.416024094
racethn_combn,Other/Multi-Racial,1999-2020,21.2,WTMEC.COMBN,age+gender,inc_to_pov_level,prevent_cvd_10yr_hba1c,519,2096183.88772353,60,gaussian (identity),High income (Intercept),-0.200063340051069,0.0115815856711388,4.21985220410862e-24,-0.222763247966501,-0.177363432135637,8.05289818754522,0.000843528533931131,116,585099.386454302
racethn_combn,Other/Multi-Racial,1999-2020,21.2,WTMEC.COMBN,age+gender,inc_to_pov_level,prevent_cvd_10yr_hba1c,519,2096183.88772353,60,gaussian (identity),Middle income,0.00590945332462294,0.0137291549088356,0.668534259426259,-0.0209996902966948,0.0328185969459407,8.05289818754522,0.000843528533931131,283,1155650.84461526
racethn_combn,Other/Multi-Racial,1999-2020,21.2,WTMEC.COMBN,age+gender,inc_to_pov_level,prevent_cvd_10yr_hba1c,519,2096183.88772353,60,gaussian (identity),Low income,0.030886690014819,0.0112284157698722,0.00799361043402588,0.00887899510586938,0.0528943849237686,8.05289818754522,0.000843528533931131,120,355433.656653962
racethn_combn,NHW,1999-2020,21.2,WTMEC.COMBN,age+gender,inc_to_pov_level,prevent_cvd_10yr_uacr,14716,97575882.4155167,162,gaussian (identity),High income (Intercept),-0.193200980986069,0.002045802607887,6.66949372599228e-141,-0.197210754097527,-0.18919120787461,252.195184711579,6.69735182858344e-50,5642,47134357.2309661
racethn_combn,NHW,1999-2020,21.2,WTMEC.COMBN,age+gender,inc_to_pov_level,prevent_cvd_10yr_uacr,14716,97575882.4155167,162,gaussian (identity),Middle income,0.0227559364739215,0.00128763179578208,2.91043194166401e-39,0.0202321781541886,0.0252796947936544,252.195184711579,6.69735182858344e-50,7268,43326463.8141747
racethn_combn,NHW,1999-2020,21.2,WTMEC.COMBN,age+gender,inc_to_pov_level,prevent_cvd_10yr_uacr,14716,97575882.4155167,162,gaussian (identity),Low income,0.0401733189103873,0.00220852445564396,1.35615116775005e-40,0.0358446109773251,0.0445020268434495,252.195184711579,6.69735182858344e-50,1806,7115061.37037587
racethn_combn,Mexican-American,1999-2020,21.2,WTMEC.COMBN,age+gender,inc_to_pov_level,prevent_cvd_10yr_uacr,5523,9544715.29945442,131,gaussian (identity),High income (Intercept),-0.196304808061218,0.00455909280900467,1.26763214462469e-77,-0.205240629966867,-0.187368986155569,20.0500018192736,2.7072671401129e-08,779,1459431.05251789
racethn_combn,Mexican-American,1999-2020,21.2,WTMEC.COMBN,age+gender,inc_to_pov_level,prevent_cvd_10yr_uacr,5523,9544715.29945442,131,gaussian (identity),Middle income,0.0110913035991649,0.00304382009224697,0.000390021067730287,0.00512541621836087,0.017057190979969,20.0500018192736,2.7072671401129e-08,3180,5439982.54321128
racethn_combn,Mexican-American,1999-2020,21.2,WTMEC.COMBN,age+gender,inc_to_pov_level,prevent_cvd_10yr_uacr,5523,9544715.29945442,131,gaussian (identity),Low income,0.0193342019932832,0.00310450341481729,6.37620452088738e-09,0.0132493753002413,0.0254190286863251,20.0500018192736,2.7072671401129e-08,1564,2645301.70372525
racethn_combn,NHB,1999-2020,21.2,WTMEC.COMBN,age+gender,inc_to_pov_level,prevent_cvd_10yr_uacr,6870,13475505.7252745,146,gaussian (identity),High income (Intercept),-0.209785564660225,0.00368525448823086,1.17628898526859e-99,-0.217008663457157,-0.202562465863293,68.591282714526,1.42693305509522e-21,1597,3257486.89674957
racethn_combn,NHB,1999-2020,21.2,WTMEC.COMBN,age+gender,inc_to_pov_level,prevent_cvd_10yr_uacr,6870,13475505.7252745,146,gaussian (identity),Middle income,0.0185029071392076,0.0021805467522614,2.56155651855274e-14,0.0142290355047752,0.0227767787736399,68.591282714526,1.42693305509522e-21,3782,7362763.30477625
racethn_combn,NHB,1999-2020,21.2,WTMEC.COMBN,age+gender,inc_to_pov_level,prevent_cvd_10yr_uacr,6870,13475505.7252745,146,gaussian (identity),Low income,0.0315845895481111,0.00282069078222253,2.96531832170261e-21,0.026056035614955,0.0371131434812673,68.591282714526,1.42693305509522e-21,1491,2855255.52374868
racethn_combn,Other Hispanic,1999-2020,21.2,WTMEC.COMBN,age+gender,inc_to_pov_level,prevent_cvd_10yr_uacr,2771,7115466.43159121,127,gaussian (identity),High income (Intercept),-0.198275584666465,0.00614622833167572,7.24667767146497e-62,-0.210322192196549,-0.186228977136381,36.6246994179506,3.32239869367801e-13,499,1348533.64385074
racethn_combn,Other Hispanic,1999-2020,21.2,WTMEC.COMBN,age+gender,inc_to_pov_level,prevent_cvd_10yr_uacr,2771,7115466.43159121,127,gaussian (identity),Middle income,0.0169542169940309,0.00321161997712854,5.676577756014e-07,0.0106594418388589,0.0232489921492028,36.6246994179506,3.32239869367801e-13,1528,4006975.75304445
racethn_combn,Other Hispanic,1999-2020,21.2,WTMEC.COMBN,age+gender,inc_to_pov_level,prevent_cvd_10yr_uacr,2771,7115466.43159121,127,gaussian (identity),Low income,0.0309565497712371,0.00364184358773471,5.29052442422707e-14,0.0238185363392771,0.0380945632031971,36.6246994179506,3.32239869367801e-13,744,1759957.03469602
racethn_combn,Other/Multi-Racial/NHAsian,1999-2020,21.2,WTMEC.COMBN,age+gender,inc_to_pov_level,prevent_cvd_10yr_uacr,704,3633274.54105396,72,gaussian (identity),High income (Intercept),-0.185518722174908,0.0107292105747896,1.36367626954953e-26,-0.206547974901495,-0.16448946944832,1.43546289461558,0.245124899126686,231,1414084.98611255
racethn_combn,Other/Multi-Racial/NHAsian,1999-2020,21.2,WTMEC.COMBN,age+gender,inc_to_pov_level,prevent_cvd_10yr_uacr,704,3633274.54105396,72,gaussian (identity),Middle income,0.008805372796419,0.00658581057569009,0.185671223967403,-0.00410281593193358,0.0217135615247716,1.43546289461558,0.245124899126686,341,1726304.74686425
racethn_combn,Other/Multi-Racial/NHAsian,1999-2020,21.2,WTMEC.COMBN,age+gender,inc_to_pov_level,prevent_cvd_10yr_uacr,704,3633274.54105396,72,gaussian (identity),Low income,0.0133954553737146,0.00866458500605214,0.12674597257632,-0.00358713123814757,0.0303780419855768,1.43546289461558,0.245124899126686,132,492884.80807717
racethn_combn,NHAsian,1999-2020,21.2,WTMEC.COMBN,age+gender,inc_to_pov_level,prevent_cvd_10yr_uacr,1776,3153769.31298187,67,gaussian (identity),High income (Intercept),-0.202131778562998,0.00850571221851163,3.7321051373557e-33,-0.218802974511281,-0.185460582614715,16.2666704043735,2.0153287482308e-06,778,1422627.59812819
racethn_combn,NHAsian,1999-2020,21.2,WTMEC.COMBN,age+gender,inc_to_pov_level,prevent_cvd_10yr_uacr,1776,3153769.31298187,67,gaussian (identity),Middle income,0.014399173980537,0.00312469706123824,2.03197683660336e-05,0.00827476774051007,0.020523580220564,16.2666704043735,2.0153287482308e-06,792,1393699.27060808
racethn_combn,NHAsian,1999-2020,21.2,WTMEC.COMBN,age+gender,inc_to_pov_level,prevent_cvd_10yr_uacr,1776,3153769.31298187,67,gaussian (identity),Low income,0.0288790417548425,0.00692707092853093,9.51597572160754e-05,0.0153019827349219,0.0424561007747631,16.2666704043735,2.0153287482308e-06,206,337442.444245604
racethn_combn,Other/Multi-Racial,1999-2020,21.2,WTMEC.COMBN,age+gender,inc_to_pov_level,prevent_cvd_10yr_uacr,515,2087306.93312913,60,gaussian (identity),High income (Intercept),-0.186750173167508,0.0124562682079206,2.93519405478128e-21,-0.211164458855032,-0.162335887479984,5.24086297441331,0.00819597745596786,115,583970.287660038
racethn_combn,Other/Multi-Racial,1999-2020,21.2,WTMEC.COMBN,age+gender,inc_to_pov_level,prevent_cvd_10yr_uacr,515,2087306.93312913,60,gaussian (identity),Middle income,0.00374772281105286,0.0118578315041513,0.753136042225431,-0.0194936269370837,0.0269890725591894,5.24086297441331,0.00819597745596786,280,1147902.98881513
racethn_combn,Other/Multi-Racial,1999-2020,21.2,WTMEC.COMBN,age+gender,inc_to_pov_level,prevent_cvd_10yr_uacr,515,2087306.93312913,60,gaussian (identity),Low income,0.0306847600636332,0.0120078713623299,0.0133500844347736,0.00714933219346662,0.0542201879337997,5.24086297441331,0.00819597745596786,120,355433.656653962
racethn_combn,NHW,1999-2020,21.2,WTMEC.COMBN,age+gender,inc_to_pov_level,prevent_cvd_10yr_full,14703,97494483.0016555,162,gaussian (identity),High income (Intercept),-0.188435490725764,0.00196621026711459,6.79409550033144e-142,-0.192289262849309,-0.184581718602219,245.664926187538,3.22957717932979e-49,5639,47110841.6626005
racethn_combn,NHW,1999-2020,21.2,WTMEC.COMBN,age+gender,inc_to_pov_level,prevent_cvd_10yr_full,14703,97494483.0016555,162,gaussian (identity),Middle income,0.0215815200115969,0.00126713100741758,1.35372873287572e-37,0.0190979432370585,0.0240650967861354,245.664926187538,3.22957717932979e-49,7259,43271953.9733369
racethn_combn,NHW,1999-2020,21.2,WTMEC.COMBN,age+gender,inc_to_pov_level,prevent_cvd_10yr_full,14703,97494483.0016555,162,gaussian (identity),Low income,0.0376279183549508,0.00208162208567668,2.65595423097734e-40,0.0335479390670245,0.0417078976428771,245.664926187538,3.22957717932979e-49,1805,7111687.36571813
racethn_combn,Mexican-American,1999-2020,21.2,WTMEC.COMBN,age+gender,inc_to_pov_level,prevent_cvd_10yr_full,5518,9534135.28457489,131,gaussian (identity),High income (Intercept),-0.195083061865662,0.00448205901028594,3.50698107042626e-78,-0.203867897525822,-0.186298226205501,22.1722000616781,5.50549856217599e-09,779,1459431.05251789
racethn_combn,Mexican-American,1999-2020,21.2,WTMEC.COMBN,age+gender,inc_to_pov_level,prevent_cvd_10yr_full,5518,9534135.28457489,131,gaussian (identity),Middle income,0.0121693372281774,0.00303414289160935,0.000102646509426093,0.00622241716062305,0.0181162572957317,22.1722000616781,5.50549856217599e-09,3177,5433935.8532777
racethn_combn,Mexican-American,1999-2020,21.2,WTMEC.COMBN,age+gender,inc_to_pov_level,prevent_cvd_10yr_full,5518,9534135.28457489,131,gaussian (identity),Low income,0.0219356246514307,0.00331196013604921,8.97552112837826e-10,0.0154441827847743,0.0284270665180872,22.1722000616781,5.50549856217599e-09,1562,2640768.3787793
racethn_combn,NHB,1999-2020,21.2,WTMEC.COMBN,age+gender,inc_to_pov_level,prevent_cvd_10yr_full,6848,13434731.9491492,146,gaussian (identity),High income (Intercept),-0.20345053950688,0.00376682618513925,1.47739644616341e-96,-0.210833518829753,-0.196067560184008,68.9642654239166,1.1806570030956e-21,1594,3252996.56089872
racethn_combn,NHB,1999-2020,21.2,WTMEC.COMBN,age+gender,inc_to_pov_level,prevent_cvd_10yr_full,6848,13434731.9491492,146,gaussian (identity),Middle income,0.0182470007933102,0.00217858968405589,4.78788531909396e-14,0.0139769650125607,0.0225170365740597,68.9642654239166,1.1806570030956e-21,3768,7334784.61794657
racethn_combn,NHB,1999-2020,21.2,WTMEC.COMBN,age+gender,inc_to_pov_level,prevent_cvd_10yr_full,6848,13434731.9491492,146,gaussian (identity),Low income,0.0309496317105981,0.00276810346606419,3.27662036164271e-21,0.0255241489171123,0.0363751145040839,68.9642654239166,1.1806570030956e-21,1486,2846950.77030396
racethn_combn,Other Hispanic,1999-2020,21.2,WTMEC.COMBN,age+gender,inc_to_pov_level,prevent_cvd_10yr_full,2765,7096332.01527338,127,gaussian (identity),High income (Intercept),-0.196246463534287,0.0062445122953627,1.27976610131653e-60,-0.208485707633198,-0.184007219435377,34.7710450848402,1.07358122337231e-12,499,1348533.64385074
racethn_combn,Other Hispanic,1999-2020,21.2,WTMEC.COMBN,age+gender,inc_to_pov_level,prevent_cvd_10yr_full,2765,7096332.01527338,127,gaussian (identity),Middle income,0.0176869735571696,0.00332812012643301,4.84874335819886e-07,0.0111638581093608,0.0242100890049783,34.7710450848402,1.07358122337231e-12,1522,3987841.33672662
racethn_combn,Other Hispanic,1999-2020,21.2,WTMEC.COMBN,age+gender,inc_to_pov_level,prevent_cvd_10yr_full,2765,7096332.01527338,127,gaussian (identity),Low income,0.0305447954309216,0.00367708358649429,1.50684406430412e-13,0.0233377116013928,0.0377518792604504,34.7710450848402,1.07358122337231e-12,744,1759957.03469602
racethn_combn,Other/Multi-Racial/NHAsian,1999-2020,21.2,WTMEC.COMBN,age+gender,inc_to_pov_level,prevent_cvd_10yr_full,701,3618388.14132726,72,gaussian (identity),High income (Intercept),-0.183970207563042,0.0114468032822807,7.50725196434201e-25,-0.206405941996312,-0.161534473129771,1.98791566190399,0.14486236871187,230,1407385.28514076
racethn_combn,Other/Multi-Racial/NHAsian,1999-2020,21.2,WTMEC.COMBN,age+gender,inc_to_pov_level,prevent_cvd_10yr_full,701,3618388.14132726,72,gaussian (identity),Middle income,0.00900666547468834,0.00616808114472639,0.148838573955593,-0.00308277356897538,0.0210961045183521,1.98791566190399,0.14486236871187,340,1720612.83210123
racethn_combn,Other/Multi-Racial/NHAsian,1999-2020,21.2,WTMEC.COMBN,age+gender,inc_to_pov_level,prevent_cvd_10yr_full,701,3618388.14132726,72,gaussian (identity),Low income,0.0171785759461803,0.00940143017416685,0.0720534673133373,-0.00124822719518668,0.0356053790875474,1.98791566190399,0.14486236871187,131,490390.024085283
racethn_combn,NHAsian,1999-2020,21.2,WTMEC.COMBN,age+gender,inc_to_pov_level,prevent_cvd_10yr_full,1775,3152590.32308819,67,gaussian (identity),High income (Intercept),-0.19836923225448,0.00847128127759786,8.60405673826246e-33,-0.214972943558572,-0.181765520950388,15.4756031082668,3.41038146408831e-06,778,1422627.59812819
racethn_combn,NHAsian,1999-2020,21.2,WTMEC.COMBN,age+gender,inc_to_pov_level,prevent_cvd_10yr_full,1775,3152590.32308819,67,gaussian (identity),Middle income,0.0132475964232315,0.00313844772751418,7.95406296991827e-05,0.0070962388773037,0.0193989539691593,15.4756031082668,3.41038146408831e-06,791,1392520.2807144
racethn_combn,NHAsian,1999-2020,21.2,WTMEC.COMBN,age+gender,inc_to_pov_level,prevent_cvd_10yr_full,1775,3152590.32308819,67,gaussian (identity),Low income,0.0310962450454562,0.00682538223623926,2.45007605354744e-05,0.0177184958624272,0.0444739942284851,15.4756031082668,3.41038146408831e-06,206,337442.444245604
racethn_combn,Other/Multi-Racial,1999-2020,21.2,WTMEC.COMBN,age+gender,inc_to_pov_level,prevent_cvd_10yr_full,515,2087306.93312913,60,gaussian (identity),High income (Intercept),-0.183481455777638,0.0126930289302254,1.4993542283384e-20,-0.20835979248088,-0.158603119074396,5.28168960010543,0.00791907823621902,115,583970.287660038
racethn_combn,Other/Multi-Racial,1999-2020,21.2,WTMEC.COMBN,age+gender,inc_to_pov_level,prevent_cvd_10yr_full,515,2087306.93312913,60,gaussian (identity),Middle income,0.00137633388142638,0.0132410846120486,0.917585010779396,-0.0245761919581889,0.0273288597210416,5.28168960010543,0.00791907823621902,280,1147902.98881513
racethn_combn,Other/Multi-Racial,1999-2020,21.2,WTMEC.COMBN,age+gender,inc_to_pov_level,prevent_cvd_10yr_full,515,2087306.93312913,60,gaussian (identity),Low income,0.0313283387752353,0.0135975711387798,0.0249581942759159,0.00467709934322684,0.0579795782072437,5.28168960010543,0.00791907823621902,120,355433.656653962
racethn_combn,NHW,1999-2020,21.2,WTMEC.COMBN,age+gender,inc_to_pov_level,prevent_cvd_30yr_base,14843,98194060.8601723,162,gaussian (identity),High income (Intercept),-0.119637167413729,0.00365683375681518,2.94550809061958e-72,-0.126804561577087,-0.112469773250371,140.338921775327,9.21296830724389e-36,5669,47304582.465855
racethn_combn,NHW,1999-2020,21.2,WTMEC.COMBN,age+gender,inc_to_pov_level,prevent_cvd_30yr_base,14843,98194060.8601723,162,gaussian (identity),Middle income,0.0209956027774318,0.00210581108940389,1.81629568522623e-18,0.0168682130422002,0.0251229925126635,140.338921775327,9.21296830724389e-36,7338,43679329.446263
racethn_combn,NHW,1999-2020,21.2,WTMEC.COMBN,age+gender,inc_to_pov_level,prevent_cvd_30yr_base,14843,98194060.8601723,162,gaussian (identity),Low income,0.0561299602407261,0.00364014932985484,2.55264323373876e-33,0.0489952675542106,0.0632646529272416,140.338921775327,9.21296830724389e-36,1836,7210148.94805436
racethn_combn,Mexican-American,1999-2020,21.2,WTMEC.COMBN,age+gender,inc_to_pov_level,prevent_cvd_30yr_base,5546,9578444.79541668,131,gaussian (identity),High income (Intercept),-0.167984678023245,0.0087896536076865,3.55055634028144e-39,-0.18521239909431,-0.150756956952179,4.41432031105607,0.0140147477055028,782,1465843.58130506
racethn_combn,Mexican-American,1999-2020,21.2,WTMEC.COMBN,age+gender,inc_to_pov_level,prevent_cvd_30yr_base,5546,9578444.79541668,131,gaussian (identity),Middle income,0.0126114802525945,0.00558282078863516,0.0255895541787643,0.00166915150686963,0.0235538089983195,4.41432031105607,0.0140147477055028,3190,5453112.6964626
racethn_combn,Mexican-American,1999-2020,21.2,WTMEC.COMBN,age+gender,inc_to_pov_level,prevent_cvd_30yr_base,5546,9578444.79541668,131,gaussian (identity),Low income,0.0169923451497787,0.00572310908813381,0.0035717848816985,0.00577505133703648,0.028209638962521,4.41432031105607,0.0140147477055028,1574,2659488.51764902
racethn_combn,NHB,1999-2020,21.2,WTMEC.COMBN,age+gender,inc_to_pov_level,prevent_cvd_30yr_base,6959,13623156.7616427,146,gaussian (identity),High income (Intercept),-0.124701368822656,0.00636031391819129,3.09837101942585e-42,-0.137167584102311,-0.112235153543001,30.6808401614384,8.42102218867818e-12,1609,3277832.2403973
racethn_combn,NHB,1999-2020,21.2,WTMEC.COMBN,age+gender,inc_to_pov_level,prevent_cvd_30yr_base,6959,13623156.7616427,146,gaussian (identity),Middle income,0.014669803935709,0.00329295334939719,1.68857084251148e-05,0.0082156153708905,0.0211239925005275,30.6808401614384,8.42102218867818e-12,3824,7430605.72631417
racethn_combn,NHB,1999-2020,21.2,WTMEC.COMBN,age+gender,inc_to_pov_level,prevent_cvd_30yr_base,6959,13623156.7616427,146,gaussian (identity),Low income,0.0364212409200841,0.00470452173427662,1.67653071300886e-12,0.027200378320902,0.0456421035192663,30.6808401614384,8.42102218867818e-12,1526,2914718.79493126
racethn_combn,Other Hispanic,1999-2020,21.2,WTMEC.COMBN,age+gender,inc_to_pov_level,prevent_cvd_30yr_base,2782,7140912.95814211,127,gaussian (identity),High income (Intercept),-0.159418626298129,0.00994989142525941,6.79798882519948e-32,-0.178920413491638,-0.139916839104621,6.24747492437517,0.00260551260319433,500,1356531.43519262
racethn_combn,Other Hispanic,1999-2020,21.2,WTMEC.COMBN,age+gender,inc_to_pov_level,prevent_cvd_30yr_base,2782,7140912.95814211,127,gaussian (identity),Middle income,0.012556515265867,0.00668035882658783,0.0625262733717126,-0.000536988034245168,0.0256500185659791,6.24747492437517,0.00260551260319433,1535,4020138.51047781
racethn_combn,Other Hispanic,1999-2020,21.2,WTMEC.COMBN,age+gender,inc_to_pov_level,prevent_cvd_30yr_base,2782,7140912.95814211,127,gaussian (identity),Low income,0.025196826766599,0.00720337865408563,0.000653344247826149,0.0110782046045911,0.0393154489286068,6.24747492437517,0.00260551260319433,747,1764243.01247168
racethn_combn,Other/Multi-Racial/NHAsian,1999-2020,21.2,WTMEC.COMBN,age+gender,inc_to_pov_level,prevent_cvd_30yr_base,709,3655311.76060717,72,gaussian (identity),High income (Intercept),-0.160310811371113,0.0171954610279198,8.8495587291461e-14,-0.194013914985836,-0.12660770775639,0.482656744178929,0.619239616563478,231,1414084.98611255
racethn_combn,Other/Multi-Racial/NHAsian,1999-2020,21.2,WTMEC.COMBN,age+gender,inc_to_pov_level,prevent_cvd_30yr_base,709,3655311.76060717,72,gaussian (identity),Middle income,-0.00605143094203529,0.00956567966523626,0.529104058534586,-0.0248001630858984,0.0126973012018278,0.482656744178929,0.619239616563478,343,1738885.77854236
racethn_combn,Other/Multi-Racial/NHAsian,1999-2020,21.2,WTMEC.COMBN,age+gender,inc_to_pov_level,prevent_cvd_30yr_base,709,3655311.76060717,72,gaussian (identity),Low income,0.00975001488177136,0.0161251526340946,0.547426329385977,-0.0218552842810541,0.0413553140445968,0.482656744178929,0.619239616563478,135,502340.995952264
racethn_combn,NHAsian,1999-2020,21.2,WTMEC.COMBN,age+gender,inc_to_pov_level,prevent_cvd_30yr_base,1785,3169143.97792579,67,gaussian (identity),High income (Intercept),-0.176529580971398,0.00982286106838623,1.74109864992235e-26,-0.195782388665435,-0.157276773277361,6.23446877129686,0.00338475995061426,782,1430812.70328834
racethn_combn,NHAsian,1999-2020,21.2,WTMEC.COMBN,age+gender,inc_to_pov_level,prevent_cvd_30yr_base,1785,3169143.97792579,67,gaussian (identity),Middle income,0.0177331012057742,0.0050252619983308,0.000785729365876968,0.00788358768904582,0.0275826147225026,6.23446877129686,0.00338475995061426,796,1398739.85861336
racethn_combn,NHAsian,1999-2020,21.2,WTMEC.COMBN,age+gender,inc_to_pov_level,prevent_cvd_30yr_base,1785,3169143.97792579,67,gaussian (identity),Low income,0.0139111775472087,0.00748212850711318,0.0676624452768507,-0.000753794326733181,0.0285761494211505,6.23446877129686,0.00338475995061426,207,339591.416024094
racethn_combn,Other/Multi-Racial,1999-2020,21.2,WTMEC.COMBN,age+gender,inc_to_pov_level,prevent_cvd_30yr_base,519,2096183.88772353,60,gaussian (identity),High income (Intercept),-0.0932500025591369,0.023309406307961,0.000187296583847935,-0.13893643892274,-0.0475635661955333,6.33661338029861,0.00330533924549611,116,585099.386454302
racethn_combn,Other/Multi-Racial,1999-2020,21.2,WTMEC.COMBN,age+gender,inc_to_pov_level,prevent_cvd_30yr_base,519,2096183.88772353,60,gaussian (identity),Middle income,0.0065334111957514,0.0164007211223743,0.691878736424087,-0.0256120022041023,0.0386788245956051,6.33661338029861,0.00330533924549611,283,1155650.84461526
racethn_combn,Other/Multi-Racial,1999-2020,21.2,WTMEC.COMBN,age+gender,inc_to_pov_level,prevent_cvd_30yr_base,519,2096183.88772353,60,gaussian (identity),Low income,0.0430668288630507,0.013605982924102,0.00250584119946637,0.0163991023318107,0.0697345553942907,6.33661338029861,0.00330533924549611,120,355433.656653962
racethn_combn,NHW,1999-2020,21.2,WTMEC.COMBN,age+gender,inc_to_pov_level,prevent_cvd_30yr_hba1c,14829,98109055.7753943,162,gaussian (identity),High income (Intercept),-0.115496511022643,0.00347460429114562,3.28126591695453e-73,-0.122306735433289,-0.108686286611998,139.569828117038,1.21594397042546e-35,5666,47281066.8974895
racethn_combn,NHW,1999-2020,21.2,WTMEC.COMBN,age+gender,inc_to_pov_level,prevent_cvd_30yr_hba1c,14829,98109055.7753943,162,gaussian (identity),Middle income,0.0198585370196568,0.0019764610179901,1.12672600387996e-18,0.0159846734243962,0.0237324006149174,139.569828117038,1.21594397042546e-35,7328,43621213.9345083
racethn_combn,NHW,1999-2020,21.2,WTMEC.COMBN,age+gender,inc_to_pov_level,prevent_cvd_30yr_hba1c,14829,98109055.7753943,162,gaussian (identity),Low income,0.0541171654742973,0.00354217832271275,6.13603185276019e-33,0.0471744959617803,0.0610598349868143,139.569828117038,1.21594397042546e-35,1835,7206774.94339662
racethn_combn,Mexican-American,1999-2020,21.2,WTMEC.COMBN,age+gender,inc_to_pov_level,prevent_cvd_30yr_hba1c,5541,9567864.78053715,131,gaussian (identity),High income (Intercept),-0.16534877492821,0.00872847841913959,8.16355933573598e-39,-0.182456592629724,-0.148240957226697,5.46617397444143,0.0052812543863642,782,1465843.58130506
racethn_combn,Mexican-American,1999-2020,21.2,WTMEC.COMBN,age+gender,inc_to_pov_level,prevent_cvd_30yr_hba1c,5541,9567864.78053715,131,gaussian (identity),Middle income,0.0133235501454258,0.00535317467889681,0.0141074623230111,0.00283132777478807,0.0238157725160636,5.46617397444143,0.0052812543863642,3187,5447066.00652902
racethn_combn,Mexican-American,1999-2020,21.2,WTMEC.COMBN,age+gender,inc_to_pov_level,prevent_cvd_30yr_hba1c,5541,9567864.78053715,131,gaussian (identity),Low income,0.019235094731365,0.00581897672789264,0.00123233295302561,0.00782990034469541,0.0306402891180346,5.46617397444143,0.0052812543863642,1572,2654955.19270308
racethn_combn,NHB,1999-2020,21.2,WTMEC.COMBN,age+gender,inc_to_pov_level,prevent_cvd_30yr_hba1c,6936,13581268.1103461,146,gaussian (identity),High income (Intercept),-0.11854735264257,0.00626945283303078,1.2896075469693e-40,-0.130835480195311,-0.10625922508983,34.191259943818,7.5646199607814e-13,1606,3273341.90454645
racethn_combn,NHB,1999-2020,21.2,WTMEC.COMBN,age+gender,inc_to_pov_level,prevent_cvd_30yr_hba1c,6936,13581268.1103461,146,gaussian (identity),Middle income,0.0145014646004386,0.00320857155342807,1.29455686255455e-05,0.00821266435571957,0.0207902648451576,34.191259943818,7.5646199607814e-13,3810,7402627.03948449
racethn_combn,NHB,1999-2020,21.2,WTMEC.COMBN,age+gender,inc_to_pov_level,prevent_cvd_30yr_hba1c,6936,13581268.1103461,146,gaussian (identity),Low income,0.0362053405997272,0.00444074852220569,1.68744721627583e-13,0.0275014734962041,0.0449092077032504,34.191259943818,7.5646199607814e-13,1520,2905299.16631513
racethn_combn,Other Hispanic,1999-2020,21.2,WTMEC.COMBN,age+gender,inc_to_pov_level,prevent_cvd_30yr_hba1c,2776,7121778.54182428,127,gaussian (identity),High income (Intercept),-0.155394458319751,0.00981451950799658,1.8238093348892e-31,-0.174630916555425,-0.136158000084078,6.81643425923444,0.0015578312251077,500,1356531.43519262
racethn_combn,Other Hispanic,1999-2020,21.2,WTMEC.COMBN,age+gender,inc_to_pov_level,prevent_cvd_30yr_hba1c,2776,7121778.54182428,127,gaussian (identity),Middle income,0.0132780612398929,0.00653789437717454,0.0444167974262562,0.000463788260630772,0.026092334219155,6.81643425923444,0.0015578312251077,1529,4001004.09415998
racethn_combn,Other Hispanic,1999-2020,21.2,WTMEC.COMBN,age+gender,inc_to_pov_level,prevent_cvd_30yr_hba1c,2776,7121778.54182428,127,gaussian (identity),Low income,0.0252127445164139,0.00688986215136245,0.000373553541187412,0.0117086146997435,0.0387168743330843,6.81643425923444,0.0015578312251077,747,1764243.01247168
racethn_combn,Other/Multi-Racial/NHAsian,1999-2020,21.2,WTMEC.COMBN,age+gender,inc_to_pov_level,prevent_cvd_30yr_hba1c,706,3640425.36088047,72,gaussian (identity),High income (Intercept),-0.157805023624064,0.0167537329441797,5.9447998820821e-14,-0.190642340194656,-0.124967707053471,0.597147668493129,0.553239450443586,230,1407385.28514076
racethn_combn,Other/Multi-Racial/NHAsian,1999-2020,21.2,WTMEC.COMBN,age+gender,inc_to_pov_level,prevent_cvd_30yr_hba1c,706,3640425.36088047,72,gaussian (identity),Middle income,-0.00531126327061161,0.00882756267843982,0.549395818722593,-0.0226132861203537,0.0119907595791304,0.597147668493129,0.553239450443586,342,1733193.86377934
racethn_combn,Other/Multi-Racial/NHAsian,1999-2020,21.2,WTMEC.COMBN,age+gender,inc_to_pov_level,prevent_cvd_30yr_hba1c,706,3640425.36088047,72,gaussian (identity),Low income,0.0122103394598633,0.0158353577388013,0.443330175426829,-0.0188269617081872,0.0432476406279137,0.597147668493129,0.553239450443586,134,499846.211960378
racethn_combn,NHAsian,1999-2020,21.2,WTMEC.COMBN,age+gender,inc_to_pov_level,prevent_cvd_30yr_hba1c,1784,3167964.98803211,67,gaussian (identity),High income (Intercept),-0.17157572099625,0.00893706967678368,5.1139040333623e-28,-0.189092377562746,-0.154059064429754,5.47563861750089,0.00641857192325108,782,1430812.70328834
racethn_combn,NHAsian,1999-2020,21.2,WTMEC.COMBN,age+gender,inc_to_pov_level,prevent_cvd_30yr_hba1c,1784,3167964.98803211,67,gaussian (identity),Middle income,0.0161164048574668,0.00494196876330039,0.00179282773378841,0.00643014608139799,0.0258026636335355,5.47563861750089,0.00641857192325108,795,1397560.86871968
racethn_combn,NHAsian,1999-2020,21.2,WTMEC.COMBN,age+gender,inc_to_pov_level,prevent_cvd_30yr_hba1c,1784,3167964.98803211,67,gaussian (identity),Low income,0.016335900259755,0.00750997803430121,0.033373746871815,0.00161634331252461,0.0310554572069853,5.47563861750089,0.00641857192325108,207,339591.416024094
racethn_combn,Other/Multi-Racial,1999-2020,21.2,WTMEC.COMBN,age+gender,inc_to_pov_level,prevent_cvd_30yr_hba1c,519,2096183.88772353,60,gaussian (identity),High income (Intercept),-0.092206156996425,0.0222326028533413,0.000115226692977297,-0.135782058588974,-0.0486302554038761,6.88327716978929,0.00212393427464587,116,585099.386454302
racethn_combn,Other/Multi-Racial,1999-2020,21.2,WTMEC.COMBN,age+gender,inc_to_pov_level,prevent_cvd_30yr_hba1c,519,2096183.88772353,60,gaussian (identity),Middle income,0.00417491958556083,0.01668972644285,0.803387497884868,-0.0285369442424251,0.0368867834135467,6.88327716978929,0.00212393427464587,283,1155650.84461526
racethn_combn,Other/Multi-Racial,1999-2020,21.2,WTMEC.COMBN,age+gender,inc_to_pov_level,prevent_cvd_30yr_hba1c,519,2096183.88772353,60,gaussian (identity),Low income,0.0429709559187145,0.0136978598132071,0.00271979653939348,0.0161231506848285,0.0698187611526005,6.88327716978929,0.00212393427464587,120,355433.656653962
racethn_combn,NHW,1999-2020,21.2,WTMEC.COMBN,age+gender,inc_to_pov_level,prevent_cvd_30yr_uacr,14716,97575882.4155167,162,gaussian (identity),High income (Intercept),-0.141089030526757,0.00326537590577097,2.02969420122217e-89,-0.147489167302068,-0.134688893751446,181.587243983133,1.1278235174506e-41,5642,47134357.2309661
racethn_combn,NHW,1999-2020,21.2,WTMEC.COMBN,age+gender,inc_to_pov_level,prevent_cvd_30yr_uacr,14716,97575882.4155167,162,gaussian (identity),Middle income,0.0225040694881457,0.00198711325189265,3.83094262742002e-22,0.0186093275144361,0.0263988114618553,181.587243983133,1.1278235174506e-41,7268,43326463.8141747
racethn_combn,NHW,1999-2020,21.2,WTMEC.COMBN,age+gender,inc_to_pov_level,prevent_cvd_30yr_uacr,14716,97575882.4155167,162,gaussian (identity),Low income,0.0575827834511722,0.00330015768776082,1.1094198492548e-38,0.051114474383161,0.0640510925191834,181.587243983133,1.1278235174506e-41,1806,7115061.37037587
racethn_combn,Mexican-American,1999-2020,21.2,WTMEC.COMBN,age+gender,inc_to_pov_level,prevent_cvd_30yr_uacr,5523,9544715.29945442,131,gaussian (identity),High income (Intercept),-0.184397561184796,0.00820614665231532,4.42674229945128e-46,-0.200481608623334,-0.168313513746258,5.76166331409938,0.00402560661863541,779,1459431.05251789
racethn_combn,Mexican-American,1999-2020,21.2,WTMEC.COMBN,age+gender,inc_to_pov_level,prevent_cvd_30yr_uacr,5523,9544715.29945442,131,gaussian (identity),Middle income,0.0132253164723208,0.00554502562826031,0.0185538097937072,0.00235706624093056,0.024093566703711,5.76166331409938,0.00402560661863541,3180,5439982.54321128
racethn_combn,Mexican-American,1999-2020,21.2,WTMEC.COMBN,age+gender,inc_to_pov_level,prevent_cvd_30yr_uacr,5523,9544715.29945442,131,gaussian (identity),Low income,0.0191701125075778,0.005682731593485,0.000984762852225938,0.00803195858434726,0.0303082664308084,5.76166331409938,0.00402560661863541,1564,2645301.70372525
racethn_combn,NHB,1999-2020,21.2,WTMEC.COMBN,age+gender,inc_to_pov_level,prevent_cvd_30yr_uacr,6870,13475505.7252745,146,gaussian (identity),High income (Intercept),-0.149762819633069,0.0060435620296865,2.01297316467158e-53,-0.161608201211254,-0.137917438054883,39.3789266909562,2.47984719566483e-14,1597,3257486.89674957
racethn_combn,NHB,1999-2020,21.2,WTMEC.COMBN,age+gender,inc_to_pov_level,prevent_cvd_30yr_uacr,6870,13475505.7252745,146,gaussian (identity),Middle income,0.0167799112710652,0.00321670333646123,6.32749266782037e-07,0.0104751727316012,0.0230846498105292,39.3789266909562,2.47984719566483e-14,3782,7362763.30477625
racethn_combn,NHB,1999-2020,21.2,WTMEC.COMBN,age+gender,inc_to_pov_level,prevent_cvd_30yr_uacr,6870,13475505.7252745,146,gaussian (identity),Low income,0.0392292355819513,0.00451856038378195,8.3233656959874e-15,0.0303728572297386,0.0480856139341639,39.3789266909562,2.47984719566483e-14,1491,2855255.52374868
racethn_combn,Other Hispanic,1999-2020,21.2,WTMEC.COMBN,age+gender,inc_to_pov_level,prevent_cvd_30yr_uacr,2771,7115466.43159121,127,gaussian (identity),High income (Intercept),-0.178922275239037,0.00942330465796639,2.27335845210549e-38,-0.197391952368651,-0.160452598109423,10.187299344832,8.05606779268484e-05,499,1348533.64385074
racethn_combn,Other Hispanic,1999-2020,21.2,WTMEC.COMBN,age+gender,inc_to_pov_level,prevent_cvd_30yr_uacr,2771,7115466.43159121,127,gaussian (identity),Middle income,0.0147481687411568,0.00647781142842113,0.0245310985755259,0.00205165834145143,0.0274446791408623,10.187299344832,8.05606779268484e-05,1528,4006975.75304445
racethn_combn,Other Hispanic,1999-2020,21.2,WTMEC.COMBN,age+gender,inc_to_pov_level,prevent_cvd_30yr_uacr,2771,7115466.43159121,127,gaussian (identity),Low income,0.0300276839809592,0.00675015382204361,1.91121347497749e-05,0.0167973824897537,0.0432579854721647,10.187299344832,8.05606779268484e-05,744,1759957.03469602
racethn_combn,Other/Multi-Racial/NHAsian,1999-2020,21.2,WTMEC.COMBN,age+gender,inc_to_pov_level,prevent_cvd_30yr_uacr,704,3633274.54105396,72,gaussian (identity),High income (Intercept),-0.178463995310602,0.0150266384131629,3.04283867540223e-18,-0.207916206600401,-0.149011784020802,0.489725820286654,0.614938882725486,231,1414084.98611255
racethn_combn,Other/Multi-Racial/NHAsian,1999-2020,21.2,WTMEC.COMBN,age+gender,inc_to_pov_level,prevent_cvd_30yr_uacr,704,3633274.54105396,72,gaussian (identity),Middle income,0.000374087978813548,0.00929869362896556,0.968027514113276,-0.0178513515339589,0.018599527491586,0.489725820286654,0.614938882725486,341,1726304.74686425
racethn_combn,Other/Multi-Racial/NHAsian,1999-2020,21.2,WTMEC.COMBN,age+gender,inc_to_pov_level,prevent_cvd_30yr_uacr,704,3633274.54105396,72,gaussian (identity),Low income,0.0163336341800794,0.0168377747882729,0.335454971572837,-0.0166684044049356,0.0493356727650943,0.489725820286654,0.614938882725486,132,492884.80807717
racethn_combn,NHAsian,1999-2020,21.2,WTMEC.COMBN,age+gender,inc_to_pov_level,prevent_cvd_30yr_uacr,1776,3153769.31298187,67,gaussian (identity),High income (Intercept),-0.190722997489647,0.00871635843183588,3.89331718939732e-31,-0.207807060016045,-0.173638934963249,7.89781991622586,0.00086977803480362,778,1422627.59812819
racethn_combn,NHAsian,1999-2020,21.2,WTMEC.COMBN,age+gender,inc_to_pov_level,prevent_cvd_30yr_uacr,1776,3153769.31298187,67,gaussian (identity),Middle income,0.0197622889409814,0.0050104965733393,0.000203855227108909,0.00994171565723641,0.0295828622247265,7.89781991622586,0.00086977803480362,792,1393699.27060808
racethn_combn,NHAsian,1999-2020,21.2,WTMEC.COMBN,age+gender,inc_to_pov_level,prevent_cvd_30yr_uacr,1776,3153769.31298187,67,gaussian (identity),Low income,0.0197687710688526,0.00777051066039338,0.0134213811246026,0.00453857017448157,0.0349989719632236,7.89781991622586,0.00086977803480362,206,337442.444245604
racethn_combn,Other/Multi-Racial,1999-2020,21.2,WTMEC.COMBN,age+gender,inc_to_pov_level,prevent_cvd_30yr_uacr,515,2087306.93312913,60,gaussian (identity),High income (Intercept),-0.114430229060277,0.0233697954651484,8.66736880428941e-06,-0.160235028171968,-0.0686254299485858,5.67492410091567,0.00569953417621005,115,583970.287660038
racethn_combn,Other/Multi-Racial,1999-2020,21.2,WTMEC.COMBN,age+gender,inc_to_pov_level,prevent_cvd_30yr_uacr,515,2087306.93312913,60,gaussian (identity),Middle income,0.00270766699820172,0.0170197624116296,0.874170670170128,-0.0306510673285924,0.0360664013249958,5.67492410091567,0.00569953417621005,280,1147902.98881513
racethn_combn,Other/Multi-Racial,1999-2020,21.2,WTMEC.COMBN,age+gender,inc_to_pov_level,prevent_cvd_30yr_uacr,515,2087306.93312913,60,gaussian (identity),Low income,0.0444064062204329,0.0160714902507448,0.0077339428745614,0.0129062853289732,0.0759065271118927,5.67492410091567,0.00569953417621005,120,355433.656653962
racethn_combn,NHW,1999-2020,21.2,WTMEC.COMBN,age+gender,inc_to_pov_level,prevent_cvd_30yr_full,14703,97494483.0016555,162,gaussian (identity),High income (Intercept),-0.124030801361659,0.00306280220327158,2.44790088750643e-85,-0.130033893680071,-0.118027709043246,164.666072230802,2.26845544800559e-39,5639,47110841.6626005
racethn_combn,NHW,1999-2020,21.2,WTMEC.COMBN,age+gender,inc_to_pov_level,prevent_cvd_30yr_full,14703,97494483.0016555,162,gaussian (identity),Middle income,0.0197644010094388,0.00185022498765247,2.16885478644735e-20,0.0161379600336399,0.0233908419852376,164.666072230802,2.26845544800559e-39,7259,43271953.9733369
racethn_combn,NHW,1999-2020,21.2,WTMEC.COMBN,age+gender,inc_to_pov_level,prevent_cvd_30yr_full,14703,97494483.0016555,162,gaussian (identity),Low income,0.0528108303490076,0.00318622487059787,2.15005813921858e-36,0.0465658296026358,0.0590558310953794,164.666072230802,2.26845544800559e-39,1805,7111687.36571813
racethn_combn,Mexican-American,1999-2020,21.2,WTMEC.COMBN,age+gender,inc_to_pov_level,prevent_cvd_30yr_full,5518,9534135.28457489,131,gaussian (identity),High income (Intercept),-0.170581603533345,0.00802806642743143,1.22488683892512e-43,-0.18631661373111,-0.154846593335579,6.70839512358249,0.00169991479202867,779,1459431.05251789
racethn_combn,Mexican-American,1999-2020,21.2,WTMEC.COMBN,age+gender,inc_to_pov_level,prevent_cvd_30yr_full,5518,9534135.28457489,131,gaussian (identity),Middle income,0.0134907597792544,0.00520227016145015,0.0106232407226478,0.00329431026281208,0.0236872092956967,6.70839512358249,0.00169991479202867,3177,5433935.8532777
racethn_combn,Mexican-American,1999-2020,21.2,WTMEC.COMBN,age+gender,inc_to_pov_level,prevent_cvd_30yr_full,5518,9534135.28457489,131,gaussian (identity),Low income,0.0204104762526794,0.00558652282263371,0.000377002900721628,0.00946089152031729,0.0313600609850414,6.70839512358249,0.00169991479202867,1562,2640768.3787793
racethn_combn,NHB,1999-2020,21.2,WTMEC.COMBN,age+gender,inc_to_pov_level,prevent_cvd_30yr_full,6848,13434731.9491492,146,gaussian (identity),High income (Intercept),-0.130855215436018,0.00602866525493229,5.99279132846304e-47,-0.142671399335685,-0.119039031536351,38.6837734589043,3.88359165054838e-14,1594,3252996.56089872
racethn_combn,NHB,1999-2020,21.2,WTMEC.COMBN,age+gender,inc_to_pov_level,prevent_cvd_30yr_full,6848,13434731.9491492,146,gaussian (identity),Middle income,0.0153689492579383,0.00311670023102721,2.25172863501651e-06,0.00926021680512495,0.0214776817107516,38.6837734589043,3.88359165054838e-14,3768,7334784.61794657
racethn_combn,NHB,1999-2020,21.2,WTMEC.COMBN,age+gender,inc_to_pov_level,prevent_cvd_30yr_full,6848,13434731.9491492,146,gaussian (identity),Low income,0.036448011654655,0.00423990606125225,1.3582545858154e-14,0.0281377957746006,0.0447582275347094,38.6837734589043,3.88359165054838e-14,1486,2846950.77030396
racethn_combn,Other Hispanic,1999-2020,21.2,WTMEC.COMBN,age+gender,inc_to_pov_level,prevent_cvd_30yr_full,2765,7096332.01527338,127,gaussian (identity),High income (Intercept),-0.162359184713006,0.00938541342046362,9.6722767952188e-35,-0.180754595017114,-0.143963774408897,9.68411315975763,0.000124239665788911,499,1348533.64385074
racethn_combn,Other Hispanic,1999-2020,21.2,WTMEC.COMBN,age+gender,inc_to_pov_level,prevent_cvd_30yr_full,2765,7096332.01527338,127,gaussian (identity),Middle income,0.0144321526008943,0.0064053072474882,0.0260209771722937,0.00187775039581744,0.0269865548059712,9.68411315975763,0.000124239665788911,1522,3987841.33672662
racethn_combn,Other Hispanic,1999-2020,21.2,WTMEC.COMBN,age+gender,inc_to_pov_level,prevent_cvd_30yr_full,2765,7096332.01527338,127,gaussian (identity),Low income,0.0282760859459213,0.00656339021146476,3.33406819316311e-05,0.0154118411314504,0.0411403307603923,9.68411315975763,0.000124239665788911,744,1759957.03469602
racethn_combn,Other/Multi-Racial/NHAsian,1999-2020,21.2,WTMEC.COMBN,age+gender,inc_to_pov_level,prevent_cvd_30yr_full,701,3618388.14132726,72,gaussian (identity),High income (Intercept),-0.16395904660409,0.0145420734780902,3.2271678684713e-17,-0.192461510621147,-0.135456582587033,0.599921612435497,0.551733397518219,230,1407385.28514076
racethn_combn,Other/Multi-Racial/NHAsian,1999-2020,21.2,WTMEC.COMBN,age+gender,inc_to_pov_level,prevent_cvd_30yr_full,701,3618388.14132726,72,gaussian (identity),Middle income,0.000330318740163189,0.0084615296670471,0.968974709001598,-0.0162542794072491,0.0169149168875755,0.599921612435497,0.551733397518219,340,1720612.83210123
racethn_combn,Other/Multi-Racial/NHAsian,1999-2020,21.2,WTMEC.COMBN,age+gender,inc_to_pov_level,prevent_cvd_30yr_full,701,3618388.14132726,72,gaussian (identity),Low income,0.017872315330779,0.0166341349472629,0.286425056224067,-0.0147305891658564,0.0504752198274143,0.599921612435497,0.551733397518219,131,490390.024085283
racethn_combn,NHAsian,1999-2020,21.2,WTMEC.COMBN,age+gender,inc_to_pov_level,prevent_cvd_30yr_full,1775,3152590.32308819,67,gaussian (identity),High income (Intercept),-0.171133337549095,0.00809117206710752,2.56821886131893e-30,-0.186992034800626,-0.155274640297564,6.88548745356799,0.00197478606089543,778,1422627.59812819
racethn_combn,NHAsian,1999-2020,21.2,WTMEC.COMBN,age+gender,inc_to_pov_level,prevent_cvd_30yr_full,1775,3152590.32308819,67,gaussian (identity),Middle income,0.0175365095503015,0.0048928300274804,0.000659553719512915,0.00794656269643986,0.027126456404163,6.88548745356799,0.00197478606089543,791,1392520.2807144
racethn_combn,NHAsian,1999-2020,21.2,WTMEC.COMBN,age+gender,inc_to_pov_level,prevent_cvd_30yr_full,1775,3152590.32308819,67,gaussian (identity),Low income,0.0211050967844403,0.00762498738240204,0.00739927777876736,0.00616012151493229,0.0360500720539483,6.88548745356799,0.00197478606089543,206,337442.444245604
racethn_combn,Other/Multi-Racial,1999-2020,21.2,WTMEC.COMBN,age+gender,inc_to_pov_level,prevent_cvd_30yr_full,515,2087306.93312913,60,gaussian (identity),High income (Intercept),-0.104145466701093,0.0222956423372411,1.92020738515387e-05,-0.147844925682085,-0.0604460077201002,5.79570316096666,0.00515588526489257,115,583970.287660038
racethn_combn,Other/Multi-Racial,1999-2020,21.2,WTMEC.COMBN,age+gender,inc_to_pov_level,prevent_cvd_30yr_full,515,2087306.93312913,60,gaussian (identity),Middle income,0.000792513306107259,0.0169672158476012,0.962911726414792,-0.032463229755191,0.0340482563674056,5.79570316096666,0.00515588526489257,280,1147902.98881513
racethn_combn,Other/Multi-Racial,1999-2020,21.2,WTMEC.COMBN,age+gender,inc_to_pov_level,prevent_cvd_30yr_full,515,2087306.93312913,60,gaussian (identity),Low income,0.0418612421474313,0.0157071268432345,0.0100369563189608,0.0110752735346916,0.072647210760171,5.79570316096666,0.00515588526489257,120,355433.656653962
racethn_combn,NHW,1999-2020,21.2,WTMEC.COMBN,age+gender,inc_to_pov_level,prevent_ascvd_10yr_base,14843,98194060.8601723,162,gaussian (identity),High income (Intercept),-0.109698897411854,0.00116250325318283,7.52483255029254e-141,-0.111977403788093,-0.107420391035616,230.679105880821,1.35051609540752e-47,5669,47304582.465855
racethn_combn,NHW,1999-2020,21.2,WTMEC.COMBN,age+gender,inc_to_pov_level,prevent_ascvd_10yr_base,14843,98194060.8601723,162,gaussian (identity),Middle income,0.0131493241652121,0.000779024909573451,3.39939391762432e-37,0.0116224353424481,0.0146762129879761,230.679105880821,1.35051609540752e-47,7338,43679329.446263
racethn_combn,NHW,1999-2020,21.2,WTMEC.COMBN,age+gender,inc_to_pov_level,prevent_ascvd_10yr_base,14843,98194060.8601723,162,gaussian (identity),Low income,0.0235301780563322,0.00138351125529255,1.56648640419257e-37,0.0208184959959588,0.0262418601167055,230.679105880821,1.35051609540752e-47,1836,7210148.94805436
racethn_combn,Mexican-American,1999-2020,21.2,WTMEC.COMBN,age+gender,inc_to_pov_level,prevent_ascvd_10yr_base,5546,9578444.79541668,131,gaussian (identity),High income (Intercept),-0.111181212135706,0.00265947027152302,4.20925748712173e-76,-0.116393773867891,-0.105968650403521,19.4654202710826,4.22828833278372e-08,782,1465843.58130506
racethn_combn,Mexican-American,1999-2020,21.2,WTMEC.COMBN,age+gender,inc_to_pov_level,prevent_ascvd_10yr_base,5546,9578444.79541668,131,gaussian (identity),Middle income,0.00619753977791457,0.00184139880346134,0.00101041826431809,0.00258839812313035,0.00980668143269879,19.4654202710826,4.22828833278372e-08,3190,5453112.6964626
racethn_combn,Mexican-American,1999-2020,21.2,WTMEC.COMBN,age+gender,inc_to_pov_level,prevent_ascvd_10yr_base,5546,9578444.79541668,131,gaussian (identity),Low income,0.0103566045284523,0.00172922670048965,2.02378985188654e-08,0.00696732019549263,0.013745888861412,19.4654202710826,4.22828833278372e-08,1574,2659488.51764902
racethn_combn,NHB,1999-2020,21.2,WTMEC.COMBN,age+gender,inc_to_pov_level,prevent_ascvd_10yr_base,6959,13623156.7616427,146,gaussian (identity),High income (Intercept),-0.112464231621609,0.00220263647754145,2.93295080966697e-93,-0.11678139911759,-0.108147064125627,52.4619778711485,8.71933613961792e-18,1609,3277832.2403973
racethn_combn,NHB,1999-2020,21.2,WTMEC.COMBN,age+gender,inc_to_pov_level,prevent_ascvd_10yr_base,6959,13623156.7616427,146,gaussian (identity),Middle income,0.00967277586246428,0.00124398704400212,1.38989805606042e-12,0.00723456125622013,0.0121109904687084,52.4619778711485,8.71933613961792e-18,3824,7430605.72631417
racethn_combn,NHB,1999-2020,21.2,WTMEC.COMBN,age+gender,inc_to_pov_level,prevent_ascvd_10yr_base,6959,13623156.7616427,146,gaussian (identity),Low income,0.0171112557264698,0.0017759583444929,3.24155938044008e-17,0.0136303773712638,0.0205921340816759,52.4619778711485,8.71933613961792e-18,1526,2914718.79493126
racethn_combn,Other Hispanic,1999-2020,21.2,WTMEC.COMBN,age+gender,inc_to_pov_level,prevent_ascvd_10yr_base,2782,7140912.95814211,127,gaussian (identity),High income (Intercept),-0.112149966593866,0.00318032971022641,3.6724455690814e-66,-0.11838341282591,-0.105916520361822,29.4052568200653,3.65255056877599e-11,500,1356531.43519262
racethn_combn,Other Hispanic,1999-2020,21.2,WTMEC.COMBN,age+gender,inc_to_pov_level,prevent_ascvd_10yr_base,2782,7140912.95814211,127,gaussian (identity),Middle income,0.00953621696637578,0.00193484281341884,2.61530483915579e-06,0.00574392505207486,0.0133285088806767,29.4052568200653,3.65255056877599e-11,1535,4020138.51047781
racethn_combn,Other Hispanic,1999-2020,21.2,WTMEC.COMBN,age+gender,inc_to_pov_level,prevent_ascvd_10yr_base,2782,7140912.95814211,127,gaussian (identity),Low income,0.0169067051347732,0.00220896781006512,4.91399781349852e-12,0.0125771282270456,0.0212362820425008,29.4052568200653,3.65255056877599e-11,747,1764243.01247168
racethn_combn,Other/Multi-Racial/NHAsian,1999-2020,21.2,WTMEC.COMBN,age+gender,inc_to_pov_level,prevent_ascvd_10yr_base,709,3655311.76060717,72,gaussian (identity),High income (Intercept),-0.105233502733451,0.00616106612004812,2.69046698913506e-26,-0.117309192328746,-0.0931578131381571,0.446942827179359,0.641445725565833,231,1414084.98611255
racethn_combn,Other/Multi-Racial/NHAsian,1999-2020,21.2,WTMEC.COMBN,age+gender,inc_to_pov_level,prevent_ascvd_10yr_base,709,3655311.76060717,72,gaussian (identity),Middle income,0.00178221090510438,0.00418382042937821,0.671470005462081,-0.00641807713647692,0.00998249894668567,0.446942827179359,0.641445725565833,343,1738885.77854236
racethn_combn,Other/Multi-Racial/NHAsian,1999-2020,21.2,WTMEC.COMBN,age+gender,inc_to_pov_level,prevent_ascvd_10yr_base,709,3655311.76060717,72,gaussian (identity),Low income,0.00543452707333494,0.00574933277835325,0.347880606896202,-0.00583416517223743,0.0167032193189073,0.446942827179359,0.641445725565833,135,502340.995952264
racethn_combn,NHAsian,1999-2020,21.2,WTMEC.COMBN,age+gender,inc_to_pov_level,prevent_ascvd_10yr_base,1785,3169143.97792579,67,gaussian (identity),High income (Intercept),-0.110204408712739,0.0034517011930951,1.28693469981598e-40,-0.116969743051205,-0.103439074374272,16.4860065748789,1.74450514715056e-06,782,1430812.70328834
racethn_combn,NHAsian,1999-2020,21.2,WTMEC.COMBN,age+gender,inc_to_pov_level,prevent_ascvd_10yr_base,1785,3169143.97792579,67,gaussian (identity),Middle income,0.00769365705993417,0.00164287905359373,1.55148678879133e-05,0.00447361411489045,0.0109137000049779,16.4860065748789,1.74450514715056e-06,796,1398739.85861336
racethn_combn,NHAsian,1999-2020,21.2,WTMEC.COMBN,age+gender,inc_to_pov_level,prevent_ascvd_10yr_base,1785,3169143.97792579,67,gaussian (identity),Low income,0.0109163032904623,0.00259782119595258,8.49206341193979e-05,0.00582457374639527,0.0160080328345294,16.4860065748789,1.74450514715056e-06,207,339591.416024094
racethn_combn,Other/Multi-Racial,1999-2020,21.2,WTMEC.COMBN,age+gender,inc_to_pov_level,prevent_ascvd_10yr_base,519,2096183.88772353,60,gaussian (identity),High income (Intercept),-0.102502152972597,0.00709486553739503,1.53626519463932e-20,-0.116408089425891,-0.0885962165193023,6.96513598480278,0.0019890178118245,116,585099.386454302
racethn_combn,Other/Multi-Racial,1999-2020,21.2,WTMEC.COMBN,age+gender,inc_to_pov_level,prevent_ascvd_10yr_base,519,2096183.88772353,60,gaussian (identity),Middle income,0.00339919356580478,0.00663458559067816,0.610424804173963,-0.00960459419192441,0.016402981323534,6.96513598480278,0.0019890178118245,283,1155650.84461526
racethn_combn,Other/Multi-Racial,1999-2020,21.2,WTMEC.COMBN,age+gender,inc_to_pov_level,prevent_ascvd_10yr_base,519,2096183.88772353,60,gaussian (identity),Low income,0.0176961565138009,0.00584783718411056,0.00373795985905085,0.00623439563294423,0.0291579173946576,6.96513598480278,0.0019890178118245,120,355433.656653962
racethn_combn,NHW,1999-2020,21.2,WTMEC.COMBN,age+gender,inc_to_pov_level,prevent_ascvd_10yr_hba1c,14829,98109055.7753943,162,gaussian (identity),High income (Intercept),-0.108256524903664,0.00109944586048664,1.01486084118297e-143,-0.110411438790218,-0.10610161101711,238.013327386402,2.12527967626543e-48,5666,47281066.8974895
racethn_combn,NHW,1999-2020,21.2,WTMEC.COMBN,age+gender,inc_to_pov_level,prevent_ascvd_10yr_hba1c,14829,98109055.7753943,162,gaussian (identity),Middle income,0.0128038480414689,0.000761592845302934,5.10551430560683e-37,0.0113111260646752,0.0142965700182627,238.013327386402,2.12527967626543e-48,7328,43621213.9345083
racethn_combn,NHW,1999-2020,21.2,WTMEC.COMBN,age+gender,inc_to_pov_level,prevent_ascvd_10yr_hba1c,14829,98109055.7753943,162,gaussian (identity),Low income,0.0229062818005932,0.00128934514798206,1.67229548311043e-39,0.0203791653105484,0.0254333982906381,238.013327386402,2.12527967626543e-48,1835,7206774.94339662
racethn_combn,Mexican-American,1999-2020,21.2,WTMEC.COMBN,age+gender,inc_to_pov_level,prevent_ascvd_10yr_hba1c,5541,9567864.78053715,131,gaussian (identity),High income (Intercept),-0.112265871159496,0.00275683505215388,9.3796169294211e-75,-0.117669267861718,-0.106862474457275,21.9688855921927,6.40207755859047e-09,782,1465843.58130506
racethn_combn,Mexican-American,1999-2020,21.2,WTMEC.COMBN,age+gender,inc_to_pov_level,prevent_ascvd_10yr_hba1c,5541,9567864.78053715,131,gaussian (identity),Middle income,0.00695208447231698,0.00185478030619174,0.000269260708506464,0.00331671507218117,0.0105874538724528,21.9688855921927,6.40207755859047e-09,3187,5447066.00652902
racethn_combn,Mexican-American,1999-2020,21.2,WTMEC.COMBN,age+gender,inc_to_pov_level,prevent_ascvd_10yr_hba1c,5541,9567864.78053715,131,gaussian (identity),Low income,0.0123988818722798,0.00191368093212844,1.84579690625014e-09,0.00864806724530808,0.0161496964992516,21.9688855921927,6.40207755859047e-09,1572,2654955.19270308
racethn_combn,NHB,1999-2020,21.2,WTMEC.COMBN,age+gender,inc_to_pov_level,prevent_ascvd_10yr_hba1c,6936,13581268.1103461,146,gaussian (identity),High income (Intercept),-0.111801391659161,0.00218966741404408,2.93526170872466e-93,-0.116093139790688,-0.107509643527635,60.2040473262825,1.16168738829067e-19,1606,3273341.90454645
racethn_combn,NHB,1999-2020,21.2,WTMEC.COMBN,age+gender,inc_to_pov_level,prevent_ascvd_10yr_hba1c,6936,13581268.1103461,146,gaussian (identity),Middle income,0.00992114112918097,0.00123611973443646,3.44346748247086e-13,0.00749834644968551,0.0123439358086764,60.2040473262825,1.16168738829067e-19,3810,7402627.03948449
racethn_combn,NHB,1999-2020,21.2,WTMEC.COMBN,age+gender,inc_to_pov_level,prevent_ascvd_10yr_hba1c,6936,13581268.1103461,146,gaussian (identity),Low income,0.0176450617338221,0.00172272560136326,8.8963105952563e-19,0.0142685195551501,0.021021603912494,60.2040473262825,1.16168738829067e-19,1520,2905299.16631513
racethn_combn,Other Hispanic,1999-2020,21.2,WTMEC.COMBN,age+gender,inc_to_pov_level,prevent_ascvd_10yr_hba1c,2776,7121778.54182428,127,gaussian (identity),High income (Intercept),-0.113072964802907,0.00307000420710625,2.75812053661554e-68,-0.119090173048835,-0.107055756556978,32.6246612887822,4.2959468288457e-12,500,1356531.43519262
racethn_combn,Other Hispanic,1999-2020,21.2,WTMEC.COMBN,age+gender,inc_to_pov_level,prevent_ascvd_10yr_hba1c,2776,7121778.54182428,127,gaussian (identity),Middle income,0.0102960573288698,0.0019819991345743,8.24190407062653e-07,0.00641133902510412,0.0141807756326354,32.6246612887822,4.2959468288457e-12,1529,4001004.09415998
racethn_combn,Other Hispanic,1999-2020,21.2,WTMEC.COMBN,age+gender,inc_to_pov_level,prevent_ascvd_10yr_hba1c,2776,7121778.54182428,127,gaussian (identity),Low income,0.017291835234858,0.00214898764457678,6.10168597482459e-13,0.0130798194514875,0.0215038510182285,32.6246612887822,4.2959468288457e-12,747,1764243.01247168
racethn_combn,Other/Multi-Racial/NHAsian,1999-2020,21.2,WTMEC.COMBN,age+gender,inc_to_pov_level,prevent_ascvd_10yr_hba1c,706,3640425.36088047,72,gaussian (identity),High income (Intercept),-0.107552061277251,0.00696260762133321,6.28090848208601e-24,-0.121198772215064,-0.0939053503394376,0.936012133994794,0.39718237449378,230,1407385.28514076
racethn_combn,Other/Multi-Racial/NHAsian,1999-2020,21.2,WTMEC.COMBN,age+gender,inc_to_pov_level,prevent_ascvd_10yr_hba1c,706,3640425.36088047,72,gaussian (identity),Middle income,0.00235314521420712,0.0039320205904661,0.551523343673673,-0.00535361514310643,0.0100599055715207,0.936012133994794,0.39718237449378,342,1733193.86377934
racethn_combn,Other/Multi-Racial/NHAsian,1999-2020,21.2,WTMEC.COMBN,age+gender,inc_to_pov_level,prevent_ascvd_10yr_hba1c,706,3640425.36088047,72,gaussian (identity),Low income,0.00840116974696637,0.00617520496442484,0.17817454220721,-0.00370223198330631,0.020504571477239,0.936012133994794,0.39718237449378,134,499846.211960378
racethn_combn,NHAsian,1999-2020,21.2,WTMEC.COMBN,age+gender,inc_to_pov_level,prevent_ascvd_10yr_hba1c,1784,3167964.98803211,67,gaussian (identity),High income (Intercept),-0.110161007550729,0.00341229268570664,6.65834004914691e-41,-0.116849101214714,-0.103472913886744,14.5161090611157,6.53312238119719e-06,782,1430812.70328834
racethn_combn,NHAsian,1999-2020,21.2,WTMEC.COMBN,age+gender,inc_to_pov_level,prevent_ascvd_10yr_hba1c,1784,3167964.98803211,67,gaussian (identity),Middle income,0.00700326118116462,0.00173030385491356,0.000144050940297322,0.00361186562553404,0.0103946567367952,14.5161090611157,6.53312238119719e-06,795,1397560.86871968
racethn_combn,NHAsian,1999-2020,21.2,WTMEC.COMBN,age+gender,inc_to_pov_level,prevent_ascvd_10yr_hba1c,1784,3167964.98803211,67,gaussian (identity),Low income,0.0130094898701116,0.00279156660636149,1.68439489212412e-05,0.0075380193216431,0.0184809604185801,14.5161090611157,6.53312238119719e-06,207,339591.416024094
racethn_combn,Other/Multi-Racial,1999-2020,21.2,WTMEC.COMBN,age+gender,inc_to_pov_level,prevent_ascvd_10yr_hba1c,519,2096183.88772353,60,gaussian (identity),High income (Intercept),-0.104258128048492,0.00687466430030099,1.74857986613658e-21,-0.117732470077082,-0.0907837860199022,8.20434765522022,0.000750109270758597,116,585099.386454302
racethn_combn,Other/Multi-Racial,1999-2020,21.2,WTMEC.COMBN,age+gender,inc_to_pov_level,prevent_ascvd_10yr_hba1c,519,2096183.88772353,60,gaussian (identity),Middle income,0.00146773245698391,0.00789553792415951,0.853199679635177,-0.0140075218743687,0.0169429867883366,8.20434765522022,0.000750109270758597,283,1155650.84461526
racethn_combn,Other/Multi-Racial,1999-2020,21.2,WTMEC.COMBN,age+gender,inc_to_pov_level,prevent_ascvd_10yr_hba1c,519,2096183.88772353,60,gaussian (identity),Low income,0.0175663023562269,0.00695593119043048,0.0144152747122349,0.00393267722298311,0.0311999274894706,8.20434765522022,0.000750109270758597,120,355433.656653962
racethn_combn,NHW,1999-2020,21.2,WTMEC.COMBN,age+gender,inc_to_pov_level,prevent_ascvd_10yr_uacr,14716,97575882.4155167,162,gaussian (identity),High income (Intercept),-0.106638400785903,0.00122223898712916,1.43127948822791e-135,-0.109033989200676,-0.10424281237113,220.537704144003,1.87444183708581e-46,5642,47134357.2309661
racethn_combn,NHW,1999-2020,21.2,WTMEC.COMBN,age+gender,inc_to_pov_level,prevent_ascvd_10yr_uacr,14716,97575882.4155167,162,gaussian (identity),Middle income,0.0131223387456892,0.000781723631625318,5.9578356309378e-37,0.0115901604277035,0.0146545170636748,220.537704144003,1.87444183708581e-46,7268,43326463.8141747
racethn_combn,NHW,1999-2020,21.2,WTMEC.COMBN,age+gender,inc_to_pov_level,prevent_ascvd_10yr_uacr,14716,97575882.4155167,162,gaussian (identity),Low income,0.0237511113303985,0.00143356526692327,2.24170491931518e-36,0.0209413234072289,0.0265608992535682,220.537704144003,1.87444183708581e-46,1806,7115061.37037587
racethn_combn,Mexican-American,1999-2020,21.2,WTMEC.COMBN,age+gender,inc_to_pov_level,prevent_ascvd_10yr_uacr,5523,9544715.29945442,131,gaussian (identity),High income (Intercept),-0.111286324082837,0.00282513116501076,4.69697187483163e-73,-0.116823581166258,-0.105749066999416,19.891539356481,3.05411330767511e-08,779,1459431.05251789
racethn_combn,Mexican-American,1999-2020,21.2,WTMEC.COMBN,age+gender,inc_to_pov_level,prevent_ascvd_10yr_uacr,5523,9544715.29945442,131,gaussian (identity),Middle income,0.00648023642482226,0.00186255791450971,0.000689560894299843,0.00282962291238322,0.0101308499372613,19.891539356481,3.05411330767511e-08,3180,5439982.54321128
racethn_combn,Mexican-American,1999-2020,21.2,WTMEC.COMBN,age+gender,inc_to_pov_level,prevent_ascvd_10yr_uacr,5523,9544715.29945442,131,gaussian (identity),Low income,0.0112017053010296,0.00181524678015318,8.41452283875257e-09,0.00764382161192942,0.0147595889901299,19.891539356481,3.05411330767511e-08,1564,2645301.70372525
racethn_combn,NHB,1999-2020,21.2,WTMEC.COMBN,age+gender,inc_to_pov_level,prevent_ascvd_10yr_uacr,6870,13475505.7252745,146,gaussian (identity),High income (Intercept),-0.1125768161775,0.00240838830429583,4.06324643575376e-88,-0.11729725725392,-0.107856375101081,56.7156056922705,7.87083985665202e-19,1597,3257486.89674957
racethn_combn,NHB,1999-2020,21.2,WTMEC.COMBN,age+gender,inc_to_pov_level,prevent_ascvd_10yr_uacr,6870,13475505.7252745,146,gaussian (identity),Middle income,0.0103425375050871,0.00131724024532996,9.11353558785467e-13,0.00776074662424037,0.0129243283859338,56.7156056922705,7.87083985665202e-19,3782,7362763.30477625
racethn_combn,NHB,1999-2020,21.2,WTMEC.COMBN,age+gender,inc_to_pov_level,prevent_ascvd_10yr_uacr,6870,13475505.7252745,146,gaussian (identity),Low income,0.0175230689271208,0.00173923234390478,2.40327111237666e-18,0.0141141735330674,0.0209319643211742,56.7156056922705,7.87083985665202e-19,1491,2855255.52374868
racethn_combn,Other Hispanic,1999-2020,21.2,WTMEC.COMBN,age+gender,inc_to_pov_level,prevent_ascvd_10yr_uacr,2771,7115466.43159121,127,gaussian (identity),High income (Intercept),-0.110958864128017,0.00359204644087008,8.41176568214585e-60,-0.117999275152122,-0.103918453103911,35.5231981188432,6.65228865932385e-13,499,1348533.64385074
racethn_combn,Other Hispanic,1999-2020,21.2,WTMEC.COMBN,age+gender,inc_to_pov_level,prevent_ascvd_10yr_uacr,2771,7115466.43159121,127,gaussian (identity),Middle income,0.010159511021612,0.00189735795388146,4.05156820573773e-07,0.0064406894320043,0.0138783326112196,35.5231981188432,6.65228865932385e-13,1528,4006975.75304445
racethn_combn,Other Hispanic,1999-2020,21.2,WTMEC.COMBN,age+gender,inc_to_pov_level,prevent_ascvd_10yr_uacr,2771,7115466.43159121,127,gaussian (identity),Low income,0.0189030888888674,0.00227551434419757,1.50381775978998e-13,0.0144430807742401,0.0233630970034946,35.5231981188432,6.65228865932385e-13,744,1759957.03469602
racethn_combn,Other/Multi-Racial/NHAsian,1999-2020,21.2,WTMEC.COMBN,age+gender,inc_to_pov_level,prevent_ascvd_10yr_uacr,704,3633274.54105396,72,gaussian (identity),High income (Intercept),-0.103715620147297,0.00639622340387679,4.64189309564103e-25,-0.116252218018896,-0.0911790222756989,1.12823109074136,0.329586657289761,231,1414084.98611255
racethn_combn,Other/Multi-Racial/NHAsian,1999-2020,21.2,WTMEC.COMBN,age+gender,inc_to_pov_level,prevent_ascvd_10yr_uacr,704,3633274.54105396,72,gaussian (identity),Middle income,0.00503456315104361,0.00425962715630358,0.241351893248336,-0.00331430607531141,0.0133834323773986,1.12823109074136,0.329586657289761,341,1726304.74686425
racethn_combn,Other/Multi-Racial/NHAsian,1999-2020,21.2,WTMEC.COMBN,age+gender,inc_to_pov_level,prevent_ascvd_10yr_uacr,704,3633274.54105396,72,gaussian (identity),Low income,0.00732785782849438,0.0052845281474799,0.170073990111464,-0.00302981734056623,0.017685532997555,1.12823109074136,0.329586657289761,132,492884.80807717
racethn_combn,NHAsian,1999-2020,21.2,WTMEC.COMBN,age+gender,inc_to_pov_level,prevent_ascvd_10yr_uacr,1776,3153769.31298187,67,gaussian (identity),High income (Intercept),-0.108739355222274,0.00472908768047921,2.40968864993793e-32,-0.118008367076013,-0.0994703433685344,16.0780248997335,2.28286669667954e-06,778,1422627.59812819
racethn_combn,NHAsian,1999-2020,21.2,WTMEC.COMBN,age+gender,inc_to_pov_level,prevent_ascvd_10yr_uacr,1776,3153769.31298187,67,gaussian (identity),Middle income,0.00829391328126133,0.00181522146236671,2.33773895296364e-05,0.00473607921502258,0.0118517473475001,16.0780248997335,2.28286669667954e-06,792,1393699.27060808
racethn_combn,NHAsian,1999-2020,21.2,WTMEC.COMBN,age+gender,inc_to_pov_level,prevent_ascvd_10yr_uacr,1776,3153769.31298187,67,gaussian (identity),Low income,0.0150885231340881,0.00354419954550134,7.01787249918747e-05,0.00814189202490549,0.0220351542432708,16.0780248997335,2.28286669667954e-06,206,337442.444245604
racethn_combn,Other/Multi-Racial,1999-2020,21.2,WTMEC.COMBN,age+gender,inc_to_pov_level,prevent_ascvd_10yr_uacr,515,2087306.93312913,60,gaussian (identity),High income (Intercept),-0.101820205508831,0.00775763133976285,9.93852244783839e-19,-0.117025162934766,-0.0866152480828958,5.58828792901925,0.00612582504967236,115,583970.287660038
racethn_combn,Other/Multi-Racial,1999-2020,21.2,WTMEC.COMBN,age+gender,inc_to_pov_level,prevent_ascvd_10yr_uacr,515,2087306.93312913,60,gaussian (identity),Middle income,0.000978065770145521,0.00703562766089592,0.889936132176827,-0.0128117644452105,0.0147678959855015,5.58828792901925,0.00612582504967236,280,1147902.98881513
racethn_combn,Other/Multi-Racial,1999-2020,21.2,WTMEC.COMBN,age+gender,inc_to_pov_level,prevent_ascvd_10yr_uacr,515,2087306.93312913,60,gaussian (identity),Low income,0.0182787479993107,0.00737827817000482,0.0162792009064418,0.00381732278610124,0.0327401732125201,5.58828792901925,0.00612582504967236,120,355433.656653962
racethn_combn,NHW,1999-2020,21.2,WTMEC.COMBN,age+gender,inc_to_pov_level,prevent_ascvd_10yr_full,14703,97494483.0016555,162,gaussian (identity),High income (Intercept),-0.101084264086637,0.00113127439914811,3.56002533746528e-137,-0.103301561908968,-0.098866966264307,219.363674342784,2.55629170940451e-46,5639,47110841.6626005
racethn_combn,NHW,1999-2020,21.2,WTMEC.COMBN,age+gender,inc_to_pov_level,prevent_ascvd_10yr_full,14703,97494483.0016555,162,gaussian (identity),Middle income,0.0121969665082013,0.000745234585435484,7.62706261023319e-36,0.0107363067207477,0.0136576262956548,219.363674342784,2.55629170940451e-46,7259,43271953.9733369
racethn_combn,NHW,1999-2020,21.2,WTMEC.COMBN,age+gender,inc_to_pov_level,prevent_ascvd_10yr_full,14703,97494483.0016555,162,gaussian (identity),Low income,0.0216842419791271,0.0012878459814371,4.37131049492588e-37,0.0191600638555103,0.0242084201027438,219.363674342784,2.55629170940451e-46,1805,7111687.36571813
racethn_combn,Mexican-American,1999-2020,21.2,WTMEC.COMBN,age+gender,inc_to_pov_level,prevent_ascvd_10yr_full,5518,9534135.28457489,131,gaussian (identity),High income (Intercept),-0.107951624774465,0.00277409249325778,1.96436294183367e-72,-0.11338884606125,-0.10251440348768,22.2776846625322,5.09169370986392e-09,779,1459431.05251789
racethn_combn,Mexican-American,1999-2020,21.2,WTMEC.COMBN,age+gender,inc_to_pov_level,prevent_ascvd_10yr_full,5518,9534135.28457489,131,gaussian (identity),Middle income,0.0070418620729573,0.00181136179339508,0.000162274404439304,0.00349159295790294,0.0105921311880117,22.2776846625322,5.09169370986392e-09,3177,5433935.8532777
racethn_combn,Mexican-American,1999-2020,21.2,WTMEC.COMBN,age+gender,inc_to_pov_level,prevent_ascvd_10yr_full,5518,9534135.28457489,131,gaussian (identity),Low income,0.0125442326051706,0.00189643318616065,9.36784206164717e-10,0.00882722356029572,0.0162612416500455,22.2776846625322,5.09169370986392e-09,1562,2640768.3787793
racethn_combn,NHB,1999-2020,21.2,WTMEC.COMBN,age+gender,inc_to_pov_level,prevent_ascvd_10yr_full,6848,13434731.9491492,146,gaussian (identity),High income (Intercept),-0.106639085247829,0.00239092305638682,2.0816444075194e-85,-0.111325294438347,-0.10195287605731,56.4067002725267,9.34741945770279e-19,1594,3252996.56089872
racethn_combn,NHB,1999-2020,21.2,WTMEC.COMBN,age+gender,inc_to_pov_level,prevent_ascvd_10yr_full,6848,13434731.9491492,146,gaussian (identity),Middle income,0.00999890707469388,0.00129346315813354,1.78575321092446e-12,0.00746371928475215,0.0125340948646356,56.4067002725267,9.34741945770279e-19,3768,7334784.61794657
racethn_combn,NHB,1999-2020,21.2,WTMEC.COMBN,age+gender,inc_to_pov_level,prevent_ascvd_10yr_full,6848,13434731.9491492,146,gaussian (identity),Low income,0.0168480730178043,0.00168390084195853,3.63484382439654e-18,0.0135476273675656,0.0201485186680431,56.4067002725267,9.34741945770279e-19,1486,2846950.77030396
racethn_combn,Other Hispanic,1999-2020,21.2,WTMEC.COMBN,age+gender,inc_to_pov_level,prevent_ascvd_10yr_full,2765,7096332.01527338,127,gaussian (identity),High income (Intercept),-0.107574827122798,0.00341168212649117,8.90318305000461e-61,-0.114261724090721,-0.100887930154876,34.4668958661778,1.30421924847806e-12,499,1348533.64385074
racethn_combn,Other Hispanic,1999-2020,21.2,WTMEC.COMBN,age+gender,inc_to_pov_level,prevent_ascvd_10yr_full,2765,7096332.01527338,127,gaussian (identity),Middle income,0.0103098518602957,0.00191727247764957,3.65753863574754e-07,0.0065519978041025,0.0140677059164888,34.4668958661778,1.30421924847806e-12,1522,3987841.33672662
racethn_combn,Other Hispanic,1999-2020,21.2,WTMEC.COMBN,age+gender,inc_to_pov_level,prevent_ascvd_10yr_full,2765,7096332.01527338,127,gaussian (identity),Low income,0.0183267756829966,0.00222977053892185,2.41663650218319e-13,0.0139564254267098,0.0226971259392835,34.4668958661778,1.30421924847806e-12,744,1759957.03469602
racethn_combn,Other/Multi-Racial/NHAsian,1999-2020,21.2,WTMEC.COMBN,age+gender,inc_to_pov_level,prevent_ascvd_10yr_full,701,3618388.14132726,72,gaussian (identity),High income (Intercept),-0.100762605263293,0.00673060833539701,3.27895799759173e-23,-0.113954597600671,-0.0875706129259151,1.66282521370957,0.197218588908911,230,1407385.28514076
racethn_combn,Other/Multi-Racial/NHAsian,1999-2020,21.2,WTMEC.COMBN,age+gender,inc_to_pov_level,prevent_ascvd_10yr_full,701,3618388.14132726,72,gaussian (identity),Middle income,0.00489972747296342,0.00386479983864441,0.209199406336496,-0.00267528021077963,0.0124747351567065,1.66282521370957,0.197218588908911,340,1720612.83210123
racethn_combn,Other/Multi-Racial/NHAsian,1999-2020,21.2,WTMEC.COMBN,age+gender,inc_to_pov_level,prevent_ascvd_10yr_full,701,3618388.14132726,72,gaussian (identity),Low income,0.00970115128353358,0.00570524841120144,0.0936271590873382,-0.00148113560242124,0.0208834381694884,1.66282521370957,0.197218588908911,131,490390.024085283
racethn_combn,NHAsian,1999-2020,21.2,WTMEC.COMBN,age+gender,inc_to_pov_level,prevent_ascvd_10yr_full,1775,3152590.32308819,67,gaussian (identity),High income (Intercept),-0.103871550356156,0.00453582670830062,3.03175563708706e-32,-0.112761770704425,-0.094981330007887,14.3975130367384,7.08637445789776e-06,778,1422627.59812819
racethn_combn,NHAsian,1999-2020,21.2,WTMEC.COMBN,age+gender,inc_to_pov_level,prevent_ascvd_10yr_full,1775,3152590.32308819,67,gaussian (identity),Middle income,0.00730618594583642,0.00181224483320588,0.000151983057708848,0.0037541860727529,0.0108581858189199,14.3975130367384,7.08637445789776e-06,791,1392520.2807144
racethn_combn,NHAsian,1999-2020,21.2,WTMEC.COMBN,age+gender,inc_to_pov_level,prevent_ascvd_10yr_full,1775,3152590.32308819,67,gaussian (identity),Low income,0.0161384448232359,0.00351594607240814,2.16845426161393e-05,0.00924719052131595,0.0230296991251559,14.3975130367384,7.08637445789776e-06,206,337442.444245604
racethn_combn,Other/Multi-Racial,1999-2020,21.2,WTMEC.COMBN,age+gender,inc_to_pov_level,prevent_ascvd_10yr_full,515,2087306.93312913,60,gaussian (identity),High income (Intercept),-0.0973381418978923,0.0075784005035329,2.4812458022498e-18,-0.112191806884817,-0.0824844769109679,5.81376464267944,0.00507932689989195,115,583970.287660038
racethn_combn,Other/Multi-Racial,1999-2020,21.2,WTMEC.COMBN,age+gender,inc_to_pov_level,prevent_ascvd_10yr_full,515,2087306.93312913,60,gaussian (identity),Middle income,-0.000348569718890701,0.0075512868447558,0.963346700291163,-0.0151490919346121,0.0144519524968307,5.81376464267944,0.00507932689989195,280,1147902.98881513
racethn_combn,Other/Multi-Racial,1999-2020,21.2,WTMEC.COMBN,age+gender,inc_to_pov_level,prevent_ascvd_10yr_full,515,2087306.93312913,60,gaussian (identity),Low income,0.0176320460245737,0.00792620739791675,0.0301607951726749,0.00209667952465682,0.0331674125244905,5.81376464267944,0.00507932689989195,120,355433.656653962
racethn_combn,NHW,1999-2020,21.2,WTMEC.COMBN,age+gender,inc_to_pov_level,prevent_ascvd_30yr_base,14843,98194060.8601723,162,gaussian (identity),High income (Intercept),-0.0742036995214552,0.0022818148351279,6.7505766611344e-72,-0.0786760565983059,-0.0697313424446045,121.272312915687,1.21475319285621e-32,5669,47304582.465855
racethn_combn,NHW,1999-2020,21.2,WTMEC.COMBN,age+gender,inc_to_pov_level,prevent_ascvd_30yr_base,14843,98194060.8601723,162,gaussian (identity),Middle income,0.0137990068105884,0.00148060342040575,9.80876682132842e-17,0.0108970241065931,0.0167009895145837,121.272312915687,1.21475319285621e-32,7338,43679329.446263
racethn_combn,NHW,1999-2020,21.2,WTMEC.COMBN,age+gender,inc_to_pov_level,prevent_ascvd_30yr_base,14843,98194060.8601723,162,gaussian (identity),Low income,0.0363470766750839,0.00251038231804535,8.872847821551e-31,0.031426727331715,0.0412674260184528,121.272312915687,1.21475319285621e-32,1836,7210148.94805436
racethn_combn,Mexican-American,1999-2020,21.2,WTMEC.COMBN,age+gender,inc_to_pov_level,prevent_ascvd_30yr_base,5546,9578444.79541668,131,gaussian (identity),High income (Intercept),-0.108752810806283,0.00588596701073409,8.4105485865839e-38,-0.120289306147322,-0.097216315465244,4.50596701054008,0.0128645843224926,782,1465843.58130506
racethn_combn,Mexican-American,1999-2020,21.2,WTMEC.COMBN,age+gender,inc_to_pov_level,prevent_ascvd_30yr_base,5546,9578444.79541668,131,gaussian (identity),Middle income,0.0083741523847877,0.00379280865627971,0.0290463259467581,0.000940247418479469,0.0158080573510959,4.50596701054008,0.0128645843224926,3190,5453112.6964626
racethn_combn,Mexican-American,1999-2020,21.2,WTMEC.COMBN,age+gender,inc_to_pov_level,prevent_ascvd_30yr_base,5546,9578444.79541668,131,gaussian (identity),Low income,0.010898370329014,0.00364676325313486,0.00336644968042452,0.00375071435286963,0.0180460263051583,4.50596701054008,0.0128645843224926,1574,2659488.51764902
racethn_combn,NHB,1999-2020,21.2,WTMEC.COMBN,age+gender,inc_to_pov_level,prevent_ascvd_30yr_base,6959,13623156.7616427,146,gaussian (identity),High income (Intercept),-0.0742369704487752,0.00423573483729683,2.49615382548444e-37,-0.082539010729877,-0.0659349301676734,23.0033782547404,2.21899846248753e-09,1609,3277832.2403973
racethn_combn,NHB,1999-2020,21.2,WTMEC.COMBN,age+gender,inc_to_pov_level,prevent_ascvd_30yr_base,6959,13623156.7616427,146,gaussian (identity),Middle income,0.00946452233538547,0.00224062548726219,4.26644895332981e-05,0.00507289638035158,0.0138561482904194,23.0033782547404,2.21899846248753e-09,3824,7430605.72631417
racethn_combn,NHB,1999-2020,21.2,WTMEC.COMBN,age+gender,inc_to_pov_level,prevent_ascvd_30yr_base,6959,13623156.7616427,146,gaussian (identity),Low income,0.0217487749095037,0.00329272303481606,7.39669205777251e-10,0.0152950377612642,0.0282025120577432,23.0033782547404,2.21899846248753e-09,1526,2914718.79493126
racethn_combn,Other Hispanic,1999-2020,21.2,WTMEC.COMBN,age+gender,inc_to_pov_level,prevent_ascvd_30yr_base,2782,7140912.95814211,127,gaussian (identity),High income (Intercept),-0.102272846923227,0.00634088585647579,3.89634205198272e-32,-0.11470098320192,-0.0898447106445347,6.89535456137026,0.00145105340221848,500,1356531.43519262
racethn_combn,Other Hispanic,1999-2020,21.2,WTMEC.COMBN,age+gender,inc_to_pov_level,prevent_ascvd_30yr_base,2782,7140912.95814211,127,gaussian (identity),Middle income,0.00957940131302928,0.0045144048322675,0.0358466929378923,0.000731167841784982,0.0184276347842736,6.89535456137026,0.00145105340221848,1535,4020138.51047781
racethn_combn,Other Hispanic,1999-2020,21.2,WTMEC.COMBN,age+gender,inc_to_pov_level,prevent_ascvd_30yr_base,2782,7140912.95814211,127,gaussian (identity),Low income,0.0184896827785599,0.00499229038594841,0.00031952062728636,0.00870479362210106,0.0282745719350188,6.89535456137026,0.00145105340221848,747,1764243.01247168
racethn_combn,Other/Multi-Racial/NHAsian,1999-2020,21.2,WTMEC.COMBN,age+gender,inc_to_pov_level,prevent_ascvd_30yr_base,709,3655311.76060717,72,gaussian (identity),High income (Intercept),-0.10106358828249,0.011485360729663,7.77862623101886e-13,-0.12357489531263,-0.078552281252351,0.381963156132625,0.683975238134678,231,1414084.98611255
racethn_combn,Other/Multi-Racial/NHAsian,1999-2020,21.2,WTMEC.COMBN,age+gender,inc_to_pov_level,prevent_ascvd_30yr_base,709,3655311.76060717,72,gaussian (identity),Middle income,-0.00397899219889964,0.0071485874885791,0.579619576822765,-0.0179902236765147,0.0100322392787154,0.381963156132625,0.683975238134678,343,1738885.77854236
racethn_combn,Other/Multi-Racial/NHAsian,1999-2020,21.2,WTMEC.COMBN,age+gender,inc_to_pov_level,prevent_ascvd_30yr_base,709,3655311.76060717,72,gaussian (identity),Low income,0.00578655432404187,0.0112156297667513,0.60757225167159,-0.0161960800187907,0.0277691886668744,0.381963156132625,0.683975238134678,135,502340.995952264
racethn_combn,NHAsian,1999-2020,21.2,WTMEC.COMBN,age+gender,inc_to_pov_level,prevent_ascvd_30yr_base,1785,3169143.97792579,67,gaussian (identity),High income (Intercept),-0.103485224783318,0.00640322291131154,4.31356134522753e-24,-0.116035541689488,-0.0909349078771472,6.59078874044482,0.00251740753121706,782,1430812.70328834
racethn_combn,NHAsian,1999-2020,21.2,WTMEC.COMBN,age+gender,inc_to_pov_level,prevent_ascvd_30yr_base,1785,3169143.97792579,67,gaussian (identity),Middle income,0.0120649461517123,0.0033233733016978,0.000569206646532259,0.00555113448038462,0.01857875782304,6.59078874044482,0.00251740753121706,796,1398739.85861336
racethn_combn,NHAsian,1999-2020,21.2,WTMEC.COMBN,age+gender,inc_to_pov_level,prevent_ascvd_30yr_base,1785,3169143.97792579,67,gaussian (identity),Low income,0.00810525157018012,0.00475685607603997,0.0933262044438983,-0.00121818633885821,0.0174286894792185,6.59078874044482,0.00251740753121706,207,339591.416024094
racethn_combn,Other/Multi-Racial,1999-2020,21.2,WTMEC.COMBN,age+gender,inc_to_pov_level,prevent_ascvd_30yr_base,519,2096183.88772353,60,gaussian (identity),High income (Intercept),-0.0548798790153541,0.0158464059371974,0.0010300355265326,-0.085938834652261,-0.0238209233784471,5.53754973464025,0.00639068844270698,116,585099.386454302
racethn_combn,Other/Multi-Racial,1999-2020,21.2,WTMEC.COMBN,age+gender,inc_to_pov_level,prevent_ascvd_30yr_base,519,2096183.88772353,60,gaussian (identity),Middle income,0.00119231606267749,0.0115478520450889,0.918133404644154,-0.0214414739456968,0.0238261060710518,5.53754973464025,0.00639068844270698,283,1155650.84461526
racethn_combn,Other/Multi-Racial,1999-2020,21.2,WTMEC.COMBN,age+gender,inc_to_pov_level,prevent_ascvd_30yr_base,519,2096183.88772353,60,gaussian (identity),Low income,0.0280081101947572,0.0107372343821258,0.0116387592152677,0.00696313080579054,0.0490530895837238,5.53754973464025,0.00639068844270698,120,355433.656653962
racethn_combn,NHW,1999-2020,21.2,WTMEC.COMBN,age+gender,inc_to_pov_level,prevent_ascvd_30yr_hba1c,14829,98109055.7753943,162,gaussian (identity),High income (Intercept),-0.0708257651464464,0.002100906406577,4.65245877749413e-74,-0.0749435417033373,-0.0667079885895555,121.654342950866,1.04496959625209e-32,5666,47281066.8974895
racethn_combn,NHW,1999-2020,21.2,WTMEC.COMBN,age+gender,inc_to_pov_level,prevent_ascvd_30yr_hba1c,14829,98109055.7753943,162,gaussian (identity),Middle income,0.0128258631063996,0.00134525798147058,2.65493307987988e-17,0.0101891574627172,0.0154625687500819,121.654342950866,1.04496959625209e-32,7328,43621213.9345083
racethn_combn,NHW,1999-2020,21.2,WTMEC.COMBN,age+gender,inc_to_pov_level,prevent_ascvd_30yr_hba1c,14829,98109055.7753943,162,gaussian (identity),Low income,0.0341633465293005,0.00236667735732762,1.16501213298226e-30,0.0295246589089384,0.0388020341496626,121.654342950866,1.04496959625209e-32,1835,7206774.94339662
racethn_combn,Mexican-American,1999-2020,21.2,WTMEC.COMBN,age+gender,inc_to_pov_level,prevent_ascvd_30yr_hba1c,5541,9567864.78053715,131,gaussian (identity),High income (Intercept),-0.105177129658407,0.00566499719362087,5.36693455910649e-38,-0.116280524157904,-0.0940737351589099,5.78418677314767,0.00394334428608333,782,1465843.58130506
racethn_combn,Mexican-American,1999-2020,21.2,WTMEC.COMBN,age+gender,inc_to_pov_level,prevent_ascvd_30yr_hba1c,5541,9567864.78053715,131,gaussian (identity),Middle income,0.00866685490522705,0.00352412604398759,0.0152670020214103,0.00175956785901137,0.0155741419514427,5.78418677314767,0.00394334428608333,3187,5447066.00652902
racethn_combn,Mexican-American,1999-2020,21.2,WTMEC.COMBN,age+gender,inc_to_pov_level,prevent_ascvd_30yr_hba1c,5541,9567864.78053715,131,gaussian (identity),Low income,0.0120912304858665,0.00356834749470726,0.000936478550964789,0.00509726939624025,0.0190851915754927,5.78418677314767,0.00394334428608333,1572,2654955.19270308
racethn_combn,NHB,1999-2020,21.2,WTMEC.COMBN,age+gender,inc_to_pov_level,prevent_ascvd_30yr_hba1c,6936,13581268.1103461,146,gaussian (identity),High income (Intercept),-0.0699923347172011,0.00404234688067032,8.1124677358336e-37,-0.0779153346033149,-0.0620693348310873,26.0082215378616,2.37649129583508e-10,1606,3273341.90454645
racethn_combn,NHB,1999-2020,21.2,WTMEC.COMBN,age+gender,inc_to_pov_level,prevent_ascvd_30yr_hba1c,6936,13581268.1103461,146,gaussian (identity),Middle income,0.0091477528106607,0.00210908507139831,2.71896382942448e-05,0.00501394607072002,0.0132815595506014,26.0082215378616,2.37649129583508e-10,3810,7402627.03948449
racethn_combn,NHB,1999-2020,21.2,WTMEC.COMBN,age+gender,inc_to_pov_level,prevent_ascvd_30yr_hba1c,6936,13581268.1103461,146,gaussian (identity),Low income,0.0212247837938058,0.00303286158742373,9.44484972801065e-11,0.0152803750824552,0.0271691925051563,26.0082215378616,2.37649129583508e-10,1520,2905299.16631513
racethn_combn,Other Hispanic,1999-2020,21.2,WTMEC.COMBN,age+gender,inc_to_pov_level,prevent_ascvd_30yr_hba1c,2776,7121778.54182428,127,gaussian (identity),High income (Intercept),-0.098681581290413,0.00607745621193607,2.2218698342532e-32,-0.110593395465808,-0.0867697671150183,7.72992188235881,0.000688253397755796,500,1356531.43519262
racethn_combn,Other Hispanic,1999-2020,21.2,WTMEC.COMBN,age+gender,inc_to_pov_level,prevent_ascvd_30yr_hba1c,2776,7121778.54182428,127,gaussian (identity),Middle income,0.00986874997011851,0.00430102840722895,0.0234565406334469,0.00143873429194977,0.0182987656482873,7.72992188235881,0.000688253397755796,1529,4001004.09415998
racethn_combn,Other Hispanic,1999-2020,21.2,WTMEC.COMBN,age+gender,inc_to_pov_level,prevent_ascvd_30yr_hba1c,2776,7121778.54182428,127,gaussian (identity),Low income,0.0182483613717908,0.00465214039122742,0.000144744296890746,0.00913016620498505,0.0273665565385965,7.72992188235881,0.000688253397755796,747,1764243.01247168
racethn_combn,Other/Multi-Racial/NHAsian,1999-2020,21.2,WTMEC.COMBN,age+gender,inc_to_pov_level,prevent_ascvd_30yr_hba1c,706,3640425.36088047,72,gaussian (identity),High income (Intercept),-0.0982892517033243,0.0110914704398015,5.99995010284479e-13,-0.120028533765335,-0.0765499696413134,0.532983605136177,0.589282706345695,230,1407385.28514076
racethn_combn,Other/Multi-Racial/NHAsian,1999-2020,21.2,WTMEC.COMBN,age+gender,inc_to_pov_level,prevent_ascvd_30yr_hba1c,706,3640425.36088047,72,gaussian (identity),Middle income,-0.00373263992402295,0.00644448668785943,0.564368790298217,-0.0163638338322274,0.00889855398418153,0.532983605136177,0.589282706345695,342,1733193.86377934
racethn_combn,Other/Multi-Racial/NHAsian,1999-2020,21.2,WTMEC.COMBN,age+gender,inc_to_pov_level,prevent_ascvd_30yr_hba1c,706,3640425.36088047,72,gaussian (identity),Low income,0.00752325328917838,0.0107592888217799,0.486791166425684,-0.0135649528015101,0.0286114593798669,0.532983605136177,0.589282706345695,134,499846.211960378
racethn_combn,NHAsian,1999-2020,21.2,WTMEC.COMBN,age+gender,inc_to_pov_level,prevent_ascvd_30yr_hba1c,1784,3167964.98803211,67,gaussian (identity),High income (Intercept),-0.0989963209999484,0.00572189923028327,1.28196300735539e-25,-0.110211243491304,-0.0877813985085932,5.30955418813687,0.00739647646746101,782,1430812.70328834
racethn_combn,NHAsian,1999-2020,21.2,WTMEC.COMBN,age+gender,inc_to_pov_level,prevent_ascvd_30yr_hba1c,1784,3167964.98803211,67,gaussian (identity),Middle income,0.0104792343231733,0.00323721076302433,0.00192700826399377,0.00413430122764562,0.016824167418701,5.30955418813687,0.00739647646746101,795,1397560.86871968
racethn_combn,NHAsian,1999-2020,21.2,WTMEC.COMBN,age+gender,inc_to_pov_level,prevent_ascvd_30yr_hba1c,1784,3167964.98803211,67,gaussian (identity),Low income,0.00944380724212297,0.00474314499140129,0.0508171065762098,0.000147243058976442,0.0187403714252695,5.30955418813687,0.00739647646746101,207,339591.416024094
racethn_combn,Other/Multi-Racial,1999-2020,21.2,WTMEC.COMBN,age+gender,inc_to_pov_level,prevent_ascvd_30yr_hba1c,519,2096183.88772353,60,gaussian (identity),High income (Intercept),-0.0533545051830499,0.0147587222672143,0.000644194856221179,-0.0822816008267899,-0.0244274095393099,6.01080077980454,0.00431670995363522,116,585099.386454302
racethn_combn,Other/Multi-Racial,1999-2020,21.2,WTMEC.COMBN,age+gender,inc_to_pov_level,prevent_ascvd_30yr_hba1c,519,2096183.88772353,60,gaussian (identity),Middle income,-0.000899301043765424,0.0114407572052914,0.937626995442927,-0.0233231851661365,0.0215245830786056,6.01080077980454,0.00431670995363522,283,1155650.84461526
racethn_combn,Other/Multi-Racial,1999-2020,21.2,WTMEC.COMBN,age+gender,inc_to_pov_level,prevent_ascvd_30yr_hba1c,519,2096183.88772353,60,gaussian (identity),Low income,0.0257459134702858,0.0105706487715596,0.0180753316019969,0.00502744187802903,0.0464643850625426,6.01080077980454,0.00431670995363522,120,355433.656653962
racethn_combn,NHW,1999-2020,21.2,WTMEC.COMBN,age+gender,inc_to_pov_level,prevent_ascvd_30yr_uacr,14716,97575882.4155167,162,gaussian (identity),High income (Intercept),-0.0853302661069514,0.00206042465212159,9.59769303439833e-87,-0.0893686984251097,-0.081291833788793,145.388382816818,1.5258473706371e-36,5642,47134357.2309661
racethn_combn,NHW,1999-2020,21.2,WTMEC.COMBN,age+gender,inc_to_pov_level,prevent_ascvd_30yr_uacr,14716,97575882.4155167,162,gaussian (identity),Middle income,0.0143326217873339,0.00139160117658042,2.36158608415585e-19,0.0116050834812363,0.0170601600934315,145.388382816818,1.5258473706371e-36,7268,43326463.8141747
racethn_combn,NHW,1999-2020,21.2,WTMEC.COMBN,age+gender,inc_to_pov_level,prevent_ascvd_30yr_uacr,14716,97575882.4155167,162,gaussian (identity),Low income,0.0366565654008653,0.00231760745126449,2.21080313571528e-34,0.0321140547963869,0.0411990760053437,145.388382816818,1.5258473706371e-36,1806,7115061.37037587
racethn_combn,Mexican-American,1999-2020,21.2,WTMEC.COMBN,age+gender,inc_to_pov_level,prevent_ascvd_30yr_uacr,5523,9544715.29945442,131,gaussian (identity),High income (Intercept),-0.117248097678931,0.00557555911984725,3.42348358810656e-43,-0.128176193553832,-0.106320001804031,5.37849179161794,0.00572560149273379,779,1459431.05251789
racethn_combn,Mexican-American,1999-2020,21.2,WTMEC.COMBN,age+gender,inc_to_pov_level,prevent_ascvd_30yr_uacr,5523,9544715.29945442,131,gaussian (identity),Middle income,0.00846127484402505,0.00375599739580564,0.025991772652003,0.00109951994824601,0.0158230297398041,5.37849179161794,0.00572560149273379,3180,5439982.54321128
racethn_combn,Mexican-American,1999-2020,21.2,WTMEC.COMBN,age+gender,inc_to_pov_level,prevent_ascvd_30yr_uacr,5523,9544715.29945442,131,gaussian (identity),Low income,0.0117538297209979,0.00362430606130623,0.00151102454603488,0.00465018984083763,0.0188574696011581,5.37849179161794,0.00572560149273379,1564,2645301.70372525
racethn_combn,NHB,1999-2020,21.2,WTMEC.COMBN,age+gender,inc_to_pov_level,prevent_ascvd_30yr_uacr,6870,13475505.7252745,146,gaussian (identity),High income (Intercept),-0.0873514661769879,0.00413392489013329,1.10879009133258e-45,-0.0954539589616492,-0.0792489733923267,28.6154539300854,3.61531180757363e-11,1597,3257486.89674957
racethn_combn,NHB,1999-2020,21.2,WTMEC.COMBN,age+gender,inc_to_pov_level,prevent_ascvd_30yr_uacr,6870,13475505.7252745,146,gaussian (identity),Middle income,0.0104138197352804,0.00218346175945769,4.53118920292868e-06,0.00613423468674338,0.0146934047838175,28.6154539300854,3.61531180757363e-11,3782,7362763.30477625
racethn_combn,NHB,1999-2020,21.2,WTMEC.COMBN,age+gender,inc_to_pov_level,prevent_ascvd_30yr_uacr,6870,13475505.7252745,146,gaussian (identity),Low income,0.0231297169993054,0.00317340874431531,1.99652359765207e-11,0.0169098358604474,0.0293495981381635,28.6154539300854,3.61531180757363e-11,1491,2855255.52374868
racethn_combn,Other Hispanic,1999-2020,21.2,WTMEC.COMBN,age+gender,inc_to_pov_level,prevent_ascvd_30yr_uacr,2771,7115466.43159121,127,gaussian (identity),High income (Intercept),-0.112363962648789,0.00598536555216817,6.4306227242412e-38,-0.124095279131039,-0.100632646166539,9.92942731788031,0.000100548078545033,499,1348533.64385074
racethn_combn,Other Hispanic,1999-2020,21.2,WTMEC.COMBN,age+gender,inc_to_pov_level,prevent_ascvd_30yr_uacr,2771,7115466.43159121,127,gaussian (identity),Middle income,0.0104556935204236,0.00432258738765185,0.0170342067763807,0.00198342224062596,0.0189279648002212,9.92942731788031,0.000100548078545033,1528,4006975.75304445
racethn_combn,Other Hispanic,1999-2020,21.2,WTMEC.COMBN,age+gender,inc_to_pov_level,prevent_ascvd_30yr_uacr,2771,7115466.43159121,127,gaussian (identity),Low income,0.0207524245515355,0.00467525128821291,1.98660863115273e-05,0.0115889320266382,0.0299159170764328,9.92942731788031,0.000100548078545033,744,1759957.03469602
racethn_combn,Other/Multi-Racial/NHAsian,1999-2020,21.2,WTMEC.COMBN,age+gender,inc_to_pov_level,prevent_ascvd_30yr_uacr,704,3633274.54105396,72,gaussian (identity),High income (Intercept),-0.11119686905575,0.0102460396576347,1.73318647802427e-16,-0.131279106784714,-0.0911146313267855,0.383750569359704,0.682767372705871,231,1414084.98611255
racethn_combn,Other/Multi-Racial/NHAsian,1999-2020,21.2,WTMEC.COMBN,age+gender,inc_to_pov_level,prevent_ascvd_30yr_uacr,704,3633274.54105396,72,gaussian (identity),Middle income,-0.000200905617170186,0.00693139172012262,0.976961543276444,-0.0137864333886105,0.0133846221542701,0.383750569359704,0.682767372705871,341,1726304.74686425
racethn_combn,Other/Multi-Racial/NHAsian,1999-2020,21.2,WTMEC.COMBN,age+gender,inc_to_pov_level,prevent_ascvd_30yr_uacr,704,3633274.54105396,72,gaussian (identity),Low income,0.0095537467546375,0.01145973243629,0.407380418537367,-0.0129073288204909,0.0320148223297659,0.383750569359704,0.682767372705871,132,492884.80807717
racethn_combn,NHAsian,1999-2020,21.2,WTMEC.COMBN,age+gender,inc_to_pov_level,prevent_ascvd_30yr_uacr,1776,3153769.31298187,67,gaussian (identity),High income (Intercept),-0.111257710820954,0.0058566594405697,9.02548168500358e-28,-0.122736763324471,-0.0997786583174376,7.66012202194554,0.00105243503790237,778,1422627.59812819
racethn_combn,NHAsian,1999-2020,21.2,WTMEC.COMBN,age+gender,inc_to_pov_level,prevent_ascvd_30yr_uacr,1776,3153769.31298187,67,gaussian (identity),Middle income,0.0128267658114358,0.00327802213831307,0.000226223179005877,0.00640184242034219,0.0192516892025294,7.66012202194554,0.00105243503790237,792,1393699.27060808
racethn_combn,NHAsian,1999-2020,21.2,WTMEC.COMBN,age+gender,inc_to_pov_level,prevent_ascvd_30yr_uacr,1776,3153769.31298187,67,gaussian (identity),Low income,0.0106475671862503,0.00459763713197249,0.0238326314581246,0.00163619840758423,0.0196589359649164,7.66012202194554,0.00105243503790237,206,337442.444245604
racethn_combn,Other/Multi-Racial,1999-2020,21.2,WTMEC.COMBN,age+gender,inc_to_pov_level,prevent_ascvd_30yr_uacr,515,2087306.93312913,60,gaussian (identity),High income (Intercept),-0.0668929846009024,0.0160899123807828,0.000111404130805355,-0.0984292128672367,-0.0353567563345682,5.75828264806657,0.00531832918874823,115,583970.287660038
racethn_combn,Other/Multi-Racial,1999-2020,21.2,WTMEC.COMBN,age+gender,inc_to_pov_level,prevent_ascvd_30yr_uacr,515,2087306.93312913,60,gaussian (identity),Middle income,-0.00132023603681855,0.0120793225224528,0.913357492426577,-0.024995708180826,0.0223552361071889,5.75828264806657,0.00531832918874823,280,1147902.98881513
racethn_combn,Other/Multi-Racial,1999-2020,21.2,WTMEC.COMBN,age+gender,inc_to_pov_level,prevent_ascvd_30yr_uacr,515,2087306.93312913,60,gaussian (identity),Low income,0.0281997515629751,0.0120641268291006,0.0230135458691933,0.00455406297793797,0.0518454401480123,5.75828264806657,0.00531832918874823,120,355433.656653962
racethn_combn,NHW,1999-2020,21.2,WTMEC.COMBN,age+gender,inc_to_pov_level,prevent_ascvd_30yr_full,14703,97494483.0016555,162,gaussian (identity),High income (Intercept),-0.070913759365711,0.00189409744325548,1.85517139565441e-80,-0.0746261903544917,-0.0672013283769302,134.189374665303,8.71086556325819e-35,5639,47110841.6626005
racethn_combn,NHW,1999-2020,21.2,WTMEC.COMBN,age+gender,inc_to_pov_level,prevent_ascvd_30yr_full,14703,97494483.0016555,162,gaussian (identity),Middle income,0.012373015873439,0.00124644867646673,2.37912288124292e-18,0.00992997646756422,0.0148160552793138,134.189374665303,8.71086556325819e-35,7259,43271953.9733369
racethn_combn,NHW,1999-2020,21.2,WTMEC.COMBN,age+gender,inc_to_pov_level,prevent_ascvd_30yr_full,14703,97494483.0016555,162,gaussian (identity),Low income,0.0325914226109372,0.00214370062721431,9.74082515328795e-33,0.0283897693815972,0.0367930758402773,134.189374665303,8.71086556325819e-35,1805,7111687.36571813
racethn_combn,Mexican-American,1999-2020,21.2,WTMEC.COMBN,age+gender,inc_to_pov_level,prevent_ascvd_30yr_full,5518,9534135.28457489,131,gaussian (identity),High income (Intercept),-0.103413888385388,0.00534230344560949,1.05672058628976e-39,-0.113884803138783,-0.0929429736319935,6.3340591766544,0.00238703538872307,779,1459431.05251789
racethn_combn,Mexican-American,1999-2020,21.2,WTMEC.COMBN,age+gender,inc_to_pov_level,prevent_ascvd_30yr_full,5518,9534135.28457489,131,gaussian (identity),Middle income,0.00852679179380609,0.0033940083424193,0.0132475171178342,0.00187453544266425,0.0151790481449479,6.3340591766544,0.00238703538872307,3177,5433935.8532777
racethn_combn,Mexican-American,1999-2020,21.2,WTMEC.COMBN,age+gender,inc_to_pov_level,prevent_ascvd_30yr_full,5518,9534135.28457489,131,gaussian (identity),Low income,0.0121232999839303,0.00342404411157551,0.000558719615391971,0.00541217352524232,0.0188344264426183,6.3340591766544,0.00238703538872307,1562,2640768.3787793
racethn_combn,NHB,1999-2020,21.2,WTMEC.COMBN,age+gender,inc_to_pov_level,prevent_ascvd_30yr_full,6848,13434731.9491492,146,gaussian (identity),High income (Intercept),-0.0727135826494294,0.00398183317914142,4.33621771625555e-39,-0.0805179756805466,-0.0649091896183122,28.4238572588579,4.14485733050064e-11,1594,3252996.56089872
racethn_combn,NHB,1999-2020,21.2,WTMEC.COMBN,age+gender,inc_to_pov_level,prevent_ascvd_30yr_full,6848,13434731.9491492,146,gaussian (identity),Middle income,0.00928206364783214,0.00202751888711834,1.01607124966649e-05,0.0053081266290802,0.0132560006665841,28.4238572588579,4.14485733050064e-11,3768,7334784.61794657
racethn_combn,NHB,1999-2020,21.2,WTMEC.COMBN,age+gender,inc_to_pov_level,prevent_ascvd_30yr_full,6848,13434731.9491492,146,gaussian (identity),Low income,0.0209261579929509,0.0028888048356718,2.54102468020419e-11,0.0152641005150342,0.0265882154708676,28.4238572588579,4.14485733050064e-11,1486,2846950.77030396
racethn_combn,Other Hispanic,1999-2020,21.2,WTMEC.COMBN,age+gender,inc_to_pov_level,prevent_ascvd_30yr_full,2765,7096332.01527338,127,gaussian (identity),High income (Intercept),-0.0984322345020829,0.0056958492470905,1.05779105970423e-34,-0.10959609902638,-0.0872683699777855,9.68393657991782,0.000124258620933277,499,1348533.64385074
racethn_combn,Other Hispanic,1999-2020,21.2,WTMEC.COMBN,age+gender,inc_to_pov_level,prevent_ascvd_30yr_full,2765,7096332.01527338,127,gaussian (identity),Middle income,0.0102043518134954,0.00409484974449511,0.0140337835761919,0.00217844631428494,0.0182302573127058,9.68393657991782,0.000124258620933277,1522,3987841.33672662
racethn_combn,Other Hispanic,1999-2020,21.2,WTMEC.COMBN,age+gender,inc_to_pov_level,prevent_ascvd_30yr_full,2765,7096332.01527338,127,gaussian (identity),Low income,0.0192082444677583,0.00438404620565193,2.49706655407911e-05,0.0106155139046805,0.0278009750308361,9.68393657991782,0.000124258620933277,744,1759957.03469602
racethn_combn,Other/Multi-Racial/NHAsian,1999-2020,21.2,WTMEC.COMBN,age+gender,inc_to_pov_level,prevent_ascvd_30yr_full,701,3618388.14132726,72,gaussian (identity),High income (Intercept),-0.098295516252258,0.00975605039089075,4.01618840097518e-15,-0.117417375018404,-0.0791736574861121,0.537112950878399,0.586891917018842,230,1407385.28514076
racethn_combn,Other/Multi-Racial/NHAsian,1999-2020,21.2,WTMEC.COMBN,age+gender,inc_to_pov_level,prevent_ascvd_30yr_full,701,3618388.14132726,72,gaussian (identity),Middle income,-0.000752761904078569,0.00613860500157437,0.902763766119364,-0.0127844277071643,0.0112789038990072,0.537112950878399,0.586891917018842,340,1720612.83210123
racethn_combn,Other/Multi-Racial/NHAsian,1999-2020,21.2,WTMEC.COMBN,age+gender,inc_to_pov_level,prevent_ascvd_30yr_full,701,3618388.14132726,72,gaussian (identity),Low income,0.0107504785692141,0.0111461045006736,0.33821019802001,-0.0110958862521061,0.0325968433905342,0.537112950878399,0.586891917018842,131,490390.024085283
racethn_combn,NHAsian,1999-2020,21.2,WTMEC.COMBN,age+gender,inc_to_pov_level,prevent_ascvd_30yr_full,1775,3152590.32308819,67,gaussian (identity),High income (Intercept),-0.0948379137896916,0.00539904830120281,5.79584233299102e-26,-0.105420048460049,-0.0842557791193341,5.86637775852766,0.00460925720897945,778,1422627.59812819
racethn_combn,NHAsian,1999-2020,21.2,WTMEC.COMBN,age+gender,inc_to_pov_level,prevent_ascvd_30yr_full,1775,3152590.32308819,67,gaussian (identity),Middle income,0.010768630577044,0.00318665626121309,0.00125129984445379,0.00452278430506637,0.0170144768490217,5.86637775852766,0.00460925720897945,791,1392520.2807144
racethn_combn,NHAsian,1999-2020,21.2,WTMEC.COMBN,age+gender,inc_to_pov_level,prevent_ascvd_30yr_full,1775,3152590.32308819,67,gaussian (identity),Low income,0.0110169115127454,0.00454888310292008,0.01832972458902,0.00210110063102201,0.0199327223944687,5.86637775852766,0.00460925720897945,206,337442.444245604
racethn_combn,Other/Multi-Racial,1999-2020,21.2,WTMEC.COMBN,age+gender,inc_to_pov_level,prevent_ascvd_30yr_full,515,2087306.93312913,60,gaussian (identity),High income (Intercept),-0.056465251342502,0.014965396552566,0.000391179081003443,-0.0857974285855315,-0.0271330740994726,5.63377289829043,0.00589804972879102,115,583970.287660038
racethn_combn,Other/Multi-Racial,1999-2020,21.2,WTMEC.COMBN,age+gender,inc_to_pov_level,prevent_ascvd_30yr_full,515,2087306.93312913,60,gaussian (identity),Middle income,-0.00276816206031779,0.0115009279893021,0.810674152958445,-0.0253099809193499,0.0197736567987143,5.63377289829043,0.00589804972879102,280,1147902.98881513
racethn_combn,Other/Multi-Racial,1999-2020,21.2,WTMEC.COMBN,age+gender,inc_to_pov_level,prevent_ascvd_30yr_full,515,2087306.93312913,60,gaussian (identity),Low income,0.0240879584075532,0.0113766722740242,0.0386879289105197,0.00178968075046587,0.0463862360646405,5.63377289829043,0.00589804972879102,120,355433.656653962
racethn_combn,NHW,1999-2020,21.2,WTMEC.COMBN,age+gender,inc_to_pov_level,prevent_hf_10yr_base,14843,98194060.8601723,162,gaussian (identity),High income (Intercept),-0.179564056104541,0.00188292657136698,1.46414961339036e-141,-0.18325459218442,-0.175873520024662,190.097424731619,8.90607662750781e-43,5669,47304582.465855
racethn_combn,NHW,1999-2020,21.2,WTMEC.COMBN,age+gender,inc_to_pov_level,prevent_hf_10yr_base,14843,98194060.8601723,162,gaussian (identity),Middle income,0.0176122604170075,0.00117330004272574,3.21663797252606e-32,0.0153125923332651,0.01991192850075,190.097424731619,8.90607662750781e-43,7338,43679329.446263
racethn_combn,NHW,1999-2020,21.2,WTMEC.COMBN,age+gender,inc_to_pov_level,prevent_hf_10yr_base,14843,98194060.8601723,162,gaussian (identity),Low income,0.0287096489644875,0.00182449536463064,3.63584990579668e-34,0.0251336380498115,0.0322856598791636,190.097424731619,8.90607662750781e-43,1836,7210148.94805436
racethn_combn,Mexican-American,1999-2020,21.2,WTMEC.COMBN,age+gender,inc_to_pov_level,prevent_hf_10yr_base,5546,9578444.79541668,131,gaussian (identity),High income (Intercept),-0.164138044327228,0.00378250749549683,5.02579177674028e-78,-0.171551759018401,-0.156724329636054,10.3192784658017,7.0363836979224e-05,782,1465843.58130506
racethn_combn,Mexican-American,1999-2020,21.2,WTMEC.COMBN,age+gender,inc_to_pov_level,prevent_hf_10yr_base,5546,9578444.79541668,131,gaussian (identity),Middle income,0.00632856428490072,0.00251429217926192,0.0130795441914777,0.00140055161354737,0.0112565769562541,10.3192784658017,7.0363836979224e-05,3190,5453112.6964626
racethn_combn,Mexican-American,1999-2020,21.2,WTMEC.COMBN,age+gender,inc_to_pov_level,prevent_hf_10yr_base,5546,9578444.79541668,131,gaussian (identity),Low income,0.0116092395709502,0.00259903769458286,1.73543122614592e-05,0.00651512568956782,0.0167033534523326,10.3192784658017,7.0363836979224e-05,1574,2659488.51764902
racethn_combn,NHB,1999-2020,21.2,WTMEC.COMBN,age+gender,inc_to_pov_level,prevent_hf_10yr_base,6959,13623156.7616427,146,gaussian (identity),High income (Intercept),-0.18696881995932,0.00324462175786797,2.23529386953839e-100,-0.193328278604741,-0.180609361313899,50.9085766963927,2.14244775309233e-17,1609,3277832.2403973
racethn_combn,NHB,1999-2020,21.2,WTMEC.COMBN,age+gender,inc_to_pov_level,prevent_hf_10yr_base,6959,13623156.7616427,146,gaussian (identity),Middle income,0.0147403947865344,0.00205138990859402,3.47668161470827e-11,0.0107196705656901,0.0187611190073787,50.9085766963927,2.14244775309233e-17,3824,7430605.72631417
racethn_combn,NHB,1999-2020,21.2,WTMEC.COMBN,age+gender,inc_to_pov_level,prevent_hf_10yr_base,6959,13623156.7616427,146,gaussian (identity),Low income,0.0259315980889561,0.00261429025016014,6.05580778267729e-18,0.0208075891986423,0.03105560697927,50.9085766963927,2.14244775309233e-17,1526,2914718.79493126
racethn_combn,Other Hispanic,1999-2020,21.2,WTMEC.COMBN,age+gender,inc_to_pov_level,prevent_hf_10yr_base,2782,7140912.95814211,127,gaussian (identity),High income (Intercept),-0.166352715401517,0.00463938179656352,5.65513365140532e-67,-0.175445903722781,-0.157259527080252,18.9905575786283,6.4939069908405e-08,500,1356531.43519262
racethn_combn,Other Hispanic,1999-2020,21.2,WTMEC.COMBN,age+gender,inc_to_pov_level,prevent_hf_10yr_base,2782,7140912.95814211,127,gaussian (identity),Middle income,0.0101000926401738,0.00256250751550923,0.000134976992016292,0.00507757790977567,0.0151226073705718,18.9905575786283,6.4939069908405e-08,1535,4020138.51047781
racethn_combn,Other Hispanic,1999-2020,21.2,WTMEC.COMBN,age+gender,inc_to_pov_level,prevent_hf_10yr_base,2782,7140912.95814211,127,gaussian (identity),Low income,0.0180965025667907,0.00293637964004665,9.36794714581756e-09,0.0123411984722993,0.0238518066612821,18.9905575786283,6.4939069908405e-08,747,1764243.01247168
racethn_combn,Other/Multi-Racial/NHAsian,1999-2020,21.2,WTMEC.COMBN,age+gender,inc_to_pov_level,prevent_hf_10yr_base,709,3655311.76060717,72,gaussian (identity),High income (Intercept),-0.153930196747124,0.00797194709083909,2.6254192129208e-29,-0.169555213045169,-0.13830518044908,0.495929339667125,0.611190075875413,231,1414084.98611255
racethn_combn,Other/Multi-Racial/NHAsian,1999-2020,21.2,WTMEC.COMBN,age+gender,inc_to_pov_level,prevent_hf_10yr_base,709,3655311.76060717,72,gaussian (identity),Middle income,0.00395428702995846,0.00510563517771974,0.441323028999653,-0.00605275791837222,0.0139613319782891,0.495929339667125,0.611190075875413,343,1738885.77854236
racethn_combn,Other/Multi-Racial/NHAsian,1999-2020,21.2,WTMEC.COMBN,age+gender,inc_to_pov_level,prevent_hf_10yr_base,709,3655311.76060717,72,gaussian (identity),Low income,0.00670426801219153,0.00712745339820285,0.350226097674298,-0.00726554064828605,0.0206740766726691,0.495929339667125,0.611190075875413,135,502340.995952264
racethn_combn,NHAsian,1999-2020,21.2,WTMEC.COMBN,age+gender,inc_to_pov_level,prevent_hf_10yr_base,1785,3169143.97792579,67,gaussian (identity),High income (Intercept),-0.172951502913189,0.00634694784454925,1.42948078279454e-36,-0.185391520688506,-0.160511485137873,12.5377738088765,2.60785665351467e-05,782,1430812.70328834
racethn_combn,NHAsian,1999-2020,21.2,WTMEC.COMBN,age+gender,inc_to_pov_level,prevent_hf_10yr_base,1785,3169143.97792579,67,gaussian (identity),Middle income,0.00934169957366686,0.00231590077688869,0.00015088032247925,0.00480253405096503,0.0138808650963687,12.5377738088765,2.60785665351467e-05,796,1398739.85861336
racethn_combn,NHAsian,1999-2020,21.2,WTMEC.COMBN,age+gender,inc_to_pov_level,prevent_hf_10yr_base,1785,3169143.97792579,67,gaussian (identity),Low income,0.016058297229397,0.00451644785404271,0.000722168129832958,0.00720605943547333,0.0249105350233207,12.5377738088765,2.60785665351467e-05,207,339591.416024094
racethn_combn,Other/Multi-Racial,1999-2020,21.2,WTMEC.COMBN,age+gender,inc_to_pov_level,prevent_hf_10yr_base,519,2096183.88772353,60,gaussian (identity),High income (Intercept),-0.180118227729129,0.0118574702596223,1.62440586481802e-21,-0.203358869437988,-0.156877586020269,3.21610951045557,0.0476232642771463,116,585099.386454302
racethn_combn,Other/Multi-Racial,1999-2020,21.2,WTMEC.COMBN,age+gender,inc_to_pov_level,prevent_hf_10yr_base,519,2096183.88772353,60,gaussian (identity),Middle income,0.0131796862975914,0.0115116717933637,0.257121257113781,-0.00938319041740148,0.0357425630125843,3.21610951045557,0.0476232642771463,283,1155650.84461526
racethn_combn,Other/Multi-Racial,1999-2020,21.2,WTMEC.COMBN,age+gender,inc_to_pov_level,prevent_hf_10yr_base,519,2096183.88772353,60,gaussian (identity),Low income,0.022442511995644,0.00927853356399314,0.0188488924331487,0.00425658621021742,0.0406284377810705,3.21610951045557,0.0476232642771463,120,355433.656653962
racethn_combn,NHW,1999-2020,21.2,WTMEC.COMBN,age+gender,inc_to_pov_level,prevent_hf_10yr_hba1c,14829,98109055.7753943,162,gaussian (identity),High income (Intercept),-0.184057571846328,0.00194595731719383,5.23985557335717e-141,-0.187871648188028,-0.180243495504628,196.204178875549,1.51284104459419e-43,5666,47281066.8974895
racethn_combn,NHW,1999-2020,21.2,WTMEC.COMBN,age+gender,inc_to_pov_level,prevent_hf_10yr_hba1c,14829,98109055.7753943,162,gaussian (identity),Middle income,0.0182730683137685,0.00124165292372292,2.00735927884871e-31,0.0158394285832715,0.0207067080442654,196.204178875549,1.51284104459419e-43,7328,43621213.9345083
racethn_combn,NHW,1999-2020,21.2,WTMEC.COMBN,age+gender,inc_to_pov_level,prevent_hf_10yr_hba1c,14829,98109055.7753943,162,gaussian (identity),Low income,0.0298224791699439,0.00181639971953188,5.56160922566678e-36,0.0262623357196614,0.0333826226202264,196.204178875549,1.51284104459419e-43,1835,7206774.94339662
racethn_combn,Mexican-American,1999-2020,21.2,WTMEC.COMBN,age+gender,inc_to_pov_level,prevent_hf_10yr_hba1c,5541,9567864.78053715,131,gaussian (identity),High income (Intercept),-0.175034601107571,0.00406012262870226,1.09570083997252e-77,-0.182992441459827,-0.167076760755315,14.6124419036959,1.94266503950584e-06,782,1465843.58130506
racethn_combn,Mexican-American,1999-2020,21.2,WTMEC.COMBN,age+gender,inc_to_pov_level,prevent_hf_10yr_hba1c,5541,9567864.78053715,131,gaussian (identity),Middle income,0.00859799158230397,0.00272150970006253,0.00197708117191731,0.00326383257018141,0.0139321505944265,14.6124419036959,1.94266503950584e-06,3187,5447066.00652902
racethn_combn,Mexican-American,1999-2020,21.2,WTMEC.COMBN,age+gender,inc_to_pov_level,prevent_hf_10yr_hba1c,5541,9567864.78053715,131,gaussian (identity),Low income,0.0164434823712564,0.00306755144920393,3.7798500649446e-07,0.0104310815308167,0.0224558832116961,14.6124419036959,1.94266503950584e-06,1572,2654955.19270308
racethn_combn,NHB,1999-2020,21.2,WTMEC.COMBN,age+gender,inc_to_pov_level,prevent_hf_10yr_hba1c,6936,13581268.1103461,146,gaussian (identity),High income (Intercept),-0.19426789320769,0.00349457342476409,2.95736317753355e-98,-0.201117257120228,-0.187418529295153,54.902701661877,2.17197213193778e-18,1606,3273341.90454645
racethn_combn,NHB,1999-2020,21.2,WTMEC.COMBN,age+gender,inc_to_pov_level,prevent_hf_10yr_hba1c,6936,13581268.1103461,146,gaussian (identity),Middle income,0.0161756133317067,0.00214062891429378,4.64945511184801e-12,0.0119799806596909,0.0203712460037225,54.902701661877,2.17197213193778e-18,3810,7402627.03948449
racethn_combn,NHB,1999-2020,21.2,WTMEC.COMBN,age+gender,inc_to_pov_level,prevent_hf_10yr_hba1c,6936,13581268.1103461,146,gaussian (identity),Low income,0.0284892327318432,0.00283174103461701,2.61903798026353e-18,0.0229390203039939,0.0340394451596925,54.902701661877,2.17197213193778e-18,1520,2905299.16631513
racethn_combn,Other Hispanic,1999-2020,21.2,WTMEC.COMBN,age+gender,inc_to_pov_level,prevent_hf_10yr_hba1c,2776,7121778.54182428,127,gaussian (identity),High income (Intercept),-0.175708603474403,0.0054215974410275,4.35765547510584e-62,-0.186334934458816,-0.165082272489989,19.5206988538988,4.33677157149339e-08,500,1356531.43519262
racethn_combn,Other Hispanic,1999-2020,21.2,WTMEC.COMBN,age+gender,inc_to_pov_level,prevent_hf_10yr_hba1c,2776,7121778.54182428,127,gaussian (identity),Middle income,0.0122528024061039,0.00308838199166128,0.000122618664032932,0.00619957370244782,0.0183060311097601,19.5206988538988,4.33677157149339e-08,1529,4001004.09415998
racethn_combn,Other Hispanic,1999-2020,21.2,WTMEC.COMBN,age+gender,inc_to_pov_level,prevent_hf_10yr_hba1c,2776,7121778.54182428,127,gaussian (identity),Low income,0.0201350577929777,0.00322363102121912,6.26165667555751e-09,0.0138167409913883,0.0264533745945672,19.5206988538988,4.33677157149339e-08,747,1764243.01247168
racethn_combn,Other/Multi-Racial/NHAsian,1999-2020,21.2,WTMEC.COMBN,age+gender,inc_to_pov_level,prevent_hf_10yr_hba1c,706,3640425.36088047,72,gaussian (identity),High income (Intercept),-0.166019050623504,0.00989941138225364,7.3818024074464e-26,-0.185421896932721,-0.146616204314287,1.32881339436666,0.271578541351637,230,1407385.28514076
racethn_combn,Other/Multi-Racial/NHAsian,1999-2020,21.2,WTMEC.COMBN,age+gender,inc_to_pov_level,prevent_hf_10yr_hba1c,706,3640425.36088047,72,gaussian (identity),Middle income,0.00571973494072302,0.00509780911498131,0.265809329080301,-0.00427197092464034,0.0157114408060864,1.32881339436666,0.271578541351637,342,1733193.86377934
racethn_combn,Other/Multi-Racial/NHAsian,1999-2020,21.2,WTMEC.COMBN,age+gender,inc_to_pov_level,prevent_hf_10yr_hba1c,706,3640425.36088047,72,gaussian (identity),Low income,0.0131745942837731,0.00848482301568753,0.125131038556078,-0.00345565882697442,0.0298048473945207,1.32881339436666,0.271578541351637,134,499846.211960378
racethn_combn,NHAsian,1999-2020,21.2,WTMEC.COMBN,age+gender,inc_to_pov_level,prevent_hf_10yr_hba1c,1784,3167964.98803211,67,gaussian (identity),High income (Intercept),-0.181932509070686,0.00700231385114248,2.25829608138772e-35,-0.195657044218925,-0.168207973922447,12.885167512366,2.03605615246619e-05,782,1430812.70328834
racethn_combn,NHAsian,1999-2020,21.2,WTMEC.COMBN,age+gender,inc_to_pov_level,prevent_hf_10yr_hba1c,1784,3167964.98803211,67,gaussian (identity),Middle income,0.00926537732433931,0.0024999972832321,0.000445989486062226,0.00436538264920439,0.0141653719994742,12.885167512366,2.03605615246619e-05,795,1397560.86871968
racethn_combn,NHAsian,1999-2020,21.2,WTMEC.COMBN,age+gender,inc_to_pov_level,prevent_hf_10yr_hba1c,1784,3167964.98803211,67,gaussian (identity),Low income,0.0217345174002684,0.00504202737209762,5.82773213085223e-05,0.0118521437509571,0.0316168910495798,12.885167512366,2.03605615246619e-05,207,339591.416024094
racethn_combn,Other/Multi-Racial,1999-2020,21.2,WTMEC.COMBN,age+gender,inc_to_pov_level,prevent_hf_10yr_hba1c,519,2096183.88772353,60,gaussian (identity),High income (Intercept),-0.190384025652575,0.0127271942125987,3.24731316808059e-21,-0.215329326309269,-0.165438724995882,3.14709930294598,0.0506677790512644,116,585099.386454302
racethn_combn,Other/Multi-Racial,1999-2020,21.2,WTMEC.COMBN,age+gender,inc_to_pov_level,prevent_hf_10yr_hba1c,519,2096183.88772353,60,gaussian (identity),Middle income,0.00971165229578844,0.0155861929293278,0.535752704748716,-0.020837285845694,0.0402605904372709,3.14709930294598,0.0506677790512644,283,1155650.84461526
racethn_combn,Other/Multi-Racial,1999-2020,21.2,WTMEC.COMBN,age+gender,inc_to_pov_level,prevent_hf_10yr_hba1c,519,2096183.88772353,60,gaussian (identity),Low income,0.0259594850464988,0.0130499116791579,0.0515671831053753,0.000381658155349369,0.0515373119376482,3.14709930294598,0.0506677790512644,120,355433.656653962
racethn_combn,NHW,1999-2020,21.2,WTMEC.COMBN,age+gender,inc_to_pov_level,prevent_hf_10yr_uacr,14716,97575882.4155167,162,gaussian (identity),High income (Intercept),-0.160402351256915,0.00188013181085022,4.59293505714497e-134,-0.164087409606182,-0.156717292907649,170.229724036269,3.81200200414609e-40,5642,47134357.2309661
racethn_combn,NHW,1999-2020,21.2,WTMEC.COMBN,age+gender,inc_to_pov_level,prevent_hf_10yr_uacr,14716,97575882.4155167,162,gaussian (identity),Middle income,0.0175741361851544,0.0011311416900501,1.23962776787723e-33,0.0153570984726562,0.0197911738976525,170.229724036269,3.81200200414609e-40,7268,43326463.8141747
racethn_combn,NHW,1999-2020,21.2,WTMEC.COMBN,age+gender,inc_to_pov_level,prevent_hf_10yr_uacr,14716,97575882.4155167,162,gaussian (identity),Low income,0.0298700507876865,0.00214281221697811,2.60268870901622e-29,0.0256701388424095,0.0340699627329636,170.229724036269,3.81200200414609e-40,1806,7115061.37037587
racethn_combn,Mexican-American,1999-2020,21.2,WTMEC.COMBN,age+gender,inc_to_pov_level,prevent_hf_10yr_uacr,5523,9544715.29945442,131,gaussian (identity),High income (Intercept),-0.154993577400302,0.00399286978440136,2.62899928329609e-72,-0.162819602177729,-0.147167552622875,13.8182778790984,3.7171801648095e-06,779,1459431.05251789
racethn_combn,Mexican-American,1999-2020,21.2,WTMEC.COMBN,age+gender,inc_to_pov_level,prevent_hf_10yr_uacr,5523,9544715.29945442,131,gaussian (identity),Middle income,0.00707563032738133,0.00245455198666144,0.00463223827135733,0.0022647084335249,0.0118865522212378,13.8182778790984,3.7171801648095e-06,3180,5439982.54321128
racethn_combn,Mexican-American,1999-2020,21.2,WTMEC.COMBN,age+gender,inc_to_pov_level,prevent_hf_10yr_uacr,5523,9544715.29945442,131,gaussian (identity),Low income,0.0134376372289053,0.00258330139653752,7.68909252149706e-07,0.00837436649169181,0.0185009079661189,13.8182778790984,3.7171801648095e-06,1564,2645301.70372525
racethn_combn,NHB,1999-2020,21.2,WTMEC.COMBN,age+gender,inc_to_pov_level,prevent_hf_10yr_uacr,6870,13475505.7252745,146,gaussian (identity),High income (Intercept),-0.175138659910898,0.00359309662734085,1.50080636435764e-90,-0.182181129300486,-0.16809619052131,53.7091584950607,4.27129924806269e-18,1597,3257486.89674957
racethn_combn,NHB,1999-2020,21.2,WTMEC.COMBN,age+gender,inc_to_pov_level,prevent_hf_10yr_uacr,6870,13475505.7252745,146,gaussian (identity),Middle income,0.0154122261818302,0.0020897461111523,1.24964190543609e-11,0.0113163238039717,0.0195081285596887,53.7091584950607,4.27129924806269e-18,3782,7362763.30477625
racethn_combn,NHB,1999-2020,21.2,WTMEC.COMBN,age+gender,inc_to_pov_level,prevent_hf_10yr_uacr,6870,13475505.7252745,146,gaussian (identity),Low income,0.0257050389103375,0.00254007559041948,1.8442995912793e-18,0.0207264907531153,0.0306835870675596,53.7091584950607,4.27129924806269e-18,1491,2855255.52374868
racethn_combn,Other Hispanic,1999-2020,21.2,WTMEC.COMBN,age+gender,inc_to_pov_level,prevent_hf_10yr_uacr,2771,7115466.43159121,127,gaussian (identity),High income (Intercept),-0.153560008397728,0.00564406079429621,7.01398152202131e-54,-0.164622367554549,-0.142497649240907,26.4875127800361,2.71597382870652e-10,499,1348533.64385074
racethn_combn,Other Hispanic,1999-2020,21.2,WTMEC.COMBN,age+gender,inc_to_pov_level,prevent_hf_10yr_uacr,2771,7115466.43159121,127,gaussian (identity),Middle income,0.0114801164377546,0.00257837302601,1.88065594021275e-05,0.00642650530677498,0.0165337275687342,26.4875127800361,2.71597382870652e-10,1528,4006975.75304445
racethn_combn,Other Hispanic,1999-2020,21.2,WTMEC.COMBN,age+gender,inc_to_pov_level,prevent_hf_10yr_uacr,2771,7115466.43159121,127,gaussian (identity),Low income,0.0219205311725405,0.00301776625399646,3.76481585978771e-11,0.0160057093147074,0.0278353530303735,26.4875127800361,2.71597382870652e-10,744,1759957.03469602
racethn_combn,Other/Multi-Racial/NHAsian,1999-2020,21.2,WTMEC.COMBN,age+gender,inc_to_pov_level,prevent_hf_10yr_uacr,704,3633274.54105396,72,gaussian (identity),High income (Intercept),-0.141931954403301,0.00888055809805899,1.01453061412947e-24,-0.159337848275497,-0.124526060531105,1.79647235647027,0.173666220009229,231,1414084.98611255
racethn_combn,Other/Multi-Racial/NHAsian,1999-2020,21.2,WTMEC.COMBN,age+gender,inc_to_pov_level,prevent_hf_10yr_uacr,704,3633274.54105396,72,gaussian (identity),Middle income,0.00890818718205427,0.0052350893064752,0.0933931041913159,-0.00135258785863711,0.0191689622227457,1.79647235647027,0.173666220009229,341,1726304.74686425
racethn_combn,Other/Multi-Racial/NHAsian,1999-2020,21.2,WTMEC.COMBN,age+gender,inc_to_pov_level,prevent_hf_10yr_uacr,704,3633274.54105396,72,gaussian (identity),Low income,0.0101209140661742,0.00627664155621904,0.111491005641847,-0.00218130338401513,0.0224231315163635,1.79647235647027,0.173666220009229,132,492884.80807717
racethn_combn,NHAsian,1999-2020,21.2,WTMEC.COMBN,age+gender,inc_to_pov_level,prevent_hf_10yr_uacr,1776,3153769.31298187,67,gaussian (identity),High income (Intercept),-0.158702537908674,0.00857420928730311,3.63354749436189e-27,-0.175507988111788,-0.14189708770556,12.4711961380992,2.73515303704825e-05,778,1422627.59812819
racethn_combn,NHAsian,1999-2020,21.2,WTMEC.COMBN,age+gender,inc_to_pov_level,prevent_hf_10yr_uacr,1776,3153769.31298187,67,gaussian (identity),Middle income,0.010074295324208,0.00258070653179361,0.000233301068496154,0.00501611052189249,0.0151324801265234,12.4711961380992,2.73515303704825e-05,792,1393699.27060808
racethn_combn,NHAsian,1999-2020,21.2,WTMEC.COMBN,age+gender,inc_to_pov_level,prevent_hf_10yr_uacr,1776,3153769.31298187,67,gaussian (identity),Low income,0.0242094600330042,0.00671222583151625,0.000613689194681745,0.0110534974032324,0.0373654226627761,12.4711961380992,2.73515303704825e-05,206,337442.444245604
racethn_combn,Other/Multi-Racial,1999-2020,21.2,WTMEC.COMBN,age+gender,inc_to_pov_level,prevent_hf_10yr_uacr,515,2087306.93312913,60,gaussian (identity),High income (Intercept),-0.162726939988366,0.0130052042070022,7.40238554049856e-18,-0.188217140234091,-0.137236739742642,2.43346018760257,0.0969588714121351,115,583970.287660038
racethn_combn,Other/Multi-Racial,1999-2020,21.2,WTMEC.COMBN,age+gender,inc_to_pov_level,prevent_hf_10yr_uacr,515,2087306.93312913,60,gaussian (identity),Middle income,0.00743105350192519,0.0112236959289967,0.51063156266547,-0.0145673905189083,0.0294294975227587,2.43346018760257,0.0969588714121351,280,1147902.98881513
racethn_combn,Other/Multi-Racial,1999-2020,21.2,WTMEC.COMBN,age+gender,inc_to_pov_level,prevent_hf_10yr_uacr,515,2087306.93312913,60,gaussian (identity),Low income,0.0256062779350505,0.012471631126731,0.044739200441762,0.00116188092665773,0.0500506749434433,2.43346018760257,0.0969588714121351,120,355433.656653962
racethn_combn,NHW,1999-2020,21.2,WTMEC.COMBN,age+gender,inc_to_pov_level,prevent_hf_10yr_full,14703,97494483.0016555,162,gaussian (identity),High income (Intercept),-0.161273969332699,0.00192689237977134,8.86524855655466e-133,-0.165050678397051,-0.157497260268347,170.466469211068,3.53653502474452e-40,5639,47110841.6626005
racethn_combn,NHW,1999-2020,21.2,WTMEC.COMBN,age+gender,inc_to_pov_level,prevent_hf_10yr_full,14703,97494483.0016555,162,gaussian (identity),Middle income,0.0176515136881159,0.00117472903654406,2.92756776499201e-32,0.0153490447764896,0.0199539825997423,170.466469211068,3.53653502474452e-40,7259,43271953.9733369
racethn_combn,NHW,1999-2020,21.2,WTMEC.COMBN,age+gender,inc_to_pov_level,prevent_hf_10yr_full,14703,97494483.0016555,162,gaussian (identity),Low income,0.0295358229211094,0.00207418681439389,3.96015253411131e-30,0.0254704167648974,0.0336012290773214,170.466469211068,3.53653502474452e-40,1805,7111687.36571813
racethn_combn,Mexican-American,1999-2020,21.2,WTMEC.COMBN,age+gender,inc_to_pov_level,prevent_hf_10yr_full,5518,9534135.28457489,131,gaussian (identity),High income (Intercept),-0.16225501221721,0.00407903764867535,1.49184678622199e-73,-0.170249926008614,-0.154260098425807,18.0907332804803,1.22162651992393e-07,779,1459431.05251789
racethn_combn,Mexican-American,1999-2020,21.2,WTMEC.COMBN,age+gender,inc_to_pov_level,prevent_hf_10yr_full,5518,9534135.28457489,131,gaussian (identity),Middle income,0.00894813321465944,0.00258390663817948,0.000728563620820025,0.00388367620382767,0.0140125902254912,18.0907332804803,1.22162651992393e-07,3177,5433935.8532777
racethn_combn,Mexican-American,1999-2020,21.2,WTMEC.COMBN,age+gender,inc_to_pov_level,prevent_hf_10yr_full,5518,9534135.28457489,131,gaussian (identity),Low income,0.0173760355176887,0.00289670586411574,1.9346456873866e-08,0.0116984920240218,0.0230535790113555,18.0907332804803,1.22162651992393e-07,1562,2640768.3787793
racethn_combn,NHB,1999-2020,21.2,WTMEC.COMBN,age+gender,inc_to_pov_level,prevent_hf_10yr_full,6848,13434731.9491492,146,gaussian (identity),High income (Intercept),-0.178011175717991,0.0037877227195429,1.97579520015382e-88,-0.185435112248295,-0.170587239187687,52.0984040258312,1.07503046991438e-17,1594,3252996.56089872
racethn_combn,NHB,1999-2020,21.2,WTMEC.COMBN,age+gender,inc_to_pov_level,prevent_hf_10yr_full,6848,13434731.9491492,146,gaussian (identity),Middle income,0.0163672604888894,0.00220954586275877,1.04826422147609e-11,0.0120365505978822,0.0206979703798966,52.0984040258312,1.07503046991438e-17,3768,7334784.61794657
racethn_combn,NHB,1999-2020,21.2,WTMEC.COMBN,age+gender,inc_to_pov_level,prevent_hf_10yr_full,6848,13434731.9491492,146,gaussian (identity),Low income,0.0273550331653034,0.00277699435862911,9.08468320552932e-18,0.0219121242223903,0.0327979421082164,52.0984040258312,1.07503046991438e-17,1486,2846950.77030396
racethn_combn,Other Hispanic,1999-2020,21.2,WTMEC.COMBN,age+gender,inc_to_pov_level,prevent_hf_10yr_full,2765,7096332.01527338,127,gaussian (identity),High income (Intercept),-0.159428210936067,0.00632727672635245,2.12503169889248e-50,-0.171829673319718,-0.147026748552416,22.8800624211103,3.56508030926905e-09,499,1348533.64385074
racethn_combn,Other Hispanic,1999-2020,21.2,WTMEC.COMBN,age+gender,inc_to_pov_level,prevent_hf_10yr_full,2765,7096332.01527338,127,gaussian (identity),Middle income,0.0127852242369911,0.0030402706220246,4.97671398795353e-05,0.00682629381782293,0.0187441546561593,22.8800624211103,3.56508030926905e-09,1522,3987841.33672662
racethn_combn,Other Hispanic,1999-2020,21.2,WTMEC.COMBN,age+gender,inc_to_pov_level,prevent_hf_10yr_full,2765,7096332.01527338,127,gaussian (identity),Low income,0.0229017453663355,0.00338551692668146,4.81587538018032e-10,0.0162661321900398,0.0295373585426311,22.8800624211103,3.56508030926905e-09,744,1759957.03469602
racethn_combn,Other/Multi-Racial/NHAsian,1999-2020,21.2,WTMEC.COMBN,age+gender,inc_to_pov_level,prevent_hf_10yr_full,701,3618388.14132726,72,gaussian (identity),High income (Intercept),-0.15058260484952,0.0101606613662813,5.56333779468284e-23,-0.170497501127431,-0.130667708571609,2.89250959255406,0.0622851360956319,230,1407385.28514076
racethn_combn,Other/Multi-Racial/NHAsian,1999-2020,21.2,WTMEC.COMBN,age+gender,inc_to_pov_level,prevent_hf_10yr_full,701,3618388.14132726,72,gaussian (identity),Middle income,0.0102552352092259,0.00510082718668594,0.0483458725026147,0.000257613923321475,0.0202528564951304,2.89250959255406,0.0622851360956319,340,1720612.83210123
racethn_combn,Other/Multi-Racial/NHAsian,1999-2020,21.2,WTMEC.COMBN,age+gender,inc_to_pov_level,prevent_hf_10yr_full,701,3618388.14132726,72,gaussian (identity),Low income,0.0157857942552133,0.00763325803217467,0.0424440467927387,0.00082460851215097,0.0307469799982757,2.89250959255406,0.0622851360956319,131,490390.024085283
racethn_combn,NHAsian,1999-2020,21.2,WTMEC.COMBN,age+gender,inc_to_pov_level,prevent_hf_10yr_full,1775,3152590.32308819,67,gaussian (identity),High income (Intercept),-0.164942928623468,0.00907775375821514,9.7244222834424e-27,-0.182735325989569,-0.147150531257366,12.3194622285776,3.04979450112129e-05,778,1422627.59812819
racethn_combn,NHAsian,1999-2020,21.2,WTMEC.COMBN,age+gender,inc_to_pov_level,prevent_hf_10yr_full,1775,3152590.32308819,67,gaussian (identity),Middle income,0.00970197399107855,0.00271670559444058,0.000687111073654551,0.00437723102597501,0.0150267169561821,12.3194622285776,3.04979450112129e-05,791,1392520.2807144
racethn_combn,NHAsian,1999-2020,21.2,WTMEC.COMBN,age+gender,inc_to_pov_level,prevent_hf_10yr_full,1775,3152590.32308819,67,gaussian (identity),Low income,0.0286490126678325,0.00692073384079516,0.000105258328420365,0.015084374339874,0.042213650995791,12.3194622285776,3.04979450112129e-05,206,337442.444245604
racethn_combn,Other/Multi-Racial,1999-2020,21.2,WTMEC.COMBN,age+gender,inc_to_pov_level,prevent_hf_10yr_full,515,2087306.93312913,60,gaussian (identity),High income (Intercept),-0.167213230230163,0.0145007524482549,2.03827001512663e-16,-0.195634705028742,-0.138791755431583,2.4630989073775,0.0943518939445396,115,583970.287660038
racethn_combn,Other/Multi-Racial,1999-2020,21.2,WTMEC.COMBN,age+gender,inc_to_pov_level,prevent_hf_10yr_full,515,2087306.93312913,60,gaussian (identity),Middle income,0.00369142020827309,0.0143172827149004,0.797483518326719,-0.0243704539129316,0.0317532943294778,2.4630989073775,0.0943518939445396,280,1147902.98881513
racethn_combn,Other/Multi-Racial,1999-2020,21.2,WTMEC.COMBN,age+gender,inc_to_pov_level,prevent_hf_10yr_full,515,2087306.93312913,60,gaussian (identity),Low income,0.0280582028064342,0.0156782752756401,0.0789221499327937,-0.00267121673382043,0.0587876223466888,2.4630989073775,0.0943518939445396,120,355433.656653962
racethn_combn,NHW,1999-2020,21.2,WTMEC.COMBN,age+gender,inc_to_pov_level,prevent_hf_30yr_base,14843,98194060.8601723,162,gaussian (identity),High income (Intercept),-0.160394187755043,0.00300008699180336,4.25352078714656e-103,-0.166274358258977,-0.154514017251108,104.274612727024,1.34108925791532e-29,5669,47304582.465855
racethn_combn,NHW,1999-2020,21.2,WTMEC.COMBN,age+gender,inc_to_pov_level,prevent_hf_30yr_base,14843,98194060.8601723,162,gaussian (identity),Middle income,0.0150523250551175,0.00191464453185249,5.54019266132728e-13,0.0112996217726867,0.0188050283375484,104.274612727024,1.34108925791532e-29,7338,43679329.446263
racethn_combn,NHW,1999-2020,21.2,WTMEC.COMBN,age+gender,inc_to_pov_level,prevent_hf_30yr_base,14843,98194060.8601723,162,gaussian (identity),Low income,0.0394444560291397,0.00312209992742068,9.82281560886667e-26,0.0333251401713952,0.0455637718868843,104.274612727024,1.34108925791532e-29,1836,7210148.94805436
racethn_combn,Mexican-American,1999-2020,21.2,WTMEC.COMBN,age+gender,inc_to_pov_level,prevent_hf_30yr_base,5546,9578444.79541668,131,gaussian (identity),High income (Intercept),-0.184021283659497,0.00672182367755064,4.07309626782428e-55,-0.197196058067497,-0.170846509251498,1.09467401422451,0.337785044418412,782,1465843.58130506
racethn_combn,Mexican-American,1999-2020,21.2,WTMEC.COMBN,age+gender,inc_to_pov_level,prevent_hf_30yr_base,5546,9578444.79541668,131,gaussian (identity),Middle income,0.00516651983708307,0.00504130627343921,0.30738794626292,-0.00471444045885778,0.0150474801330239,1.09467401422451,0.337785044418412,3190,5453112.6964626
racethn_combn,Mexican-American,1999-2020,21.2,WTMEC.COMBN,age+gender,inc_to_pov_level,prevent_hf_30yr_base,5546,9578444.79541668,131,gaussian (identity),Low income,0.00816718636898297,0.00552552797236083,0.141861496501303,-0.00266284845684427,0.0189972211948102,1.09467401422451,0.337785044418412,1574,2659488.51764902
racethn_combn,NHB,1999-2020,21.2,WTMEC.COMBN,age+gender,inc_to_pov_level,prevent_hf_30yr_base,6959,13623156.7616427,146,gaussian (identity),High income (Intercept),-0.146058345168118,0.00615687667343338,2.97979794672919e-51,-0.158125823448048,-0.133990866888189,29.1162580908937,2.5323020434338e-11,1609,3277832.2403973
racethn_combn,NHB,1999-2020,21.2,WTMEC.COMBN,age+gender,inc_to_pov_level,prevent_hf_30yr_base,6959,13623156.7616427,146,gaussian (identity),Middle income,0.0136365281479277,0.00319886203318418,3.65847991093832e-05,0.00736675856288671,0.0199062977329687,29.1162580908937,2.5323020434338e-11,3824,7430605.72631417
racethn_combn,NHB,1999-2020,21.2,WTMEC.COMBN,age+gender,inc_to_pov_level,prevent_hf_30yr_base,6959,13623156.7616427,146,gaussian (identity),Low income,0.033608473741493,0.00443493919902751,4.12937091277135e-12,0.0249159929113991,0.0423009545715869,29.1162580908937,2.5323020434338e-11,1526,2914718.79493126
racethn_combn,Other Hispanic,1999-2020,21.2,WTMEC.COMBN,age+gender,inc_to_pov_level,prevent_hf_30yr_base,2782,7140912.95814211,127,gaussian (identity),High income (Intercept),-0.175684935988797,0.00878930593353099,1.89736842112673e-40,-0.192911975618517,-0.158457896359076,2.45448139104684,0.0901061125137399,500,1356531.43519262
racethn_combn,Other Hispanic,1999-2020,21.2,WTMEC.COMBN,age+gender,inc_to_pov_level,prevent_hf_30yr_base,2782,7140912.95814211,127,gaussian (identity),Middle income,0.00603031472655088,0.00566013247421865,0.288781102731574,-0.00506354492291766,0.0171241743760194,2.45448139104684,0.0901061125137399,1535,4020138.51047781
racethn_combn,Other Hispanic,1999-2020,21.2,WTMEC.COMBN,age+gender,inc_to_pov_level,prevent_hf_30yr_base,2782,7140912.95814211,127,gaussian (identity),Low income,0.0139894931829887,0.00651038918406113,0.0336100130547086,0.00122913038222889,0.0267498559837485,2.45448139104684,0.0901061125137399,747,1764243.01247168
racethn_combn,Other/Multi-Racial/NHAsian,1999-2020,21.2,WTMEC.COMBN,age+gender,inc_to_pov_level,prevent_hf_30yr_base,709,3655311.76060717,72,gaussian (identity),High income (Intercept),-0.169496415353267,0.0133325761901319,1.22687118660009e-19,-0.195628264685926,-0.143364566020609,0.175509222297174,0.839408516045484,231,1414084.98611255
racethn_combn,Other/Multi-Racial/NHAsian,1999-2020,21.2,WTMEC.COMBN,age+gender,inc_to_pov_level,prevent_hf_30yr_base,709,3655311.76060717,72,gaussian (identity),Middle income,-0.00308547088462563,0.00926196944535046,0.740058597004013,-0.0212389309975125,0.0150679892282613,0.175509222297174,0.839408516045484,343,1738885.77854236
racethn_combn,Other/Multi-Racial/NHAsian,1999-2020,21.2,WTMEC.COMBN,age+gender,inc_to_pov_level,prevent_hf_30yr_base,709,3655311.76060717,72,gaussian (identity),Low income,0.00504692529761895,0.0148137919902805,0.734386570047052,-0.0239881070033309,0.0340819575985687,0.175509222297174,0.839408516045484,135,502340.995952264
racethn_combn,NHAsian,1999-2020,21.2,WTMEC.COMBN,age+gender,inc_to_pov_level,prevent_hf_30yr_base,1785,3169143.97792579,67,gaussian (identity),High income (Intercept),-0.192494386819944,0.00695787902705739,5.9158236676616e-37,-0.206131829712977,-0.178856943926912,5.20628275307015,0.00808089873619386,782,1430812.70328834
racethn_combn,NHAsian,1999-2020,21.2,WTMEC.COMBN,age+gender,inc_to_pov_level,prevent_hf_30yr_base,1785,3169143.97792579,67,gaussian (identity),Middle income,0.0127978045740707,0.00400197831434152,0.00216684155381732,0.00495392707796131,0.0206416820701801,5.20628275307015,0.00808089873619386,796,1398739.85861336
racethn_combn,NHAsian,1999-2020,21.2,WTMEC.COMBN,age+gender,inc_to_pov_level,prevent_hf_30yr_base,1785,3169143.97792579,67,gaussian (identity),Low income,0.0097603431570581,0.00552624545807482,0.0822103801651448,-0.00107109794076856,0.0205917842548847,5.20628275307015,0.00808089873619386,207,339591.416024094
racethn_combn,Other/Multi-Racial,1999-2020,21.2,WTMEC.COMBN,age+gender,inc_to_pov_level,prevent_hf_30yr_base,519,2096183.88772353,60,gaussian (identity),High income (Intercept),-0.138614029483333,0.0192752434713887,1.67117491561116e-09,-0.176393506687254,-0.100834552279411,5.08289028510225,0.00936544520522079,116,585099.386454302
racethn_combn,Other/Multi-Racial,1999-2020,21.2,WTMEC.COMBN,age+gender,inc_to_pov_level,prevent_hf_30yr_base,519,2096183.88772353,60,gaussian (identity),Middle income,0.020602145604779,0.015462912817569,0.188138955898871,-0.00970516351765634,0.0509094547272143,5.08289028510225,0.00936544520522079,283,1155650.84461526
racethn_combn,Other/Multi-Racial,1999-2020,21.2,WTMEC.COMBN,age+gender,inc_to_pov_level,prevent_hf_30yr_base,519,2096183.88772353,60,gaussian (identity),Low income,0.0406553522317618,0.0128145982889503,0.00245318032471373,0.0155387395854192,0.0657719648781043,5.08289028510225,0.00936544520522079,120,355433.656653962
racethn_combn,NHW,1999-2020,21.2,WTMEC.COMBN,age+gender,inc_to_pov_level,prevent_hf_30yr_hba1c,14829,98109055.7753943,162,gaussian (identity),High income (Intercept),-0.160062927170923,0.00293512976093952,2.17804851681923e-104,-0.165815781502364,-0.154310072839481,106.886125573077,4.38560129992651e-30,5666,47281066.8974895
racethn_combn,NHW,1999-2020,21.2,WTMEC.COMBN,age+gender,inc_to_pov_level,prevent_hf_30yr_hba1c,14829,98109055.7753943,162,gaussian (identity),Middle income,0.0152478507999779,0.00190952928286143,2.7218536095902e-13,0.0115051734055695,0.0189905281943863,106.886125573077,4.38560129992651e-30,7328,43621213.9345083
racethn_combn,NHW,1999-2020,21.2,WTMEC.COMBN,age+gender,inc_to_pov_level,prevent_hf_30yr_hba1c,14829,98109055.7753943,162,gaussian (identity),Low income,0.0401012604191878,0.00313290721712885,3.4376432431767e-26,0.0339607622736152,0.0462417585647603,106.886125573077,4.38560129992651e-30,1835,7206774.94339662
racethn_combn,Mexican-American,1999-2020,21.2,WTMEC.COMBN,age+gender,inc_to_pov_level,prevent_hf_30yr_hba1c,5541,9567864.78053715,131,gaussian (identity),High income (Intercept),-0.189541927475521,0.00706536938936953,3.67422491820907e-54,-0.203390051478685,-0.175693803472357,2.41295471005529,0.0936455190309,782,1465843.58130506
racethn_combn,Mexican-American,1999-2020,21.2,WTMEC.COMBN,age+gender,inc_to_pov_level,prevent_hf_30yr_hba1c,5541,9567864.78053715,131,gaussian (identity),Middle income,0.00763438092534079,0.00516549528515587,0.14189500237048,-0.00248998983356472,0.0177587516842463,2.41295471005529,0.0936455190309,3187,5447066.00652902
racethn_combn,Mexican-American,1999-2020,21.2,WTMEC.COMBN,age+gender,inc_to_pov_level,prevent_hf_30yr_hba1c,5541,9567864.78053715,131,gaussian (identity),Low income,0.0131460282720423,0.00599254512591902,0.0300748133873345,0.00140063982524101,0.0248914167188436,2.41295471005529,0.0936455190309,1572,2654955.19270308
racethn_combn,NHB,1999-2020,21.2,WTMEC.COMBN,age+gender,inc_to_pov_level,prevent_hf_30yr_hba1c,6936,13581268.1103461,146,gaussian (identity),High income (Intercept),-0.146225858019995,0.00631793618279304,4.84663379717103e-50,-0.15860901293827,-0.133842703101721,31.4433809358424,4.95433812562167e-12,1606,3273341.90454645
racethn_combn,NHB,1999-2020,21.2,WTMEC.COMBN,age+gender,inc_to_pov_level,prevent_hf_30yr_hba1c,6936,13581268.1103461,146,gaussian (identity),Middle income,0.0145528717567303,0.00320085722627145,1.15801629641115e-05,0.00827919159323826,0.0208265519202223,31.4433809358424,4.95433812562167e-12,3810,7402627.03948449
racethn_combn,NHB,1999-2020,21.2,WTMEC.COMBN,age+gender,inc_to_pov_level,prevent_hf_30yr_hba1c,6936,13581268.1103461,146,gaussian (identity),Low income,0.0349165771149376,0.00448421151435251,1.30818105241127e-12,0.0261275225468067,0.0437056316830685,31.4433809358424,4.95433812562167e-12,1520,2905299.16631513
racethn_combn,Other Hispanic,1999-2020,21.2,WTMEC.COMBN,age+gender,inc_to_pov_level,prevent_hf_30yr_hba1c,2776,7121778.54182428,127,gaussian (identity),High income (Intercept),-0.178437178649498,0.00956232101532603,1.11408117094181e-37,-0.197179327839537,-0.159695029459459,2.85816285764821,0.0611921705188001,500,1356531.43519262
racethn_combn,Other Hispanic,1999-2020,21.2,WTMEC.COMBN,age+gender,inc_to_pov_level,prevent_hf_30yr_hba1c,2776,7121778.54182428,127,gaussian (identity),Middle income,0.00818025394593967,0.00629234139708176,0.196020429865296,-0.00415273519234057,0.0205132430842199,2.85816285764821,0.0611921705188001,1529,4001004.09415998
racethn_combn,Other Hispanic,1999-2020,21.2,WTMEC.COMBN,age+gender,inc_to_pov_level,prevent_hf_30yr_hba1c,2776,7121778.54182428,127,gaussian (identity),Low income,0.0158449053838641,0.00680287294634172,0.0214821359671632,0.00251127440903434,0.0291785363586939,2.85816285764821,0.0611921705188001,747,1764243.01247168
racethn_combn,Other/Multi-Racial/NHAsian,1999-2020,21.2,WTMEC.COMBN,age+gender,inc_to_pov_level,prevent_hf_30yr_hba1c,706,3640425.36088047,72,gaussian (identity),High income (Intercept),-0.175523273555249,0.0141510542182329,3.98368761247599e-19,-0.203259339822986,-0.147787207287513,0.363586995884077,0.696521447074986,230,1407385.28514076
racethn_combn,Other/Multi-Racial/NHAsian,1999-2020,21.2,WTMEC.COMBN,age+gender,inc_to_pov_level,prevent_hf_30yr_hba1c,706,3640425.36088047,72,gaussian (identity),Middle income,-0.00195092410092679,0.0087872814763622,0.824966243731069,-0.0191739957945967,0.0152721475927431,0.363586995884077,0.696521447074986,342,1733193.86377934
racethn_combn,Other/Multi-Racial/NHAsian,1999-2020,21.2,WTMEC.COMBN,age+gender,inc_to_pov_level,prevent_hf_30yr_hba1c,706,3640425.36088047,72,gaussian (identity),Low income,0.0112163857843203,0.0158395471688599,0.48128769525862,-0.019829126666645,0.0422618982352856,0.363586995884077,0.696521447074986,134,499846.211960378
racethn_combn,NHAsian,1999-2020,21.2,WTMEC.COMBN,age+gender,inc_to_pov_level,prevent_hf_30yr_hba1c,1784,3167964.98803211,67,gaussian (identity),High income (Intercept),-0.1956622646837,0.00632931784288945,8.71699076065674e-40,-0.208067727655763,-0.183256801711636,5.50889372065065,0.00623936212219829,782,1430812.70328834
racethn_combn,NHAsian,1999-2020,21.2,WTMEC.COMBN,age+gender,inc_to_pov_level,prevent_hf_30yr_hba1c,1784,3167964.98803211,67,gaussian (identity),Middle income,0.0122589966820749,0.00414825837524974,0.00439069822637073,0.00412841026658537,0.0203895830975643,5.50889372065065,0.00623936212219829,795,1397560.86871968
racethn_combn,NHAsian,1999-2020,21.2,WTMEC.COMBN,age+gender,inc_to_pov_level,prevent_hf_30yr_hba1c,1784,3167964.98803211,67,gaussian (identity),Low income,0.0152056658009396,0.00564411685389737,0.00903594818080408,0.00414319676730078,0.0262681348345785,5.50889372065065,0.00623936212219829,207,339591.416024094
racethn_combn,Other/Multi-Racial,1999-2020,21.2,WTMEC.COMBN,age+gender,inc_to_pov_level,prevent_hf_30yr_hba1c,519,2096183.88772353,60,gaussian (identity),High income (Intercept),-0.141668866777292,0.0193998008062672,1.09407708221692e-09,-0.179692476357576,-0.103645257197008,4.58394913950461,0.0143324600660123,116,585099.386454302
racethn_combn,Other/Multi-Racial,1999-2020,21.2,WTMEC.COMBN,age+gender,inc_to_pov_level,prevent_hf_30yr_hba1c,519,2096183.88772353,60,gaussian (identity),Middle income,0.0180660637159466,0.0178569271137877,0.316027367349752,-0.0169335134270773,0.0530656408589705,4.58394913950461,0.0143324600660123,283,1155650.84461526
racethn_combn,Other/Multi-Racial,1999-2020,21.2,WTMEC.COMBN,age+gender,inc_to_pov_level,prevent_hf_30yr_hba1c,519,2096183.88772353,60,gaussian (identity),Low income,0.0437200091116883,0.0151126529661711,0.00542723061069894,0.0140992092979929,0.0733408089253836,4.58394913950461,0.0143324600660123,120,355433.656653962
racethn_combn,NHW,1999-2020,21.2,WTMEC.COMBN,age+gender,inc_to_pov_level,prevent_hf_30yr_uacr,14716,97575882.4155167,162,gaussian (identity),High income (Intercept),-0.165794393712748,0.00262682506919442,5.5945242522103e-114,-0.170942970848369,-0.160645816577127,128.314453792546,7.92142381281101e-34,5642,47134357.2309661
racethn_combn,NHW,1999-2020,21.2,WTMEC.COMBN,age+gender,inc_to_pov_level,prevent_hf_30yr_uacr,14716,97575882.4155167,162,gaussian (identity),Middle income,0.017034441704399,0.00179854098630528,3.89881451538229e-17,0.0135093013712407,0.0205595820375574,128.314453792546,7.92142381281101e-34,7268,43326463.8141747
racethn_combn,NHW,1999-2020,21.2,WTMEC.COMBN,age+gender,inc_to_pov_level,prevent_hf_30yr_uacr,14716,97575882.4155167,162,gaussian (identity),Low income,0.0419327247044543,0.00297267303522828,9.15474885977244e-30,0.0361062855554068,0.0477591638535017,128.314453792546,7.92142381281101e-34,1806,7115061.37037587
racethn_combn,Mexican-American,1999-2020,21.2,WTMEC.COMBN,age+gender,inc_to_pov_level,prevent_hf_30yr_uacr,5523,9544715.29945442,131,gaussian (identity),High income (Intercept),-0.187004823945133,0.00623649747378122,1.80922704914859e-59,-0.199228358993744,-0.174781288896521,2.26807233824067,0.107689134941827,779,1459431.05251789
racethn_combn,Mexican-American,1999-2020,21.2,WTMEC.COMBN,age+gender,inc_to_pov_level,prevent_hf_30yr_uacr,5523,9544715.29945442,131,gaussian (identity),Middle income,0.00625714430694331,0.00486415298454498,0.20065093440258,-0.00327659554276484,0.0157908841566515,2.26807233824067,0.107689134941827,3180,5439982.54321128
racethn_combn,Mexican-American,1999-2020,21.2,WTMEC.COMBN,age+gender,inc_to_pov_level,prevent_hf_30yr_uacr,5523,9544715.29945442,131,gaussian (identity),Low income,0.0110986756739219,0.00528362886585415,0.0376555661432121,0.000742763096847726,0.021454588250996,2.26807233824067,0.107689134941827,1564,2645301.70372525
racethn_combn,NHB,1999-2020,21.2,WTMEC.COMBN,age+gender,inc_to_pov_level,prevent_hf_30yr_uacr,6870,13475505.7252745,146,gaussian (identity),High income (Intercept),-0.15971642826778,0.00590288239457446,6.67645758147493e-58,-0.171286077761146,-0.148146778774414,36.1342934428747,2.06261687327629e-13,1597,3257486.89674957
racethn_combn,NHB,1999-2020,21.2,WTMEC.COMBN,age+gender,inc_to_pov_level,prevent_hf_30yr_uacr,6870,13475505.7252745,146,gaussian (identity),Middle income,0.0156639132865758,0.00315746748778837,1.97675601275341e-06,0.00947527701051058,0.021852549562641,36.1342934428747,2.06261687327629e-13,3782,7362763.30477625
racethn_combn,NHB,1999-2020,21.2,WTMEC.COMBN,age+gender,inc_to_pov_level,prevent_hf_30yr_uacr,6870,13475505.7252745,146,gaussian (identity),Low income,0.0357906597965234,0.0042676070405253,4.4980721547301e-14,0.0274261499970938,0.044155169595953,36.1342934428747,2.06261687327629e-13,1491,2855255.52374868
racethn_combn,Other Hispanic,1999-2020,21.2,WTMEC.COMBN,age+gender,inc_to_pov_level,prevent_hf_30yr_uacr,2771,7115466.43159121,127,gaussian (identity),High income (Intercept),-0.180835009229309,0.00837152066226822,1.1099787557663e-43,-0.197243189727354,-0.164426828731263,6.12505755514159,0.00291205306204269,499,1348533.64385074
racethn_combn,Other Hispanic,1999-2020,21.2,WTMEC.COMBN,age+gender,inc_to_pov_level,prevent_hf_30yr_uacr,2771,7115466.43159121,127,gaussian (identity),Middle income,0.00930665278610092,0.00542327697696535,0.0886691983869194,-0.00132297008875117,0.019936275660953,6.12505755514159,0.00291205306204269,1528,4006975.75304445
racethn_combn,Other Hispanic,1999-2020,21.2,WTMEC.COMBN,age+gender,inc_to_pov_level,prevent_hf_30yr_uacr,2771,7115466.43159121,127,gaussian (identity),Low income,0.0204128701191032,0.00599426160150735,0.000892843632880491,0.0086641173801488,0.0321616228580576,6.12505755514159,0.00291205306204269,744,1759957.03469602
racethn_combn,Other/Multi-Racial/NHAsian,1999-2020,21.2,WTMEC.COMBN,age+gender,inc_to_pov_level,prevent_hf_30yr_uacr,704,3633274.54105396,72,gaussian (identity),High income (Intercept),-0.172287204100745,0.011245562223312,9.71916989872083e-24,-0.194328506058436,-0.150245902143053,0.320423665120717,0.726931366481901,231,1414084.98611255
racethn_combn,Other/Multi-Racial/NHAsian,1999-2020,21.2,WTMEC.COMBN,age+gender,inc_to_pov_level,prevent_hf_30yr_uacr,704,3633274.54105396,72,gaussian (identity),Middle income,0.00305429915679997,0.00866124184614339,0.72544915146608,-0.0139217348616411,0.020030333175241,0.320423665120717,0.726931366481901,341,1726304.74686425
racethn_combn,Other/Multi-Racial/NHAsian,1999-2020,21.2,WTMEC.COMBN,age+gender,inc_to_pov_level,prevent_hf_30yr_uacr,704,3633274.54105396,72,gaussian (identity),Low income,0.0117996392631235,0.0147762879030628,0.427330272376123,-0.0171618850268795,0.0407611635531265,0.320423665120717,0.726931366481901,132,492884.80807717
racethn_combn,NHAsian,1999-2020,21.2,WTMEC.COMBN,age+gender,inc_to_pov_level,prevent_hf_30yr_uacr,1776,3153769.31298187,67,gaussian (identity),High income (Intercept),-0.191941070988261,0.00637117966733499,4.00006282071841e-39,-0.204428583136238,-0.179453558840285,7.17605751691526,0.00155723166324597,778,1422627.59812819
racethn_combn,NHAsian,1999-2020,21.2,WTMEC.COMBN,age+gender,inc_to_pov_level,prevent_hf_30yr_uacr,1776,3153769.31298187,67,gaussian (identity),Middle income,0.0146207691909747,0.00404559657849246,0.00059970768579426,0.00669139989712946,0.0225501384848199,7.17605751691526,0.00155723166324597,792,1393699.27060808
racethn_combn,NHAsian,1999-2020,21.2,WTMEC.COMBN,age+gender,inc_to_pov_level,prevent_hf_30yr_uacr,1776,3153769.31298187,67,gaussian (identity),Low income,0.0170854235548114,0.00654780014799869,0.0113186510459852,0.00425173526473394,0.0299191118448888,7.17605751691526,0.00155723166324597,206,337442.444245604
racethn_combn,Other/Multi-Racial,1999-2020,21.2,WTMEC.COMBN,age+gender,inc_to_pov_level,prevent_hf_30yr_uacr,515,2087306.93312913,60,gaussian (identity),High income (Intercept),-0.14444138596512,0.019784029505961,1.10111857667318e-09,-0.183218083796804,-0.105664688133437,3.71638685432207,0.0305127322061728,115,583970.287660038
racethn_combn,Other/Multi-Racial,1999-2020,21.2,WTMEC.COMBN,age+gender,inc_to_pov_level,prevent_hf_30yr_uacr,515,2087306.93312913,60,gaussian (identity),Middle income,0.0141663086438539,0.0156411623560591,0.368971460962112,-0.016490369574022,0.0448229868617297,3.71638685432207,0.0305127322061728,280,1147902.98881513
racethn_combn,Other/Multi-Racial,1999-2020,21.2,WTMEC.COMBN,age+gender,inc_to_pov_level,prevent_hf_30yr_uacr,515,2087306.93312913,60,gaussian (identity),Low income,0.0422922759713085,0.0160190440931642,0.01071736774952,0.0108949495487068,0.0736896023939103,3.71638685432207,0.0305127322061728,120,355433.656653962
racethn_combn,NHW,1999-2020,21.2,WTMEC.COMBN,age+gender,inc_to_pov_level,prevent_hf_30yr_full,14703,97494483.0016555,162,gaussian (identity),High income (Intercept),-0.151480536451978,0.00252186850758617,1.02401433143322e-110,-0.156423398726847,-0.146537674177109,128.23798256844,8.15569733599792e-34,5639,47110841.6626005
racethn_combn,NHW,1999-2020,21.2,WTMEC.COMBN,age+gender,inc_to_pov_level,prevent_hf_30yr_full,14703,97494483.0016555,162,gaussian (identity),Middle income,0.0161311830586745,0.00174587708141861,1.59711309713818e-16,0.0127092639790941,0.019553102138255,128.23798256844,8.15569733599792e-34,7259,43271953.9733369
racethn_combn,NHW,1999-2020,21.2,WTMEC.COMBN,age+gender,inc_to_pov_level,prevent_hf_30yr_full,14703,97494483.0016555,162,gaussian (identity),Low income,0.0406607228565894,0.00288901289332974,1.11769001621588e-29,0.0349982575856631,0.0463231881275157,128.23798256844,8.15569733599792e-34,1805,7111687.36571813
racethn_combn,Mexican-American,1999-2020,21.2,WTMEC.COMBN,age+gender,inc_to_pov_level,prevent_hf_30yr_full,5518,9534135.28457489,131,gaussian (identity),High income (Intercept),-0.180903443793527,0.00640118545114055,1.26462494486789e-56,-0.193449767277763,-0.168357120309292,3.62231751040273,0.0295175757708842,779,1459431.05251789
racethn_combn,Mexican-American,1999-2020,21.2,WTMEC.COMBN,age+gender,inc_to_pov_level,prevent_hf_30yr_full,5518,9534135.28457489,131,gaussian (identity),Middle income,0.00793038381168356,0.00483318064596732,0.103308969606037,-0.00154265025441239,0.0174034178777795,3.62231751040273,0.0295175757708842,3177,5433935.8532777
racethn_combn,Mexican-American,1999-2020,21.2,WTMEC.COMBN,age+gender,inc_to_pov_level,prevent_hf_30yr_full,5518,9534135.28457489,131,gaussian (identity),Low income,0.0147092467288558,0.00551368925433515,0.00863096633788235,0.00390241579035888,0.0255160776673527,3.62231751040273,0.0295175757708842,1562,2640768.3787793
racethn_combn,NHB,1999-2020,21.2,WTMEC.COMBN,age+gender,inc_to_pov_level,prevent_hf_30yr_full,6848,13434731.9491492,146,gaussian (identity),High income (Intercept),-0.149209961888203,0.0059821016563678,9.46642105212741e-54,-0.160934881134684,-0.137485042641722,37.8055608069829,6.87250786307309e-14,1594,3252996.56089872
racethn_combn,NHB,1999-2020,21.2,WTMEC.COMBN,age+gender,inc_to_pov_level,prevent_hf_30yr_full,6848,13434731.9491492,146,gaussian (identity),Middle income,0.0158624774015796,0.00310287868782477,1.01163226036719e-06,0.00978083517344303,0.0219441196297161,37.8055608069829,6.87250786307309e-14,3768,7334784.61794657
racethn_combn,NHB,1999-2020,21.2,WTMEC.COMBN,age+gender,inc_to_pov_level,prevent_hf_30yr_full,6848,13434731.9491492,146,gaussian (identity),Low income,0.035805443228087,0.00421443143319887,2.41299974067034e-14,0.0275451576190172,0.0440657288371568,37.8055608069829,6.87250786307309e-14,1486,2846950.77030396
racethn_combn,Other Hispanic,1999-2020,21.2,WTMEC.COMBN,age+gender,inc_to_pov_level,prevent_hf_30yr_full,2765,7096332.01527338,127,gaussian (identity),High income (Intercept),-0.171105767126571,0.00904468550433211,3.18235487374174e-38,-0.188833350715062,-0.15337818353808,5.73413173057229,0.00415955504634019,499,1348533.64385074
racethn_combn,Other Hispanic,1999-2020,21.2,WTMEC.COMBN,age+gender,inc_to_pov_level,prevent_hf_30yr_full,2765,7096332.01527338,127,gaussian (identity),Middle income,0.0103054078469976,0.00588389634914436,0.0823593758221655,-0.00122702899732535,0.0218378446913205,5.73413173057229,0.00415955504634019,1522,3987841.33672662
racethn_combn,Other Hispanic,1999-2020,21.2,WTMEC.COMBN,age+gender,inc_to_pov_level,prevent_hf_30yr_full,2765,7096332.01527338,127,gaussian (identity),Low income,0.0204382720789377,0.00628019693618413,0.00146764674203609,0.00812908608401684,0.0327474580738586,5.73413173057229,0.00415955504634019,744,1759957.03469602
racethn_combn,Other/Multi-Racial/NHAsian,1999-2020,21.2,WTMEC.COMBN,age+gender,inc_to_pov_level,prevent_hf_30yr_full,701,3618388.14132726,72,gaussian (identity),High income (Intercept),-0.166896369188045,0.0118647066434588,8.17855590623518e-22,-0.190151194209224,-0.143641544166866,0.564574168825948,0.571244474513443,230,1407385.28514076
racethn_combn,Other/Multi-Racial/NHAsian,1999-2020,21.2,WTMEC.COMBN,age+gender,inc_to_pov_level,prevent_hf_30yr_full,701,3618388.14132726,72,gaussian (identity),Middle income,0.00385538256803387,0.00810234753322009,0.635716931501412,-0.0120252185970775,0.0197359837331452,0.564574168825948,0.571244474513443,340,1720612.83210123
racethn_combn,Other/Multi-Racial/NHAsian,1999-2020,21.2,WTMEC.COMBN,age+gender,inc_to_pov_level,prevent_hf_30yr_full,701,3618388.14132726,72,gaussian (identity),Low income,0.0163508881859376,0.0154895700827617,0.29488418655591,-0.0140086691762753,0.0467104455481505,0.564574168825948,0.571244474513443,131,490390.024085283
racethn_combn,NHAsian,1999-2020,21.2,WTMEC.COMBN,age+gender,inc_to_pov_level,prevent_hf_30yr_full,1775,3152590.32308819,67,gaussian (identity),High income (Intercept),-0.180989992575317,0.00606628757116357,7.0888123937701e-39,-0.192879916214798,-0.169100068935837,7.1480486562793,0.00159317671507572,778,1422627.59812819
racethn_combn,NHAsian,1999-2020,21.2,WTMEC.COMBN,age+gender,inc_to_pov_level,prevent_hf_30yr_full,1775,3152590.32308819,67,gaussian (identity),Middle income,0.0132250327792545,0.00407842421742796,0.00189510316277012,0.00523132131309567,0.0212187442454133,7.1480486562793,0.00159317671507572,791,1392520.2807144
racethn_combn,NHAsian,1999-2020,21.2,WTMEC.COMBN,age+gender,inc_to_pov_level,prevent_hf_30yr_full,1775,3152590.32308819,67,gaussian (identity),Low income,0.0205900378623937,0.00642210135137212,0.00211420171414136,0.00800271921370433,0.033177356511083,7.1480486562793,0.00159317671507572,206,337442.444245604
racethn_combn,Other/Multi-Racial,1999-2020,21.2,WTMEC.COMBN,age+gender,inc_to_pov_level,prevent_hf_30yr_full,515,2087306.93312913,60,gaussian (identity),High income (Intercept),-0.138116704471018,0.0202465172697095,6.81620366131584e-09,-0.177799878319648,-0.0984335306223871,3.37907663602679,0.0411623728261362,115,583970.287660038
racethn_combn,Other/Multi-Racial,1999-2020,21.2,WTMEC.COMBN,age+gender,inc_to_pov_level,prevent_hf_30yr_full,515,2087306.93312913,60,gaussian (identity),Middle income,0.0106680762779098,0.0175817809052155,0.54645656423862,-0.0237922142963126,0.0451283668521322,3.37907663602679,0.0411623728261362,280,1147902.98881513
racethn_combn,Other/Multi-Racial,1999-2020,21.2,WTMEC.COMBN,age+gender,inc_to_pov_level,prevent_hf_30yr_full,515,2087306.93312913,60,gaussian (identity),Low income,0.0419345476785686,0.0177087349811169,0.0213614373888318,0.0072254271155795,0.0766436682415577,3.37907663602679,0.0411623728261362,120,355433.656653962
racethn_combn,NHW,1999-2020,21.2,WTMEC.COMBN,age+gender,inc_to_pov_level,prevent_chd_10yr_base,14843,98194060.8601723,162,gaussian (identity),High income (Intercept),-0.0729122406226435,0.000857616358385287,7.87763572576629e-134,-0.0745931686850786,-0.0712313125602083,190.600938283733,7.68333315766752e-43,5669,47304582.465855
racethn_combn,NHW,1999-2020,21.2,WTMEC.COMBN,age+gender,inc_to_pov_level,prevent_chd_10yr_base,14843,98194060.8601723,162,gaussian (identity),Middle income,0.00877398788856354,0.000548145973017471,6.88321277522634e-35,0.00769962178144929,0.00984835399567778,190.600938283733,7.68333315766752e-43,7338,43679329.446263
racethn_combn,NHW,1999-2020,21.2,WTMEC.COMBN,age+gender,inc_to_pov_level,prevent_chd_10yr_base,14843,98194060.8601723,162,gaussian (identity),Low income,0.0157532616024141,0.00106369392093998,1.12275369518815e-31,0.0136684215173718,0.0178381016874565,190.600938283733,7.68333315766752e-43,1836,7210148.94805436
racethn_combn,Mexican-American,1999-2020,21.2,WTMEC.COMBN,age+gender,inc_to_pov_level,prevent_chd_10yr_base,5546,9578444.79541668,131,gaussian (identity),High income (Intercept),-0.0730946081660737,0.00193085861722004,4.94395595807538e-71,-0.076879091055825,-0.0693101252763224,22.2373572595865,5.24602869025662e-09,782,1465843.58130506
racethn_combn,Mexican-American,1999-2020,21.2,WTMEC.COMBN,age+gender,inc_to_pov_level,prevent_chd_10yr_base,5546,9578444.79541668,131,gaussian (identity),Middle income,0.00419451393816615,0.00127014226613955,0.00124527494547445,0.00170503509653262,0.00668399277979967,22.2373572595865,5.24602869025662e-09,3190,5453112.6964626
racethn_combn,Mexican-American,1999-2020,21.2,WTMEC.COMBN,age+gender,inc_to_pov_level,prevent_chd_10yr_base,5546,9578444.79541668,131,gaussian (identity),Low income,0.00711653108716326,0.00115155087026764,8.05181496818731e-09,0.00485949138143868,0.00937357079288784,22.2373572595865,5.24602869025662e-09,1574,2659488.51764902
racethn_combn,NHB,1999-2020,21.2,WTMEC.COMBN,age+gender,inc_to_pov_level,prevent_chd_10yr_base,6959,13623156.7616427,146,gaussian (identity),High income (Intercept),-0.0725751811647487,0.0015596685852293,7.4326152354119e-88,-0.0756321315917982,-0.0695182307376993,42.6020801892481,3.21304347845957e-15,1609,3277832.2403973
racethn_combn,NHB,1999-2020,21.2,WTMEC.COMBN,age+gender,inc_to_pov_level,prevent_chd_10yr_base,6959,13623156.7616427,146,gaussian (identity),Middle income,0.00589264673249637,0.000805943018011122,1.76426567998469e-11,0.00431299841719457,0.00747229504779817,42.6020801892481,3.21304347845957e-15,3824,7430605.72631417
racethn_combn,NHB,1999-2020,21.2,WTMEC.COMBN,age+gender,inc_to_pov_level,prevent_chd_10yr_base,6959,13623156.7616427,146,gaussian (identity),Low income,0.00990508472570036,0.00116360839217861,2.19639136164753e-14,0.00762441227703028,0.0121857571743704,42.6020801892481,3.21304347845957e-15,1526,2914718.79493126
racethn_combn,Other Hispanic,1999-2020,21.2,WTMEC.COMBN,age+gender,inc_to_pov_level,prevent_chd_10yr_base,2782,7140912.95814211,127,gaussian (identity),High income (Intercept),-0.0728015598872782,0.00236307055677023,1.12444439297101e-59,-0.0774331781785479,-0.0681699415960086,27.0380458668818,1.85066911987213e-10,500,1356531.43519262
racethn_combn,Other Hispanic,1999-2020,21.2,WTMEC.COMBN,age+gender,inc_to_pov_level,prevent_chd_10yr_base,2782,7140912.95814211,127,gaussian (identity),Middle income,0.00651143446786073,0.00133686143099413,3.34744850140998e-06,0.00389118606311223,0.00913168287260923,27.0380458668818,1.85066911987213e-10,1535,4020138.51047781
racethn_combn,Other Hispanic,1999-2020,21.2,WTMEC.COMBN,age+gender,inc_to_pov_level,prevent_chd_10yr_base,2782,7140912.95814211,127,gaussian (identity),Low income,0.0114497221763604,0.00156713137358879,3.023349334268e-11,0.00837814468412634,0.0145212996685944,27.0380458668818,1.85066911987213e-10,747,1764243.01247168
racethn_combn,Other/Multi-Racial/NHAsian,1999-2020,21.2,WTMEC.COMBN,age+gender,inc_to_pov_level,prevent_chd_10yr_base,709,3655311.76060717,72,gaussian (identity),High income (Intercept),-0.0674744668171407,0.00431462636677905,3.25860509813361e-24,-0.0759311344960277,-0.0590177991382538,0.502058726074473,0.607509169987872,231,1414084.98611255
racethn_combn,Other/Multi-Racial/NHAsian,1999-2020,21.2,WTMEC.COMBN,age+gender,inc_to_pov_level,prevent_chd_10yr_base,709,3655311.76060717,72,gaussian (identity),Middle income,0.00126643436688317,0.00287713019512408,0.661207975008686,-0.00437274081556002,0.00690560954932636,0.502058726074473,0.607509169987872,343,1738885.77854236
racethn_combn,Other/Multi-Racial/NHAsian,1999-2020,21.2,WTMEC.COMBN,age+gender,inc_to_pov_level,prevent_chd_10yr_base,709,3655311.76060717,72,gaussian (identity),Low income,0.00394320057770174,0.00393717233383603,0.320120797175601,-0.00377365719661689,0.0116600583520204,0.502058726074473,0.607509169987872,135,502340.995952264
racethn_combn,NHAsian,1999-2020,21.2,WTMEC.COMBN,age+gender,inc_to_pov_level,prevent_chd_10yr_base,1785,3169143.97792579,67,gaussian (identity),High income (Intercept),-0.07025059691087,0.00234908058434286,6.17241254241743e-39,-0.074854794856182,-0.065646398965558,15.9384384911591,2.50423633709838e-06,782,1430812.70328834
racethn_combn,NHAsian,1999-2020,21.2,WTMEC.COMBN,age+gender,inc_to_pov_level,prevent_chd_10yr_base,1785,3169143.97792579,67,gaussian (identity),Middle income,0.00511854341551928,0.00113407181680865,2.85174951189463e-05,0.00289576265457432,0.00734132417646423,15.9384384911591,2.50423633709838e-06,796,1398739.85861336
racethn_combn,NHAsian,1999-2020,21.2,WTMEC.COMBN,age+gender,inc_to_pov_level,prevent_chd_10yr_base,1785,3169143.97792579,67,gaussian (identity),Low income,0.00686150576000912,0.00164252896781613,9.24554766253977e-05,0.0036421489830895,0.0100808625369287,15.9384384911591,2.50423633709838e-06,207,339591.416024094
racethn_combn,Other/Multi-Racial,1999-2020,21.2,WTMEC.COMBN,age+gender,inc_to_pov_level,prevent_chd_10yr_base,519,2096183.88772353,60,gaussian (identity),High income (Intercept),-0.0693345921941802,0.00511903241783585,2.58587995511877e-19,-0.0793678957331385,-0.059301288655222,6.15375794403725,0.00383837131900014,116,585099.386454302
racethn_combn,Other/Multi-Racial,1999-2020,21.2,WTMEC.COMBN,age+gender,inc_to_pov_level,prevent_chd_10yr_base,519,2096183.88772353,60,gaussian (identity),Middle income,0.00217672949083831,0.00475347302585262,0.648778973805481,-0.00714007763983282,0.0114935366215094,6.15375794403725,0.00383837131900014,283,1155650.84461526
racethn_combn,Other/Multi-Racial,1999-2020,21.2,WTMEC.COMBN,age+gender,inc_to_pov_level,prevent_chd_10yr_base,519,2096183.88772353,60,gaussian (identity),Low income,0.0126615779630894,0.004480733244477,0.00652578202117037,0.00387934080391444,0.0214438151222643,6.15375794403725,0.00383837131900014,120,355433.656653962
racethn_combn,NHW,1999-2020,21.2,WTMEC.COMBN,age+gender,inc_to_pov_level,prevent_chd_10yr_hba1c,14829,98109055.7753943,162,gaussian (identity),High income (Intercept),-0.0691559105220161,0.000800461730595973,6.55281286552863e-135,-0.0707248155139842,-0.067587005530048,192.669130404533,4.20104270139583e-43,5666,47281066.8974895
racethn_combn,NHW,1999-2020,21.2,WTMEC.COMBN,age+gender,inc_to_pov_level,prevent_chd_10yr_hba1c,14829,98109055.7753943,162,gaussian (identity),Middle income,0.00850148081107591,0.000550310097886117,2.13589619488855e-33,0.00742287301921912,0.0095800886029327,192.669130404533,4.20104270139583e-43,7328,43621213.9345083
racethn_combn,NHW,1999-2020,21.2,WTMEC.COMBN,age+gender,inc_to_pov_level,prevent_chd_10yr_hba1c,14829,98109055.7753943,162,gaussian (identity),Low income,0.0154392604087122,0.000996865313912916,1.67570394792114e-33,0.0134854043934429,0.0173931164239816,192.669130404533,4.20104270139583e-43,1835,7206774.94339662
racethn_combn,Mexican-American,1999-2020,21.2,WTMEC.COMBN,age+gender,inc_to_pov_level,prevent_chd_10yr_hba1c,5541,9567864.78053715,131,gaussian (identity),High income (Intercept),-0.0732050891907674,0.0021420726831075,6.84356758469839e-66,-0.077403551649658,-0.0690066267318767,22.8117426384515,3.43315847153647e-09,782,1465843.58130506
racethn_combn,Mexican-American,1999-2020,21.2,WTMEC.COMBN,age+gender,inc_to_pov_level,prevent_chd_10yr_hba1c,5541,9567864.78053715,131,gaussian (identity),Middle income,0.00503780915087136,0.00136935966157802,0.000344616990145696,0.00235386421417843,0.00772175408756428,22.8117426384515,3.43315847153647e-09,3187,5447066.00652902
racethn_combn,Mexican-American,1999-2020,21.2,WTMEC.COMBN,age+gender,inc_to_pov_level,prevent_chd_10yr_hba1c,5541,9567864.78053715,131,gaussian (identity),Low income,0.00913109919218867,0.00140506975480413,1.67401894775977e-09,0.00637716247277257,0.0118850359116048,22.8117426384515,3.43315847153647e-09,1572,2654955.19270308
racethn_combn,NHB,1999-2020,21.2,WTMEC.COMBN,age+gender,inc_to_pov_level,prevent_chd_10yr_hba1c,6936,13581268.1103461,146,gaussian (identity),High income (Intercept),-0.0709999326282203,0.00160387094058638,5.6336044186443e-85,-0.0741435196717696,-0.067856345584671,47.9571183436907,1.22073631251952e-16,1606,3273341.90454645
racethn_combn,NHB,1999-2020,21.2,WTMEC.COMBN,age+gender,inc_to_pov_level,prevent_chd_10yr_hba1c,6936,13581268.1103461,146,gaussian (identity),Middle income,0.00634289241090224,0.000850297410346957,7.89431086462137e-12,0.00467630948662221,0.00800947533518228,47.9571183436907,1.22073631251952e-16,3810,7402627.03948449
racethn_combn,NHB,1999-2020,21.2,WTMEC.COMBN,age+gender,inc_to_pov_level,prevent_chd_10yr_hba1c,6936,13581268.1103461,146,gaussian (identity),Low income,0.0107148944266981,0.00120865803215128,2.89526138497501e-15,0.00834592468368156,0.0130838641697146,47.9571183436907,1.22073631251952e-16,1520,2905299.16631513
racethn_combn,Other Hispanic,1999-2020,21.2,WTMEC.COMBN,age+gender,inc_to_pov_level,prevent_chd_10yr_hba1c,2776,7121778.54182428,127,gaussian (identity),High income (Intercept),-0.0724014485010949,0.00227782542981072,3.6932068273854e-61,-0.0768659863435239,-0.0679369106586659,29.1877125771915,4.23243289235964e-11,500,1356531.43519262
racethn_combn,Other Hispanic,1999-2020,21.2,WTMEC.COMBN,age+gender,inc_to_pov_level,prevent_chd_10yr_hba1c,2776,7121778.54182428,127,gaussian (identity),Middle income,0.00725340279793994,0.00146239839319726,2.28784416009218e-06,0.00438710194727331,0.0101197036486066,29.1877125771915,4.23243289235964e-11,1529,4001004.09415998
racethn_combn,Other Hispanic,1999-2020,21.2,WTMEC.COMBN,age+gender,inc_to_pov_level,prevent_chd_10yr_hba1c,2776,7121778.54182428,127,gaussian (identity),Low income,0.0120995859737054,0.00159957437490855,7.8640880629715e-12,0.00896442019888461,0.0152347517485261,29.1877125771915,4.23243289235964e-11,747,1764243.01247168
racethn_combn,Other/Multi-Racial/NHAsian,1999-2020,21.2,WTMEC.COMBN,age+gender,inc_to_pov_level,prevent_chd_10yr_hba1c,706,3640425.36088047,72,gaussian (identity),High income (Intercept),-0.0690321231941737,0.00545671497563958,1.55251742692011e-19,-0.0797272845464273,-0.0583369618419202,1.25274068291524,0.29223016507545,230,1407385.28514076
racethn_combn,Other/Multi-Racial/NHAsian,1999-2020,21.2,WTMEC.COMBN,age+gender,inc_to_pov_level,prevent_chd_10yr_hba1c,706,3640425.36088047,72,gaussian (identity),Middle income,0.00196037047663115,0.00276762002981691,0.481165449299166,-0.00346416478181,0.00738490573507229,1.25274068291524,0.29223016507545,342,1733193.86377934
racethn_combn,Other/Multi-Racial/NHAsian,1999-2020,21.2,WTMEC.COMBN,age+gender,inc_to_pov_level,prevent_chd_10yr_hba1c,706,3640425.36088047,72,gaussian (identity),Low income,0.00722964718356446,0.00465757946713622,0.125248646306681,-0.00189920857202253,0.0163585029391514,1.25274068291524,0.29223016507545,134,499846.211960378
racethn_combn,NHAsian,1999-2020,21.2,WTMEC.COMBN,age+gender,inc_to_pov_level,prevent_chd_10yr_hba1c,1784,3167964.98803211,67,gaussian (identity),High income (Intercept),-0.0691279161191861,0.00253379029960121,1.33272777435602e-36,-0.0740941451064045,-0.0641616871319678,12.747765472343,2.24494198442964e-05,782,1430812.70328834
racethn_combn,NHAsian,1999-2020,21.2,WTMEC.COMBN,age+gender,inc_to_pov_level,prevent_chd_10yr_hba1c,1784,3167964.98803211,67,gaussian (identity),Middle income,0.00461055022165079,0.00125086218871439,0.000476150512770205,0.00215886033177057,0.007062240111531,12.747765472343,2.24494198442964e-05,795,1397560.86871968
racethn_combn,NHAsian,1999-2020,21.2,WTMEC.COMBN,age+gender,inc_to_pov_level,prevent_chd_10yr_hba1c,1784,3167964.98803211,67,gaussian (identity),Low income,0.00913292117718933,0.00206693367400944,3.9910480882919e-05,0.00508173117613083,0.0131841111782478,12.747765472343,2.24494198442964e-05,207,339591.416024094
racethn_combn,Other/Multi-Racial,1999-2020,21.2,WTMEC.COMBN,age+gender,inc_to_pov_level,prevent_chd_10yr_hba1c,519,2096183.88772353,60,gaussian (identity),High income (Intercept),-0.0684409687943852,0.00507371060992263,3.0827773847896e-19,-0.0783854415898336,-0.0584964959989368,6.53565672422546,0.00281143954116976,116,585099.386454302
racethn_combn,Other/Multi-Racial,1999-2020,21.2,WTMEC.COMBN,age+gender,inc_to_pov_level,prevent_chd_10yr_hba1c,519,2096183.88772353,60,gaussian (identity),Middle income,0.000554583070178458,0.00620594857813164,0.929112154453278,-0.0116090761429596,0.0127182422833165,6.53565672422546,0.00281143954116976,283,1155650.84461526
racethn_combn,Other/Multi-Racial,1999-2020,21.2,WTMEC.COMBN,age+gender,inc_to_pov_level,prevent_chd_10yr_hba1c,519,2096183.88772353,60,gaussian (identity),Low income,0.0124731525532147,0.00573053482202686,0.0337421937150234,0.00124130430204206,0.0237050008043874,6.53565672422546,0.00281143954116976,120,355433.656653962
racethn_combn,NHW,1999-2020,21.2,WTMEC.COMBN,age+gender,inc_to_pov_level,prevent_chd_10yr_uacr,14716,97575882.4155167,162,gaussian (identity),High income (Intercept),-0.0696560162884863,0.000874072626778841,1.7179418144409e-129,-0.0713691986369728,-0.0679428339399998,184.977522989875,4.06210561448199e-42,5642,47134357.2309661
racethn_combn,NHW,1999-2020,21.2,WTMEC.COMBN,age+gender,inc_to_pov_level,prevent_chd_10yr_uacr,14716,97575882.4155167,162,gaussian (identity),Middle income,0.0085650921218782,0.000540761955967784,1.92674652517296e-34,0.00750519868818134,0.00962498555557505,184.977522989875,4.06210561448199e-42,7268,43326463.8141747
racethn_combn,NHW,1999-2020,21.2,WTMEC.COMBN,age+gender,inc_to_pov_level,prevent_chd_10yr_uacr,14716,97575882.4155167,162,gaussian (identity),Low income,0.0155171731468879,0.00106834968949737,6.66699512781094e-31,0.013423207755473,0.0176111385383027,184.977522989875,4.06210561448199e-42,1806,7115061.37037587
racethn_combn,Mexican-American,1999-2020,21.2,WTMEC.COMBN,age+gender,inc_to_pov_level,prevent_chd_10yr_uacr,5523,9544715.29945442,131,gaussian (identity),High income (Intercept),-0.0724125933792559,0.00201221685843832,1.7826551749051e-68,-0.076356538421795,-0.0684686483367168,22.0958742276009,5.82608382136679e-09,779,1459431.05251789
racethn_combn,Mexican-American,1999-2020,21.2,WTMEC.COMBN,age+gender,inc_to_pov_level,prevent_chd_10yr_uacr,5523,9544715.29945442,131,gaussian (identity),Middle income,0.00435088931317743,0.00125344207360839,0.000708728422082635,0.00189414284890498,0.00680763577744988,22.0958742276009,5.82608382136679e-09,3180,5439982.54321128
racethn_combn,Mexican-American,1999-2020,21.2,WTMEC.COMBN,age+gender,inc_to_pov_level,prevent_chd_10yr_uacr,5523,9544715.29945442,131,gaussian (identity),Low income,0.00751449728762438,0.00117852486818108,3.07493610466683e-09,0.00520458854598947,0.00982440602925929,22.0958742276009,5.82608382136679e-09,1564,2645301.70372525
racethn_combn,NHB,1999-2020,21.2,WTMEC.COMBN,age+gender,inc_to_pov_level,prevent_chd_10yr_uacr,6870,13475505.7252745,146,gaussian (identity),High income (Intercept),-0.0714999680580106,0.00169371804181631,2.97797014991024e-82,-0.0748196554199705,-0.0681802806960506,46.564355049701,2.81689393829576e-16,1597,3257486.89674957
racethn_combn,NHB,1999-2020,21.2,WTMEC.COMBN,age+gender,inc_to_pov_level,prevent_chd_10yr_uacr,6870,13475505.7252745,146,gaussian (identity),Middle income,0.00620934910057951,0.000841570675322284,1.2286683479517e-11,0.00455987057694783,0.00785882762421119,46.564355049701,2.81689393829576e-16,3782,7362763.30477625
racethn_combn,NHB,1999-2020,21.2,WTMEC.COMBN,age+gender,inc_to_pov_level,prevent_chd_10yr_uacr,6870,13475505.7252745,146,gaussian (identity),Low income,0.0100204398150822,0.00111385710940849,1.35610937768042e-15,0.00783727988064157,0.0122035997495229,46.564355049701,2.81689393829576e-16,1491,2855255.52374868
racethn_combn,Other Hispanic,1999-2020,21.2,WTMEC.COMBN,age+gender,inc_to_pov_level,prevent_chd_10yr_uacr,2771,7115466.43159121,127,gaussian (identity),High income (Intercept),-0.0710394037870111,0.00250627335561044,9.05799690790687e-56,-0.0759516995640076,-0.0661271080100146,32.8329385391546,3.74992672183669e-12,499,1348533.64385074
racethn_combn,Other Hispanic,1999-2020,21.2,WTMEC.COMBN,age+gender,inc_to_pov_level,prevent_chd_10yr_uacr,2771,7115466.43159121,127,gaussian (identity),Middle income,0.0066606055834259,0.00126186611989737,5.69290781301772e-07,0.00418734798842705,0.00913386317842474,32.8329385391546,3.74992672183669e-12,1528,4006975.75304445
racethn_combn,Other Hispanic,1999-2020,21.2,WTMEC.COMBN,age+gender,inc_to_pov_level,prevent_chd_10yr_uacr,2771,7115466.43159121,127,gaussian (identity),Low income,0.0124978848351419,0.00157849558546816,1.21408987792168e-12,0.00940403348762433,0.0155917361826595,32.8329385391546,3.74992672183669e-12,744,1759957.03469602
racethn_combn,Other/Multi-Racial/NHAsian,1999-2020,21.2,WTMEC.COMBN,age+gender,inc_to_pov_level,prevent_chd_10yr_uacr,704,3633274.54105396,72,gaussian (identity),High income (Intercept),-0.0657685051124384,0.00438281306492368,2.89912034909908e-23,-0.0743588187196889,-0.057178191505188,1.0973069523036,0.339605085793363,231,1414084.98611255
racethn_combn,Other/Multi-Racial/NHAsian,1999-2020,21.2,WTMEC.COMBN,age+gender,inc_to_pov_level,prevent_chd_10yr_uacr,704,3633274.54105396,72,gaussian (identity),Middle income,0.00338267281460757,0.00286374193765943,0.241635208872826,-0.00223026138320492,0.00899560701242006,1.0973069523036,0.339605085793363,341,1726304.74686425
racethn_combn,Other/Multi-Racial/NHAsian,1999-2020,21.2,WTMEC.COMBN,age+gender,inc_to_pov_level,prevent_chd_10yr_uacr,704,3633274.54105396,72,gaussian (identity),Low income,0.00467533750260235,0.00344797720945615,0.179596127394399,-0.0020826978279317,0.0114333728331364,1.0973069523036,0.339605085793363,132,492884.80807717
racethn_combn,NHAsian,1999-2020,21.2,WTMEC.COMBN,age+gender,inc_to_pov_level,prevent_chd_10yr_uacr,1776,3153769.31298187,67,gaussian (identity),High income (Intercept),-0.0687073264341113,0.00323102220152959,1.90568567728166e-30,-0.0750401299491093,-0.0623745229191133,15.9395613928894,2.50236982764552e-06,778,1422627.59812819
racethn_combn,NHAsian,1999-2020,21.2,WTMEC.COMBN,age+gender,inc_to_pov_level,prevent_chd_10yr_uacr,1776,3153769.31298187,67,gaussian (identity),Middle income,0.00545613545357696,0.00123266280774735,3.88384706675513e-05,0.00304011635039215,0.00787215455676176,15.9395613928894,2.50236982764552e-06,792,1393699.27060808
racethn_combn,NHAsian,1999-2020,21.2,WTMEC.COMBN,age+gender,inc_to_pov_level,prevent_chd_10yr_uacr,1776,3153769.31298187,67,gaussian (identity),Low income,0.00950579405536492,0.00217683606937737,4.78875216828899e-05,0.00523919535938527,0.0137723927513446,15.9395613928894,2.50236982764552e-06,206,337442.444245604
racethn_combn,Other/Multi-Racial,1999-2020,21.2,WTMEC.COMBN,age+gender,inc_to_pov_level,prevent_chd_10yr_uacr,515,2087306.93312913,60,gaussian (identity),High income (Intercept),-0.0680461058121423,0.00568371629272424,4.52669197641398e-17,-0.0791861897458818,-0.0569060218784027,4.76498052086846,0.0122729024644789,115,583970.287660038
racethn_combn,Other/Multi-Racial,1999-2020,21.2,WTMEC.COMBN,age+gender,inc_to_pov_level,prevent_chd_10yr_uacr,515,2087306.93312913,60,gaussian (identity),Middle income,0.000568571967514273,0.004981439778576,0.909536575604693,-0.00919504999849468,0.0103321939335232,4.76498052086846,0.0122729024644789,280,1147902.98881513
racethn_combn,Other/Multi-Racial,1999-2020,21.2,WTMEC.COMBN,age+gender,inc_to_pov_level,prevent_chd_10yr_uacr,515,2087306.93312913,60,gaussian (identity),Low income,0.0126322881674581,0.0054417108259889,0.0239303578995348,0.00196653494851985,0.0232980413863963,4.76498052086846,0.0122729024644789,120,355433.656653962
racethn_combn,NHW,1999-2020,21.2,WTMEC.COMBN,age+gender,inc_to_pov_level,prevent_chd_10yr_full,14703,97494483.0016555,162,gaussian (identity),High income (Intercept),-0.0649502262842347,0.000830557136034301,3.15329757038194e-128,-0.066578118270862,-0.0633223342976075,173.085656811076,1.54966376794351e-40,5639,47110841.6626005
racethn_combn,NHW,1999-2020,21.2,WTMEC.COMBN,age+gender,inc_to_pov_level,prevent_chd_10yr_full,14703,97494483.0016555,162,gaussian (identity),Middle income,0.0080178266481101,0.000542506252210225,1.35960764263995e-31,0.00695451439377806,0.00908113890244214,173.085656811076,1.54966376794351e-40,7259,43271953.9733369
racethn_combn,NHW,1999-2020,21.2,WTMEC.COMBN,age+gender,inc_to_pov_level,prevent_chd_10yr_full,14703,97494483.0016555,162,gaussian (identity),Low income,0.0143071162427859,0.0009976530978726,2.10286316498076e-30,0.0123517161709556,0.0162625163146162,173.085656811076,1.54966376794351e-40,1805,7111687.36571813
racethn_combn,Mexican-American,1999-2020,21.2,WTMEC.COMBN,age+gender,inc_to_pov_level,prevent_chd_10yr_full,5518,9534135.28457489,131,gaussian (identity),High income (Intercept),-0.0715033458893786,0.0021384212880551,8.2995796653506e-65,-0.0756946516139666,-0.0673120401647906,23.7246808144098,1.76007170667995e-09,779,1459431.05251789
racethn_combn,Mexican-American,1999-2020,21.2,WTMEC.COMBN,age+gender,inc_to_pov_level,prevent_chd_10yr_full,5518,9534135.28457489,131,gaussian (identity),Middle income,0.00504034925082914,0.00131099173242506,0.000189911640752554,0.00247080545527602,0.00760989304638225,23.7246808144098,1.76007170667995e-09,3177,5433935.8532777
racethn_combn,Mexican-American,1999-2020,21.2,WTMEC.COMBN,age+gender,inc_to_pov_level,prevent_chd_10yr_full,5518,9534135.28457489,131,gaussian (identity),Low income,0.00919621056308389,0.0013635185476023,4.86446778025601e-10,0.00652371420978338,0.0118687069163844,23.7246808144098,1.76007170667995e-09,1562,2640768.3787793
racethn_combn,NHB,1999-2020,21.2,WTMEC.COMBN,age+gender,inc_to_pov_level,prevent_chd_10yr_full,6848,13434731.9491492,146,gaussian (identity),High income (Intercept),-0.0682950949129459,0.00173984796787776,4.04949610578626e-78,-0.0717051969299863,-0.0648849928959055,45.4305888911045,5.60504469425698e-16,1594,3252996.56089872
racethn_combn,NHB,1999-2020,21.2,WTMEC.COMBN,age+gender,inc_to_pov_level,prevent_chd_10yr_full,6848,13434731.9491492,146,gaussian (identity),Middle income,0.00635955530606422,0.000880867343788804,2.89491871625857e-11,0.00463305531223817,0.00808605529989028,45.4305888911045,5.60504469425698e-16,3768,7334784.61794657
racethn_combn,NHB,1999-2020,21.2,WTMEC.COMBN,age+gender,inc_to_pov_level,prevent_chd_10yr_full,6848,13434731.9491492,146,gaussian (identity),Low income,0.0101217561945886,0.00115812727952402,5.96454769170737e-15,0.00785182672672149,0.0123916856624557,45.4305888911045,5.60504469425698e-16,1486,2846950.77030396
racethn_combn,Other Hispanic,1999-2020,21.2,WTMEC.COMBN,age+gender,inc_to_pov_level,prevent_chd_10yr_full,2765,7096332.01527338,127,gaussian (identity),High income (Intercept),-0.0696744642499739,0.00245547273601366,8.07383981814164e-56,-0.0744871908125606,-0.0648617376873871,30.8749349438754,1.36219621465377e-11,499,1348533.64385074
racethn_combn,Other Hispanic,1999-2020,21.2,WTMEC.COMBN,age+gender,inc_to_pov_level,prevent_chd_10yr_full,2765,7096332.01527338,127,gaussian (identity),Middle income,0.00710749333696555,0.00140204812113192,1.42667515516351e-06,0.00435947901954699,0.00985550765438412,30.8749349438754,1.36219621465377e-11,1522,3987841.33672662
racethn_combn,Other Hispanic,1999-2020,21.2,WTMEC.COMBN,age+gender,inc_to_pov_level,prevent_chd_10yr_full,2765,7096332.01527338,127,gaussian (identity),Low income,0.0126911953014118,0.00164263054474314,3.3523011152904e-12,0.00947163943371527,0.0159107511691084,30.8749349438754,1.36219621465377e-11,744,1759957.03469602
racethn_combn,Other/Multi-Racial/NHAsian,1999-2020,21.2,WTMEC.COMBN,age+gender,inc_to_pov_level,prevent_chd_10yr_full,701,3618388.14132726,72,gaussian (identity),High income (Intercept),-0.0650430888727474,0.00518978580798491,2.43116771339297e-19,-0.0752150690563978,-0.054871108689097,1.87739387786594,0.160832187963138,230,1407385.28514076
racethn_combn,Other/Multi-Racial/NHAsian,1999-2020,21.2,WTMEC.COMBN,age+gender,inc_to_pov_level,prevent_chd_10yr_full,701,3618388.14132726,72,gaussian (identity),Middle income,0.00358957791197766,0.00271561490926203,0.19065483657719,-0.00173302731017591,0.00891218313413124,1.87739387786594,0.160832187963138,340,1720612.83210123
racethn_combn,Other/Multi-Racial/NHAsian,1999-2020,21.2,WTMEC.COMBN,age+gender,inc_to_pov_level,prevent_chd_10yr_full,701,3618388.14132726,72,gaussian (identity),Low income,0.00729755416636057,0.0041065302653686,0.0800304141471932,-0.000751245153761875,0.015346353486483,1.87739387786594,0.160832187963138,131,490390.024085283
racethn_combn,NHAsian,1999-2020,21.2,WTMEC.COMBN,age+gender,inc_to_pov_level,prevent_chd_10yr_full,1775,3152590.32308819,67,gaussian (identity),High income (Intercept),-0.0657415335559549,0.0033088189216458,7.95719387208776e-29,-0.0722268186423807,-0.0592562484695291,12.8781782414709,2.04618141164033e-05,778,1422627.59812819
racethn_combn,NHAsian,1999-2020,21.2,WTMEC.COMBN,age+gender,inc_to_pov_level,prevent_chd_10yr_full,1775,3152590.32308819,67,gaussian (identity),Middle income,0.00478135059192958,0.00129714022157756,0.00047588503372628,0.00223895575763757,0.00732374542622159,12.8781782414709,2.04618141164033e-05,791,1392520.2807144
racethn_combn,NHAsian,1999-2020,21.2,WTMEC.COMBN,age+gender,inc_to_pov_level,prevent_chd_10yr_full,1775,3152590.32308819,67,gaussian (identity),Low income,0.0110660822744329,0.00246027339133621,3.01358027586812e-05,0.00624394642741398,0.0158882181214519,12.8781782414709,2.04618141164033e-05,206,337442.444245604
racethn_combn,Other/Multi-Racial,1999-2020,21.2,WTMEC.COMBN,age+gender,inc_to_pov_level,prevent_chd_10yr_full,515,2087306.93312913,60,gaussian (identity),High income (Intercept),-0.0650325076427375,0.00578914565433752,5.71257691891553e-16,-0.076379233125239,-0.053685782160236,4.96894689585105,0.0103153217223537,115,583970.287660038
racethn_combn,Other/Multi-Racial,1999-2020,21.2,WTMEC.COMBN,age+gender,inc_to_pov_level,prevent_chd_10yr_full,515,2087306.93312913,60,gaussian (identity),Middle income,-0.000521237396388531,0.00582339402123251,0.928997959021313,-0.0119350896780042,0.0108926148852272,4.96894689585105,0.0103153217223537,280,1147902.98881513
racethn_combn,Other/Multi-Racial,1999-2020,21.2,WTMEC.COMBN,age+gender,inc_to_pov_level,prevent_chd_10yr_full,515,2087306.93312913,60,gaussian (identity),Low income,0.012839911308903,0.00628832603163789,0.0458858132128277,0.000514792286892694,0.0251650303309132,4.96894689585105,0.0103153217223537,120,355433.656653962
racethn_combn,NHW,1999-2020,21.2,WTMEC.COMBN,age+gender,inc_to_pov_level,prevent_chd_30yr_base,14843,98194060.8601723,162,gaussian (identity),High income (Intercept),-0.0640000068855975,0.00156839339193553,8.13826980680349e-86,-0.0670740579337911,-0.0609259558374039,116.097780306177,9.60740891475833e-32,5669,47304582.465855
racethn_combn,NHW,1999-2020,21.2,WTMEC.COMBN,age+gender,inc_to_pov_level,prevent_chd_30yr_base,14843,98194060.8601723,162,gaussian (identity),Middle income,0.0109067449924408,0.00112341793274445,9.11433432925393e-18,0.00870484584426168,0.0131086441406199,116.097780306177,9.60740891475833e-32,7338,43679329.446263
racethn_combn,NHW,1999-2020,21.2,WTMEC.COMBN,age+gender,inc_to_pov_level,prevent_chd_30yr_base,14843,98194060.8601723,162,gaussian (identity),Low income,0.0274050286929422,0.00195151470688172,1.36039894225912e-29,0.023580059867454,0.0312299975184304,116.097780306177,9.60740891475833e-32,1836,7210148.94805436
racethn_combn,Mexican-American,1999-2020,21.2,WTMEC.COMBN,age+gender,inc_to_pov_level,prevent_chd_30yr_base,5546,9578444.79541668,131,gaussian (identity),High income (Intercept),-0.086160304535263,0.00439146872439989,2.92436140539945e-40,-0.0947675832350868,-0.0775530258354392,6.63280130145525,0.00182027176675674,782,1465843.58130506
racethn_combn,Mexican-American,1999-2020,21.2,WTMEC.COMBN,age+gender,inc_to_pov_level,prevent_chd_30yr_base,5546,9578444.79541668,131,gaussian (identity),Middle income,0.00678816830990434,0.00290391470759245,0.020972196498317,0.00109649548302313,0.0124798411367855,6.63280130145525,0.00182027176675674,3190,5453112.6964626
racethn_combn,Mexican-American,1999-2020,21.2,WTMEC.COMBN,age+gender,inc_to_pov_level,prevent_chd_30yr_base,5546,9578444.79541668,131,gaussian (identity),Low income,0.00924283124465199,0.00262914452598852,0.000609094768094528,0.00408970797371449,0.0143959545155895,6.63280130145525,0.00182027176675674,1574,2659488.51764902
racethn_combn,NHB,1999-2020,21.2,WTMEC.COMBN,age+gender,inc_to_pov_level,prevent_chd_30yr_base,6959,13623156.7616427,146,gaussian (identity),High income (Intercept),-0.0631060844142835,0.00285036715029998,6.80762997310322e-48,-0.0686928040288714,-0.0575193647996955,16.7318404221723,2.98661140262209e-07,1609,3277832.2403973
racethn_combn,NHB,1999-2020,21.2,WTMEC.COMBN,age+gender,inc_to_pov_level,prevent_chd_30yr_base,6959,13623156.7616427,146,gaussian (identity),Middle income,0.0063083457475574,0.00159342187485644,0.000118549322907021,0.00318523887283877,0.00943145262227602,16.7318404221723,2.98661140262209e-07,3824,7430605.72631417
racethn_combn,NHB,1999-2020,21.2,WTMEC.COMBN,age+gender,inc_to_pov_level,prevent_chd_30yr_base,6959,13623156.7616427,146,gaussian (identity),Low income,0.0133130866876895,0.00240154845791088,1.40009898624272e-07,0.00860605171018419,0.0180201216651948,16.7318404221723,2.98661140262209e-07,1526,2914718.79493126
racethn_combn,Other Hispanic,1999-2020,21.2,WTMEC.COMBN,age+gender,inc_to_pov_level,prevent_chd_30yr_base,2782,7140912.95814211,127,gaussian (identity),High income (Intercept),-0.0800061643900834,0.00435261224148882,4.38001172607304e-37,-0.0885372843834015,-0.0714750443967653,7.53789288479741,0.000816463292063797,500,1356531.43519262
racethn_combn,Other Hispanic,1999-2020,21.2,WTMEC.COMBN,age+gender,inc_to_pov_level,prevent_chd_30yr_base,2782,7140912.95814211,127,gaussian (identity),Middle income,0.00781087822785111,0.00336786713369725,0.0220316431977681,0.0012098586458045,0.0144118978098977,7.53789288479741,0.000816463292063797,1535,4020138.51047781
racethn_combn,Other Hispanic,1999-2020,21.2,WTMEC.COMBN,age+gender,inc_to_pov_level,prevent_chd_30yr_base,2782,7140912.95814211,127,gaussian (identity),Low income,0.0146211136220793,0.00376627254431129,0.000167943945098828,0.0072392194352292,0.0220030078089295,7.53789288479741,0.000816463292063797,747,1764243.01247168
racethn_combn,Other/Multi-Racial/NHAsian,1999-2020,21.2,WTMEC.COMBN,age+gender,inc_to_pov_level,prevent_chd_30yr_base,709,3655311.76060717,72,gaussian (identity),High income (Intercept),-0.0768612497199059,0.00846874542477675,2.46308657419807e-13,-0.0934599907524683,-0.0602625086873435,0.372832079161743,0.690180081205462,231,1414084.98611255
racethn_combn,Other/Multi-Racial/NHAsian,1999-2020,21.2,WTMEC.COMBN,age+gender,inc_to_pov_level,prevent_chd_30yr_base,709,3655311.76060717,72,gaussian (identity),Middle income,-0.00232353293609804,0.00557205515885011,0.677993773533705,-0.0132447610474443,0.00859769517524818,0.372832079161743,0.690180081205462,343,1738885.77854236
racethn_combn,Other/Multi-Racial/NHAsian,1999-2020,21.2,WTMEC.COMBN,age+gender,inc_to_pov_level,prevent_chd_30yr_base,709,3655311.76060717,72,gaussian (identity),Low income,0.00536706831664883,0.00838907277033133,0.524472493362878,-0.0110755143132006,0.0218096509464982,0.372832079161743,0.690180081205462,135,502340.995952264
racethn_combn,NHAsian,1999-2020,21.2,WTMEC.COMBN,age+gender,inc_to_pov_level,prevent_chd_30yr_base,1785,3169143.97792579,67,gaussian (identity),High income (Intercept),-0.0786704433325397,0.00427459028965338,4.92230775139213e-27,-0.0870486403002604,-0.0702922463648191,7.77579803437187,0.000959056898952988,782,1430812.70328834
racethn_combn,NHAsian,1999-2020,21.2,WTMEC.COMBN,age+gender,inc_to_pov_level,prevent_chd_30yr_base,1785,3169143.97792579,67,gaussian (identity),Middle income,0.00944048349472815,0.00240610154236016,0.000218375439498683,0.00472452447170223,0.0141564425177541,7.77579803437187,0.000959056898952988,796,1398739.85861336
racethn_combn,NHAsian,1999-2020,21.2,WTMEC.COMBN,age+gender,inc_to_pov_level,prevent_chd_30yr_base,1785,3169143.97792579,67,gaussian (identity),Low income,0.00626302272240422,0.00323933164455155,0.0576794348197455,-8.60673009168101e-05,0.0126121127457252,7.77579803437187,0.000959056898952988,207,339591.416024094
racethn_combn,Other/Multi-Racial,1999-2020,21.2,WTMEC.COMBN,age+gender,inc_to_pov_level,prevent_chd_30yr_base,519,2096183.88772353,60,gaussian (identity),High income (Intercept),-0.0532845048699857,0.0117911149164293,3.25889334675804e-05,-0.0763950901061872,-0.0301739196337842,5.5174985017759,0.00649860463073012,116,585099.386454302
racethn_combn,Other/Multi-Racial,1999-2020,21.2,WTMEC.COMBN,age+gender,inc_to_pov_level,prevent_chd_30yr_base,519,2096183.88772353,60,gaussian (identity),Middle income,0.001449463394084,0.00927775396206241,0.876413590210868,-0.0167349343715583,0.0196338611597263,5.5174985017759,0.00649860463073012,283,1155650.84461526
racethn_combn,Other/Multi-Racial,1999-2020,21.2,WTMEC.COMBN,age+gender,inc_to_pov_level,prevent_chd_30yr_base,519,2096183.88772353,60,gaussian (identity),Low income,0.0223889466779602,0.00888874028568355,0.0146585170197574,0.00496701571802042,0.0398108776378999,5.5174985017759,0.00649860463073012,120,355433.656653962
racethn_combn,NHW,1999-2020,21.2,WTMEC.COMBN,age+gender,inc_to_pov_level,prevent_chd_30yr_hba1c,14829,98109055.7753943,162,gaussian (identity),High income (Intercept),-0.0579375919686695,0.00140128181405022,1.21655841208972e-86,-0.060684104324208,-0.0551910796131311,123.560400925435,4.95143321104439e-33,5666,47281066.8974895
racethn_combn,NHW,1999-2020,21.2,WTMEC.COMBN,age+gender,inc_to_pov_level,prevent_chd_30yr_hba1c,14829,98109055.7753943,162,gaussian (identity),Middle income,0.0102472806461672,0.00102531004788204,1.56581433305646e-18,0.00823767295231845,0.012256888340016,123.560400925435,4.95143321104439e-33,7328,43621213.9345083
racethn_combn,NHW,1999-2020,21.2,WTMEC.COMBN,age+gender,inc_to_pov_level,prevent_chd_30yr_hba1c,14829,98109055.7753943,162,gaussian (identity),Low income,0.0258529811045848,0.00178958464146284,1.08615446056839e-30,0.0223453952073176,0.0293605670018519,123.560400925435,4.95143321104439e-33,1835,7206774.94339662
racethn_combn,Mexican-American,1999-2020,21.2,WTMEC.COMBN,age+gender,inc_to_pov_level,prevent_chd_30yr_hba1c,5541,9567864.78053715,131,gaussian (identity),High income (Intercept),-0.0816843458883342,0.00432376671501597,1.0552162012157e-38,-0.0901589286497656,-0.0732097631269029,9.05496110598794,0.000210751095215344,782,1465843.58130506
racethn_combn,Mexican-American,1999-2020,21.2,WTMEC.COMBN,age+gender,inc_to_pov_level,prevent_chd_30yr_hba1c,5541,9567864.78053715,131,gaussian (identity),Middle income,0.00763807144083144,0.0027788931635833,0.00685740865792005,0.00219144084020818,0.0130847020414547,9.05496110598794,0.000210751095215344,3187,5447066.00652902
racethn_combn,Mexican-American,1999-2020,21.2,WTMEC.COMBN,age+gender,inc_to_pov_level,prevent_chd_30yr_hba1c,5541,9567864.78053715,131,gaussian (identity),Low income,0.0112653696680462,0.00270831299214296,5.82893579072579e-05,0.00595707620344604,0.0165736631326464,9.05496110598794,0.000210751095215344,1572,2654955.19270308
racethn_combn,NHB,1999-2020,21.2,WTMEC.COMBN,age+gender,inc_to_pov_level,prevent_chd_30yr_hba1c,6936,13581268.1103461,146,gaussian (identity),High income (Intercept),-0.0585076246969915,0.00273648574744896,3.10013305357873e-46,-0.0638711367619915,-0.0531441126319916,20.081424632507,2.08845873703384e-08,1606,3273341.90454645
racethn_combn,NHB,1999-2020,21.2,WTMEC.COMBN,age+gender,inc_to_pov_level,prevent_chd_30yr_hba1c,6936,13581268.1103461,146,gaussian (identity),Middle income,0.00657093237110778,0.00155455008842002,4.21878732476149e-05,0.00352401419780454,0.00961785054441102,20.081424632507,2.08845873703384e-08,3810,7402627.03948449
racethn_combn,NHB,1999-2020,21.2,WTMEC.COMBN,age+gender,inc_to_pov_level,prevent_chd_30yr_hba1c,6936,13581268.1103461,146,gaussian (identity),Low income,0.0137134818022344,0.00228142878085554,1.47998878005593e-08,0.00924188139175752,0.0181850822127112,20.081424632507,2.08845873703384e-08,1520,2905299.16631513
racethn_combn,Other Hispanic,1999-2020,21.2,WTMEC.COMBN,age+gender,inc_to_pov_level,prevent_chd_30yr_hba1c,2776,7121778.54182428,127,gaussian (identity),High income (Intercept),-0.075330614662027,0.00419580655791051,3.62823654986535e-36,-0.0835543955155316,-0.0671068338085224,8.81543127535998,0.000264365612528178,500,1356531.43519262
racethn_combn,Other Hispanic,1999-2020,21.2,WTMEC.COMBN,age+gender,inc_to_pov_level,prevent_chd_30yr_hba1c,2776,7121778.54182428,127,gaussian (identity),Middle income,0.00850644116462707,0.00328385619100025,0.0107447178416216,0.00207008303026658,0.0149427992989876,8.81543127535998,0.000264365612528178,1529,4001004.09415998
racethn_combn,Other Hispanic,1999-2020,21.2,WTMEC.COMBN,age+gender,inc_to_pov_level,prevent_chd_30yr_hba1c,2776,7121778.54182428,127,gaussian (identity),Low income,0.0151474768626094,0.00360748982387251,5.10113647262913e-05,0.00807679680781925,0.0222181569173995,8.81543127535998,0.000264365612528178,747,1764243.01247168
racethn_combn,Other/Multi-Racial/NHAsian,1999-2020,21.2,WTMEC.COMBN,age+gender,inc_to_pov_level,prevent_chd_30yr_hba1c,706,3640425.36088047,72,gaussian (identity),High income (Intercept),-0.0737876585421019,0.00860993076578554,2.02325065693239e-12,-0.0906631228430415,-0.0569121942411622,0.642221817931201,0.529283164939582,230,1407385.28514076
racethn_combn,Other/Multi-Racial/NHAsian,1999-2020,21.2,WTMEC.COMBN,age+gender,inc_to_pov_level,prevent_chd_30yr_hba1c,706,3640425.36088047,72,gaussian (identity),Middle income,-0.00163663058606475,0.00505527891804265,0.74712333395142,-0.0115449772654283,0.00827171609329884,0.642221817931201,0.529283164939582,342,1733193.86377934
racethn_combn,Other/Multi-Racial/NHAsian,1999-2020,21.2,WTMEC.COMBN,age+gender,inc_to_pov_level,prevent_chd_30yr_hba1c,706,3640425.36088047,72,gaussian (identity),Low income,0.00856907722275895,0.00854906894739729,0.319732761040704,-0.00818709791413975,0.0253252523596576,0.642221817931201,0.529283164939582,134,499846.211960378
racethn_combn,NHAsian,1999-2020,21.2,WTMEC.COMBN,age+gender,inc_to_pov_level,prevent_chd_30yr_hba1c,1784,3167964.98803211,67,gaussian (identity),High income (Intercept),-0.0737227184653142,0.00379274604801684,2.61605980217692e-28,-0.0811565007194272,-0.0662889362112012,6.87413179007241,0.00199327728715969,782,1430812.70328834
racethn_combn,NHAsian,1999-2020,21.2,WTMEC.COMBN,age+gender,inc_to_pov_level,prevent_chd_30yr_hba1c,1784,3167964.98803211,67,gaussian (identity),Middle income,0.00826708263035446,0.00238957643032566,0.000975780813269212,0.00358351282691617,0.0129506524337928,6.87413179007241,0.00199327728715969,795,1397560.86871968
racethn_combn,NHAsian,1999-2020,21.2,WTMEC.COMBN,age+gender,inc_to_pov_level,prevent_chd_30yr_hba1c,1784,3167964.98803211,67,gaussian (identity),Low income,0.00864446573230358,0.0033099029493516,0.0112485626897666,0.00215705595157444,0.0151318755130327,6.87413179007241,0.00199327728715969,207,339591.416024094
racethn_combn,Other/Multi-Racial,1999-2020,21.2,WTMEC.COMBN,age+gender,inc_to_pov_level,prevent_chd_30yr_hba1c,519,2096183.88772353,60,gaussian (identity),High income (Intercept),-0.0489479266229117,0.0109801460580701,4.02404821474198e-05,-0.0704690128967292,-0.0274268403490943,6.03457167381013,0.00423308291615347,116,585099.386454302
racethn_combn,Other/Multi-Racial,1999-2020,21.2,WTMEC.COMBN,age+gender,inc_to_pov_level,prevent_chd_30yr_hba1c,519,2096183.88772353,60,gaussian (identity),Middle income,-0.000314884285254561,0.00971699814812571,0.974263892877158,-0.019360200655581,0.0187304320850718,6.03457167381013,0.00423308291615347,283,1155650.84461526
racethn_combn,Other/Multi-Racial,1999-2020,21.2,WTMEC.COMBN,age+gender,inc_to_pov_level,prevent_chd_30yr_hba1c,519,2096183.88772353,60,gaussian (identity),Low income,0.0206251713211336,0.00899961172725591,0.0257002388895899,0.00298593233571206,0.0382644103065552,6.03457167381013,0.00423308291615347,120,355433.656653962
racethn_combn,NHW,1999-2020,21.2,WTMEC.COMBN,age+gender,inc_to_pov_level,prevent_chd_30yr_uacr,14716,97575882.4155167,162,gaussian (identity),High income (Intercept),-0.0699896791950136,0.00139605596023531,6.2585325397888e-99,-0.0727259488770747,-0.0672534095129524,132.834727676762,1.44133411640991e-34,5642,47134357.2309661
racethn_combn,NHW,1999-2020,21.2,WTMEC.COMBN,age+gender,inc_to_pov_level,prevent_chd_30yr_uacr,14716,97575882.4155167,162,gaussian (identity),Middle income,0.0109928852994921,0.00104179639695695,4.89674029415593e-20,0.0089509643614565,0.0130348062375278,132.834727676762,1.44133411640991e-34,7268,43326463.8141747
racethn_combn,NHW,1999-2020,21.2,WTMEC.COMBN,age+gender,inc_to_pov_level,prevent_chd_30yr_uacr,14716,97575882.4155167,162,gaussian (identity),Low income,0.0269524014008749,0.00180836044536723,6.23915357269612e-32,0.0234080149279551,0.0304967878737946,132.834727676762,1.44133411640991e-34,1806,7115061.37037587
racethn_combn,Mexican-American,1999-2020,21.2,WTMEC.COMBN,age+gender,inc_to_pov_level,prevent_chd_30yr_uacr,5523,9544715.29945442,131,gaussian (identity),High income (Intercept),-0.0904414934302646,0.00410421249791464,3.19668682597549e-45,-0.0984857499261773,-0.0823972369343519,7.53195678166442,0.00081061867732631,779,1459431.05251789
racethn_combn,Mexican-American,1999-2020,21.2,WTMEC.COMBN,age+gender,inc_to_pov_level,prevent_chd_30yr_uacr,5523,9544715.29945442,131,gaussian (identity),Middle income,0.00669434441779755,0.00280366384270279,0.0184271348724709,0.00119916328610009,0.012189525549495,7.53195678166442,0.00081061867732631,3180,5439982.54321128
racethn_combn,Mexican-American,1999-2020,21.2,WTMEC.COMBN,age+gender,inc_to_pov_level,prevent_chd_30yr_uacr,5523,9544715.29945442,131,gaussian (identity),Low income,0.00952624595561374,0.00255757669581083,0.000292866722642523,0.00451339563182452,0.014539096279403,7.53195678166442,0.00081061867732631,1564,2645301.70372525
racethn_combn,NHB,1999-2020,21.2,WTMEC.COMBN,age+gender,inc_to_pov_level,prevent_chd_30yr_uacr,6870,13475505.7252745,146,gaussian (identity),High income (Intercept),-0.070054050593936,0.00276386895269612,1.46729853933369e-54,-0.0754712337412204,-0.0646368674466516,21.2740625601333,8.29255181686987e-09,1597,3257486.89674957
racethn_combn,NHB,1999-2020,21.2,WTMEC.COMBN,age+gender,inc_to_pov_level,prevent_chd_30yr_uacr,6870,13475505.7252745,146,gaussian (identity),Middle income,0.00681179022427936,0.00152298579272732,1.57026759246336e-05,0.00382673807053381,0.0097968423780249,21.2740625601333,8.29255181686987e-09,3782,7362763.30477625
racethn_combn,NHB,1999-2020,21.2,WTMEC.COMBN,age+gender,inc_to_pov_level,prevent_chd_30yr_uacr,6870,13475505.7252745,146,gaussian (identity),Low income,0.0140293618598538,0.00226828176268786,6.24657222452241e-09,0.00958352960498555,0.018475194114722,21.2740625601333,8.29255181686987e-09,1491,2855255.52374868
racethn_combn,Other Hispanic,1999-2020,21.2,WTMEC.COMBN,age+gender,inc_to_pov_level,prevent_chd_30yr_uacr,2771,7115466.43159121,127,gaussian (identity),High income (Intercept),-0.0853997622798189,0.00404678686812673,1.06861470964039e-42,-0.0933314645413473,-0.0774680600182905,10.4465701905935,6.45206542551836e-05,499,1348533.64385074
racethn_combn,Other Hispanic,1999-2020,21.2,WTMEC.COMBN,age+gender,inc_to_pov_level,prevent_chd_30yr_uacr,2771,7115466.43159121,127,gaussian (identity),Middle income,0.00820430701208486,0.00315885678289826,0.0105436754008305,0.00201294771760426,0.0143956663065655,10.4465701905935,6.45206542551836e-05,1528,4006975.75304445
racethn_combn,Other Hispanic,1999-2020,21.2,WTMEC.COMBN,age+gender,inc_to_pov_level,prevent_chd_30yr_uacr,2771,7115466.43159121,127,gaussian (identity),Low income,0.0159470334181381,0.00348933873671395,1.16825054495254e-05,0.00910792949417879,0.0227861373420975,10.4465701905935,6.45206542551836e-05,744,1759957.03469602
racethn_combn,Other/Multi-Racial/NHAsian,1999-2020,21.2,WTMEC.COMBN,age+gender,inc_to_pov_level,prevent_chd_30yr_uacr,704,3633274.54105396,72,gaussian (identity),High income (Intercept),-0.0825364815889618,0.00752608283923442,1.09844501860202e-16,-0.0972876039538612,-0.0677853592240623,0.423010247826422,0.656783767402152,231,1414084.98611255
racethn_combn,Other/Multi-Racial/NHAsian,1999-2020,21.2,WTMEC.COMBN,age+gender,inc_to_pov_level,prevent_chd_30yr_uacr,704,3633274.54105396,72,gaussian (identity),Middle income,0.000458244645914295,0.00528535873881837,0.931164166601504,-0.00990105848216971,0.0108175477739983,0.423010247826422,0.656783767402152,341,1726304.74686425
racethn_combn,Other/Multi-Racial/NHAsian,1999-2020,21.2,WTMEC.COMBN,age+gender,inc_to_pov_level,prevent_chd_30yr_uacr,704,3633274.54105396,72,gaussian (identity),Low income,0.00749626784065062,0.00827555674421711,0.368223055925057,-0.00872382337801491,0.0237163590593162,0.423010247826422,0.656783767402152,132,492884.80807717
racethn_combn,NHAsian,1999-2020,21.2,WTMEC.COMBN,age+gender,inc_to_pov_level,prevent_chd_30yr_uacr,1776,3153769.31298187,67,gaussian (identity),High income (Intercept),-0.0826033935169756,0.0039165826822398,3.00485029331646e-30,-0.0902798955741656,-0.0749268914597856,8.78606790817199,0.000430927003744616,778,1422627.59812819
racethn_combn,NHAsian,1999-2020,21.2,WTMEC.COMBN,age+gender,inc_to_pov_level,prevent_chd_30yr_uacr,1776,3153769.31298187,67,gaussian (identity),Middle income,0.00971639303723507,0.00233800193277699,9.95550760469705e-05,0.00513390924899217,0.014298876825478,8.78606790817199,0.000430927003744616,792,1393699.27060808
racethn_combn,NHAsian,1999-2020,21.2,WTMEC.COMBN,age+gender,inc_to_pov_level,prevent_chd_30yr_uacr,1776,3153769.31298187,67,gaussian (identity),Low income,0.00773615751373983,0.00298333176927428,0.0118109951391214,0.00188882724596224,0.0135834877815174,8.78606790817199,0.000430927003744616,206,337442.444245604
racethn_combn,Other/Multi-Racial,1999-2020,21.2,WTMEC.COMBN,age+gender,inc_to_pov_level,prevent_chd_30yr_uacr,515,2087306.93312913,60,gaussian (identity),High income (Intercept),-0.0600634236692507,0.0119086811725666,5.12155496173218e-06,-0.0834044387674813,-0.0367224085710201,5.73890251270496,0.0054045338180405,115,583970.287660038
racethn_combn,Other/Multi-Racial,1999-2020,21.2,WTMEC.COMBN,age+gender,inc_to_pov_level,prevent_chd_30yr_uacr,515,2087306.93312913,60,gaussian (identity),Middle income,-0.000556675190158941,0.00963230996473866,0.954119646621943,-0.0194360027210467,0.0183226523407288,5.73890251270496,0.0054045338180405,280,1147902.98881513
racethn_combn,Other/Multi-Racial,1999-2020,21.2,WTMEC.COMBN,age+gender,inc_to_pov_level,prevent_chd_30yr_uacr,515,2087306.93312913,60,gaussian (identity),Low income,0.0216960695403699,0.00973630088511515,0.0298885575448497,0.00261291980554423,0.0407792192751956,5.73890251270496,0.0054045338180405,120,355433.656653962
racethn_combn,NHW,1999-2020,21.2,WTMEC.COMBN,age+gender,inc_to_pov_level,prevent_chd_30yr_full,14703,97494483.0016555,162,gaussian (identity),High income (Intercept),-0.0597439188693405,0.00123272010060993,9.51510862859104e-97,-0.062160050266536,-0.0573277874721451,128.803414318694,6.57625392033847e-34,5639,47110841.6626005
racethn_combn,NHW,1999-2020,21.2,WTMEC.COMBN,age+gender,inc_to_pov_level,prevent_chd_30yr_full,14703,97494483.0016555,162,gaussian (identity),Middle income,0.00981664015089116,0.000949339712935008,1.82859517869084e-19,0.00795593431353855,0.0116773459882438,128.803414318694,6.57625392033847e-34,7259,43271953.9733369
racethn_combn,NHW,1999-2020,21.2,WTMEC.COMBN,age+gender,inc_to_pov_level,prevent_chd_30yr_full,14703,97494483.0016555,162,gaussian (identity),Low income,0.0240991946195011,0.00165014103235625,4.04776404720553e-31,0.0208649181960828,0.0273334710429193,128.803414318694,6.57625392033847e-34,1805,7111687.36571813
racethn_combn,Mexican-American,1999-2020,21.2,WTMEC.COMBN,age+gender,inc_to_pov_level,prevent_chd_30yr_full,5518,9534135.28457489,131,gaussian (identity),High income (Intercept),-0.0827054434227387,0.00402501664216401,3.3359218737947e-42,-0.0905944760413802,-0.0748164108040973,9.79797855621008,0.000110354413187659,779,1459431.05251789
racethn_combn,Mexican-American,1999-2020,21.2,WTMEC.COMBN,age+gender,inc_to_pov_level,prevent_chd_30yr_full,5518,9534135.28457489,131,gaussian (identity),Middle income,0.00741367141915911,0.00262905692175742,0.00557540880432366,0.00226071985251457,0.0125666229858036,9.79797855621008,0.000110354413187659,3177,5433935.8532777
racethn_combn,Mexican-American,1999-2020,21.2,WTMEC.COMBN,age+gender,inc_to_pov_level,prevent_chd_30yr_full,5518,9534135.28457489,131,gaussian (identity),Low income,0.0110914092078087,0.00256735371844225,3.11564655524355e-05,0.00605939591966194,0.0161234224959556,9.79797855621008,0.000110354413187659,1562,2640768.3787793
racethn_combn,NHB,1999-2020,21.2,WTMEC.COMBN,age+gender,inc_to_pov_level,prevent_chd_30yr_full,6848,13434731.9491492,146,gaussian (identity),High income (Intercept),-0.0616954709767386,0.00268919581405096,1.30017319153692e-49,-0.0669662947722785,-0.0564246471811987,21.8014894402581,5.53275642426637e-09,1594,3252996.56089872
racethn_combn,NHB,1999-2020,21.2,WTMEC.COMBN,age+gender,inc_to_pov_level,prevent_chd_30yr_full,6848,13434731.9491492,146,gaussian (identity),Middle income,0.00660889781778668,0.00148105539373635,1.63835848404553e-05,0.00370602924606343,0.00951176638950993,21.8014894402581,5.53275642426637e-09,3768,7334784.61794657
racethn_combn,NHB,1999-2020,21.2,WTMEC.COMBN,age+gender,inc_to_pov_level,prevent_chd_30yr_full,6848,13434731.9491492,146,gaussian (identity),Low income,0.0132893829902749,0.00214305438286885,5.76313111124605e-09,0.00908899639985194,0.0174897695806979,21.8014894402581,5.53275642426637e-09,1486,2846950.77030396
racethn_combn,Other Hispanic,1999-2020,21.2,WTMEC.COMBN,age+gender,inc_to_pov_level,prevent_chd_30yr_full,2765,7096332.01527338,127,gaussian (identity),High income (Intercept),-0.0774797418919432,0.00385505546484501,1.1316510748267e-40,-0.0850356506030394,-0.0699238331808469,10.5786140530479,5.76400488208431e-05,499,1348533.64385074
racethn_combn,Other Hispanic,1999-2020,21.2,WTMEC.COMBN,age+gender,inc_to_pov_level,prevent_chd_30yr_full,2765,7096332.01527338,127,gaussian (identity),Middle income,0.00871805695059483,0.0031122772596437,0.00591570238059542,0.00261799352169318,0.0148181203794965,10.5786140530479,5.76400488208431e-05,1522,3987841.33672662
racethn_combn,Other Hispanic,1999-2020,21.2,WTMEC.COMBN,age+gender,inc_to_pov_level,prevent_chd_30yr_full,2765,7096332.01527338,127,gaussian (identity),Low income,0.0157663040028827,0.00342777227251463,1.03620474583479e-05,0.00904787034875398,0.0224847376570113,10.5786140530479,5.76400488208431e-05,744,1759957.03469602
racethn_combn,Other/Multi-Racial/NHAsian,1999-2020,21.2,WTMEC.COMBN,age+gender,inc_to_pov_level,prevent_chd_30yr_full,701,3618388.14132726,72,gaussian (identity),High income (Intercept),-0.0753455358947722,0.00745853558474207,3.60354579547083e-15,-0.0899642656408666,-0.0607268061486777,0.665547941760238,0.517307558584954,230,1407385.28514076
racethn_combn,Other/Multi-Racial/NHAsian,1999-2020,21.2,WTMEC.COMBN,age+gender,inc_to_pov_level,prevent_chd_30yr_full,701,3618388.14132726,72,gaussian (identity),Middle income,0.000525923148177298,0.00479919586818164,0.913060728351578,-0.00888050075345872,0.00993234704981331,0.665547941760238,0.517307558584954,340,1720612.83210123
racethn_combn,Other/Multi-Racial/NHAsian,1999-2020,21.2,WTMEC.COMBN,age+gender,inc_to_pov_level,prevent_chd_30yr_full,701,3618388.14132726,72,gaussian (identity),Low income,0.00972582073276237,0.00851359055938663,0.257299420167738,-0.00696081676363542,0.0264124582291602,0.665547941760238,0.517307558584954,131,490390.024085283
racethn_combn,NHAsian,1999-2020,21.2,WTMEC.COMBN,age+gender,inc_to_pov_level,prevent_chd_30yr_full,1775,3152590.32308819,67,gaussian (identity),High income (Intercept),-0.0725340909529072,0.00357969167530251,2.72263762236839e-29,-0.0795502866365001,-0.0655178952693142,7.5114144676236,0.00118643509298535,778,1422627.59812819
racethn_combn,NHAsian,1999-2020,21.2,WTMEC.COMBN,age+gender,inc_to_pov_level,prevent_chd_30yr_full,1775,3152590.32308819,67,gaussian (identity),Middle income,0.00827757100785425,0.0023006318305596,0.0006311687087538,0.00376833261995743,0.0127868093957511,7.5114144676236,0.00118643509298535,791,1392520.2807144
racethn_combn,NHAsian,1999-2020,21.2,WTMEC.COMBN,age+gender,inc_to_pov_level,prevent_chd_30yr_full,1775,3152590.32308819,67,gaussian (identity),Low income,0.00940968063144499,0.0031427297860525,0.00392959775209057,0.00324993025078208,0.0155694310121079,7.5114144676236,0.00118643509298535,206,337442.444245604
racethn_combn,Other/Multi-Racial,1999-2020,21.2,WTMEC.COMBN,age+gender,inc_to_pov_level,prevent_chd_30yr_full,515,2087306.93312913,60,gaussian (identity),High income (Intercept),-0.0531805798325613,0.0112528176180121,1.58409632537828e-05,-0.0752361023638649,-0.0311250573012577,5.87490739596306,0.00482878213522624,115,583970.287660038
racethn_combn,Other/Multi-Racial,1999-2020,21.2,WTMEC.COMBN,age+gender,inc_to_pov_level,prevent_chd_30yr_full,515,2087306.93312913,60,gaussian (identity),Middle income,-0.00161892306203244,0.00975502270991648,0.868787803976725,-0.0207387675734687,0.0175009214494039,5.87490739596306,0.00482878213522624,280,1147902.98881513
racethn_combn,Other/Multi-Racial,1999-2020,21.2,WTMEC.COMBN,age+gender,inc_to_pov_level,prevent_chd_30yr_full,515,2087306.93312913,60,gaussian (identity),Low income,0.0197523979964834,0.00957705006735511,0.0438129963713091,0.000981379864467408,0.0385234161284994,5.87490739596306,0.00482878213522624,120,355433.656653962
racethn_combn,NHW,1999-2020,21.2,WTMEC.COMBN,age+gender,inc_to_pov_level,prevent_stroke_10yr_base,14843,98194060.8601723,162,gaussian (identity),High income (Intercept),-0.0535002374760818,0.000554139626045636,2.15964994851204e-142,-0.0545863511431313,-0.0524141238090324,260.566869952423,9.32052999949978e-51,5669,47304582.465855
racethn_combn,NHW,1999-2020,21.2,WTMEC.COMBN,age+gender,inc_to_pov_level,prevent_stroke_10yr_base,14843,98194060.8601723,162,gaussian (identity),Middle income,0.00618701365498122,0.000356295992430903,1.83067962510153e-38,0.00548867350981665,0.00688535380014579,260.566869952423,9.32052999949978e-51,7338,43679329.446263
racethn_combn,NHW,1999-2020,21.2,WTMEC.COMBN,age+gender,inc_to_pov_level,prevent_stroke_10yr_base,14843,98194060.8601723,162,gaussian (identity),Low income,0.0110492430068284,0.000625043272150737,2.82739954906631e-39,0.00982415819341301,0.0122743278202439,260.566869952423,9.32052999949978e-51,1836,7210148.94805436
racethn_combn,Mexican-American,1999-2020,21.2,WTMEC.COMBN,age+gender,inc_to_pov_level,prevent_stroke_10yr_base,5546,9578444.79541668,131,gaussian (identity),High income (Intercept),-0.0542830628154976,0.00123500569204482,1.09174195131005e-78,-0.0567036739719055,-0.0518624516590897,15.7833026115076,7.55251378165402e-07,782,1465843.58130506
racethn_combn,Mexican-American,1999-2020,21.2,WTMEC.COMBN,age+gender,inc_to_pov_level,prevent_stroke_10yr_base,5546,9578444.79541668,131,gaussian (identity),Middle income,0.00282223594230072,0.000880030144281187,0.00169752800653333,0.0010973768595096,0.00454709502509185,15.7833026115076,7.55251378165402e-07,3190,5453112.6964626
racethn_combn,Mexican-American,1999-2020,21.2,WTMEC.COMBN,age+gender,inc_to_pov_level,prevent_stroke_10yr_base,5546,9578444.79541668,131,gaussian (identity),Low income,0.00494167267729376,0.000885855590444056,1.39781714063807e-07,0.00320539572002341,0.00667794963456411,15.7833026115076,7.55251378165402e-07,1574,2659488.51764902
racethn_combn,NHB,1999-2020,21.2,WTMEC.COMBN,age+gender,inc_to_pov_level,prevent_stroke_10yr_base,6959,13623156.7616427,146,gaussian (identity),High income (Intercept),-0.0557773707176875,0.00128852072711847,1.0881966273478e-83,-0.0583028713428397,-0.0532518700925353,51.4721383455418,1.54416752456756e-17,1609,3277832.2403973
racethn_combn,NHB,1999-2020,21.2,WTMEC.COMBN,age+gender,inc_to_pov_level,prevent_stroke_10yr_base,6959,13623156.7616427,146,gaussian (identity),Middle income,0.00519665776251773,0.000728495679451535,4.59762799211854e-11,0.00376880623079272,0.00662450929424274,51.4721383455418,1.54416752456756e-17,3824,7430605.72631417
racethn_combn,NHB,1999-2020,21.2,WTMEC.COMBN,age+gender,inc_to_pov_level,prevent_stroke_10yr_base,6959,13623156.7616427,146,gaussian (identity),Low income,0.00976198274134576,0.000986214196011734,6.84604172993227e-18,0.00782900291716276,0.0116949625655288,51.4721383455418,1.54416752456756e-17,1526,2914718.79493126
racethn_combn,Other Hispanic,1999-2020,21.2,WTMEC.COMBN,age+gender,inc_to_pov_level,prevent_stroke_10yr_base,2782,7140912.95814211,127,gaussian (identity),High income (Intercept),-0.0553486248457905,0.00149047209791164,1.09198210364156e-68,-0.0582699501576973,-0.0524272995338837,31.1071925796009,1.16726489854843e-11,500,1356531.43519262
racethn_combn,Other Hispanic,1999-2020,21.2,WTMEC.COMBN,age+gender,inc_to_pov_level,prevent_stroke_10yr_base,2782,7140912.95814211,127,gaussian (identity),Middle income,0.00455302458754434,0.000897956349160947,1.42009036752469e-06,0.00279303014318888,0.00631301903189979,31.1071925796009,1.16726489854843e-11,1535,4020138.51047781
racethn_combn,Other Hispanic,1999-2020,21.2,WTMEC.COMBN,age+gender,inc_to_pov_level,prevent_stroke_10yr_base,2782,7140912.95814211,127,gaussian (identity),Low income,0.008118994410114,0.00103321286560205,1.66679833995687e-12,0.00609389719353399,0.010144091626694,31.1071925796009,1.16726489854843e-11,747,1764243.01247168
racethn_combn,Other/Multi-Racial/NHAsian,1999-2020,21.2,WTMEC.COMBN,age+gender,inc_to_pov_level,prevent_stroke_10yr_base,709,3655311.76060717,72,gaussian (identity),High income (Intercept),-0.0522516004175613,0.00304651857289017,2.13939906084399e-26,-0.0582227768204261,-0.0462804240146966,0.304827113204258,0.738252950474121,231,1414084.98611255
racethn_combn,Other/Multi-Racial/NHAsian,1999-2020,21.2,WTMEC.COMBN,age+gender,inc_to_pov_level,prevent_stroke_10yr_base,709,3655311.76060717,72,gaussian (identity),Middle income,0.00117658848724213,0.00216281294693107,0.588215001665022,-0.00306252488874277,0.00541570186322704,0.304827113204258,0.738252950474121,343,1738885.77854236
racethn_combn,Other/Multi-Racial/NHAsian,1999-2020,21.2,WTMEC.COMBN,age+gender,inc_to_pov_level,prevent_stroke_10yr_base,709,3655311.76060717,72,gaussian (identity),Low income,0.00208443464902596,0.00273920718751267,0.449310133724329,-0.00328441143849888,0.0074532807365508,0.304827113204258,0.738252950474121,135,502340.995952264
racethn_combn,NHAsian,1999-2020,21.2,WTMEC.COMBN,age+gender,inc_to_pov_level,prevent_stroke_10yr_base,1785,3169143.97792579,67,gaussian (identity),High income (Intercept),-0.0550815802513196,0.0018154467448623,2.63422137653377e-39,-0.0586398558712497,-0.0515233046313895,14.7770773470063,5.46708552986416e-06,782,1430812.70328834
racethn_combn,NHAsian,1999-2020,21.2,WTMEC.COMBN,age+gender,inc_to_pov_level,prevent_stroke_10yr_base,1785,3169143.97792579,67,gaussian (identity),Middle income,0.00344977236379358,0.000794592138516664,5.23143164755319e-05,0.00189237177230092,0.00500717295528624,14.7770773470063,5.46708552986416e-06,796,1398739.85861336
racethn_combn,NHAsian,1999-2020,21.2,WTMEC.COMBN,age+gender,inc_to_pov_level,prevent_stroke_10yr_base,1785,3169143.97792579,67,gaussian (identity),Low income,0.00566722707440829,0.00137815783189245,0.000115595501871303,0.00296603772389909,0.00836841642491749,14.7770773470063,5.46708552986416e-06,207,339591.416024094
racethn_combn,Other/Multi-Racial,1999-2020,21.2,WTMEC.COMBN,age+gender,inc_to_pov_level,prevent_stroke_10yr_base,519,2096183.88772353,60,gaussian (identity),High income (Intercept),-0.0486408421935639,0.00339235068883016,2.14833214106331e-20,-0.0552898495436711,-0.0419918348434568,5.02054320747874,0.00987340388428314,116,585099.386454302
racethn_combn,Other/Multi-Racial,1999-2020,21.2,WTMEC.COMBN,age+gender,inc_to_pov_level,prevent_stroke_10yr_base,519,2096183.88772353,60,gaussian (identity),Middle income,0.00144360348767534,0.0030374159707226,0.636440601796404,-0.00450973181494095,0.00739693879029164,5.02054320747874,0.00987340388428314,283,1155650.84461526
racethn_combn,Other/Multi-Racial,1999-2020,21.2,WTMEC.COMBN,age+gender,inc_to_pov_level,prevent_stroke_10yr_base,519,2096183.88772353,60,gaussian (identity),Low income,0.00732833465983124,0.00268830021481607,0.00854087474975888,0.00205926623879174,0.0125974030808707,5.02054320747874,0.00987340388428314,120,355433.656653962
racethn_combn,NHW,1999-2020,21.2,WTMEC.COMBN,age+gender,inc_to_pov_level,prevent_stroke_10yr_hba1c,14829,98109055.7753943,162,gaussian (identity),High income (Intercept),-0.0545833844484841,0.00052960515058166,8.34299617882232e-147,-0.0556214105436241,-0.053545358353344,266.184809504522,2.54951660507958e-51,5666,47281066.8974895
racethn_combn,NHW,1999-2020,21.2,WTMEC.COMBN,age+gender,inc_to_pov_level,prevent_stroke_10yr_hba1c,14829,98109055.7753943,162,gaussian (identity),Middle income,0.00598187418542216,0.000335882168563268,1.29046556495198e-39,0.00532354513503816,0.00664020323580617,266.184809504522,2.54951660507958e-51,7328,43621213.9345083
racethn_combn,NHW,1999-2020,21.2,WTMEC.COMBN,age+gender,inc_to_pov_level,prevent_stroke_10yr_hba1c,14829,98109055.7753943,162,gaussian (identity),Low income,0.0104660959703911,0.000569056519920919,4.1337253666616e-41,0.0093507451913461,0.0115814467494361,266.184809504522,2.54951660507958e-51,1835,7206774.94339662
racethn_combn,Mexican-American,1999-2020,21.2,WTMEC.COMBN,age+gender,inc_to_pov_level,prevent_stroke_10yr_hba1c,5541,9567864.78053715,131,gaussian (identity),High income (Intercept),-0.0552977043578487,0.00117587654560686,3.34888168528101e-82,-0.0576024223872381,-0.0529929863284592,18.7061733891889,7.58053885321755e-08,782,1465843.58130506
racethn_combn,Mexican-American,1999-2020,21.2,WTMEC.COMBN,age+gender,inc_to_pov_level,prevent_stroke_10yr_hba1c,5541,9567864.78053715,131,gaussian (identity),Middle income,0.00293814408344325,0.000826972524969443,0.000535586036621035,0.00131727793450314,0.00455901023238336,18.7061733891889,7.58053885321755e-08,3187,5447066.00652902
racethn_combn,Mexican-American,1999-2020,21.2,WTMEC.COMBN,age+gender,inc_to_pov_level,prevent_stroke_10yr_hba1c,5541,9567864.78053715,131,gaussian (identity),Low income,0.00547859756599072,0.00089801372072656,1.18227997699623e-08,0.00371849067336667,0.00723870445861478,18.7061733891889,7.58053885321755e-08,1572,2654955.19270308
racethn_combn,NHB,1999-2020,21.2,WTMEC.COMBN,age+gender,inc_to_pov_level,prevent_stroke_10yr_hba1c,6936,13581268.1103461,146,gaussian (identity),High income (Intercept),-0.0565580835931081,0.00118225007300461,1.8394098853515e-89,-0.0588752937361971,-0.054240873450019,65.4311482316732,7.25240129670143e-21,1606,3273341.90454645
racethn_combn,NHB,1999-2020,21.2,WTMEC.COMBN,age+gender,inc_to_pov_level,prevent_stroke_10yr_hba1c,6936,13581268.1103461,146,gaussian (identity),Middle income,0.00517245235817964,0.000663686108847467,1.25864482278812e-12,0.00387162758483861,0.00647327713152068,65.4311482316732,7.25240129670143e-21,3810,7402627.03948449
racethn_combn,NHB,1999-2020,21.2,WTMEC.COMBN,age+gender,inc_to_pov_level,prevent_stroke_10yr_hba1c,6936,13581268.1103461,146,gaussian (identity),Low income,0.00974791219099507,0.000875883782044333,4.46310303244713e-21,0.00803117997818818,0.011464644403802,65.4311482316732,7.25240129670143e-21,1520,2905299.16631513
racethn_combn,Other Hispanic,1999-2020,21.2,WTMEC.COMBN,age+gender,inc_to_pov_level,prevent_stroke_10yr_hba1c,2776,7121778.54182428,127,gaussian (identity),High income (Intercept),-0.0567532081468846,0.0014186402966423,2.30619738449906e-72,-0.0595337431283035,-0.0539726731654656,34.5873610250111,1.20738079866528e-12,500,1356531.43519262
racethn_combn,Other Hispanic,1999-2020,21.2,WTMEC.COMBN,age+gender,inc_to_pov_level,prevent_stroke_10yr_hba1c,2776,7121778.54182428,127,gaussian (identity),Middle income,0.00471731351491196,0.000852384140665102,1.79689535728434e-07,0.00304664059920836,0.00638798643061555,34.5873610250111,1.20738079866528e-12,1529,4001004.09415998
racethn_combn,Other Hispanic,1999-2020,21.2,WTMEC.COMBN,age+gender,inc_to_pov_level,prevent_stroke_10yr_hba1c,2776,7121778.54182428,127,gaussian (identity),Low income,0.00799163981859937,0.000969769866772369,2.15106778163801e-13,0.00609089087972553,0.00989238875747322,34.5873610250111,1.20738079866528e-12,747,1764243.01247168
racethn_combn,Other/Multi-Racial/NHAsian,1999-2020,21.2,WTMEC.COMBN,age+gender,inc_to_pov_level,prevent_stroke_10yr_hba1c,706,3640425.36088047,72,gaussian (identity),High income (Intercept),-0.0538151880741458,0.0031530066418876,2.80175248269539e-26,-0.0599950810922455,-0.0476352950560461,0.679112319095719,0.510472229474597,230,1407385.28514076
racethn_combn,Other/Multi-Racial/NHAsian,1999-2020,21.2,WTMEC.COMBN,age+gender,inc_to_pov_level,prevent_stroke_10yr_hba1c,706,3640425.36088047,72,gaussian (identity),Middle income,0.00128163898847144,0.00187962721242833,0.497644628900817,-0.00240243034788809,0.00496570832483096,0.679112319095719,0.510472229474597,342,1733193.86377934
racethn_combn,Other/Multi-Racial/NHAsian,1999-2020,21.2,WTMEC.COMBN,age+gender,inc_to_pov_level,prevent_stroke_10yr_hba1c,706,3640425.36088047,72,gaussian (identity),Low income,0.00305933552270875,0.00266959109650122,0.255814526309838,-0.00217306302643365,0.00829173407185114,0.679112319095719,0.510472229474597,134,499846.211960378
racethn_combn,NHAsian,1999-2020,21.2,WTMEC.COMBN,age+gender,inc_to_pov_level,prevent_stroke_10yr_hba1c,1784,3167964.98803211,67,gaussian (identity),High income (Intercept),-0.0557200080637541,0.00166243838081399,7.12955896100453e-42,-0.0589783872901495,-0.0524616288373586,12.9465083970815,1.94937989295349e-05,782,1430812.70328834
racethn_combn,NHAsian,1999-2020,21.2,WTMEC.COMBN,age+gender,inc_to_pov_level,prevent_stroke_10yr_hba1c,1784,3167964.98803211,67,gaussian (identity),Middle income,0.00300426044451414,0.000786286693409426,0.000306835578072248,0.00146313852543167,0.00454538236359662,12.9465083970815,1.94937989295349e-05,795,1397560.86871968
racethn_combn,NHAsian,1999-2020,21.2,WTMEC.COMBN,age+gender,inc_to_pov_level,prevent_stroke_10yr_hba1c,1784,3167964.98803211,67,gaussian (identity),Low income,0.00607186020239419,0.00134179510293084,2.73477775138351e-05,0.00344194180064974,0.00870177860413863,12.9465083970815,1.94937989295349e-05,207,339591.416024094
racethn_combn,Other/Multi-Racial,1999-2020,21.2,WTMEC.COMBN,age+gender,inc_to_pov_level,prevent_stroke_10yr_hba1c,519,2096183.88772353,60,gaussian (identity),High income (Intercept),-0.0511676540327065,0.00313704467805565,6.2166174002108e-23,-0.0573162616016956,-0.0450190464637174,6.44639581822771,0.00302272628269294,116,585099.386454302
racethn_combn,Other/Multi-Racial,1999-2020,21.2,WTMEC.COMBN,age+gender,inc_to_pov_level,prevent_stroke_10yr_hba1c,519,2096183.88772353,60,gaussian (identity),Middle income,0.000517647323755904,0.00328012099141596,0.87517145180879,-0.00591138981941937,0.00694668446693118,6.44639581822771,0.00302272628269294,283,1155650.84461526
racethn_combn,Other/Multi-Racial,1999-2020,21.2,WTMEC.COMBN,age+gender,inc_to_pov_level,prevent_stroke_10yr_hba1c,519,2096183.88772353,60,gaussian (identity),Low income,0.00700752981359267,0.00291098796025501,0.0193932742054509,0.00130199341149285,0.0127130662156925,6.44639581822771,0.00302272628269294,120,355433.656653962
racethn_combn,NHW,1999-2020,21.2,WTMEC.COMBN,age+gender,inc_to_pov_level,prevent_stroke_10yr_uacr,14716,97575882.4155167,162,gaussian (identity),High income (Intercept),-0.0524285923493963,0.000622183026983137,3.11019659096361e-133,-0.0536480710822833,-0.0512091136165094,231.965809507265,9.73288413149894e-48,5642,47134357.2309661
racethn_combn,NHW,1999-2020,21.2,WTMEC.COMBN,age+gender,inc_to_pov_level,prevent_stroke_10yr_uacr,14716,97575882.4155167,162,gaussian (identity),Middle income,0.00639741749696526,0.000370519576405164,3.30910461821081e-38,0.00567119912721114,0.00712363586671938,231.965809507265,9.73288413149894e-48,7268,43326463.8141747
racethn_combn,NHW,1999-2020,21.2,WTMEC.COMBN,age+gender,inc_to_pov_level,prevent_stroke_10yr_uacr,14716,97575882.4155167,162,gaussian (identity),Low income,0.0115917284996832,0.000695609639599726,1.24977122343974e-36,0.0102283336060678,0.0129551233932987,231.965809507265,9.73288413149894e-48,1806,7115061.37037587
racethn_combn,Mexican-American,1999-2020,21.2,WTMEC.COMBN,age+gender,inc_to_pov_level,prevent_stroke_10yr_uacr,5523,9544715.29945442,131,gaussian (identity),High income (Intercept),-0.055267838067298,0.00139742226807471,2.93206105141487e-73,-0.0580067857127245,-0.0525288904218716,16.2759195160338,5.09648875352247e-07,779,1459431.05251789
racethn_combn,Mexican-American,1999-2020,21.2,WTMEC.COMBN,age+gender,inc_to_pov_level,prevent_stroke_10yr_uacr,5523,9544715.29945442,131,gaussian (identity),Middle income,0.00307489110481505,0.000925993749974183,0.00117279636335293,0.00125994335486565,0.00488983885476445,16.2759195160338,5.09648875352247e-07,3180,5439982.54321128
racethn_combn,Mexican-American,1999-2020,21.2,WTMEC.COMBN,age+gender,inc_to_pov_level,prevent_stroke_10yr_uacr,5523,9544715.29945442,131,gaussian (identity),Low income,0.00558917354724176,0.000980310133944875,7.89640637521015e-08,0.00366776568470981,0.00751058140977372,16.2759195160338,5.09648875352247e-07,1564,2645301.70372525
racethn_combn,NHB,1999-2020,21.2,WTMEC.COMBN,age+gender,inc_to_pov_level,prevent_stroke_10yr_uacr,6870,13475505.7252745,146,gaussian (identity),High income (Intercept),-0.0570467618738478,0.00147923727383362,4.03401877878717e-77,-0.0599460669305617,-0.0541474568171339,52.5569807365359,8.25591787571185e-18,1597,3257486.89674957
racethn_combn,NHB,1999-2020,21.2,WTMEC.COMBN,age+gender,inc_to_pov_level,prevent_stroke_10yr_uacr,6870,13475505.7252745,146,gaussian (identity),Middle income,0.0056269416336851,0.00079731477309597,6.89917488571364e-11,0.004064204678417,0.0071896785889532,52.5569807365359,8.25591787571185e-18,3782,7362763.30477625
racethn_combn,NHB,1999-2020,21.2,WTMEC.COMBN,age+gender,inc_to_pov_level,prevent_stroke_10yr_uacr,6870,13475505.7252745,146,gaussian (identity),Low income,0.01006866318468,0.00100456014707888,3.27535274246976e-18,0.0080997252964054,0.0120376010729546,52.5569807365359,8.25591787571185e-18,1491,2855255.52374868
racethn_combn,Other Hispanic,1999-2020,21.2,WTMEC.COMBN,age+gender,inc_to_pov_level,prevent_stroke_10yr_uacr,2771,7115466.43159121,127,gaussian (identity),High income (Intercept),-0.0553185485776686,0.00182008314828748,4.91311592050395e-59,-0.058885911548312,-0.0517511856070251,38.6926455483318,9.21329985353977e-14,499,1348533.64385074
racethn_combn,Other Hispanic,1999-2020,21.2,WTMEC.COMBN,age+gender,inc_to_pov_level,prevent_stroke_10yr_uacr,2771,7115466.43159121,127,gaussian (identity),Middle income,0.00505063530950843,0.000893275511279215,1.03655252355674e-07,0.00329981530740117,0.0068014553116157,38.6926455483318,9.21329985353977e-14,1528,4006975.75304445
racethn_combn,Other Hispanic,1999-2020,21.2,WTMEC.COMBN,age+gender,inc_to_pov_level,prevent_stroke_10yr_uacr,2771,7115466.43159121,127,gaussian (identity),Low income,0.00951757533201177,0.00110675508424645,3.08472678229707e-14,0.00734833536688873,0.0116868152971348,38.6926455483318,9.21329985353977e-14,744,1759957.03469602
racethn_combn,Other/Multi-Racial/NHAsian,1999-2020,21.2,WTMEC.COMBN,age+gender,inc_to_pov_level,prevent_stroke_10yr_uacr,704,3633274.54105396,72,gaussian (identity),High income (Intercept),-0.0522539170019941,0.00331756931273645,2.22357713963551e-24,-0.0587563528549576,-0.0457514811490307,1.09652519983307,0.339862372808098,231,1414084.98611255
racethn_combn,Other/Multi-Racial/NHAsian,1999-2020,21.2,WTMEC.COMBN,age+gender,inc_to_pov_level,prevent_stroke_10yr_uacr,704,3633274.54105396,72,gaussian (identity),Middle income,0.00286719213678384,0.00220101713679852,0.197082985837679,-0.00144680145134125,0.00718118572490894,1.09652519983307,0.339862372808098,341,1726304.74686425
racethn_combn,Other/Multi-Racial/NHAsian,1999-2020,21.2,WTMEC.COMBN,age+gender,inc_to_pov_level,prevent_stroke_10yr_uacr,704,3633274.54105396,72,gaussian (identity),Low income,0.00335355937948571,0.00258000755827839,0.198049853574715,-0.00170325543473994,0.00841037419371136,1.09652519983307,0.339862372808098,132,492884.80807717
racethn_combn,NHAsian,1999-2020,21.2,WTMEC.COMBN,age+gender,inc_to_pov_level,prevent_stroke_10yr_uacr,1776,3153769.31298187,67,gaussian (identity),High income (Intercept),-0.0551618448727772,0.00259682129819222,2.02251845616901e-30,-0.060251614617234,-0.0500720751283204,14.7174270435234,5.69378242707538e-06,778,1422627.59812819
racethn_combn,NHAsian,1999-2020,21.2,WTMEC.COMBN,age+gender,inc_to_pov_level,prevent_stroke_10yr_uacr,1776,3153769.31298187,67,gaussian (identity),Middle income,0.0039135871350248,0.000905297695302147,5.58255572952762e-05,0.00213920365223259,0.00568797061781701,14.7174270435234,5.69378242707538e-06,792,1393699.27060808
racethn_combn,NHAsian,1999-2020,21.2,WTMEC.COMBN,age+gender,inc_to_pov_level,prevent_stroke_10yr_uacr,1776,3153769.31298187,67,gaussian (identity),Low income,0.00830802844472078,0.0020962442457922,0.000191226488781397,0.00419938972296808,0.0124166671664735,14.7174270435234,5.69378242707538e-06,206,337442.444245604
racethn_combn,Other/Multi-Racial,1999-2020,21.2,WTMEC.COMBN,age+gender,inc_to_pov_level,prevent_stroke_10yr_uacr,515,2087306.93312913,60,gaussian (identity),High income (Intercept),-0.0491484767872477,0.00389395780753971,5.15587832265825e-18,-0.0567806340900255,-0.0415163194844699,3.75993020629314,0.0293628208262956,115,583970.287660038
racethn_combn,Other/Multi-Racial,1999-2020,21.2,WTMEC.COMBN,age+gender,inc_to_pov_level,prevent_stroke_10yr_uacr,515,2087306.93312913,60,gaussian (identity),Middle income,0.000390113040268389,0.00332060576663589,0.906898076236383,-0.00611827426233795,0.00689850034287473,3.75993020629314,0.0293628208262956,280,1147902.98881513
racethn_combn,Other/Multi-Racial,1999-2020,21.2,WTMEC.COMBN,age+gender,inc_to_pov_level,prevent_stroke_10yr_uacr,515,2087306.93312913,60,gaussian (identity),Low income,0.00796650908560458,0.00365314350924323,0.0334205798722161,0.000806347807487851,0.0151266703637213,3.75993020629314,0.0293628208262956,120,355433.656653962
racethn_combn,NHW,1999-2020,21.2,WTMEC.COMBN,age+gender,inc_to_pov_level,prevent_stroke_10yr_full,14703,97494483.0016555,162,gaussian (identity),High income (Intercept),-0.0522943335649862,0.000577935027562743,5.07226743051146e-138,-0.0534270862190092,-0.0511615809109633,240.683306015379,1.0956290595707e-48,5639,47110841.6626005
racethn_combn,NHW,1999-2020,21.2,WTMEC.COMBN,age+gender,inc_to_pov_level,prevent_stroke_10yr_full,14703,97494483.0016555,162,gaussian (identity),Middle income,0.00597414632400768,0.000344204486249113,1.92546450531894e-38,0.00529950553095942,0.00664878711705595,240.683306015379,1.0956290595707e-48,7259,43271953.9733369
racethn_combn,NHW,1999-2020,21.2,WTMEC.COMBN,age+gender,inc_to_pov_level,prevent_stroke_10yr_full,14703,97494483.0016555,162,gaussian (identity),Low income,0.0105043953149316,0.000588478904882284,1.01380267273818e-39,0.00935097666136237,0.0116578139685009,240.683306015379,1.0956290595707e-48,1805,7111687.36571813
racethn_combn,Mexican-American,1999-2020,21.2,WTMEC.COMBN,age+gender,inc_to_pov_level,prevent_stroke_10yr_full,5518,9534135.28457489,131,gaussian (identity),High income (Intercept),-0.0546263489812632,0.00127058636147679,1.51642801569207e-77,-0.0571166982497577,-0.0521359997127687,18.9148388978703,6.45338783213638e-08,779,1459431.05251789
racethn_combn,Mexican-American,1999-2020,21.2,WTMEC.COMBN,age+gender,inc_to_pov_level,prevent_stroke_10yr_full,5518,9534135.28457489,131,gaussian (identity),Middle income,0.00311424341468296,0.000839068540038022,0.00030694820228763,0.00146966907620844,0.00475881775315749,18.9148388978703,6.45338783213638e-08,3177,5433935.8532777
racethn_combn,Mexican-American,1999-2020,21.2,WTMEC.COMBN,age+gender,inc_to_pov_level,prevent_stroke_10yr_full,5518,9534135.28457489,131,gaussian (identity),Low income,0.00584442788811954,0.000950720793093761,9.43415309757272e-09,0.00398101513365577,0.00770784064258331,18.9148388978703,6.45338783213638e-08,1562,2640768.3787793
racethn_combn,NHB,1999-2020,21.2,WTMEC.COMBN,age+gender,inc_to_pov_level,prevent_stroke_10yr_full,6848,13434731.9491492,146,gaussian (identity),High income (Intercept),-0.056047697116161,0.0013701857868987,1.86519244072842e-80,-0.0587332612584825,-0.0533621329738396,57.943914984746,3.9891673948848e-19,1594,3252996.56089872
racethn_combn,NHB,1999-2020,21.2,WTMEC.COMBN,age+gender,inc_to_pov_level,prevent_stroke_10yr_full,6848,13434731.9491492,146,gaussian (identity),Middle income,0.00535266778459645,0.00073250177682879,1.80394632491168e-11,0.00391696430201202,0.00678837126718088,57.943914984746,3.9891673948848e-19,3768,7334784.61794657
racethn_combn,NHB,1999-2020,21.2,WTMEC.COMBN,age+gender,inc_to_pov_level,prevent_stroke_10yr_full,6848,13434731.9491492,146,gaussian (identity),Low income,0.00961031240974903,0.000911886566304459,1.52254529738106e-19,0.00782301473979229,0.0113976100797058,57.943914984746,3.9891673948848e-19,1486,2846950.77030396
racethn_combn,Other Hispanic,1999-2020,21.2,WTMEC.COMBN,age+gender,inc_to_pov_level,prevent_stroke_10yr_full,2765,7096332.01527338,127,gaussian (identity),High income (Intercept),-0.0552266014048432,0.00170128498294174,3.6432451489504e-62,-0.058561119971409,-0.0518920828382774,36.6815288187029,3.20617713522672e-13,499,1348533.64385074
racethn_combn,Other Hispanic,1999-2020,21.2,WTMEC.COMBN,age+gender,inc_to_pov_level,prevent_stroke_10yr_full,2765,7096332.01527338,127,gaussian (identity),Middle income,0.00492563396921996,0.000854997332509216,6.31010348489235e-08,0.0032498391975019,0.00660142874093802,36.6815288187029,3.20617713522672e-13,1522,3987841.33672662
racethn_combn,Other Hispanic,1999-2020,21.2,WTMEC.COMBN,age+gender,inc_to_pov_level,prevent_stroke_10yr_full,2765,7096332.01527338,127,gaussian (identity),Low income,0.00893385844036287,0.00106149580751479,8.33845216411941e-14,0.00685332665763388,0.0110143902230919,36.6815288187029,3.20617713522672e-13,744,1759957.03469602
racethn_combn,Other/Multi-Racial/NHAsian,1999-2020,21.2,WTMEC.COMBN,age+gender,inc_to_pov_level,prevent_stroke_10yr_full,701,3618388.14132726,72,gaussian (identity),High income (Intercept),-0.0521976326597243,0.00325071927927106,7.88231119440021e-25,-0.0585690424470956,-0.045826222872353,1.58880439332976,0.211654566774452,230,1407385.28514076
racethn_combn,Other/Multi-Racial/NHAsian,1999-2020,21.2,WTMEC.COMBN,age+gender,inc_to_pov_level,prevent_stroke_10yr_full,701,3618388.14132726,72,gaussian (identity),Middle income,0.00256058836685632,0.0018591184929972,0.17293229168696,-0.00108328387941818,0.00620446061313082,1.58880439332976,0.211654566774452,340,1720612.83210123
racethn_combn,Other/Multi-Racial/NHAsian,1999-2020,21.2,WTMEC.COMBN,age+gender,inc_to_pov_level,prevent_stroke_10yr_full,701,3618388.14132726,72,gaussian (identity),Low income,0.00423526457146385,0.0025943224197228,0.107194106580902,-0.000849607371192839,0.00932013651412053,1.58880439332976,0.211654566774452,131,490390.024085283
racethn_combn,NHAsian,1999-2020,21.2,WTMEC.COMBN,age+gender,inc_to_pov_level,prevent_stroke_10yr_full,1775,3152590.32308819,67,gaussian (identity),High income (Intercept),-0.0541306341451315,0.00234988667782293,2.17560637835157e-32,-0.0587364120336644,-0.0495248562565985,13.1011878914664,1.74731029077879e-05,778,1422627.59812819
racethn_combn,NHAsian,1999-2020,21.2,WTMEC.COMBN,age+gender,inc_to_pov_level,prevent_stroke_10yr_full,1775,3152590.32308819,67,gaussian (identity),Middle income,0.00333864119041639,0.000864368961184515,0.000267425374304585,0.00164447802649474,0.00503280435433804,13.1011878914664,1.74731029077879e-05,791,1392520.2807144
racethn_combn,NHAsian,1999-2020,21.2,WTMEC.COMBN,age+gender,inc_to_pov_level,prevent_stroke_10yr_full,1775,3152590.32308819,67,gaussian (identity),Low income,0.00832499989030592,0.00193391681685959,5.94960337914253e-05,0.00453452292926112,0.0121154768513507,13.1011878914664,1.74731029077879e-05,206,337442.444245604
racethn_combn,Other/Multi-Racial,1999-2020,21.2,WTMEC.COMBN,age+gender,inc_to_pov_level,prevent_stroke_10yr_full,515,2087306.93312913,60,gaussian (identity),High income (Intercept),-0.0494134762136692,0.00359265014480419,1.33050206152587e-19,-0.0564550704974854,-0.042371881929853,3.68104284264161,0.0314803644353472,115,583970.287660038
racethn_combn,Other/Multi-Racial,1999-2020,21.2,WTMEC.COMBN,age+gender,inc_to_pov_level,prevent_stroke_10yr_full,515,2087306.93312913,60,gaussian (identity),Middle income,-0.000377396658920184,0.00329307354501445,0.909169592563185,-0.00683182080714851,0.00607702748930814,3.68104284264161,0.0314803644353472,280,1147902.98881513
racethn_combn,Other/Multi-Racial,1999-2020,21.2,WTMEC.COMBN,age+gender,inc_to_pov_level,prevent_stroke_10yr_full,515,2087306.93312913,60,gaussian (identity),Low income,0.00695987150596713,0.00366658938440905,0.0628297683511021,-0.000226643687474603,0.0141463866994089,3.68104284264161,0.0314803644353472,120,355433.656653962
racethn_combn,NHW,1999-2020,21.2,WTMEC.COMBN,age+gender,inc_to_pov_level,prevent_stroke_30yr_base,14843,98194060.8601723,162,gaussian (identity),High income (Intercept),-0.0362602643543239,0.0011129812440363,5.2423130061056e-72,-0.038441707592635,-0.0340788211160127,100.912131468649,5.79114924241406e-29,5669,47304582.465855
racethn_combn,NHW,1999-2020,21.2,WTMEC.COMBN,age+gender,inc_to_pov_level,prevent_stroke_30yr_base,14843,98194060.8601723,162,gaussian (identity),Middle income,0.00577312661827513,0.000713772905535244,1.49888953264319e-13,0.00437413172342606,0.00717212151312421,100.912131468649,5.79114924241406e-29,7338,43679329.446263
racethn_combn,NHW,1999-2020,21.2,WTMEC.COMBN,age+gender,inc_to_pov_level,prevent_stroke_30yr_base,14843,98194060.8601723,162,gaussian (identity),Low income,0.0169457373265305,0.00132500729439077,3.68169524321481e-26,0.0143487230295246,0.0195427516235364,100.912131468649,5.79114924241406e-29,1836,7210148.94805436
racethn_combn,Mexican-American,1999-2020,21.2,WTMEC.COMBN,age+gender,inc_to_pov_level,prevent_stroke_30yr_base,5546,9578444.79541668,131,gaussian (identity),High income (Intercept),-0.0555957221818596,0.0027838351434195,5.31643591384521e-41,-0.0610520390629618,-0.0501394053007574,2.44931576894974,0.0904227859313969,782,1465843.58130506
racethn_combn,Mexican-American,1999-2020,21.2,WTMEC.COMBN,age+gender,inc_to_pov_level,prevent_stroke_30yr_base,5546,9578444.79541668,131,gaussian (identity),Middle income,0.0031095849023399,0.00184605152003771,0.0945504498340188,-0.000508676076934017,0.00672784588161381,2.44931576894974,0.0904227859313969,3190,5453112.6964626
racethn_combn,Mexican-American,1999-2020,21.2,WTMEC.COMBN,age+gender,inc_to_pov_level,prevent_stroke_30yr_base,5546,9578444.79541668,131,gaussian (identity),Low income,0.00432747152662274,0.00196015130546677,0.0290591561784673,0.000485574967907867,0.00816936808533761,2.44931576894974,0.0904227859313969,1574,2659488.51764902
racethn_combn,NHB,1999-2020,21.2,WTMEC.COMBN,age+gender,inc_to_pov_level,prevent_stroke_30yr_base,6959,13623156.7616427,146,gaussian (identity),High income (Intercept),-0.0343864534017755,0.00255983552451932,4.5775643122351e-27,-0.0394037310298334,-0.0293691757737177,29.7003411945816,1.6755055633998e-11,1609,3277832.2403973
racethn_combn,NHB,1999-2020,21.2,WTMEC.COMBN,age+gender,inc_to_pov_level,prevent_stroke_30yr_base,6959,13623156.7616427,146,gaussian (identity),Middle income,0.00567447225986418,0.00134382253918249,4.29036998222033e-05,0.0030405800830665,0.00830836443666185,29.7003411945816,1.6755055633998e-11,3824,7430605.72631417
racethn_combn,NHB,1999-2020,21.2,WTMEC.COMBN,age+gender,inc_to_pov_level,prevent_stroke_30yr_base,6959,13623156.7616427,146,gaussian (identity),Low income,0.014202365560829,0.00186691945457335,3.51647621830217e-12,0.0105432034298652,0.0178615276917928,29.7003411945816,1.6755055633998e-11,1526,2914718.79493126
racethn_combn,Other Hispanic,1999-2020,21.2,WTMEC.COMBN,age+gender,inc_to_pov_level,prevent_stroke_30yr_base,2782,7140912.95814211,127,gaussian (identity),High income (Intercept),-0.0528478988506406,0.00334739839022571,2.31264949120023e-31,-0.059408799695483,-0.0462869980057982,5.80176666421456,0.00391013768247481,500,1356531.43519262
racethn_combn,Other Hispanic,1999-2020,21.2,WTMEC.COMBN,age+gender,inc_to_pov_level,prevent_stroke_30yr_base,2782,7140912.95814211,127,gaussian (identity),Middle income,0.0045676913450175,0.00220396461066304,0.040308854411747,0.000247920708117945,0.00888746198191705,5.80176666421456,0.00391013768247481,1535,4020138.51047781
racethn_combn,Other Hispanic,1999-2020,21.2,WTMEC.COMBN,age+gender,inc_to_pov_level,prevent_stroke_30yr_base,2782,7140912.95814211,127,gaussian (identity),Low income,0.00889297447497443,0.00261233439407931,0.00089636350397587,0.00377279906257898,0.0140131498873699,5.80176666421456,0.00391013768247481,747,1764243.01247168
racethn_combn,Other/Multi-Racial/NHAsian,1999-2020,21.2,WTMEC.COMBN,age+gender,inc_to_pov_level,prevent_stroke_30yr_base,709,3655311.76060717,72,gaussian (identity),High income (Intercept),-0.0529579259789904,0.00581590562229656,2.17620250765886e-13,-0.0643571009986917,-0.0415587509592892,0.121476299798288,0.885803790714418,231,1414084.98611255
racethn_combn,Other/Multi-Racial/NHAsian,1999-2020,21.2,WTMEC.COMBN,age+gender,inc_to_pov_level,prevent_stroke_30yr_base,709,3655311.76060717,72,gaussian (identity),Middle income,-0.0015551203212343,0.00406097112641254,0.702956530751767,-0.00951462372900288,0.00640438308653428,0.121476299798288,0.885803790714418,343,1738885.77854236
racethn_combn,Other/Multi-Racial/NHAsian,1999-2020,21.2,WTMEC.COMBN,age+gender,inc_to_pov_level,prevent_stroke_30yr_base,709,3655311.76060717,72,gaussian (identity),Low income,0.000812721315480601,0.00569494326960142,0.88694179786016,-0.0103493674929382,0.0119748101238994,0.121476299798288,0.885803790714418,135,502340.995952264
racethn_combn,NHAsian,1999-2020,21.2,WTMEC.COMBN,age+gender,inc_to_pov_level,prevent_stroke_30yr_base,1785,3169143.97792579,67,gaussian (identity),High income (Intercept),-0.0534935910908066,0.0033296104685434,5.83023300096733e-24,-0.0600196276091517,-0.0469675545724615,4.85562653522039,0.0109339224738778,782,1430812.70328834
racethn_combn,NHAsian,1999-2020,21.2,WTMEC.COMBN,age+gender,inc_to_pov_level,prevent_stroke_30yr_base,1785,3169143.97792579,67,gaussian (identity),Middle income,0.00525333326889777,0.00168832287050877,0.00279610739237013,0.00194422044270058,0.00856244609509495,4.85562653522039,0.0109339224738778,796,1398739.85861336
racethn_combn,NHAsian,1999-2020,21.2,WTMEC.COMBN,age+gender,inc_to_pov_level,prevent_stroke_30yr_base,1785,3169143.97792579,67,gaussian (identity),Low income,0.00392276431913207,0.00256658436470405,0.13141922265415,-0.00110774103568786,0.00895326967395201,4.85562653522039,0.0109339224738778,207,339591.416024094
racethn_combn,Other/Multi-Racial,1999-2020,21.2,WTMEC.COMBN,age+gender,inc_to_pov_level,prevent_stroke_30yr_base,519,2096183.88772353,60,gaussian (identity),High income (Intercept),-0.0239795149015798,0.00749049951306199,0.00225564501223345,-0.0386608939471813,-0.00929813585597832,3.89161933226924,0.0261505527560499,116,585099.386454302
racethn_combn,Other/Multi-Racial,1999-2020,21.2,WTMEC.COMBN,age+gender,inc_to_pov_level,prevent_stroke_30yr_base,519,2096183.88772353,60,gaussian (identity),Middle income,-0.000561418138678972,0.00532153324312816,0.916356601911241,-0.0109916232952102,0.00986878701785221,3.89161933226924,0.0261505527560499,283,1155650.84461526
racethn_combn,Other/Multi-Racial,1999-2020,21.2,WTMEC.COMBN,age+gender,inc_to_pov_level,prevent_stroke_30yr_base,519,2096183.88772353,60,gaussian (identity),Low income,0.0114893036019728,0.00508633417528186,0.0278050211726472,0.00152008861842037,0.0214585185855253,3.89161933226924,0.0261505527560499,120,355433.656653962
racethn_combn,NHW,1999-2020,21.2,WTMEC.COMBN,age+gender,inc_to_pov_level,prevent_stroke_30yr_hba1c,14829,98109055.7753943,162,gaussian (identity),High income (Intercept),-0.0366449090219772,0.00101484032967813,3.10973331259293e-78,-0.0386339960681463,-0.034655821975808,91.2493425119934,4.53722362600076e-27,5666,47281066.8974895
racethn_combn,NHW,1999-2020,21.2,WTMEC.COMBN,age+gender,inc_to_pov_level,prevent_stroke_30yr_hba1c,14829,98109055.7753943,162,gaussian (identity),Middle income,0.00504482524228214,0.000627039910044306,1.92019701274451e-13,0.0038158270185953,0.00627382346596898,91.2493425119934,4.53722362600076e-27,7328,43621213.9345083
racethn_combn,NHW,1999-2020,21.2,WTMEC.COMBN,age+gender,inc_to_pov_level,prevent_stroke_30yr_hba1c,14829,98109055.7753943,162,gaussian (identity),Low income,0.0151990551648805,0.00125123520716368,2.13269258127845e-24,0.0127466341588396,0.0176514761709213,91.2493425119934,4.53722362600076e-27,1835,7206774.94339662
racethn_combn,Mexican-American,1999-2020,21.2,WTMEC.COMBN,age+gender,inc_to_pov_level,prevent_stroke_30yr_hba1c,5541,9567864.78053715,131,gaussian (identity),High income (Intercept),-0.0542522625948087,0.00255172446564251,1.15340924253025e-43,-0.059253642547468,-0.0492508826421494,2.42079806804689,0.0929406207322127,782,1465843.58130506
racethn_combn,Mexican-American,1999-2020,21.2,WTMEC.COMBN,age+gender,inc_to_pov_level,prevent_stroke_30yr_hba1c,5541,9567864.78053715,131,gaussian (identity),Middle income,0.00268278403595281,0.00161562583991949,0.0992762773615,-0.000483842610289392,0.00584941068219502,2.42079806804689,0.0929406207322127,3187,5447066.00652902
racethn_combn,Mexican-American,1999-2020,21.2,WTMEC.COMBN,age+gender,inc_to_pov_level,prevent_stroke_30yr_hba1c,5541,9567864.78053715,131,gaussian (identity),Low income,0.00399018578295282,0.00181747090010368,0.0299475752866754,0.000427942818749597,0.00755242874715604,2.42079806804689,0.0929406207322127,1572,2654955.19270308
racethn_combn,NHB,1999-2020,21.2,WTMEC.COMBN,age+gender,inc_to_pov_level,prevent_stroke_30yr_hba1c,6936,13581268.1103461,146,gaussian (identity),High income (Intercept),-0.0334219332891291,0.00236600172757391,7.54414011484105e-29,-0.0380592966751739,-0.0287845699030842,33.7573527304764,1.01447696423106e-12,1606,3273341.90454645
racethn_combn,NHB,1999-2020,21.2,WTMEC.COMBN,age+gender,inc_to_pov_level,prevent_stroke_30yr_hba1c,6936,13581268.1103461,146,gaussian (identity),Middle income,0.0050696849341516,0.00119198905661885,3.80339347940901e-05,0.00273338638317865,0.00740598348512454,33.7573527304764,1.01447696423106e-12,3810,7402627.03948449
racethn_combn,NHB,1999-2020,21.2,WTMEC.COMBN,age+gender,inc_to_pov_level,prevent_stroke_30yr_hba1c,6936,13581268.1103461,146,gaussian (identity),Low income,0.0132059307412368,0.00162556610577606,1.98768508885764e-13,0.0100198211739157,0.0163920403085579,33.7573527304764,1.01447696423106e-12,1520,2905299.16631513
racethn_combn,Other Hispanic,1999-2020,21.2,WTMEC.COMBN,age+gender,inc_to_pov_level,prevent_stroke_30yr_hba1c,2776,7121778.54182428,127,gaussian (identity),High income (Intercept),-0.052267434173486,0.00312300544937237,1.69729576821164e-33,-0.0583885248542558,-0.0461463434927162,6.02284297657513,0.00319595290274689,500,1356531.43519262
racethn_combn,Other Hispanic,1999-2020,21.2,WTMEC.COMBN,age+gender,inc_to_pov_level,prevent_stroke_30yr_hba1c,2776,7121778.54182428,127,gaussian (identity),Middle income,0.00423668832140525,0.00197225144934097,0.0336624960014805,0.000371075480696956,0.00810230116211355,6.02284297657513,0.00319595290274689,1529,4001004.09415998
racethn_combn,Other Hispanic,1999-2020,21.2,WTMEC.COMBN,age+gender,inc_to_pov_level,prevent_stroke_30yr_hba1c,2776,7121778.54182428,127,gaussian (identity),Low income,0.00801452323924329,0.00230948944964692,0.000717729283547168,0.00348792391793533,0.0125411225605513,6.02284297657513,0.00319595290274689,747,1764243.01247168
racethn_combn,Other/Multi-Racial/NHAsian,1999-2020,21.2,WTMEC.COMBN,age+gender,inc_to_pov_level,prevent_stroke_30yr_hba1c,706,3640425.36088047,72,gaussian (identity),High income (Intercept),-0.0522225148200245,0.00527283724931324,8.08775331153596e-15,-0.0625572758286784,-0.0418877538113706,0.205945864895333,0.81438289112433,230,1407385.28514076
racethn_combn,Other/Multi-Racial/NHAsian,1999-2020,21.2,WTMEC.COMBN,age+gender,inc_to_pov_level,prevent_stroke_30yr_hba1c,706,3640425.36088047,72,gaussian (identity),Middle income,-0.00188340402529188,0.00340595103015335,0.582094288831381,-0.00855906804439245,0.0047922599938087,0.205945864895333,0.81438289112433,342,1733193.86377934
racethn_combn,Other/Multi-Racial/NHAsian,1999-2020,21.2,WTMEC.COMBN,age+gender,inc_to_pov_level,prevent_stroke_30yr_hba1c,706,3640425.36088047,72,gaussian (identity),Low income,0.000585980926295635,0.00495182310731113,0.906149988579959,-0.00911959236403419,0.0102915542166255,0.205945864895333,0.81438289112433,134,499846.211960378
racethn_combn,NHAsian,1999-2020,21.2,WTMEC.COMBN,age+gender,inc_to_pov_level,prevent_stroke_30yr_hba1c,1784,3167964.98803211,67,gaussian (identity),High income (Intercept),-0.0518988333584575,0.0029847448710773,9.87178339107653e-26,-0.057748933305769,-0.046048733411146,3.343090192803,0.0416972576654843,782,1430812.70328834
racethn_combn,NHAsian,1999-2020,21.2,WTMEC.COMBN,age+gender,inc_to_pov_level,prevent_stroke_30yr_hba1c,1784,3167964.98803211,67,gaussian (identity),Middle income,0.0040805093317831,0.00158502314106122,0.0124033658794364,0.000973863975303113,0.0071871546882631,3.343090192803,0.0416972576654843,795,1397560.86871968
racethn_combn,NHAsian,1999-2020,21.2,WTMEC.COMBN,age+gender,inc_to_pov_level,prevent_stroke_30yr_hba1c,1784,3167964.98803211,67,gaussian (identity),Low income,0.00353860785620921,0.00265520597509926,0.187428521676841,-0.00166559585498534,0.00874281156740376,3.343090192803,0.0416972576654843,207,339591.416024094
racethn_combn,Other/Multi-Racial,1999-2020,21.2,WTMEC.COMBN,age+gender,inc_to_pov_level,prevent_stroke_30yr_hba1c,519,2096183.88772353,60,gaussian (identity),High income (Intercept),-0.0254042297997879,0.00676336272554436,0.000412835749968994,-0.0386604207418549,-0.012148038857721,3.83712634663542,0.027433219037787,116,585099.386454302
racethn_combn,Other/Multi-Racial,1999-2020,21.2,WTMEC.COMBN,age+gender,inc_to_pov_level,prevent_stroke_30yr_hba1c,519,2096183.88772353,60,gaussian (identity),Middle income,-0.00190679062410298,0.00487652384505735,0.697270385695224,-0.0114647773604154,0.00765119611220943,3.83712634663542,0.027433219037787,283,1155650.84461526
racethn_combn,Other/Multi-Racial,1999-2020,21.2,WTMEC.COMBN,age+gender,inc_to_pov_level,prevent_stroke_30yr_hba1c,519,2096183.88772353,60,gaussian (identity),Low income,0.0094719335256716,0.00478386755329675,0.052628595238591,9.55531212099656e-05,0.0188483139301332,3.83712634663542,0.027433219037787,120,355433.656653962
racethn_combn,NHW,1999-2020,21.2,WTMEC.COMBN,age+gender,inc_to_pov_level,prevent_stroke_30yr_uacr,14716,97575882.4155167,162,gaussian (identity),High income (Intercept),-0.0425412076240921,0.0010154429395179,1.80528260474482e-87,-0.0445314757855472,-0.040550939462637,127.418411347646,1.11535762567915e-33,5642,47134357.2309661
racethn_combn,NHW,1999-2020,21.2,WTMEC.COMBN,age+gender,inc_to_pov_level,prevent_stroke_30yr_uacr,14716,97575882.4155167,162,gaussian (identity),Middle income,0.00636317321184455,0.000674599729711369,4.93872110726249e-17,0.00504095774161026,0.00768538868207883,127.418411347646,1.11535762567915e-33,7268,43326463.8141747
racethn_combn,NHW,1999-2020,21.2,WTMEC.COMBN,age+gender,inc_to_pov_level,prevent_stroke_30yr_uacr,14716,97575882.4155167,162,gaussian (identity),Low income,0.0176941895911134,0.00123812297945068,2.86935778172823e-30,0.01526746855139,0.0201209106308367,127.418411347646,1.11535762567915e-33,1806,7115061.37037587
racethn_combn,Mexican-American,1999-2020,21.2,WTMEC.COMBN,age+gender,inc_to_pov_level,prevent_stroke_30yr_uacr,5523,9544715.29945442,131,gaussian (identity),High income (Intercept),-0.0606599379442163,0.0026505777783192,6.84406572628298e-47,-0.0658550703897219,-0.0554648054987106,3.19615060485091,0.044231606614055,779,1459431.05251789
racethn_combn,Mexican-American,1999-2020,21.2,WTMEC.COMBN,age+gender,inc_to_pov_level,prevent_stroke_30yr_uacr,5523,9544715.29945442,131,gaussian (identity),Middle income,0.00326771684695541,0.00186951960048649,0.0828996291205275,-0.000396541569998106,0.00693197526390893,3.19615060485091,0.044231606614055,3180,5439982.54321128
racethn_combn,Mexican-American,1999-2020,21.2,WTMEC.COMBN,age+gender,inc_to_pov_level,prevent_stroke_30yr_uacr,5523,9544715.29945442,131,gaussian (identity),Low income,0.00503244018513091,0.00199076549657926,0.0127011259647112,0.00113053981183555,0.00893434055842626,3.19615060485091,0.044231606614055,1564,2645301.70372525
racethn_combn,NHB,1999-2020,21.2,WTMEC.COMBN,age+gender,inc_to_pov_level,prevent_stroke_30yr_uacr,6870,13475505.7252745,146,gaussian (identity),High income (Intercept),-0.0426758736391254,0.00255479000416031,2.5056514047318e-35,-0.0476832620472796,-0.0376684852309712,35.1560987771984,3.95595476815628e-13,1597,3257486.89674957
racethn_combn,NHB,1999-2020,21.2,WTMEC.COMBN,age+gender,inc_to_pov_level,prevent_stroke_30yr_uacr,6870,13475505.7252745,146,gaussian (identity),Middle income,0.00629018416235765,0.00133550410987305,5.83649513696461e-06,0.00367259610700646,0.00890777221770883,35.1560987771984,3.95595476815628e-13,3782,7362763.30477625
racethn_combn,NHB,1999-2020,21.2,WTMEC.COMBN,age+gender,inc_to_pov_level,prevent_stroke_30yr_uacr,6870,13475505.7252745,146,gaussian (identity),Low income,0.0151295507014668,0.00184001590505309,1.13992934401322e-13,0.0115231195275628,0.0187359818753709,35.1560987771984,3.95595476815628e-13,1491,2855255.52374868
racethn_combn,Other Hispanic,1999-2020,21.2,WTMEC.COMBN,age+gender,inc_to_pov_level,prevent_stroke_30yr_uacr,2771,7115466.43159121,127,gaussian (identity),High income (Intercept),-0.0585188791566812,0.00320114648420703,7.18899904344866e-37,-0.0647931262657269,-0.0522446320476354,9.38785817981339,0.000160564879184825,499,1348533.64385074
racethn_combn,Other Hispanic,1999-2020,21.2,WTMEC.COMBN,age+gender,inc_to_pov_level,prevent_stroke_30yr_uacr,2771,7115466.43159121,127,gaussian (identity),Middle income,0.00524466074218942,0.00213047689143703,0.0152127726709619,0.00106892603497285,0.00942039544940599,9.38785817981339,0.000160564879184825,1528,4006975.75304445
racethn_combn,Other Hispanic,1999-2020,21.2,WTMEC.COMBN,age+gender,inc_to_pov_level,prevent_stroke_30yr_uacr,2771,7115466.43159121,127,gaussian (identity),Low income,0.0105457907146802,0.0024404264990473,3.1663381420417e-05,0.0057625547765475,0.0153290266528129,9.38785817981339,0.000160564879184825,744,1759957.03469602
racethn_combn,Other/Multi-Racial/NHAsian,1999-2020,21.2,WTMEC.COMBN,age+gender,inc_to_pov_level,prevent_stroke_30yr_uacr,704,3633274.54105396,72,gaussian (identity),High income (Intercept),-0.0586977091507522,0.00515649669748371,2.10208514117994e-17,-0.0688044426778203,-0.0485909756236842,0.160901638093615,0.851698992755387,231,1414084.98611255
racethn_combn,Other/Multi-Racial/NHAsian,1999-2020,21.2,WTMEC.COMBN,age+gender,inc_to_pov_level,prevent_stroke_30yr_uacr,704,3633274.54105396,72,gaussian (identity),Middle income,0.000330799842248329,0.00394513373645533,0.933421979210664,-0.00740166228120411,0.00806326196570077,0.160901638093615,0.851698992755387,341,1726304.74686425
racethn_combn,Other/Multi-Racial/NHAsian,1999-2020,21.2,WTMEC.COMBN,age+gender,inc_to_pov_level,prevent_stroke_30yr_uacr,704,3633274.54105396,72,gaussian (identity),Low income,0.00319950763476621,0.00582158788419975,0.584398670315265,-0.0082108046182653,0.0146098198877977,0.160901638093615,0.851698992755387,132,492884.80807717
racethn_combn,NHAsian,1999-2020,21.2,WTMEC.COMBN,age+gender,inc_to_pov_level,prevent_stroke_30yr_uacr,1776,3153769.31298187,67,gaussian (identity),High income (Intercept),-0.058167724404355,0.00303506634820324,5.61084603856681e-28,-0.0641164544468334,-0.0522189943618767,6.14951375439907,0.00363381018519487,778,1422627.59812819
racethn_combn,NHAsian,1999-2020,21.2,WTMEC.COMBN,age+gender,inc_to_pov_level,prevent_stroke_30yr_uacr,1776,3153769.31298187,67,gaussian (identity),Middle income,0.00582096477013896,0.00166390281780858,0.000864523084638373,0.00255971524723415,0.00908221429304378,6.14951375439907,0.00363381018519487,792,1393699.27060808
racethn_combn,NHAsian,1999-2020,21.2,WTMEC.COMBN,age+gender,inc_to_pov_level,prevent_stroke_30yr_uacr,1776,3153769.31298187,67,gaussian (identity),Low income,0.0058234124855419,0.00258982355410022,0.0280458723530883,0.000747358319505472,0.0108994666515783,6.14951375439907,0.00363381018519487,206,337442.444245604
racethn_combn,Other/Multi-Racial,1999-2020,21.2,WTMEC.COMBN,age+gender,inc_to_pov_level,prevent_stroke_30yr_uacr,515,2087306.93312913,60,gaussian (identity),High income (Intercept),-0.0306061750652956,0.00771230600837209,0.000208027080938624,-0.0457222948417049,-0.0154900552888863,4.01565145928269,0.023457367079009,115,583970.287660038
racethn_combn,Other/Multi-Racial,1999-2020,21.2,WTMEC.COMBN,age+gender,inc_to_pov_level,prevent_stroke_30yr_uacr,515,2087306.93312913,60,gaussian (identity),Middle income,-0.00202220966621084,0.00564726796581058,0.721624967078073,-0.0130908548791996,0.0090464355467779,4.01565145928269,0.023457367079009,280,1147902.98881513
racethn_combn,Other/Multi-Racial,1999-2020,21.2,WTMEC.COMBN,age+gender,inc_to_pov_level,prevent_stroke_30yr_uacr,515,2087306.93312913,60,gaussian (identity),Low income,0.012091646163291,0.00613840736677787,0.0538107401331964,6.03677244064155e-05,0.0241229246021757,4.01565145928269,0.023457367079009,120,355433.656653962
racethn_combn,NHW,1999-2020,21.2,WTMEC.COMBN,age+gender,inc_to_pov_level,prevent_stroke_30yr_full,14703,97494483.0016555,162,gaussian (identity),High income (Intercept),-0.0373366158907439,0.000951325730314618,2.21403724699839e-83,-0.0392012143221606,-0.0354720174593273,106.546709073852,5.06679102327972e-30,5639,47110841.6626005
racethn_combn,NHW,1999-2020,21.2,WTMEC.COMBN,age+gender,inc_to_pov_level,prevent_stroke_30yr_full,14703,97494483.0016555,162,gaussian (identity),Middle income,0.00526931361880867,0.00059293362412599,1.34122074009427e-15,0.00410716371552173,0.00643146352209561,106.546709073852,5.06679102327972e-30,7259,43271953.9733369
racethn_combn,NHW,1999-2020,21.2,WTMEC.COMBN,age+gender,inc_to_pov_level,prevent_stroke_30yr_full,14703,97494483.0016555,162,gaussian (identity),Low income,0.0153974471045219,0.00116912624849214,3.3187942223208e-27,0.0131059596574773,0.0176889345515665,106.546709073852,5.06679102327972e-30,1805,7111687.36571813
racethn_combn,Mexican-American,1999-2020,21.2,WTMEC.COMBN,age+gender,inc_to_pov_level,prevent_stroke_30yr_full,5518,9534135.28457489,131,gaussian (identity),High income (Intercept),-0.0540333503773265,0.0024670439468343,5.9152197281187e-45,-0.0588687565131217,-0.0491979442415312,2.70981798534604,0.0703978730977864,779,1459431.05251789
racethn_combn,Mexican-American,1999-2020,21.2,WTMEC.COMBN,age+gender,inc_to_pov_level,prevent_stroke_30yr_full,5518,9534135.28457489,131,gaussian (identity),Middle income,0.00272475231736481,0.00161143543245275,0.0933114925873309,-0.000433661130242579,0.00588316576497219,2.70981798534604,0.0703978730977864,3177,5433935.8532777
racethn_combn,Mexican-American,1999-2020,21.2,WTMEC.COMBN,age+gender,inc_to_pov_level,prevent_stroke_30yr_full,5518,9534135.28457489,131,gaussian (identity),Low income,0.00421488616155796,0.00181177947703328,0.0215823119746866,0.000663798386572736,0.00776597393654318,2.70981798534604,0.0703978730977864,1562,2640768.3787793
racethn_combn,NHB,1999-2020,21.2,WTMEC.COMBN,age+gender,inc_to_pov_level,prevent_stroke_30yr_full,6848,13434731.9491492,146,gaussian (identity),High income (Intercept),-0.0368281618794431,0.00238347426257137,3.24961042929193e-32,-0.041499771434083,-0.0321565523248032,37.1275796497379,1.07115557877363e-13,1594,3252996.56089872
racethn_combn,NHB,1999-2020,21.2,WTMEC.COMBN,age+gender,inc_to_pov_level,prevent_stroke_30yr_full,6848,13434731.9491492,146,gaussian (identity),Middle income,0.00530879589866134,0.00116959016548208,1.19470698002963e-05,0.00301639917431646,0.00760119262300622,37.1275796497379,1.07115557877363e-13,3768,7334784.61794657
racethn_combn,NHB,1999-2020,21.2,WTMEC.COMBN,age+gender,inc_to_pov_level,prevent_stroke_30yr_full,6848,13434731.9491492,146,gaussian (identity),Low income,0.0135453021980471,0.00160256070643684,3.09468749954212e-14,0.0104042832134309,0.0166863211826633,37.1275796497379,1.07115557877363e-13,1486,2846950.77030396
racethn_combn,Other Hispanic,1999-2020,21.2,WTMEC.COMBN,age+gender,inc_to_pov_level,prevent_stroke_30yr_full,2765,7096332.01527338,127,gaussian (identity),High income (Intercept),-0.0527052864266334,0.00301731434298221,4.13331632002479e-35,-0.0586192225388785,-0.0467913503143882,8.40445356078599,0.000379115586657702,499,1348533.64385074
racethn_combn,Other Hispanic,1999-2020,21.2,WTMEC.COMBN,age+gender,inc_to_pov_level,prevent_stroke_30yr_full,2765,7096332.01527338,127,gaussian (identity),Middle income,0.00451633286573649,0.00189052046435838,0.0184171258754813,0.000810912755594056,0.00822175297587891,8.40445356078599,0.000379115586657702,1522,3987841.33672662
racethn_combn,Other Hispanic,1999-2020,21.2,WTMEC.COMBN,age+gender,inc_to_pov_level,prevent_stroke_30yr_full,2765,7096332.01527338,127,gaussian (identity),Low income,0.00887434712806943,0.00217070324238677,7.78983600841115e-05,0.00461976877299137,0.0131289254831475,8.40445356078599,0.000379115586657702,744,1759957.03469602
racethn_combn,Other/Multi-Racial/NHAsian,1999-2020,21.2,WTMEC.COMBN,age+gender,inc_to_pov_level,prevent_stroke_30yr_full,701,3618388.14132726,72,gaussian (identity),High income (Intercept),-0.0537166823923225,0.00481844511657791,5.33326403017739e-17,-0.0631608348208152,-0.0442725299638298,0.233696533692549,0.792235132316157,230,1407385.28514076
racethn_combn,Other/Multi-Racial/NHAsian,1999-2020,21.2,WTMEC.COMBN,age+gender,inc_to_pov_level,prevent_stroke_30yr_full,701,3618388.14132726,72,gaussian (identity),Middle income,-0.000614218893540022,0.00324967749972201,0.850648616518383,-0.00698358679299516,0.00575514900591512,0.233696533692549,0.792235132316157,340,1720612.83210123
racethn_combn,Other/Multi-Racial/NHAsian,1999-2020,21.2,WTMEC.COMBN,age+gender,inc_to_pov_level,prevent_stroke_30yr_full,701,3618388.14132726,72,gaussian (identity),Low income,0.00300268912887088,0.0053978905499338,0.579851687366625,-0.00757717634899937,0.0135825546067411,0.233696533692549,0.792235132316157,131,490390.024085283
racethn_combn,NHAsian,1999-2020,21.2,WTMEC.COMBN,age+gender,inc_to_pov_level,prevent_stroke_30yr_full,1775,3152590.32308819,67,gaussian (identity),High income (Intercept),-0.0508766130488187,0.00281905551702986,1.39229082607784e-26,-0.0564019618621972,-0.0453512642354402,3.66268250187427,0.0312751547782073,778,1422627.59812819
racethn_combn,NHAsian,1999-2020,21.2,WTMEC.COMBN,age+gender,inc_to_pov_level,prevent_stroke_30yr_full,1775,3152590.32308819,67,gaussian (identity),Middle income,0.00439707110320724,0.00163015628944958,0.00895724557582609,0.00120196477588606,0.00759217743052842,3.66268250187427,0.0312751547782073,791,1392520.2807144
racethn_combn,NHAsian,1999-2020,21.2,WTMEC.COMBN,age+gender,inc_to_pov_level,prevent_stroke_30yr_full,1775,3152590.32308819,67,gaussian (identity),Low income,0.00500100246688272,0.00264645985381771,0.0634018555525169,-0.0001860588466,0.0101880637803654,3.66268250187427,0.0312751547782073,206,337442.444245604
racethn_combn,Other/Multi-Racial,1999-2020,21.2,WTMEC.COMBN,age+gender,inc_to_pov_level,prevent_stroke_30yr_full,515,2087306.93312913,60,gaussian (identity),High income (Intercept),-0.0279658373232073,0.00696370812866637,0.000178052151477422,-0.0416147052553933,-0.0143169693910212,3.2014175287892,0.0482551615277815,115,583970.287660038
racethn_combn,Other/Multi-Racial,1999-2020,21.2,WTMEC.COMBN,age+gender,inc_to_pov_level,prevent_stroke_30yr_full,515,2087306.93312913,60,gaussian (identity),Middle income,-0.00309207990119343,0.00508000410100351,0.54520000822059,-0.0130488879391603,0.00686472813677346,3.2014175287892,0.0482551615277815,280,1147902.98881513
racethn_combn,Other/Multi-Racial,1999-2020,21.2,WTMEC.COMBN,age+gender,inc_to_pov_level,prevent_stroke_30yr_full,515,2087306.93312913,60,gaussian (identity),Low income,0.00836040251665318,0.00556853523280662,0.138879140051128,-0.00255392653964779,0.0192747315729541,3.2014175287892,0.0482551615277815,120,355433.656653962
