strata_var,strata_level,cycle_yrs,n_yrs.,survweight.,model_covars,exposure,outcome,n_total_raw,n_total_weighted,model_df,model_type,exp_level,beta,se,pval,low95CI,up95CI,fstat,f_pval,n_exp_raw,n_exp_weighted
racethn_combn,NHW,1999-2020,21.2,WTMEC.COMBN,age+gender,employ_status,diabetes,26744,152238691.69507,162,quasibinomial (logit),Full-time employed (Intercept),-4.83411359148428,0.0874443420297073,7.91414312456996e-105,-5.00550450186251,-4.66272268110606,8.64748553620839,2.3983867192477e-05,11078,79974958.9562356
racethn_combn,NHW,1999-2020,21.2,WTMEC.COMBN,age+gender,employ_status,diabetes,26744,152238691.69507,162,quasibinomial (logit),Part-time employed,-0.0239467402947004,0.10428360706227,0.818677473466121,-0.22834261013675,0.18044912954735,8.64748553620839,2.3983867192477e-05,2807,16277957.2022922
racethn_combn,NHW,1999-2020,21.2,WTMEC.COMBN,age+gender,employ_status,diabetes,26744,152238691.69507,162,quasibinomial (logit),Student,-0.578578124620647,0.543370872687818,0.288603949174645,-1.64358503508877,0.486428785847476,8.64748553620839,2.3983867192477e-05,506,2626294.96222659
racethn_combn,NHW,1999-2020,21.2,WTMEC.COMBN,age+gender,employ_status,diabetes,26744,152238691.69507,162,quasibinomial (logit),Unemployed,0.262050969438229,0.0646815793093897,7.98397101920111e-05,0.135275073991826,0.388826864884633,8.64748553620839,2.3983867192477e-05,12353,53359480.5743157
racethn_combn,Other/Multi-Racial/NHAsian,1999-2020,21.2,WTMEC.COMBN,age+gender,employ_status,diabetes,1502,6756147.18378954,85,quasibinomial (logit),Full-time employed (Intercept),-4.88683861033005,0.31875279744862,1.58361877089337e-25,-5.51159409332934,-4.26208312733075,2.47075508244667,0.0677933646883265,700,3784659.89456618
racethn_combn,Other/Multi-Racial/NHAsian,1999-2020,21.2,WTMEC.COMBN,age+gender,employ_status,diabetes,1502,6756147.18378954,85,quasibinomial (logit),Part-time employed,-0.377359675362634,0.477278696935657,0.431486790151388,-1.31282592135652,0.558106570631255,2.47075508244667,0.0677933646883265,163,645266.4453552
racethn_combn,Other/Multi-Racial/NHAsian,1999-2020,21.2,WTMEC.COMBN,age+gender,employ_status,diabetes,1502,6756147.18378954,85,quasibinomial (logit),Student,-0.208771124639874,0.981576870195281,0.832110155797209,-2.13266179022262,1.71511954094288,2.47075508244667,0.0677933646883265,77,257481.858317974
racethn_combn,Other/Multi-Racial/NHAsian,1999-2020,21.2,WTMEC.COMBN,age+gender,employ_status,diabetes,1502,6756147.18378954,85,quasibinomial (logit),Unemployed,0.456013869124124,0.19235090791936,0.0201585685329953,0.0790060896021789,0.83302164864607,2.47075508244667,0.0677933646883265,562,2068738.98555019
racethn_combn,NHB,1999-2020,21.2,WTMEC.COMBN,age+gender,employ_status,diabetes,13867,25762006.0484469,154,quasibinomial (logit),Full-time employed (Intercept),-4.48306077574471,0.106572444237061,1.42248385684546e-84,-4.69194276644935,-4.27417878504007,8.67727278438518,2.4137022378987e-05,6180,13117256.2733979
racethn_combn,NHB,1999-2020,21.2,WTMEC.COMBN,age+gender,employ_status,diabetes,13867,25762006.0484469,154,quasibinomial (logit),Part-time employed,0.0478403990939252,0.107958069917712,0.658308138419164,-0.16375741794479,0.25943821613264,8.67727278438518,2.4137022378987e-05,1285,2360351.79534634
racethn_combn,NHB,1999-2020,21.2,WTMEC.COMBN,age+gender,employ_status,diabetes,13867,25762006.0484469,154,quasibinomial (logit),Student,-0.558464750630975,0.363570379299141,0.126645231881518,-1.27106269405729,0.154133192795342,8.67727278438518,2.4137022378987e-05,518,754182.288848992
racethn_combn,NHB,1999-2020,21.2,WTMEC.COMBN,age+gender,employ_status,diabetes,13867,25762006.0484469,154,quasibinomial (logit),Unemployed,0.304215075421432,0.0631930226272254,3.59582370958869e-06,0.18035675107207,0.428073399770793,8.67727278438518,2.4137022378987e-05,5884,9530215.6908537
racethn_combn,Mexican-American,1999-2020,21.2,WTMEC.COMBN,age+gender,employ_status,diabetes,11148,18800923.0802582,146,quasibinomial (logit),Full-time employed (Intercept),-4.91530080251818,0.131520026285739,4.91796464104419e-75,-5.17308005403823,-4.65752155099813,7.9197860214624,6.41770778075569e-05,5446,10935627.9832228
racethn_combn,Mexican-American,1999-2020,21.2,WTMEC.COMBN,age+gender,employ_status,diabetes,11148,18800923.0802582,146,quasibinomial (logit),Part-time employed,-0.170848392372115,0.176760009834282,0.335421116009287,-0.517298011647308,0.175601226903078,7.9197860214624,6.41770778075569e-05,1045,1811278.24336404
racethn_combn,Mexican-American,1999-2020,21.2,WTMEC.COMBN,age+gender,employ_status,diabetes,11148,18800923.0802582,146,quasibinomial (logit),Student,-0.894067880544558,0.504931854820546,0.0787763835280188,-1.88373431599283,0.0955985549037122,7.9197860214624,6.41770778075569e-05,320,463785.223751962
racethn_combn,Mexican-American,1999-2020,21.2,WTMEC.COMBN,age+gender,employ_status,diabetes,11148,18800923.0802582,146,quasibinomial (logit),Unemployed,0.313831689792179,0.0731973198311456,3.33167304083237e-05,0.170364942923133,0.457298436661224,7.9197860214624,6.41770778075569e-05,4337,5590231.62991932
racethn_combn,Other Hispanic,1999-2020,21.2,WTMEC.COMBN,age+gender,employ_status,diabetes,5250,13268488.7155347,140,quasibinomial (logit),Full-time employed (Intercept),-4.64703568869082,0.191921062421588,5.6972731735632e-51,-5.02320097103714,-4.27087040634451,6.62189945076601,0.00033057702950514,2476,7357898.39461887
racethn_combn,Other Hispanic,1999-2020,21.2,WTMEC.COMBN,age+gender,employ_status,diabetes,5250,13268488.7155347,140,quasibinomial (logit),Part-time employed,0.238157789034934,0.193162123266228,0.219739885466153,-0.140439972566872,0.61675555063674,6.62189945076601,0.00033057702950514,508,1248991.16951932
racethn_combn,Other Hispanic,1999-2020,21.2,WTMEC.COMBN,age+gender,employ_status,diabetes,5250,13268488.7155347,140,quasibinomial (logit),Student,-0.812228088304259,0.496006751429261,0.103847743647868,-1.78440132110561,0.159945144497093,6.62189945076601,0.00033057702950514,143,360722.32603796
racethn_combn,Other Hispanic,1999-2020,21.2,WTMEC.COMBN,age+gender,employ_status,diabetes,5250,13268488.7155347,140,quasibinomial (logit),Unemployed,0.444287796758614,0.119245533224063,0.000285221511496697,0.21056655163945,0.678009041877778,6.62189945076601,0.00033057702950514,2123,4300876.82535855
racethn_combn,NHAsian,1999-2020,21.2,WTMEC.COMBN,age+gender,employ_status,diabetes,3424,5846650.67119076,70,quasibinomial (logit),Full-time employed (Intercept),-5.02936782725968,0.277591181984775,4.2114232410217e-27,-5.57344654394984,-4.48528911056952,2.89055341464007,0.0420243899256555,1777,3120616.04849598
racethn_combn,NHAsian,1999-2020,21.2,WTMEC.COMBN,age+gender,employ_status,diabetes,3424,5846650.67119076,70,quasibinomial (logit),Part-time employed,-0.147821126427858,0.209527294613787,0.48302100945147,-0.55849462387088,0.262852371015164,2.89055341464007,0.0420243899256555,378,640650.931177132
racethn_combn,NHAsian,1999-2020,21.2,WTMEC.COMBN,age+gender,employ_status,diabetes,3424,5846650.67119076,70,quasibinomial (logit),Student,-0.92319361043841,0.607542559881704,0.133472734705111,-2.11397702780655,0.267589806929729,2.89055341464007,0.0420243899256555,197,282664.634493208
racethn_combn,NHAsian,1999-2020,21.2,WTMEC.COMBN,age+gender,employ_status,diabetes,3424,5846650.67119076,70,quasibinomial (logit),Unemployed,0.279288901574639,0.138672923924725,0.0481508066922785,0.00748997068217805,0.5510878324671,2.89055341464007,0.0420243899256555,1072,1802719.05702443
racethn_combn,Other/Multi-Racial,1999-2020,21.2,WTMEC.COMBN,age+gender,employ_status,diabetes,1060,3569298.21028511,72,quasibinomial (logit),Full-time employed (Intercept),-3.9458100168218,0.341393269379732,1.31477266220233e-17,-4.61494082480608,-3.27667920883753,0.723006044264429,0.541776338049931,462,1747801.5581484
racethn_combn,Other/Multi-Racial,1999-2020,21.2,WTMEC.COMBN,age+gender,employ_status,diabetes,1060,3569298.21028511,72,quasibinomial (logit),Part-time employed,-0.532284392002475,0.438290762383703,0.228837124210891,-1.39133428627453,0.326765502269583,0.723006044264429,0.541776338049931,138,458577.990371528
racethn_combn,Other/Multi-Racial,1999-2020,21.2,WTMEC.COMBN,age+gender,employ_status,diabetes,1060,3569298.21028511,72,quasibinomial (logit),Student,-0.0443987416459145,1.02516748910082,0.96558421463737,-2.05372702028352,1.96492953699169,0.723006044264429,0.541776338049931,40,91614.7762411698
racethn_combn,Other/Multi-Racial,1999-2020,21.2,WTMEC.COMBN,age+gender,employ_status,diabetes,1060,3569298.21028511,72,quasibinomial (logit),Unemployed,0.0377273750270162,0.379940145168583,0.92119800959602,-0.706955309503407,0.78241005955744,0.723006044264429,0.541776338049931,420,1271303.88552402
racethn_combn,NHW,1999-2020,21.2,WTMEC.COMBN,age+gender,employ_status,diabetes_undx,26744,152238691.69507,162,quasibinomial (logit),Full-time employed (Intercept),-8.55183832415097,0.407131315847412,1.83349226465133e-47,-9.3498157032119,-7.75386094509004,1050.2306768694,1.22162307040817e-103,11078,79974958.9562356
racethn_combn,NHW,1999-2020,21.2,WTMEC.COMBN,age+gender,employ_status,diabetes_undx,26744,152238691.69507,162,quasibinomial (logit),Part-time employed,-0.831745744375455,0.425162144291885,0.0522040013546117,-1.66506354718755,0.00157205843663888,1050.2306768694,1.22162307040817e-103,2807,16277957.2022922
racethn_combn,NHW,1999-2020,21.2,WTMEC.COMBN,age+gender,employ_status,diabetes_undx,26744,152238691.69507,162,quasibinomial (logit),Student,-11.8631311927202,0.2166365701562,3.25978988085101e-104,-12.2877388702264,-11.4385235152141,1050.2306768694,1.22162307040817e-103,506,2626294.96222659
racethn_combn,NHW,1999-2020,21.2,WTMEC.COMBN,age+gender,employ_status,diabetes_undx,26744,152238691.69507,162,quasibinomial (logit),Unemployed,-0.569032059390256,0.272690354208563,0.0385284737724281,-1.10350515363904,-0.0345589651414724,1050.2306768694,1.22162307040817e-103,12353,53359480.5743157
racethn_combn,Other/Multi-Racial/NHAsian,1999-2020,21.2,WTMEC.COMBN,age+gender,employ_status,diabetes_undx,1502,6756147.18378954,85,quasibinomial (logit),Full-time employed (Intercept),-7.8294462001358,1.54212247981274,2.44627665630223e-06,-10.8520062605688,-4.80688613970283,279.687196709425,2.67957860614828e-42,700,3784659.89456618
racethn_combn,Other/Multi-Racial/NHAsian,1999-2020,21.2,WTMEC.COMBN,age+gender,employ_status,diabetes_undx,1502,6756147.18378954,85,quasibinomial (logit),Part-time employed,-14.6853704556974,0.936133750677941,3.96783182755916e-26,-16.5201926070261,-12.8505483043686,279.687196709425,2.67957860614828e-42,163,645266.4453552
racethn_combn,Other/Multi-Racial/NHAsian,1999-2020,21.2,WTMEC.COMBN,age+gender,employ_status,diabetes_undx,1502,6756147.18378954,85,quasibinomial (logit),Student,-14.1129379238443,1.12399995436998,1.3224420555806e-20,-16.3159778344095,-11.9098980132791,279.687196709425,2.67957860614828e-42,77,257481.858317974
racethn_combn,Other/Multi-Racial/NHAsian,1999-2020,21.2,WTMEC.COMBN,age+gender,employ_status,diabetes_undx,1502,6756147.18378954,85,quasibinomial (logit),Unemployed,1.48487331348941,1.26846062842027,0.2452306296138,-1.00130951821432,3.97105614519314,279.687196709425,2.67957860614828e-42,562,2068738.98555019
racethn_combn,NHB,1999-2020,21.2,WTMEC.COMBN,age+gender,employ_status,diabetes_undx,13867,25762006.0484469,154,quasibinomial (logit),Full-time employed (Intercept),-7.07504701659265,0.380943717003575,1.30418663687616e-40,-7.82169670191966,-6.32839733126564,0.532569223734424,0.660633985754983,6180,13117256.2733979
racethn_combn,NHB,1999-2020,21.2,WTMEC.COMBN,age+gender,employ_status,diabetes_undx,13867,25762006.0484469,154,quasibinomial (logit),Part-time employed,-0.565369546935099,0.563114464342019,0.317004075916124,-1.66907389704546,0.538334803175258,0.532569223734424,0.660633985754983,1285,2360351.79534634
racethn_combn,NHB,1999-2020,21.2,WTMEC.COMBN,age+gender,employ_status,diabetes_undx,13867,25762006.0484469,154,quasibinomial (logit),Student,0.796780519242749,1.1084107600405,0.473359474842486,-1.37570457043664,2.96926560892214,0.532569223734424,0.660633985754983,518,754182.288848992
racethn_combn,NHB,1999-2020,21.2,WTMEC.COMBN,age+gender,employ_status,diabetes_undx,13867,25762006.0484469,154,quasibinomial (logit),Unemployed,0.0215285323728559,0.309479029555769,0.944634135823868,-0.585050365556452,0.628107430302163,0.532569223734424,0.660633985754983,5884,9530215.6908537
racethn_combn,Mexican-American,1999-2020,21.2,WTMEC.COMBN,age+gender,employ_status,diabetes_undx,11148,18800923.0802582,146,quasibinomial (logit),Full-time employed (Intercept),-7.80543049049579,0.481780702374857,5.34394578393057e-34,-8.74972066715051,-6.86114031384107,1.58422026500015,0.195889889535015,5446,10935627.9832228
racethn_combn,Mexican-American,1999-2020,21.2,WTMEC.COMBN,age+gender,employ_status,diabetes_undx,11148,18800923.0802582,146,quasibinomial (logit),Part-time employed,-0.930328003165647,1.00852302080575,0.357861439741798,-2.90703312394492,1.04637711761363,1.58422026500015,0.195889889535015,1045,1811278.24336404
racethn_combn,Mexican-American,1999-2020,21.2,WTMEC.COMBN,age+gender,employ_status,diabetes_undx,11148,18800923.0802582,146,quasibinomial (logit),Student,1.49517372955226,0.762983661480562,0.0520100485257426,-0.000274246949639734,2.99062170605416,1.58422026500015,0.195889889535015,320,463785.223751962
racethn_combn,Mexican-American,1999-2020,21.2,WTMEC.COMBN,age+gender,employ_status,diabetes_undx,11148,18800923.0802582,146,quasibinomial (logit),Unemployed,-0.0688262506258304,0.374115877124278,0.854300981669386,-0.802093369789415,0.664440868537754,1.58422026500015,0.195889889535015,4337,5590231.62991932
racethn_combn,Other Hispanic,1999-2020,21.2,WTMEC.COMBN,age+gender,employ_status,diabetes_undx,5250,13268488.7155347,140,quasibinomial (logit),Full-time employed (Intercept),-7.44200881438523,0.62548598347737,9.01583411828006e-23,-8.66796134200087,-6.21605628676958,1.97315571767916,0.120983102526034,2476,7357898.39461887
racethn_combn,Other Hispanic,1999-2020,21.2,WTMEC.COMBN,age+gender,employ_status,diabetes_undx,5250,13268488.7155347,140,quasibinomial (logit),Part-time employed,-0.694544035062664,1.18652519571655,0.559283076596958,-3.02013341866711,1.63104534854178,1.97315571767916,0.120983102526034,508,1248991.16951932
racethn_combn,Other Hispanic,1999-2020,21.2,WTMEC.COMBN,age+gender,employ_status,diabetes_undx,5250,13268488.7155347,140,quasibinomial (logit),Student,1.54747547663654,0.80573521773671,0.0568937847907388,-0.0317655501274083,3.1267165034005,1.97315571767916,0.120983102526034,143,360722.32603796
racethn_combn,Other Hispanic,1999-2020,21.2,WTMEC.COMBN,age+gender,employ_status,diabetes_undx,5250,13268488.7155347,140,quasibinomial (logit),Unemployed,-0.547431246820195,0.577835380921627,0.34513653281901,-1.67998859342658,0.585126099786193,1.97315571767916,0.120983102526034,2123,4300876.82535855
racethn_combn,NHAsian,1999-2020,21.2,WTMEC.COMBN,age+gender,employ_status,diabetes_undx,3424,5846650.67119076,70,quasibinomial (logit),Full-time employed (Intercept),-7.10824844176112,0.821208818130035,2.00553731045179e-12,-8.71781772529598,-5.49867915822625,435.081753677669,5.98226202934739e-43,1777,3120616.04849598
racethn_combn,NHAsian,1999-2020,21.2,WTMEC.COMBN,age+gender,employ_status,diabetes_undx,3424,5846650.67119076,70,quasibinomial (logit),Part-time employed,1.03500122673107,0.579424796337554,0.0787216169276015,-0.100671374090533,2.17067382755268,435.081753677669,5.98226202934739e-43,378,640650.931177132
racethn_combn,NHAsian,1999-2020,21.2,WTMEC.COMBN,age+gender,employ_status,diabetes_undx,3424,5846650.67119076,70,quasibinomial (logit),Student,-13.4975821415136,0.387871079793403,9.65098952700159e-44,-14.2578094579087,-12.7373548251186,435.081753677669,5.98226202934739e-43,197,282664.634493208
racethn_combn,NHAsian,1999-2020,21.2,WTMEC.COMBN,age+gender,employ_status,diabetes_undx,3424,5846650.67119076,70,quasibinomial (logit),Unemployed,-0.179861996722849,0.523655174193089,0.732350328867292,-1.2062261381413,0.846502144695607,435.081753677669,5.98226202934739e-43,1072,1802719.05702443
racethn_combn,Other/Multi-Racial,1999-2020,21.2,WTMEC.COMBN,age+gender,employ_status,diabetes_undx,1060,3569298.21028511,72,quasibinomial (logit),Full-time employed (Intercept),-2.77305869722604,1.88463916009596,0.145864397133035,-6.46695145101412,0.920834056562038,343.63105911087,1.32211558686457e-40,462,1747801.5581484
racethn_combn,Other/Multi-Racial,1999-2020,21.2,WTMEC.COMBN,age+gender,employ_status,diabetes_undx,1060,3569298.21028511,72,quasibinomial (logit),Part-time employed,-18.9804865111259,0.728464004794344,8.8314035076266e-37,-20.4082759605228,-17.552697061729,343.63105911087,1.32211558686457e-40,138,458577.990371528
racethn_combn,Other/Multi-Racial,1999-2020,21.2,WTMEC.COMBN,age+gender,employ_status,diabetes_undx,1060,3569298.21028511,72,quasibinomial (logit),Student,-18.8831393066402,1.07669233784763,9.73379698272123e-27,-20.9934562888216,-16.7728223244589,343.63105911087,1.32211558686457e-40,40,91614.7762411698
racethn_combn,Other/Multi-Racial,1999-2020,21.2,WTMEC.COMBN,age+gender,employ_status,diabetes_undx,1060,3569298.21028511,72,quasibinomial (logit),Unemployed,-18.033985051838,0.600528872530211,1.37047738634585e-40,-19.2110216419973,-16.8569484616788,343.63105911087,1.32211558686457e-40,420,1271303.88552402
racethn_combn,NHW,1999-2020,21.2,WTMEC.COMBN,age+gender,employ_status,htn,26744,152238691.69507,162,quasibinomial (logit),Full-time employed (Intercept),-2.98459927594362,0.0617808364790539,3.8257120216326e-96,-3.10568971544257,-2.86350883644468,5.24778864877615,0.00177408910115371,11078,79974958.9562356
racethn_combn,NHW,1999-2020,21.2,WTMEC.COMBN,age+gender,employ_status,htn,26744,152238691.69507,162,quasibinomial (logit),Part-time employed,-0.183797549724962,0.0629632049737905,0.00402650991722719,-0.307205431473591,-0.0603896679763326,5.24778864877615,0.00177408910115371,2807,16277957.2022922
racethn_combn,NHW,1999-2020,21.2,WTMEC.COMBN,age+gender,employ_status,htn,26744,152238691.69507,162,quasibinomial (logit),Student,-0.20107085190157,0.152084276372805,0.188057319707858,-0.499156033592268,0.0970143297891284,5.24778864877615,0.00177408910115371,506,2626294.96222659
racethn_combn,NHW,1999-2020,21.2,WTMEC.COMBN,age+gender,employ_status,htn,26744,152238691.69507,162,quasibinomial (logit),Unemployed,0.0613716832863107,0.0403004765839152,0.129807264713596,-0.017617250818163,0.140360617390785,5.24778864877615,0.00177408910115371,12353,53359480.5743157
racethn_combn,Other/Multi-Racial/NHAsian,1999-2020,21.2,WTMEC.COMBN,age+gender,employ_status,htn,1502,6756147.18378954,85,quasibinomial (logit),Full-time employed (Intercept),-3.15913168639844,0.282809115971461,5.31231306188678e-18,-3.7134375537025,-2.60482581909438,1.83311518876238,0.147798386836692,700,3784659.89456618
racethn_combn,Other/Multi-Racial/NHAsian,1999-2020,21.2,WTMEC.COMBN,age+gender,employ_status,htn,1502,6756147.18378954,85,quasibinomial (logit),Part-time employed,-0.496896884496852,0.220704798286965,0.0271024089112985,-0.929478289139302,-0.0643154798544008,1.83311518876238,0.147798386836692,163,645266.4453552
racethn_combn,Other/Multi-Racial/NHAsian,1999-2020,21.2,WTMEC.COMBN,age+gender,employ_status,htn,1502,6756147.18378954,85,quasibinomial (logit),Student,-0.211650602700824,0.313954185267911,0.502162571968949,-0.827000805825929,0.403699600424281,1.83311518876238,0.147798386836692,77,257481.858317974
racethn_combn,Other/Multi-Racial/NHAsian,1999-2020,21.2,WTMEC.COMBN,age+gender,employ_status,htn,1502,6756147.18378954,85,quasibinomial (logit),Unemployed,0.0132518293502402,0.187651966422062,0.943877076869406,-0.354546024837001,0.381049683537482,1.83311518876238,0.147798386836692,562,2068738.98555019
racethn_combn,NHB,1999-2020,21.2,WTMEC.COMBN,age+gender,employ_status,htn,13867,25762006.0484469,154,quasibinomial (logit),Full-time employed (Intercept),-3.01720543490519,0.0752314438423418,9.81641311305837e-82,-3.16465906483618,-2.8697518049742,8.98547332273599,1.6525089389115e-05,6180,13117256.2733979
racethn_combn,NHB,1999-2020,21.2,WTMEC.COMBN,age+gender,employ_status,htn,13867,25762006.0484469,154,quasibinomial (logit),Part-time employed,0.0408372262817193,0.0831699588881191,0.62414225634751,-0.122175893138994,0.203850345702433,8.98547332273599,1.6525089389115e-05,1285,2360351.79534634
racethn_combn,NHB,1999-2020,21.2,WTMEC.COMBN,age+gender,employ_status,htn,13867,25762006.0484469,154,quasibinomial (logit),Student,-0.238393459056643,0.1710629446036,0.165513366548582,-0.573676830479698,0.0968899123664124,8.98547332273599,1.6525089389115e-05,518,754182.288848992
racethn_combn,NHB,1999-2020,21.2,WTMEC.COMBN,age+gender,employ_status,htn,13867,25762006.0484469,154,quasibinomial (logit),Unemployed,0.264887525701628,0.0533225914482251,1.8361635070529e-06,0.160375246463107,0.369399804940149,8.98547332273599,1.6525089389115e-05,5884,9530215.6908537
racethn_combn,Mexican-American,1999-2020,21.2,WTMEC.COMBN,age+gender,employ_status,htn,11148,18800923.0802582,146,quasibinomial (logit),Full-time employed (Intercept),-3.8512154845679,0.0931265536275604,1.0183368204832e-80,-4.03374352967792,-3.66868743945788,3.82788530769809,0.0113076861375668,5446,10935627.9832228
racethn_combn,Mexican-American,1999-2020,21.2,WTMEC.COMBN,age+gender,employ_status,htn,11148,18800923.0802582,146,quasibinomial (logit),Part-time employed,-0.0606045165173479,0.121269050041248,0.618028310381035,-0.298291854598195,0.177082821563499,3.82788530769809,0.0113076861375668,1045,1811278.24336404
racethn_combn,Mexican-American,1999-2020,21.2,WTMEC.COMBN,age+gender,employ_status,htn,11148,18800923.0802582,146,quasibinomial (logit),Student,-0.383140306689635,0.240444856691315,0.113295312815243,-0.854412225804613,0.088131612425343,3.82788530769809,0.0113076861375668,320,463785.223751962
racethn_combn,Mexican-American,1999-2020,21.2,WTMEC.COMBN,age+gender,employ_status,htn,11148,18800923.0802582,146,quasibinomial (logit),Unemployed,0.153367853479337,0.0597804476762824,0.0113466659575708,0.0361981760338232,0.27053753092485,3.82788530769809,0.0113076861375668,4337,5590231.62991932
racethn_combn,Other Hispanic,1999-2020,21.2,WTMEC.COMBN,age+gender,employ_status,htn,5250,13268488.7155347,140,quasibinomial (logit),Full-time employed (Intercept),-3.70395897309718,0.155037913917157,2.4793657302373e-50,-4.00783328437481,-3.40008466181955,1.43220943418493,0.236170612101673,2476,7357898.39461887
racethn_combn,Other Hispanic,1999-2020,21.2,WTMEC.COMBN,age+gender,employ_status,htn,5250,13268488.7155347,140,quasibinomial (logit),Part-time employed,0.00871177187369165,0.152039154562591,0.954391318867295,-0.289284971068988,0.306708514816371,1.43220943418493,0.236170612101673,508,1248991.16951932
racethn_combn,Other Hispanic,1999-2020,21.2,WTMEC.COMBN,age+gender,employ_status,htn,5250,13268488.7155347,140,quasibinomial (logit),Student,-0.754633781426484,0.456201258081728,0.100416573834483,-1.64878824726667,0.139520684413703,1.43220943418493,0.236170612101673,143,360722.32603796
racethn_combn,Other Hispanic,1999-2020,21.2,WTMEC.COMBN,age+gender,employ_status,htn,5250,13268488.7155347,140,quasibinomial (logit),Unemployed,0.0980415082422665,0.0853162979728021,0.252524644616298,-0.0691784357844256,0.265261452268959,1.43220943418493,0.236170612101673,2123,4300876.82535855
racethn_combn,NHAsian,1999-2020,21.2,WTMEC.COMBN,age+gender,employ_status,htn,3424,5846650.67119076,70,quasibinomial (logit),Full-time employed (Intercept),-3.92796655013237,0.198486659927831,3.23602984270212e-29,-4.31700040359092,-3.53893269667382,0.251507807112744,0.859981970873093,1777,3120616.04849598
racethn_combn,NHAsian,1999-2020,21.2,WTMEC.COMBN,age+gender,employ_status,htn,3424,5846650.67119076,70,quasibinomial (logit),Part-time employed,-0.0701488667093303,0.143030111866679,0.625468325348098,-0.35048788596802,0.21019015254936,0.251507807112744,0.859981970873093,378,640650.931177132
racethn_combn,NHAsian,1999-2020,21.2,WTMEC.COMBN,age+gender,employ_status,htn,3424,5846650.67119076,70,quasibinomial (logit),Student,-0.242175322101828,0.303274385084778,0.427467945164421,-0.836593116867994,0.352242472664337,0.251507807112744,0.859981970873093,197,282664.634493208
racethn_combn,NHAsian,1999-2020,21.2,WTMEC.COMBN,age+gender,employ_status,htn,3424,5846650.67119076,70,quasibinomial (logit),Unemployed,-0.0544523758458918,0.102492703416181,0.597035317079498,-0.255338074541606,0.146433322849822,0.251507807112744,0.859981970873093,1072,1802719.05702443
racethn_combn,Other/Multi-Racial,1999-2020,21.2,WTMEC.COMBN,age+gender,employ_status,htn,1060,3569298.21028511,72,quasibinomial (logit),Full-time employed (Intercept),-2.72692245905818,0.243893509948017,5.74525281328256e-17,-3.20495373855629,-2.24889117956007,2.16440465796378,0.100361927644641,462,1747801.5581484
racethn_combn,Other/Multi-Racial,1999-2020,21.2,WTMEC.COMBN,age+gender,employ_status,htn,1060,3569298.21028511,72,quasibinomial (logit),Part-time employed,0.0499850090624348,0.323595955832386,0.877705622531,-0.584263064369043,0.684233082493912,2.16440465796378,0.100361927644641,138,458577.990371528
racethn_combn,Other/Multi-Racial,1999-2020,21.2,WTMEC.COMBN,age+gender,employ_status,htn,1060,3569298.21028511,72,quasibinomial (logit),Student,0.647972897104446,0.38153720012289,0.0940870317207547,-0.0998400151364193,1.39578580934531,2.16440465796378,0.100361927644641,40,91614.7762411698
racethn_combn,Other/Multi-Racial,1999-2020,21.2,WTMEC.COMBN,age+gender,employ_status,htn,1060,3569298.21028511,72,quasibinomial (logit),Unemployed,0.423459852881224,0.217735082164705,0.0559931228364477,-0.00330090816159834,0.850220613924046,2.16440465796378,0.100361927644641,420,1271303.88552402
racethn_combn,NHW,1999-2020,21.2,WTMEC.COMBN,age+gender,employ_status,htn_undx,24103,146065216.230588,162,quasibinomial (logit),Full-time employed (Intercept),-2.74560348188505,0.0577432910263902,3.94953735542513e-95,-2.85878033229677,-2.63242663147332,6.04848010731866,0.000635206774393548,10170,77030611.2881798
racethn_combn,NHW,1999-2020,21.2,WTMEC.COMBN,age+gender,employ_status,htn_undx,24103,146065216.230588,162,quasibinomial (logit),Part-time employed,-0.257853378477784,0.0668931649662076,0.000168595119828809,-0.38896398181155,-0.126742775144017,6.04848010731866,0.000635206774393548,2597,15649365.6110553
racethn_combn,NHW,1999-2020,21.2,WTMEC.COMBN,age+gender,employ_status,htn_undx,24103,146065216.230588,162,quasibinomial (logit),Student,-0.314104729435632,0.167573343506264,0.0627287500977881,-0.64254848270791,0.0143390238366459,6.04848010731866,0.000635206774393548,470,2539591.01911351
racethn_combn,NHW,1999-2020,21.2,WTMEC.COMBN,age+gender,employ_status,htn_undx,24103,146065216.230588,162,quasibinomial (logit),Unemployed,-0.099186470419163,0.0425234487042891,0.0209432261263022,-0.18253242987957,-0.0158405109587564,6.04848010731866,0.000635206774393548,10866,50845648.3122396
racethn_combn,Other/Multi-Racial/NHAsian,1999-2020,21.2,WTMEC.COMBN,age+gender,employ_status,htn_undx,1294,6189301.32250435,84,quasibinomial (logit),Full-time employed (Intercept),-2.82896999404832,0.282102058482655,9.72962245176049e-16,-3.38189002867433,-2.27604995942232,2.53318626315667,0.0628916767877126,611,3492754.1823874
racethn_combn,Other/Multi-Racial/NHAsian,1999-2020,21.2,WTMEC.COMBN,age+gender,employ_status,htn_undx,1294,6189301.32250435,84,quasibinomial (logit),Part-time employed,-0.603622840475231,0.235893024148056,0.0124107549766695,-1.06597316780542,-0.141272513145041,2.53318626315667,0.0628916767877126,143,601998.195112275
racethn_combn,Other/Multi-Racial/NHAsian,1999-2020,21.2,WTMEC.COMBN,age+gender,employ_status,htn_undx,1294,6189301.32250435,84,quasibinomial (logit),Student,-0.33242435952392,0.335668501238195,0.325033887485073,-0.990334621950782,0.325485902902942,2.53318626315667,0.0628916767877126,70,236012.801597125
racethn_combn,Other/Multi-Racial/NHAsian,1999-2020,21.2,WTMEC.COMBN,age+gender,employ_status,htn_undx,1294,6189301.32250435,84,quasibinomial (logit),Unemployed,-0.18182947216898,0.215486276602155,0.401323473558574,-0.604182574309204,0.240523629971245,2.53318626315667,0.0628916767877126,470,1858536.14340755
racethn_combn,NHB,1999-2020,21.2,WTMEC.COMBN,age+gender,employ_status,htn_undx,12410,24030396.4606995,154,quasibinomial (logit),Full-time employed (Intercept),-2.49061902033366,0.0731333273631035,3.43365710546471e-72,-2.63396034196534,-2.34727769870198,3.25256976186957,0.0235133142376686,5545,12282866.537682
racethn_combn,NHB,1999-2020,21.2,WTMEC.COMBN,age+gender,employ_status,htn_undx,12410,24030396.4606995,154,quasibinomial (logit),Part-time employed,0.028275121225878,0.0778357761325712,0.716920757972255,-0.124282999993961,0.180833242445717,3.25256976186957,0.0235133142376686,1173,2222695.60240474
racethn_combn,NHB,1999-2020,21.2,WTMEC.COMBN,age+gender,employ_status,htn_undx,12410,24030396.4606995,154,quasibinomial (logit),Student,-0.47845291405875,0.157602144052753,0.00283202999728275,-0.787353116402147,-0.169552711715354,3.25256976186957,0.0235133142376686,476,721442.824951808
racethn_combn,NHB,1999-2020,21.2,WTMEC.COMBN,age+gender,employ_status,htn_undx,12410,24030396.4606995,154,quasibinomial (logit),Unemployed,0.00468412550334465,0.0494922005575784,0.924724987619633,-0.092320587589509,0.101688838596198,3.25256976186957,0.0235133142376686,5216,8803391.49566089
racethn_combn,Mexican-American,1999-2020,21.2,WTMEC.COMBN,age+gender,employ_status,htn_undx,10048,17640066.7338605,146,quasibinomial (logit),Full-time employed (Intercept),-3.69634255784722,0.100314836100774,3.01373589507596e-74,-3.89295963660474,-3.4997254790897,0.822508602689723,0.483511535664416,4917,10289452.3771325
racethn_combn,Mexican-American,1999-2020,21.2,WTMEC.COMBN,age+gender,employ_status,htn_undx,10048,17640066.7338605,146,quasibinomial (logit),Part-time employed,-0.117643592991614,0.133073249315623,0.378173408977648,-0.378467161650235,0.143179975667006,0.822508602689723,0.483511535664416,966,1728533.291666
racethn_combn,Mexican-American,1999-2020,21.2,WTMEC.COMBN,age+gender,employ_status,htn_undx,10048,17640066.7338605,146,quasibinomial (logit),Student,-0.3431355436149,0.261456447410581,0.191517430866659,-0.855590180539638,0.169319093309838,0.822508602689723,0.483511535664416,297,419688.258088377
racethn_combn,Mexican-American,1999-2020,21.2,WTMEC.COMBN,age+gender,employ_status,htn_undx,10048,17640066.7338605,146,quasibinomial (logit),Unemployed,-0.00780080346145182,0.0627347079070525,0.901218504369609,-0.130760830959275,0.115159224036371,0.822508602689723,0.483511535664416,3868,5202392.80697366
racethn_combn,Other Hispanic,1999-2020,21.2,WTMEC.COMBN,age+gender,employ_status,htn_undx,4668,12367379.7773528,139,quasibinomial (logit),Full-time employed (Intercept),-3.55030772701113,0.160754085978229,1.70849886343564e-46,-3.86538573552846,-3.2352297184938,0.737028965627448,0.531714130532812,2198,6872045.15022494
racethn_combn,Other Hispanic,1999-2020,21.2,WTMEC.COMBN,age+gender,employ_status,htn_undx,4668,12367379.7773528,139,quasibinomial (logit),Part-time employed,-0.0327931906388276,0.136807751765955,0.810926999294161,-0.300936384100099,0.235350002822444,0.737028965627448,0.531714130532812,454,1152975.01958166
racethn_combn,Other Hispanic,1999-2020,21.2,WTMEC.COMBN,age+gender,employ_status,htn_undx,4668,12367379.7773528,139,quasibinomial (logit),Student,-0.60227387478088,0.44689941270955,0.180037978617185,-1.4781967236916,0.273648974129838,0.737028965627448,0.531714130532812,134,336373.36168945
racethn_combn,Other Hispanic,1999-2020,21.2,WTMEC.COMBN,age+gender,employ_status,htn_undx,4668,12367379.7773528,139,quasibinomial (logit),Unemployed,-0.0506181694518635,0.0894018349564171,0.572213565743094,-0.225845765966441,0.124609427062714,0.737028965627448,0.531714130532812,1882,4005986.24585675
racethn_combn,NHAsian,1999-2020,21.2,WTMEC.COMBN,age+gender,employ_status,htn_undx,2944,5322269.74597925,70,quasibinomial (logit),Full-time employed (Intercept),-3.4552153165359,0.210204283376287,7.70654240993259e-25,-3.86721571195342,-3.04321492111837,0.523545038777165,0.667626012658274,1549,2880889.9836826
racethn_combn,NHAsian,1999-2020,21.2,WTMEC.COMBN,age+gender,employ_status,htn_undx,2944,5322269.74597925,70,quasibinomial (logit),Part-time employed,-0.114553188066934,0.136353453588111,0.403921064764553,-0.381805957099631,0.152699580965764,0.523545038777165,0.667626012658274,330,593287.652436453
racethn_combn,NHAsian,1999-2020,21.2,WTMEC.COMBN,age+gender,employ_status,htn_undx,2944,5322269.74597925,70,quasibinomial (logit),Student,-0.249963617661867,0.295798382039732,0.401184287700873,-0.829728446459741,0.329801211136008,0.523545038777165,0.667626012658274,172,256669.284728359
racethn_combn,NHAsian,1999-2020,21.2,WTMEC.COMBN,age+gender,employ_status,htn_undx,2944,5322269.74597925,70,quasibinomial (logit),Unemployed,-0.115473260645559,0.113161084577064,0.311306392754508,-0.337268986416604,0.106322465125487,0.523545038777165,0.667626012658274,893,1591422.82513183
racethn_combn,Other/Multi-Racial,1999-2020,21.2,WTMEC.COMBN,age+gender,employ_status,htn_undx,943,3381172.74113119,72,quasibinomial (logit),Full-time employed (Intercept),-2.20208147037949,0.259899354590728,3.38357863959588e-12,-2.71148420537731,-1.69267873538166,1.1067149361343,0.352623021819139,414,1660294.45997508
racethn_combn,Other/Multi-Racial,1999-2020,21.2,WTMEC.COMBN,age+gender,employ_status,htn_undx,943,3381172.74113119,72,quasibinomial (logit),Part-time employed,-0.398193685506531,0.310923445338034,0.204721470277893,-1.00760363836908,0.211216267356016,1.1067149361343,0.352623021819139,125,439535.000925019
racethn_combn,Other/Multi-Racial,1999-2020,21.2,WTMEC.COMBN,age+gender,employ_status,htn_undx,943,3381172.74113119,72,quasibinomial (logit),Student,0.590683819996609,0.416815421593346,0.161076864344841,-0.226274406326349,1.40764204631957,1.1067149361343,0.352623021819139,38,86697.4486632076
racethn_combn,Other/Multi-Racial,1999-2020,21.2,WTMEC.COMBN,age+gender,employ_status,htn_undx,943,3381172.74113119,72,quasibinomial (logit),Unemployed,-0.154961137417453,0.244656292125868,0.528639781338584,-0.634487469984155,0.324565195149249,1.1067149361343,0.352623021819139,366,1194645.83156789
racethn_combn,NHW,1999-2020,21.2,WTMEC.COMBN,age+gender,employ_status,htn_stg1,26744,152238691.69507,162,quasibinomial (logit),Full-time employed (Intercept),-2.752113415107,0.0576179930994499,2.02697039340518e-95,-2.86504468158192,-2.63918214863207,6.40396782937075,0.000403551579447346,11078,79974958.9562356
racethn_combn,NHW,1999-2020,21.2,WTMEC.COMBN,age+gender,employ_status,htn_stg1,26744,152238691.69507,162,quasibinomial (logit),Part-time employed,-0.25092957891295,0.0666895752099811,0.000236995658953481,-0.381641146324513,-0.120218011501387,6.40396782937075,0.000403551579447346,2807,16277957.2022922
racethn_combn,NHW,1999-2020,21.2,WTMEC.COMBN,age+gender,employ_status,htn_stg1,26744,152238691.69507,162,quasibinomial (logit),Student,-0.323560394557066,0.166842058193544,0.0542550947220871,-0.650570828616411,0.00345003950227979,6.40396782937075,0.000403551579447346,506,2626294.96222659
racethn_combn,NHW,1999-2020,21.2,WTMEC.COMBN,age+gender,employ_status,htn_stg1,26744,152238691.69507,162,quasibinomial (logit),Unemployed,-0.123435153481349,0.042033575851384,0.00381790383583792,-0.205820962150062,-0.0410493448126368,6.40396782937075,0.000403551579447346,12353,53359480.5743157
racethn_combn,Other/Multi-Racial/NHAsian,1999-2020,21.2,WTMEC.COMBN,age+gender,employ_status,htn_stg1,1502,6756147.18378954,85,quasibinomial (logit),Full-time employed (Intercept),-2.73323463247002,0.278054335878637,2.07557986941983e-15,-3.27822113079215,-2.1882481341479,2.76602982099646,0.0471826762019753,700,3784659.89456618
racethn_combn,Other/Multi-Racial/NHAsian,1999-2020,21.2,WTMEC.COMBN,age+gender,employ_status,htn_stg1,1502,6756147.18378954,85,quasibinomial (logit),Part-time employed,-0.563361669368919,0.225614124450166,0.0145772076683315,-1.00556535329124,-0.121157985446595,2.76602982099646,0.0471826762019753,163,645266.4453552
racethn_combn,Other/Multi-Racial/NHAsian,1999-2020,21.2,WTMEC.COMBN,age+gender,employ_status,htn_stg1,1502,6756147.18378954,85,quasibinomial (logit),Student,-0.365236585510664,0.319828263182715,0.25687002751455,-0.992099981348786,0.261626810327458,2.76602982099646,0.0471826762019753,77,257481.858317974
racethn_combn,Other/Multi-Racial/NHAsian,1999-2020,21.2,WTMEC.COMBN,age+gender,employ_status,htn_stg1,1502,6756147.18378954,85,quasibinomial (logit),Unemployed,-0.220694810598066,0.202157041154354,0.278241982704223,-0.6169226112606,0.175532990064467,2.76602982099646,0.0471826762019753,562,2068738.98555019
racethn_combn,NHB,1999-2020,21.2,WTMEC.COMBN,age+gender,employ_status,htn_stg1,13867,25762006.0484469,154,quasibinomial (logit),Full-time employed (Intercept),-2.46645314512832,0.0701271127554487,4.78312006927146e-74,-2.603902286129,-2.32900400412764,3.8281532568695,0.0111964063680271,6180,13117256.2733979
racethn_combn,NHB,1999-2020,21.2,WTMEC.COMBN,age+gender,employ_status,htn_stg1,13867,25762006.0484469,154,quasibinomial (logit),Part-time employed,0.0315389215800145,0.0768759191562043,0.682206376593309,-0.119137879966146,0.182215723126175,3.8281532568695,0.0111964063680271,1285,2360351.79534634
racethn_combn,NHB,1999-2020,21.2,WTMEC.COMBN,age+gender,employ_status,htn_stg1,13867,25762006.0484469,154,quasibinomial (logit),Student,-0.474732168762414,0.154730026479943,0.00255943317064935,-0.778003020663102,-0.171461316861726,3.8281532568695,0.0111964063680271,518,754182.288848992
racethn_combn,NHB,1999-2020,21.2,WTMEC.COMBN,age+gender,employ_status,htn_stg1,13867,25762006.0484469,154,quasibinomial (logit),Unemployed,-0.0324440170274321,0.0499425281902936,0.516933381511787,-0.130331372280408,0.0654433382255434,3.8281532568695,0.0111964063680271,5884,9530215.6908537
racethn_combn,Mexican-American,1999-2020,21.2,WTMEC.COMBN,age+gender,employ_status,htn_stg1,11148,18800923.0802582,146,quasibinomial (logit),Full-time employed (Intercept),-3.68807258250468,0.100521952246781,5.22221223104938e-74,-3.88509560890837,-3.49104955610099,0.958556582442366,0.414237010379043,5446,10935627.9832228
racethn_combn,Mexican-American,1999-2020,21.2,WTMEC.COMBN,age+gender,employ_status,htn_stg1,11148,18800923.0802582,146,quasibinomial (logit),Part-time employed,-0.0977657414528464,0.129632684389564,0.452001759871908,-0.351845802856392,0.156314319950699,0.958556582442366,0.414237010379043,1045,1811278.24336404
racethn_combn,Mexican-American,1999-2020,21.2,WTMEC.COMBN,age+gender,employ_status,htn_stg1,11148,18800923.0802582,146,quasibinomial (logit),Student,-0.405757333154547,0.263192637384514,0.125394072670639,-0.921614902428195,0.110100236119101,0.958556582442366,0.414237010379043,320,463785.223751962
racethn_combn,Mexican-American,1999-2020,21.2,WTMEC.COMBN,age+gender,employ_status,htn_stg1,11148,18800923.0802582,146,quasibinomial (logit),Unemployed,-0.0220155016182702,0.063013853099527,0.727328602131566,-0.145522653693343,0.101491650456803,0.958556582442366,0.414237010379043,4337,5590231.62991932
racethn_combn,Other Hispanic,1999-2020,21.2,WTMEC.COMBN,age+gender,employ_status,htn_stg1,5250,13268488.7155347,140,quasibinomial (logit),Full-time employed (Intercept),-3.56654759385424,0.156897417658634,5.41331810868767e-48,-3.87406653246516,-3.25902865524332,0.801035348168142,0.495358840756474,2476,7357898.39461887
racethn_combn,Other Hispanic,1999-2020,21.2,WTMEC.COMBN,age+gender,employ_status,htn_stg1,5250,13268488.7155347,140,quasibinomial (logit),Part-time employed,-0.0245931840793378,0.135378193116478,0.85611982528603,-0.289934442587634,0.240748074428959,0.801035348168142,0.495358840756474,508,1248991.16951932
racethn_combn,Other Hispanic,1999-2020,21.2,WTMEC.COMBN,age+gender,employ_status,htn_stg1,5250,13268488.7155347,140,quasibinomial (logit),Student,-0.593476252083791,0.442371376535402,0.181984840027728,-1.46052415009318,0.273571645925597,0.801035348168142,0.495358840756474,143,360722.32603796
racethn_combn,Other Hispanic,1999-2020,21.2,WTMEC.COMBN,age+gender,employ_status,htn_stg1,5250,13268488.7155347,140,quasibinomial (logit),Unemployed,-0.0623812150571964,0.090600789773429,0.492301616814578,-0.239958763013117,0.115196332898724,0.801035348168142,0.495358840756474,2123,4300876.82535855
racethn_combn,NHAsian,1999-2020,21.2,WTMEC.COMBN,age+gender,employ_status,htn_stg1,3424,5846650.67119076,70,quasibinomial (logit),Full-time employed (Intercept),-3.46368342284088,0.206441077895935,2.60986228178859e-25,-3.86830793551691,-3.05905891016485,1.03925128450102,0.381187755479795,1777,3120616.04849598
racethn_combn,NHAsian,1999-2020,21.2,WTMEC.COMBN,age+gender,employ_status,htn_stg1,3424,5846650.67119076,70,quasibinomial (logit),Part-time employed,-0.0895814607934545,0.136196987512659,0.513031377211055,-0.356527556318266,0.177364634731357,1.03925128450102,0.381187755479795,378,640650.931177132
racethn_combn,NHAsian,1999-2020,21.2,WTMEC.COMBN,age+gender,employ_status,htn_stg1,3424,5846650.67119076,70,quasibinomial (logit),Student,-0.268274992487017,0.29834274926054,0.371856084672663,-0.853026781037675,0.316476796063642,1.03925128450102,0.381187755479795,197,282664.634493208
racethn_combn,NHAsian,1999-2020,21.2,WTMEC.COMBN,age+gender,employ_status,htn_stg1,3424,5846650.67119076,70,quasibinomial (logit),Unemployed,-0.191421417927001,0.109759333735296,0.0858847722387856,-0.40654971204818,0.0237068761941785,1.03925128450102,0.381187755479795,1072,1802719.05702443
racethn_combn,Other/Multi-Racial,1999-2020,21.2,WTMEC.COMBN,age+gender,employ_status,htn_stg1,1060,3569298.21028511,72,quasibinomial (logit),Full-time employed (Intercept),-2.24564237701642,0.262243907223823,2.3270364571358e-12,-2.75964043517512,-1.73164431885773,1.16914799124048,0.328102459124867,462,1747801.5581484
racethn_combn,Other/Multi-Racial,1999-2020,21.2,WTMEC.COMBN,age+gender,employ_status,htn_stg1,1060,3569298.21028511,72,quasibinomial (logit),Part-time employed,-0.383575567913847,0.302099635350153,0.208584283899613,-0.975690853200147,0.208539717372454,1.16914799124048,0.328102459124867,138,458577.990371528
racethn_combn,Other/Multi-Racial,1999-2020,21.2,WTMEC.COMBN,age+gender,employ_status,htn_stg1,1060,3569298.21028511,72,quasibinomial (logit),Student,0.559304880164811,0.409233133741557,0.176283639824468,-0.242792061968641,1.36140182229826,1.16914799124048,0.328102459124867,40,91614.7762411698
racethn_combn,Other/Multi-Racial,1999-2020,21.2,WTMEC.COMBN,age+gender,employ_status,htn_stg1,1060,3569298.21028511,72,quasibinomial (logit),Unemployed,-0.193115410279641,0.238888048216047,0.421725572119277,-0.661335984783093,0.275105164223811,1.16914799124048,0.328102459124867,420,1271303.88552402
racethn_combn,NHW,1999-2020,21.2,WTMEC.COMBN,age+gender,employ_status,obese,26744,152238691.69507,162,quasibinomial (logit),Full-time employed (Intercept),-0.70270200811204,0.0597858509601707,2.78647089175898e-23,-0.819882275993975,-0.585521740230106,25.8752817780123,1.17709864172027e-13,11078,79974958.9562356
racethn_combn,NHW,1999-2020,21.2,WTMEC.COMBN,age+gender,employ_status,obese,26744,152238691.69507,162,quasibinomial (logit),Part-time employed,-0.291852495747703,0.0483645854605417,1.10560642161368e-08,-0.386647083250365,-0.197057908245042,25.8752817780123,1.17709864172027e-13,2807,16277957.2022922
racethn_combn,NHW,1999-2020,21.2,WTMEC.COMBN,age+gender,employ_status,obese,26744,152238691.69507,162,quasibinomial (logit),Student,-0.725751472568879,0.124068568132589,2.77547864647089e-08,-0.968925866108754,-0.482577079029004,25.8752817780123,1.17709864172027e-13,506,2626294.96222659
racethn_combn,NHW,1999-2020,21.2,WTMEC.COMBN,age+gender,employ_status,obese,26744,152238691.69507,162,quasibinomial (logit),Unemployed,-0.162996456070807,0.036740294379393,1.71310478782039e-05,-0.235007433054417,-0.0909854790871962,25.8752817780123,1.17709864172027e-13,12353,53359480.5743157
racethn_combn,Other/Multi-Racial/NHAsian,1999-2020,21.2,WTMEC.COMBN,age+gender,employ_status,obese,1502,6756147.18378954,85,quasibinomial (logit),Full-time employed (Intercept),-0.9701685699819,0.214253011238562,2.05009033645764e-05,-1.39010447200948,-0.550232667954318,1.52965282146013,0.213203406059351,700,3784659.89456618
racethn_combn,Other/Multi-Racial/NHAsian,1999-2020,21.2,WTMEC.COMBN,age+gender,employ_status,obese,1502,6756147.18378954,85,quasibinomial (logit),Part-time employed,-0.160739993592282,0.22051084772703,0.468164775921147,-0.59294125513726,0.271461267952696,1.52965282146013,0.213203406059351,163,645266.4453552
racethn_combn,Other/Multi-Racial/NHAsian,1999-2020,21.2,WTMEC.COMBN,age+gender,employ_status,obese,1502,6756147.18378954,85,quasibinomial (logit),Student,-0.457690700219051,0.35176030504275,0.196944288772337,-1.14714089810284,0.231759497664739,1.52965282146013,0.213203406059351,77,257481.858317974
racethn_combn,Other/Multi-Racial/NHAsian,1999-2020,21.2,WTMEC.COMBN,age+gender,employ_status,obese,1502,6756147.18378954,85,quasibinomial (logit),Unemployed,0.241226257500069,0.173149988578555,0.167429421806044,-0.0981477201138988,0.580600235114036,1.52965282146013,0.213203406059351,562,2068738.98555019
racethn_combn,NHB,1999-2020,21.2,WTMEC.COMBN,age+gender,employ_status,obese,13867,25762006.0484469,154,quasibinomial (logit),Full-time employed (Intercept),-0.00287676079681311,0.070093542019978,0.967317565207705,-0.14026010315597,0.134506581562344,24.1695717982955,8.40940359663236e-13,6180,13117256.2733979
racethn_combn,NHB,1999-2020,21.2,WTMEC.COMBN,age+gender,employ_status,obese,13867,25762006.0484469,154,quasibinomial (logit),Part-time employed,-0.433497150384009,0.0681329526581748,2.30878566290287e-09,-0.567037737594031,-0.299956563173986,24.1695717982955,8.40940359663236e-13,1285,2360351.79534634
racethn_combn,NHB,1999-2020,21.2,WTMEC.COMBN,age+gender,employ_status,obese,13867,25762006.0484469,154,quasibinomial (logit),Student,-0.672413686593545,0.146570686256941,9.44034132179296e-06,-0.95969223165715,-0.38513514152994,24.1695717982955,8.40940359663236e-13,518,754182.288848992
racethn_combn,NHB,1999-2020,21.2,WTMEC.COMBN,age+gender,employ_status,obese,13867,25762006.0484469,154,quasibinomial (logit),Unemployed,-0.199758031305726,0.0464429012535756,3.05933018612511e-05,-0.290786117762735,-0.108729944848718,24.1695717982955,8.40940359663236e-13,5884,9530215.6908537
racethn_combn,Mexican-American,1999-2020,21.2,WTMEC.COMBN,age+gender,employ_status,obese,11148,18800923.0802582,146,quasibinomial (logit),Full-time employed (Intercept),-0.415588553191944,0.0840167524365921,2.11947600047061e-06,-0.580261387967665,-0.250915718416224,4.68925250643213,0.00374662524881266,5446,10935627.9832228
racethn_combn,Mexican-American,1999-2020,21.2,WTMEC.COMBN,age+gender,employ_status,obese,11148,18800923.0802582,146,quasibinomial (logit),Part-time employed,-0.27646552713148,0.0877803585789471,0.00199695786377857,-0.448515029946216,-0.104416024316743,4.68925250643213,0.00374662524881266,1045,1811278.24336404
racethn_combn,Mexican-American,1999-2020,21.2,WTMEC.COMBN,age+gender,employ_status,obese,11148,18800923.0802582,146,quasibinomial (logit),Student,-0.401789551497951,0.173852102993149,0.0222772175741518,-0.742539673364523,-0.0610394296313784,4.68925250643213,0.00374662524881266,320,463785.223751962
racethn_combn,Mexican-American,1999-2020,21.2,WTMEC.COMBN,age+gender,employ_status,obese,11148,18800923.0802582,146,quasibinomial (logit),Unemployed,-0.0387300035429733,0.0514593578716603,0.452925263249844,-0.139590344971427,0.0621303378854808,4.68925250643213,0.00374662524881266,4337,5590231.62991932
racethn_combn,Other Hispanic,1999-2020,21.2,WTMEC.COMBN,age+gender,employ_status,obese,5250,13268488.7155347,140,quasibinomial (logit),Full-time employed (Intercept),-0.422076869302824,0.107786604769687,0.000142359431628576,-0.63333861465141,-0.210815123954237,6.05521072409235,0.000672341710220646,2476,7357898.39461887
racethn_combn,Other Hispanic,1999-2020,21.2,WTMEC.COMBN,age+gender,employ_status,obese,5250,13268488.7155347,140,quasibinomial (logit),Part-time employed,-0.278959169650377,0.11826033926978,0.0197653280762799,-0.510749434619146,-0.0471689046816077,6.05521072409235,0.000672341710220646,508,1248991.16951932
racethn_combn,Other Hispanic,1999-2020,21.2,WTMEC.COMBN,age+gender,employ_status,obese,5250,13268488.7155347,140,quasibinomial (logit),Student,-0.114911999431965,0.224349781709729,0.609347847287727,-0.554637571583035,0.324813572719104,6.05521072409235,0.000672341710220646,143,360722.32603796
racethn_combn,Other Hispanic,1999-2020,21.2,WTMEC.COMBN,age+gender,employ_status,obese,5250,13268488.7155347,140,quasibinomial (logit),Unemployed,0.224205617870115,0.0875107121050124,0.0115034258030436,0.0526846221442906,0.395726613595939,6.05521072409235,0.000672341710220646,2123,4300876.82535855
racethn_combn,NHAsian,1999-2020,21.2,WTMEC.COMBN,age+gender,employ_status,obese,3424,5846650.67119076,70,quasibinomial (logit),Full-time employed (Intercept),-0.849939616027053,0.147233460063526,2.37186120509864e-07,-1.13851719775156,-0.561362034302543,1.85639516838541,0.145745536173159,1777,3120616.04849598
racethn_combn,NHAsian,1999-2020,21.2,WTMEC.COMBN,age+gender,employ_status,obese,3424,5846650.67119076,70,quasibinomial (logit),Part-time employed,-0.299098391415243,0.18388406508579,0.108669435655302,-0.65951115898339,0.0613143761529048,1.85639516838541,0.145745536173159,378,640650.931177132
racethn_combn,NHAsian,1999-2020,21.2,WTMEC.COMBN,age+gender,employ_status,obese,3424,5846650.67119076,70,quasibinomial (logit),Student,-0.483920402858429,0.260246082935984,0.0674869847586016,-0.994002725412957,0.0261619196960994,1.85639516838541,0.145745536173159,197,282664.634493208
racethn_combn,NHAsian,1999-2020,21.2,WTMEC.COMBN,age+gender,employ_status,obese,3424,5846650.67119076,70,quasibinomial (logit),Unemployed,-0.06743696221295,0.125940219315983,0.594153689330618,-0.314279792072278,0.179405867646378,1.85639516838541,0.145745536173159,1072,1802719.05702443
racethn_combn,Other/Multi-Racial,1999-2020,21.2,WTMEC.COMBN,age+gender,employ_status,obese,1060,3569298.21028511,72,quasibinomial (logit),Full-time employed (Intercept),-0.272551096471536,0.292019142866448,0.353999516415321,-0.844908616489774,0.299806423546703,1.02407479563022,0.387624058044318,462,1747801.5581484
racethn_combn,Other/Multi-Racial,1999-2020,21.2,WTMEC.COMBN,age+gender,employ_status,obese,1060,3569298.21028511,72,quasibinomial (logit),Part-time employed,-0.272050022444566,0.256184937857436,0.292081087420175,-0.774172500645141,0.230072455756009,1.02407479563022,0.387624058044318,138,458577.990371528
racethn_combn,Other/Multi-Racial,1999-2020,21.2,WTMEC.COMBN,age+gender,employ_status,obese,1060,3569298.21028511,72,quasibinomial (logit),Student,-0.270928385302736,0.640911794079453,0.673850761895286,-1.52711550169846,0.985258731092992,1.02407479563022,0.387624058044318,40,91614.7762411698
racethn_combn,Other/Multi-Racial,1999-2020,21.2,WTMEC.COMBN,age+gender,employ_status,obese,1060,3569298.21028511,72,quasibinomial (logit),Unemployed,0.190008229262884,0.19100039113988,0.323410199210043,-0.184352537371281,0.564368995897049,1.02407479563022,0.387624058044318,420,1271303.88552402
racethn_combn,NHW,1999-2020,21.2,WTMEC.COMBN,age+gender,employ_status,obese_abd,26744,152238691.69507,162,quasibinomial (logit),Full-time employed (Intercept),-0.741402743242215,0.0601806353089573,7.87341799890327e-25,-0.859356788447772,-0.623448698036659,20.0785386671748,4.56464464839086e-11,11078,79974958.9562356
racethn_combn,NHW,1999-2020,21.2,WTMEC.COMBN,age+gender,employ_status,obese_abd,26744,152238691.69507,162,quasibinomial (logit),Part-time employed,-0.26641571706524,0.0451019898288242,2.08956311256748e-08,-0.354815617129736,-0.178015817000745,20.0785386671748,4.56464464839086e-11,2807,16277957.2022922
racethn_combn,NHW,1999-2020,21.2,WTMEC.COMBN,age+gender,employ_status,obese_abd,26744,152238691.69507,162,quasibinomial (logit),Student,-0.677434308037228,0.132518581857555,9.16271948962079e-07,-0.937170728478035,-0.41769788759642,20.0785386671748,4.56464464839086e-11,506,2626294.96222659
racethn_combn,NHW,1999-2020,21.2,WTMEC.COMBN,age+gender,employ_status,obese_abd,26744,152238691.69507,162,quasibinomial (logit),Unemployed,-0.124006692086699,0.035979359018366,0.000728551039637231,-0.194526235762696,-0.0534871484107017,20.0785386671748,4.56464464839086e-11,12353,53359480.5743157
racethn_combn,Other/Multi-Racial/NHAsian,1999-2020,21.2,WTMEC.COMBN,age+gender,employ_status,obese_abd,1502,6756147.18378954,85,quasibinomial (logit),Full-time employed (Intercept),-0.969576962357723,0.230321998756971,6.64511309328754e-05,-1.42100807992139,-0.51814584479406,4.48851105865334,0.00579397610083515,700,3784659.89456618
racethn_combn,Other/Multi-Racial/NHAsian,1999-2020,21.2,WTMEC.COMBN,age+gender,employ_status,obese_abd,1502,6756147.18378954,85,quasibinomial (logit),Part-time employed,-0.166045292950953,0.215405422464032,0.443066477765402,-0.588239920980456,0.256149335078549,4.48851105865334,0.00579397610083515,163,645266.4453552
racethn_combn,Other/Multi-Racial/NHAsian,1999-2020,21.2,WTMEC.COMBN,age+gender,employ_status,obese_abd,1502,6756147.18378954,85,quasibinomial (logit),Student,-1.22105818448657,0.404020241166264,0.00336931777634497,-2.01293785717245,-0.429178511800696,4.48851105865334,0.00579397610083515,77,257481.858317974
racethn_combn,Other/Multi-Racial/NHAsian,1999-2020,21.2,WTMEC.COMBN,age+gender,employ_status,obese_abd,1502,6756147.18378954,85,quasibinomial (logit),Unemployed,0.320354944181687,0.157721837956257,0.0455620186931383,0.0112201417874234,0.629489746575952,4.48851105865334,0.00579397610083515,562,2068738.98555019
racethn_combn,NHB,1999-2020,21.2,WTMEC.COMBN,age+gender,employ_status,obese_abd,13867,25762006.0484469,154,quasibinomial (logit),Full-time employed (Intercept),-0.0239984724093376,0.0743963198976817,0.747468512334148,-0.169815259408794,0.121818314590118,22.710639569813,3.64456935467449e-12,6180,13117256.2733979
racethn_combn,NHB,1999-2020,21.2,WTMEC.COMBN,age+gender,employ_status,obese_abd,13867,25762006.0484469,154,quasibinomial (logit),Part-time employed,-0.440214454290977,0.0694674097204539,2.63075851344729e-09,-0.576370577343067,-0.304058331238887,22.710639569813,3.64456935467449e-12,1285,2360351.79534634
racethn_combn,NHB,1999-2020,21.2,WTMEC.COMBN,age+gender,employ_status,obese_abd,13867,25762006.0484469,154,quasibinomial (logit),Student,-0.615033419212056,0.161206263808509,0.000198869003713236,-0.930997696276735,-0.299069142147377,22.710639569813,3.64456935467449e-12,518,754182.288848992
racethn_combn,NHB,1999-2020,21.2,WTMEC.COMBN,age+gender,employ_status,obese_abd,13867,25762006.0484469,154,quasibinomial (logit),Unemployed,-0.260065498768695,0.0454587219958044,5.62236937938809e-08,-0.349164593880472,-0.170966403656919,22.710639569813,3.64456935467449e-12,5884,9530215.6908537
racethn_combn,Mexican-American,1999-2020,21.2,WTMEC.COMBN,age+gender,employ_status,obese_abd,11148,18800923.0802582,146,quasibinomial (logit),Full-time employed (Intercept),-0.220414670261129,0.0798897443644938,0.00656782440616979,-0.376998569215536,-0.0638307713067208,3.20461260792218,0.0251763808128342,5446,10935627.9832228
racethn_combn,Mexican-American,1999-2020,21.2,WTMEC.COMBN,age+gender,employ_status,obese_abd,11148,18800923.0802582,146,quasibinomial (logit),Part-time employed,-0.174730768666359,0.0893951412101509,0.0526100135537805,-0.349945245438254,0.000483708105537051,3.20461260792218,0.0251763808128342,1045,1811278.24336404
racethn_combn,Mexican-American,1999-2020,21.2,WTMEC.COMBN,age+gender,employ_status,obese_abd,11148,18800923.0802582,146,quasibinomial (logit),Student,-0.361292381444495,0.162038711558137,0.0273506936249433,-0.678888256098444,-0.0436965067905457,3.20461260792218,0.0251763808128342,320,463785.223751962
racethn_combn,Mexican-American,1999-2020,21.2,WTMEC.COMBN,age+gender,employ_status,obese_abd,11148,18800923.0802582,146,quasibinomial (logit),Unemployed,0.0538383655859145,0.0632646764307609,0.396211152692439,-0.0701604002183769,0.177837131390206,3.20461260792218,0.0251763808128342,4337,5590231.62991932
racethn_combn,Other Hispanic,1999-2020,21.2,WTMEC.COMBN,age+gender,employ_status,obese_abd,5250,13268488.7155347,140,quasibinomial (logit),Full-time employed (Intercept),-0.602059461338402,0.117503712275992,1.01369951011176e-06,-0.832366737399346,-0.371752185277458,5.23573456217799,0.00189251243149179,2476,7357898.39461887
racethn_combn,Other Hispanic,1999-2020,21.2,WTMEC.COMBN,age+gender,employ_status,obese_abd,5250,13268488.7155347,140,quasibinomial (logit),Part-time employed,-0.23077241458816,0.121746966020158,0.060162761600315,-0.46939646798767,0.00785163881135062,5.23573456217799,0.00189251243149179,508,1248991.16951932
racethn_combn,Other Hispanic,1999-2020,21.2,WTMEC.COMBN,age+gender,employ_status,obese_abd,5250,13268488.7155347,140,quasibinomial (logit),Student,-0.203129171408042,0.258427980082375,0.433234122327518,-0.709648012369497,0.303389669553413,5.23573456217799,0.00189251243149179,143,360722.32603796
racethn_combn,Other Hispanic,1999-2020,21.2,WTMEC.COMBN,age+gender,employ_status,obese_abd,5250,13268488.7155347,140,quasibinomial (logit),Unemployed,0.243796416811013,0.0976839592466999,0.0137730625457782,0.0523358566874813,0.435256976934545,5.23573456217799,0.00189251243149179,2123,4300876.82535855
racethn_combn,NHAsian,1999-2020,21.2,WTMEC.COMBN,age+gender,employ_status,obese_abd,3424,5846650.67119076,70,quasibinomial (logit),Full-time employed (Intercept),-1.36914067029557,0.139723369286031,1.98585691126209e-14,-1.64299847409619,-1.09528286649495,1.11091563014075,0.351157409168251,1777,3120616.04849598
racethn_combn,NHAsian,1999-2020,21.2,WTMEC.COMBN,age+gender,employ_status,obese_abd,3424,5846650.67119076,70,quasibinomial (logit),Part-time employed,-0.149892678730935,0.17000595531487,0.381192897450458,-0.48310435114808,0.18331899368621,1.11091563014075,0.351157409168251,378,640650.931177132
racethn_combn,NHAsian,1999-2020,21.2,WTMEC.COMBN,age+gender,employ_status,obese_abd,3424,5846650.67119076,70,quasibinomial (logit),Student,-0.261590098160251,0.263522776842168,0.324553800318963,-0.778094740770901,0.254914544450398,1.11091563014075,0.351157409168251,197,282664.634493208
racethn_combn,NHAsian,1999-2020,21.2,WTMEC.COMBN,age+gender,employ_status,obese_abd,3424,5846650.67119076,70,quasibinomial (logit),Unemployed,0.129564970612116,0.110829870929686,0.246655392951924,-0.0876615764100693,0.346791517634301,1.11091563014075,0.351157409168251,1072,1802719.05702443
racethn_combn,Other/Multi-Racial,1999-2020,21.2,WTMEC.COMBN,age+gender,employ_status,obese_abd,1060,3569298.21028511,72,quasibinomial (logit),Full-time employed (Intercept),-0.228268536035003,0.240036298631608,0.345035033716667,-0.698739681352955,0.242202609282949,1.78727833155866,0.157988345764789,462,1747801.5581484
racethn_combn,Other/Multi-Racial,1999-2020,21.2,WTMEC.COMBN,age+gender,employ_status,obese_abd,1060,3569298.21028511,72,quasibinomial (logit),Part-time employed,0.199400408624679,0.269672900875179,0.462237373186122,-0.329158477090671,0.727959294340029,1.78727833155866,0.157988345764789,138,458577.990371528
racethn_combn,Other/Multi-Racial,1999-2020,21.2,WTMEC.COMBN,age+gender,employ_status,obese_abd,1060,3569298.21028511,72,quasibinomial (logit),Student,-0.953870481005858,0.460643259951659,0.0422395225406062,-1.85673127051111,-0.0510096915006063,1.78727833155866,0.157988345764789,40,91614.7762411698
racethn_combn,Other/Multi-Racial,1999-2020,21.2,WTMEC.COMBN,age+gender,employ_status,obese_abd,1060,3569298.21028511,72,quasibinomial (logit),Unemployed,0.064133555723238,0.165405345635134,0.699440753099198,-0.260060921721625,0.388328033168101,1.78727833155866,0.157988345764789,420,1271303.88552402
racethn_combn,NHW,1999-2020,21.2,WTMEC.COMBN,age+gender,employ_status,cvd,26744,152238691.69507,162,quasibinomial (logit),Full-time employed (Intercept),-7.10667438862102,0.141719287695606,1.5574029912029e-98,-7.38444419250441,-6.82890458473764,14.3377697306743,2.64774792095003e-08,11078,79974958.9562356
racethn_combn,NHW,1999-2020,21.2,WTMEC.COMBN,age+gender,employ_status,cvd,26744,152238691.69507,162,quasibinomial (logit),Part-time employed,0.383418327383695,0.125887681534408,0.00272329252776745,0.136678471576255,0.630158183191135,14.3377697306743,2.64774792095003e-08,2807,16277957.2022922
racethn_combn,NHW,1999-2020,21.2,WTMEC.COMBN,age+gender,employ_status,cvd,26744,152238691.69507,162,quasibinomial (logit),Student,0.515723638445948,0.510709190799393,0.3141359841248,-0.485266375520863,1.51671365241276,14.3377697306743,2.64774792095003e-08,506,2626294.96222659
racethn_combn,NHW,1999-2020,21.2,WTMEC.COMBN,age+gender,employ_status,cvd,26744,152238691.69507,162,quasibinomial (logit),Unemployed,0.695372737329358,0.107399183822574,1.15715846365968e-09,0.484870337037113,0.905875137621602,14.3377697306743,2.64774792095003e-08,12353,53359480.5743157
racethn_combn,Other/Multi-Racial/NHAsian,1999-2020,21.2,WTMEC.COMBN,age+gender,employ_status,cvd,1502,6756147.18378954,85,quasibinomial (logit),Full-time employed (Intercept),-7.55087197421641,0.513107120463184,1.79667448896775e-24,-8.55656193032425,-6.54518201810857,646.564130602304,5.7697280577095e-56,700,3784659.89456618
racethn_combn,Other/Multi-Racial/NHAsian,1999-2020,21.2,WTMEC.COMBN,age+gender,employ_status,cvd,1502,6756147.18378954,85,quasibinomial (logit),Part-time employed,0.888819968041554,0.640294380090512,0.168947266262872,-0.36615701693585,2.14379695301896,646.564130602304,5.7697280577095e-56,163,645266.4453552
racethn_combn,Other/Multi-Racial/NHAsian,1999-2020,21.2,WTMEC.COMBN,age+gender,employ_status,cvd,1502,6756147.18378954,85,quasibinomial (logit),Student,-13.2209390097734,0.301497892000966,1.03495903743669e-57,-13.8118748780953,-12.6300031414515,646.564130602304,5.7697280577095e-56,77,257481.858317974
racethn_combn,Other/Multi-Racial/NHAsian,1999-2020,21.2,WTMEC.COMBN,age+gender,employ_status,cvd,1502,6756147.18378954,85,quasibinomial (logit),Unemployed,0.693466103162792,0.555155089471016,0.215256733206094,-0.3946378722004,1.78157007852598,646.564130602304,5.7697280577095e-56,562,2068738.98555019
racethn_combn,NHB,1999-2020,21.2,WTMEC.COMBN,age+gender,employ_status,cvd,13867,25762006.0484469,154,quasibinomial (logit),Full-time employed (Intercept),-6.29595240961015,0.18460469407802,2.83740664491548e-72,-6.65777761000307,-5.93412720921723,41.0546156042994,2.13542553418062e-19,6180,13117256.2733979
racethn_combn,NHB,1999-2020,21.2,WTMEC.COMBN,age+gender,employ_status,cvd,13867,25762006.0484469,154,quasibinomial (logit),Part-time employed,0.0524843744066404,0.25283935313375,0.83584042158841,-0.44308075773551,0.54804950654879,41.0546156042994,2.13542553418062e-19,1285,2360351.79534634
racethn_combn,NHB,1999-2020,21.2,WTMEC.COMBN,age+gender,employ_status,cvd,13867,25762006.0484469,154,quasibinomial (logit),Student,-0.751988500615846,1.01714207348903,0.46087881224882,-2.74558696465435,1.24160996342266,41.0546156042994,2.13542553418062e-19,518,754182.288848992
racethn_combn,NHB,1999-2020,21.2,WTMEC.COMBN,age+gender,employ_status,cvd,13867,25762006.0484469,154,quasibinomial (logit),Unemployed,1.22155487627818,0.114965861239645,5.56020775916531e-20,0.996221788248473,1.44688796430788,41.0546156042994,2.13542553418062e-19,5884,9530215.6908537
racethn_combn,Mexican-American,1999-2020,21.2,WTMEC.COMBN,age+gender,employ_status,cvd,11148,18800923.0802582,146,quasibinomial (logit),Full-time employed (Intercept),-7.54638342449281,0.262865323325547,9.24817112267151e-61,-8.06159945821088,-7.03116739077474,2182.84832578391,6.36468645303303e-118,5446,10935627.9832228
racethn_combn,Mexican-American,1999-2020,21.2,WTMEC.COMBN,age+gender,employ_status,cvd,11148,18800923.0802582,146,quasibinomial (logit),Part-time employed,0.0621948008593468,0.343197508877229,0.856453883685282,-0.610472316540022,0.734861918258716,2182.84832578391,6.36468645303303e-118,1045,1811278.24336404
racethn_combn,Mexican-American,1999-2020,21.2,WTMEC.COMBN,age+gender,employ_status,cvd,11148,18800923.0802582,146,quasibinomial (logit),Student,-11.9807778610041,0.167862181453839,1.47352750611704e-112,-12.3097877366536,-11.6517679853545,2182.84832578391,6.36468645303303e-118,320,463785.223751962
racethn_combn,Mexican-American,1999-2020,21.2,WTMEC.COMBN,age+gender,employ_status,cvd,11148,18800923.0802582,146,quasibinomial (logit),Unemployed,0.90109172006669,0.143905059538001,4.31662269852242e-09,0.619037803372207,1.18314563676117,2182.84832578391,6.36468645303303e-118,4337,5590231.62991932
racethn_combn,Other Hispanic,1999-2020,21.2,WTMEC.COMBN,age+gender,employ_status,cvd,5250,13268488.7155347,140,quasibinomial (logit),Full-time employed (Intercept),-6.8332897745778,0.317551073166716,1.81180287208409e-45,-7.45568987798457,-6.21088967117104,1159.86516518579,3.8892398597528e-96,2476,7357898.39461887
racethn_combn,Other Hispanic,1999-2020,21.2,WTMEC.COMBN,age+gender,employ_status,cvd,5250,13268488.7155347,140,quasibinomial (logit),Part-time employed,0.140083467138044,0.476682721984327,0.76930742290351,-0.794214667951235,1.07438160222732,1159.86516518579,3.8892398597528e-96,508,1248991.16951932
racethn_combn,Other Hispanic,1999-2020,21.2,WTMEC.COMBN,age+gender,employ_status,cvd,5250,13268488.7155347,140,quasibinomial (logit),Student,-12.3899154781609,0.259693458340261,2.21211501922431e-86,-12.8989146565078,-11.880916299814,1159.86516518579,3.8892398597528e-96,143,360722.32603796
racethn_combn,Other Hispanic,1999-2020,21.2,WTMEC.COMBN,age+gender,employ_status,cvd,5250,13268488.7155347,140,quasibinomial (logit),Unemployed,1.150507310726,0.221619956895354,7.49918843270097e-07,0.716132195211102,1.58488242624089,1159.86516518579,3.8892398597528e-96,2123,4300876.82535855
racethn_combn,NHAsian,1999-2020,21.2,WTMEC.COMBN,age+gender,employ_status,cvd,3424,5846650.67119076,70,quasibinomial (logit),Full-time employed (Intercept),-7.87455589907054,0.485451774499386,1.54392809258078e-24,-8.82604137708933,-6.92307042105174,604.876777520354,2.08102126614061e-47,1777,3120616.04849598
racethn_combn,NHAsian,1999-2020,21.2,WTMEC.COMBN,age+gender,employ_status,cvd,3424,5846650.67119076,70,quasibinomial (logit),Part-time employed,-0.436471580389557,0.503580961417413,0.389275162877766,-1.42349026476769,0.550547103988571,604.876777520354,2.08102126614061e-47,378,640650.931177132
racethn_combn,NHAsian,1999-2020,21.2,WTMEC.COMBN,age+gender,employ_status,cvd,3424,5846650.67119076,70,quasibinomial (logit),Student,-12.9615307539496,0.311602110861742,1.45247678587671e-48,-13.5722708912387,-12.3507906166606,604.876777520354,2.08102126614061e-47,197,282664.634493208
racethn_combn,NHAsian,1999-2020,21.2,WTMEC.COMBN,age+gender,employ_status,cvd,3424,5846650.67119076,70,quasibinomial (logit),Unemployed,0.734538332323585,0.29245561262327,0.0145114367220119,0.161325331581976,1.30775133306519,604.876777520354,2.08102126614061e-47,1072,1802719.05702443
racethn_combn,Other/Multi-Racial,1999-2020,21.2,WTMEC.COMBN,age+gender,employ_status,cvd,1060,3569298.21028511,72,quasibinomial (logit),Full-time employed (Intercept),-7.41558438084104,0.680168693759279,1.72259873951174e-16,-8.74871502060923,-6.08245374107285,290.495334492067,2.5197945561158e-38,462,1747801.5581484
racethn_combn,Other/Multi-Racial,1999-2020,21.2,WTMEC.COMBN,age+gender,employ_status,cvd,1060,3569298.21028511,72,quasibinomial (logit),Part-time employed,1.20385898022721,0.548336221236825,0.0315972349914335,0.129119986603033,2.27859797385139,290.495334492067,2.5197945561158e-38,138,458577.990371528
racethn_combn,Other/Multi-Racial,1999-2020,21.2,WTMEC.COMBN,age+gender,employ_status,cvd,1060,3569298.21028511,72,quasibinomial (logit),Student,-12.3165157279542,0.489775095482666,7.65545586655446e-36,-13.2764749151002,-11.3565565408082,290.495334492067,2.5197945561158e-38,40,91614.7762411698
racethn_combn,Other/Multi-Racial,1999-2020,21.2,WTMEC.COMBN,age+gender,employ_status,cvd,1060,3569298.21028511,72,quasibinomial (logit),Unemployed,0.625349296016383,0.616317893911298,0.313921077892351,-0.582633776049761,1.83333236808253,290.495334492067,2.5197945561158e-38,420,1271303.88552402
racethn_combn,NHW,1999-2020,21.2,WTMEC.COMBN,age+gender,employ_status,ascvd,26744,152238691.69507,162,quasibinomial (logit),Full-time employed (Intercept),-6.6858623471162,0.125882839551606,3.10116808545139e-102,-6.93259271263735,-6.43913198159505,31.1219373721285,7.6254994782894e-16,11078,79974958.9562356
racethn_combn,NHW,1999-2020,21.2,WTMEC.COMBN,age+gender,employ_status,ascvd,26744,152238691.69507,162,quasibinomial (logit),Part-time employed,0.455984781800081,0.117288769235338,0.000149000099538981,0.226098794098818,0.685870769501344,31.1219373721285,7.6254994782894e-16,2807,16277957.2022922
racethn_combn,NHW,1999-2020,21.2,WTMEC.COMBN,age+gender,employ_status,ascvd,26744,152238691.69507,162,quasibinomial (logit),Student,0.278804219178765,0.50973022832708,0.58517987349317,-0.720267028342311,1.27787546669984,31.1219373721285,7.6254994782894e-16,506,2626294.96222659
racethn_combn,NHW,1999-2020,21.2,WTMEC.COMBN,age+gender,employ_status,ascvd,26744,152238691.69507,162,quasibinomial (logit),Unemployed,0.882382493056405,0.0936155475137698,5.38581789935516e-17,0.698896019929416,1.06586896618339,31.1219373721285,7.6254994782894e-16,12353,53359480.5743157
racethn_combn,Other/Multi-Racial/NHAsian,1999-2020,21.2,WTMEC.COMBN,age+gender,employ_status,ascvd,1502,6756147.18378954,85,quasibinomial (logit),Full-time employed (Intercept),-7.15301964389432,0.477895717432784,6.61035005912095e-25,-8.08969525006258,-6.21634403772607,591.118543601542,1.79237645156131e-54,700,3784659.89456618
racethn_combn,Other/Multi-Racial/NHAsian,1999-2020,21.2,WTMEC.COMBN,age+gender,employ_status,ascvd,1502,6756147.18378954,85,quasibinomial (logit),Part-time employed,0.755282254447539,0.597457918927693,0.209843596307121,-0.415735266650739,1.92629977554582,591.118543601542,1.79237645156131e-54,163,645266.4453552
racethn_combn,Other/Multi-Racial/NHAsian,1999-2020,21.2,WTMEC.COMBN,age+gender,employ_status,ascvd,1502,6756147.18378954,85,quasibinomial (logit),Student,-12.4100489735026,0.301370594034371,1.28161852998082e-55,-13.00073533781,-11.8193626091952,591.118543601542,1.79237645156131e-54,77,257481.858317974
racethn_combn,Other/Multi-Racial/NHAsian,1999-2020,21.2,WTMEC.COMBN,age+gender,employ_status,ascvd,1502,6756147.18378954,85,quasibinomial (logit),Unemployed,0.898931959476155,0.473372183995334,0.0611699774972813,-0.0288775211546987,1.82674144010701,591.118543601542,1.79237645156131e-54,562,2068738.98555019
racethn_combn,NHB,1999-2020,21.2,WTMEC.COMBN,age+gender,employ_status,ascvd,13867,25762006.0484469,154,quasibinomial (logit),Full-time employed (Intercept),-5.83854003953499,0.144260603392285,2.83412478000273e-82,-6.12129082218387,-5.55578925688611,61.2283888881825,7.49774042824844e-26,6180,13117256.2733979
racethn_combn,NHB,1999-2020,21.2,WTMEC.COMBN,age+gender,employ_status,ascvd,13867,25762006.0484469,154,quasibinomial (logit),Part-time employed,0.0351385300311906,0.211177667536908,0.86807309837522,-0.378769698341149,0.44904675840353,61.2283888881825,7.49774042824844e-26,1285,2360351.79534634
racethn_combn,NHB,1999-2020,21.2,WTMEC.COMBN,age+gender,employ_status,ascvd,13867,25762006.0484469,154,quasibinomial (logit),Student,-0.44784936330028,0.158687269937774,0.00542080068672915,-0.758876412378318,-0.136822314222243,61.2283888881825,7.49774042824844e-26,518,754182.288848992
racethn_combn,NHB,1999-2020,21.2,WTMEC.COMBN,age+gender,employ_status,ascvd,13867,25762006.0484469,154,quasibinomial (logit),Unemployed,1.25313379204406,0.101270812232683,1.22646766935646e-24,1.054643000068,1.45162458402011,61.2283888881825,7.49774042824844e-26,5884,9530215.6908537
racethn_combn,Mexican-American,1999-2020,21.2,WTMEC.COMBN,age+gender,employ_status,ascvd,11148,18800923.0802582,146,quasibinomial (logit),Full-time employed (Intercept),-7.04754989826044,0.227377473366457,8.14189286295467e-65,-7.49320974605869,-6.60189005046218,19.3851981133564,1.39833067171022e-10,5446,10935627.9832228
racethn_combn,Mexican-American,1999-2020,21.2,WTMEC.COMBN,age+gender,employ_status,ascvd,11148,18800923.0802582,146,quasibinomial (logit),Part-time employed,0.111407414043305,0.250477508620146,0.657160671193338,-0.379528502852182,0.602343330938792,19.3851981133564,1.39833067171022e-10,1045,1811278.24336404
racethn_combn,Mexican-American,1999-2020,21.2,WTMEC.COMBN,age+gender,employ_status,ascvd,11148,18800923.0802582,146,quasibinomial (logit),Student,-1.81744949842277,1.00490403439665,0.0726470791770659,-3.78706140584021,0.152162408994668,19.3851981133564,1.39833067171022e-10,320,463785.223751962
racethn_combn,Mexican-American,1999-2020,21.2,WTMEC.COMBN,age+gender,employ_status,ascvd,11148,18800923.0802582,146,quasibinomial (logit),Unemployed,1.1035784508769,0.161604490338724,2.35318844245653e-10,0.786833649813001,1.4203232519408,19.3851981133564,1.39833067171022e-10,4337,5590231.62991932
racethn_combn,Other Hispanic,1999-2020,21.2,WTMEC.COMBN,age+gender,employ_status,ascvd,5250,13268488.7155347,140,quasibinomial (logit),Full-time employed (Intercept),-6.41485174739611,0.279917680460998,2.26421472825991e-48,-6.96349040109967,-5.86621309369255,1331.60790935992,4.83671037081903e-100,2476,7357898.39461887
racethn_combn,Other Hispanic,1999-2020,21.2,WTMEC.COMBN,age+gender,employ_status,ascvd,5250,13268488.7155347,140,quasibinomial (logit),Part-time employed,0.0699492743054224,0.428064572281754,0.870441395757606,-0.769057287366815,0.908955835977659,1331.60790935992,4.83671037081903e-100,508,1248991.16951932
racethn_combn,Other Hispanic,1999-2020,21.2,WTMEC.COMBN,age+gender,employ_status,ascvd,5250,13268488.7155347,140,quasibinomial (logit),Student,-12.6687834021379,0.242329690673721,1.80355554980127e-91,-13.1437495958584,-12.1938172084174,1331.60790935992,4.83671037081903e-100,143,360722.32603796
racethn_combn,Other Hispanic,1999-2020,21.2,WTMEC.COMBN,age+gender,employ_status,ascvd,5250,13268488.7155347,140,quasibinomial (logit),Unemployed,1.33409518055106,0.213904007791525,5.34905883806343e-09,0.914843325279669,1.75334703582245,1331.60790935992,4.83671037081903e-100,2123,4300876.82535855
racethn_combn,NHAsian,1999-2020,21.2,WTMEC.COMBN,age+gender,employ_status,ascvd,3424,5846650.67119076,70,quasibinomial (logit),Full-time employed (Intercept),-7.79233521133856,0.455687253095715,9.49488694049786e-26,-8.68548222740616,-6.89918819527096,5.91355024786304,0.00124416197584538,1777,3120616.04849598
racethn_combn,NHAsian,1999-2020,21.2,WTMEC.COMBN,age+gender,employ_status,ascvd,3424,5846650.67119076,70,quasibinomial (logit),Part-time employed,-0.306809980283138,0.46060931014027,0.507706998139762,-1.20960422815807,0.595984267591791,5.91355024786304,0.00124416197584538,378,640650.931177132
racethn_combn,NHAsian,1999-2020,21.2,WTMEC.COMBN,age+gender,employ_status,ascvd,3424,5846650.67119076,70,quasibinomial (logit),Student,-0.0559564429744478,1.05078087849985,0.957694257169871,-2.11548696483416,2.00357407888526,5.91355024786304,0.00124416197584538,197,282664.634493208
racethn_combn,NHAsian,1999-2020,21.2,WTMEC.COMBN,age+gender,employ_status,ascvd,3424,5846650.67119076,70,quasibinomial (logit),Unemployed,0.946695469665455,0.264852553760977,0.000667957227513075,0.427584464293939,1.46580647503697,5.91355024786304,0.00124416197584538,1072,1802719.05702443
racethn_combn,Other/Multi-Racial,1999-2020,21.2,WTMEC.COMBN,age+gender,employ_status,ascvd,1060,3569298.21028511,72,quasibinomial (logit),Full-time employed (Intercept),-6.8383675697076,0.536984735507875,1.47157640177661e-19,-7.89085765130303,-5.78587748811216,491.41991399663,1.54914266249849e-45,462,1747801.5581484
racethn_combn,Other/Multi-Racial,1999-2020,21.2,WTMEC.COMBN,age+gender,employ_status,ascvd,1060,3569298.21028511,72,quasibinomial (logit),Part-time employed,1.04711679286912,0.425609099864702,0.0164679947841457,0.212922957134303,1.88131062860394,491.41991399663,1.54914266249849e-45,138,458577.990371528
racethn_combn,Other/Multi-Racial,1999-2020,21.2,WTMEC.COMBN,age+gender,employ_status,ascvd,1060,3569298.21028511,72,quasibinomial (logit),Student,-12.9320111998724,0.377561281621832,3.4752510623759e-44,-13.6720313118512,-12.1919910878936,491.41991399663,1.54914266249849e-45,40,91614.7762411698
racethn_combn,Other/Multi-Racial,1999-2020,21.2,WTMEC.COMBN,age+gender,employ_status,ascvd,1060,3569298.21028511,72,quasibinomial (logit),Unemployed,0.520464264594751,0.457131505375759,0.258948172378076,-0.375513485941736,1.41644201513124,491.41991399663,1.54914266249849e-45,420,1271303.88552402
racethn_combn,NHW,1999-2020,21.2,WTMEC.COMBN,age+gender,employ_status,chf,25502,147717874.475766,162,quasibinomial (logit),Full-time employed (Intercept),-8.06309462852958,0.214919170190243,2.78778693155733e-80,-8.48433620210245,-7.6418530549567,2350.68270367359,3.4036189469722e-130,10748,78761986.4199215
racethn_combn,NHW,1999-2020,21.2,WTMEC.COMBN,age+gender,employ_status,chf,25502,147717874.475766,162,quasibinomial (logit),Part-time employed,0.41362156964244,0.236245114217363,0.0819308913102212,-0.0494188542235909,0.87666199350847,2350.68270367359,3.4036189469722e-130,2452,14926234.0737795
racethn_combn,NHW,1999-2020,21.2,WTMEC.COMBN,age+gender,employ_status,chf,25502,147717874.475766,162,quasibinomial (logit),Student,-11.5412417069996,0.168275448293946,6.03647354295818e-119,-11.8710615856557,-11.2114218283434,2350.68270367359,3.4036189469722e-130,267,1714998.45085064
racethn_combn,NHW,1999-2020,21.2,WTMEC.COMBN,age+gender,employ_status,chf,25502,147717874.475766,162,quasibinomial (logit),Unemployed,1.11452150325332,0.174467411938835,1.81565914167742e-09,0.772565375853201,1.45647763065344,2350.68270367359,3.4036189469722e-130,12035,52314655.531214
racethn_combn,NHB,1999-2020,21.2,WTMEC.COMBN,age+gender,employ_status,chf,12642,24634626.929577,153,quasibinomial (logit),Full-time employed (Intercept),-6.52008702433109,0.22493919022325,6.79255938716048e-63,-6.96096783716866,-6.07920621149352,32.8117857139347,2.55634557240216e-16,5946,12916120.2524329
racethn_combn,NHB,1999-2020,21.2,WTMEC.COMBN,age+gender,employ_status,chf,12642,24634626.929577,153,quasibinomial (logit),Part-time employed,0.0765240975626572,0.315852069974845,0.808899946828474,-0.542545959588039,0.695594154713354,32.8117857139347,2.55634557240216e-16,1011,2108614.90835908
racethn_combn,NHB,1999-2020,21.2,WTMEC.COMBN,age+gender,employ_status,chf,12642,24634626.929577,153,quasibinomial (logit),Student,0.424329890852247,0.70500190642694,0.548171786508065,-0.957473845744554,1.80613362744905,32.8117857139347,2.55634557240216e-16,194,441776.339126
racethn_combn,NHB,1999-2020,21.2,WTMEC.COMBN,age+gender,employ_status,chf,12642,24634626.929577,153,quasibinomial (logit),Unemployed,1.51314624834356,0.158511377914783,3.99951969300441e-17,1.20246394763059,1.82382854905654,32.8117857139347,2.55634557240216e-16,5491,9168115.429659
racethn_combn,Mexican-American,1999-2020,21.2,WTMEC.COMBN,age+gender,employ_status,chf,9855,17720940.4626537,140,quasibinomial (logit),Full-time employed (Intercept),-8.67186338036127,0.495690236008342,1.61427895663749e-36,-9.64341624293762,-7.70031051778492,775.420120899136,7.10945496082596e-85,4997,10588468.8023866
racethn_combn,Mexican-American,1999-2020,21.2,WTMEC.COMBN,age+gender,employ_status,chf,9855,17720940.4626537,140,quasibinomial (logit),Part-time employed,0.323946084310018,0.560795773491914,0.564459754443736,-0.775213631734134,1.42310580035417,775.420120899136,7.10945496082596e-85,773,1565334.74108002
racethn_combn,Mexican-American,1999-2020,21.2,WTMEC.COMBN,age+gender,employ_status,chf,9855,17720940.4626537,140,quasibinomial (logit),Student,-11.1798226936291,0.330402370646923,8.355683620163e-68,-11.8274113400971,-10.5322340471611,775.420120899136,7.10945496082596e-85,101,261265.60952466
racethn_combn,Mexican-American,1999-2020,21.2,WTMEC.COMBN,age+gender,employ_status,chf,9855,17720940.4626537,140,quasibinomial (logit),Unemployed,1.16605043036002,0.264312330313909,2.07964840701461e-05,0.647998262944762,1.68410259777529,775.420120899136,7.10945496082596e-85,3984,5305871.30966243
racethn_combn,Other Hispanic,1999-2020,21.2,WTMEC.COMBN,age+gender,employ_status,chf,4929,12726025.5081293,138,quasibinomial (logit),Full-time employed (Intercept),-7.34357188833289,0.592079581974899,5.96165091306439e-24,-8.50404786900369,-6.18309590766209,552.982127888215,6.91568084430904e-75,2407,7240120.21985625
racethn_combn,Other Hispanic,1999-2020,21.2,WTMEC.COMBN,age+gender,employ_status,chf,4929,12726025.5081293,138,quasibinomial (logit),Part-time employed,0.804590136137944,0.650340108041955,0.218198843230867,-0.470076475624287,2.07925674790018,552.982127888215,6.91568084430904e-75,423,1105447.12192206
racethn_combn,Other Hispanic,1999-2020,21.2,WTMEC.COMBN,age+gender,employ_status,chf,4929,12726025.5081293,138,quasibinomial (logit),Student,-11.9042922863639,0.430329909819719,5.11226071185192e-57,-12.7477389096106,-11.0608456631173,552.982127888215,6.91568084430904e-75,61,218125.786269585
racethn_combn,Other Hispanic,1999-2020,21.2,WTMEC.COMBN,age+gender,employ_status,chf,4929,12726025.5081293,138,quasibinomial (logit),Unemployed,1.50283459468416,0.339200442359667,1.9459752689998e-05,0.838001727659217,2.16766746170911,552.982127888215,6.91568084430904e-75,2038,4162332.38008138
racethn_combn,Other/Multi-Racial/NHAsian,1999-2020,21.2,WTMEC.COMBN,age+gender,employ_status,chf,1357,6403256.77534179,84,quasibinomial (logit),Full-time employed (Intercept),-8.39685094867055,0.878270049511881,7.85346644434367e-15,-10.1182602457138,-6.67544165162726,216.424649382233,5.32336488801416e-38,663,3681096.31001632
racethn_combn,Other/Multi-Racial/NHAsian,1999-2020,21.2,WTMEC.COMBN,age+gender,employ_status,chf,1357,6403256.77534179,84,quasibinomial (logit),Part-time employed,2.09953501042421,0.961975082184501,0.0320411493290249,0.214063849342585,3.98500617150583,216.424649382233,5.32336488801416e-38,123,549803.246741793
racethn_combn,Other/Multi-Racial/NHAsian,1999-2020,21.2,WTMEC.COMBN,age+gender,employ_status,chf,1357,6403256.77534179,84,quasibinomial (logit),Student,-12.1130720018215,0.713551459013817,4.43233249078845e-28,-13.5116328614886,-10.7145111421545,216.424649382233,5.32336488801416e-38,43,171810.245550566
racethn_combn,Other/Multi-Racial/NHAsian,1999-2020,21.2,WTMEC.COMBN,age+gender,employ_status,chf,1357,6403256.77534179,84,quasibinomial (logit),Unemployed,1.99052167913672,0.684884102440731,0.00474285972744014,0.648148838352883,3.33289451992055,216.424649382233,5.32336488801416e-38,528,2000546.97303311
racethn_combn,NHAsian,1999-2020,21.2,WTMEC.COMBN,age+gender,employ_status,chf,3254,5682671.87299842,70,quasibinomial (logit),Full-time employed (Intercept),-8.5775436152569,0.772983213103481,1.20734032016576e-16,-10.0925907129397,-7.06249651757408,265.778963947811,2.02791448766743e-36,1765,3110805.04255917
racethn_combn,NHAsian,1999-2020,21.2,WTMEC.COMBN,age+gender,employ_status,chf,3254,5682671.87299842,70,quasibinomial (logit),Part-time employed,-0.581967844818212,1.08657988322763,0.594065732216031,-2.71166441594438,1.54772872630795,265.778963947811,2.02791448766743e-36,335,595225.702096302
racethn_combn,NHAsian,1999-2020,21.2,WTMEC.COMBN,age+gender,employ_status,chf,3254,5682671.87299842,70,quasibinomial (logit),Student,-13.2659914968536,0.503244760404194,2.03126862064824e-36,-14.2523512272459,-12.2796317664614,265.778963947811,2.02791448766743e-36,122,220424.050895642
racethn_combn,NHAsian,1999-2020,21.2,WTMEC.COMBN,age+gender,employ_status,chf,3254,5682671.87299842,70,quasibinomial (logit),Unemployed,0.598440331445436,0.450464053214704,0.188659299631841,-0.284469212855384,1.48134987574625,265.778963947811,2.02791448766743e-36,1032,1756217.0774473
racethn_combn,Other/Multi-Racial,1999-2020,21.2,WTMEC.COMBN,age+gender,employ_status,chf,973,3397310.76474719,69,quasibinomial (logit),Full-time employed (Intercept),-8.03913984959985,1.37523542566079,1.85760598415148e-07,-10.734601283895,-5.34367841530471,76.3756932349912,4.07730318347228e-21,446,1720548.62946853
racethn_combn,Other/Multi-Racial,1999-2020,21.2,WTMEC.COMBN,age+gender,employ_status,chf,973,3397310.76474719,69,quasibinomial (logit),Part-time employed,-2.40169289430398,1.30226992994604,0.0697780973238757,-4.95414195699823,0.150756168390269,76.3756932349912,4.07730318347228e-21,120,398740.176999717
racethn_combn,Other/Multi-Racial,1999-2020,21.2,WTMEC.COMBN,age+gender,employ_status,chf,973,3397310.76474719,69,quasibinomial (logit),Student,-11.6798131608369,0.812243436091862,1.01846711098097e-21,-13.2718102955769,-10.0878160260968,76.3756932349912,4.07730318347228e-21,16,51256.8289315283
racethn_combn,Other/Multi-Racial,1999-2020,21.2,WTMEC.COMBN,age+gender,employ_status,chf,973,3397310.76474719,69,quasibinomial (logit),Unemployed,0.431859540803163,0.811811089974501,0.596588331446537,-1.15929019554686,2.02300927715319,76.3756932349912,4.07730318347228e-21,391,1226765.12934742
racethn_combn,NHW,1999-2020,21.2,WTMEC.COMBN,age+gender,employ_status,mdd,26744,152238691.69507,162,quasibinomial (logit),Full-time employed (Intercept),-2.23310170250629,0.104790725327481,3.41971619437614e-48,-2.43849152414816,-2.02771188086443,64.468027980477,3.19557057820371e-27,11078,79974958.9562356
racethn_combn,NHW,1999-2020,21.2,WTMEC.COMBN,age+gender,employ_status,mdd,26744,152238691.69507,162,quasibinomial (logit),Part-time employed,0.136591999895291,0.139838515106154,0.330178854879928,-0.137491489712771,0.410675489503354,64.468027980477,3.19557057820371e-27,2807,16277957.2022922
racethn_combn,NHW,1999-2020,21.2,WTMEC.COMBN,age+gender,employ_status,mdd,26744,152238691.69507,162,quasibinomial (logit),Student,-0.203879208268656,0.266701278215711,0.445747861334412,-0.726613713571449,0.318855297034138,64.468027980477,3.19557057820371e-27,506,2626294.96222659
racethn_combn,NHW,1999-2020,21.2,WTMEC.COMBN,age+gender,employ_status,mdd,26744,152238691.69507,162,quasibinomial (logit),Unemployed,1.10517775244082,0.0920518960313302,5.68360545130681e-24,0.924756036219411,1.28559946866223,64.468027980477,3.19557057820371e-27,12353,53359480.5743157
racethn_combn,Other/Multi-Racial/NHAsian,1999-2020,21.2,WTMEC.COMBN,age+gender,employ_status,mdd,1502,6756147.18378954,85,quasibinomial (logit),Full-time employed (Intercept),-4.30298701446959,0.596378771411089,2.73059653710091e-10,-5.47188940643532,-3.13408462250385,7.6248535943407,0.000151286301609684,700,3784659.89456618
racethn_combn,Other/Multi-Racial/NHAsian,1999-2020,21.2,WTMEC.COMBN,age+gender,employ_status,mdd,1502,6756147.18378954,85,quasibinomial (logit),Part-time employed,1.23083691059039,0.536144765738115,0.0243103535060513,0.179993169743681,2.28168065143709,7.6248535943407,0.000151286301609684,163,645266.4453552
racethn_combn,Other/Multi-Racial/NHAsian,1999-2020,21.2,WTMEC.COMBN,age+gender,employ_status,mdd,1502,6756147.18378954,85,quasibinomial (logit),Student,1.82847482740764,0.730654637237833,0.0143691317987138,0.396391738421485,3.26055791639379,7.6248535943407,0.000151286301609684,77,257481.858317974
racethn_combn,Other/Multi-Racial/NHAsian,1999-2020,21.2,WTMEC.COMBN,age+gender,employ_status,mdd,1502,6756147.18378954,85,quasibinomial (logit),Unemployed,2.12207837148213,0.445395882788338,8.32768136765765e-06,1.24910244121699,2.99505430174727,7.6248535943407,0.000151286301609684,562,2068738.98555019
racethn_combn,NHB,1999-2020,21.2,WTMEC.COMBN,age+gender,employ_status,mdd,13867,25762006.0484469,154,quasibinomial (logit),Full-time employed (Intercept),-2.59467661057115,0.121438050545233,3.22839640076641e-47,-2.83269518963981,-2.3566580315025,61.8441752722565,4.97407252422486e-26,6180,13117256.2733979
racethn_combn,NHB,1999-2020,21.2,WTMEC.COMBN,age+gender,employ_status,mdd,13867,25762006.0484469,154,quasibinomial (logit),Part-time employed,0.215403859949845,0.164802330931937,0.193211385216144,-0.107608708676752,0.538416428576442,61.8441752722565,4.97407252422486e-26,1285,2360351.79534634
racethn_combn,NHB,1999-2020,21.2,WTMEC.COMBN,age+gender,employ_status,mdd,13867,25762006.0484469,154,quasibinomial (logit),Student,0.373128658948416,0.280282053328813,0.185136316626304,-0.176224165576058,0.922481483472889,61.8441752722565,4.97407252422486e-26,518,754182.288848992
racethn_combn,NHB,1999-2020,21.2,WTMEC.COMBN,age+gender,employ_status,mdd,13867,25762006.0484469,154,quasibinomial (logit),Unemployed,1.21934631256526,0.0937127274631221,2.45617104164159e-26,1.03566936673754,1.40302325839297,61.8441752722565,4.97407252422486e-26,5884,9530215.6908537
racethn_combn,Mexican-American,1999-2020,21.2,WTMEC.COMBN,age+gender,employ_status,mdd,11148,18800923.0802582,146,quasibinomial (logit),Full-time employed (Intercept),-3.51255719532572,0.15101729159637,4.11555607046039e-50,-3.8085510868546,-3.21656330379683,30.6525738896048,2.56153442044031e-15,5446,10935627.9832228
racethn_combn,Mexican-American,1999-2020,21.2,WTMEC.COMBN,age+gender,employ_status,mdd,11148,18800923.0802582,146,quasibinomial (logit),Part-time employed,0.00401657046700147,0.186512328840977,0.982849211835249,-0.361547594061314,0.369580734995317,30.6525738896048,2.56153442044031e-15,1045,1811278.24336404
racethn_combn,Mexican-American,1999-2020,21.2,WTMEC.COMBN,age+gender,employ_status,mdd,11148,18800923.0802582,146,quasibinomial (logit),Student,0.554267131145984,0.303719932352109,0.0701284039024709,-0.0410239362641491,1.14955819855612,30.6525738896048,2.56153442044031e-15,320,463785.223751962
racethn_combn,Mexican-American,1999-2020,21.2,WTMEC.COMBN,age+gender,employ_status,mdd,11148,18800923.0802582,146,quasibinomial (logit),Unemployed,0.959037007377818,0.104312363928579,4.5090491167409e-16,0.754584774077804,1.16348924067783,30.6525738896048,2.56153442044031e-15,4337,5590231.62991932
racethn_combn,Other Hispanic,1999-2020,21.2,WTMEC.COMBN,age+gender,employ_status,mdd,5250,13268488.7155347,140,quasibinomial (logit),Full-time employed (Intercept),-2.58237784831654,0.190987330140295,7.14118312900593e-27,-2.95671301539152,-2.20804268124157,21.6815329985112,1.59755433890861e-11,2476,7357898.39461887
racethn_combn,Other Hispanic,1999-2020,21.2,WTMEC.COMBN,age+gender,employ_status,mdd,5250,13268488.7155347,140,quasibinomial (logit),Part-time employed,0.200107065176349,0.248193311043638,0.421513905690429,-0.286351824469183,0.68656595482188,21.6815329985112,1.59755433890861e-11,508,1248991.16951932
racethn_combn,Other Hispanic,1999-2020,21.2,WTMEC.COMBN,age+gender,employ_status,mdd,5250,13268488.7155347,140,quasibinomial (logit),Student,0.589402916879653,0.414075097845022,0.156921333294663,-0.222184274896589,1.4009901086559,21.6815329985112,1.59755433890861e-11,143,360722.32603796
racethn_combn,Other Hispanic,1999-2020,21.2,WTMEC.COMBN,age+gender,employ_status,mdd,5250,13268488.7155347,140,quasibinomial (logit),Unemployed,1.08110462539324,0.140798573643481,2.9168124546253e-12,0.805139421052013,1.35706982973446,21.6815329985112,1.59755433890861e-11,2123,4300876.82535855
racethn_combn,NHAsian,1999-2020,21.2,WTMEC.COMBN,age+gender,employ_status,mdd,3424,5846650.67119076,70,quasibinomial (logit),Full-time employed (Intercept),-3.76734738766766,0.385924507727115,2.30289207074428e-14,-4.52375942281281,-3.01093535252252,1.24700907787262,0.29998390582105,1777,3120616.04849598
racethn_combn,NHAsian,1999-2020,21.2,WTMEC.COMBN,age+gender,employ_status,mdd,3424,5846650.67119076,70,quasibinomial (logit),Part-time employed,0.390161387901814,0.412840881414559,0.348125688339252,-0.419006739670722,1.19932951547435,1.24700907787262,0.29998390582105,378,640650.931177132
racethn_combn,NHAsian,1999-2020,21.2,WTMEC.COMBN,age+gender,employ_status,mdd,3424,5846650.67119076,70,quasibinomial (logit),Student,0.410883505380399,0.623750910115194,0.512395849586724,-0.811668278445382,1.63343528920618,1.24700907787262,0.29998390582105,197,282664.634493208
racethn_combn,NHAsian,1999-2020,21.2,WTMEC.COMBN,age+gender,employ_status,mdd,3424,5846650.67119076,70,quasibinomial (logit),Unemployed,0.631480521769782,0.329314166939923,0.0595625656577949,-0.0139752454324673,1.27693628897203,1.24700907787262,0.29998390582105,1072,1802719.05702443
racethn_combn,Other/Multi-Racial,1999-2020,21.2,WTMEC.COMBN,age+gender,employ_status,mdd,1060,3569298.21028511,72,quasibinomial (logit),Full-time employed (Intercept),-1.60887209190752,0.29522951605133,7.80669623269899e-07,-2.18752194336813,-1.03022224044691,9.0325591269687,4.19655493965966e-05,462,1747801.5581484
racethn_combn,Other/Multi-Racial,1999-2020,21.2,WTMEC.COMBN,age+gender,employ_status,mdd,1060,3569298.21028511,72,quasibinomial (logit),Part-time employed,-0.112795778662065,0.378709706607706,0.766745144669375,-0.855066803613169,0.629475246289039,9.0325591269687,4.19655493965966e-05,138,458577.990371528
racethn_combn,Other/Multi-Racial,1999-2020,21.2,WTMEC.COMBN,age+gender,employ_status,mdd,1060,3569298.21028511,72,quasibinomial (logit),Student,-0.541422696280745,0.946652146672114,0.569280574425553,-2.39686090375809,1.3140155111966,9.0325591269687,4.19655493965966e-05,40,91614.7762411698
racethn_combn,Other/Multi-Racial,1999-2020,21.2,WTMEC.COMBN,age+gender,employ_status,mdd,1060,3569298.21028511,72,quasibinomial (logit),Unemployed,1.42515505719315,0.286245052856952,4.74276038972438e-06,0.86411475359352,1.98619536079277,9.0325591269687,4.19655493965966e-05,420,1271303.88552402
racethn_combn,NHW,1999-2020,21.2,WTMEC.COMBN,age+gender,employ_status,ckd,26744,152238691.69507,162,quasibinomial (logit),Full-time employed (Intercept),-6.09548870242196,0.166770608002637,1.10542854040267e-78,-6.42235909410713,-5.76861831073679,30.5591517960834,1.28984596403497e-15,11078,79974958.9562356
racethn_combn,NHW,1999-2020,21.2,WTMEC.COMBN,age+gender,employ_status,ckd,26744,152238691.69507,162,quasibinomial (logit),Part-time employed,0.33560764967793,0.149366159344089,0.0260418700532252,0.042849977363516,0.628365321992344,30.5591517960834,1.28984596403497e-15,2807,16277957.2022922
racethn_combn,NHW,1999-2020,21.2,WTMEC.COMBN,age+gender,employ_status,ckd,26744,152238691.69507,162,quasibinomial (logit),Student,0.0680346157112088,0.595034603077047,0.909116550101049,-1.0982332063198,1.23430243774222,30.5591517960834,1.28984596403497e-15,506,2626294.96222659
racethn_combn,NHW,1999-2020,21.2,WTMEC.COMBN,age+gender,employ_status,ckd,26744,152238691.69507,162,quasibinomial (logit),Unemployed,0.8874140765136,0.0940618417166483,5.10588382605965e-17,0.703052866748969,1.07177528627823,30.5591517960834,1.28984596403497e-15,12353,53359480.5743157
racethn_combn,Other/Multi-Racial/NHAsian,1999-2020,21.2,WTMEC.COMBN,age+gender,employ_status,ckd,1502,6756147.18378954,85,quasibinomial (logit),Full-time employed (Intercept),-5.60720736628174,0.59240003371525,1.07278362318396e-14,-6.76831143236363,-4.44610330019985,494.360384544216,1.62457015248677e-51,700,3784659.89456618
racethn_combn,Other/Multi-Racial/NHAsian,1999-2020,21.2,WTMEC.COMBN,age+gender,employ_status,ckd,1502,6756147.18378954,85,quasibinomial (logit),Part-time employed,0.329319607879456,0.802851334740617,0.682764825336305,-1.24426900821215,1.90290822397106,494.360384544216,1.62457015248677e-51,163,645266.4453552
racethn_combn,Other/Multi-Racial/NHAsian,1999-2020,21.2,WTMEC.COMBN,age+gender,employ_status,ckd,1502,6756147.18378954,85,quasibinomial (logit),Student,-13.9461716870024,0.411358830862624,3.15687980381392e-49,-14.7524349954931,-13.1399083785116,494.360384544216,1.62457015248677e-51,77,257481.858317974
racethn_combn,Other/Multi-Racial/NHAsian,1999-2020,21.2,WTMEC.COMBN,age+gender,employ_status,ckd,1502,6756147.18378954,85,quasibinomial (logit),Unemployed,0.518705847795181,0.399291240833935,0.197652753158266,-0.263904984239331,1.30131667982969,494.360384544216,1.62457015248677e-51,562,2068738.98555019
racethn_combn,NHB,1999-2020,21.2,WTMEC.COMBN,age+gender,employ_status,ckd,13867,25762006.0484469,154,quasibinomial (logit),Full-time employed (Intercept),-5.72039348875737,0.13971252023731,5.80518461329652e-83,-5.9942300284225,-5.44655694909225,47.4617786119519,1.37316132607295e-21,6180,13117256.2733979
racethn_combn,NHB,1999-2020,21.2,WTMEC.COMBN,age+gender,employ_status,ckd,13867,25762006.0484469,154,quasibinomial (logit),Part-time employed,0.415292015880543,0.15823644879491,0.00958159600264175,0.105148576242519,0.725435455518566,47.4617786119519,1.37316132607295e-21,1285,2360351.79534634
racethn_combn,NHB,1999-2020,21.2,WTMEC.COMBN,age+gender,employ_status,ckd,13867,25762006.0484469,154,quasibinomial (logit),Student,-0.47818259535253,0.615402889258617,0.438376682363555,-1.68437225829942,0.728007067594359,47.4617786119519,1.37316132607295e-21,518,754182.288848992
racethn_combn,NHB,1999-2020,21.2,WTMEC.COMBN,age+gender,employ_status,ckd,13867,25762006.0484469,154,quasibinomial (logit),Unemployed,1.01700290981734,0.0858044150825791,3.02014675912115e-23,0.848826256255484,1.18517956337919,47.4617786119519,1.37316132607295e-21,5884,9530215.6908537
racethn_combn,Mexican-American,1999-2020,21.2,WTMEC.COMBN,age+gender,employ_status,ckd,11148,18800923.0802582,146,quasibinomial (logit),Full-time employed (Intercept),-5.99526425920654,0.230757534580269,1.29672559660806e-55,-6.44754902698387,-5.54297949142922,17.2096744767907,1.40627872493738e-09,5446,10935627.9832228
racethn_combn,Mexican-American,1999-2020,21.2,WTMEC.COMBN,age+gender,employ_status,ckd,11148,18800923.0802582,146,quasibinomial (logit),Part-time employed,-0.0691261892105751,0.315285439241558,0.826772728537364,-0.687085650124029,0.548833271702879,17.2096744767907,1.40627872493738e-09,1045,1811278.24336404
racethn_combn,Mexican-American,1999-2020,21.2,WTMEC.COMBN,age+gender,employ_status,ckd,11148,18800923.0802582,146,quasibinomial (logit),Student,-0.25338126639886,0.843803772924052,0.764402364583372,-1.90723666133,1.40047412853228,17.2096744767907,1.40627872493738e-09,320,463785.223751962
racethn_combn,Mexican-American,1999-2020,21.2,WTMEC.COMBN,age+gender,employ_status,ckd,11148,18800923.0802582,146,quasibinomial (logit),Unemployed,1.09660861136599,0.164044889437336,4.98492839359489e-10,0.77508062806881,1.41813659466317,17.2096744767907,1.40627872493738e-09,4337,5590231.62991932
racethn_combn,Other Hispanic,1999-2020,21.2,WTMEC.COMBN,age+gender,employ_status,ckd,5250,13268488.7155347,140,quasibinomial (logit),Full-time employed (Intercept),-4.83870415084811,0.478763566058488,3.15422737345349e-18,-5.77708074032275,-3.90032756137347,1060.49271066948,1.29550995852743e-93,2476,7357898.39461887
racethn_combn,Other Hispanic,1999-2020,21.2,WTMEC.COMBN,age+gender,employ_status,ckd,5250,13268488.7155347,140,quasibinomial (logit),Part-time employed,0.152797523836786,0.419921285859968,0.71652296449011,-0.67024819644875,0.975843244122323,1060.49271066948,1.29550995852743e-93,508,1248991.16951932
racethn_combn,Other Hispanic,1999-2020,21.2,WTMEC.COMBN,age+gender,employ_status,ckd,5250,13268488.7155347,140,quasibinomial (logit),Student,-13.5196623501025,0.317553667321076,4.05427521427338e-80,-14.1420675380518,-12.8972571621532,1060.49271066948,1.29550995852743e-93,143,360722.32603796
racethn_combn,Other Hispanic,1999-2020,21.2,WTMEC.COMBN,age+gender,employ_status,ckd,5250,13268488.7155347,140,quasibinomial (logit),Unemployed,0.597459200154236,0.257822210989067,0.0219901815403148,0.0921276666156652,1.10279073369281,1060.49271066948,1.29550995852743e-93,2123,4300876.82535855
racethn_combn,NHAsian,1999-2020,21.2,WTMEC.COMBN,age+gender,employ_status,ckd,3424,5846650.67119076,70,quasibinomial (logit),Full-time employed (Intercept),-6.31521966374729,0.628000690862891,7.13035469643331e-15,-7.54610101783856,-5.08433830965603,2.64782179737754,0.0562608927674831,1777,3120616.04849598
racethn_combn,NHAsian,1999-2020,21.2,WTMEC.COMBN,age+gender,employ_status,ckd,3424,5846650.67119076,70,quasibinomial (logit),Part-time employed,-0.205004553888742,0.541641025696781,0.706301600481168,-1.26662096425443,0.856611856476949,2.64782179737754,0.0562608927674831,378,640650.931177132
racethn_combn,NHAsian,1999-2020,21.2,WTMEC.COMBN,age+gender,employ_status,ckd,3424,5846650.67119076,70,quasibinomial (logit),Student,-0.367456857804391,0.923545627152073,0.692025174631876,-2.17760628702245,1.44269257141367,2.64782179737754,0.0562608927674831,197,282664.634493208
racethn_combn,NHAsian,1999-2020,21.2,WTMEC.COMBN,age+gender,employ_status,ckd,3424,5846650.67119076,70,quasibinomial (logit),Unemployed,0.632936492419925,0.230289243911486,0.0077427397788911,0.181569574353411,1.08430341048644,2.64782179737754,0.0562608927674831,1072,1802719.05702443
racethn_combn,Other/Multi-Racial,1999-2020,21.2,WTMEC.COMBN,age+gender,employ_status,ckd,1060,3569298.21028511,72,quasibinomial (logit),Full-time employed (Intercept),-5.25968452797191,0.812926992376361,1.3287584305046e-08,-6.85302143302958,-3.66634762291425,207.130298534904,8.0216286186491e-34,462,1747801.5581484
racethn_combn,Other/Multi-Racial,1999-2020,21.2,WTMEC.COMBN,age+gender,employ_status,ckd,1060,3569298.21028511,72,quasibinomial (logit),Part-time employed,-0.384654508210336,0.969520511254143,0.692814845337391,-2.28491471026846,1.51560569384778,207.130298534904,8.0216286186491e-34,138,458577.990371528
racethn_combn,Other/Multi-Racial,1999-2020,21.2,WTMEC.COMBN,age+gender,employ_status,ckd,1060,3569298.21028511,72,quasibinomial (logit),Student,-13.3105379210697,0.568053391763948,5.40580766199246e-34,-14.423922568927,-12.1971532732123,207.130298534904,8.0216286186491e-34,40,91614.7762411698
racethn_combn,Other/Multi-Racial,1999-2020,21.2,WTMEC.COMBN,age+gender,employ_status,ckd,1060,3569298.21028511,72,quasibinomial (logit),Unemployed,0.510531069195952,0.839974767992834,0.545379263375756,-1.13581947607,2.15688161446191,207.130298534904,8.0216286186491e-34,420,1271303.88552402
racethn_combn,NHW,1999-2020,21.2,WTMEC.COMBN,age+gender,employ_status,ckd_gfr_gte3,23952,145027009.730344,162,quasibinomial (logit),Full-time employed (Intercept),-9.39073383359786,0.280687138195303,2.46451097175489e-73,-9.94088062446066,-8.84058704273507,869.657542538887,1.52228219179627e-97,10125,76892858.6907969
racethn_combn,NHW,1999-2020,21.2,WTMEC.COMBN,age+gender,employ_status,ckd_gfr_gte3,23952,145027009.730344,162,quasibinomial (logit),Part-time employed,0.309559695902594,0.11890372586256,0.010114095390159,0.0765083932119762,0.542610998593212,869.657542538887,1.52228219179627e-97,2580,15559826.4093797
racethn_combn,NHW,1999-2020,21.2,WTMEC.COMBN,age+gender,employ_status,ckd_gfr_gte3,23952,145027009.730344,162,quasibinomial (logit),Student,-11.3277372729686,0.234971333453743,5.19669352375808e-96,-11.788281086538,-10.8671934593993,869.657542538887,1.52228219179627e-97,444,2387191.1832464
racethn_combn,NHW,1999-2020,21.2,WTMEC.COMBN,age+gender,employ_status,ckd_gfr_gte3,23952,145027009.730344,162,quasibinomial (logit),Unemployed,0.506564880490012,0.103517727632134,2.43515753915073e-06,0.30367013433103,0.709459626648994,869.657542538887,1.52228219179627e-97,10803,50187133.4469207
racethn_combn,Other/Multi-Racial/NHAsian,1999-2020,21.2,WTMEC.COMBN,age+gender,employ_status,ckd_gfr_gte3,1302,6257750.71923048,85,quasibinomial (logit),Full-time employed (Intercept),-7.82056359961275,0.95596599654162,3.57593716814674e-12,-9.69425695283433,-5.94687024639118,177.278508566205,3.06267333967239e-35,621,3549720.28803495
racethn_combn,Other/Multi-Racial/NHAsian,1999-2020,21.2,WTMEC.COMBN,age+gender,employ_status,ckd_gfr_gte3,1302,6257750.71923048,85,quasibinomial (logit),Part-time employed,-0.652794012269352,0.859109135776031,0.449577735176884,-2.33664791839037,1.03105989385167,177.278508566205,3.06267333967239e-35,139,587530.043002275
racethn_combn,Other/Multi-Racial/NHAsian,1999-2020,21.2,WTMEC.COMBN,age+gender,employ_status,ckd_gfr_gte3,1302,6257750.71923048,85,quasibinomial (logit),Student,-12.6098740880754,0.611734634355442,9.56310785318428e-34,-13.808873971412,-11.4108742047387,177.278508566205,3.06267333967239e-35,67,217753.413160427
racethn_combn,Other/Multi-Racial/NHAsian,1999-2020,21.2,WTMEC.COMBN,age+gender,employ_status,ckd_gfr_gte3,1302,6257750.71923048,85,quasibinomial (logit),Unemployed,0.264034359507844,0.329189508798452,0.424886315322027,-0.381177077737121,0.909245796752809,177.278508566205,3.06267333967239e-35,475,1902746.97503283
racethn_combn,NHB,1999-2020,21.2,WTMEC.COMBN,age+gender,employ_status,ckd_gfr_gte3,11838,23010398.728668,153,quasibinomial (logit),Full-time employed (Intercept),-7.58508771471968,0.145671572705003,4.61344872716326e-97,-7.87060399722149,-7.29957143221788,25.0301487617185,3.71695802585626e-13,5328,11831465.7305453
racethn_combn,NHB,1999-2020,21.2,WTMEC.COMBN,age+gender,employ_status,ckd_gfr_gte3,11838,23010398.728668,153,quasibinomial (logit),Part-time employed,0.384085074285379,0.137907101034983,0.00605131549082269,0.113787156256812,0.654382992313947,25.0301487617185,3.71695802585626e-13,1108,2113061.57007163
racethn_combn,NHB,1999-2020,21.2,WTMEC.COMBN,age+gender,employ_status,ckd_gfr_gte3,11838,23010398.728668,153,quasibinomial (logit),Student,0.138170319615957,0.74328410444674,0.85278425486684,-1.31866652509965,1.59500716433157,25.0301487617185,3.71695802585626e-13,448,680056.212664149
racethn_combn,NHB,1999-2020,21.2,WTMEC.COMBN,age+gender,employ_status,ckd_gfr_gte3,11838,23010398.728668,153,quasibinomial (logit),Unemployed,0.742279492736924,0.0887493169843224,4.14456341778025e-14,0.568330831447652,0.916228154026196,25.0301487617185,3.71695802585626e-13,4954,8385815.21538686
racethn_combn,Mexican-American,1999-2020,21.2,WTMEC.COMBN,age+gender,employ_status,ckd_gfr_gte3,10094,17889016.7525541,146,quasibinomial (logit),Full-time employed (Intercept),-9.35777202146335,0.328552176567117,2.3985414605198e-60,-10.0017342875349,-8.71380975539181,1190.37299582203,6.79460491120886e-100,4961,10433392.9124642
racethn_combn,Mexican-American,1999-2020,21.2,WTMEC.COMBN,age+gender,employ_status,ckd_gfr_gte3,10094,17889016.7525541,146,quasibinomial (logit),Part-time employed,0.00876316749261858,0.33360368601461,0.979080561796635,-0.645100057096017,0.662626392081254,1190.37299582203,6.79460491120886e-100,957,1740556.86878692
racethn_combn,Mexican-American,1999-2020,21.2,WTMEC.COMBN,age+gender,employ_status,ckd_gfr_gte3,10094,17889016.7525541,146,quasibinomial (logit),Student,-11.7629425019137,0.241397705315694,4.12355644520886e-90,-12.2360820043324,-11.2898029994949,1190.37299582203,6.79460491120886e-100,297,422603.292604679
racethn_combn,Mexican-American,1999-2020,21.2,WTMEC.COMBN,age+gender,employ_status,ckd_gfr_gte3,10094,17889016.7525541,146,quasibinomial (logit),Unemployed,1.02978892518016,0.200371259438445,9.02251838958445e-07,0.637061256680805,1.42251659367951,1190.37299582203,6.79460491120886e-100,3879,5292463.6786983
racethn_combn,Other Hispanic,1999-2020,21.2,WTMEC.COMBN,age+gender,employ_status,ckd_gfr_gte3,4679,12513536.5842791,138,quasibinomial (logit),Full-time employed (Intercept),-8.56143368704777,0.667633358738176,5.24873708613892e-25,-9.8699950701746,-7.25287230392095,188.714729325951,9.85557103404356e-48,2229,6999723.62713219
racethn_combn,Other Hispanic,1999-2020,21.2,WTMEC.COMBN,age+gender,employ_status,ckd_gfr_gte3,4679,12513536.5842791,138,quasibinomial (logit),Part-time employed,-0.852899102633708,0.591267650765903,0.151514366418986,-2.01178369813488,0.305985492867462,188.714729325951,9.85557103404356e-48,457,1178885.18553206
racethn_combn,Other Hispanic,1999-2020,21.2,WTMEC.COMBN,age+gender,employ_status,ckd_gfr_gte3,4679,12513536.5842791,138,quasibinomial (logit),Student,-13.265290148684,0.615100884548847,2.97755338199191e-45,-14.4708878823998,-12.0596924149683,188.714729325951,9.85557103404356e-48,128,339248.909705941
racethn_combn,Other Hispanic,1999-2020,21.2,WTMEC.COMBN,age+gender,employ_status,ckd_gfr_gte3,4679,12513536.5842791,138,quasibinomial (logit),Unemployed,0.0537086222365016,0.279963560761453,0.848158967869162,-0.495019956855947,0.60243720132895,188.714729325951,9.85557103404356e-48,1865,3995678.86190891
racethn_combn,NHAsian,1999-2020,21.2,WTMEC.COMBN,age+gender,employ_status,ckd_gfr_gte3,2954,5372597.20726447,70,quasibinomial (logit),Full-time employed (Intercept),-9.39509750343363,1.39544656915594,5.13312976254748e-09,-12.1301727789793,-6.66002222788799,181.546863556375,1.5646954143919e-31,1552,2894089.52231347
racethn_combn,NHAsian,1999-2020,21.2,WTMEC.COMBN,age+gender,employ_status,ckd_gfr_gte3,2954,5372597.20726447,70,quasibinomial (logit),Part-time employed,-1.44311687271476,0.7348521928385,0.053830736058024,-2.88342717067822,-0.00280657475129864,181.546863556375,1.5646954143919e-31,337,616145.045056529
racethn_combn,NHAsian,1999-2020,21.2,WTMEC.COMBN,age+gender,employ_status,ckd_gfr_gte3,2954,5372597.20726447,70,quasibinomial (logit),Student,-12.3945997685197,0.54569087579292,1.27344698344961e-32,-13.4641538850738,-11.3250456519656,181.546863556375,1.5646954143919e-31,163,245689.579925
racethn_combn,NHAsian,1999-2020,21.2,WTMEC.COMBN,age+gender,employ_status,ckd_gfr_gte3,2954,5372597.20726447,70,quasibinomial (logit),Unemployed,0.234262903629694,0.356885044149748,0.513877547214834,-0.465231782903813,0.933757590163201,181.546863556375,1.5646954143919e-31,902,1616673.05996947
racethn_combn,Other/Multi-Racial,1999-2020,21.2,WTMEC.COMBN,age+gender,employ_status,ckd_gfr_gte3,939,3385507.68305562,71,quasibinomial (logit),Full-time employed (Intercept),-10.0225830433628,1.07461288885367,1.14745409928996e-13,-12.128824305516,-7.91634178120961,81.7024034653961,3.51113947330148e-22,412,1658566.25934185
racethn_combn,Other/Multi-Racial,1999-2020,21.2,WTMEC.COMBN,age+gender,employ_status,ckd_gfr_gte3,939,3385507.68305562,71,quasibinomial (logit),Part-time employed,0.410282194304568,0.976257604634435,0.675660519805942,-1.50318271077892,2.32374709938806,81.7024034653961,3.51113947330148e-22,127,445245.953999906
racethn_combn,Other/Multi-Racial,1999-2020,21.2,WTMEC.COMBN,age+gender,employ_status,ckd_gfr_gte3,939,3385507.68305562,71,quasibinomial (logit),Student,-10.2398629683032,0.752957937462296,8.19018482946417e-21,-11.7156605257293,-8.76406541087711,81.7024034653961,3.51113947330148e-22,36,87299.4174854151
racethn_combn,Other/Multi-Racial,1999-2020,21.2,WTMEC.COMBN,age+gender,employ_status,ckd_gfr_gte3,939,3385507.68305562,71,quasibinomial (logit),Unemployed,0.939287751667647,0.586657727758509,0.114134611114587,-0.21056139473903,2.08913689807433,81.7024034653961,3.51113947330148e-22,364,1194396.05222845
racethn_combn,NHW,1999-2020,21.2,WTMEC.COMBN,age+gender,employ_status,ckd_any,24982,150879959.635737,162,quasibinomial (logit),Full-time employed (Intercept),-3.17027068756123,0.0692420552562343,1.00150732675177e-92,-3.30598511586345,-3.03455625925901,5.95451373085972,0.000716314729174452,10477,79375236.1459185
racethn_combn,NHW,1999-2020,21.2,WTMEC.COMBN,age+gender,employ_status,ckd_any,24982,150879959.635737,162,quasibinomial (logit),Part-time employed,-0.0376783365980301,0.0559602916226553,0.501743292034379,-0.147360508178435,0.0720038349823744,5.95451373085972,0.000716314729174452,2681,16166962.4928055
racethn_combn,NHW,1999-2020,21.2,WTMEC.COMBN,age+gender,employ_status,ckd_any,24982,150879959.635737,162,quasibinomial (logit),Student,0.439377740203031,0.144536361162205,0.00277332399386104,0.156086472325109,0.722669008080954,5.95451373085972,0.000716314729174452,478,2588261.80203236
racethn_combn,NHW,1999-2020,21.2,WTMEC.COMBN,age+gender,employ_status,ckd_any,24982,150879959.635737,162,quasibinomial (logit),Unemployed,0.137164900713476,0.0425213954536811,0.00152885664421087,0.0538229656242612,0.220506835802691,5.95451373085972,0.000716314729174452,11346,52749499.194981
racethn_combn,Other/Multi-Racial/NHAsian,1999-2020,21.2,WTMEC.COMBN,age+gender,employ_status,ckd_any,1387,6632188.4113819,85,quasibinomial (logit),Full-time employed (Intercept),-3.38793760026549,0.289538771126882,5.22119335113921e-19,-3.95543359167417,-2.8204416088568,5.86956659853069,0.00112730893810851,654,3718571.09602627
racethn_combn,Other/Multi-Racial/NHAsian,1999-2020,21.2,WTMEC.COMBN,age+gender,employ_status,ckd_any,1387,6632188.4113819,85,quasibinomial (logit),Part-time employed,0.118736993741201,0.280859446666752,0.673602366539005,-0.431747521725632,0.669221509208034,5.86956659853069,0.00112730893810851,150,631269.894026237
racethn_combn,Other/Multi-Racial/NHAsian,1999-2020,21.2,WTMEC.COMBN,age+gender,employ_status,ckd_any,1387,6632188.4113819,85,quasibinomial (logit),Student,0.260867964936412,0.388274774093472,0.503605753253254,-0.500150592286792,1.02188652215962,5.86956659853069,0.00112730893810851,72,245737.128196559
racethn_combn,Other/Multi-Racial/NHAsian,1999-2020,21.2,WTMEC.COMBN,age+gender,employ_status,ckd_any,1387,6632188.4113819,85,quasibinomial (logit),Unemployed,0.619962609278192,0.149694533413087,8.49457543084368e-05,0.326561323788541,0.913363894767842,5.86956659853069,0.00112730893810851,511,2036610.29313283
racethn_combn,NHB,1999-2020,21.2,WTMEC.COMBN,age+gender,employ_status,ckd_any,13056,25337381.5775005,154,quasibinomial (logit),Full-time employed (Intercept),-2.55789400458791,0.0802464032456476,2.01230394751672e-68,-2.71517695494938,-2.40061105422645,1.61613215436169,0.188066586614701,5817,12915923.5433492
racethn_combn,NHB,1999-2020,21.2,WTMEC.COMBN,age+gender,employ_status,ckd_any,13056,25337381.5775005,154,quasibinomial (logit),Part-time employed,-0.0487942464658102,0.0736440323269459,0.508630271911028,-0.193136549826624,0.0955480568950038,1.61613215436169,0.188066586614701,1230,2332531.83798388
racethn_combn,NHB,1999-2020,21.2,WTMEC.COMBN,age+gender,employ_status,ckd_any,13056,25337381.5775005,154,quasibinomial (logit),Student,0.101515954556137,0.131192169645157,0.440277520859355,-0.155620697948371,0.358652607060645,1.61613215436169,0.188066586614701,489,743820.103911572
racethn_combn,NHB,1999-2020,21.2,WTMEC.COMBN,age+gender,employ_status,ckd_any,13056,25337381.5775005,154,quasibinomial (logit),Unemployed,0.0649784029355781,0.0443599240699574,0.145082400120395,-0.0219670482415384,0.151923854112695,1.61613215436169,0.188066586614701,5520,9345106.09225585
racethn_combn,Mexican-American,1999-2020,21.2,WTMEC.COMBN,age+gender,employ_status,ckd_any,10546,18641493.3005928,146,quasibinomial (logit),Full-time employed (Intercept),-3.64115137127296,0.108829158920541,6.10863858878997e-69,-3.85445652275722,-3.4278462197887,7.39272580441506,0.000123287604951613,5168,10861165.4361976
racethn_combn,Mexican-American,1999-2020,21.2,WTMEC.COMBN,age+gender,employ_status,ckd_any,10546,18641493.3005928,146,quasibinomial (logit),Part-time employed,0.100188610386258,0.11172735678484,0.371394653918826,-0.118797008912028,0.319174229684543,7.39272580441506,0.000123287604951613,998,1797626.03468968
racethn_combn,Mexican-American,1999-2020,21.2,WTMEC.COMBN,age+gender,employ_status,ckd_any,10546,18641493.3005928,146,quasibinomial (logit),Student,0.68167093161693,0.209292025681151,0.00141038713244113,0.271458561281875,1.09188330195198,7.39272580441506,0.000123287604951613,312,455084.804572434
racethn_combn,Mexican-American,1999-2020,21.2,WTMEC.COMBN,age+gender,employ_status,ckd_any,10546,18641493.3005928,146,quasibinomial (logit),Unemployed,0.245481344414025,0.0709286445715332,0.000712579384574517,0.10646120105382,0.38450148777423,7.39272580441506,0.000123287604951613,4068,5527617.02513304
racethn_combn,Other Hispanic,1999-2020,21.2,WTMEC.COMBN,age+gender,employ_status,ckd_any,4933,13135648.5589403,140,quasibinomial (logit),Full-time employed (Intercept),-3.31119423085649,0.156795050700134,1.28720059596174e-44,-3.61851253022875,-3.00387593148422,3.86380060810408,0.0108848055559435,2332,7292286.99264432
racethn_combn,Other Hispanic,1999-2020,21.2,WTMEC.COMBN,age+gender,employ_status,ckd_any,4933,13135648.5589403,140,quasibinomial (logit),Part-time employed,0.140645276134408,0.16660582293557,0.400062369726571,-0.18590213681931,0.467192689088126,3.86380060810408,0.0108848055559435,481,1239135.62062536
racethn_combn,Other Hispanic,1999-2020,21.2,WTMEC.COMBN,age+gender,employ_status,ckd_any,4933,13135648.5589403,140,quasibinomial (logit),Student,0.658098967359303,0.36561074815972,0.0740938790940754,-0.0584980990337478,1.37469603375235,3.86380060810408,0.0108848055559435,135,352246.778366828
racethn_combn,Other Hispanic,1999-2020,21.2,WTMEC.COMBN,age+gender,employ_status,ckd_any,4933,13135648.5589403,140,quasibinomial (logit),Unemployed,0.312042384628892,0.10744755757653,0.00430386608221937,0.101445171778893,0.522639597478891,3.86380060810408,0.0108848055559435,1985,4251979.16730379
racethn_combn,NHAsian,1999-2020,21.2,WTMEC.COMBN,age+gender,employ_status,ckd_any,3189,5783048.43406096,70,quasibinomial (logit),Full-time employed (Intercept),-4.38506091414354,0.18913106621836,3.86843381568832e-33,-4.75575780393152,-4.01436402435555,1.6514881878685,0.186172097024532,1656,3088720.73006894
racethn_combn,NHAsian,1999-2020,21.2,WTMEC.COMBN,age+gender,employ_status,ckd_any,3189,5783048.43406096,70,quasibinomial (logit),Part-time employed,0.198704384867811,0.190780090940019,0.301485273762395,-0.175224593374627,0.572633363110248,1.6514881878685,0.186172097024532,353,639175.680575245
racethn_combn,NHAsian,1999-2020,21.2,WTMEC.COMBN,age+gender,employ_status,ckd_any,3189,5783048.43406096,70,quasibinomial (logit),Student,0.247710988675223,0.308290981665137,0.424615954453923,-0.356539335388446,0.851961312738892,1.6514881878685,0.186172097024532,185,279030.656616377
racethn_combn,NHAsian,1999-2020,21.2,WTMEC.COMBN,age+gender,employ_status,ckd_any,3189,5783048.43406096,70,quasibinomial (logit),Unemployed,0.245342283201423,0.114891256061711,0.0364990002712063,0.0201554213204695,0.470529145082377,1.6514881878685,0.186172097024532,995,1776121.3668004
racethn_combn,Other/Multi-Racial,1999-2020,21.2,WTMEC.COMBN,age+gender,employ_status,ckd_any,1002,3561782.11295462,72,quasibinomial (logit),Full-time employed (Intercept),-3.39863230560777,0.277381050809236,9.08509831130355e-19,-3.94229916519387,-2.85496544602167,2.95777803312651,0.0385312742968321,437,1747103.85657496
racethn_combn,Other/Multi-Racial,1999-2020,21.2,WTMEC.COMBN,age+gender,employ_status,ckd_any,1002,3561782.11295462,72,quasibinomial (logit),Part-time employed,0.241810783090178,0.321564331631952,0.454695180259737,-0.388455306908449,0.872076873088805,2.95777803312651,0.0385312742968321,131,452521.344311076
racethn_combn,Other/Multi-Racial,1999-2020,21.2,WTMEC.COMBN,age+gender,employ_status,ckd_any,1002,3561782.11295462,72,quasibinomial (logit),Student,-0.573959326197806,0.642511680010834,0.374891016157607,-1.83328221901904,0.685363566623429,2.95777803312651,0.0385312742968321,39,91614.7762411698
racethn_combn,Other/Multi-Racial,1999-2020,21.2,WTMEC.COMBN,age+gender,employ_status,ckd_any,1002,3561782.11295462,72,quasibinomial (logit),Unemployed,0.495162048072174,0.20729551898009,0.0197330250513379,0.0888628308711966,0.90146126527315,2.95777803312651,0.0385312742968321,395,1270542.13582742
racethn_combn,NHW,1999-2020,21.2,WTMEC.COMBN,age+gender,employ_status,copd,26744,152238691.69507,162,quasibinomial (logit),Full-time employed (Intercept),-3.47536385961244,0.0884651136457532,4.03170542002555e-83,-3.64875548235812,-3.30197223686676,41.0345372631819,1.23162568055666e-19,11078,79974958.9562356
racethn_combn,NHW,1999-2020,21.2,WTMEC.COMBN,age+gender,employ_status,copd,26744,152238691.69507,162,quasibinomial (logit),Part-time employed,0.08701947307174,0.113286442914585,0.443559796664974,-0.135021955040847,0.309060901184327,41.0345372631819,1.23162568055666e-19,2807,16277957.2022922
racethn_combn,NHW,1999-2020,21.2,WTMEC.COMBN,age+gender,employ_status,copd,26744,152238691.69507,162,quasibinomial (logit),Student,-0.166626271370299,0.298193127926702,0.577103617285416,-0.751084802106635,0.417832259366038,41.0345372631819,1.23162568055666e-19,506,2626294.96222659
racethn_combn,NHW,1999-2020,21.2,WTMEC.COMBN,age+gender,employ_status,copd,26744,152238691.69507,162,quasibinomial (logit),Unemployed,0.7602826934801,0.0741879899765943,3.4384067032877e-19,0.614874233125975,0.905691153834224,41.0345372631819,1.23162568055666e-19,12353,53359480.5743157
racethn_combn,Other/Multi-Racial/NHAsian,1999-2020,21.2,WTMEC.COMBN,age+gender,employ_status,copd,1502,6756147.18378954,85,quasibinomial (logit),Full-time employed (Intercept),-4.47455162974907,0.490342120724854,4.9818478220496e-14,-5.43562218636978,-3.51348107312835,871.577644968209,5.67689650982005e-61,700,3784659.89456618
racethn_combn,Other/Multi-Racial/NHAsian,1999-2020,21.2,WTMEC.COMBN,age+gender,employ_status,copd,1502,6756147.18378954,85,quasibinomial (logit),Part-time employed,0.0717824491362448,0.566136241336118,0.899421910958386,-1.03784458388255,1.18140948215504,871.577644968209,5.67689650982005e-61,163,645266.4453552
racethn_combn,Other/Multi-Racial/NHAsian,1999-2020,21.2,WTMEC.COMBN,age+gender,employ_status,copd,1502,6756147.18378954,85,quasibinomial (logit),Student,-13.8459383498015,0.311554778545787,3.70025729791132e-58,-14.4565857157512,-13.2352909838517,871.577644968209,5.67689650982005e-61,77,257481.858317974
racethn_combn,Other/Multi-Racial/NHAsian,1999-2020,21.2,WTMEC.COMBN,age+gender,employ_status,copd,1502,6756147.18378954,85,quasibinomial (logit),Unemployed,0.717618076391788,0.309324949801255,0.0228934742411396,0.111341174781329,1.32389497800225,871.577644968209,5.67689650982005e-61,562,2068738.98555019
racethn_combn,NHB,1999-2020,21.2,WTMEC.COMBN,age+gender,employ_status,copd,13867,25762006.0484469,154,quasibinomial (logit),Full-time employed (Intercept),-3.67394861505404,0.166871710534346,1.07746454605299e-48,-4.00101716770136,-3.34688006240672,32.8276989942297,2.38858146538313e-16,6180,13117256.2733979
racethn_combn,NHB,1999-2020,21.2,WTMEC.COMBN,age+gender,employ_status,copd,13867,25762006.0484469,154,quasibinomial (logit),Part-time employed,0.0513082851665329,0.18318991628031,0.779802696657384,-0.307743950742875,0.410360521075941,32.8276989942297,2.38858146538313e-16,1285,2360351.79534634
racethn_combn,NHB,1999-2020,21.2,WTMEC.COMBN,age+gender,employ_status,copd,13867,25762006.0484469,154,quasibinomial (logit),Student,-0.636280805913028,0.653436566548888,0.331761183764551,-1.91701647634885,0.644454864522793,32.8276989942297,2.38858146538313e-16,518,754182.288848992
racethn_combn,NHB,1999-2020,21.2,WTMEC.COMBN,age+gender,employ_status,copd,13867,25762006.0484469,154,quasibinomial (logit),Unemployed,0.737413805966257,0.0802157245046914,3.1198082720759e-16,0.580190985937062,0.894636625995452,32.8276989942297,2.38858146538313e-16,5884,9530215.6908537
racethn_combn,Mexican-American,1999-2020,21.2,WTMEC.COMBN,age+gender,employ_status,copd,11148,18800923.0802582,146,quasibinomial (logit),Full-time employed (Intercept),-5.27680518059981,0.229431380904625,1.44480162324734e-49,-5.72649068717288,-4.82711967402675,8.71422692615035,2.41999805630461e-05,5446,10935627.9832228
racethn_combn,Mexican-American,1999-2020,21.2,WTMEC.COMBN,age+gender,employ_status,copd,11148,18800923.0802582,146,quasibinomial (logit),Part-time employed,0.634337009816822,0.283682732609495,0.0269174993911872,0.078318853902212,1.19035516573143,8.71422692615035,2.41999805630461e-05,1045,1811278.24336404
racethn_combn,Mexican-American,1999-2020,21.2,WTMEC.COMBN,age+gender,employ_status,copd,11148,18800923.0802582,146,quasibinomial (logit),Student,0.663603391637989,0.552692517669289,0.231890999912211,-0.419673942993818,1.7468807262698,8.71422692615035,2.41999805630461e-05,320,463785.223751962
racethn_combn,Mexican-American,1999-2020,21.2,WTMEC.COMBN,age+gender,employ_status,copd,11148,18800923.0802582,146,quasibinomial (logit),Unemployed,0.80038657417399,0.162140494374201,2.215323185107e-06,0.482591205200556,1.11818194314742,8.71422692615035,2.41999805630461e-05,4337,5590231.62991932
racethn_combn,Other Hispanic,1999-2020,21.2,WTMEC.COMBN,age+gender,employ_status,copd,5250,13268488.7155347,140,quasibinomial (logit),Full-time employed (Intercept),-3.88172744630128,0.315316696834437,8.09106036652691e-24,-4.49974817209677,-3.26370672050578,5.9666223481574,0.000751587879182238,2476,7357898.39461887
racethn_combn,Other Hispanic,1999-2020,21.2,WTMEC.COMBN,age+gender,employ_status,copd,5250,13268488.7155347,140,quasibinomial (logit),Part-time employed,0.501630427636942,0.304229226021752,0.10150216970806,-0.0946588553656921,1.09791971063958,5.9666223481574,0.000751587879182238,508,1248991.16951932
racethn_combn,Other Hispanic,1999-2020,21.2,WTMEC.COMBN,age+gender,employ_status,copd,5250,13268488.7155347,140,quasibinomial (logit),Student,-2.20804838511648,0.74527974849391,0.00360492435139443,-3.66879669216454,-0.747300078068418,5.9666223481574,0.000751587879182238,143,360722.32603796
racethn_combn,Other Hispanic,1999-2020,21.2,WTMEC.COMBN,age+gender,employ_status,copd,5250,13268488.7155347,140,quasibinomial (logit),Unemployed,0.607986961037104,0.213381258718051,0.00506872229410092,0.189759693949724,1.02621422812448,5.9666223481574,0.000751587879182238,2123,4300876.82535855
racethn_combn,NHAsian,1999-2020,21.2,WTMEC.COMBN,age+gender,employ_status,copd,3424,5846650.67119076,70,quasibinomial (logit),Full-time employed (Intercept),-6.28032139744697,0.51652199326866,2.12923722201061e-18,-7.29270450425354,-5.2679382906404,0.785742349033746,0.506202678159381,1777,3120616.04849598
racethn_combn,NHAsian,1999-2020,21.2,WTMEC.COMBN,age+gender,employ_status,copd,3424,5846650.67119076,70,quasibinomial (logit),Part-time employed,0.170356502411698,0.482587057877772,0.725225595030568,-0.775514131028736,1.11622713585213,0.785742349033746,0.506202678159381,378,640650.931177132
racethn_combn,NHAsian,1999-2020,21.2,WTMEC.COMBN,age+gender,employ_status,copd,3424,5846650.67119076,70,quasibinomial (logit),Student,0.77372974753916,1.04483392364342,0.461645813176463,-1.27414474280195,2.82160423788027,0.785742349033746,0.506202678159381,197,282664.634493208
racethn_combn,NHAsian,1999-2020,21.2,WTMEC.COMBN,age+gender,employ_status,copd,3424,5846650.67119076,70,quasibinomial (logit),Unemployed,0.524605690260829,0.366328231086703,0.156916794889889,-0.193397642669109,1.24260902319077,0.785742349033746,0.506202678159381,1072,1802719.05702443
racethn_combn,Other/Multi-Racial,1999-2020,21.2,WTMEC.COMBN,age+gender,employ_status,copd,1060,3569298.21028511,72,quasibinomial (logit),Full-time employed (Intercept),-3.45895705619378,0.43951822916063,4.13055143613314e-11,-4.32041278534862,-2.59750132703895,791.165497722485,3.21299829449599e-52,462,1747801.5581484
racethn_combn,Other/Multi-Racial,1999-2020,21.2,WTMEC.COMBN,age+gender,employ_status,copd,1060,3569298.21028511,72,quasibinomial (logit),Part-time employed,-0.0224120605812517,0.538636046028675,0.966934216045375,-1.07813871079745,1.03331458963495,791.165497722485,3.21299829449599e-52,138,458577.990371528
racethn_combn,Other/Multi-Racial,1999-2020,21.2,WTMEC.COMBN,age+gender,employ_status,copd,1060,3569298.21028511,72,quasibinomial (logit),Student,-13.543579415779,0.376223147282798,1.46799797602137e-45,-14.2809767844533,-12.8061820471047,791.165497722485,3.21299829449599e-52,40,91614.7762411698
racethn_combn,Other/Multi-Racial,1999-2020,21.2,WTMEC.COMBN,age+gender,employ_status,copd,1060,3569298.21028511,72,quasibinomial (logit),Unemployed,0.78879341535953,0.275693679199897,0.00562583963173274,0.248433804127732,1.32915302659133,791.165497722485,3.21299829449599e-52,420,1271303.88552402
racethn_combn,NHW,1999-2020,21.2,WTMEC.COMBN,age+gender,employ_status,copd_pft,26744,152238691.69507,162,quasibinomial (logit),Full-time employed (Intercept),-3.33009721727491,0.0824711872850678,7.95478456593364e-85,-3.49174074435364,-3.16845369019618,19.7885876020254,6.22306761178176e-11,11078,79974958.9562356
racethn_combn,NHW,1999-2020,21.2,WTMEC.COMBN,age+gender,employ_status,copd_pft,26744,152238691.69507,162,quasibinomial (logit),Part-time employed,0.0645529552997313,0.0808089385604765,0.425593272243966,-0.0938325642788026,0.222938474878265,19.7885876020254,6.22306761178176e-11,2807,16277957.2022922
racethn_combn,NHW,1999-2020,21.2,WTMEC.COMBN,age+gender,employ_status,copd_pft,26744,152238691.69507,162,quasibinomial (logit),Student,0.00281722908713256,0.247439276145328,0.990930306747015,-0.48216375215771,0.487798210331975,19.7885876020254,6.22306761178176e-11,506,2626294.96222659
racethn_combn,NHW,1999-2020,21.2,WTMEC.COMBN,age+gender,employ_status,copd_pft,26744,152238691.69507,162,quasibinomial (logit),Unemployed,0.484780243896408,0.0651160358621491,6.02469174953717e-12,0.357152813606596,0.61240767418622,19.7885876020254,6.22306761178176e-11,12353,53359480.5743157
racethn_combn,Other/Multi-Racial/NHAsian,1999-2020,21.2,WTMEC.COMBN,age+gender,employ_status,copd_pft,1502,6756147.18378954,85,quasibinomial (logit),Full-time employed (Intercept),-4.29422323989429,0.454296915742545,1.13646708879337e-14,-5.18464519474967,-3.4038012850389,1226.43124534292,9.38244879319275e-67,700,3784659.89456618
racethn_combn,Other/Multi-Racial/NHAsian,1999-2020,21.2,WTMEC.COMBN,age+gender,employ_status,copd_pft,1502,6756147.18378954,85,quasibinomial (logit),Part-time employed,0.238717669466285,0.440680667688453,0.589529250731686,-0.625016439203083,1.10245177813565,1226.43124534292,9.38244879319275e-67,163,645266.4453552
racethn_combn,Other/Multi-Racial/NHAsian,1999-2020,21.2,WTMEC.COMBN,age+gender,employ_status,copd_pft,1502,6756147.18378954,85,quasibinomial (logit),Student,-14.233522818642,0.278362908859834,7.23388315477682e-63,-14.7791141200073,-13.6879315172767,1226.43124534292,9.38244879319275e-67,77,257481.858317974
racethn_combn,Other/Multi-Racial/NHAsian,1999-2020,21.2,WTMEC.COMBN,age+gender,employ_status,copd_pft,1502,6756147.18378954,85,quasibinomial (logit),Unemployed,0.301250520879808,0.281161944326144,0.287189604611786,-0.249826889999433,0.85232793175905,1226.43124534292,9.38244879319275e-67,562,2068738.98555019
racethn_combn,NHB,1999-2020,21.2,WTMEC.COMBN,age+gender,employ_status,copd_pft,13867,25762006.0484469,154,quasibinomial (logit),Full-time employed (Intercept),-3.70314927585883,0.141467671168934,1.32988909330187e-57,-3.98042591134994,-3.42587264036772,31.3383308198191,9.1557538804458e-16,6180,13117256.2733979
racethn_combn,NHB,1999-2020,21.2,WTMEC.COMBN,age+gender,employ_status,copd_pft,13867,25762006.0484469,154,quasibinomial (logit),Part-time employed,0.0621945112777735,0.154150939083239,0.687184569155162,-0.239941329325376,0.364330351880923,31.3383308198191,9.1557538804458e-16,1285,2360351.79534634
racethn_combn,NHB,1999-2020,21.2,WTMEC.COMBN,age+gender,employ_status,copd_pft,13867,25762006.0484469,154,quasibinomial (logit),Student,-0.422939526494572,0.390848328054432,0.280953355234786,-1.18900224948126,0.343123196492114,31.3383308198191,9.1557538804458e-16,518,754182.288848992
racethn_combn,NHB,1999-2020,21.2,WTMEC.COMBN,age+gender,employ_status,copd_pft,13867,25762006.0484469,154,quasibinomial (logit),Unemployed,0.625656016249581,0.0680432147862883,3.0812367297577e-16,0.492291315268456,0.759020717230706,31.3383308198191,9.1557538804458e-16,5884,9530215.6908537
racethn_combn,Mexican-American,1999-2020,21.2,WTMEC.COMBN,age+gender,employ_status,copd_pft,11148,18800923.0802582,146,quasibinomial (logit),Full-time employed (Intercept),-5.21048634260119,0.20535181619803,2.03165728403162e-54,-5.61297590234933,-4.80799678285305,6.46826760432533,0.000391666964048176,5446,10935627.9832228
racethn_combn,Mexican-American,1999-2020,21.2,WTMEC.COMBN,age+gender,employ_status,copd_pft,11148,18800923.0802582,146,quasibinomial (logit),Part-time employed,0.57061121441465,0.239977423759599,0.0187592136444797,0.100255463845835,1.04096696498347,6.46826760432533,0.000391666964048176,1045,1811278.24336404
racethn_combn,Mexican-American,1999-2020,21.2,WTMEC.COMBN,age+gender,employ_status,copd_pft,11148,18800923.0802582,146,quasibinomial (logit),Student,0.34670285049277,0.543250507061189,0.524378215109894,-0.71806814334716,1.4114738443327,6.46826760432533,0.000391666964048176,320,463785.223751962
racethn_combn,Mexican-American,1999-2020,21.2,WTMEC.COMBN,age+gender,employ_status,copd_pft,11148,18800923.0802582,146,quasibinomial (logit),Unemployed,0.629109649803811,0.150633432065563,5.16248235274816e-05,0.333868122955308,0.924351176652315,6.46826760432533,0.000391666964048176,4337,5590231.62991932
racethn_combn,Other Hispanic,1999-2020,21.2,WTMEC.COMBN,age+gender,employ_status,copd_pft,5250,13268488.7155347,140,quasibinomial (logit),Full-time employed (Intercept),-3.93312740971963,0.288665733270982,3.91877648122116e-27,-4.49891224693075,-3.3673425725085,6.8764894545454,0.000240699450392765,2476,7357898.39461887
racethn_combn,Other Hispanic,1999-2020,21.2,WTMEC.COMBN,age+gender,employ_status,copd_pft,5250,13268488.7155347,140,quasibinomial (logit),Part-time employed,0.530681414213406,0.268216589894306,0.0499014960883438,0.00497689802056633,1.05638593040625,6.8764894545454,0.000240699450392765,508,1248991.16951932
racethn_combn,Other Hispanic,1999-2020,21.2,WTMEC.COMBN,age+gender,employ_status,copd_pft,5250,13268488.7155347,140,quasibinomial (logit),Student,-2.31600931940333,0.738884435923355,0.00211267584939929,-3.76422281381311,-0.867795824993557,6.8764894545454,0.000240699450392765,143,360722.32603796
racethn_combn,Other Hispanic,1999-2020,21.2,WTMEC.COMBN,age+gender,employ_status,copd_pft,5250,13268488.7155347,140,quasibinomial (logit),Unemployed,0.59797834652385,0.190501794198646,0.00208271702389608,0.224594829894504,0.971361863153196,6.8764894545454,0.000240699450392765,2123,4300876.82535855
racethn_combn,NHAsian,1999-2020,21.2,WTMEC.COMBN,age+gender,employ_status,copd_pft,3424,5846650.67119076,70,quasibinomial (logit),Full-time employed (Intercept),-5.87574109973988,0.430326729343483,9.16956014848877e-21,-6.7191814892531,-5.03230071022665,1.01128319864466,0.393517165588904,1777,3120616.04849598
racethn_combn,NHAsian,1999-2020,21.2,WTMEC.COMBN,age+gender,employ_status,copd_pft,3424,5846650.67119076,70,quasibinomial (logit),Part-time employed,0.136332955582829,0.391714425824265,0.728933512575432,-0.631427319032731,0.904093230198388,1.01128319864466,0.393517165588904,378,640650.931177132
racethn_combn,NHAsian,1999-2020,21.2,WTMEC.COMBN,age+gender,employ_status,copd_pft,3424,5846650.67119076,70,quasibinomial (logit),Student,0.291648778022224,1.04329740663664,0.78071407396064,-1.75321413898558,2.33651169503003,1.01128319864466,0.393517165588904,197,282664.634493208
racethn_combn,NHAsian,1999-2020,21.2,WTMEC.COMBN,age+gender,employ_status,copd_pft,3424,5846650.67119076,70,quasibinomial (logit),Unemployed,0.462869145198015,0.267273619958407,0.0880496789608923,-0.060987149920463,0.986725440316492,1.01128319864466,0.393517165588904,1072,1802719.05702443
racethn_combn,Other/Multi-Racial,1999-2020,21.2,WTMEC.COMBN,age+gender,employ_status,copd_pft,1060,3569298.21028511,72,quasibinomial (logit),Full-time employed (Intercept),-3.29889148725936,0.394554483706506,5.37792147514927e-12,-4.07221827532411,-2.52556469919461,830.516100914742,6.60568318679748e-53,462,1747801.5581484
racethn_combn,Other/Multi-Racial,1999-2020,21.2,WTMEC.COMBN,age+gender,employ_status,copd_pft,1060,3569298.21028511,72,quasibinomial (logit),Part-time employed,-0.126285502647057,0.500488575207063,0.801562761919705,-1.1072431100529,0.854672104758786,830.516100914742,6.60568318679748e-53,138,458577.990371528
racethn_combn,Other/Multi-Racial,1999-2020,21.2,WTMEC.COMBN,age+gender,employ_status,copd_pft,1060,3569298.21028511,72,quasibinomial (logit),Student,-13.7559868848232,0.370519983322697,2.04960369243298e-46,-14.4822060521357,-13.0297677175107,830.516100914742,6.60568318679748e-53,40,91614.7762411698
racethn_combn,Other/Multi-Racial,1999-2020,21.2,WTMEC.COMBN,age+gender,employ_status,copd_pft,1060,3569298.21028511,72,quasibinomial (logit),Unemployed,0.680527680683389,0.267345811187485,0.0132198908280348,0.15652989075592,1.20452547061086,830.516100914742,6.60568318679748e-53,420,1271303.88552402
racethn_combn,Other/Multi-Racial/NHAsian,2007-2012,6,WTMEC.COMBN,age+gender,employ_status,pft_lt07,442,7712982.13530833,28,quasibinomial (logit),Full-time employed (Intercept),-6.04634894697039,1.25352174953796,7.23006856415613e-05,-8.50325157606479,-3.58944631787599,356.212904020278,2.06195950467366e-19,216,4443504.14924633
racethn_combn,Other/Multi-Racial/NHAsian,2007-2012,6,WTMEC.COMBN,age+gender,employ_status,pft_lt07,442,7712982.13530833,28,quasibinomial (logit),Part-time employed,0.681234264404572,0.686301277273709,0.331225408073843,-0.663916239051897,2.02638476786104,356.212904020278,2.06195950467366e-19,56,877507.265839333
racethn_combn,Other/Multi-Racial/NHAsian,2007-2012,6,WTMEC.COMBN,age+gender,employ_status,pft_lt07,442,7712982.13530833,28,quasibinomial (logit),Student,-13.6211363573747,0.610034335774085,4.32728729187993e-17,-14.8168036554919,-12.4254690592575,356.212904020278,2.06195950467366e-19,25,304702.560877
racethn_combn,Other/Multi-Racial/NHAsian,2007-2012,6,WTMEC.COMBN,age+gender,employ_status,pft_lt07,442,7712982.13530833,28,quasibinomial (logit),Unemployed,-0.499261826074003,0.513777608445505,0.341285856020326,-1.50626593862719,0.507742286479188,356.212904020278,2.06195950467366e-19,145,2087268.15934567
racethn_combn,Mexican-American,2007-2012,6,WTMEC.COMBN,age+gender,employ_status,pft_lt07,2302,16045052.0987773,46,quasibinomial (logit),Full-time employed (Intercept),-6.65039278096981,0.465461340856305,1.62079463835363e-17,-7.56269700904816,-5.73808855289145,682.848035887869,5.16488757540832e-35,1239,9441310.319945
racethn_combn,Mexican-American,2007-2012,6,WTMEC.COMBN,age+gender,employ_status,pft_lt07,2302,16045052.0987773,46,quasibinomial (logit),Part-time employed,0.468341012198166,0.413121507983026,0.263520969343464,-0.341377143448566,1.2780591678449,682.848035887869,5.16488757540832e-35,241,1635118.12601433
racethn_combn,Mexican-American,2007-2012,6,WTMEC.COMBN,age+gender,employ_status,pft_lt07,2302,16045052.0987773,46,quasibinomial (logit),Student,-12.9837593545828,0.293521993551294,3.15125369687732e-36,-13.5590624619433,-12.4084562472222,682.848035887869,5.16488757540832e-35,77,561078.485997333
racethn_combn,Mexican-American,2007-2012,6,WTMEC.COMBN,age+gender,employ_status,pft_lt07,2302,16045052.0987773,46,quasibinomial (logit),Unemployed,0.331883657907534,0.282873550896338,0.24746349818155,-0.222548501849289,0.886315817664357,682.848035887869,5.16488757540832e-35,745,4407545.16682067
racethn_combn,NHB,2007-2012,6,WTMEC.COMBN,age+gender,employ_status,pft_lt07,3154,21468912.3858957,44,quasibinomial (logit),Full-time employed (Intercept),-5.46324279746867,0.233541109566548,1.46613411496364e-24,-5.92098337221911,-5.00550222271824,2.50901563259263,0.0729110867879521,1418,10691860.0202003
racethn_combn,NHB,2007-2012,6,WTMEC.COMBN,age+gender,employ_status,pft_lt07,3154,21468912.3858957,44,quasibinomial (logit),Part-time employed,0.272989644873589,0.26187597573633,0.303627465052376,-0.240287267569617,0.786266557316796,2.50901563259263,0.0729110867879521,295,2136186.41581967
racethn_combn,NHB,2007-2012,6,WTMEC.COMBN,age+gender,employ_status,pft_lt07,3154,21468912.3858957,44,quasibinomial (logit),Student,-0.0833953554770615,0.335412238077249,0.804947501387942,-0.740803342108469,0.574012631154346,2.50901563259263,0.0729110867879521,160,1064766.21756333
racethn_combn,NHB,2007-2012,6,WTMEC.COMBN,age+gender,employ_status,pft_lt07,3154,21468912.3858957,44,quasibinomial (logit),Unemployed,0.377057212642427,0.137616947662994,0.00922102884793985,0.107327995222959,0.646786430061896,2.50901563259263,0.0729110867879521,1281,7576099.73231233
racethn_combn,NHW,2007-2012,6,WTMEC.COMBN,age+gender,employ_status,pft_lt07,5952,126671101.411307,48,quasibinomial (logit),Full-time employed (Intercept),-4.77522359288233,0.170189338311966,2.81889650008655e-29,-5.10879469597379,-4.44165248979088,0.510216425078053,0.677361617402545,2827,71431913.9100293
racethn_combn,NHW,2007-2012,6,WTMEC.COMBN,age+gender,employ_status,pft_lt07,5952,126671101.411307,48,quasibinomial (logit),Part-time employed,0.0849056616847576,0.140358137225294,0.548410319452112,-0.190196287276819,0.360007610646334,0.510216425078053,0.677361617402545,679,14462609.465873
racethn_combn,NHW,2007-2012,6,WTMEC.COMBN,age+gender,employ_status,pft_lt07,5952,126671101.411307,48,quasibinomial (logit),Student,0.27923302782597,0.465394572602025,0.551660532538749,-0.632940334473999,1.19140639012594,0.510216425078053,0.677361617402545,164,3359387.656814
racethn_combn,NHW,2007-2012,6,WTMEC.COMBN,age+gender,employ_status,pft_lt07,5952,126671101.411307,48,quasibinomial (logit),Unemployed,0.128639941345316,0.110306420881804,0.249959068566066,-0.08756064358302,0.344840526273653,0.510216425078053,0.677361617402545,2282,37417190.378591
racethn_combn,Other Hispanic,2007-2012,6,WTMEC.COMBN,age+gender,employ_status,pft_lt07,1530,10476381.8321907,45,quasibinomial (logit),Full-time employed (Intercept),-6.15089300701139,0.520160435317483,1.2412259894527e-14,-7.17040746023366,-5.13137855378913,553.846769741527,1.35026154519648e-32,793,6041881.60061033
racethn_combn,Other Hispanic,2007-2012,6,WTMEC.COMBN,age+gender,employ_status,pft_lt07,1530,10476381.8321907,45,quasibinomial (logit),Part-time employed,0.476622200843981,0.44868567476748,0.294487819820683,-0.40280172170028,1.35604612338824,553.846769741527,1.35026154519648e-32,159,1087400.56447467
racethn_combn,Other Hispanic,2007-2012,6,WTMEC.COMBN,age+gender,employ_status,pft_lt07,1530,10476381.8321907,45,quasibinomial (logit),Student,-13.2768434573427,0.342271725647173,2.33335271631098e-33,-13.9476960396111,-12.6059908750742,553.846769741527,1.35026154519648e-32,50,361976.134952667
racethn_combn,Other Hispanic,2007-2012,6,WTMEC.COMBN,age+gender,employ_status,pft_lt07,1530,10476381.8321907,45,quasibinomial (logit),Unemployed,0.64243713379234,0.303903178121927,0.0408029136756653,0.0467869046733637,1.23808736291132,553.846769741527,1.35026154519648e-32,528,2985123.532153
racethn_combn,NHAsian,2007-2012,6,WTMEC.COMBN,age+gender,employ_status,pft_lt07,668,3409551.034079,17,quasibinomial (logit),Full-time employed (Intercept),-5.89667477022455,0.975768316235832,5.81956517717078e-05,-7.80918067004678,-3.98416887040232,150.021420239099,8.89691843021794e-10,333,1776482.71344
racethn_combn,NHAsian,2007-2012,6,WTMEC.COMBN,age+gender,employ_status,pft_lt07,668,3409551.034079,17,quasibinomial (logit),Part-time employed,0.337142947421931,0.51719872220128,0.526777738522747,-0.676566548092578,1.35085244293644,150.021420239099,8.89691843021794e-10,83,408562.166584667
racethn_combn,NHAsian,2007-2012,6,WTMEC.COMBN,age+gender,employ_status,pft_lt07,668,3409551.034079,17,quasibinomial (logit),Student,-14.2990439108027,0.674165288229556,7.01790045071116e-11,-15.6204078757326,-12.9776799458728,150.021420239099,8.89691843021794e-10,69,326306.075345667
racethn_combn,NHAsian,2007-2012,6,WTMEC.COMBN,age+gender,employ_status,pft_lt07,668,3409551.034079,17,quasibinomial (logit),Unemployed,0.52495893544188,0.254582975196304,0.0615490804521668,0.025976304057124,1.02394156682664,150.021420239099,8.89691843021794e-10,183,898200.078708667
racethn_combn,Other/Multi-Racial,2007-2012,6,WTMEC.COMBN,age+gender,employ_status,pft_lt07,142,1725901.478551,16,quasibinomial (logit),Full-time employed (Intercept),-4.0377472974948,1.17270016052994,0.00549433843223572,-6.33623961213347,-1.73925498285613,75.7128880753742,1.25026945824245e-07,63,877872.800402333
racethn_combn,Other/Multi-Racial,2007-2012,6,WTMEC.COMBN,age+gender,employ_status,pft_lt07,142,1725901.478551,16,quasibinomial (logit),Part-time employed,-0.990854869783196,1.17037660337621,0.415250238337991,-3.28479301240057,1.30308327283418,75.7128880753742,1.25026945824245e-07,22,193178.469597333
racethn_combn,Other/Multi-Racial,2007-2012,6,WTMEC.COMBN,age+gender,employ_status,pft_lt07,142,1725901.478551,16,quasibinomial (logit),Student,-14.9883541488015,1.11850440056134,3.71224998635853e-08,-17.1806227739018,-12.7960855237013,75.7128880753742,1.25026945824245e-07,12,108864.662944
racethn_combn,Other/Multi-Racial,2007-2012,6,WTMEC.COMBN,age+gender,employ_status,pft_lt07,142,1725901.478551,16,quasibinomial (logit),Unemployed,0.121469075428514,0.495649414472003,0.810913646786439,-0.850003776936612,1.09294192779364,75.7128880753742,1.25026945824245e-07,45,545985.545607333
racethn_combn,NHW,1999-2020,21.2,WTMEC.COMBN,age+gender,employ_status,nfs,23377,142423058.394471,162,gaussian (identity),Full-time employed (Intercept),-4.83866102159547,0.0305540988078741,4.2077826401843e-175,-4.8985470552589,-4.77877498793203,11.3314683845242,9.06276755437389e-07,9994,76026583.2391576
racethn_combn,NHW,1999-2020,21.2,WTMEC.COMBN,age+gender,employ_status,nfs,23377,142423058.394471,162,gaussian (identity),Part-time employed,0.0441769012432281,0.0272866294167598,0.107455551887824,-0.00930489241362102,0.0976586949000772,11.3314683845242,9.06276755437389e-07,2543,15344626.1321544
racethn_combn,NHW,1999-2020,21.2,WTMEC.COMBN,age+gender,employ_status,nfs,23377,142423058.394471,162,gaussian (identity),Student,-0.0280570387273463,0.0612648007385093,0.647611911973578,-0.148136048174824,0.0920219707201318,11.3314683845242,9.06276755437389e-07,442,2375855.64067855
racethn_combn,NHW,1999-2020,21.2,WTMEC.COMBN,age+gender,employ_status,nfs,23377,142423058.394471,162,gaussian (identity),Unemployed,0.122309414194784,0.0218708406224411,9.7124842293513e-08,0.0794425665747994,0.165176261814769,11.3314683845242,9.06276755437389e-07,10398,48675993.3824806
racethn_combn,Other/Multi-Racial/NHAsian,1999-2020,21.2,WTMEC.COMBN,age+gender,employ_status,nfs,1270,6127402.59738103,84,gaussian (identity),Full-time employed (Intercept),-5.04181843528384,0.104531120120047,2.28159675428725e-60,-5.24669943071913,-4.83693743984855,5.08055399303339,0.00287375041325139,611,3505944.43720541
racethn_combn,Other/Multi-Racial/NHAsian,1999-2020,21.2,WTMEC.COMBN,age+gender,employ_status,nfs,1270,6127402.59738103,84,gaussian (identity),Part-time employed,0.0238311231845603,0.114031359604585,0.834995975661196,-0.199670341640426,0.247332588009546,5.08055399303339,0.00287375041325139,136,577262.322369728
racethn_combn,Other/Multi-Racial/NHAsian,1999-2020,21.2,WTMEC.COMBN,age+gender,employ_status,nfs,1270,6127402.59738103,84,gaussian (identity),Student,-0.0546030307293565,0.136379065848727,0.689959581384943,-0.321905999792862,0.212699938334149,5.08055399303339,0.00287375041325139,66,213307.790191464
racethn_combn,Other/Multi-Racial/NHAsian,1999-2020,21.2,WTMEC.COMBN,age+gender,employ_status,nfs,1270,6127402.59738103,84,gaussian (identity),Unemployed,0.384376245920598,0.100712555511908,0.00026749142425199,0.186979637117258,0.581772854723939,5.08055399303339,0.00287375041325139,457,1830888.04761443
racethn_combn,NHB,1999-2020,21.2,WTMEC.COMBN,age+gender,employ_status,nfs,11557,22522845.0648225,152,gaussian (identity),Full-time employed (Intercept),-4.41655567714485,0.0415657618176087,6.79286347834693e-141,-4.49802457030736,-4.33508678398234,6.73276760679851,0.000274775260173447,5263,11683705.1977029
racethn_combn,NHB,1999-2020,21.2,WTMEC.COMBN,age+gender,employ_status,nfs,11557,22522845.0648225,152,gaussian (identity),Part-time employed,0.0452193776837099,0.0403464235555269,0.264210095115149,-0.0338596124851229,0.124298367852543,6.73276760679851,0.000274775260173447,1095,2087964.9394017
racethn_combn,NHB,1999-2020,21.2,WTMEC.COMBN,age+gender,employ_status,nfs,11557,22522845.0648225,152,gaussian (identity),Student,0.00588601883027853,0.0647240504209063,0.927663899719454,-0.120973119994698,0.132745157655255,6.73276760679851,0.000274775260173447,444,675124.591306269
racethn_combn,NHB,1999-2020,21.2,WTMEC.COMBN,age+gender,employ_status,nfs,11557,22522845.0648225,152,gaussian (identity),Unemployed,0.131213133738104,0.0292779563037512,1.48002394924988e-05,0.0738283393827513,0.188597928093456,6.73276760679851,0.000274775260173447,4755,8076050.33641163
racethn_combn,Mexican-American,1999-2020,21.2,WTMEC.COMBN,age+gender,employ_status,nfs,9907,17600672.4840563,146,gaussian (identity),Full-time employed (Intercept),-4.94435305570919,0.0504878864608827,1.52309510003577e-131,-5.04330931317252,-4.84539679824586,8.43607573006605,3.40083282723016e-05,4906,10321451.7547183
racethn_combn,Mexican-American,1999-2020,21.2,WTMEC.COMBN,age+gender,employ_status,nfs,9907,17600672.4840563,146,gaussian (identity),Part-time employed,0.013245328532341,0.0395912100700933,0.738460000529863,-0.0643534432050419,0.0908441002697239,8.43607573006605,3.40083282723016e-05,949,1723247.85493921
racethn_combn,Mexican-American,1999-2020,21.2,WTMEC.COMBN,age+gender,employ_status,nfs,9907,17600672.4840563,146,gaussian (identity),Student,0.0971645324742503,0.068317918952983,0.157164760419323,-0.0367385886735963,0.231067653622097,8.43607573006605,3.40083282723016e-05,295,421758.800593925
racethn_combn,Mexican-American,1999-2020,21.2,WTMEC.COMBN,age+gender,employ_status,nfs,9907,17600672.4840563,146,gaussian (identity),Unemployed,0.159542968557636,0.0325780125890501,2.62695911305893e-06,0.0956900638830977,0.223395873232174,8.43607573006605,3.40083282723016e-05,3757,5134214.07380483
racethn_combn,Other Hispanic,1999-2020,21.2,WTMEC.COMBN,age+gender,employ_status,nfs,4585,12253614.6402728,138,gaussian (identity),Full-time employed (Intercept),-4.9063718800339,0.0643335738329609,1.19747834905317e-111,-5.03246568474651,-4.7802780753213,5.93754617743247,0.000784820649529472,2207,6917610.13738194
racethn_combn,Other Hispanic,1999-2020,21.2,WTMEC.COMBN,age+gender,employ_status,nfs,4585,12253614.6402728,138,gaussian (identity),Part-time employed,0.0968925267976638,0.066105622572876,0.145083974488269,-0.0326744934451731,0.226459547040501,5.93754617743247,0.000784820649529472,449,1154928.35039468
racethn_combn,Other Hispanic,1999-2020,21.2,WTMEC.COMBN,age+gender,employ_status,nfs,4585,12253614.6402728,138,gaussian (identity),Student,-0.173750855551148,0.205007039790113,0.398219009946731,-0.575564653539769,0.228062942437473,5.93754617743247,0.000784820649529472,128,339248.909705941
racethn_combn,Other Hispanic,1999-2020,21.2,WTMEC.COMBN,age+gender,employ_status,nfs,4585,12253614.6402728,138,gaussian (identity),Unemployed,0.20875495745845,0.0499596844152612,5.28224609294548e-05,0.110833976004538,0.306675938912362,5.93754617743247,0.000784820649529472,1801,3841827.24279019
racethn_combn,NHAsian,1999-2020,21.2,WTMEC.COMBN,age+gender,employ_status,nfs,2910,5291352.66862125,70,gaussian (identity),Full-time employed (Intercept),-4.98010282029621,0.0590596577990075,3.98466286970143e-68,-5.09585974958227,-4.86434589101016,6.13704852011065,0.000969416857034022,1532,2854952.241766
racethn_combn,NHAsian,1999-2020,21.2,WTMEC.COMBN,age+gender,employ_status,nfs,2910,5291352.66862125,70,gaussian (identity),Part-time employed,0.0279291770071951,0.072455353865964,0.701149775230636,-0.114083316570094,0.169941670584485,6.13704852011065,0.000969416857034022,336,614955.059318321
racethn_combn,NHAsian,1999-2020,21.2,WTMEC.COMBN,age+gender,employ_status,nfs,2910,5291352.66862125,70,gaussian (identity),Student,0.0437954014464562,0.0787632225185451,0.580093489706039,-0.110580514689892,0.198171317582805,6.13704852011065,0.000969416857034022,161,241254.98430566
racethn_combn,NHAsian,1999-2020,21.2,WTMEC.COMBN,age+gender,employ_status,nfs,2910,5291352.66862125,70,gaussian (identity),Unemployed,0.195501972686338,0.0496978644092024,0.000205865105566066,0.0980941584443016,0.292909786928375,6.13704852011065,0.000969416857034022,881,1580190.38323126
racethn_combn,Other/Multi-Racial,1999-2020,21.2,WTMEC.COMBN,age+gender,employ_status,nfs,918,3330209.31068685,71,gaussian (identity),Full-time employed (Intercept),-4.61333803813886,0.143893251784507,5.78564506078545e-42,-4.89536881163649,-4.33130726464123,1.13595524891451,0.341057357330371,409,1650036.35625506
racethn_combn,Other/Multi-Racial,1999-2020,21.2,WTMEC.COMBN,age+gender,employ_status,nfs,918,3330209.31068685,71,gaussian (identity),Part-time employed,-0.0618248023367168,0.101518476916348,0.544614719753126,-0.260801017092759,0.137151412419326,1.13595524891451,0.341057357330371,125,441770.616675377
racethn_combn,Other/Multi-Racial,1999-2020,21.2,WTMEC.COMBN,age+gender,employ_status,nfs,918,3330209.31068685,71,gaussian (identity),Student,0.319275209069224,0.22115732040016,0.153565735303021,-0.11419313891509,0.752743557053538,1.13595524891451,0.341057357330371,36,87299.4174854151
racethn_combn,Other/Multi-Racial,1999-2020,21.2,WTMEC.COMBN,age+gender,employ_status,nfs,918,3330209.31068685,71,gaussian (identity),Unemployed,-0.0136719073335718,0.124683319618059,0.913017259164476,-0.258051213784968,0.230707399117824,1.13595524891451,0.341057357330371,348,1151102.920271
racethn_combn,NHW,1999-2020,21.2,WTMEC.COMBN,age+gender,employ_status,nfs_mod_vs_low,21956,136282945.828654,162,quasibinomial (logit),Full-time employed (Intercept),-5.74157221662074,0.0928911162326944,4.17998899698216e-112,-5.92363880443683,-5.55950562880466,5.28475523474091,0.00169168067747459,9828,74879245.9635421
racethn_combn,NHW,1999-2020,21.2,WTMEC.COMBN,age+gender,employ_status,nfs_mod_vs_low,21956,136282945.828654,162,quasibinomial (logit),Part-time employed,0.0378869602937154,0.0748573988639734,0.613481100981932,-0.108833541479673,0.184607462067103,5.28475523474091,0.00169168067747459,2447,14825515.2782222
racethn_combn,NHW,1999-2020,21.2,WTMEC.COMBN,age+gender,employ_status,nfs_mod_vs_low,21956,136282945.828654,162,quasibinomial (logit),Student,-0.872128153402647,0.393348730158227,0.0280469538506421,-1.64309166451277,-0.101164642292521,5.28475523474091,0.00169168067747459,440,2370985.19338921
racethn_combn,NHW,1999-2020,21.2,WTMEC.COMBN,age+gender,employ_status,nfs_mod_vs_low,21956,136282945.828654,162,quasibinomial (logit),Unemployed,0.153270718581253,0.0475495997180888,0.00154091153307608,0.0600735031337986,0.246467934028707,5.28475523474091,0.00169168067747459,9241,44207199.3935009
racethn_combn,Other/Multi-Racial/NHAsian,1999-2020,21.2,WTMEC.COMBN,age+gender,employ_status,nfs_mod_vs_low,1236,6000527.29848528,84,quasibinomial (logit),Full-time employed (Intercept),-5.72148475911932,0.445954841240185,5.20832142003969e-21,-6.59555624795008,-4.84741327028856,2.73154106958428,0.0493134130176158,608,3489275.41660456
racethn_combn,Other/Multi-Racial/NHAsian,1999-2020,21.2,WTMEC.COMBN,age+gender,employ_status,nfs_mod_vs_low,1236,6000527.29848528,84,quasibinomial (logit),Part-time employed,0.0540376498305285,0.391847759070451,0.890666626007379,-0.713983957947556,0.822059257608613,2.73154106958428,0.0493134130176158,136,577262.322369728
racethn_combn,Other/Multi-Racial/NHAsian,1999-2020,21.2,WTMEC.COMBN,age+gender,employ_status,nfs_mod_vs_low,1236,6000527.29848528,84,quasibinomial (logit),Student,-2.13941599721649,1.04307380767799,0.0435751440948632,-4.18384066026536,-0.0949913341676236,2.73154106958428,0.0493134130176158,66,213307.790191464
racethn_combn,Other/Multi-Racial/NHAsian,1999-2020,21.2,WTMEC.COMBN,age+gender,employ_status,nfs_mod_vs_low,1236,6000527.29848528,84,quasibinomial (logit),Unemployed,0.464524867408621,0.266704033922948,0.0854490394278614,-0.0582150390803575,0.9872647738976,2.73154106958428,0.0493134130176158,426,1720681.76931953
racethn_combn,NHB,1999-2020,21.2,WTMEC.COMBN,age+gender,employ_status,nfs_mod_vs_low,10640,21153612.706159,152,quasibinomial (logit),Full-time employed (Intercept),-4.33464468282943,0.114115111566685,6.86268188939993e-78,-4.55831030150013,-4.11097906415872,2.18668050661827,0.0920764492397444,5106,11407364.0205075
racethn_combn,NHB,1999-2020,21.2,WTMEC.COMBN,age+gender,employ_status,nfs_mod_vs_low,10640,21153612.706159,152,quasibinomial (logit),Part-time employed,-0.146468652763127,0.105631966261194,0.167664851020024,-0.353507306635067,0.0605700011088137,2.18668050661827,0.0920764492397444,1034,1992143.49632455
racethn_combn,NHB,1999-2020,21.2,WTMEC.COMBN,age+gender,employ_status,nfs_mod_vs_low,10640,21153612.706159,152,quasibinomial (logit),Student,-0.284703998987567,0.209293733645245,0.175814715351574,-0.694919716932246,0.125511718957112,2.18668050661827,0.0920764492397444,443,672060.939578156
racethn_combn,NHB,1999-2020,21.2,WTMEC.COMBN,age+gender,employ_status,nfs_mod_vs_low,10640,21153612.706159,152,quasibinomial (logit),Unemployed,0.0755806904958013,0.0600467062640885,0.210134611710181,-0.0421108537818122,0.193272234773415,2.18668050661827,0.0920764492397444,4057,7082044.24974888
racethn_combn,Mexican-American,1999-2020,21.2,WTMEC.COMBN,age+gender,employ_status,nfs_mod_vs_low,9501,17116356.1103562,146,quasibinomial (logit),Full-time employed (Intercept),-5.74782286823243,0.154782701387018,1.11561823217655e-74,-6.05119696295099,-5.44444877351388,6.01261459380147,0.000695679845811482,4839,10209901.1509188
racethn_combn,Mexican-American,1999-2020,21.2,WTMEC.COMBN,age+gender,employ_status,nfs_mod_vs_low,9501,17116356.1103562,146,quasibinomial (logit),Part-time employed,-0.016535811092668,0.126122686813488,0.895876016211483,-0.263736277247104,0.230664655061768,6.01261459380147,0.000695679845811482,931,1698416.06328445
racethn_combn,Mexican-American,1999-2020,21.2,WTMEC.COMBN,age+gender,employ_status,nfs_mod_vs_low,9501,17116356.1103562,146,quasibinomial (logit),Student,0.13304783791845,0.383093352046111,0.728884746738661,-0.617815132091928,0.883910807928828,6.01261459380147,0.000695679845811482,295,421758.800593925
racethn_combn,Mexican-American,1999-2020,21.2,WTMEC.COMBN,age+gender,employ_status,nfs_mod_vs_low,9501,17116356.1103562,146,quasibinomial (logit),Unemployed,0.306552011820345,0.0769062065483199,0.000107362530124595,0.155815846985638,0.457288176655052,6.01261459380147,0.000695679845811482,3436,4786280.09555896
racethn_combn,Other Hispanic,1999-2020,21.2,WTMEC.COMBN,age+gender,employ_status,nfs_mod_vs_low,4359,11922226.2082359,138,quasibinomial (logit),Full-time employed (Intercept),-5.62658706260301,0.218756680654239,1.80360264980006e-53,-6.05535015668532,-5.1978239685207,5.83152528445309,0.000896741157626833,2178,6867231.72513225
racethn_combn,Other Hispanic,1999-2020,21.2,WTMEC.COMBN,age+gender,employ_status,nfs_mod_vs_low,4359,11922226.2082359,138,quasibinomial (logit),Part-time employed,-0.0119813897887113,0.173270935860649,0.944975434699703,-0.351592424075583,0.327629644498161,5.83152528445309,0.000896741157626833,441,1134761.25083704
racethn_combn,Other Hispanic,1999-2020,21.2,WTMEC.COMBN,age+gender,employ_status,nfs_mod_vs_low,4359,11922226.2082359,138,quasibinomial (logit),Student,-1.04490775856264,0.71199857979208,0.144581902208231,-2.44042497495511,0.350609457829839,5.83152528445309,0.000896741157626833,127,338550.126579054
racethn_combn,Other Hispanic,1999-2020,21.2,WTMEC.COMBN,age+gender,employ_status,nfs_mod_vs_low,4359,11922226.2082359,138,quasibinomial (logit),Unemployed,0.385677215232348,0.110603815084198,0.000662422280587018,0.16889373766732,0.602460692797377,5.83152528445309,0.000896741157626833,1613,3581683.10568757
racethn_combn,NHAsian,1999-2020,21.2,WTMEC.COMBN,age+gender,employ_status,nfs_mod_vs_low,2837,5162639.22549496,70,quasibinomial (logit),Full-time employed (Intercept),-7.45380489734054,0.329886741858716,1.72323371441154e-32,-8.10038291138362,-6.80722688329745,1.21919892896734,0.309845359584723,1521,2835822.06572949
racethn_combn,NHAsian,1999-2020,21.2,WTMEC.COMBN,age+gender,employ_status,nfs_mod_vs_low,2837,5162639.22549496,70,quasibinomial (logit),Part-time employed,0.159316247483762,0.186424608796545,0.395918081716118,-0.206075985757466,0.52470848072499,1.21919892896734,0.309845359584723,330,606033.058194264
racethn_combn,NHAsian,1999-2020,21.2,WTMEC.COMBN,age+gender,employ_status,nfs_mod_vs_low,2837,5162639.22549496,70,quasibinomial (logit),Student,-0.129444170240676,0.713415304901679,0.856584534011043,-1.52773816784797,1.26884982736662,1.21919892896734,0.309845359584723,161,241254.98430566
racethn_combn,NHAsian,1999-2020,21.2,WTMEC.COMBN,age+gender,employ_status,nfs_mod_vs_low,2837,5162639.22549496,70,quasibinomial (logit),Unemployed,0.26771265917352,0.1509840272761,0.0808938875942667,-0.0282160342876355,0.563641352634675,1.21919892896734,0.309845359584723,825,1479529.11726555
racethn_combn,Other/Multi-Racial,1999-2020,21.2,WTMEC.COMBN,age+gender,employ_status,nfs_mod_vs_low,858,3109351.60921855,71,quasibinomial (logit),Full-time employed (Intercept),-4.67596503309915,0.360890098939987,8.47956632445333e-20,-5.38330962702153,-3.96862043917678,1.42149416060851,0.244360136786491,395,1551287.59570626
racethn_combn,Other/Multi-Racial,1999-2020,21.2,WTMEC.COMBN,age+gender,employ_status,nfs_mod_vs_low,858,3109351.60921855,71,quasibinomial (logit),Part-time employed,0.394972611356101,0.324234859773896,0.227496902945535,-0.240527713800734,1.03047293651294,1.42149416060851,0.244360136786491,118,428042.290419585
racethn_combn,Other/Multi-Racial,1999-2020,21.2,WTMEC.COMBN,age+gender,employ_status,nfs_mod_vs_low,858,3109351.60921855,71,quasibinomial (logit),Student,0.0210047689417677,0.988565325659577,0.983112147291152,-1.916583269351,1.95859280723454,1.42149416060851,0.244360136786491,36,87299.4174854151
racethn_combn,Other/Multi-Racial,1999-2020,21.2,WTMEC.COMBN,age+gender,employ_status,nfs_mod_vs_low,858,3109351.60921855,71,quasibinomial (logit),Unemployed,0.52312856869777,0.261313939160483,0.0494065943631925,0.0109532479432236,1.03530388945232,1.42149416060851,0.244360136786491,309,1042722.30560728
racethn_combn,NHW,1999-2020,21.2,WTMEC.COMBN,age+gender,employ_status,nfs_high_vs_low,16040,104088894.57788,162,quasibinomial (logit),Full-time employed (Intercept),-10.2131070164227,0.231873405199357,2.82969077710472e-90,-10.6675788906135,-9.758635142232,9.85422143274054,5.42176971924993e-06,8138,61960889.3141631
racethn_combn,NHW,1999-2020,21.2,WTMEC.COMBN,age+gender,employ_status,nfs_high_vs_low,16040,104088894.57788,162,quasibinomial (logit),Part-time employed,0.41060942828415,0.178032892577975,0.0223977351069524,0.0616649588313192,0.759553897736981,9.85422143274054,5.42176971924993e-06,1915,11800871.1112703
racethn_combn,NHW,1999-2020,21.2,WTMEC.COMBN,age+gender,employ_status,nfs_high_vs_low,16040,104088894.57788,162,quasibinomial (logit),Student,-0.217776120996174,0.847098810721574,0.797450024101775,-1.87808979001046,1.44253754801811,9.85422143274054,5.42176971924993e-06,433,2332215.89380962
racethn_combn,NHW,1999-2020,21.2,WTMEC.COMBN,age+gender,employ_status,nfs_high_vs_low,16040,104088894.57788,162,quasibinomial (logit),Unemployed,0.638915767252206,0.12305210938523,6.35462093231248e-07,0.397733632857155,0.880097901647257,9.85422143274054,5.42176971924993e-06,5554,27994918.2586367
racethn_combn,Other/Multi-Racial/NHAsian,1999-2020,21.2,WTMEC.COMBN,age+gender,employ_status,nfs_high_vs_low,1033,5208393.26678481,81,quasibinomial (logit),Full-time employed (Intercept),-11.5334555705541,1.16753636398147,2.82159358385042e-15,-13.8218268439578,-9.2450842971504,516.274321561196,1.98039999449925e-50,534,3130547.62761069
racethn_combn,Other/Multi-Racial/NHAsian,1999-2020,21.2,WTMEC.COMBN,age+gender,employ_status,nfs_high_vs_low,1033,5208393.26678481,81,quasibinomial (logit),Part-time employed,-14.8271592235444,0.671006007888354,8.03465748465905e-35,-16.1423309990055,-13.5119874480832,516.274321561196,1.98039999449925e-50,124,520444.937452747
racethn_combn,Other/Multi-Racial/NHAsian,1999-2020,21.2,WTMEC.COMBN,age+gender,employ_status,nfs_high_vs_low,1033,5208393.26678481,81,quasibinomial (logit),Student,-12.6662108765485,0.743043292671107,1.10060363008292e-27,-14.1225757301839,-11.2098460229132,516.274321561196,1.98039999449925e-50,65,212685.168688917
racethn_combn,Other/Multi-Racial/NHAsian,1999-2020,21.2,WTMEC.COMBN,age+gender,employ_status,nfs_high_vs_low,1033,5208393.26678481,81,quasibinomial (logit),Unemployed,1.69575253067944,0.824257338148762,0.0430871170465508,0.0802081479078636,3.31129691345101,516.274321561196,1.98039999449925e-50,310,1344715.53303245
racethn_combn,NHB,1999-2020,21.2,WTMEC.COMBN,age+gender,employ_status,nfs_high_vs_low,7762,15872503.8863341,145,quasibinomial (logit),Full-time employed (Intercept),-8.91918737878565,0.274270018655755,4.01359058630589e-67,-9.45675661535093,-8.38161814222037,11.0358305446687,1.50445877155905e-06,3722,8601191.6110162
racethn_combn,NHB,1999-2020,21.2,WTMEC.COMBN,age+gender,employ_status,nfs_high_vs_low,7762,15872503.8863341,145,quasibinomial (logit),Part-time employed,0.449079916097207,0.185364484337257,0.0166843418289418,0.0857655267961831,0.812394305398231,11.0358305446687,1.50445877155905e-06,827,1624379.27096492
racethn_combn,NHB,1999-2020,21.2,WTMEC.COMBN,age+gender,employ_status,nfs_high_vs_low,7762,15872503.8863341,145,quasibinomial (logit),Student,-0.0177945106724552,1.01482538316656,0.986035131275369,-2.00685226167891,1.971263240334,11.0358305446687,1.50445877155905e-06,417,625098.531043621
racethn_combn,NHB,1999-2020,21.2,WTMEC.COMBN,age+gender,employ_status,nfs_high_vs_low,7762,15872503.8863341,145,quasibinomial (logit),Unemployed,0.699572362513225,0.121970895817095,5.75614724978804e-08,0.460509406711718,0.938635318314731,11.0358305446687,1.50445877155905e-06,2796,5021834.47330934
racethn_combn,Mexican-American,1999-2020,21.2,WTMEC.COMBN,age+gender,employ_status,nfs_high_vs_low,7446,14313060.4689123,142,quasibinomial (logit),Full-time employed (Intercept),-10.9077073584821,0.363748999772587,4.67907705545972e-62,-11.6206553980363,-10.1947593189278,521.932868651079,9.66940053241816e-75,4040,8782626.79206211
racethn_combn,Mexican-American,1999-2020,21.2,WTMEC.COMBN,age+gender,employ_status,nfs_high_vs_low,7446,14313060.4689123,142,quasibinomial (logit),Part-time employed,0.132083450544293,0.396168042442165,0.739340128681068,-0.64440591264235,0.908572813730935,521.932868651079,9.66940053241816e-75,790,1492619.02802062
racethn_combn,Mexican-American,1999-2020,21.2,WTMEC.COMBN,age+gender,employ_status,nfs_high_vs_low,7446,14313060.4689123,142,quasibinomial (logit),Student,-11.6992483518696,0.313337865279146,1.11092808534025e-73,-12.3133905678167,-11.0851061359225,521.932868651079,9.66940053241816e-75,283,402979.201027962
racethn_combn,Mexican-American,1999-2020,21.2,WTMEC.COMBN,age+gender,employ_status,nfs_high_vs_low,7446,14313060.4689123,142,quasibinomial (logit),Unemployed,0.8496385239851,0.182868895793566,7.85072251249324e-06,0.491215488229711,1.20806155974049,521.932868651079,9.66940053241816e-75,2333,3634835.44780159
racethn_combn,Other Hispanic,1999-2020,21.2,WTMEC.COMBN,age+gender,employ_status,nfs_high_vs_low,3285,9790914.85602405,129,quasibinomial (logit),Full-time employed (Intercept),-10.6389122080217,0.538277360437902,3.90656206978369e-40,-11.69393583448,-9.58388858156342,7.11631450959937,0.00018886578993818,1746,5876969.6089484
racethn_combn,Other Hispanic,1999-2020,21.2,WTMEC.COMBN,age+gender,employ_status,nfs_high_vs_low,3285,9790914.85602405,129,quasibinomial (logit),Part-time employed,0.703501722393569,0.485199049608977,0.149604349709059,-0.247488414840027,1.65449185962716,7.11631450959937,0.00018886578993818,363,990448.106201283
racethn_combn,Other Hispanic,1999-2020,21.2,WTMEC.COMBN,age+gender,employ_status,nfs_high_vs_low,3285,9790914.85602405,129,quasibinomial (logit),Student,-0.664884598625847,1.46539541490417,0.650820809372685,-3.53705961183802,2.20729041458633,7.11631450959937,0.00018886578993818,125,333483.129883205
racethn_combn,Other Hispanic,1999-2020,21.2,WTMEC.COMBN,age+gender,employ_status,nfs_high_vs_low,3285,9790914.85602405,129,quasibinomial (logit),Unemployed,1.37444396620251,0.307207879904661,1.71475841994401e-05,0.772316521589372,1.97657141081564,7.11631450959937,0.00018886578993818,1051,2590014.01099117
racethn_combn,NHAsian,1999-2020,21.2,WTMEC.COMBN,age+gender,employ_status,nfs_high_vs_low,2250,4185401.95786555,69,quasibinomial (logit),Full-time employed (Intercept),-11.6375991411653,1.68407426281006,2.67161648562299e-09,-14.938384696273,-8.33681358605762,167.971831846269,2.79008593465261e-30,1281,2455007.31422572
racethn_combn,NHAsian,1999-2020,21.2,WTMEC.COMBN,age+gender,employ_status,nfs_high_vs_low,2250,4185401.95786555,69,quasibinomial (logit),Part-time employed,0.473115762019105,0.427678080561371,0.272762448230663,-0.365133275881183,1.31136479991939,167.971831846269,2.79008593465261e-30,278,517985.015047566
racethn_combn,NHAsian,1999-2020,21.2,WTMEC.COMBN,age+gender,employ_status,nfs_high_vs_low,2250,4185401.95786555,69,quasibinomial (logit),Student,-12.433634299599,0.674581797119363,2.73171479960889e-27,-13.755814621953,-11.1114539772451,167.971831846269,2.79008593465261e-30,158,234785.715543528
racethn_combn,NHAsian,1999-2020,21.2,WTMEC.COMBN,age+gender,employ_status,nfs_high_vs_low,2250,4185401.95786555,69,quasibinomial (logit),Unemployed,1.11220882083526,0.334857864683378,0.00148284000863173,0.455887406055835,1.76853023561468,167.971831846269,2.79008593465261e-30,533,977623.913048736
racethn_combn,Other/Multi-Racial,1999-2020,21.2,WTMEC.COMBN,age+gender,employ_status,nfs_high_vs_low,661,2423278.87845321,70,quasibinomial (logit),Full-time employed (Intercept),-10.2534806694158,1.33925472449826,1.19172777138421e-10,-12.8784199294324,-7.62854140939924,84.6762768734498,2.04523978547805e-22,323,1328552.16429694
racethn_combn,Other/Multi-Racial,1999-2020,21.2,WTMEC.COMBN,age+gender,employ_status,nfs_high_vs_low,661,2423278.87845321,70,quasibinomial (logit),Part-time employed,0.0858067455960536,0.717860182061886,0.905223138403974,-1.32119921124524,1.49281270243735,84.6762768734498,2.04523978547805e-22,96,332938.656833547
racethn_combn,Other/Multi-Racial,1999-2020,21.2,WTMEC.COMBN,age+gender,employ_status,nfs_high_vs_low,661,2423278.87845321,70,quasibinomial (logit),Student,-11.6623489917589,0.802690577049975,4.31982115465476e-22,-13.2356225227769,-10.089075460741,84.6762768734498,2.04523978547805e-22,35,82066.368515151
racethn_combn,Other/Multi-Racial,1999-2020,21.2,WTMEC.COMBN,age+gender,employ_status,nfs_high_vs_low,661,2423278.87845321,70,quasibinomial (logit),Unemployed,-0.746959683034787,0.518859624993852,0.154774349708251,-1.76392454802274,0.270005181953162,84.6762768734498,2.04523978547805e-22,207,679721.688807566
racethn_combn,NHAsian,2017-2020,3.2,WTMEC.COMBN,age+gender,employ_status,liver_cap_any,984,13351061.125268,24,quasibinomial (logit),Full-time employed (Intercept),-1.12777511958756,0.228869619734309,9.34731015751851e-05,-1.57635957426681,-0.679190664908315,0.636408863474949,0.60073234929303,555,7506513.057293
racethn_combn,NHAsian,2017-2020,3.2,WTMEC.COMBN,age+gender,employ_status,liver_cap_any,984,13351061.125268,24,quasibinomial (logit),Part-time employed,-0.225097291921374,0.238385516515338,0.356891859879512,-0.692332904291436,0.242138320448688,0.636408863474949,0.60073234929303,107,1609818.471978
racethn_combn,NHAsian,2017-2020,3.2,WTMEC.COMBN,age+gender,employ_status,liver_cap_any,984,13351061.125268,24,quasibinomial (logit),Student,-0.172768746943147,0.298333894501891,0.569316487937138,-0.757503180166852,0.411965686280559,0.636408863474949,0.60073234929303,38,407885.513109
racethn_combn,NHAsian,2017-2020,3.2,WTMEC.COMBN,age+gender,employ_status,liver_cap_any,984,13351061.125268,24,quasibinomial (logit),Unemployed,-0.0998510509564977,0.200363213524438,0.623956924028247,-0.492562949464396,0.292860847551401,0.636408863474949,0.60073234929303,284,3826844.082888
racethn_combn,NHW,2017-2020,3.2,WTMEC.COMBN,age+gender,employ_status,liver_cap_any,2749,141252357.519134,25,quasibinomial (logit),Full-time employed (Intercept),-1.15067277063666,0.228831724122493,6.43791963336773e-05,-1.59918294991675,-0.702162591356576,1.07394150046967,0.382551167770008,1137,74780198.948413
racethn_combn,NHW,2017-2020,3.2,WTMEC.COMBN,age+gender,employ_status,liver_cap_any,2749,141252357.519134,25,quasibinomial (logit),Part-time employed,-0.130922774581306,0.192589686024222,0.504423240145466,-0.508398559188781,0.246553010026169,1.07394150046967,0.382551167770008,327,16012988.174939
racethn_combn,NHW,2017-2020,3.2,WTMEC.COMBN,age+gender,employ_status,liver_cap_any,2749,141252357.519134,25,quasibinomial (logit),Student,-0.495126128380179,0.392248293017129,0.22137036527565,-1.26393278269375,0.273680525933394,1.07394150046967,0.382551167770008,52,1886169.055963
racethn_combn,NHW,2017-2020,3.2,WTMEC.COMBN,age+gender,employ_status,liver_cap_any,2749,141252357.519134,25,quasibinomial (logit),Unemployed,-0.17856647866905,0.136012171369845,0.20409206341567,-0.445150334553947,0.0880173772158474,1.07394150046967,0.382551167770008,1233,48573001.339819
racethn_combn,Other/Multi-Racial,2017-2020,3.2,WTMEC.COMBN,age+gender,employ_status,liver_cap_any,406,9364000.235319,25,quasibinomial (logit),Full-time employed (Intercept),-1.33182253793868,0.45786600588901,0.00868249416457369,-2.22923990948114,-0.434405166396217,0.602282416774856,0.621070865671789,182,4887161.474849
racethn_combn,Other/Multi-Racial,2017-2020,3.2,WTMEC.COMBN,age+gender,employ_status,liver_cap_any,406,9364000.235319,25,quasibinomial (logit),Part-time employed,0.0684589842816198,0.602606309300765,0.910683723902627,-1.11264938194788,1.24956735051112,0.602282416774856,0.621070865671789,50,1229428.461053
racethn_combn,Other/Multi-Racial,2017-2020,3.2,WTMEC.COMBN,age+gender,employ_status,liver_cap_any,406,9364000.235319,25,quasibinomial (logit),Student,0.590475438177354,0.618083901725354,0.350815341052509,-0.62096900920434,1.80191988555905,0.602282416774856,0.621070865671789,12,135304.514984
racethn_combn,Other/Multi-Racial,2017-2020,3.2,WTMEC.COMBN,age+gender,employ_status,liver_cap_any,406,9364000.235319,25,quasibinomial (logit),Unemployed,-0.349488278278318,0.293069117983481,0.247017721302297,-0.92390374952594,0.224927192969304,0.602282416774856,0.621070865671789,162,3112105.784433
racethn_combn,Mexican-American,2017-2020,3.2,WTMEC.COMBN,age+gender,employ_status,liver_cap_any,979,19856003.825216,20,quasibinomial (logit),Full-time employed (Intercept),-0.0995081857155529,0.317748391796504,0.75846631348612,-0.7222950336367,0.523278662205594,5.95898163436674,0.00695974686153546,527,11701939.197465
racethn_combn,Mexican-American,2017-2020,3.2,WTMEC.COMBN,age+gender,employ_status,liver_cap_any,979,19856003.825216,20,quasibinomial (logit),Part-time employed,-0.793951091532607,0.209247323711622,0.00176359517496127,-1.20407584600739,-0.383826337057829,5.95898163436674,0.00695974686153546,109,2594783.26857
racethn_combn,Mexican-American,2017-2020,3.2,WTMEC.COMBN,age+gender,employ_status,liver_cap_any,979,19856003.825216,20,quasibinomial (logit),Student,-1.33389343671557,0.788260731942911,0.11127046702569,-2.87888447132367,0.21109759789254,5.95898163436674,0.00695974686153546,21,409518.359768
racethn_combn,Mexican-American,2017-2020,3.2,WTMEC.COMBN,age+gender,employ_status,liver_cap_any,979,19856003.825216,20,quasibinomial (logit),Unemployed,-0.319578494033643,0.113614037493769,0.0131153078742949,-0.542262007521431,-0.0968949805458551,5.95898163436674,0.00695974686153546,322,5149762.999413
racethn_combn,NHB,2017-2020,3.2,WTMEC.COMBN,age+gender,employ_status,liver_cap_any,2127,25552020.6371,25,quasibinomial (logit),Full-time employed (Intercept),-0.787972024048206,0.172646732859074,0.000188453457264348,-1.12635962045199,-0.449584427644421,1.21948777466025,0.328510269769424,1030,14027826.656303
racethn_combn,NHB,2017-2020,3.2,WTMEC.COMBN,age+gender,employ_status,liver_cap_any,2127,25552020.6371,25,quasibinomial (logit),Part-time employed,-0.150267892359665,0.184370780933857,0.424654319658496,-0.511634622990025,0.211098838270695,1.21948777466025,0.328510269769424,201,2348962.382662
racethn_combn,NHB,2017-2020,3.2,WTMEC.COMBN,age+gender,employ_status,liver_cap_any,2127,25552020.6371,25,quasibinomial (logit),Student,-0.117528436865971,0.415124513421861,0.779997499719705,-0.931172483172819,0.696115609440878,1.21948777466025,0.328510269769424,31,299351.445495
racethn_combn,NHB,2017-2020,3.2,WTMEC.COMBN,age+gender,employ_status,liver_cap_any,2127,25552020.6371,25,quasibinomial (logit),Unemployed,-0.246676649011567,0.137223649594379,0.0873522899808277,-0.51563500221655,0.0222817041934172,1.21948777466025,0.328510269769424,865,8875880.15264
racethn_combn,Other Hispanic,2017-2020,3.2,WTMEC.COMBN,age+gender,employ_status,liver_cap_any,849,17546368.491647,24,quasibinomial (logit),Full-time employed (Intercept),-1.06402089204217,0.217271099446455,0.000100057766646658,-1.48987224695722,-0.638169537127122,0.277556440791552,0.840874147874699,436,10547338.897575
racethn_combn,Other Hispanic,2017-2020,3.2,WTMEC.COMBN,age+gender,employ_status,liver_cap_any,849,17546368.491647,24,quasibinomial (logit),Part-time employed,-0.290189549634238,0.366764565751162,0.438584714678898,-1.00904809850651,0.428668999238039,0.277556440791552,0.840874147874699,67,1330436.875607
racethn_combn,Other Hispanic,2017-2020,3.2,WTMEC.COMBN,age+gender,employ_status,liver_cap_any,849,17546368.491647,24,quasibinomial (logit),Student,-0.583700556824975,0.815158083021332,0.48266423451844,-2.18141039954678,1.01400928589684,0.277556440791552,0.840874147874699,14,338404.414067
racethn_combn,Other Hispanic,2017-2020,3.2,WTMEC.COMBN,age+gender,employ_status,liver_cap_any,849,17546368.491647,24,quasibinomial (logit),Unemployed,-0.0421280406853363,0.185901373239524,0.823143358334589,-0.406494732234803,0.32223865086413,0.277556440791552,0.840874147874699,332,5330188.304398
racethn_combn,NHAsian,2017-2020,3.2,WTMEC.COMBN,age+gender,employ_status,liver_cap_mod_sev,984,13351061.125268,24,quasibinomial (logit),Full-time employed (Intercept),-1.56678162249354,0.188741104376633,9.63761039280832e-08,-1.93671418707174,-1.19684905791534,0.786656540131161,0.516125948336305,555,7506513.057293
racethn_combn,NHAsian,2017-2020,3.2,WTMEC.COMBN,age+gender,employ_status,liver_cap_mod_sev,984,13351061.125268,24,quasibinomial (logit),Part-time employed,-0.267463444197948,0.23362291691444,0.266488272235375,-0.725364361350249,0.190437472954354,0.786656540131161,0.516125948336305,107,1609818.471978
racethn_combn,NHAsian,2017-2020,3.2,WTMEC.COMBN,age+gender,employ_status,liver_cap_mod_sev,984,13351061.125268,24,quasibinomial (logit),Student,-0.256320449376919,0.399986285873603,0.529291785863134,-1.04029356968918,0.527652670935343,0.786656540131161,0.516125948336305,38,407885.513109
racethn_combn,NHAsian,2017-2020,3.2,WTMEC.COMBN,age+gender,employ_status,liver_cap_mod_sev,984,13351061.125268,24,quasibinomial (logit),Unemployed,-0.166119129412015,0.209272731301394,0.437118398414718,-0.576293682762747,0.244055423938717,0.786656540131161,0.516125948336305,284,3826844.082888
racethn_combn,NHW,2017-2020,3.2,WTMEC.COMBN,age+gender,employ_status,liver_cap_mod_sev,2749,141252357.519134,25,quasibinomial (logit),Full-time employed (Intercept),-1.60878814479815,0.225668898036186,6.59446527977512e-07,-2.05109918494908,-1.16647710464723,0.528117758777874,0.66807531943891,1137,74780198.948413
racethn_combn,NHW,2017-2020,3.2,WTMEC.COMBN,age+gender,employ_status,liver_cap_mod_sev,2749,141252357.519134,25,quasibinomial (logit),Part-time employed,-0.0884880698794462,0.177540287498843,0.623631127670484,-0.436467033377178,0.259490893618285,0.528117758777874,0.66807531943891,327,16012988.174939
racethn_combn,NHW,2017-2020,3.2,WTMEC.COMBN,age+gender,employ_status,liver_cap_mod_sev,2749,141252357.519134,25,quasibinomial (logit),Student,-0.656215383336916,0.538147939757427,0.236880221133618,-1.71098534526147,0.398554578587641,0.528117758777874,0.66807531943891,52,1886169.055963
racethn_combn,NHW,2017-2020,3.2,WTMEC.COMBN,age+gender,employ_status,liver_cap_mod_sev,2749,141252357.519134,25,quasibinomial (logit),Unemployed,-0.00805597641364931,0.123966690324967,0.94883111282902,-0.251030689450585,0.234918736623287,0.528117758777874,0.66807531943891,1233,48573001.339819
racethn_combn,Other/Multi-Racial,2017-2020,3.2,WTMEC.COMBN,age+gender,employ_status,liver_cap_mod_sev,406,9364000.235319,25,quasibinomial (logit),Full-time employed (Intercept),-1.60647286627252,0.416204195247256,0.000976228584567865,-2.42223308895715,-0.790712643587902,0.410433536316416,0.747253618506047,182,4887161.474849
racethn_combn,Other/Multi-Racial,2017-2020,3.2,WTMEC.COMBN,age+gender,employ_status,liver_cap_mod_sev,406,9364000.235319,25,quasibinomial (logit),Part-time employed,-0.153900902398803,0.592106730123989,0.797581790239337,-1.31443009344182,1.00662828864422,0.410433536316416,0.747253618506047,50,1229428.461053
racethn_combn,Other/Multi-Racial,2017-2020,3.2,WTMEC.COMBN,age+gender,employ_status,liver_cap_mod_sev,406,9364000.235319,25,quasibinomial (logit),Student,0.0343417811914858,0.718259851553862,0.962339927409402,-1.37344752785408,1.44213109023706,0.410433536316416,0.747253618506047,12,135304.514984
racethn_combn,Other/Multi-Racial,2017-2020,3.2,WTMEC.COMBN,age+gender,employ_status,liver_cap_mod_sev,406,9364000.235319,25,quasibinomial (logit),Unemployed,-0.32971001634781,0.32824313096151,0.327151562257337,-0.97306655303237,0.31364652033675,0.410433536316416,0.747253618506047,162,3112105.784433
racethn_combn,Mexican-American,2017-2020,3.2,WTMEC.COMBN,age+gender,employ_status,liver_cap_mod_sev,979,19856003.825216,20,quasibinomial (logit),Full-time employed (Intercept),-0.503255777087186,0.332957320929548,0.151447162817243,-1.1558521261091,0.149340571934727,2.82159145299914,0.0744533374858767,527,11701939.197465
racethn_combn,Mexican-American,2017-2020,3.2,WTMEC.COMBN,age+gender,employ_status,liver_cap_mod_sev,979,19856003.825216,20,quasibinomial (logit),Part-time employed,-0.643021980642937,0.238612564448671,0.0166300346560773,-1.11070260696233,-0.175341354323541,2.82159145299914,0.0744533374858767,109,2594783.26857
racethn_combn,Mexican-American,2017-2020,3.2,WTMEC.COMBN,age+gender,employ_status,liver_cap_mod_sev,979,19856003.825216,20,quasibinomial (logit),Student,-0.855127783879649,0.742694991083228,0.267596745826725,-2.31080996640278,0.600554398643478,2.82159145299914,0.0744533374858767,21,409518.359768
racethn_combn,Mexican-American,2017-2020,3.2,WTMEC.COMBN,age+gender,employ_status,liver_cap_mod_sev,979,19856003.825216,20,quasibinomial (logit),Unemployed,-0.17863906371105,0.134110623279402,0.202737132932129,-0.441495885338678,0.0842177579165772,2.82159145299914,0.0744533374858767,322,5149762.999413
racethn_combn,NHB,2017-2020,3.2,WTMEC.COMBN,age+gender,employ_status,liver_cap_mod_sev,2127,25552020.6371,25,quasibinomial (logit),Full-time employed (Intercept),-1.25857935843399,0.151528138851612,6.49670032875192e-08,-1.55557451058315,-0.961584206284834,1.00957755205357,0.409145108911453,1030,14027826.656303
racethn_combn,NHB,2017-2020,3.2,WTMEC.COMBN,age+gender,employ_status,liver_cap_mod_sev,2127,25552020.6371,25,quasibinomial (logit),Part-time employed,-0.0756341662854016,0.178615839593335,0.676488784604556,-0.425721211888339,0.274452879317536,1.00957755205357,0.409145108911453,201,2348962.382662
racethn_combn,NHB,2017-2020,3.2,WTMEC.COMBN,age+gender,employ_status,liver_cap_mod_sev,2127,25552020.6371,25,quasibinomial (logit),Student,-1.05202781881961,0.699499702071503,0.148216878650719,-2.42304723487975,0.318991597240539,1.00957755205357,0.409145108911453,31,299351.445495
racethn_combn,NHB,2017-2020,3.2,WTMEC.COMBN,age+gender,employ_status,liver_cap_mod_sev,2127,25552020.6371,25,quasibinomial (logit),Unemployed,-0.171543032222389,0.132512422323342,0.210225461189341,-0.431267379976139,0.0881813155313612,1.00957755205357,0.409145108911453,865,8875880.15264
racethn_combn,Other Hispanic,2017-2020,3.2,WTMEC.COMBN,age+gender,employ_status,liver_cap_mod_sev,849,17546368.491647,24,quasibinomial (logit),Full-time employed (Intercept),-1.35373352283019,0.179780144483542,4.07061536642461e-07,-1.70610260601793,-1.00136443964245,1.22634243163507,0.327524582249793,436,10547338.897575
racethn_combn,Other Hispanic,2017-2020,3.2,WTMEC.COMBN,age+gender,employ_status,liver_cap_mod_sev,849,17546368.491647,24,quasibinomial (logit),Part-time employed,-0.641481088414636,0.375952315605138,0.104248281755127,-1.37834762700071,0.0953854501714338,1.22634243163507,0.327524582249793,67,1330436.875607
racethn_combn,Other Hispanic,2017-2020,3.2,WTMEC.COMBN,age+gender,employ_status,liver_cap_mod_sev,849,17546368.491647,24,quasibinomial (logit),Student,-0.637556629048388,0.848926402700866,0.461844621802579,-2.30145237834209,1.02633912024531,1.22634243163507,0.327524582249793,14,338404.414067
racethn_combn,Other Hispanic,2017-2020,3.2,WTMEC.COMBN,age+gender,employ_status,liver_cap_mod_sev,849,17546368.491647,24,quasibinomial (logit),Unemployed,-0.0733409079463111,0.155147717281988,0.6418002107403,-0.377430433819008,0.230748617926386,1.22634243163507,0.327524582249793,332,5330188.304398
